district_id,year,month,temp_c,rh,province_name.x,district_name.x,lambda_import,q_import_month,days_in_month,province_name.y,district_name.y,species,p_local_major,p_establishment,q_extinction,lambda_local_i1,p_month_major
TUR.10.4_1,2025,1,2.7727157944429885,76.6627035987201,Artvin,Hopa,9.743674345105856e-4,9.42891771906762e-5,31,Artvin,Hopa,aegypti,0,0,1,0,0
TUR.10.4_1,2025,2,3.4530387025408666,78.01872972929112,Artvin,Hopa,7.288563279005163e-4,7.808870033665372e-5,28,Artvin,Hopa,aegypti,0,0,1,0,0
TUR.10.4_1,2025,3,3.8387143799268144,80.33849302445594,Artvin,Hopa,8.947319176980554e-4,8.658321123466983e-5,31,Artvin,Hopa,aegypti,0,0,1,0,0
TUR.10.4_1,2025,4,8.20473734070273,78.41148624138377,Artvin,Hopa,0.0011831183965598066,1.1830484108632522e-4,30,Artvin,Hopa,aegypti,0,0,1,0,0
TUR.10.4_1,2025,5,13.103286630967084,84.1166521144556,Artvin,Hopa,0.0016536866821037998,1.600213902536174e-4,31,Artvin,Hopa,aegypti,0,0,1,0,0
TUR.10.4_1,2025,6,17.328715885386746,85.52858339148244,Artvin,Hopa,0.0018600185588174033,1.859845586089648e-4,30,Artvin,Hopa,aegypti,0,0,1,0.007363873306534253,0
TUR.10.4_1,2025,7,20.174097117255716,89.0994218122265,Artvin,Hopa,0.0021842835273149603,2.1135993717757984e-4,31,Artvin,Hopa,aegypti,1.5289436383625343e-15,1.5289436383625343e-15,0.9999999999999984,0.05698867139326101,0
TUR.10.4_1,2025,8,21.26083469390869,91.83991493396837,Artvin,Hopa,0.0025936990027107935,2.5097163064458083e-4,31,Artvin,Hopa,aegypti,2.587243267515582e-9,2.587243267515582e-9,0.9999999974127567,0.09694983395205078,6.710521027741834e-12
TUR.10.4_1,2025,9,16.832815703223734,89.47135575471722,Artvin,Hopa,0.0020673033541503912,2.0670896817165385e-4,30,Artvin,Hopa,aegypti,0,0,1,0.004403054681276422,0
TUR.10.4_1,2025,10,14.24745183832505,84.5692496184529,Artvin,Hopa,0.002037241177953561,1.9713293880829763e-4,31,Artvin,Hopa,aegypti,0,0,1,0,0
TUR.10.4_1,2025,11,8.906155396910275,82.83230937593409,Artvin,Hopa,0.0011817009308276337,1.1816311127232915e-4,30,Artvin,Hopa,aegypti,0,0,1,0,0
TUR.10.4_1,2025,12,4.970334209501743,70.2164687695517,Artvin,Hopa,9.719675696141759e-4,9.405695407194159e-5,31,Artvin,Hopa,aegypti,0,0,1,0,0
TUR.10.4_1,2026,1,1.8115797676693868,80.1125327002826,Artvin,Hopa,0.001108895228430962,1.073066836869696e-4,31,Artvin,Hopa,aegypti,0,0,1,0,0
TUR.10.4_1,2026,2,3.0632181268267553,77.09554247343175,Artvin,Hopa,8.294871889130389e-4,8.886967823973357e-5,28,Artvin,Hopa,aegypti,0,0,1,0,0
TUR.10.4_1,2026,3,6.078476447721615,72.78224149857704,Artvin,Hopa,0.0010182646906283473,9.853688917615955e-5,31,Artvin,Hopa,aegypti,0,0,1,0,0
TUR.10.4_1,2026,4,11.10763279129477,72.5617624254658,Artvin,Hopa,0.0013464677678529362,1.3463771231492228e-4,30,Artvin,Hopa,aegypti,0,0,1,0,0
TUR.10.4_1,2026,5,17.62525261149687,75.90224323994389,Artvin,Hopa,0.001882005910866483,1.821130196878462e-4,31,Artvin,Hopa,aegypti,0,0,1,0.008506474890853146,0
TUR.10.4_1,2026,6,16.925881946788113,87.71531282263479,Artvin,Hopa,0.002116825369581095,2.1166013379070314e-4,30,Artvin,Hopa,aegypti,0,0,1,0.004759610887651774,0
TUR.10.4_1,2026,7,21.25227170832017,81.73313458078118,Artvin,Hopa,0.002485860564702192,2.4053821746583548e-4,31,Artvin,Hopa,aegypti,4.025330319068488e-11,4.025330319068488e-11,0.9999999999597466,0.08233305955640435,1.000310945187266e-13
TUR.10.4_1,2026,8,19.769139289855957,83.774881974984,Artvin,Hopa,0.0029518027247460283,2.856175317457188e-4,31,Artvin,Hopa,aegypti,0,0,1,0.042986540877991426,0
TUR.10.4_1,2026,9,22.450978812049417,74.76035721956097,Artvin,Hopa,0.002352729313339738,2.352452568282759e-4,30,Artvin,Hopa,aegypti,1.6022998928433285e-7,1.6022998928433285e-7,0.9999998397700107,0.11081375922146096,3.769777823237064e-10
TUR.10.4_1,2026,10,13.548200663398292,83.82819126884353,Artvin,Hopa,0.0023185165486677953,2.2434739958354655e-4,31,Artvin,Hopa,aegypti,0,0,1,0,0
TUR.10.4_1,2026,11,11.63870077273425,75.7367817270083,Artvin,Hopa,0.0013448545971627025,1.3447641695218948e-4,30,Artvin,Hopa,aegypti,0,0,1,0,0
TUR.10.4_1,2026,12,6.568831123411655,70.75977321291107,Artvin,Hopa,0.0011061640218673475,1.0704240170167356e-4,31,Artvin,Hopa,aegypti,0,0,1,0,0
TUR.10.4_1,2027,1,2.6312952512491714,82.39309605477479,Artvin,Hopa,0.0010556501373488653,1.0215447258765664e-4,31,Artvin,Hopa,aegypti,0,0,1,0,0
TUR.10.4_1,2027,2,4.10417414718198,76.04988817655675,Artvin,Hopa,7.896582494490282e-4,8.460266200527311e-5,28,Artvin,Hopa,aegypti,0,0,1,0,0
TUR.10.4_1,2027,3,5.848443526884212,74.95265165482704,Artvin,Hopa,9.693713463266454e-4,9.380573025696837e-5,31,Artvin,Hopa,aegypti,0,0,1,0,0
TUR.10.4_1,2027,4,10.344501649632173,68.8018976183369,Artvin,Hopa,0.0012818153127784574,1.2817331637637874e-4,30,Artvin,Hopa,aegypti,0,0,1,0,0
TUR.10.4_1,2027,5,14.772794611313763,81.68725453144779,Artvin,Hopa,0.0017916388738625276,1.733693769403466e-4,31,Artvin,Hopa,aegypti,0,0,1,2.8077521692897637e-6,0
TUR.10.4_1,2027,6,16.155334079966824,90.16433320837697,Artvin,Hopa,0.0020151831614459593,2.0149801269253587e-4,30,Artvin,Hopa,aegypti,0,0,1,0.0016389335144934589,0
TUR.10.4_1,2027,7,20.839901026557474,91.30192883126946,Artvin,Hopa,0.00236649863691011,2.2898977495866557e-4,31,Artvin,Hopa,aegypti,1.6273837832869732e-11,1.6273837832869732e-11,0.9999999999837261,0.08047148540244019,3.852473895449293e-14
TUR.10.4_1,2027,8,21.258151054382324,90.72874702625353,Artvin,Hopa,0.0028100679594536657,2.7190508770169597e-4,31,Artvin,Hopa,aegypti,1.5500416901126358e-9,1.5500416901126358e-9,0.9999999984499583,0.09488097260362974,4.355737992511877e-12
TUR.10.4_1,2027,9,20.6839461887584,89.09328110872113,Artvin,Hopa,0.002239759861070071,2.2395090535831663e-4,30,Artvin,Hopa,aegypti,1.144591366131209e-12,1.144591366131209e-12,0.9999999999988554,0.07275185077081896,2.55351295663786e-15
TUR.10.4_1,2027,10,13.879729327033546,86.98307560722243,Artvin,Hopa,0.0022071898681626932,2.135762088532056e-4,31,Artvin,Hopa,aegypti,0,0,1,0,0
TUR.10.4_1,2027,11,8.96229581973132,80.0199848520083,Artvin,Hopa,0.001280279600641683,1.280197648346748e-4,30,Artvin,Hopa,aegypti,0,0,1,0,0
TUR.10.4_1,2027,12,5.528267063200474,73.32498164796966,Artvin,Hopa,0.0010530500733301146,1.0190287916145291e-4,31,Artvin,Hopa,aegypti,0,0,1,0,0
TUR.10.4_1,2028,1,3.0632868880022537,78.05544957039979,Artvin,Hopa,0.0010027408839224422,9.703473220534775e-5,31,Artvin,Hopa,aegypti,0,0,1,0,0
TUR.10.4_1,2028,2,4.153016577296726,79.47307543241612,Artvin,Hopa,7.768691169545937e-4,8.036254147736344e-5,29,Artvin,Hopa,aegypti,0,0,1,0,0
TUR.10.4_1,2028,3,7.739366073270931,67.88737455521766,Artvin,Hopa,9.207863915082671e-4,8.910439043652296e-5,31,Artvin,Hopa,aegypti,0,0,1,0,0
TUR.10.4_1,2028,4,10.642464792027193,76.00086459831736,Artvin,Hopa,0.0012175706460747834,1.2174965251687819e-4,30,Artvin,Hopa,aegypti,0,0,1,0,0
TUR.10.4_1,2028,5,15.21073330149931,73.89347706562748,Artvin,Hopa,0.0017018418171748945,1.6468080803089258e-4,31,Artvin,Hopa,aegypti,0,0,1,9.791975620001738e-5,0
TUR.10.4_1,2028,6,17.909264171824734,86.30735383825979,Artvin,Hopa,0.0019141820505500973,1.9139988575933575e-4,30,Artvin,Hopa,aegypti,0,0,1,0.012788457294939102,0
TUR.10.4_1,2028,7,20.41263204462388,88.21127636544915,Artvin,Hopa,0.0022478895715733593,2.1751404086489678e-4,31,Artvin,Hopa,aegypti,2.839278812061252e-14,2.839278812061252e-14,0.9999999999999716,0.06348412647223457,1.1102230246251565e-16
TUR.10.4_1,2028,8,20.729853630065918,88.99398292713244,Artvin,Hopa,0.002669227170870439,2.582789471069491e-4,31,Artvin,Hopa,aegypti,1.910795799364706e-12,1.910795799364706e-12,0.9999999999980892,0.07411874126270368,5.10702591327572e-15
TUR.10.4_1,2028,9,18.396689947913675,85.1749156302055,Artvin,Hopa,0.002127502951407467,2.1272766540159083e-4,30,Artvin,Hopa,aegypti,0,0,1,0.018671282015790533,0
TUR.10.4_1,2028,10,13.963743265937355,84.63095616142165,Artvin,Hopa,0.0020965653686593508,2.028728412949432e-4,31,Artvin,Hopa,aegypti,0,0,1,0,0
TUR.10.4_1,2028,11,9.696109105558957,78.15791667573878,Artvin,Hopa,0.0012161119039300167,1.2160379605197225e-4,30,Artvin,Hopa,aegypti,0,0,1,0,0
TUR.10.4_1,2028,12,3.9012750759720802,76.00812526369232,Artvin,Hopa,0.0010002711352811312,9.679574743581831e-5,31,Artvin,Hopa,aegypti,0,0,1,0,0
TUR.10.4_1,2029,1,-0.06905628502478489,81.89533909676697,Artvin,Hopa,9.467095423083084e-4,9.161285576742006e-5,31,Artvin,Hopa,aegypti,0,0,1,0,0
TUR.10.4_1,2029,2,1.2513954032294672,74.52103380643956,Artvin,Hopa,7.081673875336355e-4,7.587219879490181e-5,28,Artvin,Hopa,aegypti,0,0,1,0,0
TUR.10.4_1,2029,3,4.555977363248958,74.16633573685829,Artvin,Hopa,8.693345182641761e-4,8.412560817139259e-5,31,Artvin,Hopa,aegypti,0,0,1,0,0
TUR.10.4_1,2029,4,7.5291644685408645,80.99514255241893,Artvin,Hopa,0.0011495350070543698,1.1494689380497913e-4,30,Artvin,Hopa,aegypti,0,0,1,0,0
TUR.10.4_1,2029,5,15.89919651255888,82.47756062275639,Artvin,Hopa,0.0016067459835849276,1.5547945861449364e-4,31,Artvin,Hopa,aegypti,0,0,1,8.684154182671399e-4,0
TUR.10.4_1,2029,6,18.625439251170437,88.45271669226369,Artvin,Hopa,0.001807221029905893,1.8070577373507923e-4,30,Artvin,Hopa,aegypti,0,0,1,0.023034465160167227,0
TUR.10.4_1,2029,7,20.593732889960794,87.38492901437493,Artvin,Hopa,0.0021222815800023102,2.0536099892998205e-4,31,Artvin,Hopa,aegypti,1.9365370418356064e-13,1.9365370418356064e-13,0.9999999999998064,0.06806428944995394,4.440892098500626e-16
TUR.10.4_1,2029,8,23.094706535339355,87.40546669178087,Artvin,Hopa,0.0025200755985602214,2.4384854784031962e-4,31,Artvin,Hopa,aegypti,0.0025829017688255938,0.0025829017688255938,0.9974170982311744,0.16648452561650406,6.5090865368766515e-6
TUR.10.4_1,2029,9,20.609277304481058,82.10453446565472,Artvin,Hopa,0.0020086219457890607,2.0084202311887456e-4,30,Artvin,Hopa,aegypti,2.808203669601994e-14,2.808203669601994e-14,0.9999999999999719,0.0630911049168512,1.1102230246251565e-16
TUR.10.4_1,2029,10,15.26201539881089,82.56282566825759,Artvin,Hopa,0.0019794130990439026,1.9153776065961026e-4,31,Artvin,Hopa,aegypti,0,0,1,1.4154755756466821e-4,0
TUR.10.4_1,2029,11,8.696533967466916,78.67714274995753,Artvin,Hopa,0.0011481577767744834,1.1480918659834138e-4,30,Artvin,Hopa,aegypti,0,0,1,0,0
TUR.10.4_1,2029,12,2.803877867758274,84.50752254152435,Artvin,Hopa,9.443777987409313e-4,9.138722381141218e-5,31,Artvin,Hopa,aegypti,0,0,1,0,0
TUR.10.4_1,2030,1,2.0812694007147323,81.11514195321229,Artvin,Hopa,0.001118426643710194,1.0822897930951036e-4,31,Artvin,Hopa,aegypti,0,0,1,0,0
TUR.10.4_1,2030,2,3.3394844632677954,79.3242183157169,Artvin,Hopa,8.366169759872602e-4,8.963351581781076e-5,28,Artvin,Hopa,aegypti,0,0,1,0,0
TUR.10.4_1,2030,3,6.097055930753841,81.20865598832313,Artvin,Hopa,0.0010270170987745075,9.938381259599893e-5,31,Artvin,Hopa,aegypti,0,0,1,0,0
TUR.10.4_1,2030,4,9.553248559727388,75.92681369499705,Artvin,Hopa,0.0013580412178295096,1.357949008206072e-4,30,Artvin,Hopa,aegypti,0,0,1,0,0
TUR.10.4_1,2030,5,14.085527307846966,82.1176286769556,Artvin,Hopa,0.0018981825337200404,1.8367821299947185e-4,31,Artvin,Hopa,aegypti,0,0,1,0,0
TUR.10.4_1,2030,6,16.334979618296902,87.55794130163869,Artvin,Hopa,0.0021350203632592973,2.1347924638814852e-4,30,Artvin,Hopa,aegypti,0,0,1,0.002117700280177354,0
TUR.10.4_1,2030,7,21.730730112861185,88.12659771554681,Artvin,Hopa,0.002507227569231527,2.4260549258159347e-4,31,Artvin,Hopa,aegypti,6.500396824254961e-8,6.500396824254961e-8,0.9999999349960318,0.10913613294522893,1.6297974081425082e-10
TUR.10.4_1,2030,8,21.35123348236084,88.89104713611681,Artvin,Hopa,0.002977174695758774,2.8807217947413033e-4,31,Artvin,Hopa,aegypti,1.9693506631557334e-9,1.9693506631557334e-9,0.9999999980306493,0.09571350332793213,5.863087793045452e-12
TUR.10.4_1,2030,9,17.787962492774515,89.38860734163129,Artvin,Hopa,0.002372951999442187,2.3726704766513507e-4,30,Artvin,Hopa,aegypti,0,0,1,0.0120772156367431,0
TUR.10.4_1,2030,10,15.952996310065773,89.45556401054274,Artvin,Hopa,0.0023384451618410993,2.2627554052168097e-4,31,Artvin,Hopa,aegypti,0,0,1,0.0010939256831204352,0
TUR.10.4_1,2030,11,8.339932252379025,80.52697337739893,Artvin,Hopa,0.0013564141812668553,1.3563221924539626e-4,30,Artvin,Hopa,aegypti,0,0,1,0,0
TUR.10.4_1,2030,12,7.568289913237095,68.54917903566498,Artvin,Hopa,0.001115671961291238,1.0796242595634276e-4,31,Artvin,Hopa,aegypti,0,0,1,0,0
TUR.10.4_1,2031,1,7.0872639292467605,75.07182988045838,Artvin,Hopa,0.0010699069054101512,1.0353401792650985e-4,31,Artvin,Hopa,aegypti,0,0,1,0,0
TUR.10.4_1,2031,2,-0.005418528980739801,82.81417040311925,Artvin,Hopa,8.003227434056613e-4,8.574518903603501e-5,28,Artvin,Hopa,aegypti,0,0,1,0,0
TUR.10.4_1,2031,3,4.4884350487195395,71.35575834428016,Artvin,Hopa,9.824629019101485e-4,9.507253534357663e-5,31,Artvin,Hopa,aegypti,0,0,1,0,0
TUR.10.4_1,2031,4,9.802941953434663,78.92804202751658,Artvin,Hopa,0.0012991264871582392,1.2990421043312939e-4,30,Artvin,Hopa,aegypti,0,0,1,0,0
TUR.10.4_1,2031,5,15.473847277024213,84.3760515285181,Artvin,Hopa,0.0018158353182814988,1.7571055963438997e-4,31,Artvin,Hopa,aegypti,0,0,1,3.0723188201331155e-4,0
TUR.10.4_1,2031,6,18.34330996345071,82.86524568396291,Artvin,Hopa,0.0020423986165643525,2.0421900611578003e-4,30,Artvin,Hopa,aegypti,0,0,1,0.01731929949590887,0
TUR.10.4_1,2031,7,19.880952891181497,89.76913769357415,Artvin,Hopa,0.0023984586783955468,2.3208196917312574e-4,31,Artvin,Hopa,aegypti,3.441691376337985e-17,3.441691376337985e-17,1,0.05011288429116452,0
TUR.10.4_1,2031,8,22.842034339904785,86.93377174549181,Artvin,Hopa,0.002848018494121329,2.7557671473921186e-4,31,Artvin,Hopa,aegypti,4.173178249802029e-4,4.173178249802029e-4,0.9995826821750198,0.15323969998842696,1.1885281772094913e-6
TUR.10.4_1,2031,9,18.73101573831895,87.38796647249066,Artvin,Hopa,0.002270008269820764,2.269750642437396e-4,30,Artvin,Hopa,aegypti,0,0,1,0.024460978532383527,0
TUR.10.4_1,2031,10,17.133945521186376,80.60846470634353,Artvin,Hopa,0.0022369984125888247,2.1646028643818038e-4,31,Artvin,Hopa,aegypti,0,0,1,0.005489311524316272,0
TUR.10.4_1,2031,11,7.03617220065173,83.1657596933169,Artvin,Hopa,0.0012975700349192583,1.2974858541603407e-4,30,Artvin,Hopa,aegypti,0,0,1,0,0
TUR.10.4_1,2031,12,6.346404708921909,68.79244990968841,Artvin,Hopa,0.001067271727002316,1.0327902703166636e-4,31,Artvin,Hopa,aegypti,0,0,1,0,0
TUR.10.4_1,2032,1,3.420297610162593,80.62798222420838,Artvin,Hopa,9.436807622012001e-4,9.131977482468301e-5,31,Artvin,Hopa,aegypti,0,0,1,0,0
TUR.10.4_1,2032,2,2.7858077388338964,84.3694072195255,Artvin,Hopa,7.311125457960161e-4,7.562947227102157e-5,29,Artvin,Hopa,aegypti,0,0,1,0,0
TUR.10.4_1,2032,3,3.038943547865047,83.96775022660438,Artvin,Hopa,8.665532818049753e-4,8.385647886233194e-5,31,Artvin,Hopa,aegypti,0,0,1,0,0
TUR.10.4_1,2032,4,8.550466691746431,76.36912784294627,Artvin,Hopa,0.0011458573333791879,1.1457916864354711e-4,30,Artvin,Hopa,aegypti,0,0,1,0,0
TUR.10.4_1,2032,5,15.885250933030072,78.6175066066431,Artvin,Hopa,0.0016016055682254366,1.5498207628461547e-4,31,Artvin,Hopa,aegypti,0,0,1,7.984972949577594e-4,0
TUR.10.4_1,2032,6,19.066153133616726,82.75570283728322,Artvin,Hopa,0.001801439240603146,1.801276991179046e-4,30,Artvin,Hopa,aegypti,0,0,1,0.028324765539184883,0
TUR.10.4_1,2032,7,21.228212412665872,90.21097881906243,Artvin,Hopa,0.0021154918267105873,2.0470406075212555e-4,31,Artvin,Hopa,aegypti,8.551821230051715e-10,8.551821230051715e-10,0.9999999991448179,0.09299852902420981,1.8091084186266926e-12
TUR.10.4_1,2032,8,19.789685249328613,89.79706062488634,Artvin,Hopa,0.002512013194517353,2.430685051453274e-4,31,Artvin,Hopa,aegypti,5.440092820663267e-18,5.440092820663267e-18,1,0.04785987995248254,0
TUR.10.4_1,2032,9,19.41162639505723,85.7099726980766,Artvin,Hopa,0.002002195820435688,2.0019953944072633e-4,30,Artvin,Hopa,aegypti,0,0,1,0.03607333093012247,0
TUR.10.4_1,2032,10,14.348957117866066,86.99229191581618,Artvin,Hopa,0.0019730804206983185,1.9092503801387828e-4,31,Artvin,Hopa,aegypti,0,0,1,0,0
TUR.10.4_1,2032,11,3.6267109408098115,88.24026836030909,Artvin,Hopa,0.0011444845092317933,1.1444190194909165e-4,30,Artvin,Hopa,aegypti,0,0,1,0,0
TUR.10.4_1,2032,12,4.711878456175327,72.46118159914154,Artvin,Hopa,9.413564785127152e-4,9.109486466041261e-5,31,Artvin,Hopa,aegypti,0,0,1,0,0
TUR.10.4_1,2033,1,2.293148683904506,79.93535527108338,Artvin,Hopa,0.0010881121453231366,1.0529563137973152e-4,31,Artvin,Hopa,aegypti,0,0,1,0,0
TUR.10.4_1,2033,2,2.1726217370562475,80.64141039335362,Artvin,Hopa,8.139408137983681e-4,8.720414183327474e-5,28,Artvin,Hopa,aegypti,0,0,1,0,0
TUR.10.4_1,2033,3,5.702783126493587,74.81544462357704,Artvin,Hopa,9.99180218850939e-4,9.669018509150806e-5,31,Artvin,Hopa,aegypti,0,0,1,0,0
TUR.10.4_1,2033,4,9.368114625706392,76.47416171745799,Artvin,Hopa,0.0013212320640607108,1.321144785195738e-4,30,Artvin,Hopa,aegypti,0,0,1,0,0
TUR.10.4_1,2033,5,14.300975687363568,79.99907551533451,Artvin,Hopa,0.001846733069706997,1.7870013474852176e-4,31,Artvin,Hopa,aegypti,0,0,1,0,0
TUR.10.4_1,2033,6,19.336762035594266,80.08948884802541,Artvin,Hopa,0.0020771515063947527,2.076935793411394e-4,30,Artvin,Hopa,aegypti,0,0,1,0.0319715374180734,0
TUR.10.4_1,2033,7,20.741363581489114,91.57211620919915,Artvin,Hopa,0.0024392701877341406,2.3603054567145065e-4,31,Artvin,Hopa,aegypti,5.981032669133413e-12,5.981032669133413e-12,0.999999999994019,0.07774577889079445,1.454392162258955e-14
TUR.10.4_1,2033,8,20.70390224456787,90.51702369861681,Artvin,Hopa,0.0028964795889137042,2.8026519471713307e-4,31,Artvin,Hopa,aegypti,2.2755622941517117e-12,2.2755622941517117e-12,0.9999999999977245,0.0745080955913589,6.5503158452884236e-15
TUR.10.4_1,2033,9,17.630489882300882,87.16402085481488,Artvin,Hopa,0.0023086341025428223,2.308367633477859e-4,30,Artvin,Hopa,aegypti,0,0,1,0.010175696092880816,0
TUR.10.4_1,2033,10,14.004682596992042,85.539853561324,Artvin,Hopa,0.0022750625587123936,2.2014310934037606e-4,31,Artvin,Hopa,aegypti,0,0,1,0,0
TUR.10.4_1,2033,11,11.30773382327136,79.33322490327784,Artvin,Hopa,0.0013196491276610237,1.3195620577999279e-4,30,Artvin,Hopa,aegypti,0,0,1,0,0
TUR.10.4_1,2033,12,7.527955211699009,74.3264312329306,Artvin,Hopa,0.0010854321274485351,1.0503630208669179e-4,31,Artvin,Hopa,aegypti,0,0,1,0,0
TUR.10.4_1,2034,1,2.9014723175753128,75.78351506112244,Artvin,Hopa,0.0011076159297379955,1.0718289386490998e-4,31,Artvin,Hopa,aegypti,0,0,1,0,0
TUR.10.4_1,2034,2,3.471599112086765,77.9221187063419,Artvin,Hopa,8.285302347758024e-4,8.876715654593248e-5,28,Artvin,Hopa,aegypti,0,0,1,0,0
TUR.10.4_1,2034,3,4.95432950939764,74.93074003373329,Artvin,Hopa,0.0010170899496299054,9.84232157590359e-5,31,Artvin,Hopa,aegypti,0,0,1,0,0
TUR.10.4_1,2034,4,8.342322026982027,78.83771762566111,Artvin,Hopa,0.0013449143889480845,1.3448239532665163e-4,30,Artvin,Hopa,aegypti,0,0,1,0,0
TUR.10.4_1,2034,5,14.842333681443158,74.5702882838892,Artvin,Hopa,0.0018798346978968561,1.8190294054676315e-4,31,Artvin,Hopa,aegypti,0,0,1,7.4653561517755675e-6,0
TUR.10.4_1,2034,6,17.752832973704617,85.54352937536916,Artvin,Hopa,0.0021143832525450474,2.1141597374718657e-4,30,Artvin,Hopa,aegypti,0,0,1,0.011092858433716076,0
TUR.10.4_1,2034,7,21.009687479804544,94.78009350412103,Artvin,Hopa,0.0024829927029874116,0.00024026074918048757,31,Artvin,Hopa,aegypti,4.406746133556183e-10,4.406746133556183e-10,0.9999999995593254,0.09076153395406239,1.0942358130705543e-12
TUR.10.4_1,2034,8,22.404242515563965,94.62647499256212,Artvin,Hopa,0.002948397319734948,2.852880704945493e-4,31,Artvin,Hopa,aegypti,3.2524256847124577e-4,3.2524256847124577e-4,0.9996747574315288,0.15254649921427935,9.589438573209819e-7
TUR.10.4_1,2034,9,19.345094260047464,84.39038499055707,Artvin,Hopa,0.0023500150410998635,2.349738934194212e-4,30,Artvin,Hopa,aegypti,0,0,1,0.0342527267383639,0
TUR.10.4_1,2034,10,15.88297658808091,80.50563572685134,Artvin,Hopa,0.0023158417466537864,2.2408860581490941e-4,31,Artvin,Hopa,aegypti,0,0,1,8.14121173247985e-4,0
TUR.10.4_1,2034,11,10.381844808073605,78.50331462495753,Artvin,Hopa,0.0013433030793238037,1.343212860205334e-4,30,Artvin,Hopa,aegypti,0,0,1,0,0
TUR.10.4_1,2034,12,5.088896907866001,79.13405604982513,Artvin,Hopa,0.0011048878740843114,1.0691891674108334e-4,31,Artvin,Hopa,aegypti,0,0,1,0,0
TUR.10.4_1,2035,1,3.25796352565179,75.98173436043885,Artvin,Hopa,0.0010714504373884784,1.0368337651245341e-4,31,Artvin,Hopa,aegypti,0,0,1,0,0
TUR.10.4_1,2035,2,5.037542114787571,74.83914141142003,Artvin,Hopa,8.014773520367323e-4,8.586888648864921e-5,28,Artvin,Hopa,aegypti,0,0,1,0,0
TUR.10.4_1,2035,3,3.5717179962598222,82.28731504594032,Artvin,Hopa,9.83880280281061e-4,9.520968794229923e-5,31,Artvin,Hopa,aegypti,0,0,1,0,0
TUR.10.4_1,2035,4,10.434493219151216,75.82954654411814,Artvin,Hopa,0.0013010007093608258,1.3009160828880706e-4,30,Artvin,Hopa,aegypti,0,0,1,0,0
TUR.10.4_1,2035,5,12.896180040696088,83.75161610371342,Artvin,Hopa,0.0018184549853450262,1.7596403122432935e-4,31,Artvin,Hopa,aegypti,0,0,1,0,0
TUR.10.4_1,2035,6,18.266579235301297,83.48253999548635,Artvin,Hopa,0.0020453451416883772,2.0451359841111572e-4,30,Artvin,Hopa,aegypti,0,0,1,0.016246144613536986,0
TUR.10.4_1,2035,7,20.77722173578599,90.08864147775384,Artvin,Hopa,0.0024019188838116253,2.324167499910823e-4,31,Artvin,Hopa,aegypti,5.5291206058072366e-12,5.5291206058072366e-12,0.9999999999944709,0.07722735300335405,1.3322676295501878e-14
TUR.10.4_1,2035,8,20.23568820953369,86.94066871814806,Artvin,Hopa,0.0028521272699394066,2.75974228550635e-4,31,Artvin,Hopa,aegypti,1.5460410729417617e-15,1.5460410729417617e-15,0.9999999999999984,0.05715545710700878,0
TUR.10.4_1,2035,9,20.56753688700059,82.38528092561566,Artvin,Hopa,0.002273283162559392,2.2730247913216317e-4,30,Artvin,Hopa,aegypti,1.9663382033741072e-14,1.9663382033741072e-14,0.9999999999999803,0.06223521448567546,0
TUR.10.4_1,2035,10,13.552136477302101,82.61310337821853,Artvin,Hopa,0.002240225682707223,2.1677253524843287e-4,31,Artvin,Hopa,aegypti,0,0,1,0,0
TUR.10.4_1,2035,11,7.138646413298215,81.64822734468409,Artvin,Hopa,0.0012994420116612432,1.2993575878406105e-4,30,Artvin,Hopa,aegypti,0,0,1,0,0
TUR.10.4_1,2035,12,7.958253063261509,73.49933620119232,Artvin,Hopa,0.001068811457264699,1.0342801778584487e-4,31,Artvin,Hopa,aegypti,0,0,1,0,0
TUR.10.4_1,2036,1,5.890565740465022,74.74159916756776,Artvin,Hopa,0.001183952796833043,1.1456951352484257e-4,31,Artvin,Hopa,aegypti,0,0,1,0,0
TUR.10.4_1,2036,2,5.360874901347629,80.88906816923253,Artvin,Hopa,9.17262254425789e-4,9.488469689611367e-5,29,Artvin,Hopa,aegypti,0,0,1,0,0
TUR.10.4_1,2036,3,4.9154653736554526,79.58031431351844,Artvin,Hopa,0.0010871877680379272,1.0520618492870781e-4,31,Artvin,Hopa,aegypti,0,0,1,0,0
TUR.10.4_1,2036,4,12.149442827000337,76.59858188347361,Artvin,Hopa,0.001437605860970911,1.4375025303925426e-4,30,Artvin,Hopa,aegypti,0,0,1,0,0
TUR.10.4_1,2036,5,15.228549845078412,80.93826924092045,Artvin,Hopa,0.002009392866609684,1.9443846857836178e-4,31,Artvin,Hopa,aegypti,0,0,1,1.163643972610386e-4,0
TUR.10.4_1,2036,6,20.13701685737161,81.74438844519338,Artvin,Hopa,0.002260106502819811,2.259851117989431e-4,30,Artvin,Hopa,aegypti,5.812017533912694e-17,5.812017533912694e-17,0.9999999999999999,0.05054732241138613,0
TUR.10.4_1,2036,7,21.111814554999857,85.72367413156243,Artvin,Hopa,0.002654120509004754,2.568173886063896e-4,31,Artvin,Hopa,aegypti,3.830849487629351e-11,3.830849487629351e-11,0.9999999999616915,0.08257388566550339,1.0169642905566434e-13
TUR.10.4_1,2036,8,20.531723976135254,90.99512733631212,Artvin,Hopa,0.0031516008023656466,3.04947120207566e-4,31,Artvin,Hopa,aegypti,3.8214648112600003e-13,3.8214648112600003e-13,0.9999999999996179,0.06999395945020372,1.2212453270876722e-15
TUR.10.4_1,2036,9,17.962399061988382,88.61554368196332,Artvin,Hopa,0.0025119780293951276,2.511662554129934e-4,30,Artvin,Hopa,aegypti,0,0,1,0.013883626382298347,0
TUR.10.4_1,2036,10,17.38527971155503,81.76816319267165,Artvin,Hopa,0.0024754495121987355,2.3953093809581105e-4,31,Artvin,Hopa,aegypti,0,0,1,0.007309486903185646,0
TUR.10.4_1,2036,11,12.881497670622434,77.77126659028956,Artvin,Hopa,0.0014358834999204683,1.43578041678305e-4,30,Artvin,Hopa,aegypti,0,0,1,0,0
TUR.10.4_1,2036,12,6.8016873970627785,76.49552913332123,Artvin,Hopa,0.00118103672363982,1.1428734518503791e-4,31,Artvin,Hopa,aegypti,0,0,1,0,0
TUR.10.4_1,2037,1,3.854436981080867,80.03665837166932,Artvin,Hopa,0.0011809812143385758,1.1428197393104078e-4,31,Artvin,Hopa,aegypti,0,0,1,0,0
TUR.10.4_1,2037,2,8.924288998179904,69.39387468778722,Artvin,Hopa,8.83409687880897e-4,9.464655871904704e-5,28,Artvin,Hopa,aegypti,0,0,1,0,0
TUR.10.4_1,2037,3,7.742962379118099,75.23202482377235,Artvin,Hopa,0.0010844590544031082,1.0494214361411736e-4,31,Artvin,Hopa,aegypti,0,0,1,0,0
TUR.10.4_1,2037,4,11.686494027867036,77.23005923943064,Artvin,Hopa,0.001433997639070653,1.433894826523563e-4,30,Artvin,Hopa,aegypti,0,0,1,0,0
TUR.10.4_1,2037,5,16.63603676066679,84.2167726588892,Artvin,Hopa,0.002004349526467326,1.9395049818282661e-4,31,Artvin,Hopa,aegypti,0,0,1,0.003161202971658032,0
TUR.10.4_1,2037,6,18.7235990412095,87.66440950232229,Artvin,Hopa,0.002254433900890599,2.254179796375988e-4,30,Artvin,Hopa,aegypti,0,0,1,0.02430439940075092,0
TUR.10.4_1,2037,7,22.28196912653306,88.15729839914056,Artvin,Hopa,0.002647458978187088,2.561728896869342e-4,31,Artvin,Hopa,aegypti,9.727676292175358e-6,9.727676292175358e-6,0.9999902723237079,0.13152592753412864,2.5753623567048578e-8
TUR.10.4_1,2037,8,22.94688129425049,93.72557319812853,Artvin,Hopa,0.0031436906544282375,3.0418185516356555e-4,31,Artvin,Hopa,aegypti,0.007849923525896238,0.007849923525896238,0.9921500764741038,0.17707237189940173,2.4677426733621388e-5
TUR.10.4_1,2037,9,20.16096263773301,78.94185288606488,Artvin,Hopa,0.0025056732595102097,2.505359365804205e-4,30,Artvin,Hopa,aegypti,2.3536728122053318e-17,2.3536728122053318e-17,1,0.04893421677415122,0
TUR.10.4_1,2037,10,17.191452082465673,78.19503544608962,Artvin,Hopa,0.0024692364246026214,2.389298153954167e-4,31,Artvin,Hopa,aegypti,0,0,1,0.005648202417798484,0
TUR.10.4_1,2037,11,8.993366528959836,80.02847636812159,Artvin,Hopa,0.0014322796009441985,1.432177034598192e-4,30,Artvin,Hopa,aegypti,0,0,1,0,0
TUR.10.4_1,2037,12,7.296200908720493,73.2163238110556,Artvin,Hopa,0.0011780724601466478,1.1400051371979192e-4,31,Artvin,Hopa,aegypti,0,0,1,0,0
TUR.10.4_1,2038,1,3.6935728663195144,84.1640463721576,Artvin,Hopa,0.0010908692051408604,1.0556241549031231e-4,31,Artvin,Hopa,aegypti,0,0,1,0,0
TUR.10.4_1,2038,2,4.017627964549534,78.79652361356847,Artvin,Hopa,8.16003177977809e-4,8.742509013026645e-5,28,Artvin,Hopa,aegypti,0,0,1,0,0
TUR.10.4_1,2038,3,5.156195897718563,76.2446591011161,Artvin,Hopa,0.0010017119428500684,9.693516692022008e-5,31,Artvin,Hopa,aegypti,0,0,1,0,0
TUR.10.4_1,2038,4,13.207946931614595,67.31465396599314,Artvin,Hopa,0.001324579803399314,1.324492081690165e-4,30,Artvin,Hopa,aegypti,0,0,1,0,0
TUR.10.4_1,2038,5,13.743536836960736,81.89726124531498,Artvin,Hopa,0.0018514123241041064,1.7915288479575242e-4,31,Artvin,Hopa,aegypti,0,0,1,0,0
TUR.10.4_1,2038,6,17.909786785350125,89.68525300818166,Artvin,Hopa,0.0020824145952943853,2.0821977878171527e-4,30,Artvin,Hopa,aegypti,0,0,1,0.013497743255980096,0
TUR.10.4_1,2038,7,20.775335367988138,92.6561616193554,Artvin,Hopa,0.002445450813369173,2.3662852937833545e-4,31,Artvin,Hopa,aegypti,1.4028005757005247e-11,1.4028005757005247e-11,0.999999999985972,0.08000735910921557,3.430589146091734e-14
TUR.10.4_1,2038,8,22.73649501800537,87.36932624988634,Artvin,Hopa,0.0029038186922605196,2.809752312183944e-4,31,Artvin,Hopa,aegypti,2.5078017796337264e-4,2.5078017796337264e-4,0.9997492198220366,0.14999890623891926,7.282199032676573e-7
TUR.10.4_1,2038,9,18.774436529944925,85.32510789094769,Artvin,Hopa,0.002314483722313455,2.3142159012312646e-4,30,Artvin,Hopa,aegypti,0,0,1,0.024324917878729747,0
TUR.10.4_1,2038,10,15.576826151679542,85.469785201949,Artvin,Hopa,0.0022808271148662736,2.207008466487137e-4,31,Artvin,Hopa,aegypti,0,0,1,4.2338864419136965e-4,0
TUR.10.4_1,2038,11,6.997642327757443,79.11803783052393,Artvin,Hopa,0.0013229928561535387,1.322905344507408e-4,30,Artvin,Hopa,aegypti,0,0,1,0,0
TUR.10.4_1,2038,12,4.791427053511143,72.12359614992279,Artvin,Hopa,0.0010881823966338554,1.053024291777227e-4,31,Artvin,Hopa,aegypti,0,0,1,0,0
TUR.10.4_1,2039,1,6.804651128648616,71.53470524666932,Artvin,Hopa,0.0012055403235819665,1.1665838748575741e-4,31,Artvin,Hopa,aegypti,0,0,1,0,0
TUR.10.4_1,2039,2,4.156183252864353,79.3109126516544,Artvin,Hopa,9.017806448173185e-4,9.661468730226552e-5,28,Artvin,Hopa,aegypti,0,0,1,0,0
TUR.10.4_1,2039,3,7.7016263195477865,80.02722135697547,Artvin,Hopa,0.001107010935892592,1.0712435234705442e-4,31,Artvin,Hopa,aegypti,0,0,1,0,0
TUR.10.4_1,2039,4,12.568567430271822,76.57256564812205,Artvin,Hopa,0.001463818354459784,1.463711221478814e-4,30,Artvin,Hopa,aegypti,0,0,1,0,0
TUR.10.4_1,2039,5,14.855802423813763,79.74120960957279,Artvin,Hopa,0.0020460310014855537,1.9798339884347094e-4,31,Artvin,Hopa,aegypti,0,0,1,9.765025647941606e-6,0
TUR.10.4_1,2039,6,19.435989940867703,80.9596518118926,Artvin,Hopa,0.0023013160085666173,2.301051226110129e-4,30,Artvin,Hopa,aegypti,0,0,1,0.034315246932940024,0
TUR.10.4_1,2039,7,21.0403709972606,85.82603771798821,Artvin,Hopa,0.0027025142436504826,2.614994395421233e-4,31,Artvin,Hopa,aegypti,2.0339151141079982e-11,2.0339151141079982e-11,0.9999999999796608,0.08069416024709705,5.495603971894525e-14
TUR.10.4_1,2039,8,21.18917751312256,92.67400612049181,Artvin,Hopa,0.00320906531176584,3.1050649046848733e-4,31,Artvin,Hopa,aegypti,1.556109856137855e-9,1.556109856137855e-9,0.9999999984438901,0.09512007671000784,4.993672142461492e-12
TUR.10.4_1,2039,9,18.952447470496683,85.66840012727582,Artvin,Hopa,0.002557780018331957,2.557452934288662e-4,30,Artvin,Hopa,aegypti,0,0,1,0.02741121966933552,0
TUR.10.4_1,2039,10,13.515142496894386,93.81210850517165,Artvin,Hopa,0.002520585460779745,2.4389787731238233e-4,31,Artvin,Hopa,aegypti,0,0,1,0,0
TUR.10.4_1,2039,11,9.556710530729855,66.75461925142237,Artvin,Hopa,0.0014620645888505214,1.4619577124164174e-4,30,Artvin,Hopa,aegypti,0,0,1,0,0
TUR.10.4_1,2039,12,7.755565799772739,67.19875331545013,Artvin,Hopa,0.0012025710803567722,1.1637107484729903e-4,31,Artvin,Hopa,aegypti,0,0,1,0,0
TUR.10.4_1,2040,1,5.892771112321712,72.42417057870057,Artvin,Hopa,0.0010208391918327105,9.878600987300867e-5,31,Artvin,Hopa,aegypti,0,0,1,0,0
TUR.10.4_1,2040,2,2.7685369353823583,82.59032396757237,Artvin,Hopa,7.908907019024654e-4,8.181293264664102e-5,29,Artvin,Hopa,aegypti,0,0,1,0,0
TUR.10.4_1,2040,3,2.7572186180554765,76.59444395219032,Artvin,Hopa,9.374055160501068e-4,9.071254821146901e-5,31,Artvin,Hopa,aegypti,0,0,1,0,0
TUR.10.4_1,2040,4,9.3718701951644,79.42784366325877,Artvin,Hopa,0.0012395463815897923,1.239469561001849e-4,30,Artvin,Hopa,aegypti,0,0,1,0,0
TUR.10.4_1,2040,5,14.99155891642851,83.42489491230717,Artvin,Hopa,0.0017325580846729533,1.676528561088686e-4,31,Artvin,Hopa,aegypti,0,0,1,3.498541319807286e-5,0
TUR.10.4_1,2040,6,19.70697077582864,84.95318971472463,Artvin,Hopa,0.0019487308125509533,1.9485409472952409e-4,30,Artvin,Hopa,aegypti,0,0,1,0.04255854188961544,0
TUR.10.4_1,2040,7,22.51120954401353,83.53991253488275,Artvin,Hopa,0.002288461366607262,2.214394818779164e-4,31,Artvin,Hopa,aegypti,9.724848502499772e-6,9.724848502499772e-6,0.9999902751514975,0.13118244631840234,2.2254939890942183e-08
TUR.10.4_1,2040,8,21.204779624938965,86.35434211902697,Artvin,Hopa,0.002717403620036347,2.629399690999845e-4,31,Artvin,Hopa,aegypti,1.401910095233383e-10,1.401910095233383e-10,0.999999999859809,0.08669114263280664,3.809175197488912e-13
TUR.10.4_1,2040,9,19.93745189554551,82.87814744172894,Artvin,Hopa,0.0021659019078197755,2.16566736819912e-4,30,Artvin,Hopa,aegypti,2.331468351712829e-18,2.331468351712829e-18,1,0.046515080193779174,0
TUR.10.4_1,2040,10,13.954187449286964,85.9249396208943,Artvin,Hopa,0.002134405937648195,2.0653408222015557e-4,31,Artvin,Hopa,aegypti,0,0,1,0,0
TUR.10.4_1,2040,11,7.973475743742551,79.70072520845362,Artvin,Hopa,0.0012380613108441667,1.2379846742160971e-4,30,Artvin,Hopa,aegypti,0,0,1,0,0
TUR.10.4_1,2040,12,4.404608644545078,78.40757747316498,Artvin,Hopa,0.0010183248670979262,9.85427121316107e-5,31,Artvin,Hopa,aegypti,0,0,1,0,0
TUR.10.4_1,2041,1,5.987971174119807,75.8693915259662,Artvin,Hopa,0.0012213928100552893,1.1819231893639426e-4,31,Artvin,Hopa,aegypti,0,0,1,0,0
TUR.10.4_1,2041,2,3.0517129998736303,78.23828844511144,Artvin,Hopa,9.136387844367344e-4,9.788507870411856e-5,28,Artvin,Hopa,aegypti,0,0,1,0,0
TUR.10.4_1,2041,3,7.097349185606136,78.93125883256141,Artvin,Hopa,0.0011215677910585108,1.0853292836510153e-4,31,Artvin,Hopa,aegypti,0,0,1,0,0
TUR.10.4_1,2041,4,12.937622224583345,71.4874216051533,Artvin,Hopa,0.0014830671180304014,1.482957149062658e-4,30,Artvin,Hopa,aegypti,0,0,1,0,0
TUR.10.4_1,2041,5,16.930980570176068,80.08009968525639,Artvin,Hopa,0.0020729356832623336,2.005865588510236e-4,31,Artvin,Hopa,aegypti,0,0,1,0.004331405636959435,0
TUR.10.4_1,2041,6,19.567211712107937,88.22448335486135,Artvin,Hopa,0.002331577610093348,2.331305818509266e-4,30,Artvin,Hopa,aegypti,0,0,1,0.0413493630966629,0
TUR.10.4_1,2041,7,19.959877070258646,89.357600523164,Artvin,Hopa,0.002738051479239698,2.6493762162560497e-4,31,Artvin,Hopa,aegypti,8.865130851631875e-17,8.865130851631875e-17,0.9999999999999999,0.05179477986374575,0
TUR.10.4_1,2041,8,20.458674430847168,91.71843208484728,Artvin,Hopa,0.0032512635389438612,3.145889135219848e-4,31,Artvin,Hopa,aegypti,1.9411156015891606e-13,1.9411156015891606e-13,0.9999999999998059,0.06862321346420153,6.661338147750939e-16
TUR.10.4_1,2041,9,19.124118384192972,86.03018601594769,Artvin,Hopa,0.0025914140431332728,2.5910783007987437e-4,30,Artvin,Hopa,aegypti,0,0,1,0.03052830562299788,0
TUR.10.4_1,2041,10,14.181480463813331,86.00967167655837,Artvin,Hopa,0.0025537303885272812,2.471046635019736e-4,31,Artvin,Hopa,aegypti,0,0,1,0,0
TUR.10.4_1,2041,11,9.624919225187863,78.46233714693018,Artvin,Hopa,0.0014812902909398643,1.4811805853109927e-4,30,Artvin,Hopa,aegypti,0,0,1,0,0
TUR.10.4_1,2041,12,8.17857662588358,77.0649795117392,Artvin,Hopa,0.001218384522189992,1.1790122867061381e-4,31,Artvin,Hopa,aegypti,0,0,1,0,0
TUR.10.4_1,2042,1,5.831909047960139,69.6482001197162,Artvin,Hopa,0.0011648561610060016,1.1272166201725664e-4,31,Artvin,Hopa,aegypti,0,0,1,0,0
TUR.10.4_1,2042,2,3.949947605662815,79.05977587186925,Artvin,Hopa,8.713476600021807e-4,9.335432007162581e-5,28,Artvin,Hopa,aegypti,0,0,1,0,0
TUR.10.4_1,2042,3,5.662358779569759,76.59156767045204,Artvin,Hopa,0.0010696519093978112,1.0350934344771634e-4,31,Artvin,Hopa,aegypti,0,0,1,0,0
TUR.10.4_1,2042,4,10.852123414768892,73.2645212145283,Artvin,Hopa,0.0014144179132223043,1.414317889036898e-4,30,Artvin,Hopa,aegypti,0,0,1,0,0
TUR.10.4_1,2042,5,12.4747475455789,80.54989491230717,Artvin,Hopa,0.0019769822469382385,1.913025619377784e-4,31,Artvin,Hopa,aegypti,0,0,1,0,0
TUR.10.4_1,2042,6,16.674857700572293,87.37337861853322,Artvin,Hopa,0.002223651982901341,2.2234047698188597e-4,30,Artvin,Hopa,aegypti,0,0,1,0.0034769089076380757,0
TUR.10.4_1,2042,7,22.280277308295755,88.93337566964837,Artvin,Hopa,0.0026113107171472387,2.526755609082443e-4,31,Artvin,Hopa,aegypti,1.272773318119369e-5,1.272773318119369e-5,0.9999872722668188,0.13347249511924006,3.32360654553554e-8
TUR.10.4_1,2042,8,21.680819511413574,92.33387245349962,Artvin,Hopa,0.003100766873043484,3.0002919575655707e-4,31,Artvin,Hopa,aegypti,1.9608196074299976e-7,1.9608196074299976e-7,0.9999998039180392,0.11358026773945573,6.080044245848626e-10
TUR.10.4_1,2042,9,19.359744604896097,89.59570725618207,Artvin,Hopa,0.0024714609329693207,2.4711555521705897e-4,30,Artvin,Hopa,aegypti,0,0,1,0.03759319130453181,0
TUR.10.4_1,2042,10,12.411654528449562,83.91597508232009,Artvin,Hopa,0.0024355216046257843,2.356678651223021e-4,31,Artvin,Hopa,aegypti,0,0,1,0,0
TUR.10.4_1,2042,11,8.001762677641477,85.04095042818018,Artvin,Hopa,0.0014127233330950796,1.4126235484335226e-4,30,Artvin,Hopa,aegypti,0,0,1,0,0
TUR.10.4_1,2042,12,7.741344131529331,69.82649989748138,Artvin,Hopa,0.001161987122785765,1.1244404441568268e-4,31,Artvin,Hopa,aegypti,0,0,1,0,0
TUR.10.4_1,2043,1,2.310440319179393,84.65299900887635,Artvin,Hopa,0.0010566555733684405,1.0225176290323823e-4,31,Artvin,Hopa,aegypti,0,0,1,0,0
TUR.10.4_1,2043,2,3.067262182765476,80.84480242216222,Artvin,Hopa,7.90410346018773e-4,8.468323695998148e-5,28,Artvin,Hopa,aegypti,0,0,1,0,0
TUR.10.4_1,2043,3,4.6736602970563315,76.65299955521766,Artvin,Hopa,9.702946075790794e-4,9.389506973478401e-5,31,Artvin,Hopa,aegypti,0,0,1,0,0
TUR.10.4_1,2043,4,7.7265826814314895,74.71355685905955,Artvin,Hopa,0.0012830361559729147,1.2829538504044447e-4,30,Artvin,Hopa,aegypti,0,0,1,0,0
TUR.10.4_1,2043,5,15.423251993515912,82.07185993916264,Artvin,Hopa,0.0017933452898370248,1.7353448532675397e-4,31,Artvin,Hopa,aegypti,0,0,1,2.503465270278405e-4,0
TUR.10.4_1,2043,6,16.849011028514187,86.92971406775197,Artvin,Hopa,0.002017102488375284,2.0168990669300335e-4,30,Artvin,Hopa,aegypti,0,0,1,0.004355504700668477,0
TUR.10.4_1,2043,7,20.921310480903177,90.91431744210931,Artvin,Hopa,0.0023687525682891185,2.2920784737856525e-4,31,Artvin,Hopa,aegypti,3.452660801706031e-11,3.452660801706031e-11,0.9999999999654734,0.08234516030583651,8.182343691487404e-14
TUR.10.4_1,2043,8,20.198615074157715,88.054178849984,Artvin,Hopa,0.0028127443608900204,2.721640238335654e-4,31,Artvin,Hopa,aegypti,1.7081336345370346e-15,1.7081336345370346e-15,0.9999999999999983,0.05740429381334838,0
TUR.10.4_1,2043,9,18.459789809058694,89.16775162874066,Artvin,Hopa,0.002241893082257513,2.241641796806304e-4,30,Artvin,Hopa,aegypti,0,0,1,0.020633179799575293,0
TUR.10.4_1,2043,10,14.392417010139015,84.87241123954665,Artvin,Hopa,0.002209292068614318,2.1377960413615504e-4,31,Artvin,Hopa,aegypti,0,0,1,0,0
TUR.10.4_1,2043,11,9.620744992704953,83.19612468355128,Artvin,Hopa,0.001281498981173234,1.2814168726982267e-4,30,Artvin,Hopa,aegypti,0,0,1,0,0
TUR.10.4_1,2043,12,5.568717636168003,78.02710719728607,Artvin,Hopa,0.001054053032962935,1.019999298755847e-4,31,Artvin,Hopa,aegypti,0,0,1,0,0
TUR.10.4_1,2044,1,4.791505205034114,70.25363072274354,Artvin,Hopa,0.0011208246576717715,1.0846102003359004e-4,31,Artvin,Hopa,aegypti,0,0,1,0,0
TUR.10.4_1,2044,2,1.804423044257633,78.83223680936925,Artvin,Hopa,8.683540045363819e-4,8.982569003834762e-5,29,Artvin,Hopa,aegypti,0,0,1,0,0
TUR.10.4_1,2044,3,5.1730687805615805,77.22808042679969,Artvin,Hopa,0.0010292191219071739,9.959689040750508e-5,31,Artvin,Hopa,aegypti,0,0,1,0,0
TUR.10.4_1,2044,4,9.049358522190767,75.04535159782908,Artvin,Hopa,0.0013609529884128265,1.3608603829617927e-4,30,Artvin,Hopa,aegypti,0,0,1,0,0
TUR.10.4_1,2044,5,14.482842333176556,81.70277271992435,Artvin,Hopa,0.001902252419074688,1.840720004515628e-4,31,Artvin,Hopa,aegypti,0,0,1,0,0
TUR.10.4_1,2044,6,16.919324482188504,87.72608552771291,Artvin,Hopa,0.002139598051629064,2.139369173961292e-4,30,Artvin,Hopa,aegypti,0,0,1,0.004722517203488534,0
TUR.10.4_1,2044,7,20.10303502924302,85.26228649728509,Artvin,Hopa,0.0025126033055390285,2.4312559878092443e-4,31,Artvin,Hopa,aegypti,1.5420997812043424e-16,1.5420997812043424e-16,0.9999999999999999,0.05248369556718811,0
TUR.10.4_1,2044,8,23.539246559143066,81.77674354724962,Artvin,Hopa,0.002983558043765222,2.886897446841008e-4,31,Artvin,Hopa,aegypti,0.003983255750838263,0.003983255750838263,0.9960167442491618,0.16936146536658792,1.188420411812885e-5
TUR.10.4_1,2044,9,20.68144184000352,73.59814103303754,Artvin,Hopa,0.002378039836053392,2.3777571047922663e-4,30,Artvin,Hopa,aegypti,2.276567823145115e-15,2.276567823145115e-15,0.9999999999999977,0.05689871769147941,0
TUR.10.4_1,2044,10,17.167261179755712,78.93321751396071,Artvin,Hopa,0.002343459012483889,2.2676064196514023e-4,31,Artvin,Hopa,aegypti,0,0,1,0.005595636644783356,0
TUR.10.4_1,2044,11,9.920946408720578,75.62371410005518,Artvin,Hopa,0.0013593224633277779,1.35923007963612e-4,30,Artvin,Hopa,aegypti,0,0,1,0,0
TUR.10.4_1,2044,12,5.140431322157383,77.98712154054779,Artvin,Hopa,0.0011180640689495839,1.0819389522631617e-4,31,Artvin,Hopa,aegypti,0,0,1,0,0
TUR.10.4_1,2045,1,4.546238052247859,79.39589604256776,Artvin,Hopa,0.0011654638551312024,1.127804644953656e-4,31,Artvin,Hopa,aegypti,0,0,1,0,0
TUR.10.4_1,2045,2,1.6255006592802923,82.3585200735294,Artvin,Hopa,8.71802233598232e-4,9.340301983751242e-5,28,Artvin,Hopa,aegypti,0,0,1,0,0
TUR.10.4_1,2045,3,5.06007434811224,77.6747128120536,Artvin,Hopa,0.001070209936391281,1.0356334046868199e-4,31,Artvin,Hopa,aegypti,0,0,1,0,0
TUR.10.4_1,2045,4,12.315851365818697,72.58278903679393,Artvin,Hopa,0.0014151558012854121,1.4150556727121621e-4,30,Artvin,Hopa,aegypti,0,0,1,0,0
TUR.10.4_1,2045,5,17.018821604111615,77.28944264179935,Artvin,Hopa,0.0019780136193405214,1.914023530713571e-4,31,Artvin,Hopa,aegypti,0,0,1,0.00451287430720962,0
TUR.10.4_1,2045,6,17.96116122077493,87.50107179480275,Artvin,Hopa,0.0022248120405047914,2.224564569427434e-4,30,Artvin,Hopa,aegypti,0,0,1,0.013711164657483038,0
TUR.10.4_1,2045,7,21.174924906562357,87.76990063302728,Artvin,Hopa,0.0026126730125404433,2.5280736262611736e-4,31,Artvin,Hopa,aegypti,1.7469503144074138e-10,1.7469503144074138e-10,0.999999999825305,0.08748653311320964,4.564126854234019e-13
TUR.10.4_1,2045,8,21.061800956726074,85.69317115955431,Artvin,Hopa,0.0031023845129508343,3.0018569457346267e-4,31,Artvin,Hopa,aegypti,2.4040583856965725e-11,2.4040583856965725e-11,0.9999999999759595,0.08099452153889088,7.460698725481052e-14
TUR.10.4_1,2045,9,19.931500967811136,82.9072383230766,Artvin,Hopa,0.0024727502700908513,2.4724445705937015e-4,30,Artvin,Hopa,aegypti,2.331468351712829e-18,2.331468351712829e-18,1,0.046240371503359044,0
TUR.10.4_1,2045,10,14.643073138068702,82.56518315116774,Artvin,Hopa,0.0024367921925494062,2.3579079625857258e-4,31,Artvin,Hopa,aegypti,0,0,1,0,0
TUR.10.4_1,2045,11,11.294345189543332,75.88692058198878,Artvin,Hopa,0.0014134603371122232,1.4133604483124174e-4,30,Artvin,Hopa,aegypti,0,0,1,0,0
TUR.10.4_1,2045,12,8.820604957640171,69.51581569337982,Artvin,Hopa,0.001162593320161642,1.12502702079742e-4,31,Artvin,Hopa,aegypti,0,0,1,0,0
TUR.10.4_1,2046,1,5.682974683641292,71.61332615731385,Artvin,Hopa,0.0011826611733865395,1.1444453202036353e-4,31,Artvin,Hopa,aegypti,0,0,1,0,0
TUR.10.4_1,2046,2,4.256691227488987,75.62467913114659,Artvin,Hopa,8.846663480886936e-4,9.478118813166514e-5,28,Artvin,Hopa,aegypti,0,0,1,0,0
TUR.10.4_1,2046,3,4.015217561384334,82.24013487015907,Artvin,Hopa,0.001086001709593954,1.0509141714820647e-4,31,Artvin,Hopa,aegypti,0,0,1,0,0
TUR.10.4_1,2046,4,16.025674974217132,68.81082400993846,Artvin,Hopa,0.0014360375168259185,1.4359344115744133e-4,30,Artvin,Hopa,aegypti,0,0,1,8.75587971608336e-4,0
TUR.10.4_1,2046,5,17.219714052536908,77.18155537373295,Artvin,Hopa,0.0020072007361913997,1.942263681509182e-4,31,Artvin,Hopa,aegypti,0,0,1,0.005773623637155123,0
TUR.10.4_1,2046,6,20.643328273997586,87.45701204138479,Artvin,Hopa,0.002257640858447463,2.2573860305130644e-4,30,Artvin,Hopa,aegypti,3.36903227537988e-13,3.36903227537988e-13,0.999999999999663,0.06957453253255166,7.771561172376096e-16
TUR.10.4_1,2046,7,20.67845350153306,86.72917492501946,Artvin,Hopa,0.0026512250183327894,2.5653725175489583e-4,31,Artvin,Hopa,aegypti,4.281120458138332e-13,4.281120458138332e-13,0.9999999999995719,0.0699759738749101,1.1102230246251565e-15
TUR.10.4_1,2046,8,23.74122905731201,81.71060432605822,Artvin,Hopa,0.0031481625897094977,3.0461449136032215e-4,31,Artvin,Hopa,aegypti,0.01007457740981733,0.01007457740981733,0.9899254225901827,0.17804140173949393,3.1715904748819135e-5
TUR.10.4_1,2046,9,21.2878337467418,83.69868882356488,Artvin,Hopa,0.0025092376078778614,2.508922820538828e-4,30,Artvin,Hopa,aegypti,1.2725648645961485e-10,1.2725648645961485e-10,0.9999999998727435,0.08611675236091185,3.19300141882195e-13
TUR.10.4_1,2046,10,16.467497881721044,81.31351994315993,Artvin,Hopa,0.0024727489411631802,2.3926965507792275e-4,31,Artvin,Hopa,aegypti,0,0,1,0.0023486854192094233,0
TUR.10.4_1,2046,11,9.81525163790759,80.69488109224268,Artvin,Hopa,0.0014343170347709236,1.4342141764212002e-4,30,Artvin,Hopa,aegypti,0,0,1,0,0
TUR.10.4_1,2046,12,5.817888416349888,74.25966640138763,Artvin,Hopa,0.0011797482814590887,1.1416267147446035e-4,31,Artvin,Hopa,aegypti,0,0,1,0,0
TUR.10.4_1,2047,1,6.123067247270442,73.90483769295838,Artvin,Hopa,0.0011746922784039266,1.1367343659529627e-4,31,Artvin,Hopa,aegypti,0,0,1,0,0
TUR.10.4_1,2047,2,4.362630615764133,80.07871965849034,Artvin,Hopa,8.787053734822613e-4,9.414257261153303e-5,28,Artvin,Hopa,aegypti,0,0,1,0,0
TUR.10.4_1,2047,3,7.96004821743597,69.84600797806922,Artvin,Hopa,0.0010786841162126553,1.0438333712026182e-4,31,Artvin,Hopa,aegypti,0,0,1,0,0
TUR.10.4_1,2047,4,9.61833826233359,79.62661227898143,Artvin,Hopa,0.0014263613454759201,1.42625962497811e-4,30,Artvin,Hopa,aegypti,0,0,1,0,0
TUR.10.4_1,2047,5,14.488978273728314,79.16493855244389,Artvin,Hopa,0.0019936760071856013,1.9291777676422317e-4,31,Artvin,Hopa,aegypti,0,0,1,0,0
TUR.10.4_1,2047,6,19.518051708445828,81.99565492468557,Artvin,Hopa,0.002242428637640461,2.242177232123499e-4,30,Artvin,Hopa,aegypti,0,0,1,0.036538828270941945,0
TUR.10.4_1,2047,7,21.59464650995591,87.39705975167962,Artvin,Hopa,0.002633360786191075,2.548088971028317e-4,31,Artvin,Hopa,aegypti,1.2833835963732554e-8,1.2833835963732554e-8,0.999999987166164,0.10232440415135423,3.3796077048009465e-11
TUR.10.4_1,2047,8,23.33021640777588,88.73481239490587,Artvin,Hopa,0.003126949940110333,3.0256227751979115e-4,31,Artvin,Hopa,aegypti,0.012600168179482346,0.012600168179482346,0.9873998318205176,0.1816836596160036,3.939931896068671e-5
TUR.10.4_1,2047,9,18.587653693030862,83.46596940217816,Artvin,Hopa,0.0024923301017944887,2.4920195421285207e-4,30,Artvin,Hopa,aegypti,0,0,1,0.02079471242799276,0
TUR.10.4_1,2047,10,13.33553605921128,79.74790715019118,Artvin,Hopa,0.0024560872995417924,2.3765762264960077e-4,31,Artvin,Hopa,aegypti,0,0,1,0,0
TUR.10.4_1,2047,11,11.284985829802121,72.51421702974268,Artvin,Hopa,0.0014246524562093964,1.424550979297612e-4,30,Artvin,Hopa,aegypti,0,0,1,0,0
TUR.10.4_1,2047,12,4.636336721479893,78.16733546877045,Artvin,Hopa,0.0011717990138476854,1.1339347503980246e-4,31,Artvin,Hopa,aegypti,0,0,1,0,0
TUR.10.4_1,2048,1,4.177883016465999,78.54442509530213,Artvin,Hopa,0.0012210147301203182,1.1815573487938824e-4,31,Artvin,Hopa,aegypti,0,0,1,0,0
TUR.10.4_1,2048,2,4.151038895183079,66.03780703031651,Artvin,Hopa,9.459758252466855e-4,9.785478003765391e-5,29,Artvin,Hopa,aegypti,0,0,1,0,0
TUR.10.4_1,2048,3,8.108744163175716,75.21511045609657,Artvin,Hopa,0.0011212206117775965,1.0849933401602119e-4,31,Artvin,Hopa,aegypti,0,0,1,0,0
TUR.10.4_1,2048,4,13.985577737583833,75.01838931755564,Artvin,Hopa,0.0014826080372867404,1.4824981363881218e-4,30,Artvin,Hopa,aegypti,0,0,1,0,0
TUR.10.4_1,2048,5,13.963672525742474,83.1049333644556,Artvin,Hopa,0.00207229400977132,2.0052447387031158e-4,31,Artvin,Hopa,aegypti,0,0,1,0,0
TUR.10.4_1,2048,6,17.09903677772073,87.57450471716604,Artvin,Hopa,0.002330855874461742,2.3305842511101016e-4,30,Artvin,Hopa,aegypti,0,0,1,0.005896610845227231,0
TUR.10.4_1,2048,7,19.840261515449075,87.12301190011712,Artvin,Hopa,0.0027372039203571704,2.648556215255615e-4,31,Artvin,Hopa,aegypti,4.385380947269368e-18,4.385380947269368e-18,1,0.04721843080530539,0
TUR.10.4_1,2048,8,24.038689613342285,88.07184089832384,Artvin,Hopa,0.003250257116196603,3.1449154840712534e-4,31,Artvin,Hopa,aegypti,0.0846772344237781,0.0846772344237781,0.9153227655762219,0.21405361261599107,2.7518491344968865e-4
TUR.10.4_1,2048,9,19.69151264078477,87.75143082795941,Artvin,Hopa,0.0025906118756038386,2.590276341084552e-4,30,Artvin,Hopa,aegypti,1.1102230246251566e-19,1.1102230246251566e-19,1,0.043766704664533196,0
TUR.10.4_1,2048,10,14.66466146356919,86.65420292655837,Artvin,Hopa,0.002552939885904964,2.4702818214883404e-4,31,Artvin,Hopa,aegypti,0,0,1,0,0
TUR.10.4_1,2048,11,11.678969670744504,77.59734691255518,Artvin,Hopa,0.001480831760209815,1.4807221224866218e-4,30,Artvin,Hopa,aegypti,0,0,1,0,0
TUR.10.4_1,2048,12,6.889374412596226,74.80134578371185,Artvin,Hopa,0.0012180073734650882,1.1786473470942749e-4,31,Artvin,Hopa,aegypti,0,0,1,0,0
TUR.10.4_1,2049,1,2.744171130060054,85.76081761239197,Artvin,Hopa,0.0011093110512432926,1.0734692028535608e-4,31,Artvin,Hopa,aegypti,0,0,1,0,0
TUR.10.4_1,2049,2,5.542537937694065,75.10995439970128,Artvin,Hopa,8.297982369605394e-4,8.890300185393496e-5,28,Artvin,Hopa,aegypti,0,0,1,0,0
TUR.10.4_1,2049,3,7.258277911802425,69.92799345170204,Artvin,Hopa,0.0010186465280431886,9.857383754219295e-5,31,Artvin,Hopa,aegypti,0,0,1,0,0
TUR.10.4_1,2049,4,14.080051576389986,69.2081247301533,Artvin,Hopa,0.0013469726776041788,1.3468819649076202e-4,30,Artvin,Hopa,aegypti,0,0,1,0,0
TUR.10.4_1,2049,5,14.684603578904095,83.28656636006107,Artvin,Hopa,0.0018827116411921393,1.821813037310438e-4,31,Artvin,Hopa,aegypti,0,0,1,5.5620599894647746e-8,0
TUR.10.4_1,2049,6,17.99259432624368,83.242587908084,Artvin,Hopa,0.002117619154472421,2.1173949547537152e-4,30,Artvin,Hopa,aegypti,0,0,1,0.013195268024501954,0
TUR.10.4_1,2049,7,20.1407070720897,87.47848827951165,Artvin,Hopa,0.0024867927334991835,2.4062840564642585e-4,31,Artvin,Hopa,aegypti,5.704881012036366e-16,5.704881012036366e-16,0.9999999999999994,0.05508731299574478,0
TUR.10.4_1,2049,8,21.12576961517334,88.28323616199572,Artvin,Hopa,0.0029529096164333394,2.857246196954488e-4,31,Artvin,Hopa,aegypti,1.260934712754569e-10,1.260934712754569e-10,0.9999999998739065,0.08638745111583401,3.723688024592775e-13
TUR.10.4_1,2049,9,18.344798621009378,92.75571091829144,Artvin,Hopa,0.0023536115594660107,2.353334606826074e-4,30,Artvin,Hopa,aegypti,0,0,1,0.020020133009212834,0
TUR.10.4_1,2049,10,11.762816485236671,88.85805271903884,Artvin,Hopa,0.002319385965405268,2.244315178075995e-4,31,Artvin,Hopa,aegypti,0,0,1,0,0
TUR.10.4_1,2049,11,9.533127118559445,80.19608653657862,Artvin,Hopa,0.0013453589019936998,1.345268406522937e-4,30,Artvin,Hopa,aegypti,0,0,1,0,0
TUR.10.4_1,2049,12,6.722820438444614,79.13894649171966,Artvin,Hopa,0.0011065788205089854,1.0708253920810318e-4,31,Artvin,Hopa,aegypti,0,0,1,0,0
TUR.10.4_1,2050,1,2.2046765857923996,74.99188145516541,Artvin,Hopa,0.0011332907999920209,1.096672893281525e-4,31,Artvin,Hopa,aegypti,0,0,1,0,0
TUR.10.4_1,2050,2,4.4509091477923315,81.79011492216222,Artvin,Hopa,8.477358147140015e-4,9.082471247678914e-5,28,Artvin,Hopa,aegypti,0,0,1,0,0
TUR.10.4_1,2050,3,4.806846637388363,73.96897092972938,Artvin,Hopa,0.001040666400448555,1.0070458060962295e-4,31,Artvin,Hopa,aegypti,0,0,1,0,0
TUR.10.4_1,2050,4,12.940330659641939,67.81885776237986,Artvin,Hopa,0.0013760899088299462,1.3759952320013813e-4,30,Artvin,Hopa,aegypti,0,0,1,0,0
TUR.10.4_1,2050,5,18.22032917247099,72.41872273213139,Artvin,Hopa,0.0019234098313629607,1.8611911298171968e-4,31,Artvin,Hopa,aegypti,0,0,1,0.013415583241421222,0
TUR.10.4_1,2050,6,20.62088450263528,85.35872255163869,Artvin,Hopa,0.00216339529202449,2.1631612949390977e-4,30,Artvin,Hopa,aegypti,1.2374762325961797e-13,1.2374762325961797e-13,0.9999999999998762,0.0668626197358304,2.220446049250313e-16
TUR.10.4_1,2050,7,21.56177526361802,90.24228985421868,Artvin,Hopa,0.0025405492203498634,2.4582938097417184e-4,31,Artvin,Hopa,aegypti,2.7927353493328866e-8,2.7927353493328866e-8,0.9999999720726465,0.10580588364323466,7.095080079011495e-11
TUR.10.4_1,2050,8,21.92168140411377,89.87708534412462,Artvin,Hopa,0.0030167420560366525,2.919001684699163e-4,31,Artvin,Hopa,aegypti,7.924008480490463e-7,7.924008480490463e-7,0.999999207599152,0.12008609422790567,2.3904689339104834e-9
TUR.10.4_1,2050,9,18.328105505775003,85.37971909700238,Artvin,Hopa,0.002404489096280272,2.4042000410573472e-4,30,Artvin,Hopa,aegypti,0,0,1,0.017529322391592626,0
TUR.10.4_1,2050,10,15.585946139167335,83.62553166190993,Artvin,Hopa,0.0023695236545947965,2.2928245152742388e-4,31,Artvin,Hopa,aegypti,0,0,1,4.17068590957447e-4,0
TUR.10.4_1,2050,11,10.01558237216052,80.68423045747706,Artvin,Hopa,0.0013744412485641377,1.3743467984539404e-4,30,Artvin,Hopa,aegypti,0,0,1,0,0
TUR.10.4_1,2050,12,4.476719059050083,80.06167598390716,Artvin,Hopa,0.0011304995071880995,1.0939719380553825e-4,31,Artvin,Hopa,aegypti,0,0,1,0,0
TUR.10.4_1,2051,1,4.910858499406673,78.91498478768494,Artvin,Hopa,0.0011689676094478044,1.1311949919545761e-4,31,Artvin,Hopa,aegypti,0,0,1,0,0
TUR.10.4_1,2051,2,2.287320504718296,81.36679796659581,Artvin,Hopa,8.744231478597464e-4,9.368380581176172e-5,28,Artvin,Hopa,aegypti,0,0,1,0,0
TUR.10.4_1,2051,3,9.01811649288763,68.7116772285575,Artvin,Hopa,0.0010734273271904827,1.0387466857464389e-4,31,Artvin,Hopa,aegypti,0,0,1,0,0
TUR.10.4_1,2051,4,8.585365449681001,80.18598422722361,Artvin,Hopa,0.0014194102088550572,1.419309477354025e-4,30,Artvin,Hopa,aegypti,0,0,1,0,0
TUR.10.4_1,2051,5,13.900779611924115,82.89748249775639,Artvin,Hopa,0.0019839601561863866,1.9197771406687103e-4,31,Artvin,Hopa,aegypti,0,0,1,0,0
TUR.10.4_1,2051,6,17.0895019419053,85.19678102331838,Artvin,Hopa,0.002231500531749051,2.2312515705369407e-4,30,Artvin,Hopa,aegypti,0,0,1,0.005622362245359977,0
TUR.10.4_1,2051,7,21.692049082587747,91.22411663644525,Artvin,Hopa,0.0026205275369903048,2.5356728544390084e-4,31,Artvin,Hopa,aegypti,1.5464156163191857e-7,1.5464156163191857e-7,0.9999998453584383,0.11305042885702662,4.052425062184284e-10
TUR.10.4_1,2051,8,22.109200477600098,87.80630745105822,Artvin,Hopa,0.0031117112656263058,3.010880121905313e-4,31,Artvin,Hopa,aegypti,1.6880847919086838e-6,1.6880847919086838e-6,0.999998311915208,0.12269821758030901,5.252832502300464e-9
TUR.10.4_1,2051,9,17.968427237342386,87.79074509797894,Artvin,Hopa,0.002480184142359446,2.4798766021161267e-4,30,Artvin,Hopa,aegypti,0,0,1,0.013855075320316044,0
TUR.10.4_1,2051,10,12.715895708869484,87.94758366386306,Artvin,Hopa,0.0024441179634222794,2.3649957441285174e-4,31,Artvin,Hopa,aegypti,0,0,1,0,0
TUR.10.4_1,2051,11,12.084749509306516,63.787582050494635,Artvin,Hopa,0.001417709647578351,1.4176091572948302e-4,30,Artvin,Hopa,aegypti,0,0,1,0,0
TUR.10.4_1,2051,12,7.008337177336216,66.84191890382904,Artvin,Hopa,0.0011660884447388946,1.1284090183216744e-4,31,Artvin,Hopa,aegypti,0,0,1,0,0
TUR.10.4_1,2052,1,1.2383111590136062,78.715781296474,Artvin,Hopa,0.0011288010891739087,1.0923284873920469e-4,31,Artvin,Hopa,aegypti,0,0,1,0,0
TUR.10.4_1,2052,2,3.4635837178759497,76.26094774686925,Artvin,Hopa,8.745337099786039e-4,9.046491228359432e-5,29,Artvin,Hopa,aegypti,0,0,1,0,0
TUR.10.4_1,2052,3,2.3686285206281084,78.14643064652626,Artvin,Hopa,0.0010365436358446486,1.0030564348906257e-4,31,Artvin,Hopa,aegypti,0,0,1,0,0
TUR.10.4_1,2052,4,12.694177781834322,71.70600375847361,Artvin,Hopa,0.0013706383109254963,1.3705443827483066e-4,30,Artvin,Hopa,aegypti,0,0,1,0,0
TUR.10.4_1,2052,5,14.786558992722455,84.29434834248295,Artvin,Hopa,0.0019157899389861807,1.853818410161301e-4,31,Artvin,Hopa,aegypti,0,0,1,3.943232322409673e-6,0
TUR.10.4_1,2052,6,17.994158352122586,85.2808188040801,Artvin,Hopa,0.00215482465927381,2.1545925124832888e-4,30,Artvin,Hopa,aegypti,0,0,1,0.013615989535904302,0
TUR.10.4_1,2052,7,21.097490366767435,92.402766538789,Artvin,Hopa,0.0025304844326372727,2.44855608226513e-4,31,Artvin,Hopa,aegypti,4.5875589604893464e-10,4.5875589604893464e-10,0.9999999995412441,0.090691977233501,1.1608491945480637e-12
TUR.10.4_1,2052,8,23.144875526428223,91.186991349984,Artvin,Hopa,0.003004790755060294,2.907439278926338e-4,31,Artvin,Hopa,aegypti,0.010606521064916878,0.010606521064916878,0.9893934789350831,0.18009299964217326,3.186986858416674e-5
TUR.10.4_1,2052,9,21.589953955482034,84.76312668977582,Artvin,Hopa,0.002394963332277177,2.3946765627025357e-4,30,Artvin,Hopa,aegypti,3.889535566681257e-9,3.889535566681257e-9,0.9999999961104644,0.09779355616165736,9.315326288117376e-12
TUR.10.4_1,2052,10,14.371481951545265,88.80312870780837,Artvin,Hopa,0.0023601364117213147,2.2837421654620105e-4,31,Artvin,Hopa,aegypti,0,0,1,0,0
TUR.10.4_1,2052,11,10.31683855197009,76.76313365571924,Artvin,Hopa,0.0013689961820881884,1.3689024788365867e-4,30,Artvin,Hopa,aegypti,0,0,1,0,0
TUR.10.4_1,2052,12,7.944414772093296,72.13643642091888,Artvin,Hopa,0.0011260208545180797,1.0896382312597375e-4,31,Artvin,Hopa,aegypti,0,0,1,0,0
TUR.10.4_1,2053,1,5.806358444093562,74.46935948250916,Artvin,Hopa,0.001175068027405472,1.1370979526781344e-4,31,Artvin,Hopa,aegypti,0,0,1,0,0
TUR.10.4_1,2053,2,3.7844657998614233,76.91165117704503,Artvin,Hopa,8.789864451065569e-4,9.417268459288586e-5,28,Artvin,Hopa,aegypti,0,0,1,0,0
TUR.10.4_1,2053,3,4.7515247055493735,82.25579038773719,Artvin,Hopa,0.0010790291550684485,1.0441672449124084e-4,31,Artvin,Hopa,aegypti,0,0,1,0,0
TUR.10.4_1,2053,4,12.631423150791841,73.28645572380564,Artvin,Hopa,0.0014268175959010392,1.426715810319834e-4,30,Artvin,Hopa,aegypti,0,0,1,0,0
TUR.10.4_1,2053,5,16.1865395377664,84.11311970478764,Artvin,Hopa,0.001994313724639676,1.9297947944885152e-4,31,Artvin,Hopa,aegypti,0,0,1,0.001567374401643343,0
TUR.10.4_1,2053,6,20.18153818915872,82.72470460730275,Artvin,Hopa,0.0022431459236370755,2.242894357266101e-4,30,Artvin,Hopa,aegypti,1.3489209749195653e-16,1.3489209749195653e-16,0.9999999999999999,0.051816060096410245,0
TUR.10.4_1,2053,7,21.474435862372903,88.50159008615228,Artvin,Hopa,0.0026342031197147653,2.5489039247594825e-4,31,Artvin,Hopa,aegypti,6.333288337934118e-9,6.333288337934118e-9,0.9999999936667117,0.09990307219736556,1.6683210368739765e-11
TUR.10.4_1,2053,8,21.572413444519043,90.68126167469103,Artvin,Hopa,0.0031279501580733513,3.026590435152299e-4,31,Artvin,Hopa,aegypti,3.602460725393719e-8,3.602460725393719e-8,0.9999999639753927,0.10683584645445712,1.1268319610735489e-10
TUR.10.4_1,2053,9,19.627774771522073,84.65356858430707,Artvin,Hopa,0.002493127323811257,2.4928165654447554e-4,30,Artvin,Hopa,aegypti,0,0,1,0.04044556410570581,0
TUR.10.4_1,2053,10,14.098039683173683,82.68687962333571,Artvin,Hopa,0.0024568729285677745,2.3773363319334884e-4,31,Artvin,Hopa,aegypti,0,0,1,0,0
TUR.10.4_1,2053,11,9.218790341826047,73.73382915132471,Artvin,Hopa,0.0014251081600118402,1.42500661817202e-4,30,Artvin,Hopa,aegypti,0,0,1,0,0
TUR.10.4_1,2053,12,8.67806164175272,68.54963679933685,Artvin,Hopa,0.001172173837380248,1.1342974417105633e-4,31,Artvin,Hopa,aegypti,0,0,1,0,0
TUR.10.4_1,2054,1,4.325222837327815,72.0123129737201,Artvin,Hopa,0.00115012770928806,1.1129648763030797e-4,31,Artvin,Hopa,aegypti,0,0,1,0,0
TUR.10.4_1,2054,2,5.577967415385715,77.86731676542394,Artvin,Hopa,8.603303323959978e-4,9.217400161520839e-5,28,Artvin,Hopa,aegypti,0,0,1,0,0
TUR.10.4_1,2054,3,4.5744006821118735,77.45203367387,Artvin,Hopa,0.0010561272210886864,1.0220063726440465e-4,31,Artvin,Hopa,aegypti,0,0,1,0,0
TUR.10.4_1,2054,4,12.456504022373872,72.88399753288768,Artvin,Hopa,0.0013965340004773218,1.3964364896557058e-4,30,Artvin,Hopa,aegypti,0,0,1,0,0
TUR.10.4_1,2054,5,15.329851038315716,81.95988331562748,Artvin,Hopa,0.0019519852657263173,1.8888395908744915e-4,31,Artvin,Hopa,aegypti,0,0,1,1.770296141859799e-4,0
TUR.10.4_1,2054,6,17.679906452403348,85.14113984900197,Artvin,Hopa,0.00219553610734175,2.195295106039996e-4,30,Artvin,Hopa,aegypti,0,0,1,0.01033240886975525,0
TUR.10.4_1,2054,7,21.022003229926614,89.20886547677728,Artvin,Hopa,0.0025782932810847203,2.4948112741474127e-4,31,Artvin,Hopa,aegypti,5.722831170063003e-11,5.722831170063003e-11,0.9999999999427717,0.08409442892619427,1.475486399726833e-13
TUR.10.4_1,2054,8,22.451924324035645,91.9208551805504,Artvin,Hopa,0.00306156074896824,2.9623618587448775e-4,31,Artvin,Hopa,aegypti,1.6616948570558315e-4,1.6616948570558315e-4,0.9998338305142944,0.1477861966909313,5.087378457391267e-7
TUR.10.4_1,2054,9,20.11357074625352,84.08672745881879,Artvin,Hopa,0.002440211758828729,2.4399140513731155e-4,30,Artvin,Hopa,aegypti,1.0197398481182063e-16,1.0197398481182063e-16,0.9999999999999999,0.05160520989748717,0
TUR.10.4_1,2054,10,15.268835123847511,81.23399113456618,Artvin,Hopa,0.0024047268476742006,2.3268842523593847e-4,31,Artvin,Hopa,aegypti,0,0,1,1.4081562290674352e-4,0
TUR.10.4_1,2054,11,12.164639760466184,74.07009471528956,Artvin,Hopa,0.0013948608466363816,1.3947635693201121e-4,30,Artvin,Hopa,aegypti,0,0,1,0,0
TUR.10.4_1,2054,12,3.3532987013459206,88.74571223878998,Artvin,Hopa,0.0011472949472127398,1.1102237983806607e-4,31,Artvin,Hopa,aegypti,0,0,1,0,0
TUR.10.4_1,2055,1,2.1953276866663467,78.68354710457947,Artvin,Hopa,0.0011293774031886001,1.0928861496950493e-4,31,Artvin,Hopa,aegypti,0,0,1,0,0
TUR.10.4_1,2055,2,1.647558699183933,78.80936388456456,Artvin,Hopa,8.44808475475502e-4,9.051109742441721e-5,28,Artvin,Hopa,aegypti,0,0,1,0,0
TUR.10.4_1,2055,3,5.168873090406551,77.45703092728797,Artvin,Hopa,0.0010370728474390614,1.0035685237597125e-4,31,Artvin,Hopa,aegypti,0,0,1,0,0
TUR.10.4_1,2055,4,9.970926439060884,77.41385135368846,Artvin,Hopa,0.0013713380959232567,1.3712440718127716e-4,30,Artvin,Hopa,aegypti,0,0,1,0,0
TUR.10.4_1,2055,5,13.499915964463177,80.68870411640873,Artvin,Hopa,0.0019167680533781954,1.854764796955788e-4,31,Artvin,Hopa,aegypti,0,0,1,0,0
TUR.10.4_1,2055,6,19.059170330272,83.60580812292775,Artvin,Hopa,0.002155924813820304,2.1556924299304114e-4,30,Artvin,Hopa,aegypti,0,0,1,0.028464857204745026,0
TUR.10.4_1,2055,7,20.785207804511575,86.3458588849804,Artvin,Hopa,0.002531776381818111,2.449806049451553e-4,31,Artvin,Hopa,aegypti,1.3129983766901887e-12,1.3129983766901887e-12,0.999999999998687,0.07286969729941697,3.3306690738754696e-15
TUR.10.4_1,2055,8,22.028481483459473,89.53886665515978,Artvin,Hopa,0.0030063248632747224,2.908923468024627e-4,31,Artvin,Hopa,aegypti,1.8472674850098514e-6,1.8472674850098514e-6,0.999998152732515,0.12358791323703464,5.553486115417172e-9
TUR.10.4_1,2055,9,20.570376929114847,78.52292283235394,Artvin,Hopa,0.002396186090605727,2.3958990281458536e-4,30,Artvin,Hopa,aegypti,4.408362563879109e-15,4.408362563879109e-15,0.9999999999999956,0.05882314490334594,0
TUR.10.4_1,2055,10,13.296262797187355,88.68383549491774,Artvin,Hopa,0.0023613413890230766,0.00022849080061515536,31,Artvin,Hopa,aegypti,0,0,1,0,0
TUR.10.4_1,2055,11,12.426512052031125,76.77507365816065,Artvin,Hopa,0.001369695128690352,1.3696013297359588e-4,30,Artvin,Hopa,aegypti,0,0,1,0,0
TUR.10.4_1,2055,12,6.52710834890604,74.4474258008017,Artvin,Hopa,0.0011265957490725921,1.0901945201913232e-4,31,Artvin,Hopa,aegypti,0,0,1,0,0
TUR.10.4_1,2056,1,5.374619352220393,70.91954716561463,Artvin,Hopa,0.0012480522056676677,1.2077195219029058e-4,31,Artvin,Hopa,aegypti,0,0,1,0,0
TUR.10.4_1,2056,2,5.853422890239231,73.62709001981847,Artvin,Hopa,9.66922991249319e-4,1.0002151385091196e-4,29,Artvin,Hopa,aegypti,0,0,1,0,0
TUR.10.4_1,2056,3,10.499303836485042,75.31175199662391,Artvin,Hopa,0.0011460483015067234,1.1090175009198511e-4,31,Artvin,Hopa,aegypti,0,0,1,0,0
TUR.10.4_1,2056,4,12.207888757481294,85.39891299919627,Artvin,Hopa,0.0015154380904921544,1.5153232686615503e-4,30,Artvin,Hopa,aegypti,0,0,1,0,0
TUR.10.4_1,2056,5,15.31730354533476,79.8888917995142,Artvin,Hopa,0.0021181817433374743,2.049643219431685e-4,31,Artvin,Hopa,aegypti,0,0,1,1.6539257047634668e-4,0
TUR.10.4_1,2056,6,18.248791301951687,81.77658449011525,Artvin,Hopa,0.0023824690590987085,2.3821852736949367e-4,30,Artvin,Hopa,aegypti,0,0,1,0.015787858854219787,0
TUR.10.4_1,2056,7,19.723825510810403,87.62380535714837,Artvin,Hopa,0.0027978150516065644,2.7071964413893923e-4,31,Artvin,Hopa,aegypti,2.220446049250313e-19,2.220446049250313e-19,1,0.044568215929416226,0
TUR.10.4_1,2056,8,22.25673770904541,83.20373787098009,Artvin,Hopa,0.0033222290139419356,3.2145435608077477e-4,31,Artvin,Hopa,aegypti,1.0820087784350063e-6,1.0820087784350063e-6,0.9999989179912215,0.1205310579029401,3.5946809973097515e-9
TUR.10.4_1,2056,9,19.383657034705667,82.52746995149457,Artvin,Hopa,0.002647976953609417,2.647626395455571e-4,30,Artvin,Hopa,aegypti,0,0,1,0.034097503179018177,0
TUR.10.4_1,2056,10,15.433898981879738,83.60331486503493,Artvin,Hopa,0.0026094707761852207,2.5249754708078775e-4,31,Artvin,Hopa,aegypti,0,0,1,2.676305040977392e-4,0
TUR.10.4_1,2056,11,11.926452924223508,74.651256214313,Artvin,Hopa,0.001513622480517068,1.5135079336459079e-4,30,Artvin,Hopa,aegypti,0,0,1,0,0
TUR.10.4_1,2056,12,5.855698741972446,75.39104457521576,Artvin,Hopa,0.0012449782557682923,1.2047450905072754e-4,31,Artvin,Hopa,aegypti,0,0,1,0,0
TUR.10.4_1,2057,1,1.9466652744997512,86.454550827724,Artvin,Hopa,0.0010728118817961497,1.0381511552781664e-4,31,Artvin,Hopa,aegypti,0,0,1,0,0
TUR.10.4_1,2057,2,0.9485670726828497,76.04878954374425,Artvin,Hopa,8.024957536545106e-4,8.597799157217256e-5,28,Artvin,Hopa,aegypti,0,0,1,0,0
TUR.10.4_1,2057,3,3.4044101425610918,79.547004376995,Artvin,Hopa,9.851304531856256e-4,9.533066089073561e-5,31,Artvin,Hopa,aegypti,0,0,1,0,0
TUR.10.4_1,2057,4,8.914041673435884,77.27136478142283,Artvin,Hopa,0.0013026538330876247,1.302568991421449e-4,30,Artvin,Hopa,aegypti,0,0,1,0,0
TUR.10.4_1,2057,5,15.763732797959271,81.85770283467045,Artvin,Hopa,0.001820765615201536,1.7618760119308963e-4,31,Artvin,Hopa,aegypti,0,0,1,6.391825774990287e-4,0
TUR.10.4_1,2057,6,18.883507335887234,89.01582704382619,Artvin,Hopa,0.0020479440707734187,2.0477343813418702e-4,30,Artvin,Hopa,aegypti,0,0,1,0.027648470348028194,0
TUR.10.4_1,2057,7,21.13063627130845,96.16282971017571,Artvin,Hopa,0.002404970895288718,2.327120372511704e-4,31,Artvin,Hopa,aegypti,3.4253704542797083e-9,3.4253704542797083e-9,0.9999999965746296,0.098364995761783,8.237965865021124e-12
TUR.10.4_1,2057,8,21.919480323791504,91.15138496570665,Artvin,Hopa,0.002855751341185381,2.763248482726688e-4,31,Artvin,Hopa,aegypti,1.3005050012201425e-6,1.3005050012201425e-6,0.9999986994949988,0.12212443686374526,3.713918839132191e-9
TUR.10.4_1,2057,9,19.57012897379258,85.24813492952191,Artvin,Hopa,0.002276171722347807,2.275912694116311e-4,30,Artvin,Hopa,aegypti,0,0,1,0.03941261520213285,0
TUR.10.4_1,2057,10,13.015881594489601,81.13139103690993,Artvin,Hopa,0.002243072237826541,2.1704794857158038e-4,31,Artvin,Hopa,aegypti,0,0,1,0,0
TUR.10.4_1,2057,11,8.700299550505246,82.8404423105044,Artvin,Hopa,0.0013010931548202134,1.3010085163212004e-4,30,Artvin,Hopa,aegypti,0,0,1,0,0
TUR.10.4_1,2057,12,6.467215694487095,73.59035487795013,Artvin,Hopa,0.0010701695484377212,1.0355943236184384e-4,31,Artvin,Hopa,aegypti,0,0,1,0,0
TUR.10.4_1,2058,1,4.620248901246883,78.18450077889588,Artvin,Hopa,0.0011593802501642407,1.1219179475541186e-4,31,Artvin,Hopa,aegypti,0,0,1,0,0
TUR.10.4_1,2058,2,6.510394344859592,61.50279573881261,Artvin,Hopa,8.672515129772742e-4,9.291548805046013e-5,28,Artvin,Hopa,aegypti,0,0,1,0,0
TUR.10.4_1,2058,3,4.691343564649715,79.80326048051063,Artvin,Hopa,0.0010646235473702429,1.0302277801843562e-4,31,Artvin,Hopa,aegypti,0,0,1,0,0
TUR.10.4_1,2058,4,13.271644746556001,75.22178134636424,Artvin,Hopa,0.0014077688292881076,1.4076697432841012e-4,30,Artvin,Hopa,aegypti,0,0,1,0,0
TUR.10.4_1,2058,5,14.930692560532513,81.83877430683842,Artvin,Hopa,0.0019676885857272024,1.904033470195854e-4,31,Artvin,Hopa,aegypti,0,0,1,2.1224971676711743e-5,0
TUR.10.4_1,2058,6,18.561749065623562,89.68761049109182,Artvin,Hopa,0.0022131987437726953,2.2129538494053413e-4,30,Artvin,Hopa,aegypti,0,0,1,0.022516736353238035,0
TUR.10.4_1,2058,7,21.029869135688333,89.26227123849603,Artvin,Hopa,0.002599035120257333,2.5148789938223004e-4,31,Artvin,Hopa,aegypti,6.820090819870117e-11,6.820090819870117e-11,0.9999999999317991,0.08451644707744899,1.773026170326375e-13
TUR.10.4_1,2058,8,23.09745693206787,86.50961555652697,Artvin,Hopa,0.0030861903755270803,2.986189891998059e-4,31,Artvin,Hopa,aegypti,0.0017752501869339927,0.0017752501869339927,0.998224749813066,0.1633353726238245,5.47874503264989e-6
TUR.10.4_1,2058,9,20.26889949686387,86.1843379324516,Artvin,Hopa,0.002459842760553812,2.459540244038605e-4,30,Artvin,Hopa,aegypti,2.024269640799048e-15,2.024269640799048e-15,0.999999999999998,0.057475342361703964,0
TUR.10.4_1,2058,10,16.528930720160986,81.87045811454665,Artvin,Hopa,0.0024240723805871744,2.345601362030436e-4,31,Artvin,Hopa,aegypti,0,0,1,0.002612585491350812,0
TUR.10.4_1,2058,11,11.245210935087766,71.54885448091456,Artvin,Hopa,0.0014060822152686323,1.405983366541408e-4,30,Artvin,Hopa,aegypti,0,0,1,0,0
TUR.10.4_1,2058,12,4.868043817579746,82.47068782472748,Artvin,Hopa,0.0011565246991006347,1.119154820694579e-4,31,Artvin,Hopa,aegypti,0,0,1,0,0
TUR.10.4_1,2059,1,1.0719667547930252,78.94610508797791,Artvin,Hopa,0.00111187711490583,1.0759522233871888e-4,31,Artvin,Hopa,aegypti,0,0,1,0,0
TUR.10.4_1,2059,2,2.892023096614353,69.2277827688419,Artvin,Hopa,8.317177302358615e-4,8.910864354283454e-5,28,Artvin,Hopa,aegypti,0,0,1,0,0
TUR.10.4_1,2059,3,4.67778994526495,84.29059568558876,Artvin,Hopa,0.0010210028660943167,9.88018477527941e-5,31,Artvin,Hopa,aegypti,0,0,1,0,0
TUR.10.4_1,2059,4,14.537258302464204,73.2185235948994,Artvin,Hopa,0.0013500885012846127,1.349997368438327e-4,30,Artvin,Hopa,aegypti,0,0,1,0,0
TUR.10.4_1,2059,5,15.120917208054486,78.82420979267826,Artvin,Hopa,0.0018870667388215052,1.8260268792080758e-4,31,Artvin,Hopa,aegypti,0,0,1,6.99859269826004e-5,0
TUR.10.4_1,2059,6,19.466988170848172,81.87155519324025,Artvin,Hopa,0.0021225176412920503,2.1222924031716328e-4,30,Artvin,Hopa,aegypti,0,0,1,0.0354095627168415,0
TUR.10.4_1,2059,7,21.458732661078958,90.48371441476556,Artvin,Hopa,0.0024925451944185465,2.4118496130254297e-4,31,Artvin,Hopa,aegypti,1.0540565330785512e-8,1.0540565330785512e-8,0.9999999894594347,0.10193954597146508,2.6272872766242017e-11
TUR.10.4_1,2059,8,23.302992820739746,93.26199592762072,Artvin,Hopa,0.0029597403011695947,2.8638546461001724e-4,31,Artvin,Hopa,aegypti,0.0321559340525943,0.0321559340525943,0.9678440659474057,0.19430122243139686,9.516868511061372e-5
TUR.10.4_1,2059,9,19.38981014139512,86.07462723909222,Artvin,Hopa,0.0023590559450526365,2.358777709684512e-4,30,Artvin,Hopa,aegypti,0,0,1,0.036209021670369185,0
TUR.10.4_1,2059,10,13.792715128730324,85.75330113212478,Artvin,Hopa,0.0023247511801829943,2.2495061547811446e-4,31,Artvin,Hopa,aegypti,0,0,1,0,0
TUR.10.4_1,2059,11,9.13406210085925,73.89660228364893,Artvin,Hopa,0.001348470992680625,1.348380078066702e-4,30,Artvin,Hopa,aegypti,0,0,1,0,0
TUR.10.4_1,2059,12,4.204693473875523,78.97478480959076,Artvin,Hopa,0.0011091385639622386,1.0733022975961681e-4,31,Artvin,Hopa,aegypti,0,0,1,0,0
TUR.10.4_1,2060,1,2.5457653874147903,78.60943516610291,Artvin,Hopa,0.0011507122472816664,1.113530495258086e-4,31,Artvin,Hopa,aegypti,0,0,1,0,0
TUR.10.4_1,2060,2,0.8761251371436041,81.81523851835362,Artvin,Hopa,8.915092839514539e-4,9.222084573612399e-5,29,Artvin,Hopa,aegypti,0,0,1,0,0
TUR.10.4_1,2060,3,4.645073194166317,82.24256864701454,Artvin,Hopa,0.001056663984512281,1.0225257680163136e-4,31,Artvin,Hopa,aegypti,0,0,1,0,0
TUR.10.4_1,2060,4,10.842535173191743,76.03555545525096,Artvin,Hopa,0.001397243771380196,1.3971461614181724e-4,30,Artvin,Hopa,aegypti,0,0,1,0,0
TUR.10.4_1,2060,5,14.041817552903119,77.42324696308842,Artvin,Hopa,0.001952977337773241,1.8897994792088646e-4,31,Artvin,Hopa,aegypti,0,0,1,0,0
TUR.10.4_1,2060,6,23.752512539134305,67.97224794226369,Artvin,Hopa,0.0021966519610514836,2.1964107147243173e-4,30,Artvin,Hopa,aegypti,6.994002738765009e-5,6.994002738765009e-5,0.9999300599726123,0.13916510925175074,1.5363388650158072e-7
TUR.10.4_1,2060,7,22.3872891033397,88.99963696115228,Artvin,Hopa,0.002579603666330883,2.496079072451529e-4,31,Artvin,Hopa,aegypti,3.15242703311418e-5,3.15242703311418e-5,0.9999684757296688,0.13831836265111958,8.132011997119548e-8
TUR.10.4_1,2060,8,23.88759136199951,87.41950477771837,Artvin,Hopa,0.003063116748848126,2.963867218892524e-4,31,Artvin,Hopa,aegypti,0.05365937215057092,0.05365937215057092,0.9463406278494291,0.20296493561160733,1.643514143934155e-4
TUR.10.4_1,2060,9,19.06123119242051,83.61545212922894,Artvin,Hopa,0.0024414519658717917,2.441153955740072e-4,30,Artvin,Hopa,aegypti,0,0,1,0.028689613102411984,0
TUR.10.4_1,2060,10,12.652136858771827,83.83005284110915,Artvin,Hopa,0.0024059490199559042,2.3280667244474085e-4,31,Artvin,Hopa,aegypti,0,0,1,0,0
TUR.10.4_1,2060,11,11.250525762053098,77.47270549409815,Artvin,Hopa,0.001395569767179786,1.395472390960384e-4,30,Artvin,Hopa,aegypti,0,0,1,0,0
TUR.10.4_1,2060,12,7.682226337492466,79.02307887697357,Artvin,Hopa,0.0011478780454905247,1.1107880243721446e-4,31,Artvin,Hopa,aegypti,0,0,1,0,0
TUR.10.4_1,2061,1,0.8031257265795242,83.32779606698182,Artvin,Hopa,0.0010737469566399456,1.0390559724338111e-4,31,Artvin,Hopa,aegypti,0,0,1,0,0
TUR.10.4_1,2061,2,1.7011683087878149,85.749900383588,Artvin,Hopa,8.031952179354607e-4,8.605292772745354e-5,28,Artvin,Hopa,aegypti,0,0,1,0,0
TUR.10.4_1,2061,3,5.426769275327816,82.80480924760047,Artvin,Hopa,9.85989103914856e-4,9.541374819765913e-5,31,Artvin,Hopa,aegypti,0,0,1,0,0
TUR.10.4_1,2061,4,9.6474091165206,75.58205661491893,Artvin,Hopa,0.0013037892407487099,1.30370425112325e-4,30,Artvin,Hopa,aegypti,0,0,1,0,0
TUR.10.4_1,2061,5,13.033696062424603,80.01424275166264,Artvin,Hopa,0.0018223526148909623,1.7634115473730283e-4,31,Artvin,Hopa,aegypti,0,0,1,0,0
TUR.10.4_1,2061,6,18.660416210398953,82.49221406775197,Artvin,Hopa,0.0020497290817474536,2.0495190266345276e-4,30,Artvin,Hopa,aegypti,0,0,1,0.021647739265955326,0
TUR.10.4_1,2061,7,22.3332176769481,83.33117230050775,Artvin,Hopa,0.002407067094839081,2.329148480441079e-4,31,Artvin,Hopa,aegypti,1.8692181066104485e-6,1.8692181066104485e-6,0.9999981307818934,0.1226031153310694,4.499333350338475e-9
TUR.10.4_1,2061,8,23.849696159362793,80.1812311571129,Artvin,Hopa,0.0028582404460178214,2.7656566279499195e-4,31,Artvin,Hopa,aegypti,0.010420508729516328,0.010420508729516328,0.9895794912704837,0.17839907131574054,2.9783875970301743e-5
TUR.10.4_1,2061,9,20.743558462928323,85.79331620393597,Artvin,Hopa,0.002278155659097429,2.2778961791414254e-4,30,Artvin,Hopa,aegypti,5.797410884689214e-13,5.797410884689214e-13,0.9999999999994202,0.07084163069510646,1.3322676295501878e-15
TUR.10.4_1,2061,10,11.544933375190285,84.67476414482009,Artvin,Hopa,0.0022450273246949833,2.1723710944276942e-4,31,Artvin,Hopa,aegypti,0,0,1,0,0
TUR.10.4_1,2061,11,10.678685475798215,80.11764873140284,Artvin,Hopa,0.0013022272021766526,1.302142416073071e-4,30,Artvin,Hopa,aegypti,0,0,1,0,0
TUR.10.4_1,2061,12,6.4483267441391945,74.79234309816498,Artvin,Hopa,0.0010711023201941871,1.0364969124410095e-4,31,Artvin,Hopa,aegypti,0,0,1,0,0
TUR.10.4_1,2062,1,3.220569598077632,80.7165366065326,Artvin,Hopa,0.0011580785431789433,1.1206583723677443e-4,31,Artvin,Hopa,aegypti,0,0,1,0,0
TUR.10.4_1,2062,2,4.229481230311863,75.30707506620519,Artvin,Hopa,8.662777967592409e-4,9.28111710010171e-5,28,Artvin,Hopa,aegypti,0,0,1,0,0
TUR.10.4_1,2062,3,5.103153724332943,77.05306974564735,Artvin,Hopa,0.0010634282295199277,1.0290711400806618e-4,31,Artvin,Hopa,aegypti,0,0,1,0,0
TUR.10.4_1,2062,4,9.80679336716147,77.69178256706736,Artvin,Hopa,0.0014061882412812747,1.4060893776468575e-4,30,Artvin,Hopa,aegypti,0,0,1,0,0
TUR.10.4_1,2062,5,13.347086794236127,83.47538624531498,Artvin,Hopa,0.0019654793416275483,1.9018958988847867e-4,31,Artvin,Hopa,aegypti,0,0,1,0,0
TUR.10.4_1,2062,6,19.003491008982937,84.19871888952932,Artvin,Hopa,0.0022107138504305736,2.210469505650181e-4,30,Artvin,Hopa,aegypti,0,0,1,0.02752561867343121,0
TUR.10.4_1,2062,7,22.61170202143052,81.45350201242181,Artvin,Hopa,0.0025961170248605956,2.512055740329089e-4,31,Artvin,Hopa,aegypti,9.67227626602768e-6,9.67227626602768e-6,0.999990327723734,0.1308351153599668,2.5110360790669972e-8
TUR.10.4_1,2062,8,21.8856840133667,91.12570442371447,Artvin,Hopa,0.0030827253211851485,2.982837614393663e-4,31,Artvin,Hopa,aegypti,8.857945795930355e-7,8.857945795930355e-7,0.9999991142054204,0.12054211368941273,2.730661363692377e-9
TUR.10.4_1,2062,9,19.98427158243516,87.86271317659222,Artvin,Hopa,0.0024570809449168006,2.4567791073004663e-4,30,Artvin,Hopa,aegypti,7.666089985036706e-17,7.666089985036706e-17,0.9999999999999999,0.051271413382627085,0
TUR.10.4_1,2062,10,15.491068896125343,84.43868016044509,Artvin,Hopa,0.002421350726539479,2.3429681207254305e-4,31,Artvin,Hopa,aegypti,0,0,1,3.2590347479754227e-4,0
TUR.10.4_1,2062,11,11.334734250517453,76.0507923471255,Artvin,Hopa,0.0014045035209263243,1.4044048940364817e-4,30,Artvin,Hopa,aegypti,0,0,1,0,0
TUR.10.4_1,2062,12,7.047413982450962,72.29238887453216,Artvin,Hopa,0.0011552261982168436,1.1178983474913196e-4,31,Artvin,Hopa,aegypti,0,0,1,0,0
TUR.10.4_1,2063,1,5.804126130937434,69.33418187020447,Artvin,Hopa,0.0012668433722612545,1.2259023090621657e-4,31,Artvin,Hopa,aegypti,0,0,1,0,0
TUR.10.4_1,2063,2,5.7134940724902075,72.90719561063878,Artvin,Hopa,9.47637180418732e-4,1.0152740078939182e-4,28,Artvin,Hopa,aegypti,0,0,1,0,0
TUR.10.4_1,2063,3,7.0032901951276205,78.85399595414344,Artvin,Hopa,0.0011633036570600508,1.125714366241315e-4,31,Artvin,Hopa,aegypti,0,0,1,0,0
TUR.10.4_1,2063,4,14.171672975315767,69.33916721062205,Artvin,Hopa,0.001538255124500336,1.5381368191247358e-4,30,Artvin,Hopa,aegypti,0,0,1,0,0
TUR.10.4_1,2063,5,12.170320398667279,84.28568897968998,Artvin,Hopa,0.0021500739236756,2.080500246244288e-4,31,Artvin,Hopa,aegypti,0,0,1,0,0
TUR.10.4_1,2063,6,18.537737453685086,89.76021943884572,Artvin,Hopa,0.0024183404535726596,2.4180480586155628e-4,30,Artvin,Hopa,aegypti,0,0,1,0.022169384721613873,0
TUR.10.4_1,2063,7,22.023504313300638,86.0779145490429,Artvin,Hopa,0.0028399400592737383,2.747951458575981e-4,31,Artvin,Hopa,aegypti,4.0639839853418016e-7,4.0639839853418016e-7,0.9999995936016015,0.11648732468290363,1.154147111215309e-9
TUR.10.4_1,2063,8,24.307610511779785,77.71859230213244,Artvin,Hopa,0.003372249805203334,3.262935100322162e-4,31,Artvin,Hopa,aegypti,0.024805298586217404,0.024805298586217404,0.9751947014137826,0.1885166064109288,8.364616478984122e-5
TUR.10.4_1,2063,9,19.189137991736917,85.51389725862347,Artvin,Hopa,0.002687845939734588,2.6874847463065343e-4,30,Artvin,Hopa,aegypti,0,0,1,0.031804083540453706,0
TUR.10.4_1,2063,10,13.186873492072609,83.54641484062087,Artvin,Hopa,0.002648759998105357,2.562987625789326e-4,31,Artvin,Hopa,aegypti,0,0,1,0,0
TUR.10.4_1,2063,11,11.712119389982785,81.25872386568018,Artvin,Hopa,0.0015364121779848743,1.5362941559105003e-4,30,Artvin,Hopa,aegypti,0,0,1,0,0
TUR.10.4_1,2063,12,5.609474815428257,82.43569179201263,Artvin,Hopa,0.0012637231397589583,1.222883098935812e-4,31,Artvin,Hopa,aegypti,0,0,1,0,0
TUR.10.4_1,2064,1,3.5065717571962844,80.79074772713807,Artvin,Hopa,0.0011471119983191822,1.1100467707192418e-4,31,Artvin,Hopa,aegypti,0,0,1,0,0
TUR.10.4_1,2064,2,0.00549770408200434,81.92565111600987,Artvin,Hopa,8.887200068040405e-4,9.193232639270743e-5,29,Artvin,Hopa,aegypti,0,0,1,0,0
TUR.10.4_1,2064,3,6.408894080778255,79.59079710160438,Artvin,Hopa,0.0010533579856207929,1.0193267408808993e-4,31,Artvin,Hopa,aegypti,0,0,1,0,0
TUR.10.4_1,2064,4,11.380170022740083,76.67766818718455,Artvin,Hopa,0.0013928721959058474,1.392775195762086e-4,30,Artvin,Hopa,aegypti,0,0,1,0,0
TUR.10.4_1,2064,5,17.06659973368925,85.64032612568607,Artvin,Hopa,0.0019468670311777532,1.8838873950055568e-4,31,Artvin,Hopa,aegypti,0,0,1,0.005551580070133224,0
TUR.10.4_1,2064,6,18.579031551585476,90.03725038366994,Artvin,Hopa,0.0021897792663683456,2.1895395272064633e-4,30,Artvin,Hopa,aegypti,0,0,1,0.022775066927459446,0
TUR.10.4_1,2064,7,22.260028895209818,86.86757977121087,Artvin,Hopa,0.0025715328254710002,2.4882705278073125e-4,31,Artvin,Hopa,aegypti,4.825382616446439e-6,4.825382616446439e-6,0.9999951746173835,0.12784515290215595,1.2408629679327987e-8
TUR.10.4_1,2064,8,22.889344215393066,83.55590309314806,Artvin,Hopa,0.003053533134071226,2.9545954975085387e-4,31,Artvin,Hopa,aegypti,1.6499086288714913e-4,1.6499086288714913e-4,0.9998350091371129,0.14666590020919373,5.03804939766539e-7
TUR.10.4_1,2064,9,21.32544475443223,85.79832108674847,Artvin,Hopa,0.0024338133621045603,2.4335172137568417e-4,30,Artvin,Hopa,aegypti,4.4363620199661114e-10,4.4363620199661114e-10,0.9999999995563638,0.09035906879550137,1.0796918914479647e-12
TUR.10.4_1,2064,10,16.9849920833812,80.89677189628493,Artvin,Hopa,0.0023984214947354605,2.3207837158956135e-4,31,Artvin,Hopa,aegypti,0,0,1,0.004655605566515799,0
TUR.10.4_1,2064,11,10.589646626921262,80.54485667818018,Artvin,Hopa,0.0013912034291850071,1.3911066613236933e-4,30,Artvin,Hopa,aegypti,0,0,1,0,0
TUR.10.4_1,2064,12,3.860228218138218,87.17893977785248,Artvin,Hopa,0.001144286663933495,1.1073128792871145e-4,31,Artvin,Hopa,aegypti,0,0,1,0,0
TUR.10.4_1,2065,1,4.463959085344173,75.0035239112201,Artvin,Hopa,0.0011928537089145792,1.1543079305464943e-4,31,Artvin,Hopa,aegypti,0,0,1,0,0
TUR.10.4_1,2065,2,4.894226799540989,71.3424067922794,Artvin,Hopa,8.922906731162371e-4,9.559800233938098e-5,28,Artvin,Hopa,aegypti,0,0,1,0,0
TUR.10.4_1,2065,3,6.148935813566341,83.27875486527626,Artvin,Hopa,0.0010953612043145356,1.05997079104303e-4,31,Artvin,Hopa,aegypti,0,0,1,0,0
TUR.10.4_1,2065,4,11.665424501194673,75.38906345085643,Artvin,Hopa,0.0014484137271380685,1.448308837086465e-4,30,Artvin,Hopa,aegypti,0,0,1,0,0
TUR.10.4_1,2065,5,16.610569841721478,79.13485584980717,Artvin,Hopa,0.0020244994057308386,1.9590010639658484e-4,31,Artvin,Hopa,aegypti,0,0,1,0.0027822785706380134,0
TUR.10.4_1,2065,6,21.576466167674344,81.5798681815215,Artvin,Hopa,0.002277097897519261,2.2768386584548495e-4,30,Artvin,Hopa,aegypti,1.0185480476820885e-9,1.0185480476820885e-9,0.999999998981452,0.092546947050524,2.3193669207444145e-12
TUR.10.4_1,2065,7,21.536741312812357,89.75788433664056,Artvin,Hopa,0.0026740740860119166,2.5874788215363154e-4,31,Artvin,Hopa,aegypti,1.8654145430563317e-8,1.8654145430563317e-8,0.9999999813458545,0.10399346874922241,4.988254254101321e-11
TUR.10.4_1,2065,8,21.864428520202637,86.64784492664415,Artvin,Hopa,0.003175294417290999,3.0723934883369886e-4,31,Artvin,Hopa,aegypti,1.3271926103003429e-7,1.3271926103003429e-7,0.999999867280739,0.11173689361347126,4.214226745347105e-10
TUR.10.4_1,2065,9,19.826085623572855,89.72741349397504,Artvin,Hopa,0.002530862984648584,2.5305427482924525e-4,30,Artvin,Hopa,aegypti,1.1324274851176596e-17,1.1324274851176596e-17,1,0.048571812831079864,0
TUR.10.4_1,2065,10,14.280652102302101,88.75192021171462,Artvin,Hopa,0.002494059847449685,2.4133150526461922e-4,31,Artvin,Hopa,aegypti,0,0,1,0,0
TUR.10.4_1,2065,11,11.61285905978259,77.52653087251612,Artvin,Hopa,0.001446678417442778,1.4465737785662736e-4,30,Artvin,Hopa,aegypti,0,0,1,0,0
TUR.10.4_1,2065,12,9.683054126799107,68.33802028322357,Artvin,Hopa,0.0011899157127940358,1.151465036286492e-4,31,Artvin,Hopa,aegypti,0,0,1,0,0
TUR.10.4_1,2066,1,5.207663642762996,79.71762760995057,Artvin,Hopa,0.0011642831197706364,1.1266621266325938e-4,31,Artvin,Hopa,aegypti,0,0,1,0,0
TUR.10.4_1,2066,2,2.388411889605991,87.72085527860753,Artvin,Hopa,8.70919007816413e-4,9.330839733812102e-5,28,Artvin,Hopa,aegypti,0,0,1,0,0
TUR.10.4_1,2066,3,5.0316598602734945,78.4499584785575,Artvin,Hopa,0.0010691257030969038,1.0345842552694773e-4,31,Artvin,Hopa,aegypti,0,0,1,0,0
TUR.10.4_1,2066,4,13.409875070347505,74.43076572136424,Artvin,Hopa,0.0014137221021724526,1.413622176372753e-4,30,Artvin,Hopa,aegypti,0,0,1,0,0
TUR.10.4_1,2066,5,15.150275118210736,74.89351521260014,Artvin,Hopa,0.001976009687074622,1.9120846124209834e-4,31,Artvin,Hopa,aegypti,0,0,1,7.467009172250791e-5,0
TUR.10.4_1,2066,6,17.99692782233743,87.70190797644338,Artvin,Hopa,0.0022225580759264204,2.2223111060037937e-4,30,Artvin,Hopa,aegypti,0,0,1,0.01409681928896633,0
TUR.10.4_1,2066,7,20.946243342231302,85.90150768869134,Artvin,Hopa,0.0026100261047037727,2.5255127497925134e-4,31,Artvin,Hopa,aegypti,7.243218858032918e-12,7.243218858032918e-12,0.9999999999927568,0.07770789176201377,1.887379141862766e-14
TUR.10.4_1,2066,8,23.325989723205566,97.98711647205431,Artvin,Hopa,0.003099241476742215,2.998816210387778e-4,31,Artvin,Hopa,aegypti,0.07608860708152859,0.07608860708152859,0.9239113929184715,0.211804965189033,2.3578916433919517e-4
TUR.10.4_1,2066,9,19.717254217933206,88.70843918977582,Artvin,Hopa,0.002470245118456254,2.4699400380301384e-4,30,Artvin,Hopa,aegypti,3.885780586188048e-19,3.885780586188048e-19,1,0.04502968651587068,0
TUR.10.4_1,2066,10,14.326100405524757,86.42952488700759,Artvin,Hopa,0.0024343234701643857,2.3555194394464518e-4,31,Artvin,Hopa,aegypti,0,0,1,0,0
TUR.10.4_1,2066,11,12.636295606108273,75.92590678804346,Artvin,Hopa,0.0014120283556797331,1.411928669168283e-4,30,Artvin,Hopa,aegypti,0,0,1,0,0
TUR.10.4_1,2066,12,5.84885660558939,82.04274745607513,Artvin,Hopa,0.0011614154929497304,1.1238873161811824e-4,31,Artvin,Hopa,aegypti,0,0,1,0,0
TUR.10.4_1,2067,1,6.937866556047298,75.71359928963807,Artvin,Hopa,0.0012075380321581106,1.168516915502904e-4,31,Artvin,Hopa,aegypti,0,0,1,0,0
TUR.10.4_1,2067,2,4.774099360042087,75.12752489530675,Artvin,Hopa,9.03274991288119e-4,9.677478037106724e-5,28,Artvin,Hopa,aegypti,0,0,1,0,0
TUR.10.4_1,2067,3,9.15013029064764,75.95615354691688,Artvin,Hopa,0.0011088453707905862,1.0730185927176894e-4,31,Artvin,Hopa,aegypti,0,0,1,0,0
TUR.10.4_1,2067,4,10.078478967442232,79.19377383904002,Artvin,Hopa,0.001466244057211835,1.4661365688839467e-4,30,Artvin,Hopa,aegypti,0,0,1,0,0
TUR.10.4_1,2067,5,15.962274439194623,82.88214741474857,Artvin,Hopa,0.002049421492536554,1.9831144586612837e-4,31,Artvin,Hopa,aegypti,0,0,1,0.001001359147265884,0
TUR.10.4_1,2067,6,18.524572933421414,79.89311586218557,Artvin,Hopa,0.002305129534034659,2.304863873339169e-4,30,Artvin,Hopa,aegypti,0,0,1,0.018920705669690112,0
TUR.10.4_1,2067,7,19.879207667182474,86.85386974923821,Artvin,Hopa,0.0027069925972783818,2.6193271517793715e-4,31,Artvin,Hopa,aegypti,7.549516567451065e-18,7.549516567451065e-18,1,0.0478068194249215,0
TUR.10.4_1,2067,8,21.27428150177002,90.55946602039415,Artvin,Hopa,0.003214383074406639,3.110209527336094e-4,31,Artvin,Hopa,aegypti,1.5747034984303632e-9,1.5747034984303632e-9,0.9999999984252965,0.09501820817604774,5.061728813871014e-12
TUR.10.4_1,2067,9,19.90142017252305,85.31891282258832,Artvin,Hopa,0.0025620185319499248,2.561690363028779e-4,30,Artvin,Hopa,aegypti,5.551115123125783e-18,5.551115123125783e-18,1,0.047246809429719656,0
TUR.10.4_1,2067,10,16.790314730475927,80.97912358085524,Artvin,Hopa,0.0025247623390586425,2.4430199267078123e-4,31,Artvin,Hopa,aegypti,0,0,1,0.003685260226516645,0
TUR.10.4_1,2067,11,10.122801114531125,83.6129032480044,Artvin,Hopa,0.0014644873854263714,1.4643801544955704e-4,30,Artvin,Hopa,aegypti,0,0,1,0,0
TUR.10.4_1,2067,12,5.334245599806309,80.55841060304779,Artvin,Hopa,0.001204563868580988,1.1656390285974538e-4,31,Artvin,Hopa,aegypti,0,0,1,0,0
TUR.10.4_1,2068,1,2.4212602847803604,83.84030827401307,Artvin,Hopa,0.0011587134555592318,1.1212727348275386e-4,31,Artvin,Hopa,aegypti,0,0,1,0,0
TUR.10.4_1,2068,2,5.141266356044285,76.97501329862706,Artvin,Hopa,8.977081850921423e-4,9.286205202774234e-5,29,Artvin,Hopa,aegypti,0,0,1,0,0
TUR.10.4_1,2068,3,5.099586028715267,79.93540922318641,Artvin,Hopa,0.0010640112502074688,1.0296352955718735e-4,31,Artvin,Hopa,aegypti,0,0,1,0,0
TUR.10.4_1,2068,4,12.104847108616548,70.16984042839549,Artvin,Hopa,0.001406959178907798,1.406860206842886e-4,30,Artvin,Hopa,aegypti,0,0,1,0,0
TUR.10.4_1,2068,5,17.173683054306927,77.0463396144556,Artvin,Hopa,0.001966556908580628,1.9029385072277805e-4,31,Artvin,Hopa,aegypti,0,0,1,0.005474638267765123,0
TUR.10.4_1,2068,6,19.492884243235867,82.42823396521291,Artvin,Hopa,0.002211925866317735,2.2116812535522e-4,30,Artvin,Hopa,aegypti,0,0,1,0.036241160336603295,0
TUR.10.4_1,2068,7,22.129186686347513,87.44145519845696,Artvin,Hopa,0.002597540336646718,2.513432792726755e-4,31,Artvin,Hopa,aegypti,1.8115442750937794e-6,1.8115442750937794e-6,0.9999981884557249,0.1233319454891502,4.705559275564042e-9
TUR.10.4_1,2068,8,20.671406745910645,91.60323585681994,Artvin,Hopa,0.0030844154142129292,2.984472700292562e-4,31,Artvin,Hopa,aegypti,2.7576256833583557e-12,2.7576256833583557e-12,0.9999999999972424,0.07519935439363999,8.548717289613705e-15
TUR.10.4_1,2068,9,20.149207648108987,82.57867844758832,Artvin,Hopa,0.0024584280306740552,2.458125862017102e-4,30,Artvin,Hopa,aegypti,7.716050021144837e-17,7.716050021144837e-17,0.9999999999999999,0.05141443234958894,0
TUR.10.4_1,2068,10,13.303202685187843,86.77152775565993,Artvin,Hopa,0.002422678223333505,2.3442524939654152e-4,31,Artvin,Hopa,aegypti,0,0,1,0,0
TUR.10.4_1,2068,11,10.751750279875363,81.37627757661768,Artvin,Hopa,0.0014052735349109951,1.4051747998511388e-4,30,Artvin,Hopa,aegypti,0,0,1,0,0
TUR.10.4_1,2068,12,9.050165332853794,70.05879207277435,Artvin,Hopa,0.0011558595468093044,1.1185111969469475e-4,31,Artvin,Hopa,aegypti,0,0,1,0,0
TUR.10.4_1,2069,1,6.92438780009637,70.3831396949115,Artvin,Hopa,0.0012264349112912738,1.1868020642680221e-4,31,Artvin,Hopa,aegypti,0,0,1,0,0
TUR.10.4_1,2069,2,3.4986219506792944,82.22660784208409,Artvin,Hopa,9.174104287483162e-4,9.828914381426745e-5,28,Artvin,Hopa,aegypti,0,0,1,0,0
TUR.10.4_1,2069,3,9.110956687589779,75.67306486283485,Artvin,Hopa,0.00112619779894703,1.0898094491440524e-4,31,Artvin,Hopa,aegypti,0,0,1,0,0
TUR.10.4_1,2069,4,13.22974315811606,69.43039951042674,Artvin,Hopa,0.001489189451883448,1.489078573125857e-4,30,Artvin,Hopa,aegypti,0,0,1,0,0
TUR.10.4_1,2069,5,13.633471376755658,85.42509327656498,Artvin,Hopa,0.002081493087141451,2.0141452825450656e-4,31,Artvin,Hopa,aegypti,0,0,1,0,0
TUR.10.4_1,2069,6,17.88234385322122,88.68856416540822,Artvin,Hopa,0.0023412027284441866,2.340928688320254e-4,30,Artvin,Hopa,aegypti,0,0,1,0.01293357597907795,0
TUR.10.4_1,2069,7,21.739738520453958,88.33703930490228,Artvin,Hopa,0.002749354585524595,2.660311802211712e-4,31,Artvin,Hopa,aegypti,8.026232021668411e-8,8.026232021668411e-8,0.9999999197376798,0.10950946141268819,2.2066959370903305e-10
TUR.10.4_1,2069,8,23.0169038772583,85.99398292713244,Artvin,Hopa,0.0032646852651676125,3.158873807977969e-4,31,Artvin,Hopa,aegypti,9.166954775063322e-4,9.166954775063322e-4,0.9990833045224937,0.1588606261628021,2.992717739846995e-6
TUR.10.4_1,2069,9,21.298177298377542,76.92404587922894,Artvin,Hopa,0.002602111807064959,2.6017732871352894e-4,30,Artvin,Hopa,aegypti,8.123602346365999e-12,8.123602346365999e-12,0.9999999999918764,0.07682600306485704,2.1094237467877974e-14
TUR.10.4_1,2069,10,14.083567675422218,83.77514408866774,Artvin,Hopa,0.002564272588417734,2.4812462377499234e-4,31,Artvin,Hopa,aegypti,0,0,1,0,0
TUR.10.4_1,2069,11,10.212823201628293,72.35261119478174,Artvin,Hopa,0.0014874052897717812,0.00014872946765309702,30,Artvin,Hopa,aegypti,0,0,1,0,0
TUR.10.4_1,2069,12,7.505540050566196,67.54269786501068,Artvin,Hopa,0.0012234142047414724,1.1838791463714138e-4,31,Artvin,Hopa,aegypti,0,0,1,0,0
TUR.10.4_1,2070,1,6.1684030169237625,78.0617743384662,Artvin,Hopa,0.0011463550538613647,1.1093143251117432e-4,31,Artvin,Hopa,aegypti,0,0,1,0,0
TUR.10.4_1,2070,2,2.2776178222231787,84.10919908964269,Artvin,Hopa,8.575082719664886e-4,9.187166582214079e-5,28,Artvin,Hopa,aegypti,0,0,1,0,0
TUR.10.4_1,2070,3,8.661026973386898,71.02550474320594,Artvin,Hopa,0.0010526629065958314,1.0186541523038439e-4,31,Artvin,Hopa,aegypti,0,0,1,0,0
TUR.10.4_1,2070,4,10.824186479344087,75.72075900749705,Artvin,Hopa,0.0013919530817385441,1.3918562095638354e-4,30,Artvin,Hopa,aegypti,0,0,1,0,0
TUR.10.4_1,2070,5,15.7758950065164,79.93396626240482,Artvin,Hopa,0.0019455823526010178,1.882644391808519e-4,31,Artvin,Hopa,aegypti,0,0,1,6.349178800200881e-4,0
TUR.10.4_1,2070,6,19.015791500315945,88.50101838904104,Artvin,Hopa,0.002188334297366234,2.188094874481239e-4,30,Artvin,Hopa,aegypti,0,0,1,0.02997977408909193,0
TUR.10.4_1,2070,7,21.251083430121927,86.13904888742181,Artvin,Hopa,0.0025698359488598344,2.486628797625512e-4,31,Artvin,Hopa,aegypti,1.9776116166880798e-10,1.9776116166880798e-10,0.9999999998022389,0.08736419733180968,5.082601006733967e-13
TUR.10.4_1,2070,8,23.8300199508667,80.91068519764025,Artvin,Hopa,0.0030515182000578223,2.952646137303061e-4,31,Artvin,Hopa,aegypti,0.011814217336769569,0.011814217336769569,0.9881857826632304,0.17990148513300597,3.6050649382279865e-5
TUR.10.4_1,2070,9,19.273648794959573,88.64545853792035,Artvin,Hopa,0.002432207362395285,2.4319116047410994e-4,30,Artvin,Hopa,aegypti,0,0,1,0.035022358598115894,0
TUR.10.4_1,2070,10,15.85339551813462,81.03061436454665,Artvin,Hopa,0.0023968388490473234,2.3192524786264102e-4,31,Artvin,Hopa,aegypti,0,0,1,7.70313537621454e-4,0
TUR.10.4_1,2070,11,8.270619203062619,80.89660228364893,Artvin,Hopa,0.0013902854161863105,1.390188775988177e-4,30,Artvin,Hopa,aegypti,0,0,1,0,0
TUR.10.4_1,2070,12,3.79810444265604,82.91923518800873,Artvin,Hopa,0.00114353158382825,1.1065822374911605e-4,31,Artvin,Hopa,aegypti,0,0,1,0,0
TUR.10.4_1,2071,1,2.9078993672121536,80.85910710213807,Artvin,Hopa,0.0012165101430735043,1.1771985851294353e-4,31,Artvin,Hopa,aegypti,0,0,1,0,0
TUR.10.4_1,2071,2,3.504395971827976,77.19139818632237,Artvin,Hopa,9.099864017721882e-4,9.74937902185058e-5,28,Artvin,Hopa,aegypti,0,0,1,0,0
TUR.10.4_1,2071,3,7.6929216572247885,67.98519102250282,Artvin,Hopa,0.0011170841867862808,1.0809907817543873e-4,31,Artvin,Hopa,aegypti,0,0,1,0,0
TUR.10.4_1,2071,4,11.148471986546236,75.50271854118846,Artvin,Hopa,0.0014771383760324444,1.4770292845145416e-4,30,Artvin,Hopa,aegypti,0,0,1,0,0
TUR.10.4_1,2071,5,14.630234606125775,79.00540028340092,Artvin,Hopa,0.002064648869607707,1.9978476968129932e-4,31,Artvin,Hopa,aegypti,0,0,1,0,0
TUR.10.4_1,2071,6,18.354361141429226,89.11999116736135,Artvin,Hopa,0.0023222568437366534,2.32198722076582e-4,30,Artvin,Hopa,aegypti,0,0,1,0.018919508856896593,0
TUR.10.4_1,2071,7,20.139463480781107,90.23948223703118,Artvin,Hopa,0.0027271057839301717,2.6387864086641066e-4,31,Artvin,Hopa,aegypti,1.8073875729385235e-15,1.8073875729385235e-15,0.9999999999999982,0.05765477629112302,0
TUR.10.4_1,2071,8,24.22739887237549,95.48379768543322,Artvin,Hopa,0.003238266215724017,3.1333150294998724e-4,31,Artvin,Hopa,aegypti,0.2129581529194908,0.2129581529194908,0.7870418470805092,0.25504468489340065,6.893774620562176e-4
TUR.10.4_1,2071,9,20.371503409217386,81.83852799592816,Artvin,Hopa,0.0025810545488900018,2.5807214854167704e-4,30,Artvin,Hopa,aegypti,1.3502532425491155e-15,1.3502532425491155e-15,0.9999999999999987,0.05641320378237284,0
TUR.10.4_1,2071,10,16.973084505866552,78.49229954521071,Artvin,Hopa,0.0025435215392972956,2.4611695399057165e-4,31,Artvin,Hopa,aegypti,0,0,1,0.0044453336010605304,0
TUR.10.4_1,2071,11,9.766081143828,72.96542705171534,Artvin,Hopa,0.001475368652025285,1.475259821744901e-4,30,Artvin,Hopa,aegypti,0,0,1,0,0
TUR.10.4_1,2071,12,4.203987039625645,79.97747035646576,Artvin,Hopa,0.0012135138812064863,1.1742993177921157e-4,31,Artvin,Hopa,aegypti,0,0,1,0,0
TUR.10.4_1,2072,1,3.3282666081179153,74.1665869605365,Artvin,Hopa,0.001227822399250101,1.1881446351058589e-4,31,Artvin,Hopa,aegypti,0,0,1,0,0
TUR.10.4_1,2072,2,5.708653221660129,81.26158861600987,Artvin,Hopa,9.51250037149451e-4,9.840033462626963e-5,29,Artvin,Hopa,aegypti,0,0,1,0,0
TUR.10.4_1,2072,3,5.008580703397884,77.20501676713172,Artvin,Hopa,0.001127471886850848,1.0910423029897309e-4,31,Artvin,Hopa,aegypti,0,0,1,0,0
TUR.10.4_1,2072,4,11.933913385166841,78.11239871696971,Artvin,Hopa,0.0014908741987981662,1.490763069027512e-4,30,Artvin,Hopa,aegypti,0,0,1,0,0
TUR.10.4_1,2072,5,15.433032877304974,80.38716755635014,Artvin,Hopa,0.0020838479178529727,2.0164236917186162e-4,31,Artvin,Hopa,aegypti,0,0,1,2.4566148780135166e-4,0
TUR.10.4_1,2072,6,18.88742502997903,86.4004477103301,Artvin,Hopa,0.002343851373362056,2.343576712858786e-4,30,Artvin,Hopa,aegypti,0,0,1,0.026775067819334634,0
TUR.10.4_1,2072,7,20.780235346625833,90.45547039621087,Artvin,Hopa,0.002752464980007695,2.6633210601656465e-4,31,Artvin,Hopa,aegypti,5.751601805936701e-12,5.751601805936701e-12,0.9999999999942484,0.07740450609751841,1.587618925213974e-14
TUR.10.4_1,2072,8,21.84437084197998,89.30284370594103,Artvin,Hopa,0.003268378662553057,0.00031624469338120687,31,Artvin,Hopa,aegypti,3.155673939318482e-7,3.155673939318482e-7,0.9999996844326061,0.11550078149786562,1.031393748185394e-9
TUR.10.4_1,2072,9,19.554383810828714,83.88367112336957,Artvin,Hopa,0.002605055623134271,2.6047163368569937e-4,30,Artvin,Hopa,aegypti,0,0,1,0.03837024333107879,0
TUR.10.4_1,2072,10,15.634148653815773,82.26033543388259,Artvin,Hopa,0.002567173596295791,2.484052967742789e-4,31,Artvin,Hopa,aegypti,0,0,1,4.6386443047032646e-4,0
TUR.10.4_1,2072,11,10.862242986174191,78.53650249116846,Artvin,Hopa,0.001489088018231689,1.488977154577853e-4,30,Artvin,Hopa,aegypti,0,0,1,0,0
TUR.10.4_1,2072,12,5.432387746870518,80.42169948244232,Artvin,Hopa,0.0012247982753204399,1.1852184108518404e-4,31,Artvin,Hopa,aegypti,0,0,1,0,0
TUR.10.4_1,2073,1,3.3519208306063186,80.34854802010682,Artvin,Hopa,0.0011600907542393894,1.1226054549784426e-4,31,Artvin,Hopa,aegypti,0,0,1,0,0
TUR.10.4_1,2073,2,4.813407431178562,69.60511736356847,Artvin,Hopa,8.677829915271821e-4,9.297242688821594e-5,28,Artvin,Hopa,aegypti,0,0,1,0,0
TUR.10.4_1,2073,3,4.739240903516903,85.03142515336219,Artvin,Hopa,0.00106527598160724,1.0308591030883107e-4,31,Artvin,Hopa,aegypti,0,0,1,0,0
TUR.10.4_1,2073,4,10.760949289097505,75.10031375603221,Artvin,Hopa,0.0014086315535668198,1.4085323460821808e-4,30,Artvin,Hopa,aegypti,0,0,1,0,0
TUR.10.4_1,2073,5,15.21225918040556,79.57155476338139,Artvin,Hopa,0.0019688944461501174,1.9052002096342502e-4,31,Artvin,Hopa,aegypti,0,0,1,1.0952425336776151e-4,0
TUR.10.4_1,2073,6,19.798643673167508,80.58181367712697,Artvin,Hopa,0.0022145550604137122,2.2143098658078397e-4,30,Artvin,Hopa,aegypti,0,0,1,0.04156166616641024,0
TUR.10.4_1,2073,7,22.957237299750833,80.0582612287304,Artvin,Hopa,0.002600627889363185,2.5164199955196587e-4,31,Artvin,Hopa,aegypti,6.776358214995981e-5,6.776358214995981e-5,0.99993223641785,0.14084547226022492,1.7622784609372388e-7
TUR.10.4_1,2073,8,23.25210475921631,87.1430231493004,Artvin,Hopa,0.003088081688440324,2.988019648086926e-4,31,Artvin,Hopa,aegypti,0.00539533282779439,0.00539533282779439,0.9946046671722056,0.17262268044415996,1.6661089711100807e-5
TUR.10.4_1,2073,9,19.462539252112894,86.61496384797894,Artvin,Hopa,0.002461350228276632,2.4610473408803735e-4,30,Artvin,Hopa,aegypti,0,0,1,0.03812354461011438,0
TUR.10.4_1,2073,10,15.218552645514992,80.8700537566365,Artvin,Hopa,0.0024255579271148277,2.3470386503887664e-4,31,Artvin,Hopa,aegypti,0,0,1,1.138802657853066e-4,0
TUR.10.4_1,2073,11,8.722639371367062,81.48308147066065,Artvin,Hopa,0.0014069439059381092,1.4068449360216118e-4,30,Artvin,Hopa,aegypti,0,0,1,0,0
TUR.10.4_1,2073,12,5.850619949400425,77.46593471193451,Artvin,Hopa,0.0011572334532057736,1.1198406349777201e-4,31,Artvin,Hopa,aegypti,0,0,1,0,0
TUR.10.4_1,2074,1,2.5758630508173477,84.37765416024354,Artvin,Hopa,0.0012039156138694065,1.1650117584338648e-4,31,Artvin,Hopa,aegypti,0,0,1,0,0
TUR.10.4_1,2074,2,3.5908086400561254,74.19820360624425,Artvin,Hopa,9.005653127843924e-4,9.648448572807666e-5,28,Artvin,Hopa,aegypti,0,0,1,0,0
TUR.10.4_1,2074,3,4.740022201200619,86.52326933060829,Artvin,Hopa,0.0011055190144825216,1.0697998831188382e-4,31,Artvin,Hopa,aegypti,0,0,1,0,0
TUR.10.4_1,2074,4,11.116593515171724,71.82428226189158,Artvin,Hopa,0.0014618455627983253,1.4617387183823993e-4,30,Artvin,Hopa,aegypti,0,0,1,0,0
TUR.10.4_1,2074,5,16.65050781474394,76.93807087666264,Artvin,Hopa,0.002043273560381937,1.9771660250045286e-4,31,Artvin,Hopa,aegypti,0,0,1,0.0028385436453675006,0
TUR.10.4_1,2074,6,18.11477907966165,88.99695955115041,Artvin,Hopa,0.002298214519219767,2.2979504499509584e-4,30,Artvin,Hopa,aegypti,0,0,1,0.0158362472737382,0
TUR.10.4_1,2074,7,21.287967737983255,82.25519116037103,Artvin,Hopa,0.002698872058437677,2.611470621138867e-4,31,Artvin,Hopa,aegypti,6.808077901432341e-11,6.808077901432341e-11,0.9999999999319192,0.08388039193436524,1.837419105754634e-13
TUR.10.4_1,2074,8,23.062222480773926,91.6519571702965,Artvin,Hopa,0.0032047404464102176,3.1008808498189655e-4,31,Artvin,Hopa,aegypti,0.008053741603698043,0.008053741603698043,0.9919462583963019,0.17726216610707948,2.5809818383182304e-5
TUR.10.4_1,2074,9,21.15386730081895,82.30703385530316,Artvin,Hopa,0.0025543328917970033,2.554006688746391e-4,30,Artvin,Hopa,aegypti,1.6251680501344624e-11,1.6251680501344624e-11,0.9999999999837483,0.07961038121470074,4.1522341120980855e-14
TUR.10.4_1,2074,10,16.582259234260107,79.078916061324,Artvin,Hopa,0.0025171884614431338,2.4356921556656363e-4,31,Artvin,Hopa,aegypti,0,0,1,0.002689777406769723,0
TUR.10.4_1,2074,11,11.590704251738156,77.6738392221255,Artvin,Hopa,0.0014600941607433656,1.4599875721832412e-4,30,Artvin,Hopa,aegypti,0,0,1,0,0
TUR.10.4_1,2074,12,7.015386737883091,78.22384639406341,Artvin,Hopa,0.001200950372300741,1.1621425037178224e-4,31,Artvin,Hopa,aegypti,0,0,1,0,0
TUR.10.4_1,2075,1,2.3700359338511,82.0866766822162,Artvin,Hopa,0.0011660416792935607,1.1283637665460144e-4,31,Artvin,Hopa,aegypti,0,0,1,0,0
TUR.10.4_1,2075,2,4.211895237498752,75.34452776395909,Artvin,Hopa,8.722344635581342e-4,9.34493258637481e-5,28,Artvin,Hopa,aegypti,0,0,1,0,0
TUR.10.4_1,2075,3,9.224422950407162,76.43164030228797,Artvin,Hopa,0.0010707405347082687,1.0361468337383162e-4,31,Artvin,Hopa,aegypti,0,0,1,0,0
TUR.10.4_1,2075,4,13.443673288120943,75.08203372673533,Artvin,Hopa,0.0014158574199687234,1.415757192086975e-4,30,Artvin,Hopa,aegypti,0,0,1,0,0
TUR.10.4_1,2075,5,14.24503792033476,83.38404713398685,Artvin,Hopa,0.001978994296740079,1.9149723916644934e-4,31,Artvin,Hopa,aegypti,0,0,1,0,0
TUR.10.4_1,2075,6,18.19212588141946,87.32709108191213,Artvin,Hopa,0.002225915077847433,2.2256673613307854e-4,30,Artvin,Hopa,aegypti,0,0,1,0.016418729718029126,0
TUR.10.4_1,2075,7,22.201515253852396,82.79909832589837,Artvin,Hopa,0.002613968347087577,2.529326858837777e-4,31,Artvin,Hopa,aegypti,5.708550883793962e-7,5.708550883793962e-7,0.9999994291449116,0.11759370024886773,1.4921971436265835e-9
TUR.10.4_1,2075,8,21.118979454040527,95.02932228260119,Artvin,Hopa,0.0031039226410743415,3.0033450098809755e-4,31,Artvin,Hopa,aegypti,1.8365833909239627e-9,1.8365833909239627e-9,0.9999999981634166,0.0959033856792417,5.700662164542791e-12
TUR.10.4_1,2075,9,19.751397665809183,84.51572068391644,Artvin,Hopa,0.002473976232481058,2.4736702297967206e-4,30,Artvin,Hopa,aegypti,5.551115123125783e-20,5.551115123125783e-20,1,0.043020352129125944,0
TUR.10.4_1,2075,10,13.71269899256089,81.90504978935134,Artvin,Hopa,0.002438000327320212,2.3590768495218573e-4,31,Artvin,Hopa,aegypti,0,0,1,0,0
TUR.10.4_1,2075,11,10.18556242129382,81.76584972017237,Artvin,Hopa,0.0014141611152030432,1.4140611273338877e-4,30,Artvin,Hopa,aegypti,0,0,1,0,0
TUR.10.4_1,2075,12,6.465035118162632,77.30117030763763,Artvin,Hopa,0.0011631697211443306,1.1255847654290108e-4,31,Artvin,Hopa,aegypti,0,0,1,0,0
TUR.39.3_1,2025,1,3.038676060845747,84.85223834026375,Isparta,Eğirdir,7.634753700334275e-5,7.38844402825567e-6,31,Isparta,E<U+011F>irdir,albopictus,0,0,1,0,0
TUR.39.3_1,2025,2,2.2854359347154114,74.93686600789113,Isparta,Eğirdir,5.7110268153056414e-5,6.118938581378686e-6,28,Isparta,E<U+011F>irdir,albopictus,0,0,1,0,0
TUR.39.3_1,2025,3,2.686109091648284,66.40634629585922,Isparta,Eğirdir,7.010761625960517e-5,6.784585009689259e-6,31,Isparta,E<U+011F>irdir,albopictus,0,0,1,0,0
TUR.39.3_1,2025,4,7.556056836072138,67.8055806651712,Isparta,Eğirdir,9.270442787946446e-5,9.270399817573605e-6,30,Isparta,E<U+011F>irdir,albopictus,0,0,1,0,0
TUR.39.3_1,2025,5,13.225726071526022,64.72263501550103,Isparta,Eğirdir,1.29576277574662e-4,1.2539561144331302e-5,31,Isparta,E<U+011F>irdir,albopictus,0,0,1,0.0011676618333333062,0
TUR.39.3_1,2025,6,18.889152807347912,52.487647724084916,Isparta,Eğirdir,1.4574361859450382e-4,1.45742556539874e-5,30,Isparta,E<U+011F>irdir,albopictus,2.0539125955565395e-18,2.0539125955565395e-18,1,0.047168418656302925,0
TUR.39.3_1,2025,7,23.620483174043542,41.54791948001824,Isparta,Eğirdir,1.7115172523313556e-4,1.656293301699474e-5,31,Isparta,E<U+011F>irdir,albopictus,4.9234364399297624e-8,4.9234364399297624e-8,0.9999999507656356,0.1065790132491414,8.426592756904938e-12
TUR.39.3_1,2025,8,23.358649253845215,44.1953295077004,Isparta,Eğirdir,2.032318851917091e-4,1.9667408386769836e-5,31,Isparta,E<U+011F>irdir,albopictus,7.55349590803589e-8,7.55349590803589e-8,0.9999999244650409,0.1090962235276485,1.5351164783794502e-11
TUR.39.3_1,2025,9,18.988064597634708,41.077852647698975,Isparta,Eğirdir,1.6198562650794016e-4,1.6198431454839124e-5,30,Isparta,E<U+011F>irdir,albopictus,0,0,1,0.041111487392619835,0
TUR.39.3_1,2025,10,15.505147302851958,46.54894869656002,Isparta,Eğirdir,1.5963007455875036e-4,1.54479524105966e-5,31,Isparta,E<U+011F>irdir,albopictus,0,0,1,0.00868755478356357,0
TUR.39.3_1,2025,11,6.714477793697049,76.67091548154326,Isparta,Eğirdir,9.259336093120133e-5,9.259293225594156e-6,30,Isparta,E<U+011F>irdir,albopictus,0,0,1,0,0
TUR.39.3_1,2025,12,4.455477696788662,79.33135967271612,Isparta,Eğirdir,7.615949318384289e-5,7.370246373539224e-6,31,Isparta,E<U+011F>irdir,albopictus,0,0,1,0,0
TUR.39.3_1,2026,1,-0.7554688080049612,80.34730212200203,Isparta,Eğirdir,8.688859714198846e-5,8.40853856498569e-6,31,Isparta,E<U+011F>irdir,albopictus,0,0,1,0,0
TUR.39.3_1,2026,2,0.9601254213382217,81.09450455769581,Isparta,Eğirdir,6.499530013659233e-5,6.9637579104275815e-6,28,Isparta,E<U+011F>irdir,albopictus,0,0,1,0,0
TUR.39.3_1,2026,3,5.778465892681304,65.35070512154282,Isparta,Eğirdir,7.978715050754347e-5,7.721307336394645e-6,31,Isparta,E<U+011F>irdir,albopictus,0,0,1,0,0
TUR.39.3_1,2026,4,13.515141823712518,44.18923621326691,Isparta,Eğirdir,1.0550383160290603e-4,1.0550327505187695e-5,30,Isparta,E<U+011F>irdir,albopictus,0,0,1,0.0012350661507863168,0
TUR.39.3_1,2026,5,17.89760965459487,37.10948346520806,Isparta,Eğirdir,1.4746645960367176e-4,1.427084587413141e-5,31,Isparta,E<U+011F>irdir,albopictus,0,0,1,0.026391357721040502,0
TUR.39.3_1,2026,6,18.962459844701428,42.9601170539189,Isparta,Eğirdir,1.6586597366617092e-4,1.6586459809730947e-5,30,Isparta,E<U+011F>irdir,albopictus,0,0,1,0.041681086574820454,0
TUR.39.3_1,2026,7,26.177306904512292,29.563746658973315,Isparta,Eğirdir,1.947820962880192e-4,1.884970262810981e-5,31,Isparta,E<U+011F>irdir,albopictus,1.4038596064802622e-8,1.4038596064802622e-8,0.9999999859614039,0.09867999382727244,2.7344793096517606e-12
TUR.39.3_1,2026,8,24.835566520690918,32.0654466952004,Isparta,Eğirdir,2.312914612825835e-4,2.2382794141795337e-5,31,Isparta,E<U+011F>irdir,albopictus,1.0893353546814755e-8,1.0893353546814755e-8,0.9999999891066464,0.09921166430336426,2.5195401320843303e-12
TUR.39.3_1,2026,9,22.000366996316348,38.33268968383179,Isparta,Eğirdir,1.8435046364134554e-4,1.84348764397102e-5,30,Isparta,E<U+011F>irdir,albopictus,2.2034653823777005e-11,2.2034653823777005e-11,0.9999999999779653,0.08049987518861629,4.107825191113079e-15
TUR.39.3_1,2026,10,14.488361681208891,57.39178316921627,Isparta,Eğirdir,1.8166968817178168e-4,1.758078302127597e-5,31,Isparta,E<U+011F>irdir,albopictus,0,0,1,0.004565894152920151,0
TUR.39.3_1,2026,11,7.796659247401883,74.15059840390654,Isparta,Eğirdir,1.0537742999648614e-4,1.0537687477829571e-5,30,Isparta,E<U+011F>irdir,albopictus,0,0,1,0,0
TUR.39.3_1,2026,12,3.147067767513149,82.55438213365362,Isparta,Eğirdir,8.66745907140293e-5,8.38782843948227e-6,31,Isparta,E<U+011F>irdir,albopictus,0,0,1,0,0
TUR.39.3_1,2027,1,2.9246712700628184,75.33536211956063,Isparta,Eğirdir,8.271652465921034e-5,8.004792928506532e-6,31,Isparta,E<U+011F>irdir,albopictus,0,0,1,0,0
TUR.39.3_1,2027,2,4.8565421301652405,78.99774094685597,Isparta,Eğirdir,6.187446366173638e-5,6.629384846412734e-6,28,Isparta,E<U+011F>irdir,albopictus,0,0,1,0,0
TUR.39.3_1,2027,3,7.095434810527983,63.59045884468735,Isparta,Eğirdir,7.595606350578387e-5,7.350559775409771e-6,31,Isparta,E<U+011F>irdir,albopictus,0,0,1,0,0
TUR.39.3_1,2027,4,8.702277520123651,64.70724539905792,Isparta,Eğirdir,1.0043792368015706e-4,1.004374192925539e-5,30,Isparta,E<U+011F>irdir,albopictus,0,0,1,0,0
TUR.39.3_1,2027,5,13.990723553825827,63.945405706418995,Isparta,Eğirdir,1.4038565983842986e-4,1.3585616731259798e-5,31,Isparta,E<U+011F>irdir,albopictus,0,0,1,0.003026130303128448,0
TUR.39.3_1,2027,6,18.690201086156506,54.816741657190384,Isparta,Eğirdir,1.5790169656510324e-4,1.579004499241421e-5,30,Isparta,E<U+011F>irdir,albopictus,4.440892098500626e-19,4.440892098500626e-19,1,0.04561965623217072,0
TUR.39.3_1,2027,7,22.780988468843347,48.59056016605339,Isparta,Eğirdir,1.8542937279159648e-4,1.7944617005549723e-5,31,Isparta,E<U+011F>irdir,albopictus,5.9352011252844504e-8,5.9352011252844504e-8,0.9999999406479887,0.10875009531127525,1.1005640843109177e-11
TUR.39.3_1,2027,8,24.187220573425293,37.66640647303243,Isparta,Eğirdir,2.2018569167806662e-4,2.1308065722980274e-5,31,Isparta,E<U+011F>irdir,albopictus,3.769932867986325e-8,3.769932867986325e-8,0.9999999623006713,0.10524366181435285,8.300804488214908e-12
TUR.39.3_1,2027,9,20.2778881297392,57.014219682611085,Isparta,Eğirdir,1.7549862897207828e-4,1.7549708899222694e-5,30,Isparta,E<U+011F>irdir,albopictus,2.2712385860934605e-12,2.2712385860934605e-12,0.9999999999977288,0.07526039342260761,4.440892098500626e-16
TUR.39.3_1,2027,10,13.240960443721098,60.252668789333455,Isparta,Eğirdir,1.7294657453078468e-4,1.673662521828323e-5,31,Isparta,E<U+011F>irdir,albopictus,0,0,1,0.0011084658608619983,0
TUR.39.3_1,2027,11,7.149535433772733,75.89412867734404,Isparta,Eğirdir,1.0031759141633528e-4,1.003170882374338e-5,30,Isparta,E<U+011F>irdir,albopictus,0,0,1,0,0
TUR.39.3_1,2027,12,3.62534425867831,83.64125804918096,Isparta,Eğirdir,8.251279403680674e-5,7.985077219441195e-6,31,Isparta,E<U+011F>irdir,albopictus,0,0,1,0,0
TUR.39.3_1,2028,1,1.50291124742259,80.24771563518563,Isparta,Eğirdir,7.857076707257458e-5,7.6035937124352415e-6,31,Isparta,E<U+011F>irdir,albopictus,0,0,1,0,0
TUR.39.3_1,2028,2,5.0727451044846985,78.90694352253956,Isparta,Eğirdir,6.0872358365750245e-5,6.297120693665725e-6,29,Isparta,E<U+011F>irdir,albopictus,0,0,1,0,0
TUR.39.3_1,2028,3,4.991666461834136,75.01091477730454,Isparta,Eğirdir,7.214914067110904e-5,6.982150528300757e-6,31,Isparta,E<U+011F>irdir,albopictus,0,0,1,0,0
TUR.39.3_1,2028,4,7.920952656689813,73.48682456165558,Isparta,Eğirdir,9.540396842395555e-5,9.540351332937291e-6,30,Isparta,E<U+011F>irdir,albopictus,0,0,1,0,0
TUR.39.3_1,2028,5,15.104499760796042,55.16075681115532,Isparta,Eğirdir,1.3334952145220195e-4,1.2904709132177672e-5,31,Isparta,E<U+011F>irdir,albopictus,0,0,1,0.007408048506873326,0
TUR.39.3_1,2028,6,18.58864240085377,58.87212343209273,Isparta,Eğirdir,1.4998765328083256e-4,1.4998652847153515e-5,30,Isparta,E<U+011F>irdir,albopictus,1.3877787807814458e-18,1.3877787807814458e-18,1,0.04658575217445255,0
TUR.39.3_1,2028,7,21.4702527663287,55.866297928504565,Isparta,Eğirdir,1.761356405875045e-4,1.70452393012388e-5,31,Isparta,E<U+011F>irdir,albopictus,2.2516927288829257e-9,2.2516927288829257e-9,0.9999999977483073,0.09714797876814416,3.965716643961059e-13
TUR.39.3_1,2028,8,23.542160987854004,42.842584451548056,Isparta,Eğirdir,2.091499705146855e-4,2.024011489332178e-5,31,Isparta,E<U+011F>irdir,albopictus,7.390974400278694e-8,7.390974400278694e-8,0.999999926090256,0.10853699043353705,1.5458190283368367e-11
TUR.39.3_1,2028,9,19.147995780496036,45.735811632073975,Isparta,Eğirdir,1.6670262629301562e-4,1.6670123681228333e-5,30,Isparta,E<U+011F>irdir,albopictus,1.8873791418627663e-18,1.8873791418627663e-18,1,0.046191589083311516,0
TUR.39.3_1,2028,10,14.292600000605864,47.471785000270955,Isparta,Eğirdir,1.6427848098602246e-4,1.589779114352652e-5,31,Isparta,E<U+011F>irdir,albopictus,0,0,1,0.0032618781520636687,0
TUR.39.3_1,2028,11,6.866156355861356,75.4463900298831,Isparta,Eğirdir,9.528966722100959e-5,9.528921321666495e-6,30,Isparta,E<U+011F>irdir,albopictus,0,0,1,0,0
TUR.39.3_1,2028,12,1.8219987870577503,80.42610912339971,Isparta,Eğirdir,7.837724744219392e-5,7.584866148491187e-6,31,Isparta,E<U+011F>irdir,albopictus,0,0,1,0,0
TUR.39.3_1,2029,1,-3.5620581730104544,80.24252764690438,Isparta,Eğirdir,7.418037513651736e-5,7.1787202138295925e-6,31,Isparta,E<U+011F>irdir,albopictus,0,0,1,0,0
TUR.39.3_1,2029,2,0.45912556832327567,70.91599198445363,Isparta,Eğirdir,5.548916549273016e-5,5.945250058259077e-6,28,Isparta,E<U+011F>irdir,albopictus,0,0,1,0,0
TUR.39.3_1,2029,3,3.8119486826745903,74.95317551949204,Isparta,Eğirdir,6.811757756948747e-5,6.592001908445333e-6,31,Isparta,E<U+011F>irdir,albopictus,0,0,1,0,0
TUR.39.3_1,2029,4,7.76525292677038,67.86325125843292,Isparta,Eğirdir,9.007296773193613e-5,9.00725620767151e-6,30,Isparta,E<U+011F>irdir,albopictus,0,0,1,0,0
TUR.39.3_1,2029,5,14.097742978264304,67.91945050622368,Isparta,Eğirdir,1.2589819209048072e-4,1.2183621787786869e-5,31,Isparta,E<U+011F>irdir,albopictus,0,0,1,0.0036515253150587873,0
TUR.39.3_1,2029,6,19.951455396764416,55.232207965784134,Isparta,Eğirdir,1.416066152942228e-4,1.416056126768428e-5,30,Isparta,E<U+011F>irdir,albopictus,9.734019146279139e-14,9.734019146279139e-14,0.9999999999999026,0.06718837396022613,0
TUR.39.3_1,2029,7,23.136731877046472,39.652430741004565,Isparta,Eğirdir,1.6629350050284222e-4,1.60927899132135e-5,31,Isparta,E<U+011F>irdir,albopictus,4.552373733646142e-9,4.552373733646142e-9,0.9999999954476263,0.0975509489609039,7.570610804918942e-13
TUR.39.3_1,2029,8,24.22445774078369,44.395521005503134,Isparta,Eğirdir,1.9746304956193335e-4,1.9109144794970945e-5,31,Isparta,E<U+011F>irdir,albopictus,9.975097300173874e-7,9.975097300173874e-7,0.99999900249027,0.1198252443100875,1.9697132813689677e-10
TUR.39.3_1,2029,9,18.744843314675723,62.71185533324585,Isparta,Eğirdir,1.57387585935571e-4,1.573863473991466e-5,30,Isparta,E<U+011F>irdir,albopictus,7.427392034742298e-17,7.427392034742298e-17,0.9999999999999999,0.05201180293042361,0
TUR.39.3_1,2029,10,12.975101793513579,63.82520907253658,Isparta,Eğirdir,1.5509889747091488e-4,1.5009458079973115e-5,31,Isparta,E<U+011F>irdir,albopictus,0,0,1,7.578744175360437e-4,0
TUR.39.3_1,2029,11,7.905499712947537,81.02021205136748,Isparta,Eğirdir,8.996505347286757e-5,8.996464878840982e-6,30,Isparta,E<U+011F>irdir,albopictus,0,0,1,0,0
TUR.39.3_1,2029,12,2.0222745956305195,78.19955425279424,Isparta,Eğirdir,7.399766903203632e-5,7.161039104697231e-6,31,Isparta,E<U+011F>irdir,albopictus,0,0,1,0,0
TUR.39.3_1,2030,1,3.8611424342893503,82.42170397747078,Isparta,Eğirdir,8.763544074015415e-5,8.480813141531485e-6,31,Isparta,E<U+011F>irdir,albopictus,0,0,1,0,0
TUR.39.3_1,2030,2,3.8417387205888245,73.35660477742238,Isparta,Eğirdir,6.555396174944527e-5,7.023614093215613e-6,28,Isparta,E<U+011F>irdir,albopictus,0,0,1,0,0
TUR.39.3_1,2030,3,5.722291614422026,74.40066239693344,Isparta,Eğirdir,8.04729542209475e-5,7.78767492304322e-6,31,Isparta,E<U+011F>irdir,albopictus,0,0,1,0,0
TUR.39.3_1,2030,4,9.459913590375116,63.77918296009308,Isparta,Eğirdir,1.0641068087664698e-4,1.0641011471745898e-5,30,Isparta,E<U+011F>irdir,albopictus,0,0,1,0,0
TUR.39.3_1,2030,5,18.13627332799575,44.89811490441704,Isparta,Eğirdir,1.4873399510225034e-4,1.4393508841692437e-5,31,Isparta,E<U+011F>irdir,albopictus,0,0,1,0.03235840951291914,0
TUR.39.3_1,2030,6,22.649252218358654,26.765662860803666,Isparta,Eğirdir,1.6729166063385976e-4,1.672902613170102e-5,30,Isparta,E<U+011F>irdir,albopictus,2.4035238244124457e-12,2.4035238244124457e-12,0.9999999999975965,0.07299461814438216,4.440892098500626e-16
TUR.39.3_1,2030,7,25.09173370810116,33.50698777835808,Isparta,Eğirdir,1.9645632934546262e-4,1.9011722114825602e-5,31,Isparta,E<U+011F>irdir,albopictus,3.387983421826446e-8,3.387983421826446e-8,0.9999999661201657,0.10353505198558043,6.655898054930276e-12
TUR.39.3_1,2030,8,25.67725658416748,36.2823770846047,Isparta,Eğirdir,2.3327950750327468e-4,2.257518138670811e-5,31,Isparta,E<U+011F>irdir,albopictus,2.795416854986521e-7,2.795416854986521e-7,0.9999997204583145,0.11219314577205505,6.521139184201274e-11
TUR.39.3_1,2030,9,19.73227388718549,48.45392076293335,Isparta,Eğirdir,1.8593503248142508e-4,1.8593330390004326e-5,30,Isparta,E<U+011F>irdir,albopictus,1.592170839614937e-15,1.592170839614937e-15,0.9999999999999984,0.0572798516737811,0
TUR.39.3_1,2030,10,14.380889261470122,68.94588320583736,Isparta,Eğirdir,1.8323121463272957e-4,1.7731895816996968e-5,31,Isparta,E<U+011F>irdir,albopictus,0,0,1,0.00493125854185817,0
TUR.39.3_1,2030,11,7.735607401851346,72.09882533261748,Isparta,Eğirdir,1.0628319279589493e-4,1.062826279918383e-5,30,Isparta,E<U+011F>irdir,albopictus,0,0,1,0,0
TUR.39.3_1,2030,12,4.916375380885952,75.24192028062627,Isparta,Eğirdir,8.741959483801836e-5,8.459925005421809e-6,31,Isparta,E<U+011F>irdir,albopictus,0,0,1,0,0
TUR.39.3_1,2031,1,5.7461243049405955,81.4720732401661,Isparta,Eğirdir,8.38336280111443e-5,8.112898833290139e-6,31,Isparta,E<U+011F>irdir,albopictus,0,0,1,0,0
TUR.39.3_1,2031,2,-0.47614560539231576,71.1941825972466,Isparta,Eğirdir,6.27100907754288e-5,6.718915725345553e-6,28,Isparta,E<U+011F>irdir,albopictus,0,0,1,0,0
TUR.39.3_1,2031,3,6.906087066539946,63.60898301460922,Isparta,Eğirdir,7.698186546605244e-5,7.449830198180685e-6,31,Isparta,E<U+011F>irdir,albopictus,0,0,1,0,0
TUR.39.3_1,2031,4,7.257548668805292,73.66799216419464,Isparta,Eğirdir,1.0179435810080822e-4,1.0179383999830982e-5,30,Isparta,E<U+011F>irdir,albopictus,0,0,1,0,0
TUR.39.3_1,2031,5,15.713993016411276,60.04774640466118,Isparta,Eğirdir,1.4228159649455857e-4,1.3769091962712032e-5,31,Isparta,E<U+011F>irdir,albopictus,0,0,1,0.012182684199948871,0
TUR.39.3_1,2031,6,21.085920614354748,42.296764087610306,Isparta,Eğirdir,1.6003419083073726e-4,1.6003291029020872e-5,30,Isparta,E<U+011F>irdir,albopictus,1.0820515039533519e-12,1.0820515039533519e-12,0.999999999998918,0.07238863386153992,2.220446049250313e-16
TUR.39.3_1,2031,7,25.06067444296444,28.297347275428393,Isparta,Eğirdir,1.8793363387782967e-4,1.818696047439783e-5,31,Isparta,E<U+011F>irdir,albopictus,2.227493972717376e-9,2.227493972717376e-9,0.999999997772506,0.09270985364927416,4.1866510258614653e-13
TUR.39.3_1,2031,8,23.944334983825684,46.872552713266806,Isparta,Eğirdir,2.2315934386225666e-4,2.1595832341736454e-5,31,Isparta,E<U+011F>irdir,albopictus,1.5662074019147653e-6,1.5662074019147653e-6,0.9999984337925981,0.12224959281722664,3.495138622966465e-10
TUR.39.3_1,2031,9,20.797015021829043,40.44309846679077,Isparta,Eğirdir,1.7786877335969911e-4,1.7786719150425512e-5,30,Isparta,E<U+011F>irdir,albopictus,8.121986416753657e-14,8.121986416753657e-14,0.9999999999999187,0.06616629993515269,0
TUR.39.3_1,2031,10,14.985124910579009,64.18797915310299,Isparta,Eğirdir,1.7528225290834966e-4,1.6962654801111476e-5,31,Isparta,E<U+011F>irdir,albopictus,0,0,1,0.00772658561752553,0
TUR.39.3_1,2031,11,5.923679129604031,76.48933589169951,Isparta,Eğirdir,1.0167240072548888e-4,1.016718838631192e-5,30,Isparta,E<U+011F>irdir,albopictus,0,0,1,0,0
TUR.39.3_1,2031,12,3.120321852100246,79.40985088365362,Isparta,Eğirdir,8.362714596558656e-5,8.092916861768273e-6,31,Isparta,E<U+011F>irdir,albopictus,0,0,1,0,0
TUR.39.3_1,2032,1,2.6136358157895945,83.5338408182911,Isparta,Eğirdir,7.394305203528031e-5,7.155753626642003e-6,31,Isparta,E<U+011F>irdir,albopictus,0,0,1,0,0
TUR.39.3_1,2032,2,1.305413534097812,71.50522538289113,Isparta,Eğirdir,5.72870563678132e-5,5.926229650343728e-6,29,Isparta,E<U+011F>irdir,albopictus,0,0,1,0,0
TUR.39.3_1,2032,3,0.6429102975217735,74.87025163033188,Isparta,Eğirdir,6.789965099891143e-5,6.5709123791002355e-6,31,Isparta,E<U+011F>irdir,albopictus,0,0,1,0,0
TUR.39.3_1,2032,4,8.979707100812128,66.13584952503449,Isparta,Eğirdir,8.978479992474417e-5,8.97843968605816e-6,30,Isparta,E<U+011F>irdir,albopictus,0,0,1,0,0
TUR.39.3_1,2032,5,15.739634457756491,62.09759686852837,Isparta,Eğirdir,1.2549540969241296e-4,1.2144643320222137e-5,31,Isparta,E<U+011F>irdir,albopictus,0,0,1,0.012674796465562705,0
TUR.39.3_1,2032,6,19.977514547460217,50.493751239709916,Isparta,Eğirdir,1.4115357739794018e-4,1.411525811856329e-5,30,Isparta,E<U+011F>irdir,albopictus,1.946831584831443e-14,1.946831584831443e-14,0.9999999999999806,0.06301234453615193,0
TUR.39.3_1,2032,7,24.26323486776913,38.09077378910027,Isparta,Eğirdir,1.6576148257785504e-4,1.6041305134772976e-5,31,Isparta,E<U+011F>irdir,albopictus,6.348597016170298e-8,6.348597016170298e-8,0.9999999365140299,0.10700565817107653,1.0523582005816934e-11
TUR.39.3_1,2032,8,24.39074993133545,40.287698587290244,Isparta,Eğirdir,1.9683131181167906e-4,1.9048010050037867e-5,31,Isparta,E<U+011F>irdir,albopictus,2.116240541053527e-7,2.116240541053527e-7,0.9999997883759459,0.11306165458247293,4.165423561630632e-11
TUR.39.3_1,2032,9,18.095815490273868,66.8884071520935,Isparta,Eğirdir,1.5688406044218135e-4,1.5688282981818347e-5,30,Isparta,E<U+011F>irdir,albopictus,0,0,1,0.04321059673662889,0
TUR.39.3_1,2032,10,13.714664781794829,73.42074435085689,Isparta,Eğirdir,1.5460269411148858e-4,1.4961439119609565e-5,31,Isparta,E<U+011F>irdir,albopictus,0,0,1,0.002600411176393025,0
TUR.39.3_1,2032,11,3.936726467136075,70.23415553281279,Isparta,Eğirdir,8.967723091260355e-5,8.967682881388939e-6,30,Isparta,E<U+011F>irdir,albopictus,0,0,1,0,0
TUR.39.3_1,2032,12,5.222636205089443,79.49614696519659,Isparta,Eğirdir,7.37609304570874e-5,7.138129083816835e-6,31,Isparta,E<U+011F>irdir,albopictus,0,0,1,0,0
TUR.39.3_1,2033,1,1.3281095997594736,78.34138171184578,Isparta,Eğirdir,8.526011783283003e-5,8.250945105925389e-6,31,Isparta,E<U+011F>irdir,albopictus,0,0,1,0,0
TUR.39.3_1,2033,2,0.062005420379778964,72.71224137410206,Isparta,Eğirdir,6.37771483313328e-5,6.833242545911666e-6,28,Isparta,E<U+011F>irdir,albopictus,0,0,1,0,0
TUR.39.3_1,2033,3,5.36505189121646,70.71142289498032,Isparta,Eğirdir,7.829176759180925e-5,7.576593967661971e-6,31,Isparta,E<U+011F>irdir,albopictus,0,0,1,0,0
TUR.39.3_1,2033,4,10.650405266705683,63.423546363413394,Isparta,Eğirdir,1.0352646273686826e-4,1.0352592685225481e-5,30,Isparta,E<U+011F>irdir,albopictus,0,0,1,1.1926536445449087e-12,0
TUR.39.3_1,2033,5,13.243318501640768,68.54688428307915,Isparta,Eğirdir,1.4470262077834247e-4,1.4003381381910707e-5,31,Isparta,E<U+011F>irdir,albopictus,0,0,1,0.00126611068284795,0
TUR.39.3_1,2033,6,21.758247655980725,36.819190692834916,Isparta,Eğirdir,1.627572883484948e-4,1.627559638583964e-5,30,Isparta,E<U+011F>irdir,albopictus,4.187741875494311e-12,4.187741875494311e-12,0.9999999999958122,0.07539148174667619,6.661338147750939e-16
TUR.39.3_1,2033,7,24.758744969087488,38.335570542029956,Isparta,Eğirdir,1.9113146060010272e-4,1.8496421900326965e-5,31,Isparta,E<U+011F>irdir,albopictus,1.8335293209986725e-7,1.8335293209986725e-7,0.9999998166470679,0.1119997141587082,3.5044522839200454e-11
TUR.39.3_1,2033,8,24.85313320159912,33.01519568812032,Isparta,Eğirdir,2.26956561520441e-4,2.1963297014870875e-5,31,Isparta,E<U+011F>irdir,albopictus,1.720353340495251e-8,1.720353340495251e-8,0.9999999827964666,0.10060844622229596,3.9044323330017505e-12
TUR.39.3_1,2033,9,20.998253654031192,45.97537843505249,Isparta,Eğirdir,1.8089533919983677e-4,1.8089370305340857e-5,30,Isparta,E<U+011F>irdir,albopictus,3.033205742131173e-12,3.033205742131173e-12,0.9999999999969668,0.0754842663113112,5.551115123125783e-16
TUR.39.3_1,2033,10,15.044810617671294,56.33233492702877,Isparta,Eğirdir,1.7826480723204737e-4,1.725128415286381e-5,31,Isparta,E<U+011F>irdir,albopictus,0,0,1,0.007163212392068062,0
TUR.39.3_1,2033,11,11.380444304469755,64.86517512509795,Isparta,Eğirdir,1.0340243016858995e-4,1.034018955670124e-5,30,Isparta,E<U+011F>irdir,albopictus,0,0,1,3.1820239976249798e-6,0
TUR.39.3_1,2033,12,6.139152270686977,84.33904247300909,Isparta,Eğirdir,8.505012234590827e-5,8.230623129490411e-6,31,Isparta,E<U+011F>irdir,albopictus,0,0,1,0,0
TUR.39.3_1,2034,1,2.3922730759881876,76.07913653362313,Isparta,Eğirdir,8.678835641057626e-5,8.398837930578829e-6,31,Isparta,E<U+011F>irdir,albopictus,0,0,1,0,0
TUR.39.3_1,2034,2,2.52482416217818,75.38134690388722,Isparta,Eğirdir,6.492031703595139e-5,6.955724062729374e-6,28,Isparta,E<U+011F>irdir,albopictus,0,0,1,0,0
TUR.39.3_1,2034,3,3.6798757571069634,74.20530412056625,Isparta,Eğirdir,7.969510249909073e-5,7.712399533343905e-6,31,Isparta,E<U+011F>irdir,albopictus,0,0,1,0,0
TUR.39.3_1,2034,4,9.031765797558954,66.16787772327667,Isparta,Eğirdir,1.0538211504176298e-4,1.0538155977402042e-5,30,Isparta,E<U+011F>irdir,albopictus,0,0,1,0,0
TUR.39.3_1,2034,5,17.023892346550436,45.44343350793267,Isparta,Eğirdir,1.4729633203508776e-4,1.4254382150635792e-5,31,Isparta,E<U+011F>irdir,albopictus,0,0,1,0.02035547012584535,0
TUR.39.3_1,2034,6,23.278124136083264,30.717910480432572,Isparta,Eğirdir,1.6567461913791762e-4,1.656732467414379e-5,30,Isparta,E<U+011F>irdir,albopictus,1.0811077461037044e-10,1.0811077461037044e-10,0.9999999998918893,0.08468034536227174,1.787459069646502e-14
TUR.39.3_1,2034,7,22.300525440889245,48.124667374305346,Isparta,Eğirdir,1.94557382108712e-4,1.882795650420821e-5,31,Isparta,E<U+011F>irdir,albopictus,5.999336698481183e-9,5.999336698481183e-9,0.9999999940006633,0.09957603896472747,1.167177465788427e-12
TUR.39.3_1,2034,8,25.22535991668701,40.303460916391806,Isparta,Eğirdir,2.310246273594799e-4,2.2356972081749582e-5,31,Isparta,E<U+011F>irdir,albopictus,1.2411685082164281e-6,1.2411685082164281e-6,0.9999987588314918,0.11982913996576496,2.867405202167106e-10
TUR.39.3_1,2034,9,20.93284876206342,45.43720475951538,Isparta,Eğirdir,1.8413778411929745e-4,1.8413608879330745e-5,30,Isparta,E<U+011F>irdir,albopictus,1.5934292774133495e-12,1.5934292774133495e-12,0.9999999999984066,0.0736824814622427,3.3306690738754696e-16
TUR.39.3_1,2034,10,14.294191683039946,64.05765383572017,Isparta,Eğirdir,1.8146010137884487e-4,1.7560500784719046e-5,31,Isparta,E<U+011F>irdir,albopictus,0,0,1,0.004190817271917791,0
TUR.39.3_1,2034,11,7.040498988155057,72.33254420468779,Isparta,Eğirdir,1.0525585926103134e-4,1.0525530532268235e-5,30,Isparta,E<U+011F>irdir,albopictus,0,0,1,0,0
TUR.39.3_1,2034,12,2.4664828599814106,76.62902812974737,Isparta,Eğirdir,8.657459687532305e-5,8.378151697518987e-6,31,Isparta,E<U+011F>irdir,albopictus,0,0,1,0,0
TUR.39.3_1,2035,1,2.729211844613447,85.30159441936532,Isparta,Eğirdir,8.395457300648929e-5,8.124603092629634e-6,31,Isparta,E<U+011F>irdir,albopictus,0,0,1,0,0
TUR.39.3_1,2035,2,4.06986023967757,81.67488022908253,Isparta,Eğirdir,6.280056129205619e-5,6.7286089298068674e-06,28,Isparta,E<U+011F>irdir,albopictus,0,0,1,0,0
TUR.39.3_1,2035,3,6.220610286602202,70.2296800360936,Isparta,Eğirdir,7.709292556903643e-5,7.46057786993326e-6,31,Isparta,E<U+011F>irdir,albopictus,0,0,1,0,0
TUR.39.3_1,2035,4,8.132410862866571,70.68402915149933,Isparta,Eğirdir,1.0194121466014752e-4,1.0194069506086478e-5,30,Isparta,E<U+011F>irdir,albopictus,0,0,1,0,0
TUR.39.3_1,2035,5,14.979211751152487,53.67225049401665,Isparta,Eğirdir,1.4248686313318506e-4,1.3788956202409608e-5,31,Isparta,E<U+011F>irdir,albopictus,0,0,1,0.006574221427849123,0
TUR.39.3_1,2035,6,19.88872842227711,53.88001222603804,Isparta,Eğirdir,1.602650687603252e-4,1.6026378452216328e-5,30,Isparta,E<U+011F>irdir,albopictus,3.792943736868892e-14,3.792943736868892e-14,0.999999999999962,0.0645526997216468,0
TUR.39.3_1,2035,7,24.1275899550494,41.03329393070183,Isparta,Eğirdir,1.882047617415969e-4,1.821319817718603e-5,31,Isparta,E<U+011F>irdir,albopictus,1.7745636192351143e-7,1.7745636192351143e-7,0.9999998225436381,0.11196514993155397,3.339817311598381e-11
TUR.39.3_1,2035,8,24.94136905670166,32.64251883875509,Isparta,Eğirdir,2.2348129110997712e-4,2.1626987853684554e-5,31,Isparta,E<U+011F>irdir,albopictus,1.7373606119863716e-8,1.7373606119863716e-8,0.9999999826263939,0.100984920469575,3.8826719617190975e-12
TUR.39.3_1,2035,9,21.67973596909467,43.92799989501343,Isparta,Eğirdir,1.781253808628737e-4,1.7812379443982174e-5,30,Isparta,E<U+011F>irdir,albopictus,4.9486252040598086e-11,4.9486252040598086e-11,0.9999999999505137,0.0834792928122187,8.770761894538737e-15
TUR.39.3_1,2035,10,14.20350583861856,51.18565600246822,Isparta,Eğirdir,1.7553512889338088e-4,1.6987126255196827e-5,31,Isparta,E<U+011F>irdir,albopictus,0,0,1,0.003144947514013697,0
TUR.39.3_1,2035,11,7.345043913844754,60.50899684140654,Isparta,Eğirdir,1.0181908133951196e-4,1.0181856298530079e-5,30,Isparta,E<U+011F>irdir,albopictus,0,0,1,0,0
TUR.39.3_1,2035,12,5.8053920091513325,87.60089092271612,Isparta,Eğirdir,8.374779307366801e-5,8.104592293722845e-6,31,Isparta,E<U+011F>irdir,albopictus,0,0,1,0,0
TUR.39.3_1,2036,1,3.510778702905073,84.27315203655282,Isparta,Eğirdir,9.276980814924791e-5,8.977683069621989e-6,31,Isparta,E<U+011F>irdir,albopictus,0,0,1,0,0
TUR.39.3_1,2036,2,3.8242573935319397,83.54271622761769,Isparta,Eğirdir,7.187300337753815e-5,7.435110639830711e-6,29,Isparta,E<U+011F>irdir,albopictus,0,0,1,0,0
TUR.39.3_1,2036,3,3.8217405337182915,70.82374284126938,Isparta,Eğirdir,8.518768732408359e-5,8.243935759599808e-6,31,Isparta,E<U+011F>irdir,albopictus,0,0,1,0,0
TUR.39.3_1,2036,4,12.352871277753046,56.17479758411652,Isparta,Eğirdir,1.1264504824284196e-4,1.1264441379998935e-5,30,Isparta,E<U+011F>irdir,albopictus,0,0,1,1.718204404827085e-4,0
TUR.39.3_1,2036,5,15.693674031425925,59.39323590661431,Isparta,Eğirdir,1.5744799220921533e-4,1.5236786390815382e-5,31,Isparta,E<U+011F>irdir,albopictus,0,0,1,0.011754849462618238,0
TUR.39.3_1,2036,6,19.27857140933766,66.35414094918258,Isparta,Eğirdir,1.7709291048115017e-4,1.7709134239596303e-5,30,Isparta,E<U+011F>irdir,albopictus,3.388322955544254e-14,3.388322955544254e-14,0.9999999999999661,0.06511504865037986,0
TUR.39.3_1,2036,7,25.19955040426815,36.887389389686206,Isparta,Eğirdir,2.0796627288180363e-4,2.0125565821538238e-5,31,Isparta,E<U+011F>irdir,albopictus,2.149403843888509e-7,2.149403843888509e-7,0.9999997850596156,0.11156437680014647,4.4700354528970365e-11
TUR.39.3_1,2036,8,25.15156078338623,34.51114638697286,Isparta,Eğirdir,2.4694683992516154e-4,2.3897795726202098e-5,31,Isparta,E<U+011F>irdir,albopictus,5.600542060540947e-8,5.600542060540947e-8,0.9999999439945794,0.10578506588513169,1.3830381284662963e-11
TUR.39.3_1,2036,9,21.491719077615176,39.328436296380616,Isparta,Eğirdir,1.9682855641327875e-4,1.968266193519419e-5,30,Isparta,E<U+011F>irdir,albopictus,3.0744641277280495e-12,3.0744641277280495e-12,0.9999999999969256,0.07474528123047576,5.551115123125783e-16
TUR.39.3_1,2036,10,14.505827272639555,74.50150149197017,Isparta,Eğirdir,1.9396632783343133e-4,1.877075877876333e-5,31,Isparta,E<U+011F>irdir,albopictus,0,0,1,0.005973035983338465,0
TUR.39.3_1,2036,11,10.534226195338896,76.66934382626982,Isparta,Eğirdir,1.1251009091629925e-4,1.1250945799234913e-5,30,Isparta,E<U+011F>irdir,albopictus,0,0,1,9.341517221672142e-17,0
TUR.39.3_1,2036,12,5.873877269161098,75.76330547349737,Isparta,Eğirdir,9.254131631122188e-5,8.955571154545261e-6,31,Isparta,E<U+011F>irdir,albopictus,0,0,1,0,0
TUR.39.3_1,2037,1,1.684697844197645,77.75888506877938,Isparta,Eğirdir,9.253696682428225e-5,8.95515024024185e-6,31,Isparta,E<U+011F>irdir,albopictus,0,0,1,0,0
TUR.39.3_1,2037,2,7.027753134422443,73.34605332478566,Isparta,Eğirdir,6.922045159326955e-5,7.4164494544559645e-6,28,Isparta,E<U+011F>irdir,albopictus,0,0,1,0,0
TUR.39.3_1,2037,3,6.302281524547759,70.15292069771469,Isparta,Eğirdir,8.497387623205903e-5,8.223244533978047e-6,31,Isparta,E<U+011F>irdir,albopictus,0,0,1,0,0
TUR.39.3_1,2037,4,9.335618832532099,71.8461308971048,Isparta,Eğirdir,1.123623223990902e-4,1.1236169113693073e-5,30,Isparta,E<U+011F>irdir,albopictus,0,0,1,0,0
TUR.39.3_1,2037,5,15.960389081169577,54.19816373254204,Isparta,Eğirdir,1.5705281623709088e-4,1.519854413678523e-5,31,Isparta,E<U+011F>irdir,albopictus,0,0,1,0.013053259883143107,0
TUR.39.3_1,2037,6,20.33488492404713,46.71455736153609,Isparta,Eğirdir,1.7664842807096648e-4,1.766468678465749e-5,30,Isparta,E<U+011F>irdir,albopictus,5.85260728769299e-14,5.85260728769299e-14,0.9999999999999415,0.06538271346130255,0
TUR.39.3_1,2037,7,26.654964222627527,30.125811783485034,Isparta,Eğirdir,2.0744430195729696e-4,2.007505352152883e-5,31,Isparta,E<U+011F>irdir,albopictus,1.8625073773814728e-8,1.8625073773814728e-8,0.9999999813749262,0.09942598884249158,3.863687147998007e-12
TUR.39.3_1,2037,8,24.622553825378418,41.20379432093282,Isparta,Eğirdir,2.463270323546667e-4,2.383781578008115e-5,31,Isparta,E<U+011F>irdir,albopictus,6.100577349911762e-7,6.100577349911762e-7,0.999999389942265,0.11682970475330084,1.5027368238662575e-10
TUR.39.3_1,2037,9,20.408966849831973,48.19661561766968,Isparta,Eğirdir,1.9633453984926243e-4,1.963326124998499e-5,30,Isparta,E<U+011F>irdir,albopictus,1.648520764341299e-13,1.648520764341299e-13,0.9999999999998351,0.06793414597149951,0
TUR.39.3_1,2037,10,13.120787943110747,78.43380587429439,Isparta,Eğirdir,1.934794951270534e-4,1.8723646819429618e-5,31,Isparta,E<U+011F>irdir,albopictus,0,0,1,0.0012650618535326047,0
TUR.39.3_1,2037,11,7.034056441310574,76.02379023740264,Isparta,Eğirdir,1.1222770379958977e-4,1.1222707404945353e-5,30,Isparta,E<U+011F>irdir,albopictus,0,0,1,0,0
TUR.39.3_1,2037,12,2.6222156108740498,82.88895397203252,Isparta,Eğirdir,9.230904847393901e-5,8.933093822993676e-6,31,Isparta,E<U+011F>irdir,albopictus,0,0,1,0,0
TUR.39.3_1,2038,1,2.812281765153303,82.31548754680672,Isparta,Eğirdir,8.547615001842934e-5,8.27185127372232e-6,31,Isparta,E<U+011F>irdir,albopictus,0,0,1,0,0
TUR.39.3_1,2038,2,2.776223202400348,72.18121262654347,Isparta,Eğirdir,6.393874694385552e-5,6.8505565645748945e-6,28,Isparta,E<U+011F>irdir,albopictus,0,0,1,0,0
TUR.39.3_1,2038,3,3.7054077643243706,74.86973283150375,Isparta,Eğirdir,7.849014336347372e-5,7.595791477355007e-6,31,Isparta,E<U+011F>irdir,albopictus,0,0,1,0,0
TUR.39.3_1,2038,4,11.614455559674433,65.00188498646027,Isparta,Eğirdir,1.037887782084028e-4,1.0378823960488504e-5,30,Isparta,E<U+011F>irdir,albopictus,0,0,1,1.400577176605712e-5,0
TUR.39.3_1,2038,5,16.65229601018569,49.52811215783501,Isparta,Eğirdir,1.4506926844695095e-4,1.4038862916843087e-5,31,Isparta,E<U+011F>irdir,albopictus,0,0,1,0.017949556548031584,0
TUR.39.3_1,2038,6,18.5668108884026,56.46424837105757,Isparta,Eğirdir,1.631696829547641e-4,1.631683517444582e-5,30,Isparta,E<U+011F>irdir,albopictus,1.1102230246251566e-19,1.1102230246251566e-19,1,0.04456972762043091,0
TUR.39.3_1,2038,7,23.881944431978113,44.076632706336596,Isparta,Eğirdir,1.916157497169813e-4,1.8543287721106694e-5,31,Isparta,E<U+011F>irdir,albopictus,3.606356321277371e-7,3.606356321277371e-7,0.9999996393643679,0.1152624204710522,6.910350069944116e-11
TUR.39.3_1,2038,8,25.331835746765137,43.63094504725118,Isparta,Eğirdir,2.2753162431964446e-4,2.201894702968943e-5,31,Isparta,E<U+011F>irdir,albopictus,6.78042111121474e-6,6.78042111121474e-6,0.9999932195788888,0.12826305224532386,1.542760252881692e-9
TUR.39.3_1,2038,9,18.913737128762637,60.43294374266968,Isparta,Eğirdir,1.8135369202042155e-4,1.8135204757241397e-5,30,Isparta,E<U+011F>irdir,albopictus,1.5876189252139738e-16,1.5876189252139738e-16,0.9999999999999999,0.05330639273777271,0
TUR.39.3_1,2038,10,16.47678216765909,50.835302761501424,Isparta,Eğirdir,1.7871649480767667e-4,1.729499509861565e-5,31,Isparta,E<U+011F>irdir,albopictus,0,0,1,0.01662733051551758,0
TUR.39.3_1,2038,11,5.6899545354878205,58.52655970761748,Isparta,Eğirdir,1.0366443136625894e-4,1.0366389405214171e-5,30,Isparta,E<U+011F>irdir,albopictus,0,0,1,0,0
TUR.39.3_1,2038,12,2.37149505032336,79.58647136705206,Isparta,Eğirdir,8.52656224446989e-5,8.251477805809593e-6,31,Isparta,E<U+011F>irdir,albopictus,0,0,1,0,0
TUR.39.3_1,2039,1,5.145792521645918,83.6450468729786,Isparta,Eğirdir,9.446132044625108e-5,9.141376325016992e-6,31,Isparta,E<U+011F>irdir,albopictus,0,0,1,0,0
TUR.39.3_1,2039,2,2.992544193916461,75.07095261677784,Isparta,Eğirdir,7.065992633843565e-5,7.570677735713183e-6,28,Isparta,E<U+011F>irdir,albopictus,0,0,1,0,0
TUR.39.3_1,2039,3,7.34559502781314,70.64429185249985,Isparta,Eğirdir,8.674095151139469e-5,8.394250398224834e-6,31,Isparta,E<U+011F>irdir,albopictus,0,0,1,0,0
TUR.39.3_1,2039,4,10.017027237836054,72.91054587513214,Isparta,Eğirdir,1.1469895444466078e-4,1.146982966548915e-5,30,Isparta,E<U+011F>irdir,albopictus,0,0,1,0,0
TUR.39.3_1,2039,5,16.13835329167983,53.34855435754204,Isparta,Eğirdir,1.6031880999221518e-4,1.5514603194932697e-5,31,Isparta,E<U+011F>irdir,albopictus,0,0,1,0.01424391811242227,0
TUR.39.3_1,2039,6,26.536363882177014,21.024673175745072,Isparta,Eğirdir,1.803219226109265e-4,1.8032029682091277e-5,30,Isparta,E<U+011F>irdir,albopictus,1.4470917047981757e-10,1.4470917047981757e-10,0.9999999998552909,0.08087546464082776,2.609024107869118e-14
TUR.39.3_1,2039,7,25.10377098532284,35.827391831092456,Isparta,Eğirdir,2.11758212468178e-4,2.0492520264259184e-5,31,Isparta,E<U+011F>irdir,albopictus,1.0457637833316546e-7,1.0457637833316546e-7,0.9999998954236217,0.10829676199584404,2.2144952538383222e-11
TUR.39.3_1,2039,8,25.33400821685791,34.41489203821798,Isparta,Eğirdir,2.514495291596533e-4,2.4333529337394744e-5,31,Isparta,E<U+011F>irdir,albopictus,8.247249501308618e-8,8.247249501308618e-8,0.99999991752750494,0.10703942850690673,2.0737633832368374e-11
TUR.39.3_1,2039,9,21.496256660012637,46.13191835204468,Isparta,Eğirdir,2.0041741716675594e-4,2.0041540882309583e-5,30,Isparta,E<U+011F>irdir,albopictus,4.9771919807817254e-11,4.9771919807817254e-11,0.999999999950228,0.08367676052927735,9.992007221626409e-15
TUR.39.3_1,2039,10,12.889632547602934,57.67999117702877,Isparta,Eğirdir,1.9750300032721246e-4,1.9113010924165508e-5,31,Isparta,E<U+011F>irdir,albopictus,0,0,1,5.739250739936183e-4,0
TUR.39.3_1,2039,11,8.292425887111357,79.67789637753935,Isparta,Eğirdir,1.145615363824329e-4,1.145608801678133e-5,30,Isparta,E<U+011F>irdir,albopictus,0,0,1,0,0
TUR.39.3_1,2039,12,5.418048125636928,73.26428203599737,Isparta,Eğirdir,9.42286624170741e-5,9.118861237444875e-6,31,Isparta,E<U+011F>irdir,albopictus,0,0,1,0,0
TUR.39.3_1,2040,1,3.2917127982877634,83.43328539836922,Isparta,Eğirdir,7.998887813000246e-5,7.740829213509492e-6,31,Isparta,E<U+011F>irdir,albopictus,0,0,1,0,0
TUR.39.3_1,2040,2,2.938802500419757,75.73752518757863,Isparta,Eğirdir,6.197103370909322e-5,6.41077604146556e-6,29,Isparta,E<U+011F>irdir,albopictus,0,0,1,0,0
TUR.39.3_1,2040,3,4.123346712001982,64.0860032782811,Isparta,Eğirdir,7.345134883302137e-5,7.1081697852193315e-6,31,Isparta,E<U+011F>irdir,albopictus,0,0,1,0,0
TUR.39.3_1,2040,4,8.375168660107782,65.66138510853058,Isparta,Eğirdir,9.712589920795239e-5,9.712542753725906e-6,30,Isparta,E<U+011F>irdir,albopictus,0,0,1,0,0
TUR.39.3_1,2040,5,14.400333348442526,68.32802747155571,Isparta,Eğirdir,1.3575632538093807e-4,1.3137622608461186e-5,31,Isparta,E<U+011F>irdir,albopictus,0,0,1,0.004980368166981508,0
TUR.39.3_1,2040,6,21.111574453466076,49.109344196252884,Isparta,Eğirdir,1.526947561578955e-4,1.526935903795046e-5,30,Isparta,E<U+011F>irdir,albopictus,2.026964501800066e-11,2.026964501800066e-11,0.9999999999797303,0.0811304365683261,3.1086244689504383e-15
TUR.39.3_1,2040,7,25.98183609457577,32.46940919559441,Isparta,Eğirdir,1.793146842551521e-4,1.7352883397103724e-5,31,Isparta,E<U+011F>irdir,albopictus,5.1903419459486955e-8,5.1903419459486955e-8,0.9999999480965805,0.1043329206734431,9.306999615432687e-12
TUR.39.3_1,2040,8,25.103035926818848,31.004617532602744,Isparta,Eğirdir,2.1292488447948905e-4,2.060542168724755e-5,31,Isparta,E<U+011F>irdir,albopictus,1.0436810588876355e-8,1.0436810588876355e-8,0.9999999895631894,0.09845460528811914,2.2222224060897133e-12
TUR.39.3_1,2040,9,20.53854830124799,47.752996843255616,Isparta,Eğirdir,1.697114150124898e-4,1.6970997492204987e-5,30,Isparta,E<U+011F>irdir,albopictus,3.049498431551001e-13,3.049498431551001e-13,0.999999999999695,0.06992290627454442,0
TUR.39.3_1,2040,10,12.394110048518462,58.26586764187252,Isparta,Eğirdir,1.6724351669922285e-4,1.618472548070571e-5,31,Isparta,E<U+011F>irdir,albopictus,0,0,1,2.036728229228266e-4,0
TUR.39.3_1,2040,11,5.192835108760526,78.18501460263701,Isparta,Eğirdir,9.700953500109526e-5,9.700906446030721e-6,30,Isparta,E<U+011F>irdir,albopictus,0,0,1,0,0
TUR.39.3_1,2040,12,1.959281128776424,76.86097698228643,Isparta,Eğirdir,7.979186569513614e-5,7.721763641388435e-6,31,Isparta,E<U+011F>irdir,albopictus,0,0,1,0,0
TUR.39.3_1,2041,1,4.97037962835063,84.64101092327157,Isparta,Eğirdir,9.570345791385324e-5,9.261582070707597e-6,31,Isparta,E<U+011F>irdir,albopictus,0,0,1,0,0
TUR.39.3_1,2041,2,4.409233351402423,62.49486466511769,Isparta,Eğirdir,7.158908275450462e-5,7.670229450140731e-6,28,Isparta,E<U+011F>irdir,albopictus,0,0,1,0,0
TUR.39.3_1,2041,3,8.006633426555815,70.05931565621079,Isparta,Eğirdir,8.788156848920915e-5,8.504631753725178e-6,31,Isparta,E<U+011F>irdir,albopictus,0,0,1,0,0
TUR.39.3_1,2041,4,11.265618660870722,55.29410987049347,Isparta,Eğirdir,1.1620721060853237e-4,1.1620653540544978e-5,30,Isparta,E<U+011F>irdir,albopictus,0,0,1,8.804885932387485e-7,0
TUR.39.3_1,2041,5,17.239255849052878,48.94463513757134,Isparta,Eğirdir,1.6242695330115857e-4,1.5718613877502285e-5,31,Isparta,E<U+011F>irdir,albopictus,0,0,1,0.023640753132819024,0
TUR.39.3_1,2041,6,22.174467367284436,39.25708742135054,Isparta,Eğirdir,1.8269310073173775e-4,1.8269143190363657e-5,30,Isparta,E<U+011F>irdir,albopictus,7.487937131456235e-11,7.487937131456235e-11,0.9999999999251207,0.08416337087040987,1.3655743202889425e-14
TUR.39.3_1,2041,7,23.922385945039636,32.866698471717456,Isparta,Eğirdir,2.145427681840686e-4,2.0761987839623686e-5,31,Isparta,E<U+011F>irdir,albopictus,2.290686268502373e-9,2.290686268502373e-9,0.9999999977093137,0.09397899256095331,4.914957330015568e-13
TUR.39.3_1,2041,8,23.60299015045166,42.92981894861837,Isparta,Eğirdir,2.547560135482327e-4,2.4653503860161408e-5,31,Isparta,E<U+011F>irdir,albopictus,8.39243908340448e-8,8.39243908340448e-8,0.9999999160756091,0.10982833670265785,2.1380230919021415e-11
TUR.39.3_1,2041,9,21.563957999734317,41.03403703490601,Isparta,Eğirdir,2.0305284489364792e-4,2.0305078338500593e-5,30,Isparta,E<U+011F>irdir,albopictus,8.480456004100746e-12,8.480456004100746e-12,0.9999999999915196,0.07764607093843673,1.7763568394002505e-15
TUR.39.3_1,2041,10,15.445329035029692,65.81143038601314,Isparta,Eğirdir,2.0010010436420148e-4,1.9364338737615228e-5,31,Isparta,E<U+011F>irdir,albopictus,0,0,1,0.011012250687507785,0
TUR.39.3_1,2041,11,9.451115386012724,78.7642611236331,Isparta,Eğirdir,1.1606798554082318e-4,1.1606731195490383e-5,30,Isparta,E<U+011F>irdir,albopictus,0,0,1,0,0
TUR.39.3_1,2041,12,5.988832694423549,86.86766796129034,Isparta,Eğirdir,9.546774050276403e-5,9.23877091929537e-6,31,Isparta,E<U+011F>irdir,albopictus,0,0,1,0,0
TUR.39.3_1,2042,1,5.658981122186079,78.0134550761036,Isparta,Eğirdir,9.127347210721184e-5,8.83287764541496e-6,31,Isparta,E<U+011F>irdir,albopictus,0,0,1,0,0
TUR.39.3_1,2042,2,4.696444769554279,73.42285081013722,Isparta,Eğirdir,6.827531930827259e-5,7.315186026923826e-6,28,Isparta,E<U+011F>irdir,albopictus,0,0,1,0,0
TUR.39.3_1,2042,3,5.845423843273345,66.65633103707016,Isparta,Eğirdir,8.381364754299822e-5,8.110965255214708e-6,31,Isparta,E<U+011F>irdir,albopictus,0,0,1,0,0
TUR.39.3_1,2042,4,10.700324395123651,64.19514517933136,Isparta,Eğirdir,1.1082813335420186e-4,1.1082751921298595e-5,30,Isparta,E<U+011F>irdir,albopictus,0,0,1,1.8003765423396485e-11,0
TUR.39.3_1,2042,5,17.01508611791274,39.269677862180714,Isparta,Eğirdir,1.5490842561757337e-4,1.4991025596433616e-5,31,Isparta,E<U+011F>irdir,albopictus,0,0,1,0.01846419138641426,0
TUR.39.3_1,2042,6,21.190424245946545,38.70785112374312,Isparta,Eğirdir,1.742364800321867e-4,1.7423496212365386e-5,30,Isparta,E<U+011F>irdir,albopictus,4.732669256490852e-13,4.732669256490852e-13,0.9999999999995267,0.06980814197259602,1.1102230246251565e-16
TUR.39.3_1,2042,7,26.66588379355038,35.624720780067065,Isparta,Eğirdir,2.0461186872975114e-4,1.9800952545279138e-5,31,Isparta,E<U+011F>irdir,albopictus,3.638100948506473e-7,3.638100948506473e-7,0.9999996361899052,0.11306490087539903,7.443989868960443e-11
TUR.39.3_1,2042,8,25.42639446258545,35.43726523768087,Isparta,Eğirdir,2.429636964389483e-4,2.351233936503938e-5,31,Isparta,E<U+011F>irdir,albopictus,1.3808343868287887e-7,1.3808343868287887e-7,0.9999998619165613,0.1088309314634563,3.354927446963529e-11
TUR.39.3_1,2042,9,21.842642615823184,38.370184343255616,Isparta,Eğirdir,1.9365379870989652e-4,1.9365192363229866e-5,30,Isparta,E<U+011F>irdir,albopictus,1.2052855435928933e-11,1.2052855435928933e-11,0.9999999999879472,0.07869177384762563,2.3314683517128287e-15
TUR.39.3_1,2042,10,12.661200845942778,55.464331081813924,Isparta,Eğirdir,1.9083773661319716e-4,1.846799752380779e-5,31,Isparta,E<U+011F>irdir,albopictus,0,0,1,3.528910740963205e-4,0
TUR.39.3_1,2042,11,7.2644784612690705,78.20099818417998,Isparta,Eğirdir,1.1069535282974454e-4,1.1069474015856784e-5,30,Isparta,E<U+011F>irdir,albopictus,0,0,1,0,0
TUR.39.3_1,2042,12,4.053095799816005,85.9386060716419,Isparta,Eğirdir,9.104866574164038e-5,8.81112238260151e-6,31,Isparta,E<U+011F>irdir,albopictus,0,0,1,0,0
TUR.39.3_1,2043,1,0.8073820249341868,78.56431262004891,Isparta,Eğirdir,8.279530660633849e-5,8.012416926828081e-6,31,Isparta,E<U+011F>irdir,albopictus,0,0,1,0,0
TUR.39.3_1,2043,2,2.6125627953340027,71.92646714314503,Isparta,Eğirdir,6.193339494233436e-5,6.635698870383067e-6,28,Isparta,E<U+011F>irdir,albopictus,0,0,1,0,0
TUR.39.3_1,2043,3,5.305766250499907,72.04633805611313,Isparta,Eğirdir,7.602840656666353e-5,7.357560665277596e-6,31,Isparta,E<U+011F>irdir,albopictus,0,0,1,0,0
TUR.39.3_1,2043,4,8.818152764264276,61.72615103870636,Isparta,Eğirdir,1.0053358407238983e-4,1.0053307872404105e-5,30,Isparta,E<U+011F>irdir,albopictus,0,0,1,0,0
TUR.39.3_1,2043,5,14.751578274895163,65.04491589929009,Isparta,Eğirdir,1.40519367772564e-4,1.3598556032889952e-5,31,Isparta,E<U+011F>irdir,albopictus,0,0,1,0.006434617522814672,0
TUR.39.3_1,2043,6,21.204956335179943,37.49142045968062,Isparta,Eğirdir,1.580520873505175e-4,1.580508383336454e-5,30,Isparta,E<U+011F>irdir,albopictus,2.58373156203362e-13,2.58373156203362e-13,0.9999999999997417,0.06878441433871671,0
TUR.39.3_1,2043,7,26.0105302474078,29.09370347660027,Isparta,Eğirdir,1.856059818440616e-4,1.7961707897362622e-5,31,Isparta,E<U+011F>irdir,albopictus,9.223392566315436e-9,9.223392566315436e-9,0.9999999907766074,0.09665628737434123,1.7119639039719914e-12
TUR.39.3_1,2043,8,24.767457008361816,35.41361029993673,Isparta,Eğirdir,2.2039540379534457e-4,2.1328360011341196e-5,31,Isparta,E<U+011F>irdir,albopictus,5.161458997809954e-8,5.161458997809954e-8,0.9999999483854101,0.1057626293050825,1.1375567154914279e-11
TUR.39.3_1,2043,9,20.47733003952924,46.64384691039429,Isparta,Eğirdir,1.7566577965648754e-4,1.7566423674231224e-5,30,Isparta,E<U+011F>irdir,albopictus,1.4729140129787765e-13,1.4729140129787765e-13,0.9999999999998527,0.0676223684336906,0
TUR.39.3_1,2043,10,15.085729921565337,54.940161159938924,Isparta,Eğirdir,1.7311129455434483e-4,1.6752565598854297e-5,31,Isparta,E<U+011F>irdir,albopictus,0,0,1,0.007249067127257654,0
TUR.39.3_1,2043,11,8.73621441555374,71.63092219541045,Isparta,Eğirdir,1.004131372001499e-4,1.0041263306170833e-5,30,Isparta,E<U+011F>irdir,albopictus,0,0,1,0,0
TUR.39.3_1,2043,12,3.086292606723659,77.20223979966924,Isparta,Eğirdir,8.259138194416848e-5,7.992682440005616e-6,31,Isparta,E<U+011F>irdir,albopictus,0,0,1,0,0
TUR.39.3_1,2044,1,4.797730721642866,81.49134509075203,Isparta,Eğirdir,8.7823339527799975e-05,8.498996740824438e-6,31,Isparta,E<U+011F>irdir,albopictus,0,0,1,0,0
TUR.39.3_1,2044,2,0.03922333305372916,75.87487717732472,Isparta,Eğirdir,6.804074843351306e-5,7.038673342285584e-6,29,Isparta,E<U+011F>irdir,albopictus,0,0,1,0,0
TUR.39.3_1,2044,3,5.85600009144229,70.45164964058579,Isparta,Eğirdir,8.064549595073953e-5,7.804372379682789e-6,31,Isparta,E<U+011F>irdir,albopictus,0,0,1,0,0
TUR.39.3_1,2044,4,8.909206726971796,66.4310918346048,Isparta,Eğirdir,1.0663883557936105e-4,1.0663826698897871e-5,30,Isparta,E<U+011F>irdir,albopictus,0,0,1,0,0
TUR.39.3_1,2044,5,14.222782078911276,62.56908582116509,Isparta,Eğirdir,1.4905289504872627e-4,1.4424369682131122e-5,31,Isparta,E<U+011F>irdir,albopictus,0,0,1,0.003834783364741374,0
TUR.39.3_1,2044,6,20.164984029882092,44.58002443306929,Isparta,Eğirdir,1.6765034999458955e-4,1.676489446700291e-5,30,Isparta,E<U+011F>irdir,albopictus,7.5307537983349e-15,7.5307537983349e-15,0.9999999999999925,0.06029626543256737,0
TUR.39.3_1,2044,7,25.147237553316003,30.506201950721362,Isparta,Eğirdir,1.9687755055228936e-4,1.905248468159204e-5,31,Isparta,E<U+011F>irdir,albopictus,8.554378642888772e-9,8.554378642888772e-9,0.9999999914456214,0.09787560277428493,1.6842083283563625e-12
TUR.39.3_1,2044,8,27.406733512878418,30.131984552256064,Isparta,Eğirdir,2.337796811347675e-4,2.2623584192693613e-5,31,Isparta,E<U+011F>irdir,albopictus,1.6598431329839513e-8,1.6598431329839513e-8,0.9999999834015687,0.09802963505747707,3.880340493367385e-12
TUR.39.3_1,2044,9,21.06046755173627,50.850096147454835,Isparta,Eğirdir,1.8633369501896779e-4,1.8633195901784916e-5,30,Isparta,E<U+011F>irdir,albopictus,2.7996017670783857e-11,2.7996017670783857e-11,0.999999999972004,0.08233679470516399,5.218048215738236e-15
TUR.39.3_1,2044,10,17.016440714106842,54.21151583523189,Isparta,Eğirdir,1.8362407992555604e-4,1.776991436408526e-5,31,Isparta,E<U+011F>irdir,albopictus,0,0,1,0.022985891890578217,0
TUR.39.3_1,2044,11,7.482957617763211,69.16324794003935,Isparta,Eğirdir,1.0651107415194e-4,1.065105069231187e-5,30,Isparta,E<U+011F>irdir,albopictus,0,0,1,0,0
TUR.39.3_1,2044,12,3.6795003236654926,80.54486827867315,Isparta,Eğirdir,8.760703083135416e-5,8.47806381887306e-6,31,Isparta,E<U+011F>irdir,albopictus,0,0,1,0,0
TUR.39.3_1,2045,1,2.7630363480352305,72.439457578545,Isparta,Eğirdir,9.132108858952356e-5,8.837485651391752e-6,31,Isparta,E<U+011F>irdir,albopictus,0,0,1,0,0
TUR.39.3_1,2045,2,0.5688642758656951,71.6107856856255,Isparta,Eğirdir,6.831093787804004e-5,7.319002274353004e-6,28,Isparta,E<U+011F>irdir,albopictus,0,0,1,0,0
TUR.39.3_1,2045,3,7.37923588932437,65.14327714302719,Isparta,Eğirdir,8.385737230741852e-5,8.115196649782774e-6,31,Isparta,E<U+011F>irdir,albopictus,0,0,1,0,0
TUR.39.3_1,2045,4,9.896007874432733,68.66075186878449,Isparta,Eğirdir,1.1088595131302017e-4,1.1088533653058619e-5,30,Isparta,E<U+011F>irdir,albopictus,0,0,1,0,0
TUR.39.3_1,2045,5,15.557900372673483,61.62493298913384,Isparta,Eğirdir,1.5498923983596634e-4,1.4998846210034777e-5,31,Isparta,E<U+011F>irdir,albopictus,0,0,1,0.01109198652789759,0
TUR.39.3_1,2045,6,20.13641766940846,52.06689424508101,Isparta,Eğirdir,1.743273775085067e-4,1.743258580155782e-5,30,Isparta,E<U+011F>irdir,albopictus,1.2416723205177503e-13,1.2416723205177503e-13,0.9999999999998759,0.06754512613366184,0
TUR.39.3_1,2045,7,25.759881748872644,33.838980881385424,Isparta,Eğirdir,2.0471861275080355e-4,1.9811282407244946e-5,31,Isparta,E<U+011F>irdir,albopictus,9.347931840747448e-8,9.347931840747448e-8,0.9999999065206816,0.10717559102538453,1.9136914275463823e-11
TUR.39.3_1,2045,8,25.65562152862549,36.16772635828634,Isparta,Eğirdir,2.430904482353551e-4,2.352460537946577e-5,31,Isparta,E<U+011F>irdir,albopictus,2.5096392678247704e-7,2.5096392678247704e-7,0.9999997490360732,0.11186363174274494,6.100697724775728e-11
TUR.39.3_1,2045,9,21.870549033669864,45.82044450560913,Isparta,Eğirdir,1.9375482601244107e-4,1.937529489781653e-5,30,Isparta,E<U+011F>irdir,albopictus,3.1897054336704754e-10,3.1897054336704754e-10,0.9999999996810295,0.08925980473708521,6.183942247162122e-14
TUR.39.3_1,2045,10,13.79583581756143,68.79360812038814,Isparta,Eğirdir,1.9093729480354601e-4,1.8477632009350486e-5,31,Isparta,E<U+011F>irdir,albopictus,0,0,1,0.0026663742351346123,0
TUR.39.3_1,2045,11,9.36466147137039,75.62995326230498,Isparta,Eğirdir,1.1075310151825522e-4,1.1075248820824335e-5,30,Isparta,E<U+011F>irdir,albopictus,0,0,1,0,0
TUR.39.3_1,2045,12,6.1127135576132465,86.20293407457159,Isparta,Eğirdir,9.109616494465854e-5,8.81571903921241e-6,31,Isparta,E<U+011F>irdir,albopictus,0,0,1,0,0
TUR.39.3_1,2046,1,3.7733223811887644,77.91954485881844,Isparta,Eğirdir,9.266860169941839e-5,8.967888984967587e-6,31,Isparta,E<U+011F>irdir,albopictus,0,0,1,0,0
TUR.39.3_1,2046,2,3.1571748453904602,73.95794602498097,Isparta,Eğirdir,6.931891846348425e-5,7.426999397930345e-6,28,Isparta,E<U+011F>irdir,albopictus,0,0,1,0,0
TUR.39.3_1,2046,3,3.990752841839019,74.33010575630844,Isparta,Eğirdir,8.509475252584204e-5,8.234942143525714e-6,31,Isparta,E<U+011F>irdir,albopictus,0,0,1,0,0
TUR.39.3_1,2046,4,11.943386414471796,69.3812642589212,Isparta,Eğirdir,1.1252215906530705e-4,1.125215260056045e-5,30,Isparta,E<U+011F>irdir,albopictus,0,0,1,6.397762593202426e-5,0
TUR.39.3_1,2046,5,13.658737126518698,75.84770368005181,Isparta,Eğirdir,1.5727622563297487e-4,1.5220164072071718e-5,31,Isparta,E<U+011F>irdir,albopictus,0,0,1,0.0025286084445935004,0
TUR.39.3_1,2046,6,20.452690405004162,48.066009235315384,Isparta,Eğirdir,1.7689971244487808e-4,1.7689814777899215e-5,30,Isparta,E<U+011F>irdir,albopictus,2.1984813969311289e-13,2.1984813969311289e-13,0.9999999999997802,0.0687146018331136,0
TUR.39.3_1,2046,7,24.41991974325741,35.25956269901238,Isparta,Eğirdir,2.07739393807862e-4,2.0103610223753954e-5,31,Isparta,E<U+011F>irdir,albopictus,2.062528022334087e-8,2.062528022334087e-8,0.9999999793747197,0.10243990272770802,4.284683718935867e-12
TUR.39.3_1,2046,8,26.224568367004395,37.72073539148946,Isparta,Eğirdir,2.4667743532614335e-4,2.3871724936119776e-5,31,Isparta,E<U+011F>irdir,albopictus,1.0309677696422325e-6,1.0309677696422325e-6,0.9999989690322304,0.1174363929488846,2.543164567825329e-10
TUR.39.3_1,2046,9,24.234415839700137,41.36657182494507,Isparta,Eğirdir,1.966138279383895e-4,1.966118951013396e-5,30,Isparta,E<U+011F>irdir,albopictus,2.5119882965579653e-7,2.5119882965579653e-7,0.9999997488011704,0.11329747434035403,4.938915942886979e-11
TUR.39.3_1,2046,10,12.094140375361723,67.09876101345455,Isparta,Eğirdir,1.937547218829813e-4,1.8750281167712046e-5,31,Isparta,E<U+011F>irdir,albopictus,0,0,1,1.0605443450039909e-4,0
TUR.39.3_1,2046,11,9.129924075130155,77.81791102597685,Isparta,Eğirdir,1.1238734896933611e-4,1.123867174257498e-5,30,Isparta,E<U+011F>irdir,albopictus,0,0,1,0,0
TUR.39.3_1,2046,12,2.920191508663051,82.31210308091924,Isparta,Eğirdir,9.24403591326607e-5,8.945801192483671e-6,31,Isparta,E<U+011F>irdir,albopictus,0,0,1,0,0
TUR.39.3_1,2047,1,5.013659514596357,82.72641436565438,Isparta,Eğirdir,9.204419094531063e-5,8.907462677898437e-6,31,Isparta,E<U+011F>irdir,albopictus,0,0,1,0,0
TUR.39.3_1,2047,2,3.1932938296128723,75.77088852986378,Isparta,Eğirdir,6.885184032312217e-5,7.376955681870356e-6,28,Isparta,E<U+011F>irdir,albopictus,0,0,1,0,0
TUR.39.3_1,2047,3,6.645353462108794,73.04431626656235,Isparta,Eğirdir,8.452137516154748e-5,8.179454466961111e-6,31,Isparta,E<U+011F>irdir,albopictus,0,0,1,0,0
TUR.39.3_1,2047,4,9.302573063794306,60.48207144886261,Isparta,Eğirdir,1.1176397296011796e-4,1.1176334840268254e-5,30,Isparta,E<U+011F>irdir,albopictus,0,0,1,0,0
TUR.39.3_1,2047,5,16.20668596379897,48.98135159875298,Isparta,Eğirdir,1.5621648193500423e-4,1.5117609786008401e-5,31,Isparta,E<U+011F>irdir,albopictus,0,0,1,0.01397964591850049,0
TUR.39.3_1,2047,6,25.097652715795178,25.367576312952103,Isparta,Eğirdir,1.7570774363534066e-4,1.7570619998408255e-5,30,Isparta,E<U+011F>irdir,albopictus,5.102429913583784e-10,5.102429913583784e-10,0.999999999489757,0.08739816543707561,8.970602038971265e-14
TUR.39.3_1,2047,7,24.81138016195858,34.66947099369011,Isparta,Eğirdir,2.0633962399190856e-4,1.9968151342752982e-5,31,Isparta,E<U+011F>irdir,albopictus,3.85532937199895e-8,3.85532937199895e-8,0.9999999614467063,0.10416332061958095,7.955081038346634e-12
TUR.39.3_1,2047,8,26.232632637023926,36.50354941736837,Isparta,Eğirdir,2.450152969039734e-4,2.3710876657645485e-5,31,Isparta,E<U+011F>irdir,albopictus,5.139974793084701e-7,5.139974793084701e-7,0.9999994860025206,0.11424608792207797,1.2593726061993493e-10
TUR.39.3_1,2047,9,21.766789268044864,39.61165086547241,Isparta,Eğirdir,1.9528902335172663e-4,1.9528711647454067e-5,30,Isparta,E<U+011F>irdir,albopictus,1.4674235548906012e-11,1.4674235548906012e-11,0.9999999999853257,0.07932655061680562,2.886579864025407e-15
TUR.39.3_1,2047,10,13.512182558284087,46.594396999782674,Isparta,Eğirdir,1.924491822526833e-4,1.862394098384179e-5,31,Isparta,E<U+011F>irdir,albopictus,0,0,1,0.001273055187219798,0
TUR.39.3_1,2047,11,9.511683718684843,71.43773829648467,Isparta,Eğirdir,1.1163007122870787e-4,1.1162944816733855e-5,30,Isparta,E<U+011F>irdir,albopictus,0,0,1,0,0
TUR.39.3_1,2047,12,1.5592274041298557,75.68620281236456,Isparta,Eğirdir,9.181748630089788e-5,8.885523713919596e-6,31,Isparta,E<U+011F>irdir,albopictus,0,0,1,0,0
TUR.39.3_1,2048,1,2.4248337821267985,81.95646349895516,Isparta,Eğirdir,9.567383308157432e-5,9.258715177984378e-6,31,Isparta,E<U+011F>irdir,albopictus,0,0,1,0,0
TUR.39.3_1,2048,2,3.250898142509601,71.3173286543755,Isparta,Eğirdir,7.412288400070125e-5,7.667855153603576e-6,29,Isparta,E<U+011F>irdir,albopictus,0,0,1,0,0
TUR.39.3_1,2048,3,9.170210506328765,65.39761063912094,Isparta,Eğirdir,8.785436490865259e-5,8.501999171572905e-6,31,Isparta,E<U+011F>irdir,albopictus,0,0,1,0,0
TUR.39.3_1,2048,4,12.1942237405216,55.14343314319855,Isparta,Eğirdir,1.1617123887669612e-4,1.1617056409174431e-5,30,Isparta,E<U+011F>irdir,albopictus,0,0,1,1.068028019869577e-4,0
TUR.39.3_1,2048,5,14.405930463005514,63.131372198118214,Isparta,Eğirdir,1.6237667433157888e-4,1.571374824727023e-5,31,Isparta,E<U+011F>irdir,albopictus,0,0,1,0.004579034353889719,0
TUR.39.3_1,2048,6,23.12842969333424,21.90561265938765,Isparta,Eğirdir,1.8263654841288042e-4,1.8263488061776023e-5,30,Isparta,E<U+011F>irdir,albopictus,1.3592387770877678e-12,1.3592387770877678e-12,0.9999999999986408,0.07037630188811307,2.220446049250313e-16
TUR.39.3_1,2048,7,25.797452702241785,27.61333772342644,Isparta,Eğirdir,2.1447635685826439e-4,2.07555610705068e-5,31,Isparta,E<U+011F>irdir,albopictus,3.6065883232683225e-09,3.6065883232683225e-09,0.9999999963934116,0.09357037342446262,7.734923812563466e-13
TUR.39.3_1,2048,8,27.072314262390137,34.053989251963095,Isparta,Eğirdir,2.546771542850679e-4,2.464587250661232e-5,31,Isparta,E<U+011F>irdir,albopictus,1.8761253275600965e-7,1.8761253275600965e-7,0.9999998123874673,0.10873628168703856,4.778066831079286e-11
TUR.39.3_1,2048,9,19.66050417283002,53.682920854486085,Isparta,Eğirdir,2.0298999025281412e-4,2.0298793002027082e-5,30,Isparta,E<U+011F>irdir,albopictus,6.142308883738679e-15,6.142308883738679e-15,0.9999999999999939,0.060645690022781355,0
TUR.39.3_1,2048,10,14.57893022368936,59.087683132595174,Isparta,Eğirdir,2.0003816373885734e-4,1.9358344599540445e-5,31,Isparta,E<U+011F>irdir,albopictus,0,0,1,0.00503624520921876,0
TUR.39.3_1,2048,11,7.461299197200467,79.60379969785185,Isparta,Eğirdir,1.160320569058548e-4,1.160313837367255e-5,30,Isparta,E<U+011F>irdir,albopictus,0,0,1,0,0
TUR.39.3_1,2048,12,5.454227191341274,80.93093090074346,Isparta,Eğirdir,9.543818863638332e-5,9.23591108770161e-6,31,Isparta,E<U+011F>irdir,albopictus,0,0,1,0,0
TUR.39.3_1,2049,1,1.8416361735366724,79.65618578899422,Isparta,Eğirdir,8.692117935525506e-5,8.411691655885178e-6,31,Isparta,E<U+011F>irdir,albopictus,0,0,1,0,0
TUR.39.3_1,2049,2,5.294872542076251,76.28590317830128,Isparta,Eğirdir,6.501967261813806e-5,6.966369229588487e-6,28,Isparta,E<U+011F>irdir,albopictus,0,0,1,0,0
TUR.39.3_1,2049,3,6.036163474926177,69.18710801460922,Isparta,Eğirdir,7.9817069760924e-5,7.724202725656326e-6,31,Isparta,E<U+011F>irdir,albopictus,0,0,1,0,0
TUR.39.3_1,2049,4,11.043308594647577,62.17528586536652,Isparta,Eğirdir,1.0554339431256872e-4,1.05542837344208e-5,30,Isparta,E<U+011F>irdir,albopictus,0,0,1,8.367125993792273e-8,0
TUR.39.3_1,2049,5,14.171646062065573,65.3620087947979,Isparta,Eğirdir,1.4752175781073827e-4,1.427619723715079e-5,31,Isparta,E<U+011F>irdir,albopictus,0,0,1,0.0037796825537001672,0
TUR.39.3_1,2049,6,21.05060223972096,49.86945314400679,Isparta,Eğirdir,1.6592817147699333e-4,1.6592679487725803e-5,30,Isparta,E<U+011F>irdir,albopictus,1.8473755747372422e-11,1.8473755747372422e-11,0.9999999999815262,0.08086193521124789,3.1086244689504383e-15
TUR.39.3_1,2049,7,25.63512207480038,26.113692490272143,Isparta,Eğirdir,1.9485513730848128e-4,1.8856770980679727e-5,31,Isparta,E<U+011F>irdir,albopictus,1.6549046098490726e-9,1.6549046098490726e-9,0.9999999983450953,0.09087439217343092,3.22519788653608e-13
TUR.39.3_1,2049,8,25.818875312805176,31.82560523401876,Isparta,Eğirdir,2.3137819289025275e-4,2.2391187335268903e-5,31,Isparta,E<U+011F>irdir,albopictus,3.333350939910273e-8,3.333350939910273e-8,0.9999999666664906,0.10275537015757195,7.7126083297685e-12
TUR.39.3_1,2049,9,18.872355292825137,61.0865501574646,Isparta,Eğirdir,1.8441959292090265e-4,1.8441789240153383e-5,30,Isparta,E<U+011F>irdir,albopictus,1.280642258905118e-16,1.280642258905118e-16,0.9999999999999999,0.052757193001319286,0
TUR.39.3_1,2049,10,10.520379389033598,67.07362978786861,Isparta,Eğirdir,1.817378121917197e-4,1.758737555235257e-5,31,Isparta,E<U+011F>irdir,albopictus,0,0,1,3.120032505640828e-18,0
TUR.39.3_1,2049,11,7.179111258510281,73.20891749570342,Isparta,Eğirdir,1.054169453070167e-4,1.0541638967187517e-5,30,Isparta,E<U+011F>irdir,albopictus,0,0,1,0,0
TUR.39.3_1,2049,12,5.263550740611904,83.93550090806768,Isparta,Eğirdir,8.670709267737467e-5,8.3909737643717e-6,31,Isparta,E<U+011F>irdir,albopictus,0,0,1,0,0
TUR.39.3_1,2050,1,1.0012714044355295,78.81084887493172,Isparta,Eğirdir,8.880013660493364e-5,8.593524682409814e-6,31,Isparta,E<U+011F>irdir,albopictus,0,0,1,0,0
TUR.39.3_1,2050,2,4.265680809669635,75.77575608357472,Isparta,Eğirdir,6.642518950301903e-5,7.116959263919753e-6,28,Isparta,E<U+011F>irdir,albopictus,0,0,1,0,0
TUR.39.3_1,2050,3,3.54247584522647,68.25247666695297,Isparta,Eğirdir,8.154245893520611e-5,7.891174567897785e-6,31,Isparta,E<U+011F>irdir,albopictus,0,0,1,0,0
TUR.39.3_1,2050,4,14.135809281293085,41.509457160532534,Isparta,Eğirdir,1.0782490415137073e-4,1.0782432284250909e-5,30,Isparta,E<U+011F>irdir,albopictus,0,0,1,0.002523417680382476,0
TUR.39.3_1,2050,5,16.53670877568862,55.40712140466118,Isparta,Eğirdir,1.5071070529603327e-4,1.4584800604899861e-5,31,Isparta,E<U+011F>irdir,albopictus,0,0,1,0.018345811449372734,0
TUR.39.3_1,2050,6,22.155954641454358,37.99531526558882,Isparta,Eğirdir,1.6951500661930506e-4,1.6951356986094623e-5,30,Isparta,E<U+011F>irdir,albopictus,3.996392194949294e-11,3.996392194949294e-11,0.9999999999600361,0.08212021747596457,6.772360450213455e-15
TUR.39.3_1,2050,7,24.32202698202694,43.13510820072136,Isparta,Eğirdir,1.990672807193122e-4,1.926438999277913e-5,31,Isparta,E<U+011F>irdir,albopictus,7.747402089586796e-7,7.747402089586796e-7,0.999999225259791,0.11834849002194293,1.5422541022047653e-10
TUR.39.3_1,2050,8,25.63438129425049,36.496236642710166,Isparta,Eğirdir,2.3637984767880328e-4,2.2875207488670668e-5,31,Isparta,E<U+011F>irdir,albopictus,2.868997377595828e-7,2.868997377595828e-7,0.9999997131002623,0.11306857202000116,6.781730732541291e-11
TUR.39.3_1,2050,9,21.38741190293256,33.00034181395874,Isparta,Eğirdir,1.884061533158699e-4,1.8840437848277602e-5,30,Isparta,E<U+011F>irdir,albopictus,1.1566725355294238e-13,1.1566725355294238e-13,0.9999999999998843,0.0656813773302215,0
TUR.39.3_1,2050,10,13.081695879206938,66.52831881374752,Isparta,Eğirdir,1.856664010844533e-4,1.796755481553447e-5,31,Isparta,E<U+011F>irdir,albopictus,0,0,1,9.614094137599929e-4,0
TUR.39.3_1,2050,11,7.549099699977567,76.80555140683623,Isparta,Eğirdir,1.0769572172368315e-4,1.0769514180775097e-5,30,Isparta,E<U+011F>irdir,albopictus,0,0,1,0,0
TUR.39.3_1,2050,12,1.9449040116194416,78.96419506089971,Isparta,Eğirdir,8.858142205938687e-5,8.57235894025088e-6,31,Isparta,E<U+011F>irdir,albopictus,0,0,1,0,0
TUR.39.3_1,2051,1,4.347423590829267,81.05720965374032,Isparta,Eğirdir,9.159562877104323e-5,8.864053820945017e-6,31,Isparta,E<U+011F>irdir,albopictus,0,0,1,0,0
TUR.39.3_1,2051,2,2.368860264473102,73.90428086384816,Isparta,Eğirdir,6.851630224211495e-5,7.341005437755399e-6,28,Isparta,E<U+011F>irdir,albopictus,0,0,1,0,0
TUR.39.3_1,2051,3,7.501685287365142,69.31792924263657,Isparta,Eğirdir,8.410947418849139e-5,8.139593407729961e-6,31,Isparta,E<U+011F>irdir,albopictus,0,0,1,0,0
TUR.39.3_1,2051,4,9.94802127164953,58.864498664438784,Isparta,Eğirdir,1.1121930968261094e-4,1.1121869119778971e-5,30,Isparta,E<U+011F>irdir,albopictus,0,0,1,0,0
TUR.39.3_1,2051,5,15.110880795647116,60.195947393430714,Isparta,Eğirdir,1.5545518669112725e-4,1.5043937163783383e-5,31,Isparta,E<U+011F>irdir,albopictus,0,0,1,0.007941960911291951,0
TUR.39.3_1,2051,6,21.59840039645924,37.259673786096634,Isparta,Eğirdir,1.748514609442633e-4,1.7484993230176826e-5,30,Isparta,E<U+011F>irdir,albopictus,2.2730102244850057e-12,2.2730102244850057e-12,0.999999999997727,0.07377807659296512,4.440892098500626e-16
TUR.39.3_1,2051,7,26.411742939668542,35.3805763403698,Isparta,Eğirdir,2.0533406188717648e-4,1.987084081933599e-5,31,Isparta,E<U+011F>irdir,albopictus,2.950415104481241e-7,2.950415104481241e-7,0.9999997049584896,0.11236055195643249,6.058209489623323e-11
TUR.39.3_1,2051,8,26.19419574737549,37.28092749964376,Isparta,Eğirdir,2.4382125529005645e-4,2.3595326976488806e-5,31,Isparta,E<U+011F>irdir,albopictus,7.530572466898366e-7,7.530572466898366e-7,0.9999992469427533,0.1157829198230852,1.836113483477675e-10
TUR.39.3_1,2051,9,21.33793337204877,37.68882219115601,Isparta,Eğirdir,1.9433731452550364e-4,1.9433542618796373e-5,30,Isparta,E<U+011F>irdir,albopictus,6.862043711031162e-13,6.862043711031162e-13,0.9999999999993138,0.07083882176357541,1.1102230246251565e-16
TUR.39.3_1,2051,10,14.289914453730864,46.907873562282674,Isparta,Eğirdir,1.9151131292338973e-4,1.8533181121993536e-5,31,Isparta,E<U+011F>irdir,albopictus,0,0,1,0.003196497459193955,0
TUR.39.3_1,2051,11,10.015064017299345,71.24025141904326,Isparta,Eğirdir,1.1108606049919071e-4,1.1108544349602845e-5,30,Isparta,E<U+011F>irdir,albopictus,0,0,1,0,0
TUR.39.3_1,2051,12,5.395660144222133,79.61903362291143,Isparta,Eğirdir,9.137002893430134e-5,8.842221771887537e-6,31,Isparta,E<U+011F>irdir,albopictus,0,0,1,0,0
TUR.39.3_1,2052,1,0.8101636544965647,70.78315417278328,Isparta,Eğirdir,8.844834081344938e-5,8.559480220382554e-6,31,Isparta,E<U+011F>irdir,albopictus,0,0,1,0,0
TUR.39.3_1,2052,2,1.8448987800408814,75.72672196492238,Isparta,Eğirdir,6.852496544776168e-5,7.088764403695436e-6,29,Isparta,E<U+011F>irdir,albopictus,0,0,1,0,0
TUR.39.3_1,2052,3,2.4577732342569267,71.396405194785,Isparta,Eğirdir,8.121941558215016e-5,7.859912554142312e-6,31,Isparta,E<U+011F>irdir,albopictus,0,0,1,0,0
TUR.39.3_1,2052,4,10.142834046307733,76.01911215931183,Isparta,Eğirdir,1.0739773873307408e-4,1.0739716202134986e-5,30,Isparta,E<U+011F>irdir,albopictus,0,0,1,0,0
TUR.39.3_1,2052,5,14.114400807548972,73.17617200280571,Isparta,Eğirdir,1.5011364099093373e-4,1.4527021029331344e-5,31,Isparta,E<U+011F>irdir,albopictus,0,0,1,0.004021909652893207,0
TUR.39.3_1,2052,6,20.94770459567799,48.66878480904585,Isparta,Eğirdir,1.6884344609921926e-4,1.6884202070133192e-5,30,Isparta,E<U+011F>irdir,albopictus,5.8053281626335715e-12,5.8053281626335715e-12,0.9999999999941946,0.077910782708334,9.992007221626409e-16
TUR.39.3_1,2052,7,24.569247975068933,35.48810121219597,Isparta,Eğirdir,1.9827864418949653e-4,1.918807179590587e-5,31,Isparta,E<U+011F>irdir,albopictus,3.328751941789054e-8,3.328751941789054e-8,0.9999999667124806,0.10371509937959894,6.600164859094093e-12
TUR.39.3_1,2052,8,25.031987190246582,44.35477240931173,Isparta,Eğirdir,2.3544339151122942e-4,2.2784584767232552e-5,31,Isparta,E<U+011F>irdir,albopictus,6.212323247634544e-6,6.212323247634544e-6,0.9999937876767524,0.12828892229982455,1.4626504452053268e-9
TUR.39.3_1,2052,9,21.287304709939395,49.951685350335694,Isparta,Eğirdir,1.8765975252911055e-4,1.8765799173148245e-5,30,Isparta,E<U+011F>irdir,albopictus,7.868575335745475e-11,7.868575335745475e-11,0.9999999999213143,0.08536216604856517,1.4765966227514582e-14
TUR.39.3_1,2052,10,16.28536447356729,53.13964312405025,Isparta,Eğirdir,1.8493085425965358e-4,1.7896374141179727e-5,31,Isparta,E<U+011F>irdir,albopictus,0,0,1,0.015492441794454229,0
TUR.39.3_1,2052,11,9.6642472906147745,69.65411555478545,Isparta,Eğirdir,1.0726906808201357e-4,1.072684927516665e-5,30,Isparta,E<U+011F>irdir,albopictus,0,0,1,0,0
TUR.39.3_1,2052,12,7.067363006008022,79.20841197984502,Isparta,Eğirdir,8.82304927401807e-5,8.538398328927777e-6,31,Isparta,E<U+011F>irdir,albopictus,0,0,1,0,0
TUR.39.3_1,2053,1,3.8955972568296335,74.80306689250985,Isparta,Eğirdir,9.207363313496455e-5,8.91031189664826e-6,31,Isparta,E<U+011F>irdir,albopictus,0,0,1,0,0
TUR.39.3_1,2053,2,2.867312093429706,78.09683915242238,Isparta,Eğirdir,6.887386397198036e-5,7.379315341116133e-6,28,Isparta,E<U+011F>irdir,albopictus,0,0,1,0,0
TUR.39.3_1,2053,3,6.335875656017485,69.54299638130844,Isparta,Eğirdir,8.454841102694821e-5,8.182070819651166e-6,31,Isparta,E<U+011F>irdir,albopictus,0,0,1,0,0
TUR.39.3_1,2053,4,11.596901276532343,59.64453940540558,Isparta,Eğirdir,1.117997229195078e-4,1.1179909796266152e-5,30,Isparta,E<U+011F>irdir,albopictus,0,0,1,1.0774150603340095e-5,0
TUR.39.3_1,2053,5,16.142783108879538,69.44002698327446,Isparta,Eğirdir,1.5626645092534422e-4,1.5122445421678066e-5,31,Isparta,E<U+011F>irdir,albopictus,0,0,1,0.017931583096460348,0
TUR.39.3_1,2053,6,19.07623414432301,63.562835407190384,Isparta,Eğirdir,1.7576394729858807e-4,1.7576240265992915e-5,30,Isparta,E<U+011F>irdir,albopictus,1.9421686481280177e-15,1.9421686481280177e-15,0.9999999999999981,0.05834855207512489,0
TUR.39.3_1,2053,7,23.063884510713464,51.629237381629565,Isparta,Eğirdir,2.064056258794834e-4,1.9974538494560434e-5,31,Isparta,E<U+011F>irdir,albopictus,6.849242633113484e-7,6.849242633113484e-7,0.9999993150757367,0.11950421709819468,1.4137224724208863e-10
TUR.39.3_1,2053,8,24.129117012023926,39.487073739878134,Isparta,Eğirdir,2.450936699850497e-4,2.3718460969490707e-5,31,Isparta,E<U+011F>irdir,albopictus,8.356702985301556e-8,8.356702985301556e-8,0.9999999164329701,0.1086246158131635,2.0481727425192275e-11
TUR.39.3_1,2053,9,21.683462928323184,45.32901613036499,Isparta,Eğirdir,1.953514904819583e-4,1.9534958238365263e-5,30,Isparta,E<U+011F>irdir,albopictus,9.076590085088653e-11,9.076590085088653e-11,0.999999999909234,0.08548234023358776,1.7763568394002505e-14
TUR.39.3_1,2053,10,15.98548539947061,38.54623644680416,Isparta,Eğirdir,1.9251074100250153e-4,1.8629898171251824e-5,31,Isparta,E<U+011F>irdir,albopictus,0,0,1,0.010549927934266932,0
TUR.39.3_1,2053,11,8.984294669154814,72.66110408017607,Isparta,Eğirdir,1.1166577835693009e-4,1.1166515489713369e-5,30,Isparta,E<U+011F>irdir,albopictus,0,0,1,0,0
TUR.39.3_1,2053,12,5.4487941087607075,83.84282665269659,Isparta,Eğirdir,9.184685597450199e-5,8.888365915171725e-6,31,Isparta,E<U+011F>irdir,albopictus,0,0,1,0,0
TUR.39.3_1,2054,1,4.369834937264814,78.5938765238575,Isparta,Eğirdir,9.011940950956117e-5,8.721195148497785e-6,31,Isparta,E<U+011F>irdir,albopictus,0,0,1,0,0
TUR.39.3_1,2054,2,0.8548889916171046,80.64121934041066,Isparta,Eğirdir,6.741204556030142e-5,7.222693083397402e-6,28,Isparta,E<U+011F>irdir,albopictus,0,0,1,0,0
TUR.39.3_1,2054,3,5.318655158886138,71.46674821236313,Isparta,Eğirdir,8.275390703385627e-5,8.008410548709932e-6,31,Isparta,E<U+011F>irdir,albopictus,0,0,1,0,0
TUR.39.3_1,2054,4,9.585876801434686,68.6573873057962,Isparta,Eğirdir,1.0942682144485224e-4,1.0942622273524272e-5,30,Isparta,E<U+011F>irdir,albopictus,0,0,1,0,0
TUR.39.3_1,2054,5,16.25235647313735,45.69936917687798,Isparta,Eğirdir,1.5294976209860258e-4,1.4801480337500728e-5,31,Isparta,E<U+011F>irdir,albopictus,0,0,1,0.013570130296105681,0
TUR.39.3_1,2054,6,19.48614053165211,55.41282625191695,Isparta,Eğirdir,1.7203343242033227e-4,1.72031952653251e-5,30,Isparta,E<U+011F>irdir,albopictus,3.2171487696075473e-15,3.2171487696075473e-15,0.9999999999999968,0.05926417645305011,0
TUR.39.3_1,2054,7,24.57134033651913,35.20218583744011,Isparta,Eğirdir,2.0202475443153485e-4,1.9550591571659837e-5,31,Isparta,E<U+011F>irdir,albopictus,3.040457674158281e-8,3.040457674158281e-8,0.9999999695954233,0.1037542868326186,6.1425309283436036e-12
TUR.39.3_1,2054,8,26.96569538116455,32.22303183924337,Isparta,Eğirdir,2.3989166128816775e-4,2.3215052586622598e-5,31,Isparta,E<U+011F>irdir,albopictus,5.7926093597726605e-8,5.7926093597726605e-8,0.9999999420739064,0.10387235750662198,1.389599546541831e-11
TUR.39.3_1,2054,9,23.8195083842558,30.099165361322022,Isparta,Eğirdir,1.912052383470175e-4,1.9120341038680877e-5,30,Isparta,E<U+011F>irdir,albopictus,4.650592418942168e-10,4.650592418942168e-10,0.9999999995349408,0.08819456253814117,8.892886427247504e-14
TUR.39.3_1,2054,10,14.588361109004301,51.998518398708455,Isparta,Eğirdir,1.8842478256465495e-4,1.823449012683387e-5,31,Isparta,E<U+011F>irdir,albopictus,0,0,1,0.0046176457421884705,0
TUR.39.3_1,2054,11,9.486846224788358,75.10880458066435,Isparta,Eğirdir,1.0929571979853374e-4,1.0929512252344509e-5,30,Isparta,E<U+011F>irdir,albopictus,0,0,1,0,0
TUR.39.3_1,2054,12,3.0745518030050922,75.7427824022083,Isparta,Eğirdir,8.989744559768661e-5,8.699714956983406e-6,31,Isparta,E<U+011F>irdir,albopictus,0,0,1,0,0
TUR.39.3_1,2055,1,2.639208890607252,78.72925250042,Isparta,Eğirdir,8.84934984757478e-5,8.563850279252883e-6,31,Isparta,E<U+011F>irdir,albopictus,0,0,1,0,0
TUR.39.3_1,2055,2,-0.7161828082273988,75.34892960652394,Isparta,Eğirdir,6.619581490272265e-5,7.092383588536144e-6,28,Isparta,E<U+011F>irdir,albopictus,0,0,1,0,0
TUR.39.3_1,2055,3,3.763075258144561,73.49162766792954,Isparta,Eğirdir,8.12608824870938e-5,7.863925448936548e-6,31,Isparta,E<U+011F>irdir,albopictus,0,0,1,0,0
TUR.39.3_1,2055,4,9.228858807507685,66.87331442981964,Isparta,Eğirdir,1.074525710880139e-4,1.0745199378714432e-5,30,Isparta,E<U+011F>irdir,albopictus,0,0,1,0,0
TUR.39.3_1,2055,5,15.179688397575827,53.60300610925103,Isparta,Eğirdir,1.5019028212454814e-4,1.4534437805413525e-5,31,Isparta,E<U+011F>irdir,albopictus,0,0,1,0.007663601039489324,0
TUR.39.3_1,2055,6,22.8992026272942,38.68369646065718,Isparta,Eğirdir,1.6892964981146677e-4,1.68928222957776e-5,30,Isparta,E<U+011F>irdir,albopictus,1.2185943401576972e-9,1.2185943401576972e-9,0.9999999987814057,0.09308857489089681,2.0583534876550402e-13
TUR.39.3_1,2055,7,23.500108494478113,45.64088365238152,Isparta,Eğirdir,1.9837987616256637e-4,1.919786825044234e-5,31,Isparta,E<U+011F>irdir,albopictus,2.0576293844454253e-7,2.0576293844454253e-7,0.9999997942370615,0.1135084481397315,4.081923687948574e-11
TUR.39.3_1,2055,8,23.74911594390869,48.1103800142922,Isparta,Eğirdir,2.35563598098108e-4,2.279621739753601e-5,31,Isparta,E<U+011F>irdir,albopictus,1.489686037521698e-6,1.489686037521698e-6,0.9999985103139625,0.12224736659334945,3.5091585193214314e-10
TUR.39.3_1,2055,9,24.207232306985293,35.261969011224366,Isparta,Eğirdir,1.877555629835948e-4,1.8775380038693612e-5,30,Isparta,E<U+011F>irdir,albopictus,1.3221021367693098e-8,1.3221021367693098e-8,0.9999999867789786,0.10062587169405644,2.4823476607593875e-12
TUR.39.3_1,2055,10,14.59443601439981,55.46096651882564,Isparta,Eğirdir,1.8502527146396078e-4,1.7905511126459217e-5,31,Isparta,E<U+011F>irdir,albopictus,0,0,1,0.004902857243470485,0
TUR.39.3_1,2055,11,10.083677069667509,80.22765528867217,Isparta,Eğirdir,1.0732383474362603e-4,1.073232588255646e-5,30,Isparta,E<U+011F>irdir,albopictus,0,0,1,0,0
TUR.39.3_1,2055,12,5.967073184383266,82.04557018297002,Isparta,Eğirdir,8.827553917925397e-5,8.542757624518948e-6,31,Isparta,E<U+011F>irdir,albopictus,0,0,1,0,0
TUR.39.3_1,2056,1,4.617027320077314,81.99161211956063,Isparta,Eğirdir,9.779238157951862e-5,9.46373408117207e-6,31,Isparta,E<U+011F>irdir,albopictus,0,0,1,0,0
TUR.39.3_1,2056,2,4.8449337679673645,73.49483414753956,Isparta,Eğirdir,7.576422018955337e-5,7.83764723610858e-6,29,Isparta,E<U+011F>irdir,albopictus,0,0,1,0,0
TUR.39.3_1,2056,3,10.440313960918608,61.11561295845688,Isparta,Eğirdir,8.979976342379708e-5,8.69026192562572e-6,31,Isparta,E<U+011F>irdir,albopictus,0,0,1,1.2151472993087958e-37,0
TUR.39.3_1,2056,4,10.587110856000116,63.705483008921206,Isparta,Eğirdir,1.1874367060331783e-4,1.1874296560354658e-5,30,Isparta,E<U+011F>irdir,albopictus,0,0,1,8.828256508838202e-15,0
TUR.39.3_1,2056,5,15.849996510673972,56.49656842614556,Isparta,Eğirdir,1.6597225369143428e-4,1.60617020118492e-5,31,Isparta,E<U+011F>irdir,albopictus,0,0,1,0.01256944844438915,0
TUR.39.3_1,2056,6,22.53495816623463,35.03267259591109,Isparta,Eğirdir,1.866807512303837e-4,1.8667900875568577e-5,30,Isparta,E<U+011F>irdir,albopictus,5.339058900544202e-11,5.339058900544202e-11,0.9999999999466094,0.08272905417794829,9.992007221626409e-15
TUR.39.3_1,2056,7,26.286311878877527,23.39658090274773,Isparta,Eğirdir,2.1922560280181536e-4,2.121515587172329e-5,31,Isparta,E<U+011F>irdir,albopictus,5.270713674399019e-10,5.270713674399019e-10,0.9999999994729286,0.0856607878284365,1.155742168634788e-13
TUR.39.3_1,2056,8,26.377062797546387,33.86614783655782,Isparta,Eğirdir,2.6031658447504813e-4,2.5191610215857807e-5,31,Isparta,E<U+011F>irdir,albopictus,1.3831649851786532e-7,1.3831649851786532e-7,0.9999998616835015,0.10804065279425605,3.60060870008283e-11
TUR.39.3_1,2056,9,20.398287604836856,57.74394838134155,Isparta,Eğirdir,2.0748488844071422e-4,2.0748273595661004e-5,30,Isparta,E<U+011F>irdir,albopictus,7.259237488899118e-12,7.259237488899118e-12,0.9999999999927408,0.07870561382243994,1.5543122344752192e-15
TUR.39.3_1,2056,10,14.706768358454985,69.50591128200924,Isparta,Eğirdir,2.044676983113789e-4,1.9787000845483682e-5,31,Isparta,E<U+011F>irdir,albopictus,0,0,1,0.006581054953203828,0
TUR.39.3_1,2056,11,9.299568430904081,83.02932917783232,Isparta,Eğirdir,1.186014066638152e-4,1.1860070335156792e-5,30,Isparta,E<U+011F>irdir,albopictus,0,0,1,0,0
TUR.39.3_1,2056,12,2.198582154643886,81.02564983384893,Isparta,Eğirdir,9.755151915393185e-5,9.440425034479283e-6,31,Isparta,E<U+011F>irdir,albopictus,0,0,1,0,0
TUR.39.3_1,2057,1,1.9446376935743235,77.76952044475594,Isparta,Eğirdir,8.406125034771724e-5,8.134926622327399e-6,31,Isparta,E<U+011F>irdir,albopictus,0,0,1,0,0
TUR.39.3_1,2057,2,2.1941191155244324,74.05914231404347,Isparta,Eğirdir,6.288035917162782e-5,6.737158645075958e-6,28,Isparta,E<U+011F>irdir,albopictus,0,0,1,0,0
TUR.39.3_1,2057,3,6.615147735485259,66.92677018501938,Isparta,Eğirdir,7.719088412010372e-5,7.470057658998108e-6,31,Isparta,E<U+011F>irdir,albopictus,0,0,1,0,0
TUR.39.3_1,2057,4,10.02603469175451,63.876732398569644,Isparta,Eğirdir,1.0207074682679498e-4,1.0207022590691395e-5,30,Isparta,E<U+011F>irdir,albopictus,0,0,1,0,0
TUR.39.3_1,2057,5,16.467321339775534,51.67083905602837,Isparta,Eğirdir,1.4266791485168746e-4,1.3806477094702174e-5,31,Isparta,E<U+011F>irdir,albopictus,0,0,1,0.016721955280298288,0
TUR.39.3_1,2057,6,21.52365140353932,44.16434831612593,Isparta,Eğirdir,1.604687104538604e-4,1.6046742295050542e-5,30,Isparta,E<U+011F>irdir,albopictus,2.7212955777677907e-11,2.7212955777677907e-11,0.999999999972787,0.08141576271321603,4.3298697960381105e-15
TUR.39.3_1,2057,7,23.32977844687069,49.59202500980339,Isparta,Eğirdir,1.8844390516011542e-4,1.8236340666888395e-5,31,Isparta,E<U+011F>irdir,albopictus,6.898587041111459e-7,6.898587041111459e-7,0.9999993101412958,0.11912304481962051,1.2999967768934084e-10
TUR.39.3_1,2057,8,24.441227912902832,45.558519204966025,Isparta,Eğirdir,2.237652588450993e-4,2.1654468007503702e-5,31,Isparta,E<U+011F>irdir,albopictus,3.2329431398445684e-6,3.2329431398445684e-6,0.9999967670568601,0.12550715812364627,7.234203236450298e-10
TUR.39.3_1,2057,9,21.095282386330997,47.88621751586304,Isparta,Eğirdir,1.7835171686048752e-4,1.7835012640299297e-5,30,Isparta,E<U+011F>irdir,albopictus,1.0813599460313128e-11,1.0813599460313128e-11,0.9999999999891864,0.0792777646327852,1.887379141862766e-15
TUR.39.3_1,2057,10,14.358762109980864,40.350683620876424,Isparta,Eğirdir,1.7575817357304359e-4,1.700871085730249e-5,31,Isparta,E<U+011F>irdir,albopictus,0,0,1,0.0030543138148078934,0
TUR.39.3_1,2057,11,6.205123679164578,76.29064356992217,Isparta,Eğirdir,1.0194845831678195e-4,1.0194793864437557e-5,30,Isparta,E<U+011F>irdir,albopictus,0,0,1,0,0
TUR.39.3_1,2057,12,4.411242705715053,80.28086071031377,Isparta,Eğirdir,8.385420766883388e-5,8.114890396870855e-6,31,Isparta,E<U+011F>irdir,albopictus,0,0,1,0,0
TUR.39.3_1,2058,1,2.9017768875860117,76.64179675090828,Isparta,Eğirdir,9.084440162434176e-5,8.791355061377182e-6,31,Isparta,E<U+011F>irdir,albopictus,0,0,1,0,0
TUR.39.3_1,2058,2,3.5801627833177063,82.94673081502003,Isparta,Eğirdir,6.79543616022997e-5,7.280797952202711e-6,28,Isparta,E<U+011F>irdir,albopictus,0,0,1,0,0
TUR.39.3_1,2058,3,4.7560254591791065,72.46809861519516,Isparta,Eğirdir,8.341964519607165e-5,8.072836304440223e-6,31,Isparta,E<U+011F>irdir,albopictus,0,0,1,0,0
TUR.39.3_1,2058,4,12.007171967450311,65.02166037708527,Isparta,Eğirdir,1.1030713771772579e-4,1.1030652933619045e-5,30,Isparta,E<U+011F>irdir,albopictus,0,0,1,7.268774415112905e-5,0
TUR.39.3_1,2058,5,13.962351742912741,69.4338090267315,Isparta,Eğirdir,1.541802114777376e-4,1.4920554314290513e-5,31,Isparta,E<U+011F>irdir,albopictus,0,0,1,0.003226848055306197,0
TUR.39.3_1,2058,6,21.922750753514904,42.735564899377884,Isparta,Eğirdir,1.7341740600229573e-4,1.734159023314419e-5,30,Isparta,E<U+011F>irdir,albopictus,1.0439740766310379e-10,1.0439740766310379e-10,0.9999999998956026,0.08548949006500406,1.8096635301390052e-14
TUR.39.3_1,2058,7,26.373733296113855,28.771094528846362,Isparta,Eğirdir,2.036500020308082e-4,1.9707870509977354e-5,31,Isparta,E<U+011F>irdir,albopictus,1.0345205652295685e-8,1.0345205652295685e-8,0.9999999896547943,0.09713485130103935,2.106759211528697e-12
TUR.39.3_1,2058,8,26.35104465484619,38.44609626185079,Isparta,Eğirdir,2.4182154036507278e-4,2.3401810724799077e-5,31,Isparta,E<U+011F>irdir,albopictus,1.5277669945884532e-6,1.5277669945884532e-6,0.9999984722330054,0.11963788189291591,3.69446917503069e-10
TUR.39.3_1,2058,9,19.37964708664838,55.263922136224366,Isparta,Eğirdir,1.9274344516462456e-4,1.9274158767457195e-5,30,Isparta,E<U+011F>irdir,albopictus,1.2398970739013747e-15,1.2398970739013747e-15,0.9999999999999988,0.05698840843678827,0
TUR.39.3_1,2058,10,15.05954488585977,75.69483034939205,Isparta,Eğirdir,1.899406211873451e-4,1.8381181501547772e-5,31,Isparta,E<U+011F>irdir,albopictus,0,0,1,0.009620157817218688,0
TUR.39.3_1,2058,11,8.799193636897733,81.48279750058623,Isparta,Eğirdir,1.1017498138562612e-4,1.1017437446136924e-5,30,Isparta,E<U+011F>irdir,albopictus,0,0,1,0,0
TUR.39.3_1,2058,12,1.2607093424919773,75.42766551988409,Isparta,Eğirdir,9.062065205844715e-5,8.769702067756846e-6,31,Isparta,E<U+011F>irdir,albopictus,0,0,1,0,0
TUR.39.3_1,2059,1,-1.105582438299761,82.89332262981453,Isparta,Eğirdir,8.712224584566675e-5,8.431149539522842e-6,31,Isparta,E<U+011F>irdir,albopictus,0,0,1,0,0
TUR.39.3_1,2059,2,1.2534052628804657,74.45046921834034,Isparta,Eğirdir,6.517007643775967e-5,6.982483812145723e-6,28,Isparta,E<U+011F>irdir,albopictus,0,0,1,0,0
TUR.39.3_1,2059,3,5.333993579754058,68.51431748726547,Isparta,Eğirdir,8.000170299083203e-5,7.742070319505245e-6,31,Isparta,E<U+011F>irdir,albopictus,0,0,1,0,0
TUR.39.3_1,2059,4,12.985699990216425,63.130287696421206,Isparta,Eğirdir,1.0578753780024316e-4,1.0578697825169847e-5,30,Isparta,E<U+011F>irdir,albopictus,0,0,1,7.649302098369149e-4,0
TUR.39.3_1,2059,5,19.149256650139304,42.898740514768605,Isparta,Eğirdir,1.478630058508867e-4,1.4309220768948805e-5,31,Isparta,E<U+011F>irdir,albopictus,2.7755575615628914e-19,2.7755575615628914e-19,1,0.04429495988027723,0
TUR.39.3_1,2059,6,21.634582800023693,46.51094026558882,Isparta,Eğirdir,1.663119973218194e-4,1.6631061434568828e-5,30,Isparta,E<U+011F>irdir,albopictus,1.3503863788288938e-10,1.3503863788288938e-10,0.9999999998649614,0.08671398343788893,2.2426505097428162e-14
TUR.39.3_1,2059,7,20.462558521943933,67.25440904300652,Isparta,Eğirdir,1.953058771498861e-4,1.890039014185163e-5,31,Isparta,E<U+011F>irdir,albopictus,4.0368300563420335e-10,4.0368300563420335e-10,0.999999999596317,0.09192444281947931,7.882583474838611e-14
TUR.39.3_1,2059,8,24.81008815765381,45.177774270883994,Isparta,Eğirdir,2.319134180396045e-4,2.244298215636764e-5,31,Isparta,E<U+011F>irdir,albopictus,5.714126705041789e-6,5.714126705041789e-6,0.999994285873295,0.12764353963418307,1.32518263029624e-9
TUR.39.3_1,2059,9,19.578369926003848,53.60506288329468,Isparta,Eğirdir,1.848461932108068e-4,1.848444848151498e-5,30,Isparta,E<U+011F>irdir,albopictus,3.3745783944993944e-15,3.3745783944993944e-15,0.9999999999999967,0.059185972389902385,0
TUR.39.3_1,2059,10,16.05041631530313,42.76643984646236,Isparta,Eğirdir,1.8215820897353444e-4,1.7628058395557922e-5,31,Isparta,E<U+011F>irdir,albopictus,0,0,1,0.011682739551853021,0
TUR.39.3_1,2059,11,7.2707321805989045,73.26407038876982,Isparta,Eğirdir,1.0566079629224293e-4,1.0566023808444847e-5,30,Isparta,E<U+011F>irdir,albopictus,0,0,1,0,0
TUR.39.3_1,2059,12,4.908521634471767,84.19391613023565,Isparta,Eğirdir,8.690766394145276e-5,8.410383723678194e-6,31,Isparta,E<U+011F>irdir,albopictus,0,0,1,0,0
TUR.39.3_1,2060,1,3.245902575662031,82.00755755413094,Isparta,Eğirdir,9.016521156997092e-5,8.725627567263139e-6,31,Isparta,E<U+011F>irdir,albopictus,0,0,1,0,0
TUR.39.3_1,2060,2,1.451445837669513,69.27051468953175,Isparta,Eğirdir,6.985510356213341e-5,7.226363913370726e-6,29,Isparta,E<U+011F>irdir,albopictus,0,0,1,0,0
TUR.39.3_1,2060,3,5.20065226734561,72.31052872994125,Isparta,Eğirdir,8.279596566994513e-5,8.012480706698355e-6,31,Isparta,E<U+011F>irdir,albopictus,0,0,1,0,0
TUR.39.3_1,2060,4,10.095120766583612,62.75524954944855,Isparta,Eğirdir,1.094824362553968e-4,1.0948183693737512e-5,30,Isparta,E<U+011F>irdir,albopictus,0,0,1,0,0
TUR.39.3_1,2060,5,16.411550465752097,49.21880124474907,Isparta,Eğirdir,1.5302749689825808e-4,1.4809002948701355e-5,31,Isparta,E<U+011F>irdir,albopictus,0,0,1,0.0156636617158869,0
TUR.39.3_1,2060,6,22.968210500829358,39.192447376184525,Isparta,Eğirdir,1.7212086625625162e-4,1.7211938498462587e-5,30,Isparta,E<U+011F>irdir,albopictus,2.0690035631987235e-9,2.0690035631987235e-9,0.9999999979309965,0.09476233003932265,3.561595462997502e-13
TUR.39.3_1,2060,7,24.437198414522058,41.78894349735222,Isparta,Eğirdir,2.0212743098098286e-4,1.9560527817596984e-5,31,Isparta,E<U+011F>irdir,albopictus,4.799328612958842e-7,4.799328612958842e-7,0.9999995200671387,0.11679344524238246,9.700762415576492e-11
TUR.39.3_1,2060,8,26.691821098327637,34.64531501185079,Isparta,Eğirdir,2.4001358321843684e-4,2.3226851209146027e-5,31,Isparta,E<U+011F>irdir,albopictus,2.3094833150805184e-7,2.3094833150805184e-7,0.9999997690516685,0.10964425265422116,5.5430771084274966e-11
TUR.39.3_1,2060,9,21.847830604104434,35.6639427355896,Isparta,Eğirdir,1.9130241601301738e-4,1.9130058619420964e-5,30,Isparta,E<U+011F>irdir,albopictus,3.892734634636241e-12,3.892734634636241e-12,0.9999999999961072,0.07525297431314314,7.771561172376096e-16
TUR.39.3_1,2060,10,13.215714777217192,49.79826968044674,Isparta,Eğirdir,1.8852054709885116e-4,1.82437574933747e-5,31,Isparta,E<U+011F>irdir,albopictus,0,0,1,8.750937237332717e-4,0
TUR.39.3_1,2060,11,9.796418444636991,77.21489894101592,Isparta,Eğirdir,1.0935126797830966e-4,1.0935067009554267e-5,30,Isparta,E<U+011F>irdir,albopictus,0,0,1,0,0
TUR.39.3_1,2060,12,3.8331885160330463,81.70582561509893,Isparta,Eğirdir,8.994313484772002e-5,8.70413645892576e-6,31,Isparta,E<U+011F>irdir,albopictus,0,0,1,0,0
TUR.39.3_1,2061,1,0.6085425988935373,62.08404223430672,Isparta,Eğirdir,8.413451907438958e-5,8.142017086654185e-6,31,Isparta,E<U+011F>irdir,albopictus,0,0,1,0,0
TUR.39.3_1,2061,2,-0.20311627799973764,75.64863511189503,Isparta,Eğirdir,6.29351663964805e-5,6.743030808165074e-6,28,Isparta,E<U+011F>irdir,albopictus,0,0,1,0,0
TUR.39.3_1,2061,3,5.43185630024356,78.87737748482407,Isparta,Eğirdir,7.725816455867438e-5,7.476568620545798e-6,31,Isparta,E<U+011F>irdir,albopictus,0,0,1,0,0
TUR.39.3_1,2061,4,11.130277970257929,55.00423102527863,Isparta,Eğirdir,1.0215971283217272e-4,1.0215919100331483e-5,30,Isparta,E<U+011F>irdir,albopictus,0,0,1,1.9005466549635069e-7,0
TUR.39.3_1,2061,5,16.25013059728286,45.253144964231495,Isparta,Eğirdir,1.4279226580310615e-4,1.3818510891550062e-5,31,Isparta,E<U+011F>irdir,albopictus,0,0,1,0.013583588805397192,0
TUR.39.3_1,2061,6,21.83852033054127,39.91502351754195,Isparta,Eğirdir,1.6060857677796425e-4,1.606072870286024e-5,30,Isparta,E<U+011F>irdir,albopictus,1.9626791247784324e-11,1.9626791247784324e-11,0.9999999999803733,0.08071825485911288,3.1086244689504383e-15
TUR.39.3_1,2061,7,25.010358586030847,45.39962693851433,Isparta,Eğirdir,1.8860815497704215e-4,1.825223552043287e-5,31,Isparta,E<U+011F>irdir,albopictus,8.991991945369593e-6,8.991991945369593e-6,0.9999910080080546,0.12990593981804313,1.6959630366741862e-9
TUR.39.3_1,2061,8,27.400370597839355,35.71249564539571,Isparta,Eğirdir,2.239602951492379e-4,2.1673342079697733e-5,31,Isparta,E<U+011F>irdir,albopictus,4.034801618232331e-7,4.034801618232331e-7,0.9999995965198382,0.11201082792923098,9.036349446489567e-11
TUR.39.3_1,2061,9,19.06712801316205,66.54387132445679,Isparta,Eğirdir,1.7850717021313385e-4,1.785055769820687e-5,30,Isparta,E<U+011F>irdir,albopictus,5.587030837972407e-15,5.587030837972407e-15,0.9999999999999944,0.06096932647277482,0
TUR.39.3_1,2061,10,12.867227876887602,46.08804552883541,Isparta,Eğirdir,1.7591136636433191e-4,1.7023535713867055e-5,31,Isparta,E<U+011F>irdir,albopictus,0,0,1,4.425291120746768e-4,0
TUR.39.3_1,2061,11,9.690350787166288,77.11110865781279,Isparta,Eğirdir,1.0203731773412563e-4,1.020367971549252e-5,30,Isparta,E<U+011F>irdir,albopictus,0,0,1,0,0
TUR.39.3_1,2061,12,4.695873481166713,78.95947246568487,Isparta,Eğirdir,8.392729593478995e-5,8.121963397500487e-6,31,Isparta,E<U+011F>irdir,albopictus,0,0,1,0,0
TUR.39.3_1,2062,1,0.6001699344419382,81.092777891045,Isparta,Eğirdir,9.074240506872264e-5,8.781484513664672e-6,31,Isparta,E<U+011F>irdir,albopictus,0,0,1,0,0
TUR.39.3_1,2062,2,3.8385811049272034,70.55318375691456,Isparta,Eğirdir,6.787806509201621e-5,7.272623385623511e-6,28,Isparta,E<U+011F>irdir,albopictus,0,0,1,0,0
TUR.39.3_1,2062,3,5.779544498333159,73.32382676460922,Isparta,Eğirdir,8.332598486776488e-5,8.06377247486445e-6,31,Isparta,E<U+011F>irdir,albopictus,0,0,1,0,0
TUR.39.3_1,2062,4,11.563617089215448,48.660587836802065,Isparta,Eğirdir,1.1018328916012356e-4,1.1018268214479932e-5,30,Isparta,E<U+011F>irdir,albopictus,0,0,1,6.214781471540362e-6,0
TUR.39.3_1,2062,5,15.823498669792624,55.943731054319386,Isparta,Eğirdir,1.540071039418392e-4,1.4903802221910567e-5,31,Isparta,E<U+011F>irdir,albopictus,0,0,1,0.012295075662413307,0
TUR.39.3_1,2062,6,19.300854963414807,52.33150453560835,Isparta,Eğirdir,1.732226996937025e-4,1.7322119939766623e-5,30,Isparta,E<U+011F>irdir,albopictus,2.00228722491147e-16,2.00228722491147e-16,0.9999999999999998,0.05323060728454025,0
TUR.39.3_1,2062,7,24.537732853608972,41.74471971195183,Isparta,Eğirdir,2.0342135174099878e-4,1.9685743498421004e-5,31,Isparta,E<U+011F>irdir,albopictus,6.653011959574795e-7,6.653011959574795e-7,0.9999993346988041,0.11761762500475018,1.3533651976871397e-10
TUR.39.3_1,2062,8,25.488947868347168,38.298379739633994,Isparta,Eğirdir,2.4155003255885992e-4,2.33755363903132e-5,31,Isparta,E<U+011F>irdir,albopictus,6.537643937435389e-7,6.537643937435389e-7,0.9999993462356063,0.11642003718112227,1.5791679075505272e-10
TUR.39.3_1,2062,9,19.672573874978458,60.32276384154663,Isparta,Eğirdir,1.9252704033203788e-4,1.9252518701051713e-5,30,Isparta,E<U+011F>irdir,albopictus,8.035616616552943e-14,8.035616616552943e-14,0.9999999999999196,0.0669834836882087,0
TUR.39.3_1,2062,10,14.098779047236723,68.00204317898189,Isparta,Eğirdir,1.8972736325634592e-4,1.836054401638254e-5,31,Isparta,E<U+011F>irdir,albopictus,0,0,1,0.00366370518809332,0
TUR.39.3_1,2062,11,8.58916212749832,78.19657313535185,Isparta,Eğirdir,1.1005128120800589e-4,1.1005067564573423e-5,30,Isparta,E<U+011F>irdir,albopictus,0,0,1,0,0
TUR.39.3_1,2062,12,4.950824242961757,80.90559368150518,Isparta,Eğirdir,9.051890672012524e-5,8.759855830930974e-6,31,Isparta,E<U+011F>irdir,albopictus,0,0,1,0,0
TUR.39.3_1,2063,1,4.756161250283613,80.27681414592782,Isparta,Eğirdir,9.926478227357554e-5,9.606223112190726e-6,31,Isparta,E<U+011F>irdir,albopictus,0,0,1,0,0
TUR.39.3_1,2063,2,4.421740790062091,74.27089615925831,Isparta,Eğirdir,7.4253061150492e-5,7.955653476887647e-6,28,Isparta,E<U+011F>irdir,albopictus,0,0,1,0,0
TUR.39.3_1,2063,3,6.324669982799712,74.55773637154282,Isparta,Eğirdir,9.115182410435052e-5,8.82110536193359e-6,31,Isparta,E<U+011F>irdir,albopictus,0,0,1,0,0
TUR.39.3_1,2063,4,14.431875565472772,42.864262153208315,Isparta,Eğirdir,1.205315221740358e-4,1.2053079578411285e-5,30,Isparta,E<U+011F>irdir,albopictus,0,0,1,0.0034606214237459035,0
TUR.39.3_1,2063,5,16.26756185643813,40.08209393884087,Isparta,Eğirdir,1.6847119744944824e-4,1.63035313652804e-5,31,Isparta,E<U+011F>irdir,albopictus,0,0,1,0.012607902780880623,0
TUR.39.3_1,2063,6,21.155737203710217,39.691558551721634,Isparta,Eğirdir,1.894914903006371e-4,1.894896949605762e-5,30,Isparta,E<U+011F>irdir,albopictus,5.767912258924923e-13,5.767912258924923e-13,0.9999999999994232,0.07056236272914525,1.1102230246251565e-16
TUR.39.3_1,2063,7,26.936361088472253,28.268065659217456,Isparta,Eğirdir,2.2252635000222964e-4,2.1534576192472343e-5,31,Isparta,E<U+011F>irdir,albopictus,7.205873498117299e-9,7.205873498117299e-9,0.9999999927941265,0.09515766795784084,1.6034951144661136e-12
TUR.39.3_1,2063,8,26.55073642730713,36.693136056772666,Isparta,Eğirdir,2.642360137134487e-4,2.5570900192506407e-5,31,Isparta,E<U+011F>irdir,albopictus,6.312075769155378e-7,6.312075769155378e-7,0.9999993687924231,0.1151667585909368,1.667878057887151e-10
TUR.39.3_1,2063,9,21.856932471780215,32.49775926390991,Isparta,Eğirdir,2.1060886281184678e-4,2.1060664502248194e-5,30,Isparta,E<U+011F>irdir,albopictus,1.0476572942508256e-12,1.0476572942508256e-12,0.9999999999989524,0.07118881277855994,2.220446049250313e-16
TUR.39.3_1,2063,10,14.23602136443643,44.229170254177205,Isparta,Eğirdir,2.0754624467709035e-4,2.0084918747942382e-5,31,Isparta,E<U+011F>irdir,albopictus,0,0,1,0.0029169415933478333,0
TUR.39.3_1,2063,11,8.358047263148954,79.28714167783232,Isparta,Eğirdir,1.2038711625251083e-4,1.2038639160216746e-5,30,Isparta,E<U+011F>irdir,albopictus,0,0,1,0,0
TUR.39.3_1,2063,12,5.0691859544638325,80.27982311265752,Isparta,Eğirdir,9.902029332824482e-5,9.582563118670784e-6,31,Isparta,E<U+011F>irdir,albopictus,0,0,1,0,0
TUR.39.3_1,2064,1,3.0276431218885325,79.87252490032235,Isparta,Eğirdir,8.988311045375024e-5,8.698327697120867e-6,31,Isparta,E<U+011F>irdir,albopictus,0,0,1,0,0
TUR.39.3_1,2064,2,-0.7916425269316224,69.81671067341847,Isparta,Eğirdir,6.963654695537277e-5,7.203754772366899e-6,29,Isparta,E<U+011F>irdir,albopictus,0,0,1,0,0
TUR.39.3_1,2064,3,6.814259673961821,73.31712052681625,Isparta,Eğirdir,8.253692081298348e-5,7.987412050103337e-6,31,Isparta,E<U+011F>irdir,albopictus,0,0,1,0,0
TUR.39.3_1,2064,4,11.083588936749628,65.68386130481964,Isparta,Eğirdir,1.0913989707718794e-4,1.0913930150402429e-5,30,Isparta,E<U+011F>irdir,albopictus,0,0,1,1.7561362357192513e-7,0
TUR.39.3_1,2064,5,17.560059491325827,56.64551709557915,Isparta,Eğirdir,1.5254871770020834e-4,1.4762670162982161e-5,31,Isparta,E<U+011F>irdir,albopictus,0,0,1,0.030402157533491084,0
TUR.39.3_1,2064,6,20.24460057651295,54.192413043909134,Isparta,Eğirdir,1.7158234937540256e-4,1.7158087735835714e-5,30,Isparta,E<U+011F>irdir,albopictus,5.875853137382591e-13,5.875853137382591e-13,0.9999999999994125,0.07162252701680705,1.1102230246251565e-16
TUR.39.3_1,2064,7,23.644614948945886,49.596949783973315,Isparta,Eğirdir,2.014950321554746e-4,1.9499329126482223e-5,31,Isparta,E<U+011F>irdir,albopictus,1.909870602164354e-6,1.909870602164354e-6,0.9999980901293979,0.12396457313312716,3.8482939057615795e-10
TUR.39.3_1,2064,8,27.104331016540527,33.07237990748067,Isparta,Eğirdir,2.3926264947630833e-4,2.315418188714169e-5,31,Isparta,E<U+011F>irdir,albopictus,1.0299393948393076e-7,1.0299393948393076e-7,0.9999998970060605,0.10573202742534166,2.4642621276882437e-11
TUR.39.3_1,2064,9,20.42666513779584,51.5987571887146,Isparta,Eğirdir,1.9070388555816336e-4,1.9070206717097804e-5,30,Isparta,E<U+011F>irdir,albopictus,7.103855281798132e-13,7.103855281798132e-13,0.9999999999992896,0.07188939699093826,1.1102230246251565e-16
TUR.39.3_1,2064,10,15.439786279902739,66.27046053738033,Isparta,Eğirdir,1.8793072031487196e-4,1.8186678521825428e-5,31,Isparta,E<U+011F>irdir,albopictus,0,0,1,0.011060207195073828,0
TUR.39.3_1,2064,11,8.872543589595487,76.45295130917998,Isparta,Eğirdir,1.0900913918806236e-4,1.0900854504058977e-5,30,Isparta,E<U+011F>irdir,albopictus,0,0,1,0,0
TUR.39.3_1,2064,12,2.568983060253017,76.00962047593877,Isparta,Eğirdir,8.96617285459421e-5,8.676903827664617e-6,31,Isparta,E<U+011F>irdir,albopictus,0,0,1,0,0
TUR.39.3_1,2065,1,2.6683345214628122,83.82110278118172,Isparta,Eğirdir,9.346724803736355e-5,9.045176644129072e-6,31,Isparta,E<U+011F>irdir,albopictus,0,0,1,0,0
TUR.39.3_1,2065,2,5.391113539390704,73.17478867634816,Isparta,Eğirdir,6.991633009337753e-5,7.491007309456954e-6,28,Isparta,E<U+011F>irdir,albopictus,0,0,1,0,0
TUR.39.3_1,2065,3,6.087661411174956,72.45496842720688,Isparta,Eğirdir,8.582812511630748e-5,8.305913097639284e-6,31,Isparta,E<U+011F>irdir,albopictus,0,0,1,0,0
TUR.39.3_1,2065,4,10.016270020428827,71.65623526722199,Isparta,Eğirdir,1.1349190942980136e-4,1.134912654110476e-5,30,Isparta,E<U+011F>irdir,albopictus,0,0,1,0,0
TUR.39.3_1,2065,5,14.587486210991354,64.48679517175103,Isparta,Eğirdir,1.5863168022432647e-4,1.535133509200648e-5,31,Isparta,E<U+011F>irdir,albopictus,0,0,1,0.005541822509288327,0
TUR.39.3_1,2065,6,21.106684011571545,55.25459260933882,Isparta,Eğirdir,1.7842428824441277e-4,1.784226964929303e-5,30,Isparta,E<U+011F>irdir,albopictus,2.1774896885595752e-10,2.1774896885595752e-10,0.9999999997822511,0.08910896377309703,3.885780586188048e-14
TUR.39.3_1,2065,7,26.500993504243738,30.300555435828784,Isparta,Eğirdir,2.0952975540897633e-4,2.0276867525592657e-5,31,Isparta,E<U+011F>irdir,albopictus,2.3154736920272256e-8,2.3154736920272256e-8,0.9999999768452631,0.1000032953781285,4.8515635953094716e-12
TUR.39.3_1,2065,8,26.09110927581787,35.023004373423056,Isparta,Eğirdir,2.4880337687229885e-4,2.4077456282300957e-5,31,Isparta,E<U+011F>irdir,albopictus,2.166281466483011e-7,2.166281466483011e-7,0.9999997833718534,0.11039536734083695,5.389777513187255e-11
TUR.39.3_1,2065,9,21.890374015359317,40.11837617675171,Isparta,Eğirdir,1.9830830601179027e-4,1.98306339715959e-5,30,Isparta,E<U+011F>irdir,albopictus,3.321190261695861e-11,3.321190261695861e-11,0.9999999999667881,0.08177452331164933,6.5503158452884236e-15
TUR.39.3_1,2065,10,12.125799501643462,72.89539950222408,Isparta,Eğirdir,1.9542455930637685e-4,1.8911875294680414e-5,31,Isparta,E<U+011F>irdir,albopictus,0,0,1,1.3061718070892005e-4,0
TUR.39.3_1,2065,11,8.314047591212919,77.8107699126956,Isparta,Eğirdir,1.1335593749921234e-4,1.1335529502276565e-5,30,Isparta,E<U+011F>irdir,albopictus,0,0,1,0,0
TUR.39.3_1,2065,12,5.543576461208217,87.217315483263,Isparta,Eğirdir,9.323703840639252e-5,9.022898494026599e-6,31,Isparta,E<U+011F>irdir,albopictus,0,0,1,0,0
TUR.39.3_1,2066,1,4.5269260780118845,70.36125628459969,Isparta,Eğirdir,9.122857088681806e-5,8.828532404470124e-6,31,Isparta,E<U+011F>irdir,albopictus,0,0,1,0,0
TUR.39.3_1,2066,2,3.3066761690904114,65.00424882039113,Isparta,Eğirdir,6.82417318365906e-5,7.31158739553095e-6,28,Isparta,E<U+011F>irdir,albopictus,0,0,1,0,0
TUR.39.3_1,2066,3,4.996766712078276,72.32261369087875,Isparta,Eğirdir,8.377241612083959e-5,8.106975149968498e-6,31,Isparta,E<U+011F>irdir,albopictus,0,0,1,0,0
TUR.39.3_1,2066,4,8.988985875073602,78.57563834339386,Isparta,Eğirdir,1.1077361238193375e-4,1.1077299884476588e-5,30,Isparta,E<U+011F>irdir,albopictus,0,0,1,0,0
TUR.39.3_1,2066,5,14.374454442192526,63.792329534543995,Isparta,Eğirdir,1.5483221971459928e-4,1.498365094221299e-5,31,Isparta,E<U+011F>irdir,albopictus,0,0,1,0.004489140291004454,0
TUR.39.3_1,2066,6,21.249052328221936,42.25041551583296,Isparta,Eğirdir,1.7415076585467217e-4,1.741492494389263e-5,30,Isparta,E<U+011F>irdir,albopictus,2.7835136973131112e-12,2.7835136973131112e-12,0.9999999999972164,0.07473983985716585,4.440892098500626e-16
TUR.39.3_1,2066,7,24.632629170137292,40.93443605106316,Isparta,Eğirdir,2.0451121163409222e-4,1.9791211728903413e-5,31,Isparta,E<U+011F>irdir,albopictus,5.153694306375134e-7,5.153694306375134e-7,0.9999994846305693,0.11616095305258496,1.0539880079818431e-10
TUR.39.3_1,2066,8,25.214953422546387,48.76086600672384,Isparta,Eğirdir,2.4284417248275782e-4,2.3500772802442782e-5,31,Isparta,E<U+011F>irdir,albopictus,6.83204752688511e-5,6.83204752688511e-5,0.9999316795247312,0.1416050395574543,1.6591229168305688e-8
TUR.39.3_1,2066,9,20.189303229836856,53.86710206786499,Isparta,Eğirdir,1.9355853234503473e-4,1.9355665911158226e-5,30,Isparta,E<U+011F>irdir,albopictus,3.3664526721821633e-13,3.3664526721821633e-13,0.9999999999996634,0.07021272363145627,1.1102230246251565e-16
TUR.39.3_1,2066,10,13.461046541438384,69.14514010281002,Isparta,Eğirdir,1.9074385558650567e-4,1.845891243090758e-5,31,Isparta,E<U+011F>irdir,albopictus,0,0,1,0.0017374342300059415,0
TUR.39.3_1,2066,11,9.757081286433866,79.78676783750029,Isparta,Eğirdir,1.1064089717774373e-4,1.106402851092092e-5,30,Isparta,E<U+011F>irdir,albopictus,0,0,1,0,0
TUR.39.3_1,2066,12,4.196112138164394,80.68688182847784,Isparta,Eğirdir,9.100387511285589e-5,8.806787843873565e-6,31,Isparta,E<U+011F>irdir,albopictus,0,0,1,0,0
TUR.39.3_1,2067,1,5.381303586175337,82.65573565471688,Isparta,Eğirdir,9.461785290416894e-5,9.156524488851403e-6,31,Isparta,E<U+011F>irdir,albopictus,0,0,1,0,0
TUR.39.3_1,2067,2,3.2032435137559387,78.59918137654347,Isparta,Eğirdir,7.077701735403652e-5,7.58322310656645e-6,28,Isparta,E<U+011F>irdir,albopictus,0,0,1,0,0
TUR.39.3_1,2067,3,7.198743011364165,71.80935380318344,Isparta,Eğirdir,8.688469049660121e-5,8.408160505735118e-6,31,Isparta,E<U+011F>irdir,albopictus,0,0,1,0,0
TUR.39.3_1,2067,4,8.896150925580194,56.789494086802065,Isparta,Eğirdir,1.1488902281523843e-4,1.1488836284323511e-5,30,Isparta,E<U+011F>irdir,albopictus,0,0,1,0,0
TUR.39.3_1,2067,5,13.892891827751608,65.87553571130181,Isparta,Eğirdir,1.6058447531702743e-4,1.5540312343298446e-5,31,Isparta,E<U+011F>irdir,albopictus,0,0,1,0.002827775304703772,0
TUR.39.3_1,2067,6,22.138847631566662,35.34474534981734,Isparta,Eğirdir,1.8062073522152116e-4,1.8061910403877057e-5,30,Isparta,E<U+011F>irdir,albopictus,1.1931549026567012e-11,1.1931549026567012e-11,0.9999999999880684,0.07822443474829337,2.1094237467877974e-15
TUR.39.3_1,2067,7,25.24329735251034,29.273444382361987,Isparta,Eğirdir,2.1210911835563905e-4,2.052647820205422e-5,31,Isparta,E<U+011F>irdir,albopictus,5.4719017185123065e-9,5.4719017185123065e-9,0.9999999945280983,0.09590922982589234,1.1606271499431386e-12
TUR.39.3_1,2067,8,26.66023540496826,30.904739221445517,Isparta,Eğirdir,2.5186620778171474e-4,2.4373852092973713e-5,31,Isparta,E<U+011F>irdir,albopictus,3.0157833383726016e-8,3.0157833383726016e-8,0.9999999698421667,0.10139351457501448,7.595701845275471e-12
TUR.39.3_1,2067,9,22.711937736062442,30.74562684813843,Isparta,Eğirdir,2.007495301498315e-4,2.0074751514442823e-5,30,Isparta,E<U+011F>irdir,albopictus,1.7503788807271548e-11,1.7503788807271548e-11,0.9999999999824962,0.07844532580152246,3.552713678800501e-15
TUR.39.3_1,2067,10,16.531723345027252,50.04701845974361,Isparta,Eğirdir,1.97830283811514e-4,1.9144682913529998e-5,31,Isparta,E<U+011F>irdir,albopictus,0,0,1,0.017105475802878703,0
TUR.39.3_1,2067,11,9.3469851179158,75.13247859189482,Isparta,Eğirdir,1.1475137703666124e-4,1.1475071864497366e-5,30,Isparta,E<U+011F>irdir,albopictus,0,0,1,0,0
TUR.39.3_1,2067,12,4.471730214488857,78.92366008775518,Isparta,Eğirdir,9.438480933588463e-5,9.133972091679432e-6,31,Isparta,E<U+011F>irdir,albopictus,0,0,1,0,0
TUR.39.3_1,2068,1,1.7891236619256876,80.76733080852547,Isparta,Eğirdir,9.079215426469441e-5,8.786298909768675e-6,31,Isparta,E<U+011F>irdir,albopictus,0,0,1,0,0
TUR.39.3_1,2068,2,4.918709536247394,83.78784104451222,Isparta,Eğirdir,7.034082467457649e-5,7.276610560658092e-6,29,Isparta,E<U+011F>irdir,albopictus,0,0,1,0,0
TUR.39.3_1,2068,3,5.498428489574614,74.13030717232407,Isparta,Eğirdir,8.337166803813695e-5,8.068193391164158e-6,31,Isparta,E<U+011F>irdir,albopictus,0,0,1,0,0
TUR.39.3_1,2068,4,9.802583077374628,68.0052114024759,Isparta,Eğirdir,1.1024369675061103e-4,1.1024308906870672e-5,30,Isparta,E<U+011F>irdir,albopictus,0,0,1,0,0
TUR.39.3_1,2068,5,15.151178303886862,70.39827130700493,Isparta,Eğirdir,1.5409153778056368e-4,1.491197311676018e-5,31,Isparta,E<U+011F>irdir,albopictus,0,0,1,0.0094563225089392,0
TUR.39.3_1,2068,6,21.296375555150647,44.8010479926396,Isparta,Eğirdir,1.733176684134239e-4,1.7331616647187076e-5,30,Isparta,E<U+011F>irdir,albopictus,1.0814321160790286e-11,1.0814321160790286e-11,0.9999999999891857,0.07892218252830681,1.887379141862766e-15
TUR.39.3_1,2068,7,25.474950566011316,37.158297745399096,Isparta,Eğirdir,2.0353287676267898e-4,1.9696536029956135e-5,31,Isparta,E<U+011F>irdir,albopictus,3.504269807099725e-7,3.504269807099725e-7,0.9999996495730193,0.11356313429736378,7.132339163717916e-11
TUR.39.3_1,2068,8,24.426899909973145,40.16677268396993,Isparta,Eğirdir,2.4168246149214258e-4,2.3388351793940387e-5,31,Isparta,E<U+011F>irdir,albopictus,2.37049753316787e-7,2.37049753316787e-7,0.9999997629502467,0.11246626903133483,5.729072771742949e-11
TUR.39.3_1,2068,9,22.366648505715762,37.28990403930054,Isparta,Eğirdir,1.9263259258681982e-4,1.926307372324132e-5,30,Isparta,E<U+011F>irdir,albopictus,8.104043436318875e-11,8.104043436318875e-11,0.9999999999189596,0.08406297297340001,1.5654144647214707e-14
TUR.39.3_1,2068,10,12.04766687224893,61.17394869656002,Isparta,Eğirdir,1.898313805982788e-4,1.837061002585294e-5,31,Isparta,E<U+011F>irdir,albopictus,0,0,1,7.766200558248229e-5,0
TUR.39.3_1,2068,11,8.788262621883085,77.22155177304717,Isparta,Eğirdir,1.101116164256102e-4,1.1011101019975378e-5,30,Isparta,E<U+011F>irdir,albopictus,0,0,1,0,0
TUR.39.3_1,2068,12,5.454644423854702,83.11052684800909,Isparta,Eğirdir,9.056853338393426e-5,8.764658369297962e-6,31,Isparta,E<U+011F>irdir,albopictus,0,0,1,0,0
TUR.39.3_1,2069,1,4.555774249246015,85.97359148967782,Isparta,Eğirdir,9.609853681022695e-5,9.29981515740419e-6,31,Isparta,E<U+011F>irdir,albopictus,0,0,1,0,0
TUR.39.3_1,2069,2,2.4026547867585633,74.6790458784966,Isparta,Eğirdir,7.188461372510461e-5,7.701893239397961e-6,28,Isparta,E<U+011F>irdir,albopictus,0,0,1,0,0
TUR.39.3_1,2069,3,8.301117565044585,62.4465989814061,Isparta,Eğirdir,8.824435739827408e-5,8.539740058655099e-6,31,Isparta,E<U+011F>irdir,albopictus,0,0,1,0,0
TUR.39.3_1,2069,4,10.245132782879999,69.95054679065949,Isparta,Eğirdir,1.1668693221440383e-4,1.1668625142458033e-5,30,Isparta,E<U+011F>irdir,albopictus,0,0,1,0,0
TUR.39.3_1,2069,5,12.821155491997214,65.76513837243462,Isparta,Eğirdir,1.6309747725975295e-4,1.5783502270827476e-5,31,Isparta,E<U+011F>irdir,albopictus,0,0,1,6.048944556790024e-4,0
TUR.39.3_1,2069,6,22.009880346410412,43.26124544137007,Isparta,Eğirdir,1.8344728652800395e-4,1.8344560389293996e-5,30,Isparta,E<U+011F>irdir,albopictus,1.9920563437691997e-10,1.9920563437691997e-10,0.9999999998007943,0.08774263375492117,3.652633751016765e-14
TUR.39.3_1,2069,7,26.541436924653894,33.34579393070183,Isparta,Eğirdir,2.1542843440686506e-4,2.0847695690884294e-5,31,Isparta,E<U+011F>irdir,albopictus,1.167973330549743e-7,1.167973330549743e-7,0.999999883202667,0.10669636167674927,2.5161428496289773e-11
TUR.39.3_1,2069,8,26.206686973571777,39.81736548792501,Isparta,Eğirdir,2.558076863599696e-4,2.4755276134103e-5,31,Isparta,E<U+011F>irdir,albopictus,3.0023139361975427e-6,3.0023139361975427e-6,0.9999969976860638,0.12289963769295446,7.680149849420559e-10
TUR.39.3_1,2069,9,23.165247748879825,41.49903337279663,Isparta,Eğirdir,2.038910789095843e-4,2.03889000345292e-5,30,Isparta,E<U+011F>irdir,albopictus,1.132343796050872e-8,1.132343796050872e-8,0.999999988676562,0.10154321651526614,2.308708779708013e-12
TUR.39.3_1,2069,10,14.880514467463774,52.49758379787838,Isparta,Eğirdir,2.00926149003755e-4,1.9444276990188136e-5,31,Isparta,E<U+011F>irdir,albopictus,0,0,1,0.005958449980997223,0
TUR.39.3_1,2069,11,9.48038126659744,70.73973262021514,Isparta,Eğirdir,1.1654713240376167e-4,1.1654645324488122e-5,30,Isparta,E<U+011F>irdir,albopictus,0,0,1,0,0
TUR.39.3_1,2069,12,5.4857909501913715,77.1661680223255,Isparta,Eğirdir,9.586184632066536e-5,9.276909838984437e-6,31,Isparta,E<U+011F>irdir,albopictus,0,0,1,0,0
TUR.39.3_1,2070,1,4.862348593881025,83.39820544231453,Isparta,Eğirdir,8.982379931202298e-5,8.69258795910266e-6,31,Isparta,E<U+011F>irdir,albopictus,0,0,1,0,0
TUR.39.3_1,2070,2,1.248076548032901,74.32901688679738,Isparta,Eğirdir,6.71909201866113e-5,7.199001249902359e-6,28,Isparta,E<U+011F>irdir,albopictus,0,0,1,0,0
TUR.39.3_1,2070,3,7.070691730388823,76.51222703316391,Isparta,Eğirdir,8.248245719925941e-5,7.982141419837774e-6,31,Isparta,E<U+011F>irdir,albopictus,0,0,1,0,0
TUR.39.3_1,2070,4,10.884471276227167,61.255150367319644,Isparta,Eğirdir,1.0906787896532059e-4,1.0906728417747757e-5,30,Isparta,E<U+011F>irdir,albopictus,0,0,1,4.985281771384192e-9,0
TUR.39.3_1,2070,5,13.048664990593405,74.51555798913384,Isparta,Eğirdir,1.5244805542261077e-4,1.4752928796046838e-5,31,Isparta,E<U+011F>irdir,albopictus,0,0,1,0.001048532094690405,0
TUR.39.3_1,2070,6,20.437658590428967,48.89192171090132,Isparta,Eğirdir,1.7146912738085515e-4,1.7146765730613467e-5,30,Isparta,E<U+011F>irdir,albopictus,2.463021453458225e-13,2.463021453458225e-13,0.9999999999997538,0.06945044244781542,0
TUR.39.3_1,2070,7,25.865737690645105,34.764315811805346,Isparta,Eğirdir,2.013620716877162e-4,1.948646223526307e-5,31,Isparta,E<U+011F>irdir,albopictus,1.5910542371994073e-7,1.5910542371994073e-7,0.9999998408945763,0.10892971078852089,3.2037816843910605e-11
TUR.39.3_1,2070,8,27.070630073547363,35.88895972620626,Isparta,Eğirdir,2.3910476730198784e-4,2.313890332061863e-5,31,Isparta,E<U+011F>irdir,albopictus,4.917083748271489e-7,4.917083748271489e-7,0.9999995082916252,0.11328320926281508,1.1756984275024251e-10
TUR.39.3_1,2070,9,20.72178919175092,41.06989900390015,Isparta,Eğirdir,1.9057804584114444e-4,1.9057622985263478e-5,30,Isparta,E<U+011F>irdir,albopictus,7.525685630227486e-14,7.525685630227486e-14,0.9999999999999247,0.06559949501650902,0
TUR.39.3_1,2070,10,15.146803224787993,57.74903719753658,Isparta,Eğirdir,1.878067105255886e-4,1.817467779263726e-5,31,Isparta,E<U+011F>irdir,albopictus,0,0,1,0.007908677819475842,0
TUR.39.3_1,2070,11,7.381479994777371,57.683084365820605,Isparta,Eğirdir,1.0893720735936495e-4,1.0893661399613563e-5,30,Isparta,E<U+011F>irdir,albopictus,0,0,1,0,0
TUR.39.3_1,2070,12,1.450573596117251,75.10450725572393,Isparta,Eğirdir,8.96025634874294e-5,8.67117822644925e-6,31,Isparta,E<U+011F>irdir,albopictus,0,0,1,0,0
TUR.39.3_1,2071,1,2.846786476781263,79.49580065715828,Isparta,Eğirdir,9.532087164827873e-5,9.224557935616495e-6,31,Isparta,E<U+011F>irdir,albopictus,0,0,1,0,0
TUR.39.3_1,2071,2,3.629726906471393,79.39235612019581,Isparta,Eğirdir,7.130289664980184e-5,7.639566887984728e-6,28,Isparta,E<U+011F>irdir,albopictus,0,0,1,0,0
TUR.39.3_1,2071,3,8.442193176159087,60.57448289253891,Isparta,Eğirdir,8.75302511822485e-5,8.470633593216093e-6,31,Isparta,E<U+011F>irdir,albopictus,0,0,1,0,0
TUR.39.3_1,2071,4,12.076182702008417,58.0417981639505,Isparta,Eğirdir,1.157426580865162e-4,1.1574198827135618e-5,30,Isparta,E<U+011F>irdir,albopictus,0,0,1,7.955045841592654e-5,0
TUR.39.3_1,2071,5,15.177708569694968,58.03364728356743,Isparta,Eğirdir,1.6177763171083451e-4,1.565577729001344e-5,31,Isparta,E<U+011F>irdir,albopictus,0,0,1,0.008155679905320543,0
TUR.39.3_1,2071,6,19.5524704877068,53.47530336373335,Isparta,Eğirdir,1.8196276274104467e-4,1.819611072284566e-5,30,Isparta,E<U+011F>irdir,albopictus,2.4326096692561806e-15,2.4326096692561806e-15,0.9999999999999976,0.05835039070364448,0
TUR.39.3_1,2071,7,24.9473035475787,34.57022782962761,Isparta,Eğirdir,2.1368510725650373e-4,2.0678990114819662e-5,31,Isparta,E<U+011F>irdir,albopictus,4.7250502955675786e-8,4.7250502955675786e-8,0.999999952749497,0.10517002611955954,1.0096701252848561e-11
TUR.39.3_1,2071,8,26.426337242126465,37.73643287073751,Isparta,Eğirdir,2.537375952592739e-4,2.455494967645855e-5,31,Isparta,E<U+011F>irdir,albopictus,1.1380559183044037e-6,1.1380559183044037e-6,0.9999988619440817,0.11803174982622393,2.887675654150712e-10
TUR.39.3_1,2071,9,22.98122293808881,45.59205095092163,Isparta,Eğirdir,2.0224111633821717e-4,2.022390712785871e-5,30,Isparta,E<U+011F>irdir,albopictus,3.244040525807179e-8,3.244040525807179e-8,0.9999999675595947,0.10604595247232222,6.5607519417199e-12
TUR.39.3_1,2071,10,17.306035364375397,47.488779476589315,Isparta,Eğirdir,1.9930017974978807e-4,1.9286928174100382e-5,31,Isparta,E<U+011F>irdir,albopictus,0,0,1,0.023897080911947716,0
TUR.39.3_1,2071,11,8.337557093623808,73.06897914121123,Isparta,Eğirdir,1.15603989588025e-4,1.1560332137672269e-5,30,Isparta,E<U+011F>irdir,albopictus,0,0,1,0,0
TUR.39.3_1,2071,12,4.182797175777309,67.06249980943487,Isparta,Eğirdir,9.508609654633911e-5,9.201837973815685e-6,31,Isparta,E<U+011F>irdir,albopictus,0,0,1,0,0
TUR.39.3_1,2072,1,1.1076408402227305,76.64366595256844,Isparta,Eğirdir,9.620725482001087e-5,9.310336157253296e-6,31,Isparta,E<U+011F>irdir,albopictus,0,0,1,0,0
TUR.39.3_1,2072,2,5.1155212122727844,76.01225968464894,Isparta,Eğirdir,7.45361501610303e-5,7.710606496624806e-6,29,Isparta,E<U+011F>irdir,albopictus,0,0,1,0,0
TUR.39.3_1,2072,3,5.8234435576288135,67.7300233588475,Isparta,Eğirdir,8.834418983307947e-5,8.549401179447358e-6,31,Isparta,E<U+011F>irdir,albopictus,0,0,1,0,0
TUR.39.3_1,2072,4,9.899937012616327,73.75764517933136,Isparta,Eğirdir,1.1681894224763871e-4,1.1681825991649575e-5,30,Isparta,E<U+011F>irdir,albopictus,0,0,1,0,0
TUR.39.3_1,2072,5,15.920655194450827,56.48957990075493,Isparta,Eğirdir,1.6328199238055518e-4,1.580135829082341e-5,31,Isparta,E<U+011F>irdir,albopictus,0,0,1,0.013018389641609906,0
TUR.39.3_1,2072,6,25.46842984592213,22.59713335030562,Isparta,Eğirdir,1.8365482375545382e-4,1.8365313731116828e-5,30,Isparta,E<U+011F>irdir,albopictus,2.1559681429028644e-10,2.1559681429028644e-10,0.9999999997844032,0.08384108799636654,3.963496197911809e-14
TUR.39.3_1,2072,7,25.345128788667566,32.53861543338738,Isparta,Eğirdir,2.156721524843404e-4,2.0871280819290128e-5,31,Isparta,E<U+011F>irdir,albopictus,3.009107229595687e-8,3.009107229595687e-8,0.9999999699089277,0.10278693330234742,6.4898086904463526e-12
TUR.39.3_1,2072,8,25.474207878112793,38.99421866785665,Isparta,Eğirdir,2.5609708621424e-4,2.478328187782708e-5,31,Isparta,E<U+011F>irdir,albopictus,8.314135227692199e-7,8.314135227692199e-7,0.9999991685864772,0.11771769813562287,2.1292256846550117e-10
TUR.39.3_1,2072,9,23.45743257859174,26.58736268798218,Isparta,Eğirdir,2.041217445684748e-4,2.0411966129785242e-5,30,Isparta,E<U+011F>irdir,albopictus,3.2584531961532545e-11,3.2584531961532545e-11,0.9999999999674155,0.07962752403087209,6.661338147750939e-15
TUR.39.3_1,2072,10,18.029756868586823,42.69335406155025,Isparta,Eğirdir,2.0115346038391028e-4,1.946627443771831e-5,31,Isparta,E<U+011F>irdir,albopictus,0,0,1,0.030148102601845975,0
TUR.39.3_1,2072,11,10.24267079067581,73.56398951718779,Isparta,Eğirdir,1.1667898427894662e-4,1.166783035821961e-5,30,Isparta,E<U+011F>irdir,albopictus,0,0,1,0,0
TUR.39.3_1,2072,12,1.1824668170336414,72.17982463853643,Isparta,Eğirdir,9.597029655822491e-5,9.28740492578406e-6,31,Isparta,E<U+011F>irdir,albopictus,0,0,1,0,0
TUR.39.3_1,2073,1,2.693842746426954,75.74168841350594,Isparta,Eğirdir,9.090007388333477e-5,8.796742651973055e-6,31,Isparta,E<U+011F>irdir,albopictus,0,0,1,0,0
TUR.39.3_1,2073,2,3.7723343569566223,86.26747819050831,Isparta,Eğirdir,6.799600613681349e-5,7.285259834177715e-6,28,Isparta,E<U+011F>irdir,albopictus,0,0,1,0,0
TUR.39.3_1,2073,3,5.180543090709868,69.06945512154282,Isparta,Eğirdir,8.347076733468911e-5,8.077783568261054e-6,31,Isparta,E<U+011F>irdir,albopictus,0,0,1,0,0
TUR.39.3_1,2073,4,9.618162491742304,67.27592520862824,Isparta,Eğirdir,1.103747373433493e-4,1.1037412821601755e-5,30,Isparta,E<U+011F>irdir,albopictus,0,0,1,0,0
TUR.39.3_1,2073,5,17.632044736076804,52.810735448850636,Isparta,Eğirdir,1.5427469787988795e-4,1.4929698023191662e-5,31,Isparta,E<U+011F>irdir,albopictus,0,0,1,0.02970350312800196,0
TUR.39.3_1,2073,6,22.751505178563733,35.44238252633101,Isparta,Eğirdir,1.7352368155222755e-4,1.735221760379435e-5,30,Isparta,E<U+011F>irdir,albopictus,1.6481787812328009e-10,1.6481787812328009e-10,0.9999999998351822,0.08614411480121202,2.864375403532904e-14
TUR.39.3_1,2073,7,27.68596435995663,23.554530350379565,Isparta,Eğirdir,2.0377480505063398e-4,1.9719947983554142e-5,31,Isparta,E<U+011F>irdir,albopictus,2.4956960720246004e-10,2.4956960720246004e-10,0.9999999997504304,0.08206254257990477,5.084821452783217e-14
TUR.39.3_1,2073,8,27.11533260345459,35.04868110071798,Isparta,Eğirdir,2.4196973608417677e-4,2.3416151910260474e-5,31,Isparta,E<U+011F>irdir,albopictus,3.046341798148555e-7,3.046341798148555e-7,0.9999996953658202,0.11062827131957145,7.37122585192651e-11
TUR.39.3_1,2073,9,22.252692054299747,38.12677995482788,Isparta,Eğirdir,1.928615643090797e-4,1.9285970454197e-5,30,Isparta,E<U+011F>irdir,albopictus,6.605321395403152e-11,6.605321395403152e-11,0.9999999999339468,0.08357050979990444,1.27675647831893e-14
TUR.39.3_1,2073,10,12.654972398982329,70.55563967556392,Isparta,Eğirdir,1.9005702267457995e-4,1.8392445954473757e-5,31,Isparta,E<U+011F>irdir,albopictus,0,0,1,4.7792819924128604e-4,0
TUR.39.3_1,2073,11,7.978385226253201,79.05716120908232,Isparta,Eğirdir,1.1024250002176194e-4,1.1024189235375736e-5,30,Isparta,E<U+011F>irdir,albopictus,0,0,1,0,0
TUR.39.3_1,2073,12,3.746896010768764,80.90577678697393,Isparta,Eğirdir,9.067618719678594e-5,8.775076388856107e-6,31,Isparta,E<U+011F>irdir,albopictus,0,0,1,0,0
TUR.39.3_1,2074,1,1.0344853774808787,76.66613451946297,Isparta,Eğirdir,9.433401468817053e-5,9.12905652550311e-6,31,Isparta,E<U+011F>irdir,albopictus,0,0,1,0,0
TUR.39.3_1,2074,2,4.806061525993488,79.90275498494191,Isparta,Eğirdir,7.056469777878886e-5,7.560474752921209e-6,28,Isparta,E<U+011F>irdir,albopictus,0,0,1,0,0
TUR.39.3_1,2074,3,5.8593250769464404,75.27285477974594,Isparta,Eğirdir,8.662405051385814e-5,8.382937493389697e-6,31,Isparta,E<U+011F>irdir,albopictus,0,0,1,0,0
TUR.39.3_1,2074,4,11.433520653668573,54.10978369861847,Isparta,Eğirdir,1.1454437437656898e-4,1.145437183580622e-5,30,Isparta,E<U+011F>irdir,albopictus,0,0,1,3.224148030975729e-6,0
TUR.39.3_1,2074,5,15.260130826164694,67.34897778893853,Isparta,Eğirdir,1.6010274793057754e-4,1.5493694287327386e-5,31,Isparta,E<U+011F>irdir,albopictus,0,0,1,0.009857654379246999,0
TUR.39.3_1,2074,6,21.759142202489514,45.35310716622359,Isparta,Eğirdir,1.8007890230432822e-4,1.8007728089353137e-5,30,Isparta,E<U+011F>irdir,albopictus,1.3481585353636305e-10,1.3481585353636305e-10,0.9999999998651842,0.08672948513543222,2.4313884239290928e-14
TUR.39.3_1,2074,7,26.57307030172909,34.77379151981316,Isparta,Eğirdir,2.1147282539502794e-4,2.0464902726002876e-5,31,Isparta,E<U+011F>irdir,albopictus,2.5890069766693056e-7,2.5890069766693056e-7,0.9999997410993023,0.11047950113388581,5.475042641478467e-11
TUR.39.3_1,2074,8,26.353474617004395,40.44831260096212,Isparta,Eğirdir,2.511106499996178e-4,2.430073537751376e-5,31,Isparta,E<U+011F>irdir,albopictus,4.252069755307841e-6,4.252069755307841e-6,0.9999957479302447,0.12460882156418411,1.0677400075209675e-9
TUR.39.3_1,2074,9,23.470207999734317,34.95290223876343,Isparta,Eğirdir,2.0014731411182907e-4,2.0014531117773515e-5,30,Isparta,E<U+011F>irdir,albopictus,1.7087714755947835e-9,1.7087714755947835e-9,0.9999999982912285,0.09358403351451666,3.4205971388701073e-13
TUR.39.3_1,2074,10,16.709356630549713,58.50349276394283,Isparta,Eğirdir,1.9723682503915746e-4,1.908725251731358e-5,31,Isparta,E<U+011F>irdir,albopictus,0,0,1,0.020906545700442935,0
TUR.39.3_1,2074,11,9.20582415294998,74.66258418271514,Isparta,Eğirdir,1.1440714151300764e-4,1.1440648706617651e-5,30,Isparta,E<U+011F>irdir,albopictus,0,0,1,0,0
TUR.39.3_1,2074,12,4.7633764566305805,80.53849773423956,Isparta,Eğirdir,9.410167021280202e-5,9.106571781325457e-6,31,Isparta,E<U+011F>irdir,albopictus,0,0,1,0,0
TUR.39.3_1,2075,1,1.5883611218236826,75.54417101848641,Isparta,Eğirdir,9.136636458095612e-5,8.841867160214179e-6,31,Isparta,E<U+011F>irdir,albopictus,0,0,1,0,0
TUR.39.3_1,2075,2,2.535043259315631,81.37780686482472,Isparta,Eğirdir,6.834480568980057e-5,7.32263094183061e-6,28,Isparta,E<U+011F>irdir,albopictus,0,0,1,0,0
TUR.39.3_1,2075,3,7.779777194866362,75.28071305611313,Isparta,Eğirdir,8.389894787039952e-5,8.11922005872212e-6,31,Isparta,E<U+011F>irdir,albopictus,0,0,1,0,0
TUR.39.3_1,2075,4,11.371129372540643,63.98588614612824,Isparta,Eğirdir,1.1094092734822937e-4,1.1094031195590937e-5,30,Isparta,E<U+011F>irdir,albopictus,0,0,1,2.8558766477381504e-6,0
TUR.39.3_1,2075,5,13.74244779698989,60.7487275447979,Isparta,Eğirdir,1.5506608179660582e-4,1.5006282417240335e-5,31,Isparta,E<U+011F>irdir,albopictus,0,0,1,0.00217611015230239,0
TUR.39.3_1,2075,6,22.44043378268971,34.28862352364546,Isparta,Eğirdir,1.7441380710513592e-4,1.7441228610470816e-5,30,Isparta,E<U+011F>irdir,albopictus,2.9770952370000717e-11,2.9770952370000717e-11,0.999999999970229,0.08059475578983841,5.218048215738236e-15
TUR.39.3_1,2075,7,27.39425255270565,28.581664292029956,Isparta,Eğirdir,2.048201099876428e-4,1.9821104525807876e-5,31,Isparta,E<U+011F>irdir,albopictus,6.534677280123358e-9,6.534677280123358e-9,0.9999999934653228,0.094120989168951,1.3384848784880887e-12
TUR.39.3_1,2075,8,24.13158893585205,41.3088663424172,Isparta,Eğirdir,2.4321096980623906e-4,2.353626848283774e-5,31,Isparta,E<U+011F>irdir,albopictus,2.1073257082143692e-7,2.1073257082143692e-7,0.9999997892674292,0.11266933574850163,5.125244673109819e-11
TUR.39.3_1,2075,9,20.36984140732709,52.00612489501343,Isparta,Eğirdir,1.9385088752438807e-4,1.938490086283995e-5,30,Isparta,E<U+011F>irdir,albopictus,5.699277716431084e-13,5.699277716431084e-13,0.9999999999994301,0.0714638328222242,1.1102230246251565e-16
TUR.39.3_1,2075,10,14.904224718318266,41.94314425320064,Isparta,Eğirdir,1.9103195941450502e-4,1.8486792931482476e-5,31,Isparta,E<U+011F>irdir,albopictus,0,0,1,0.005125768100220544,0
TUR.39.3_1,2075,11,8.181303278926542,79.53362452695342,Isparta,Eğirdir,1.1080801168799716e-4,1.108073977695856e-5,30,Isparta,E<U+011F>irdir,albopictus,0,0,1,0,0
TUR.39.3_1,2075,12,3.543315392864101,79.6224210740833,Isparta,Eğirdir,9.114132942142152e-5,8.820089756444993e-6,31,Isparta,E<U+011F>irdir,albopictus,0,0,1,0,0
TUR.40.25_1,2025,1,8.364152789115906,78.00742967574693,Istanbul,Kartal,0.20442355541753904,0.019588526693676056,31,Istanbul,Kartal,albopictus,0,0,1,0,0
TUR.40.25_1,2025,2,7.557945409241845,76.56355332795209,Istanbul,Kartal,0.1529150058394901,0.016250266965253446,28,Istanbul,Kartal,albopictus,0,0,1,0,0
TUR.40.25_1,2025,3,6.97595580886392,69.08456531056709,Istanbul,Kartal,0.18771592038403895,0.018002048630244127,31,Istanbul,Kartal,albopictus,0,0,1,0,0
TUR.40.25_1,2025,4,10.251871389501236,73.77602778784416,Istanbul,Kartal,0.24821977884157828,0.024516445781909812,30,Istanbul,Kartal,albopictus,0,0,1,0,0
TUR.40.25_1,2025,5,15.728926490334903,71.92201376493414,Istanbul,Kartal,0.34694561736055196,0.033017984868842776,31,Istanbul,Kartal,albopictus,0,0,1,0.014395081474361653,0
TUR.40.25_1,2025,6,22.053119883817786,67.26616697219458,Istanbul,Kartal,0.39023431353393584,0.038271825710363694,30,Istanbul,Kartal,albopictus,5.0315692572463485e-6,5.0315692572463485e-6,0.9999949684307428,0.1307921712811122,1.9634890474629074e-6
TUR.40.25_1,2025,7,25.10621171839097,62.846451356714546,Istanbul,Kartal,0.45826552579517305,0.043379269252687314,31,Istanbul,Kartal,albopictus,0.013537424606490895,0.013537424606490895,0.9864625753935091,0.1836289521620459,0.00618453157272203
TUR.40.25_1,2025,8,23.897754052106073,72.49150305831103,Istanbul,Kartal,0.5441614251849314,0.05129822640284476,31,Istanbul,Kartal,albopictus,0.023612228437549357,0.023612228437549357,0.9763877715624506,0.19162122156181038,0.012766669637703343
TUR.40.25_1,2025,9,20.046708892373477,70.30748666814661,Istanbul,Kartal,0.43372293327341865,0.042445167575542175,30,Istanbul,Kartal,albopictus,6.52710863136008e-11,6.52710863136008e-11,0.9999999999347289,0.0860493657508909,2.8309576904916867e-11
TUR.40.25_1,2025,10,18.261514383203846,75.24035784013337,Istanbul,Kartal,0.42741584959627243,0.04051905607574824,31,Istanbul,Kartal,albopictus,5.562217353372034e-17,5.562217353372034e-17,0.9999999999999999,0.05184427168875893,0
TUR.40.25_1,2025,11,11.279716113034418,77.21592807514882,Istanbul,Kartal,0.24792239268683788,0.024487435820233716,30,Istanbul,Kartal,albopictus,0,0,1,2.2985260985290095e-6,0
TUR.40.25_1,2025,12,10.22014690847958,76.9353400748403,Istanbul,Kartal,0.20392006064003532,0.019540754685644313,31,Istanbul,Kartal,albopictus,0,0,1,0,0
TUR.40.25_1,2026,1,3.0299044847488403,77.57790239303209,Istanbul,Kartal,0.2326476616034099,0.022262734608328283,31,Istanbul,Kartal,albopictus,0,0,1,0,0
TUR.40.25_1,2026,2,5.280383744660546,81.29277085724897,Istanbul,Kartal,0.17402749140120313,0.01847304507276948,28,Istanbul,Kartal,albopictus,0,0,1,0,0
TUR.40.25_1,2026,3,9.061631048426907,71.83297839650459,Istanbul,Kartal,0.21363325686160925,0.02046194034766613,31,Istanbul,Kartal,albopictus,0,0,1,0,0
TUR.40.25_1,2026,4,14.19011620914235,73.2318993698754,Istanbul,Kartal,0.2824906894572783,0.02785379478539285,30,Istanbul,Kartal,albopictus,0,0,1,0.004335969971806423,0
TUR.40.25_1,2026,5,17.370907615212833,71.18054342802007,Istanbul,Kartal,0.39484728859949475,0.03749019699228495,31,Istanbul,Kartal,albopictus,0,0,1,0.03411353693952171,0
TUR.40.25_1,2026,6,21.907657847684973,64.96641950515357,Istanbul,Kartal,0.4441127165391859,0.043439529643172325,30,Istanbul,Kartal,albopictus,1.0001695458916605e-6,1.0001695458916605e-6,0.9999989998304541,0.12268119639755068,4.4418791533828994e-7
TUR.40.25_1,2026,7,25.05054765589097,65.15324838430243,Istanbul,Kartal,0.521536780592345,0.049218785579669966,31,Istanbul,Kartal,albopictus,0.023747230119485402,0.023747230119485402,0.9762527698805146,0.19088810831188702,0.012308674808971354
TUR.40.25_1,2026,8,25.706578591290643,64.15572959029345,Istanbul,Kartal,0.6192920519627719,0.05817094288099556,31,Istanbul,Kartal,albopictus,0.035389886224137926,0.035389886224137926,0.964610113775862,0.19660210557849436,0.021678249937993943
TUR.40.25_1,2026,9,23.143297027139102,72.63515390447473,Istanbul,Kartal,0.49360567085203566,0.04816213358757615,30,Istanbul,Kartal,albopictus,0.0034609643336893816,0.0034609643336893816,0.9965390356663106,0.17167681868314483,0.0017068932197000786
TUR.40.25_1,2026,10,16.80104036892162,78.83833452470368,Istanbul,Kartal,0.486427788312873,0.045982874973567456,31,Istanbul,Kartal,albopictus,0,0,1,0.028875047831169783,0
TUR.40.25_1,2026,11,11.691443064633539,77.61600589497304,Istanbul,Kartal,0.2821522441477236,0.027820892396277386,30,Istanbul,Kartal,albopictus,0,0,1,2.8452148914155022e-5,0
TUR.40.25_1,2026,12,9.171535267549404,80.25923839026999,Istanbul,Kartal,0.23207465091304932,0.02220851498515075,31,Istanbul,Kartal,albopictus,0,0,1,0,0
TUR.40.25_1,2027,1,7.634817004203796,81.16039140670397,Istanbul,Kartal,0.22147677222223913,0.021205176475711185,31,Istanbul,Kartal,albopictus,0,0,1,0,0
TUR.40.25_1,2027,2,7.977473416749169,83.70935868683881,Istanbul,Kartal,0.16567132808399146,0.017593887339164227,28,Istanbul,Kartal,albopictus,0,0,1,0,0
TUR.40.25_1,2027,3,10.380368078456204,71.76090350636787,Istanbul,Kartal,0.20337536961661104,0.019489071321899365,31,Istanbul,Kartal,albopictus,0,0,1,0,0
TUR.40.25_1,2027,4,11.978947919957779,74.96816645971916,Istanbul,Kartal,0.26892652026946445,0.02653426451082941,30,Istanbul,Kartal,albopictus,0,0,1,8.592691403063483e-5,0
TUR.40.25_1,2027,5,16.862898658303653,73.50525045927007,Istanbul,Kartal,0.3758881666680688,0.03572260748608602,31,Istanbul,Kartal,albopictus,0,0,1,0.027763234165866655,0
TUR.40.25_1,2027,6,20.539432750028723,70.82931547072974,Istanbul,Kartal,0.42278804903538075,0.04139751976014028,30,Istanbul,Kartal,albopictus,2.864740804797705e-9,2.864740804797705e-9,0.9999999971352592,0.09900800726590922,1.2111781577672787e-9
TUR.40.25_1,2027,7,24.90397554285386,69.87087304860907,Istanbul,Kartal,0.4964944928510629,0.04691182323540555,31,Istanbul,Kartal,albopictus,0.05422857070868864,0.05422857070868864,0.9457714292913113,0.20487047388064034,0.02656496196223579
TUR.40.25_1,2027,8,26.74345526975744,64.88645773970751,Istanbul,Kartal,0.5895559138067502,0.0554567466425232,31,Istanbul,Kartal,albopictus,0.07065268404728166,0.07065268404728166,0.9293473159527184,0.20991164247786756,0.040798112712252976
TUR.40.25_1,2027,9,22.048898528603946,72.12284769109583,Istanbul,Kartal,0.46990453279200084,0.04590349396014748,30,Istanbul,Kartal,albopictus,3.520869919473496e-5,3.520869919473496e-5,0.9999647913008053,0.14145547763970387,1.6544590482059363e-5
TUR.40.25_1,2027,10,16.416986184961658,76.08329149491853,Istanbul,Kartal,0.46307130590629886,0.043824066672001005,31,Istanbul,Kartal,albopictus,0,0,1,0.022727156315756086,0
TUR.40.25_1,2027,11,11.392483332577875,73.17818546040273,Istanbul,Kartal,0.2686043258651995,0.02650289948427842,30,Istanbul,Kartal,albopictus,0,0,1,4.559343746597822e-6,0
TUR.40.25_1,2027,12,8.703906788545497,83.25244059974264,Istanbul,Kartal,0.2209312754084081,0.021153504519167976,31,Istanbul,Kartal,albopictus,0,0,1,0,0
TUR.40.25_1,2028,1,6.410178065299988,80.63519914596178,Istanbul,Kartal,0.21037634201815528,0.0201531556835558,31,Istanbul,Kartal,albopictus,0,0,1,0,0
TUR.40.25_1,2028,2,7.885035672608544,80.31953477326459,Istanbul,Kartal,0.16298815144792964,0.016719494768799414,29,Istanbul,Kartal,albopictus,0,0,1,0,0
TUR.40.25_1,2028,3,8.701782072291653,77.03797259816474,Istanbul,Kartal,0.19318218288643046,0.018521381441449214,31,Istanbul,Kartal,albopictus,0,0,1,0,0
TUR.40.25_1,2028,4,10.765489858739517,74.85396205298088,Istanbul,Kartal,0.2554479056123804,0.02522128289789316,30,Istanbul,Kartal,albopictus,0,0,1,4.843788160973163e-10,0
TUR.40.25_1,2028,5,17.24514658310834,74.4964919143482,Istanbul,Kartal,0.3570486273485547,0.03396295145037487,31,Istanbul,Kartal,albopictus,0,0,1,0.033743438951223614,0
TUR.40.25_1,2028,6,20.925659404081458,81.23207120803443,Istanbul,Kartal,0.401597884566446,0.03936407164436606,30,Istanbul,Kartal,albopictus,1.791653293105433e-6,1.791653293105433e-6,0.9999982083467069,0.12654296796621745,7.195239135615594e-7
TUR.40.25_1,2028,7,23.513684328864603,70.20819909841376,Istanbul,Kartal,0.47161015663238726,0.044613867101437665,31,Istanbul,Kartal,albopictus,0.004775760713645934,0.004775760713645934,0.9952242392863541,0.17420944832262286,0.002249762739918282
TUR.40.25_1,2028,8,24.818492272320917,70.16904288375048,Istanbul,Kartal,0.5600073331273737,0.05275192193150691,31,Istanbul,Kartal,albopictus,0.05467129011660722,0.05467129011660722,0.9453287098833928,0.20513765639765666,0.0301523904435681
TUR.40.25_1,2028,9,20.59458334305707,66.45402063421106,Istanbul,Kartal,0.4463528870979497,0.04365379150345783,30,Istanbul,Kartal,albopictus,7.380383376109912e-10,7.380383376109912e-10,0.9999999992619617,0.09402927106313073,3.2942559791138137e-10
TUR.40.25_1,2028,10,17.00980158413158,74.77667375810212,Istanbul,Kartal,0.4398621419874349,0.041674035880983173,31,Istanbul,Kartal,albopictus,0,0,1,0.030199621423409408,0
TUR.40.25_1,2028,11,12.226839640561273,81.16471194966054,Istanbul,Kartal,0.25514185961257707,0.025191449728673154,30,Istanbul,Kartal,albopictus,0,0,1,2.1434625039966186e-4,0
TUR.40.25_1,2028,12,7.1941440245684465,77.84285655433249,Istanbul,Kartal,0.2098581855400521,0.02010402083972418,31,Istanbul,Kartal,albopictus,0,0,1,0,0
TUR.40.25_1,2029,1,3.6785258054733276,76.724485950161,Istanbul,Kartal,0.1986208936504363,0.019037824068529607,31,Istanbul,Kartal,albopictus,0,0,1,0,0
TUR.40.25_1,2029,2,5.558358827058007,78.70096635285444,Istanbul,Kartal,0.148574439234097,0.015792657218279493,28,Istanbul,Kartal,albopictus,0,0,1,0,0
TUR.40.25_1,2029,3,7.3378208525040565,76.59189715871162,Istanbul,Kartal,0.18238751294065922,0.017495548517633686,31,Istanbul,Kartal,albopictus,0,0,1,0,0
TUR.40.25_1,2029,4,10.881088537328385,70.6576806198754,Istanbul,Kartal,0.24117394003116913,0.023828893602739765,30,Istanbul,Kartal,albopictus,0,0,1,8.81551478595846e-9,0
TUR.40.25_1,2029,5,17.23234827378217,78.29174948270757,Istanbul,Kartal,0.33709739774119396,0.0320959599639693,31,Istanbul,Kartal,albopictus,0,0,1,0.03512680807050261,0
TUR.40.25_1,2029,6,23.43710921792423,68.88652830031958,Istanbul,Kartal,0.3791573232784349,0.037205930112088725,30,Istanbul,Kartal,albopictus,0.0024646541966836318,0.0024646541966836318,0.9975353458033164,0.16849895934101647,9.340551866435787e-4
TUR.40.25_1,2029,7,24.295640047858743,65.52362878591376,Istanbul,Kartal,0.44525743658411565,0.042174271492537385,31,Istanbul,Kartal,albopictus,0.0077972379223925185,0.0077972379223925185,0.9922027620776075,0.17850804754891314,0.00346575851624642
TUR.40.25_1,2029,8,26.006940224591425,68.03130560958056,Istanbul,Kartal,0.5287151392097007,0.04987904478554417,31,Istanbul,Kartal,albopictus,0.08984243836330841,0.08984243836330841,0.9101575616366916,0.21647993420229453,0.04639053512510205
TUR.40.25_1,2029,9,21.718431304482852,71.06227792791223,Istanbul,Kartal,0.4214114974543869,0.04126555410150001,30,Istanbul,Kartal,albopictus,4.089957548034595e-6,4.089957548034595e-6,0.9999959100424519,0.12986823619114513,1.7235536494686343e-6
TUR.40.25_1,2029,10,15.926255899317125,78.42101427323884,Istanbul,Kartal,0.41528344340638756,0.03939186423900232,31,Istanbul,Kartal,albopictus,0,0,1,0.01777824468447005,0
TUR.40.25_1,2029,11,11.841483691159418,78.96166324360586,Istanbul,Kartal,0.24088499532666505,0.023800687248049512,30,Istanbul,Kartal,albopictus,0,0,1,5.766981743921875e-5,0
TUR.40.25_1,2029,12,6.783790840822109,76.53063884193014,Istanbul,Kartal,0.19813169081638982,0.018991382052118144,31,Istanbul,Kartal,albopictus,0,0,1,0,0
TUR.40.25_1,2030,1,6.227589964866638,80.86552293746568,Istanbul,Kartal,0.2346473649294147,0.022451927700950836,31,Istanbul,Kartal,albopictus,0,0,1,0,0
TUR.40.25_1,2030,2,6.329198995057275,78.85411118928022,Istanbul,Kartal,0.17552333000526568,0.0186303402437914,28,Istanbul,Kartal,albopictus,0,0,1,0,0
TUR.40.25_1,2030,3,8.17478164504556,80.94757190236396,Istanbul,Kartal,0.21546952347760323,0.02063599195063981,31,Istanbul,Kartal,albopictus,0,0,1,0,0
TUR.40.25_1,2030,4,12.293720525853775,73.33591090551994,Istanbul,Kartal,0.2849188143194834,0.028089815366919124,30,Istanbul,Kartal,albopictus,0,0,1,2.1384483732556688e-4,0
TUR.40.25_1,2030,5,18.36820108750287,71.57586050565679,Istanbul,Kartal,0.3982411651200435,0.03780627147934712,31,Istanbul,Kartal,albopictus,4.2854608750531044e-17,4.2854608750531044e-17,1,0.051453354001943605,0
TUR.40.25_1,2030,6,22.417654261869544,66.22322873977271,Istanbul,Kartal,0.44793004988465646,0.04380461097492716,30,Istanbul,Kartal,albopictus,1.9162831617658194e-5,1.9162831617658194e-5,0.9999808371683824,0.13781076125936267,8.583571283415914e-6
TUR.40.25_1,2030,7,25.691445406745462,68.19551904470282,Istanbul,Kartal,0.526019605941186,0.04963116574885418,31,Istanbul,Kartal,albopictus,0.0775101363157469,0.0775101363157469,0.9224898636842531,0.21276550790174525,0.03995186136045992
TUR.40.25_1,2030,8,25.25410971922033,69.66840964400438,Istanbul,Kartal,0.6246151244903153,0.058655988039396534,31,Istanbul,Kartal,albopictus,0.07203851916720358,0.07203851916720358,0.9279614808327964,0.21080859276539707,0.043999027448263006
TUR.40.25_1,2030,9,20.957340072183047,72.51697458318567,Istanbul,Kartal,0.49784841670615165,0.04856588854618693,30,Istanbul,Kartal,albopictus,8.372782532833911e-8,8.372782532833911e-8,0.9999999162721747,0.11221739591371456,4.1683764440136883e-8
TUR.40.25_1,2030,10,16.646251397974353,81.24731584794587,Istanbul,Kartal,0.49060883728386406,0.046368809050327586,31,Istanbul,Kartal,albopictus,0,0,1,0.027487260900887794,0
TUR.40.25_1,2030,11,12.712228396359613,77.07310580952382,Istanbul,Kartal,0.2845774599318553,0.02805663822007365,30,Istanbul,Kartal,albopictus,0,0,1,5.977725967041531e-4,0
TUR.40.25_1,2030,12,11.142168774324306,79.11920085364889,Istanbul,Kartal,0.23406942897406136,0.02239725260627934,31,Istanbul,Kartal,albopictus,0,0,1,6.709442962514431e-7,0
TUR.40.25_1,2031,1,10.019174456596375,78.20597703902818,Istanbul,Kartal,0.22446786070962801,0.021488457596511634,31,Istanbul,Kartal,albopictus,0,0,1,0,0
TUR.40.25_1,2031,2,4.008350530091454,72.27468156281537,Istanbul,Kartal,0.16790875279065642,0.017829365510476536,28,Istanbul,Kartal,albopictus,0,0,1,0,0
TUR.40.25_1,2031,3,8.316811407313626,74.18106952199287,Istanbul,Kartal,0.20612199501021347,0.019749658902350142,31,Istanbul,Kartal,albopictus,0,0,1,0,0
TUR.40.25_1,2031,4,10.723464292638443,76.77691279760978,Istanbul,Kartal,0.2725584271762727,0.02688775400772292,30,Istanbul,Kartal,albopictus,0,0,1,1.353413546650627e-10,0
TUR.40.25_1,2031,5,18.407959769753848,72.90706778104742,Istanbul,Kartal,0.38096461218687194,0.036196210657634564,31,Istanbul,Kartal,albopictus,1.0352829704629585e-16,1.0352829704629585e-16,0.9999999999999999,0.053223661152812705,0
TUR.40.25_1,2031,6,23.500465617460364,63.24831037429419,Istanbul,Kartal,0.42849788692667157,0.041944710003330665,30,Istanbul,Kartal,albopictus,3.888200626349059e-4,3.888200626349059e-4,0.9996111799373651,0.15502826686226778,1.6659469679580763e-4
TUR.40.25_1,2031,7,23.85792070276597,66.44738443166571,Istanbul,Kartal,0.5031997511348915,0.04753007769254003,31,Istanbul,Kartal,albopictus,0.003632806142058468,0.003632806142058468,0.9963671938579415,0.171336645416618,0.0018263573226302565
TUR.40.25_1,2031,8,26.670583107892206,69.45115119063524,Istanbul,Kartal,0.5975179853538736,0.05618425867535082,31,Istanbul,Kartal,albopictus,0.13431326148038591,0.13431326148038591,0.8656867385196141,0.23030463284500902,0.0771186393420149
TUR.40.25_1,2031,9,20.821567367104922,67.32996286443567,Istanbul,Kartal,0.47625068830123696,0.046508786355664244,30,Istanbul,Kartal,albopictus,4.618935994016305e-9,4.618935994016305e-9,0.999999995381064,0.1006544540602053,2.1997714760857434e-9
TUR.40.25_1,2031,10,18.177524286157947,78.88386675126618,Istanbul,Kartal,0.4693251773079762,0.04440258204247627,31,Istanbul,Kartal,albopictus,7.266409696171649e-17,7.266409696171649e-17,0.9999999999999999,0.05267885386604997,0
TUR.40.25_1,2031,11,10.10513363165014,79.0017633412621,Istanbul,Kartal,0.2722318814715819,0.026855976926481118,30,Istanbul,Kartal,albopictus,0,0,1,0,0
TUR.40.25_1,2031,12,8.257212414461025,80.29456248694967,Istanbul,Kartal,0.22391499685128305,0.021436102937885337,31,Istanbul,Kartal,albopictus,0,0,1,0,0
TUR.40.25_1,2032,1,5.840969920158386,78.37835557906725,Istanbul,Kartal,0.19798545164350595,0.018977498545276084,31,Istanbul,Kartal,albopictus,0,0,1,0,0
TUR.40.25_1,2032,2,3.8776017813121575,75.98045396271772,Istanbul,Kartal,0.15338836328931746,0.01574253203512266,29,Istanbul,Kartal,albopictus,0,0,1,0,0
TUR.40.25_1,2032,3,3.2968686468460975,75.26194873341865,Istanbul,Kartal,0.18180400591311546,0.017440066475153504,31,Istanbul,Kartal,albopictus,0,0,1,0,0
TUR.40.25_1,2032,4,11.0100014630486,78.10376368872306,Istanbul,Kartal,0.24040235930944293,0.023753571216231784,30,Istanbul,Kartal,albopictus,0,0,1,1.2054953201472768e-7,0
TUR.40.25_1,2032,5,16.96327288010541,74.35986471708257,Istanbul,Kartal,0.336018931911065,0.03199493681157406,31,Istanbul,Kartal,albopictus,0,0,1,0.029488521499367346,0
TUR.40.25_1,2032,6,22.917608485502356,68.28986387160865,Istanbul,Kartal,0.3779442963605799,0.0370891335160487,30,Istanbul,Kartal,albopictus,3.4458660651849355e-4,3.4458660651849355e-4,0.9996554133934815,0.15440393924233997,1.3022606238599632e-4
TUR.40.25_1,2032,7,24.83995729334214,67.84578378469305,Istanbul,Kartal,0.443832937510007,0.04204222156539983,31,Istanbul,Kartal,albopictus,0.033560187453339885,0.033560187453339885,0.9664398125466601,0.19639505259957749,0.014784733069852396
TUR.40.25_1,2032,8,25.27290854734533,67.62088614546923,Istanbul,Kartal,0.5270236363522764,0.04972350312199847,31,Istanbul,Kartal,albopictus,0.05108206319265816,0.05108206319265816,0.9489179368073418,0.20360497255870272,0.026562302518623904
TUR.40.25_1,2032,9,21.321533034829532,81.22654642156458,Istanbul,Kartal,0.42006328799482606,0.041136287902883484,30,Istanbul,Kartal,albopictus,2.091339973127948e-5,2.091339973127948e-5,0.9999790866002687,0.13911435884431675,8.78491286671057e-6
TUR.40.25_1,2032,10,16.931596475489002,83.7015699983365,Istanbul,Kartal,0.41395483925063575,0.03926834649585165,31,Istanbul,Kartal,albopictus,0,0,1,0.03287371474760169,0
TUR.40.25_1,2032,11,8.20970306676977,79.47518253071523,Istanbul,Kartal,0.240114339017268,0.02372545293313666,30,Istanbul,Kartal,albopictus,0,0,1,0,0
TUR.40.25_1,2032,12,10.053551449495204,79.62380900794577,Istanbul,Kartal,0.19749781390175639,0.01893120226607936,31,Istanbul,Kartal,albopictus,0,0,1,0,0
TUR.40.25_1,2033,1,3.8195213079452515,81.40643175094225,Istanbul,Kartal,0.22828734372848639,0.02185007542691564,31,Istanbul,Kartal,albopictus,0,0,1,0,0
TUR.40.25_1,2033,2,4.635153928223779,82.83985948029584,Istanbul,Kartal,0.17076584167622844,0.018129978297215854,28,Istanbul,Kartal,albopictus,0,0,1,0,0
TUR.40.25_1,2033,3,8.46541770766763,77.82552447804756,Istanbul,Kartal,0.20962930985370964,0.020082316628574293,31,Istanbul,Kartal,albopictus,0,0,1,0,0
TUR.40.25_1,2033,4,11.526158613317154,73.57880793921134,Istanbul,Kartal,0.2771962059698845,0.02733895730440805,30,Istanbul,Kartal,albopictus,0,0,1,1.094433443691985e-5,0
TUR.40.25_1,2033,5,16.369870017556583,71.62274313505132,Istanbul,Kartal,0.3874470006340805,0.036800642070374034,31,Istanbul,Kartal,albopictus,0,0,1,0.020901742466324542,0
TUR.40.25_1,2033,6,23.60907195596134,62.60722761062232,Istanbul,Kartal,0.4357890884267842,0.04264299282312012,30,Istanbul,Kartal,albopictus,4.3442435153954464e-4,4.3442435153954464e-4,0.9995655756484605,0.15536080822360332,1.8929947274115566e-4
TUR.40.25_1,2033,7,23.295496996711282,75.89650018483954,Istanbul,Kartal,0.5117620588901195,0.048318977312085676,31,Istanbul,Kartal,albopictus,0.014491359167896317,0.014491359167896317,0.9855086408321037,0.18607859134660654,0.007388696182102694
TUR.40.25_1,2033,8,25.080039360943964,65.95978385054735,Istanbul,Kartal,0.6076851860894561,0.05711244365639878,31,Istanbul,Kartal,albopictus,0.029751446264518953,0.029751446264518953,0.970248553735481,0.19415614557011715,0.01791705926400422
TUR.40.25_1,2033,9,21.17495329239789,70.31344522527552,Istanbul,Kartal,0.48435443825873886,0.04728115879594408,30,Istanbul,Kartal,albopictus,1.4017102286678628e-7,1.4017102286678628e-7,0.9999998598289771,0.11435267480570803,6.789245476923611e-8
TUR.40.25_1,2033,10,18.69938440883861,73.52973314530915,Istanbul,Kartal,0.4773110846863576,0.04514081085322097,31,Istanbul,Kartal,albopictus,2.3546165017762633e-15,2.3546165017762633e-15,0.9999999999999977,0.05930550610485383,1.1102230246251565e-15
TUR.40.25_1,2033,11,14.354230502072504,78.18788242085195,Istanbul,Kartal,0.2768641038538214,0.027306654488970294,30,Istanbul,Kartal,albopictus,0,0,1,0.005474020448496456,0
TUR.40.25_1,2033,12,10.851973309236415,80.58264842444967,Istanbul,Kartal,0.22772507249167748,0.021796849569036048,31,Istanbul,Kartal,albopictus,0,0,1,7.808548042928352e-9,0
TUR.40.25_1,2034,1,7.329784274101257,75.39334733932115,Istanbul,Kartal,0.23237926307325116,0.02223733848061482,31,Istanbul,Kartal,albopictus,0,0,1,0,0
TUR.40.25_1,2034,2,6.273553052369286,76.68079423371381,Istanbul,Kartal,0.17382672117820847,0.0184519311257908,28,Istanbul,Kartal,albopictus,0,0,1,0,0
TUR.40.25_1,2034,3,7.084213102565092,73.10027423390693,Istanbul,Kartal,0.21338679467179178,0.020438576930800312,31,Istanbul,Kartal,albopictus,0,0,1,0,0
TUR.40.25_1,2034,4,10.580030721776627,77.64432155005119,Istanbul,Kartal,0.2821647885420862,0.027822111935324245,30,Istanbul,Kartal,albopictus,0,0,1,2.5171323350911612e-14,0
TUR.40.25_1,2034,5,18.45533068039838,66.64090872343023,Istanbul,Kartal,0.3943917652937074,0.03744776583311349,31,Istanbul,Kartal,albopictus,1.432187701766452e-17,1.432187701766452e-17,1,0.04949800023507304,0
TUR.40.25_1,2034,6,22.083019480985755,68.54928617385474,Istanbul,Kartal,0.4436003572078159,0.04339051811930672,30,Istanbul,Kartal,albopictus,9.673926410652733e-6,9.673926410652733e-6,0.9999903260735894,0.13423134281542104,4.291348003504503e-6
TUR.40.25_1,2034,7,23.249159869025736,72.29919488698798,Istanbul,Kartal,0.5209350994734806,0.04916342263513984,31,Istanbul,Kartal,albopictus,0.004551780932802792,0.004551780932802792,0.9954482190671972,0.17408658057299556,0.002368373420579828
TUR.40.25_1,2034,8,25.777219155255487,70.35714179122118,Istanbul,Kartal,0.6185775935609972,0.05810582149913568,31,Istanbul,Kartal,albopictus,0.1111111434173411,0.1111111434173411,0.8888888565826589,0.22311684820344385,0.06642209403899524
TUR.40.25_1,2034,9,23.092782805947696,68.72382654241419,Istanbul,Kartal,0.49303621300482736,0.04810792888999649,30,Istanbul,Kartal,albopictus,7.5861228564101e-4,7.5861228564101e-4,0.999241387714359,0.15985940202878873,3.739533904459913e-4
TUR.40.25_1,2034,10,16.403392511255603,80.61494585282868,Istanbul,Kartal,0.4858666113704024,0.04593106333315733,31,Istanbul,Kartal,albopictus,0,0,1,0.024015877245177307,0
TUR.40.25_1,2034,11,11.469560244504144,83.17710971577382,Istanbul,Kartal,0.2818267336865897,0.027789246434263504,30,Istanbul,Kartal,albopictus,0,0,1,1.0787414272762918e-5,0
TUR.40.25_1,2034,12,8.204138531404384,79.01888194495749,Istanbul,Kartal,0.2318069134478933,0.022183180004002656,31,Istanbul,Kartal,albopictus,0,0,1,0,0
TUR.40.25_1,2035,1,8.01801860332489,83.19784410445787,Istanbul,Kartal,0.22479169572682436,0.021519122564602533,31,Istanbul,Kartal,albopictus,0,0,1,0,0
TUR.40.25_1,2035,2,8.045773663941553,78.5880436843974,Istanbul,Kartal,0.16815099118360716,0.017854856547830367,28,Istanbul,Kartal,albopictus,0,0,1,0,0
TUR.40.25_1,2035,3,8.962128484950345,74.80388751515693,Istanbul,Kartal,0.20641936283644774,0.019777867681597172,31,Istanbul,Kartal,albopictus,0,0,1,0,0
TUR.40.25_1,2035,4,11.77612237369313,75.60683833471916,Istanbul,Kartal,0.27295164143274847,0.02692601741625955,30,Istanbul,Kartal,albopictus,0,0,1,4.013410211412539e-5,0
TUR.40.25_1,2035,5,17.053337882546817,71.81432486112554,Istanbul,Kartal,0.38151422174500077,0.036247472111289314,31,Istanbul,Kartal,albopictus,0,0,1,0.029739754906371076,0
TUR.40.25_1,2035,6,23.133360133451575,68.58206205276099,Istanbul,Kartal,0.4291160717311368,0.0420039336949638,30,Istanbul,Kartal,albopictus,8.65416232360746e-4,8.65416232360746e-4,0.9991345837676393,0.16078669851869368,3.7129506696265135e-4
TUR.40.25_1,2035,7,24.69200044519761,71.5342336443122,Istanbul,Kartal,0.5039257067329305,0.047596989942615964,31,Istanbul,Kartal,albopictus,0.060366996987246,0.060366996987246,0.939633003012754,0.20709434494949794,0.02996243518401076
TUR.40.25_1,2035,8,25.041758873883417,66.65827399336962,Istanbul,Kartal,0.5983800118660455,0.056262990313103334,31,Istanbul,Kartal,albopictus,0.03249998047197467,0.03249998047197467,0.9675000195280253,0.19564183338388613,0.019259459099821852
TUR.40.25_1,2035,9,22.341590713052188,76.00712503484583,Istanbul,Kartal,0.476937765058454,0.04657429627023213,30,Istanbul,Kartal,albopictus,5.342167279314126e-4,5.342167279314126e-4,0.9994657832720686,0.1580378400329451,2.5475567653676645e-4
TUR.40.25_1,2035,10,17.900451379663807,70.45274492509431,Istanbul,Kartal,0.47000226277751167,0.04446519493883605,31,Istanbul,Kartal,albopictus,0,0,1,0.04226311761691821,0
TUR.40.25_1,2035,11,12.506323435727289,76.43519687397695,Istanbul,Kartal,0.27262462462750203,0.026894195741446025,30,Istanbul,Kartal,albopictus,0,0,1,3.8004555882868854e-4,0
TUR.40.25_1,2035,12,10.862317814546474,81.99856486732077,Istanbul,Kartal,0.22423803426352829,0.021466694016075594,31,Istanbul,Kartal,albopictus,0,0,1,9.961366792763961e-9,0
TUR.40.25_1,2036,1,8.860301852226257,83.0589357182274,Istanbul,Kartal,0.24839483710446247,0.023751593447740138,31,Istanbul,Kartal,albopictus,0,0,1,0,0
TUR.40.25_1,2036,2,8.432949223939112,79.00968980256147,Istanbul,Kartal,0.19244281434160546,0.019711024030305335,29,Istanbul,Kartal,albopictus,0,0,1,0,0
TUR.40.25_1,2036,3,8.05086406539468,74.59124103078193,Istanbul,Kartal,0.22809340817142965,0.021831717378789084,31,Istanbul,Kartal,albopictus,0,0,1,0,0
TUR.40.25_1,2036,4,14.52108601962819,74.96564875952384,Istanbul,Kartal,0.30161157996457366,0.029710848907869347,30,Istanbul,Kartal,albopictus,0,0,1,0.006083451017458252,0
TUR.40.25_1,2036,5,17.57430155137006,71.92083883817632,Istanbul,Kartal,0.4215732376455257,0.039976398661382695,31,Istanbul,Kartal,albopictus,0,0,1,0.037667998801513954,0
TUR.40.25_1,2036,6,23.02625297097599,78.3929522505149,Istanbul,Kartal,0.47417328470218556,0.04631068717189002,30,Istanbul,Kartal,albopictus,0.014135169743105414,0.014135169743105414,0.9858648302568946,0.185806212405055,0.006680108080397651
TUR.40.25_1,2036,7,26.609984453986673,62.21379525930244,Istanbul,Kartal,0.5568379358141056,0.05246134135349967,31,Istanbul,Kartal,albopictus,0.039924845623076,0.039924845623076,0.960075154376924,0.1981195323014923,0.021986366269204805
TUR.40.25_1,2036,8,25.97572837156408,65.93115454756884,Istanbul,Kartal,0.6612099485857303,0.061983800191745875,31,Istanbul,Kartal,albopictus,0.06063144353002576,0.06063144353002576,0.9393685564699742,0.2066982342833393,0.039297137198813226
TUR.40.25_1,2036,9,22.15902120926801,66.54926599553919,Istanbul,Kartal,0.5270162586638835,0.051336973233171546,30,Istanbul,Kartal,albopictus,6.8703945350150896e-6,6.8703945350150896e-6,0.9999931296054649,0.13229978778500223,3.620803068260514e-6
TUR.40.25_1,2036,10,17.436889367945057,85.45457597978181,Istanbul,Kartal,0.519352528232285,0.04901778890700936,31,Istanbul,Kartal,albopictus,0,0,1,0.04227562971761667,0
TUR.40.25_1,2036,11,13.65938625616186,81.62592410786367,Istanbul,Kartal,0.3012502263753898,0.029675786527648018,30,Istanbul,Kartal,albopictus,0,0,1,0.0027410847090687503,0
TUR.40.25_1,2036,12,10.882262959199794,79.99801555091452,Istanbul,Kartal,0.2477830411546976,0.02369379191526033,31,Istanbul,Kartal,albopictus,0,0,1,1.6489048779880624e-8,0
TUR.40.25_1,2037,1,5.702842593193054,76.92491777389147,Istanbul,Kartal,0.24777139523107855,0.02369269159326659,31,Istanbul,Kartal,albopictus,0,0,1,0,0
TUR.40.25_1,2037,2,10.676847615662744,76.66093491974897,Istanbul,Kartal,0.1853405018381179,0.019662041261702234,28,Istanbul,Kartal,albopictus,0,0,1,2.2876168449194574e-11,0
TUR.40.25_1,2037,3,9.787122572169583,70.37909808644599,Istanbul,Kartal,0.2275209205007736,0.02177752336644856,31,Istanbul,Kartal,albopictus,0,0,1,0,0
TUR.40.25_1,2037,4,11.861802381627701,76.09258662573478,Istanbul,Kartal,0.3008545703155836,0.02963739430264345,30,Istanbul,Kartal,albopictus,0,0,1,5.832229274664099e-5,0
TUR.40.25_1,2037,5,18.1533706889433,72.32895041044195,Istanbul,Kartal,0.4205151383222466,0.03987809037119028,31,Istanbul,Kartal,albopictus,2.886579864025407e-18,2.886579864025407e-18,1,0.047921772796244544,0
TUR.40.25_1,2037,6,22.639883265775794,68.9575045576438,Istanbul,Kartal,0.47298316543735147,0.046197180015284944,30,Istanbul,Kartal,albopictus,1.4264308202446661e-4,1.4264308202446661e-4,0.9998573569179755,0.1490864664362279,6.746550056446754e-5
TUR.40.25_1,2037,7,25.91009813196519,66.83108194143134,Istanbul,Kartal,0.5554403379818722,0.05233317675338234,31,Istanbul,Kartal,albopictus,0.06848021742289773,0.06848021742289773,0.9315197825771022,0.209510754069535,0.03732236606478867
TUR.40.25_1,2037,8,25.611371376935175,68.80636054122118,Istanbul,Kartal,0.6595503892573171,0.06183314033248111,31,Istanbul,Kartal,albopictus,0.08283692801344883,0.08283692801344883,0.9171630719865511,0.21446434980783988,0.05316944321639361
TUR.40.25_1,2037,9,22.082750152139102,70.01689065984583,Istanbul,Kartal,0.5256935097394886,0.05121148063376757,30,Istanbul,Kartal,albopictus,1.723450845138408e-5,1.723450845138408e-5,0.9999827654915486,0.13737203236110296,9.060028194118885e-6
TUR.40.25_1,2037,10,17.7336098727058,76.7398771882779,Istanbul,Kartal,0.5180490143713603,0.04889781826019879,31,Istanbul,Kartal,albopictus,0,0,1,0.042807801399469624,0
TUR.40.25_1,2037,11,11.839385607663324,77.60247897846914,Istanbul,Kartal,0.30049412368147665,0.02960241727877111,30,Istanbul,Kartal,albopictus,0,0,1,5.5728848204892e-5,0
TUR.40.25_1,2037,12,7.915386929231532,77.13404002601217,Istanbul,Kartal,0.24716113481730745,0.023635031661433437,31,Istanbul,Kartal,albopictus,0,0,1,0,0
TUR.40.25_1,2038,1,6.8493412733078,76.706419543911,Istanbul,Kartal,0.22886577846519435,0.0219048283357971,31,Istanbul,Kartal,albopictus,0,0,1,0,0
TUR.40.25_1,2038,2,6.694483914796044,73.07373856965131,Istanbul,Kartal,0.1711985283642219,0.01817549603723667,28,Istanbul,Kartal,albopictus,0,0,1,0,0
TUR.40.25_1,2038,3,6.833567465052885,75.95654407033271,Istanbul,Kartal,0.21016046884251338,0.02013268553587233,31,Istanbul,Kartal,albopictus,0,0,1,0,0
TUR.40.25_1,2038,4,14.691451353185318,75.63330470434806,Istanbul,Kartal,0.2778985660385502,0.027407270733022404,30,Istanbul,Kartal,albopictus,0,0,1,0.007139467941057441,0
TUR.40.25_1,2038,5,18.35087854721967,67.12993765409429,Istanbul,Kartal,0.3884287142943289,0.03689214604306701,31,Istanbul,Kartal,albopictus,3.608224830031759e-18,3.608224830031759e-18,1,0.047907446997089806,0
TUR.40.25_1,2038,6,21.007192836088294,71.16222410110083,Istanbul,Kartal,0.4368932913252338,0.04274869862519759,30,Istanbul,Kartal,albopictus,6.48158225194928e-8,6.48158225194928e-8,0.9999999351841775,0.11098278486570398,2.831759760013597e-8
TUR.40.25_1,2038,7,22.771607455085306,75.42993219167548,Istanbul,Kartal,0.513058762189376,0.04843839381174264,31,Istanbul,Kartal,albopictus,0.002657952839219541,0.002657952839219541,0.9973420471607805,0.1700275163328301,0.001362756596419712
TUR.40.25_1,2038,8,26.395169594708612,68.444498358604,Istanbul,Kartal,0.6092249395198305,0.05725293135205489,31,Istanbul,Kartal,albopictus,0.11115208796060076,0.11115208796060076,0.8888479120393993,0.22302693905902413,0.06547474197283454
TUR.40.25_1,2038,9,21.688878844766055,68.46816934636927,Istanbul,Kartal,0.4855816960970041,0.04739807478804703,30,Istanbul,Kartal,albopictus,1.2686398864024117e-6,1.2686398864024117e-6,0.9999987313601136,0.12400376292922119,6.160281180722649e-7
TUR.40.25_1,2038,10,18.78129931057201,74.75945421464509,Istanbul,Kartal,0.4785204960671598,0.04525256085256668,31,Istanbul,Kartal,albopictus,8.602896173215413e-15,8.602896173215413e-15,0.9999999999999915,0.06215405330984049,4.107825191113079e-15
TUR.40.25_1,2038,11,10.594828226987055,73.85797977192617,Istanbul,Kartal,0.2775656224417596,0.027374888341800463,30,Istanbul,Kartal,albopictus,0,0,1,6.335484237460516e-14,0
TUR.40.25_1,2038,12,8.483798756318935,76.43052592689108,Istanbul,Kartal,0.22830208254487253,0.021851470597417766,31,Istanbul,Kartal,albopictus,0,0,1,0,0
TUR.40.25_1,2039,1,9.19841182231903,86.89681871383287,Istanbul,Kartal,0.2529239283018738,0.024179388534741997,31,Istanbul,Kartal,albopictus,0,0,1,0,0
TUR.40.25_1,2039,2,7.721834340516259,77.24202012482709,Istanbul,Kartal,0.18919475250409187,0.02006679356544272,28,Istanbul,Kartal,albopictus,0,0,1,0,0
TUR.40.25_1,2039,3,10.050323332057278,76.91934314259834,Istanbul,Kartal,0.23225233457738517,0.022225328154211743,31,Istanbul,Kartal,albopictus,0,0,1,0,0
TUR.40.25_1,2039,4,12.844099325292252,77.50166713110588,Istanbul,Kartal,0.30711099520113266,0.0302443045038715,30,Istanbul,Kartal,albopictus,0,0,1,7.711516196485787e-4,0
TUR.40.25_1,2039,5,19.524533103494083,67.6506667190357,Istanbul,Kartal,0.42925996600889166,0.04069027252865687,31,Istanbul,Kartal,albopictus,4.0010050827987696e-13,4.0010050827987696e-13,0.9999999999995999,0.07118214057630745,1.7175150190951172e-13
TUR.40.25_1,2039,6,25.050960765165442,63.58534650710669,Istanbul,Kartal,0.48281909262165174,0.04713487229459301,30,Istanbul,Kartal,albopictus,0.015904931887977106,0.015904931887977106,0.9840950681120229,0.1858308328317377,0.007649795018667138
TUR.40.25_1,2039,7,23.92307191736558,71.38904626638251,Istanbul,Kartal,0.5669910043032858,0.053391892980588884,31,Istanbul,Kartal,albopictus,0.018564227416293485,0.018564227416293485,0.9814357725837065,0.1885275885049911,0.010470548090983911
TUR.40.25_1,2039,8,24.817717888775995,70.93858939253954,Istanbul,Kartal,0.6732660774195234,0.06307756627999228,31,Istanbul,Kartal,albopictus,0.0609730473420795,0.0609730473420795,0.9390269526579205,0.2073733317162355,0.040219901106857026
TUR.40.25_1,2039,9,22.773118804482852,70.4004050641427,Istanbul,Kartal,0.5366255755314617,0.05224813574307041,30,Istanbul,Kartal,albopictus,4.3113886556276205e-4,4.3113886556276205e-4,0.9995688611344372,0.1559913946288378,2.313333801728934e-4
TUR.40.25_1,2039,10,16.439477640039783,76.74896379716462,Istanbul,Kartal,0.5288221089666904,0.049888880303121996,31,Istanbul,Kartal,albopictus,0,0,1,0.02327728085082749,0
TUR.40.25_1,2039,11,14.163431742612055,76.78032016499257,Istanbul,Kartal,0.306743052894651,0.030208622432695842,30,Istanbul,Kartal,albopictus,0,0,1,0.0044555532107618395,0
TUR.40.25_1,2039,12,11.74702335806454,77.37958445960592,Istanbul,Kartal,0.2523009772102268,0.024120558840646122,31,Istanbul,Kartal,albopictus,0,0,1,3.9077322437486845e-5,0
TUR.40.25_1,2040,1,6.899595141410828,77.81082017867662,Istanbul,Kartal,0.21417339056372448,0.020513140446790534,31,Istanbul,Kartal,albopictus,0,0,1,0,0
TUR.40.25_1,2040,2,7.085092702332665,76.12118577424116,Istanbul,Kartal,0.1659298982121498,0.017018679819723936,29,Istanbul,Kartal,albopictus,0,0,1,0,0
TUR.40.25_1,2040,3,8.15115817855386,72.7130595732624,Istanbul,Kartal,0.1966688968368779,0.0188524999480143,31,Istanbul,Kartal,albopictus,0,0,1,0,0
TUR.40.25_1,2040,4,11.958428663365982,75.58618556372306,Istanbul,Kartal,0.26005844351397817,0.02567060473125371,30,Istanbul,Kartal,albopictus,0,0,1,8.270984357050874e-5,0
TUR.40.25_1,2040,5,17.081637214211856,76.33883047635992,Istanbul,Kartal,0.36349294023167494,0.03456522604774814,31,Istanbul,Kartal,albopictus,0,0,1,0.03211162879606758,0
TUR.40.25_1,2040,6,23.954696879667395,66.95272092727271,Istanbul,Kartal,0.40884625978234884,0.04006012431680406,30,Istanbul,Kartal,albopictus,0.005436006983719461,0.005436006983719461,0.9945639930162805,0.17537833755072926,0.0022200232186848634
TUR.40.25_1,2040,7,26.480446871589212,62.327896669214546,Istanbul,Kartal,0.4801221720146213,0.04540053609468886,31,Istanbul,Kartal,albopictus,0.03917044417000894,0.03917044417000894,0.9608295558299911,0.19760254098563337,0.01863085807482745
TUR.40.25_1,2040,8,25.56899009031408,62.88572913252977,Istanbul,Kartal,0.5701148148401981,0.05367801338028799,31,Istanbul,Kartal,albopictus,0.023048937569331802,0.023048937569331802,0.9769510624306682,0.19025745687223808,0.013054580800803572
TUR.40.25_1,2040,9,22.017030547646915,74.20180429509973,Istanbul,Kartal,0.45440903811049854,0.0444239281925245,30,Istanbul,Kartal,albopictus,6.186073876417991e-5,6.186073876417991e-5,0.9999381392612359,0.14481623097026255,2.8109683714028222e-5
TUR.40.25_1,2040,10,16.145648675806385,81.07734056718415,Istanbul,Kartal,0.4478011425920761,0.04241002573800212,31,Istanbul,Kartal,albopictus,0,0,1,0.02089412374243156,0
TUR.40.25_1,2040,11,9.42222748083227,83.00851535542226,Istanbul,Kartal,0.2597468737394609,0.025640247099331215,30,Istanbul,Kartal,albopictus,0,0,1,0,0
TUR.40.25_1,2040,12,7.378891720491298,78.92935100013327,Istanbul,Kartal,0.21364588196321682,0.020463137130889653,31,Istanbul,Kartal,albopictus,0,0,1,0,0
TUR.40.25_1,2041,1,8.485793948173523,81.23016221969225,Istanbul,Kartal,0.25624980058814617,0.024493414260094104,31,Istanbul,Kartal,albopictus,0,0,1,0,0
TUR.40.25_1,2041,2,7.247332730714013,77.25593614045209,Istanbul,Kartal,0.1916826056237481,0.020327965528818548,28,Istanbul,Kartal,albopictus,0,0,1,0,0
TUR.40.25_1,2041,3,10.201903188929837,74.98739734181709,Istanbul,Kartal,0.235306381729741,0.022514269642275986,31,Istanbul,Kartal,albopictus,0,0,1,0,0
TUR.40.25_1,2041,4,13.486146253698013,71.11954890600822,Istanbul,Kartal,0.3111494108409922,0.030635853093506027,30,Istanbul,Kartal,albopictus,0,0,1,0.0018955132365205832,0
TUR.40.25_1,2041,5,18.808184455422793,67.8567214065357,Istanbul,Kartal,0.4349046032487942,0.04121415737134004,31,Istanbul,Kartal,albopictus,8.342770918545739e-16,8.342770918545739e-16,0.9999999999999991,0.057064201298248095,3.3306690738754696e-16
TUR.40.25_1,2041,6,21.99218963174259,69.38394193557349,Istanbul,Kartal,0.48916801599246446,0.04773964705869871,30,Istanbul,Kartal,albopictus,8.643490822878907e-6,8.643490822878907e-6,0.9999913565091771,0.13343107935522502,4.228110318638123e-6
TUR.40.25_1,2041,7,23.35569673426011,67.54564721853095,Istanbul,Kartal,0.5744467625640358,0.05407464804631479,31,Istanbul,Kartal,albopictus,0.0012326615155529618,0.0012326615155529618,0.998767338484447,0.16319463249840996,7.07847774426007e-4
TUR.40.25_1,2041,8,23.479001381817987,71.099527655479,Istanbul,Kartal,0.6821193203815904,0.06387994527422414,31,Istanbul,Kartal,albopictus,0.005915950334178318,0.005915950334178318,0.9940840496658216,0.17652651516006665,0.004027252800471115
TUR.40.25_1,2041,9,22.859775374917422,70.38214029363489,Istanbul,Kartal,0.5436820376928231,0.05291667735524885,30,Istanbul,Kartal,albopictus,6.137022034477664e-4,6.137022034477664e-4,0.9993862977965522,0.15859829632362052,3.336032065786032e-4
TUR.40.25_1,2041,10,16.579162317163807,79.75568529374665,Istanbul,Kartal,0.5357759579298507,0.050528045462445936,31,Istanbul,Kartal,albopictus,0,0,1,0.026158223096410606,0
TUR.40.25_1,2041,11,12.907512286130121,83.45500278218007,Istanbul,Kartal,0.31077663020573587,0.030599716401709443,30,Istanbul,Kartal,albopictus,0,0,1,9.623705651057193e-4,0
TUR.40.25_1,2041,12,10.816540493684657,81.53170695716452,Istanbul,Kartal,0.2556186578802083,0.024433830130643597,31,Istanbul,Kartal,albopictus,0,0,1,3.96855788307503e-9,0
TUR.40.25_1,2042,1,9.968113780021667,80.61681230514147,Istanbul,Kartal,0.24438833806312435,0.02337300344778659,31,Istanbul,Kartal,albopictus,0,0,1,0,0
TUR.40.25_1,2042,2,9.421793141785791,77.81257676545209,Istanbul,Kartal,0.18280987269640078,0.019396197529431336,28,Istanbul,Kartal,albopictus,0,0,1,0,0
TUR.40.25_1,2042,3,9.572913015589993,67.8282939482624,Istanbul,Kartal,0.22441436221448788,0.02148339156130108,31,Istanbul,Kartal,albopictus,0,0,1,0,0
TUR.40.25_1,2042,4,13.867657941930435,68.99641810766838,Istanbul,Kartal,0.2967467183592725,0.029238701826952096,30,Istanbul,Kartal,albopictus,0,0,1,0.0029001662507118506,0
TUR.40.25_1,2042,5,18.877177070168887,61.07975912626226,Istanbul,Kartal,0.41477344747206774,0.0393444527873793,31,Istanbul,Kartal,albopictus,1.3022916078853087e-16,1.3022916078853087e-16,0.9999999999999999,0.05296781555014056,0
TUR.40.25_1,2042,6,22.536342845243567,63.89416913894263,Istanbul,Kartal,0.4665250789957661,0.045581006965790816,30,Istanbul,Kartal,albopictus,1.2827969022610352e-5,1.2827969022610352e-5,0.9999871720309774,0.13502950862980648,5.984551354143441e-6
TUR.40.25_1,2042,7,24.81072145349839,75.17224176198798,Istanbul,Kartal,0.5478563857866319,0.0516373995341205,31,Istanbul,Kartal,albopictus,0.11206626642835915,0.11206626642835915,0.8879337335716408,0.2237358118391444,0.0595494590800133
TUR.40.25_1,2042,8,25.046466210309198,69.54267340743212,Istanbul,Kartal,0.6505449240787279,0.06101517470035356,31,Istanbul,Kartal,albopictus,0.0599460809344664,0.0599460809344664,0.9400539190655336,0.20680457589378592,0.03824700060540731
TUR.40.25_1,2042,9,22.402284453896915,72.86994089177942,Istanbul,Kartal,0.5185157191207912,0.05053021563079607,30,Istanbul,Kartal,albopictus,2.365765281558863e-4,2.365765281558863e-4,0.9997634234718441,0.15262877580493645,1.226611251328169e-4
TUR.40.25_1,2042,10,15.307927804834703,74.46146532304353,Istanbul,Kartal,0.5109756012770597,0.04824654325386357,31,Istanbul,Kartal,albopictus,0,0,1,0.011229938547726036,0
TUR.40.25_1,2042,11,12.483885386410883,79.72575473530507,Istanbul,Kartal,0.296391193243923,0.02920418821118187,30,Istanbul,Kartal,albopictus,0,0,1,3.9353506359142144e-4,0
TUR.40.25_1,2042,12,9.649729504304775,77.44347300941061,Istanbul,Kartal,0.2437864101118847,0.02331611220173402,31,Istanbul,Kartal,albopictus,0,0,1,0,0
TUR.40.25_1,2043,1,5.6528133153915405,82.5908189579735,Istanbul,Kartal,0.2216877140072236,0.02122515711633932,31,Istanbul,Kartal,albopictus,0,0,1,0,0
TUR.40.25_1,2043,2,8.180149236146143,75.65657090607709,Istanbul,Kartal,0.16582911892280555,0.017610495914974433,28,Istanbul,Kartal,albopictus,0,0,1,0,0
TUR.40.25_1,2043,3,8.913567388758938,70.46402850636787,Istanbul,Kartal,0.2035690710285395,0.019507451119111674,31,Istanbul,Kartal,albopictus,0,0,1,0,0
TUR.40.25_1,2043,4,12.591725629918717,65.88570414892814,Istanbul,Kartal,0.26918265475998515,0.026559198006531504,30,Istanbul,Kartal,albopictus,0,0,1,3.7578673156359195e-4,0
TUR.40.25_1,2043,5,17.23629648545209,73.23359060819585,Istanbul,Kartal,0.3762461749595746,0.03575601522689309,31,Istanbul,Kartal,albopictus,0,0,1,0.03295639019050763,0
TUR.40.25_1,2043,6,22.222952113432044,66.88024930862036,Istanbul,Kartal,0.4231907263222076,0.04143611972755745,30,Istanbul,Kartal,albopictus,9.850794808367148e-6,9.850794808367148e-6,0.9999901492051916,0.13417897556788694,4.168756320477307e-6
TUR.40.25_1,2043,7,25.161389406989603,64.74418695241766,Istanbul,Kartal,0.49696737058675555,0.04695543780314937,31,Istanbul,Kartal,albopictus,0.024352220509480823,0.024352220509480823,0.9756477794905192,0.19115122573760082,0.01202932119205724
TUR.40.25_1,2043,8,24.369956353131464,68.9133704289165,Istanbul,Kartal,0.59011742631011,0.05550807165253391,31,Istanbul,Kartal,albopictus,0.022728457117117438,0.022728457117117438,0.9772715428828825,0.19076936263610203,0.013322912386970143
TUR.40.25_1,2043,9,21.74436361649457,71.07567514470911,Istanbul,Kartal,0.4703520853724582,0.04594619383994669,30,Istanbul,Kartal,albopictus,4.542793329334049e-6,4.542793329334049e-6,0.9999954572066707,0.13039791103436077,2.1367100331293187e-6
TUR.40.25_1,2043,10,17.26113672817455,79.0339445710904,Istanbul,Kartal,0.4635123502960236,0.04386487702987174,31,Istanbul,Kartal,albopictus,0,0,1,0.036015897925957635,0
TUR.40.25_1,2043,11,13.203760722104242,80.6591348622582,Istanbul,Kartal,0.2688601534871395,0.02652780391053411,30,Istanbul,Kartal,albopictus,0,0,1,0.0014829187070929729,0
TUR.40.25_1,2043,12,9.037928356843837,81.59160533362936,Istanbul,Kartal,0.22114169764422964,0.021173437000230444,31,Istanbul,Kartal,albopictus,0,0,1,0,0
TUR.40.25_1,2044,1,9.898720622062683,80.42725999801256,Istanbul,Kartal,0.23515047137838269,0.022499521130012634,31,Istanbul,Kartal,albopictus,0,0,1,0,0
TUR.40.25_1,2044,2,5.118515649262597,74.08553361359662,Istanbul,Kartal,0.18218179988491448,0.018669910252621325,29,Istanbul,Kartal,albopictus,0,0,1,0,0
TUR.40.25_1,2044,3,8.927410925135892,76.40140643605537,Istanbul,Kartal,0.21593151079568046,0.020679776818775086,31,Istanbul,Kartal,albopictus,0,0,1,0,0
TUR.40.25_1,2044,4,11.65243367587819,74.15810023657463,Istanbul,Kartal,0.28552970757609236,0.028149186891199718,30,Istanbul,Kartal,albopictus,0,0,1,2.1925304094014825e-5,0
TUR.40.25_1,2044,5,16.881535361794864,74.64574575956304,Istanbul,Kartal,0.3990950323623911,0.037885776488548406,31,Istanbul,Kartal,albopictus,0,0,1,0.02842514710753204,0
TUR.40.25_1,2044,6,21.796142802518958,65.83392362502661,Istanbul,Kartal,0.4488904548602303,0.043896440046125806,30,Istanbul,Kartal,albopictus,7.920603821002237e-7,7.920603821002237e-7,0.9999992079396179,0.12167869002430508,3.5554828203832045e-7
TUR.40.25_1,2044,7,25.16977029688218,62.400364473169624,Istanbul,Kartal,0.5271474424123614,0.049734888536605903,31,Istanbul,Kartal,albopictus,0.013052428257332094,0.013052428257332094,0.9869475717426679,0.18317861885721318,0.00685693735689652
TUR.40.25_1,2044,8,24.662564614239862,71.8811324223247,Istanbul,Kartal,0.6259543592068377,0.058777981480395036,31,Istanbul,Kartal,albopictus,0.06048749802417566,0.06048749802417566,0.9395125019758244,0.20726010815322507,0.03715459327412318
TUR.40.25_1,2044,9,22.278035949258243,68.2880126386056,Istanbul,Kartal,0.4989158514464851,0.048667442508349534,30,Istanbul,Kartal,albopictus,2.1736116633845892e-5,2.1736116633845892e-5,0.9999782638833662,0.1381601895221052,1.084443433618798e-5
TUR.40.25_1,2044,10,19.614127832300525,76.94293352372712,Istanbul,Kartal,0.4916607496717677,0.04646588183158773,31,Istanbul,Kartal,albopictus,2.7400409496891598e-11,2.7400409496891598e-11,0.9999999999725996,0.08368668956314394,1.3471668225406574e-11
TUR.40.25_1,2044,11,11.131095507565668,73.75331210835195,Istanbul,Kartal,0.2851876212919273,0.028115940639206638,30,Istanbul,Kartal,albopictus,0,0,1,4.4516724960905124e-7,0
TUR.40.25_1,2044,12,7.754013790803798,78.64617839271139,Istanbul,Kartal,0.2345712962729271,0.022444731471059076,31,Istanbul,Kartal,albopictus,0,0,1,0,0
TUR.40.25_1,2045,1,7.828082919120789,79.87739427535631,Istanbul,Kartal,0.24451583308120475,0.02338505321957096,31,Istanbul,Kartal,albopictus,0,0,1,0,0
TUR.40.25_1,2045,2,5.854957261506249,74.80857896271772,Istanbul,Kartal,0.18290524282825496,0.019406217511874324,28,Istanbul,Kartal,albopictus,0,0,1,0,0
TUR.40.25_1,2045,3,9.964303816066067,73.48667254933662,Istanbul,Kartal,0.22453143700371395,0.021494477913886922,31,Istanbul,Kartal,albopictus,0,0,1,0,0
TUR.40.25_1,2045,4,12.496879858129166,77.1166649948754,Istanbul,Kartal,0.29690152823490884,0.02925373005421017,30,Istanbul,Kartal,albopictus,0,0,1,3.821169416121605e-4,0
TUR.40.25_1,2045,5,19.734297584084903,65.16477346952398,Istanbul,Kartal,0.4149898307438877,0.03936456900808738,31,Istanbul,Kartal,albopictus,8.884320501501008e-13,8.884320501501008e-13,0.9999999999991116,0.07336401533591425,3.687050664780145e-13
TUR.40.25_1,2045,6,22.06880210427677,72.81436948684302,Istanbul,Kartal,0.46676846059021104,0.045604235484749234,30,Istanbul,Kartal,albopictus,4.911931672357084e-5,4.911931672357084e-5,0.9999508806832764,0.14325392328202885,2.292708502271701e-5
TUR.40.25_1,2045,7,25.216097887824564,64.86488015920477,Istanbul,Kartal,0.5481421971324798,0.05166363008663777,31,Istanbul,Kartal,albopictus,0.025921720122431498,0.025921720122431498,0.9740782798775685,0.19208865527777033,0.014108320192108281
TUR.40.25_1,2045,8,25.961741784039667,67.3263114079204,Istanbul,Kartal,0.6508843070358481,0.06104601375327756,31,Istanbul,Kartal,albopictus,0.07654014059516184,0.07654014059516184,0.9234598594048382,0.21222854301741415,0.04859817463055649
TUR.40.25_1,2045,9,22.023759673623477,72.83872903875208,Istanbul,Kartal,0.5187862237263228,0.0505558988783712,30,Istanbul,Kartal,albopictus,4.087894075134996e-5,4.087894075134996e-5,0.9999591210592487,0.14234730245707422,2.120720642628804e-5
TUR.40.25_1,2045,10,17.314506250269275,76.7648024202115,Istanbul,Kartal,0.5112421722764772,0.0482710955052531,31,Istanbul,Kartal,albopictus,0,0,1,0.03572332035933726,0
TUR.40.25_1,2045,11,13.269350626889398,79.64449405415273,Istanbul,Kartal,0.2965458176455659,0.029219198967281645,30,Istanbul,Kartal,albopictus,0,0,1,0.0015897858514577362,0
TUR.40.25_1,2045,12,11.231607212739833,81.67901530677389,Istanbul,Kartal,0.24391359111000974,0.023328132995343087,31,Istanbul,Kartal,albopictus,0,0,1,1.817643513051438e-6,0
TUR.40.25_1,2046,1,7.42998206615448,77.42290361373522,Istanbul,Kartal,0.24812385282497706,0.02372599169549472,31,Istanbul,Kartal,albopictus,0,0,1,0,0
TUR.40.25_1,2046,2,7.995963254395654,80.56687211457319,Istanbul,Kartal,0.1856041507846352,0.019689733556650046,28,Istanbul,Kartal,albopictus,0,0,1,0,0
TUR.40.25_1,2046,3,7.215888822779935,74.24006762990302,Istanbul,Kartal,0.2278445715668157,0.021808161862184483,31,Istanbul,Kartal,albopictus,0,0,1,0,0
TUR.40.25_1,2046,4,14.612807554357193,81.14040004126213,Istanbul,Kartal,0.30128253932253013,0.029678921926084234,30,Istanbul,Kartal,albopictus,0,0,1,0.0071972972891404885,0
TUR.40.25_1,2046,5,18.670517753152286,74.88841391141851,Istanbul,Kartal,0.4211133258317964,0.03993366936898002,31,Istanbul,Kartal,albopictus,3.0462299349665044e-15,3.0462299349665044e-15,0.999999999999997,0.05997166305486517,1.3322676295501878e-15
TUR.40.25_1,2046,6,23.235004649442786,70.55651883987036,Istanbul,Kartal,0.4736559893050504,0.04626135198667547,30,Istanbul,Kartal,albopictus,0.0023579208844218664,0.0023579208844218664,0.9976420791155781,0.16844197616464163,0.0011162199117961125
TUR.40.25_1,2046,7,24.16565233118394,68.89851434499579,Istanbul,Kartal,0.5562304581040787,0.05240563565662848,31,Istanbul,Kartal,albopictus,0.014894365168196873,0.014894365168196873,0.9851056348318031,0.1855100583911919,0.008250476013086705
TUR.40.25_1,2046,8,27.832982399884393,65.26152258956103,Istanbul,Kartal,0.6604886070973373,0.06191831758344657,31,Istanbul,Kartal,albopictus,0.09271146634022087,0.09271146634022087,0.9072885336597791,0.2169388039028375,0.05939770285805701
TUR.40.25_1,2046,9,23.8480146632475,66.00392831853723,Istanbul,Kartal,0.5264413146642581,0.051282428853697715,30,Istanbul,Kartal,albopictus,0.0030390592164594027,0.0030390592164594027,0.9969609407835406,0.1701123912997091,0.0015986071933704604
TUR.40.25_1,2046,10,14.329317766077379,84.7081617952115,Istanbul,Kartal,0.5187859449155684,0.04896564451082508,31,Istanbul,Kartal,albopictus,0,0,1,0.005830726259456642,0
TUR.40.25_1,2046,11,12.387810328427484,83.17613315327382,Istanbul,Kartal,0.3009215799490359,0.029643896645109802,30,Istanbul,Kartal,albopictus,0,0,1,3.370677968852969e-4,0
TUR.40.25_1,2046,12,8.743160023408779,79.50363078528952,Istanbul,Kartal,0.24751272430890997,0.023668251708810262,31,Istanbul,Kartal,albopictus,0,0,1,0,0
TUR.40.25_1,2047,1,8.907557368278503,79.98033006637193,Istanbul,Kartal,0.24645196829005006,0.02356802239233413,31,Istanbul,Kartal,albopictus,0,0,1,0,0
TUR.40.25_1,2047,2,7.228053250733544,81.73971604767866,Istanbul,Kartal,0.18435353055694606,0.019558368057618014,28,Istanbul,Kartal,albopictus,0,0,1,0,0
TUR.40.25_1,2047,3,10.29783614944009,75.39383044728584,Istanbul,Kartal,0.2263093309551913,0.021662819468551087,31,Istanbul,Kartal,albopictus,0,0,1,0,0
TUR.40.25_1,2047,4,11.657979292028092,73.87763606421134,Istanbul,Kartal,0.2992524659845501,0.0294819196353181,30,Istanbul,Kartal,albopictus,0,0,1,2.2859363511410513e-5,0
TUR.40.25_1,2047,5,17.851637671975528,70.90745688016851,Istanbul,Kartal,0.4182758200906354,0.03967000151858069,31,Istanbul,Kartal,albopictus,0,0,1,0.04157968003212462,0
TUR.40.25_1,2047,6,23.089346156400794,65.23323087600318,Istanbul,Kartal,0.47046444558856115,0.04595691354890652,30,Istanbul,Kartal,albopictus,1.9636552155170077e-4,1.9636552155170077e-4,0.9998036344784483,0.15050999086878572,9.237872905198952e-5
TUR.40.25_1,2047,7,25.377366122077493,68.91538675100165,Istanbul,Kartal,0.5524825189592858,0.05206187725352984,31,Istanbul,Kartal,albopictus,0.07200766844947877,0.07200766844947877,0.9279923315505212,0.21098842789125255,0.03900202582191048
TUR.40.25_1,2047,8,25.919394829693964,71.5464041813579,Istanbul,Kartal,0.6560381656136623,0.06151421015136327,31,Istanbul,Kartal,albopictus,0.13505343404510498,0.13505343404510498,0.864946565954895,0.23039532301118879,0.08478860456717952
TUR.40.25_1,2047,9,22.510459731606876,66.29239191106653,Istanbul,Kartal,0.5228940978912111,0.050945838471149085,30,Istanbul,Kartal,albopictus,3.0009172394892812e-5,3.0009172394892812e-5,0.9999699908276051,0.13984679102841205,1.5691496015102224e-5
TUR.40.25_1,2047,10,16.26283236110912,82.21811052568025,Istanbul,Kartal,0.5152903108265167,0.04864386736675008,31,Istanbul,Kartal,albopictus,0,0,1,0.022713779886923243,0
TUR.40.25_1,2047,11,13.742910960141351,78.98502444966054,Istanbul,Kartal,0.2988939387931593,0.029447123299395472,30,Istanbul,Kartal,albopictus,0,0,1,0.002925193286993635,0
TUR.40.25_1,2047,12,7.840252651887782,73.22788157874655,Istanbul,Kartal,0.2458449576219981,0.023510662195302845,31,Istanbul,Kartal,albopictus,0,0,1,0,0
TUR.40.25_1,2048,1,7.7305744886398315,81.73588426559068,Istanbul,Kartal,0.2561704789259053,0.024485925960006982,31,Istanbul,Kartal,albopictus,0,0,1,0,0
TUR.40.25_1,2048,2,8.084385075989893,76.10518693390912,Istanbul,Kartal,0.19846695885633803,0.020321737418601216,29,Istanbul,Kartal,albopictus,0,0,1,0,0
TUR.40.25_1,2048,3,11.615430677638333,75.08541980275459,Istanbul,Kartal,0.23523354306492308,0.022507379415848794,31,Istanbul,Kartal,albopictus,0,0,1,1.9139010002918264e-5,0
TUR.40.25_1,2048,4,15.267771047704361,69.85170375219963,Istanbul,Kartal,0.3110530951037056,0.030626516546292448,30,Istanbul,Kartal,albopictus,0,0,1,0.010231439780416803,0
TUR.40.25_1,2048,5,17.772066901711856,67.39985800321539,Istanbul,Kartal,0.434769979315559,0.04120166611049414,31,Istanbul,Kartal,albopictus,0,0,1,0.03829743160674649,0
TUR.40.25_1,2048,6,22.43770431069767,64.6229098310813,Istanbul,Kartal,0.4890165949179717,0.04772522772094545,30,Istanbul,Kartal,albopictus,1.1699407073194723e-5,1.1699407073194723e-5,0.9999883005929268,0.13486252376228713,5.7211878434770824e-6
TUR.40.25_1,2048,7,25.17393403894761,65.02974374563055,Istanbul,Kartal,0.5742689436078029,0.0540583701521844,31,Istanbul,Kartal,albopictus,0.026301743793432027,0.026301743793432027,0.973698256206568,0.19236142026768946,0.014990777217873119
TUR.40.25_1,2048,8,25.8506539849674,69.68430167281298,Istanbul,Kartal,0.6819081715798542,0.06386081663093457,31,Istanbul,Kartal,albopictus,0.10447242508855178,0.10447242508855178,0.8955275749114482,0.22117143397302638,0.06876219099243874
TUR.40.25_1,2048,9,20.18985922196332,76.18707193425989,Istanbul,Kartal,0.5435137419015236,0.052900738207403486,30,Istanbul,Kartal,albopictus,1.763192034931471e-9,1.763192034931471e-9,0.999999998236808,0.09731166964348764,9.583190907491712e-10
TUR.40.25_1,2048,10,17.511777597315174,79.69127794511384,Istanbul,Kartal,0.5356101094512405,0.05051280645507594,31,Istanbul,Kartal,albopictus,0,0,1,0.040607663926989036,0
TUR.40.25_1,2048,11,12.849991419736078,84.13175296528554,Istanbul,Kartal,0.31068042986202066,0.03059039069280478,30,Istanbul,Kartal,albopictus,0,0,1,8.840517275765544e-4,0
TUR.40.25_1,2048,12,10.040267719941982,77.42675700599264,Istanbul,Kartal,0.255539531587051,0.02442635981803387,31,Istanbul,Kartal,albopictus,0,0,1,0,0
TUR.40.25_1,2049,1,6.600338339805603,80.20012529342272,Istanbul,Kartal,0.23273490177042455,0.022270989214998815,31,Istanbul,Kartal,albopictus,0,0,1,0,0
TUR.40.25_1,2049,2,9.135600247803858,81.96962022248334,Istanbul,Kartal,0.17409274968624386,0.018479907845113108,28,Istanbul,Kartal,albopictus,0,0,1,0,0
TUR.40.25_1,2049,3,9.836882436976712,75.5105449248249,Istanbul,Kartal,0.21371336684801545,0.02046953426474374,31,Istanbul,Kartal,albopictus,0,0,1,0,0
TUR.40.25_1,2049,4,13.191941541783951,74.2791863571801,Istanbul,Kartal,0.28259662017997933,0.027864092745858215,30,Istanbul,Kartal,albopictus,0,0,1,0.0012887128667448489,0
TUR.40.25_1,2049,5,17.60312540390912,70.92785788114507,Istanbul,Kartal,0.3949953517399763,0.0375039883990439,31,Istanbul,Kartal,albopictus,0,0,1,0.03777517374756375,0
TUR.40.25_1,2049,6,24.16910956887638,66.33638029006568,Istanbul,Kartal,0.4442792536421044,0.043455459791473916,30,Istanbul,Kartal,albopictus,0.007356974160700369,0.007356974160700369,0.9926430258392996,0.17797023194145076,0.0032632150915300473
TUR.40.25_1,2049,7,26.429884966681986,58.887772157495796,Istanbul,Kartal,0.5217323508187104,0.04923678003816023,31,Istanbul,Kartal,albopictus,0.015411592609378605,0.015411592609378605,0.9845884073906214,0.1841883483851615,0.008008486270430604
TUR.40.25_1,2049,8,25.474322655621698,65.27794104659228,Istanbul,Kartal,0.6195242792788418,0.0581921089432329,31,Istanbul,Kartal,albopictus,0.03721897224121302,0.03721897224121302,0.9627810277587869,0.19743791918387435,0.02279425146208991
TUR.40.25_1,2049,9,20.362125228433047,72.01271738103723,Istanbul,Kartal,0.49379076723713455,0.048179751599351506,30,Istanbul,Kartal,albopictus,1.256154932571807e-9,1.256154932571807e-9,0.999999998743845,0.09608006404558415,6.202777180774888e-10
TUR.40.25_1,2049,10,14.716689782984117,78.64808794267243,Istanbul,Kartal,0.4866101930755106,0.045999715205635394,31,Istanbul,Kartal,albopictus,0,0,1,0.0075734314982074955,0
TUR.40.25_1,2049,11,12.106350520077875,80.85995578510976,Istanbul,Kartal,0.28225804795737014,0.02783117836718696,30,Istanbul,Kartal,albopictus,0,0,1,1.549653333575487e-4,0
TUR.40.25_1,2049,12,8.6227185866412,82.42780223304342,Istanbul,Kartal,0.23216167620772016,0.022216749717453466,31,Istanbul,Kartal,albopictus,0,0,1,0,0
TUR.40.25_1,2050,1,6.3122323751449585,75.88892991988756,Istanbul,Kartal,0.2377658842556885,0.02274689956497955,31,Istanbul,Kartal,albopictus,0,0,1,0,0
TUR.40.25_1,2050,2,8.416078725281885,79.44165086213178,Istanbul,Kartal,0.17785607683580437,0.018875590340035164,28,Istanbul,Kartal,albopictus,0,0,1,0,0
TUR.40.25_1,2050,3,6.91412719558267,75.18435779103584,Istanbul,Kartal,0.21833316472663253,0.020907362137725705,31,Istanbul,Kartal,albopictus,0,0,1,0,0
TUR.40.25_1,2050,4,15.403351110570572,66.7032128464379,Istanbul,Kartal,0.2887054531728181,0.028457772983100482,30,Istanbul,Kartal,albopictus,0,0,1,0.010877010930661186,0
TUR.40.25_1,2050,5,19.43869669297162,71.26713705594976,Istanbul,Kartal,0.4035338849863767,0.03829897966009288,31,Istanbul,Kartal,albopictus,7.573838223251528e-13,7.573838223251528e-13,0.9999999999992426,0.07332544545381633,3.056443986793056e-13
TUR.40.25_1,2050,6,23.302398906034583,71.03971128371802,Istanbul,Kartal,0.4538831468555271,0.04437367396116065,30,Istanbul,Kartal,albopictus,0.003497269440305855,0.003497269440305855,0.9965027305596942,0.1715453373285755,0.0015860924826630596
TUR.40.25_1,2050,7,25.084147509406595,68.07625634939032,Istanbul,Kartal,0.5330105316974585,0.050273911975862284,31,Istanbul,Kartal,albopictus,0.04625978624350401,0.04625978624350401,0.953740213756496,0.2018166111667641,0.024355453693354123
TUR.40.25_1,2050,8,26.015050270978143,69.14378195845751,Istanbul,Kartal,0.6329164081539604,0.05941191310462868,31,Istanbul,Kartal,albopictus,0.10496843189170148,0.10496843189170148,0.8950315681082985,0.22133618694168902,0.06427742707139383
TUR.40.25_1,2050,9,22.891679595498477,68.74775613836145,Istanbul,Kartal,0.5044649406527127,0.04919519898904856,30,Istanbul,Kartal,albopictus,3.7786867616669984e-4,3.7786867616669984e-4,0.9996221313238333,0.15521163545024677,1.906033321733558e-4
TUR.40.25_1,2050,10,17.951673227197986,79.7271818757779,Istanbul,Kartal,0.4971291454968742,0.04697035820555373,31,Istanbul,Kartal,albopictus,5.384581669432009e-18,5.384581669432009e-18,1,0.048933217925062514,0
TUR.40.25_1,2050,11,12.204581835690668,83.73745822651601,Istanbul,Kartal,0.2883595621041356,0.02842416762399691,30,Istanbul,Kartal,albopictus,0,0,1,2.1040613224022504e-4,0
TUR.40.25_1,2050,12,7.466406597810634,77.3579474967153,Istanbul,Kartal,0.237180267393939,0.022691514521992473,31,Istanbul,Kartal,albopictus,0,0,1,0,0
TUR.40.25_1,2051,1,8.72996985912323,80.38119371383287,Istanbul,Kartal,0.24525092529523088,0.023454525139800952,31,Istanbul,Kartal,albopictus,0,0,1,0,0
TUR.40.25_1,2051,2,6.256593862000634,78.30072068635053,Istanbul,Kartal,0.18345511405014409,0.019463987270970762,28,Istanbul,Kartal,albopictus,0,0,1,0,0
TUR.40.25_1,2051,3,10.980899656520169,69.85699573048896,Istanbul,Kartal,0.225206449779229,0.02155839554183636,31,Istanbul,Kartal,albopictus,0,0,1,5.131785179780733e-8,0
TUR.40.25_1,2051,4,11.574065488927506,70.38421260229728,Istanbul,Kartal,0.2977941084780273,0.029340373081523374,30,Istanbul,Kartal,albopictus,0,0,1,1.2999790696456994e-5,0
TUR.40.25_1,2051,5,16.89505655625287,66.63295889432867,Istanbul,Kartal,0.4162374219106263,0.03948054396925227,31,Istanbul,Kartal,albopictus,0,0,1,0.02565006135124201,0
TUR.40.25_1,2051,6,22.291181788725012,63.199104594264895,Istanbul,Kartal,0.4681717147550195,0.04573815207172227,30,Istanbul,Kartal,albopictus,3.1973956955893556e-6,3.1973956955893556e-6,0.9999968026043045,0.12793899674281,1.4969291051158962e-6
TUR.40.25_1,2051,7,24.808632906745462,70.96122033864813,Istanbul,Kartal,0.5497900865808388,0.05181485223781235,31,Istanbul,Kartal,albopictus,0.06066075428664412,0.06066075428664412,0.9393392457133559,0.20734595762919417,0.03280067865475278
TUR.40.25_1,2051,8,25.549075463238886,68.1345389469829,Istanbul,Kartal,0.6528410718813169,0.06122380132122063,31,Istanbul,Kartal,albopictus,0.07027138440263225,0.07027138440263225,0.9297286155973677,0.21019092877244536,0.04483964912044991
TUR.40.25_1,2051,9,21.42706091263715,67.69016183904505,Istanbul,Kartal,0.5203458597997814,0.05070396605850935,30,Istanbul,Kartal,albopictus,2.213827029728943e-7,2.213827029728943e-7,0.999999778617297,0.11613596215114964,1.1519556630812389e-7
TUR.40.25_1,2051,10,17.26176233852611,69.89550157792634,Istanbul,Kartal,0.5127791285364729,0.04841264294900505,31,Istanbul,Kartal,albopictus,0,0,1,0.03186691938909429,0
TUR.40.25_1,2051,11,13.599428751889398,83.79476260884023,Istanbul,Kartal,0.29743732850973503,0.029305741272638852,30,Istanbul,Kartal,albopictus,0,0,1,0.0026535911680705335,0
TUR.40.25_1,2051,12,10.184887661653407,79.04952159339499,Istanbul,Kartal,0.244646872793493,0.023397437851525926,31,Istanbul,Kartal,albopictus,0,0,1,0,0
TUR.40.25_1,2052,1,6.962451338768005,78.46737535445787,Istanbul,Kartal,0.23682393708491087,0.02265781284724322,31,Istanbul,Kartal,albopictus,0,0,1,0,0
TUR.40.25_1,2052,2,6.11108175796621,75.55412339631147,Istanbul,Kartal,0.1834783101265223,0.018801519134729938,29,Istanbul,Kartal,albopictus,0,0,1,0,0
TUR.40.25_1,2052,3,6.895332182154935,76.16590991505927,Istanbul,Kartal,0.21746820334899425,0.020825402838157925,31,Istanbul,Kartal,albopictus,0,0,1,0,0
TUR.40.25_1,2052,4,13.727592748754166,82.5821419846215,Istanbul,Kartal,0.28756170083990656,0.02834664625928196,30,Istanbul,Kartal,albopictus,0,0,1,0.003023936752494789,0
TUR.40.25_1,2052,5,16.861475776223575,75.38140249784429,Istanbul,Kartal,0.40193522165220774,0.03815018400586756,31,Istanbul,Kartal,albopictus,0,0,1,0.028383921280766698,0
TUR.40.25_1,2052,6,22.600877986234778,70.9687579145774,Istanbul,Kartal,0.4520850169539957,0.044201824484085495,30,Istanbul,Kartal,albopictus,2.6243417377776293e-4,2.6243417377776293e-4,0.9997375658262222,0.1532574172702464,1.1863552015167755e-4
TUR.40.25_1,2052,7,25.70828920252183,65.77828653127509,Istanbul,Kartal,0.5308989261410145,0.050079816639992614,31,Istanbul,Kartal,albopictus,0.05134858122627488,0.05134858122627488,0.9486514187737252,0.20327123410519396,0.026892681752231584
TUR.40.25_1,2052,8,24.901099541608026,76.61664038741259,Istanbul,Kartal,0.6304090096604144,0.05918365033236217,31,Istanbul,Kartal,albopictus,0.1398164382859616,0.1398164382859616,0.8601835617140384,0.231935369183667,0.08436873309073034
TUR.40.25_1,2052,9,22.61982328751508,72.92218698552942,Istanbul,Kartal,0.5024664229717938,0.049005159979272794,30,Istanbul,Kartal,albopictus,5.776785683296879e-4,5.776785683296879e-4,0.9994223214316703,0.15840619492112198,2.902219613125645e-4
TUR.40.25_1,2052,10,17.22976656521068,73.47367235429353,Istanbul,Kartal,0.4951596897291648,0.0467887005988642,31,Istanbul,Kartal,albopictus,0,0,1,0.03299209776799798,0
TUR.40.25_1,2052,11,14.768803217831781,76.42987918598867,Istanbul,Kartal,0.287217180073421,0.02831317020680657,30,Istanbul,Kartal,albopictus,0,0,1,0.007680972929769929,0
TUR.40.25_1,2052,12,11.574892773347743,84.52996745521139,Istanbul,Kartal,0.2362406402370179,0.022602642198143785,31,Istanbul,Kartal,albopictus,0,0,1,1.9448683706925687e-5,0
TUR.40.25_1,2053,1,9.496500849723816,79.14652116744615,Istanbul,Kartal,0.24653080091942572,0.023575471528455072,31,Istanbul,Kartal,albopictus,0,0,1,0,0
TUR.40.25_1,2053,2,6.054391541901757,77.95768022004194,Istanbul,Kartal,0.18441249974939894,0.019564562593543666,28,Istanbul,Kartal,albopictus,0,0,1,0,0
TUR.40.25_1,2053,3,8.788111532435696,75.18878283986396,Istanbul,Kartal,0.22638172055603412,0.021669673132091893,31,Istanbul,Kartal,albopictus,0,0,1,0,0
TUR.40.25_1,2053,4,13.749267858617447,71.3290673386254,Istanbul,Kartal,0.2993481879173242,0.029491209577499955,30,Istanbul,Kartal,albopictus,0,0,1,0.002611658375109367,0
TUR.40.25_1,2053,5,17.876232932595645,81.79588461454351,Istanbul,Kartal,0.41840961404217414,0.03968243560052975,31,Istanbul,Kartal,albopictus,3.719247132494275e-18,3.719247132494275e-18,1,0.04867094559738251,0
TUR.40.25_1,2053,6,21.990776286405676,79.31132535842505,Istanbul,Kartal,0.4706149331238438,0.04597127060014172,30,Istanbul,Kartal,albopictus,3.6758103355479714e-4,3.6758103355479714e-4,0.9996324189664452,0.15594388900706374,1.7297416176831337e-4
TUR.40.25_1,2053,7,24.71842866785386,74.41926629812079,Istanbul,Kartal,0.5526592416284365,0.052078088936376665,31,Istanbul,Kartal,albopictus,0.09584201270010587,0.09584201270010587,0.9041579872998942,0.21869046094645606,0.05158961426520381
TUR.40.25_1,2053,8,26.11644110960119,66.83573752486376,Istanbul,Kartal,0.6562480126435926,0.06153326851806851,31,Istanbul,Kartal,albopictus,0.07739414477427883,0.07739414477427883,0.9226058552257211,0.2124644071831142,0.0495215158872796
TUR.40.25_1,2053,9,22.428504775552188,64.1649199872384,Istanbul,Kartal,0.5230613561075191,0.05096171204902311,30,Istanbul,Kartal,albopictus,8.45049961643557e-6,8.45049961643557e-6,0.9999915495003836,0.13278950375777296,4.420120020443008e-6
TUR.40.25_1,2053,10,18.093017297632557,71.96356340653962,Istanbul,Kartal,0.5154551368182753,0.048659042234569516,31,Istanbul,Kartal,albopictus,3.3306690738754697e-19,3.3306690738754697e-19,1,0.04653961473408722,0
TUR.40.25_1,2053,11,13.147136309567621,74.67318057759023,Istanbul,Kartal,0.2989895460437851,0.029456402444250518,30,Istanbul,Kartal,albopictus,0,0,1,0.0012155138239623876,0
TUR.40.25_1,2053,12,10.887752308565029,80.17753520423483,Istanbul,Kartal,0.24592359608677714,0.023518093420806796,31,Istanbul,Kartal,albopictus,0,0,1,1.55015698734239e-8,0
TUR.40.25_1,2054,1,9.181223750114441,76.97882707564928,Istanbul,Kartal,0.24129828973090608,0.023080912232877893,31,Istanbul,Kartal,albopictus,0,0,1,0,0
TUR.40.25_1,2054,2,4.880136170808007,75.38156175080366,Istanbul,Kartal,0.18049842303102176,0.019153315705425,28,Istanbul,Kartal,albopictus,0,0,1,0,0
TUR.40.25_1,2054,3,7.757024610743803,74.25166430959052,Istanbul,Kartal,0.22157686501154206,0.021214657426958272,31,Istanbul,Kartal,albopictus,0,0,1,0,0
TUR.40.25_1,2054,4,11.689473432653092,78.68510829321525,Istanbul,Kartal,0.2929946501983095,0.028874397230565174,30,Istanbul,Kartal,albopictus,0,0,1,2.9673542536004005e-5,0
TUR.40.25_1,2054,5,18.34552843430463,70.65401602323492,Istanbul,Kartal,0.40952904829260106,0.038856774737905386,31,Istanbul,Kartal,albopictus,2.0872192862952943e-17,2.0872192862952943e-17,1,0.05032009053874591,0
TUR.40.25_1,2054,6,22.124878154081458,72.24801664260474,Istanbul,Kartal,0.46062633172446016,0.04501785324396168,30,Istanbul,Kartal,albopictus,5.196240836034882e-5,5.196240836034882e-5,0.9999480375916396,0.14352661964842667,2.3934967104732863e-5
TUR.40.25_1,2054,7,25.066712435554056,71.3433156755622,Istanbul,Kartal,0.5409292847448554,0.05100143766338139,31,Istanbul,Kartal,albopictus,0.08027375646911754,0.08027375646911754,0.9197262435308825,0.21378532803985623,0.042493170839843164
TUR.40.25_1,2054,8,26.06864295286291,71.37608557784228,Istanbul,Kartal,0.6423194282403655,0.06026743044405425,31,Istanbul,Kartal,albopictus,0.13747579881331592,0.13747579881331592,0.862524201186684,0.2311883777879706,0.08451690145991964
TUR.40.25_1,2054,9,23.22512228348676,64.03065027288294,Istanbul,Kartal,0.51195960173075306,0.04990752799597664,30,Istanbul,Kartal,albopictus,2.2129926022588898e-4,2.2129926022588898e-4,0.9997787007397742,0.1514721956392843,1.1328986334724345e-4
TUR.40.25_1,2054,10,16.86764498317943,74.91536852128571,Istanbul,Kartal,0.5045148212044747,0.047651285917055586,31,Istanbul,Kartal,albopictus,0,0,1,0.02824316933121878,0
TUR.40.25_1,2054,11,13.752402880612543,77.39244174702382,Istanbul,Kartal,0.2926436203456982,0.02884030722451747,30,Istanbul,Kartal,albopictus,0,0,1,0.0028693544283626194,0
TUR.40.25_1,2054,12,6.9095370909746965,79.48701396400045,Istanbul,Kartal,0.2407039725620654,0.023024723540953418,31,Istanbul,Kartal,albopictus,0,0,1,0,0
TUR.40.25_1,2055,1,7.323602557182312,78.18649156539537,Istanbul,Kartal,0.23694484851498077,0.02266924876499954,31,Istanbul,Kartal,albopictus,0,0,1,0,0
TUR.40.25_1,2055,2,6.509697595063378,76.0378956741435,Istanbul,Kartal,0.17724191725508326,0.018811027470555852,28,Istanbul,Kartal,albopictus,0,0,1,0,0
TUR.40.25_1,2055,3,7.395387495265287,77.32877460011787,Istanbul,Kartal,0.21757923263000917,0.020835923786620136,31,Istanbul,Kartal,albopictus,0,0,1,0,0
TUR.40.25_1,2055,4,11.823645872228287,75.46896754614494,Istanbul,Kartal,0.28770851664286073,0.028360911561295388,30,Istanbul,Kartal,albopictus,0,0,1,4.9372092048053825e-5,0
TUR.40.25_1,2055,5,16.22824556687299,71.40873861844976,Istanbul,Kartal,0.4021404313241844,0.03816928519219176,31,Istanbul,Kartal,albopictus,0,0,1,0.019350661336411615,0
TUR.40.25_1,2055,6,23.641477809232825,68.24555234817115,Istanbul,Kartal,0.4523158308091571,0.04422388537565125,30,Istanbul,Kartal,albopictus,0.003643043324626366,0.003643043324626366,0.9963569566753736,0.17175165007524393,0.0016464492808664355
TUR.40.25_1,2055,7,25.222250994514017,65.87654931814032,Istanbul,Kartal,0.5311699787599873,0.05010473357321199,31,Istanbul,Kartal,albopictus,0.032698366341914885,0.032698366341914885,0.9673016336580851,0.19557367612436813,0.017218429509223032
TUR.40.25_1,2055,8,25.205241539899042,68.14708548628954,Istanbul,Kartal,0.6307308675596843,0.05921295398959492,31,Istanbul,Kartal,albopictus,0.0547446828121382,0.0547446828121382,0.9452553171878618,0.20498492539347782,0.03393983227955055
TUR.40.25_1,2055,9,23.974830459145938,65.8135024457345,Istanbul,Kartal,0.5027229592599386,0.04902955613497684,30,Istanbul,Kartal,albopictus,0.003943997344630174,0.003943997344630174,0.9960560026553699,0.17226687513742114,0.0019807736898477257
TUR.40.25_1,2055,10,16.63462610805736,69.529084646774,Istanbul,Kartal,0.4954124955347563,0.046812020702351576,31,Istanbul,Kartal,albopictus,0,0,1,0.023367424675564262,0
TUR.40.25_1,2055,11,14.132360079709223,81.34704684956289,Istanbul,Kartal,0.2873638199798882,0.028327418908918545,30,Istanbul,Kartal,albopictus,0,0,1,0.004624621541930861,0
TUR.40.25_1,2055,12,10.753595127778896,80.03263774329733,Istanbul,Kartal,0.23636125386249546,0.022614050593387502,31,Istanbul,Kartal,albopictus,0,0,1,5.007326405872523e-10,0
TUR.40.25_1,2056,1,10.14433753490448,80.06633623092272,Istanbul,Kartal,0.2618429764716388,0.02502128879514054,31,Istanbul,Kartal,albopictus,0,0,1,0,0
TUR.40.25_1,2056,2,9.045560994568994,76.626640791331,Istanbul,Kartal,0.202861701536065,0.020767025901498815,29,Istanbul,Kartal,albopictus,0,0,1,0,0
TUR.40.25_1,2056,3,11.546322668299954,74.66170611867256,Istanbul,Kartal,0.24044242467105043,0.022999994922536238,31,Istanbul,Kartal,albopictus,0,0,1,1.2932977993869558e-5,0
TUR.40.25_1,2056,4,13.153954786412857,74.28772364966056,Istanbul,Kartal,0.31794088297827533,0.031293970548351924,30,Istanbul,Kartal,albopictus,0,0,1,0.0012413720460955273,0
TUR.40.25_1,2056,5,19.762482474831973,65.09619665677984,Istanbul,Kartal,0.4443972855179238,0.042094538352627775,31,Istanbul,Kartal,albopictus,1.0476631229217049e-12,1.0476631229217049e-12,0.9999999999989523,0.07370240559166458,4.656275365277907e-13
TUR.40.25_1,2056,6,24.260198817533606,64.12225370315161,Istanbul,Kartal,0.49984510820383515,0.04875584162176583,30,Istanbul,Kartal,albopictus,0.004211388943642603,0.004211388943642603,0.9957886110563574,0.17233485545815813,0.0021028281147980055
TUR.40.25_1,2056,7,25.45442300684312,59.55477197439033,Istanbul,Kartal,0.5869852377993301,0.05522173857171775,31,Istanbul,Kartal,albopictus,0.007993196424306247,0.007993196424306247,0.9920068035756937,0.17775211464686444,0.004680898590191163
TUR.40.25_1,2056,8,26.631610253277948,62.795294104453596,Istanbul,Kartal,0.697007969362647,0.065227770452432,31,Istanbul,Kartal,albopictus,0.04683278372250364,0.04683278372250364,0.9531672162774963,0.20105111004786477,0.032115796632998905
TUR.40.25_1,2056,9,20.67550833085004,75.10433877996302,Istanbul,Kartal,0.5555490098993656,0.054039911900486626,30,Istanbul,Kartal,albopictus,3.612520162016297e-8,3.612520162016297e-8,0.9999999638747984,0.10893691047342925,2.006931976161752e-8
TUR.40.25_1,2056,10,18.14348955715404,77.48839708573884,Istanbul,Kartal,0.5474703637790275,0.05160197092060059,31,Istanbul,Kartal,albopictus,3.3584246494910984e-17,3.3584246494910984e-17,1,0.051112250217249536,0
TUR.40.25_1,2056,11,13.446518519345453,80.18134402973867,Istanbul,Kartal,0.31755996564338396,0.0312570701536532,30,Istanbul,Kartal,albopictus,0,0,1,0.002061999299340023,0
TUR.40.25_1,2056,12,6.767702355104335,73.59989848548483,Istanbul,Kartal,0.2611980577835247,0.024960437026103066,31,Istanbul,Kartal,albopictus,0,0,1,0,0
TUR.40.25_1,2057,1,6.8428486585617065,81.86781175582506,Istanbul,Kartal,0.22507732853480028,0.02154616924632946,31,Istanbul,Kartal,albopictus,0,0,1,0,0
TUR.40.25_1,2057,2,4.967754044953515,75.51822709504194,Istanbul,Kartal,0.16836465316796295,0.017877339906224643,28,Istanbul,Kartal,albopictus,0,0,1,0,0
TUR.40.25_1,2057,3,8.369532430873196,72.63060107716865,Istanbul,Kartal,0.206681650738307,0.01980274805032478,31,Istanbul,Kartal,albopictus,0,0,1,0,0
TUR.40.25_1,2057,4,11.70717648898854,76.62439357153556,Istanbul,Kartal,0.2732984689413536,0.0269597657135211,30,Istanbul,Kartal,albopictus,0,0,1,3.0103131571658492e-5,0
TUR.40.25_1,2057,5,18.761399100808536,73.04622793729742,Istanbul,Kartal,0.3819989948950383,0.03629268408450936,31,Istanbul,Kartal,albopictus,3.4861002973229914e-15,3.4861002973229914e-15,0.9999999999999966,0.06004974460860091,1.3322676295501878e-15
TUR.40.25_1,2057,6,23.959465251249426,69.75472288039771,Istanbul,Kartal,0.42966133043439914,0.04205616784017918,30,Istanbul,Kartal,albopictus,0.013396764406126426,0.013396764406126426,0.9866032355938735,0.18463460410563534,0.005739537177701481
TUR.40.25_1,2057,7,24.73125368006089,70.4216619280036,Istanbul,Kartal,0.5045660227115077,0.0476560047785306,31,Istanbul,Kartal,albopictus,0.05099071112298864,0.05099071112298864,0.9490092888770114,0.20370156412019638,0.025400030927786865
TUR.40.25_1,2057,8,26.311707833234003,71.16361075484423,Istanbul,Kartal,0.5991403467283869,0.05633242867608579,31,Istanbul,Kartal,albopictus,0.14761829892045086,0.14761829892045086,0.8523817010795491,0.23422998694058514,0.08464570298326812
TUR.40.25_1,2057,9,22.70269567826215,74.51599039129114,Istanbul,Kartal,0.47754378866009517,0.04663207436735706,30,Istanbul,Kartal,albopictus,0.001429043260994764,0.001429043260994764,0.9985709567390052,0.1647713365303678,6.821979301222525e-4
TUR.40.25_1,2057,10,16.394332605249744,76.14022203691071,Istanbul,Kartal,0.47059947374492805,0.04452041810418106,31,Istanbul,Kartal,albopictus,0,0,1,0.02253442855103468,0
TUR.40.25_1,2057,11,10.548694231930902,78.39014529926992,Istanbul,Kartal,0.2729710366104,0.02692790470870543,30,Istanbul,Kartal,albopictus,0,0,1,7.514071300050479e-16,0
TUR.40.25_1,2057,12,9.469638600068935,81.99623790198874,Istanbul,Kartal,0.22452296355851223,0.021493675528436507,31,Istanbul,Kartal,albopictus,0,0,1,0,0
TUR.40.25_1,2058,1,6.9809077978134155,85.39610155074693,Istanbul,Kartal,0.24323948484433378,0.0232644166630257,31,Istanbul,Kartal,albopictus,0,0,1,0,0
TUR.40.25_1,2058,2,8.368458905640772,80.81231736603803,Istanbul,Kartal,0.1819504957214663,0.01930590319437242,28,Istanbul,Kartal,albopictus,0,0,1,0,0
TUR.40.25_1,2058,3,8.881110037074368,75.37114825734443,Istanbul,Kartal,0.22335940531917828,0.021383487154226333,31,Istanbul,Kartal,albopictus,0,0,1,0,0
TUR.40.25_1,2058,4,12.899871152990006,77.33928309790275,Istanbul,Kartal,0.29535173189938446,0.02910327249439404,30,Istanbul,Kartal,albopictus,0,0,1,8.43516582507941e-4,0
TUR.40.25_1,2058,5,17.2285660014433,75.61700583036382,Istanbul,Kartal,0.41282362525888966,0.03916316721412816,31,Istanbul,Kartal,albopictus,0,0,1,0.034090470154028656,0
TUR.40.25_1,2058,6,22.69464324502384,68.03407316115943,Istanbul,Kartal,0.4643319758268564,0.045371670079951354,30,Istanbul,Kartal,albopictus,1.2752943985168164e-4,1.2752943985168164e-4,0.9998724705601483,0.14849815675487923,5.92142435499321e-5
TUR.40.25_1,2058,7,23.922669466804056,66.20037896901923,Istanbul,Kartal,0.5452809495885127,0.05140100420172511,31,Istanbul,Kartal,albopictus,0.003969846480102254,0.003969846480102254,0.9960301535198978,0.17224666813136022,0.0021623404246962075
TUR.40.25_1,2058,8,25.930409768048456,71.73774176680712,Istanbul,Kartal,0.6474867559356855,0.06073723936696063,31,Istanbul,Kartal,albopictus,0.13660729623111817,0.13660729623111817,0.8633927037688818,0.23085874541390186,0.08465241824964409
TUR.40.25_1,2058,9,21.71608335831586,73.00337900213098,Istanbul,Kartal,0.5160782114327134,0.0502987534324979,30,Istanbul,Kartal,albopictus,8.379641459309529e-6,8.379641459309529e-6,0.9999916203585407,0.1336802021731981,4.32454102594626e-6
TUR.40.25_1,2058,10,19.138095575220447,78.56182237870759,Istanbul,Kartal,0.5085735391782578,0.04802527519140842,31,Istanbul,Kartal,albopictus,8.429340558890886e-13,8.429340558890886e-13,0.9999999999991571,0.07371194760491033,4.2865710980777294e-13
TUR.40.25_1,2058,11,13.623316386166742,80.39635562641836,Istanbul,Kartal,0.2949978780838047,0.02906891633538844,30,Istanbul,Kartal,albopictus,0,0,1,0.002637076268679931,0
TUR.40.25_1,2058,12,7.706561817842372,79.49379649573874,Istanbul,Kartal,0.24264038651610206,0.023207786570919042,31,Istanbul,Kartal,albopictus,0,0,1,0,0
TUR.40.25_1,2059,1,6.301433444023132,80.52757127730943,Istanbul,Kartal,0.23327326526528738,0.02232192726940796,31,Istanbul,Kartal,albopictus,0,0,1,0,0
TUR.40.25_1,2059,2,7.706661382142236,78.34584855500287,Istanbul,Kartal,0.17449546187267742,0.01852225729957291,28,Istanbul,Kartal,albopictus,0,0,1,0,0
TUR.40.25_1,2059,3,8.95429881881265,76.87450519093818,Istanbul,Kartal,0.2142077296367505,0.02051639540952399,31,Istanbul,Kartal,albopictus,0,0,1,0,0
TUR.40.25_1,2059,4,14.686140340917252,74.64040767065666,Istanbul,Kartal,0.2832503240418375,0.027927639568477658,30,Istanbul,Kartal,albopictus,0,0,1,0.007044796143312955,0
TUR.40.25_1,2059,5,21.487715552834903,58.71025229032476,Istanbul,Kartal,0.3959090568886225,0.037589091497225335,31,Istanbul,Kartal,albopictus,8.296431097232216e-9,8.296431097232216e-9,0.9999999917035689,0.10224255533853416,3.2846322328694555e-9
TUR.40.25_1,2059,6,22.166778788847083,70.98813657668677,Istanbul,Kartal,0.44530696254982016,0.04355375967466402,30,Istanbul,Kartal,albopictus,3.8609014011360685e-5,3.8609014011360685e-5,0.9999613909859887,0.14167976364127569,1.7192714960034827e-5
TUR.40.25_1,2059,7,24.108386095832376,76.76756341726141,Istanbul,Kartal,0.5229392246035749,0.049347817218858614,31,Istanbul,Kartal,albopictus,0.07224015844202474,0.07224015844202474,0.9277598415579753,0.2113932105240666,0.037072554749032594
TUR.40.25_1,2059,8,27.16900000852697,68.27327567183642,Istanbul,Kartal,0.6209573658232653,0.058322715262155156,31,Istanbul,Kartal,albopictus,0.12989929235088743,0.12989929235088743,0.8701007076491125,0.22854722347961529,0.07749448281824822
TUR.40.25_1,2059,9,23.23328955033246,67.7961684613595,Istanbul,Kartal,0.49493300641638327,0.04828846602827186,30,Istanbul,Kartal,albopictus,8.885244781258871e-4,8.885244781258871e-4,0.9991114755218741,0.16079978182135207,4.396634109370412e-4
TUR.40.25_1,2059,10,19.1794106539558,70.06708666093415,Istanbul,Kartal,0.4877358221160506,0.04610363055458244,31,Istanbul,Kartal,albopictus,5.952133230735512e-14,5.952133230735512e-14,0.9999999999999405,0.06685155936103022,2.8976820942716586e-14
TUR.40.25_1,2059,11,13.355823138180902,75.39859103901601,Istanbul,Kartal,0.2829109686323335,0.027894651207347798,30,Istanbul,Kartal,albopictus,0,0,1,0.0016716516753261298,0
TUR.40.25_1,2059,12,10.033917202669032,79.45709147864889,Istanbul,Kartal,0.23269871371445253,0.02226756513363204,31,Istanbul,Kartal,albopictus,0,0,1,0,0
TUR.40.25_1,2060,1,6.7071861028671265,82.51799638717272,Istanbul,Kartal,0.24142092656245176,0.02309250631842641,31,Istanbul,Kartal,albopictus,0,0,1,0,0
TUR.40.25_1,2060,2,6.146512666169335,75.19997453156537,Istanbul,Kartal,0.18703980763133832,0.01916295626642861,29,Istanbul,Kartal,albopictus,0,0,1,0,0
TUR.40.25_1,2060,3,8.221543157801907,72.39880481252021,Istanbul,Kartal,0.22168947867614425,0.021225324266023082,31,Istanbul,Kartal,albopictus,0,0,1,0,0
TUR.40.25_1,2060,4,12.50899819766774,72.50476466528556,Istanbul,Kartal,0.2931435610571483,0.02888885823764964,30,Istanbul,Kartal,albopictus,0,0,1,3.5879122740250727e-4,0
TUR.40.25_1,2060,5,17.588539908914004,69.2948088699146,Istanbul,Kartal,0.4097371862987366,0.03887613426240055,31,Istanbul,Kartal,albopictus,0,0,1,0.03648525506739442,0
TUR.40.25_1,2060,6,22.577797160429114,74.30958585647193,Istanbul,Kartal,0.46086043928449383,0.04504020983629353,30,Istanbul,Kartal,albopictus,8.17190738812137e-4,8.17190738812137e-4,0.9991828092611879,0.16093082624816502,3.7653997389164306e-4
TUR.40.25_1,2060,7,26.391379412482767,67.0814519670661,Istanbul,Kartal,0.5412042052743185,0.05102668563595647,31,Istanbul,Kartal,albopictus,0.09148866047962732,0.09148866047962732,0.9085113395203727,0.21702515238715794,0.04830821112049499
TUR.40.25_1,2060,8,27.292159417096308,64.48963385665087,Istanbul,Kartal,0.6426458790395299,0.06029711801849358,31,Istanbul,Kartal,albopictus,0.0772979202648133,0.0772979202648133,0.9227020797351867,0.21186270624393366,0.04846155640695249
TUR.40.25_1,2060,9,22.792299102334415,65.8221465497384,Istanbul,Kartal,0.5122197987819036,0.04993224880031477,30,Istanbul,Kartal,albopictus,8.342896922524957e-5,8.342896922524957e-5,0.9999165710307748,0.14565322695694893,4.273305674606931e-5
TUR.40.25_1,2060,10,15.452525812036852,78.74220415360993,Istanbul,Kartal,0.5047712345392288,0.04767491738930418,31,Istanbul,Kartal,albopictus,0,0,1,0.013148812966016355,0
TUR.40.25_1,2060,11,13.455492594662836,80.70556735737539,Istanbul,Kartal,0.29279235279801386,0.028854751413370794,30,Istanbul,Kartal,albopictus,0,0,1,0.0021071716675950206,0
TUR.40.25_1,2060,12,8.178184284883388,85.64461436683249,Istanbul,Kartal,0.24082630733935867,0.023036289735668736,31,Istanbul,Kartal,albopictus,0,0,1,0,0
TUR.40.25_1,2061,1,6.154404997825623,77.04897172896959,Istanbul,Kartal,0.22527350845356597,0.021564745166095522,31,Istanbul,Kartal,albopictus,0,0,1,0,0
TUR.40.25_1,2061,2,5.61186996978872,78.27736710969037,Istanbul,Kartal,0.16851140168411305,0.01789278175372555,28,Istanbul,Kartal,albopictus,0,0,1,0,0
TUR.40.25_1,2061,3,7.745378339991849,80.13184466847724,Istanbul,Kartal,0.20686179677840863,0.019819836158157855,31,Istanbul,Kartal,albopictus,0,0,1,0,0
TUR.40.25_1,2061,4,13.276553434484146,72.91214381567619,Istanbul,Kartal,0.27353667894582073,0.026982944229307915,30,Istanbul,Kartal,albopictus,0,0,1,0.0014420798404161078,0
TUR.40.25_1,2061,5,18.512213538674747,65.43316793973882,Istanbul,Kartal,0.38233194949457494,0.03632373559554569,31,Istanbul,Kartal,albopictus,1.7208456881689926e-17,1.7208456881689926e-17,1,0.0496830891702644,0
TUR.40.25_1,2061,6,24.084900126737708,60.43287687209693,Istanbul,Kartal,0.4300358280590604,0.04209204193740701,30,Istanbul,Kartal,albopictus,7.27311595335946e-4,7.27311595335946e-4,0.9992726884046641,0.1587375351220031,3.1272113670599566e-4
TUR.40.25_1,2061,7,25.731682833503275,71.88948114187079,Istanbul,Kartal,0.5050058081043407,0.047696535559069164,31,Istanbul,Kartal,albopictus,0.12980147407585946,0.12980147407585946,0.8701985259241405,0.22884024149657,0.0634482487140896
TUR.40.25_1,2061,8,25.94754348081701,69.60396796309618,Istanbul,Kartal,0.5996625641605715,0.0563801177603237,31,Istanbul,Kartal,albopictus,0.10918812001888892,0.10918812001888892,0.8908118799811111,0.222485991361166,0.06337850084363561
TUR.40.25_1,2061,9,20.244733642129336,80.95542062810755,Istanbul,Kartal,0.4779600211712781,0.046671755814092664,30,Istanbul,Kartal,albopictus,1.5113275704636832e-8,1.5113275704636832e-8,0.9999999848867243,0.10580124495945965,7.223541542700218e-9
TUR.40.25_1,2061,10,15.919471460230211,76.18583818681306,Istanbul,Kartal,0.47100965351350554,0.04455834493792188,31,Istanbul,Kartal,albopictus,0,0,1,0.017176555866641168,0
TUR.40.25_1,2061,11,13.579720118466547,81.13533878071523,Istanbul,Kartal,0.27320896122118254,0.02695105621324223,30,Istanbul,Kartal,albopictus,0,0,1,0.0024878322714326374,0
TUR.40.25_1,2061,12,10.48568703146542,80.34650340491842,Istanbul,Kartal,0.22471866028655976,0.02151220669032261,31,Istanbul,Kartal,albopictus,0,0,1,1.734239536545307e-21,0
TUR.40.25_1,2062,1,5.045476794242859,80.43137987105943,Istanbul,Kartal,0.24296638502529064,0.023238602162766187,31,Istanbul,Kartal,albopictus,0,0,1,0,0
TUR.40.25_1,2062,2,7.606206098023583,73.91008042756147,Istanbul,Kartal,0.18174620879211292,0.019284437639562113,28,Istanbul,Kartal,albopictus,0,0,1,0,0
TUR.40.25_1,2062,3,8.152247274623196,78.1100322295124,Istanbul,Kartal,0.22310862607906728,0.021359736862276768,31,Istanbul,Kartal,albopictus,0,0,1,0,0
TUR.40.25_1,2062,4,11.603207868688248,73.30202113501213,Istanbul,Kartal,0.2950201224791975,0.029071076110478766,30,Istanbul,Kartal,albopictus,0,0,1,1.6659893900075747e-5,0
TUR.40.25_1,2062,5,17.575024436501895,72.07096243436773,Istanbul,Kartal,0.4123601229725438,0.0391200678537682,31,Istanbul,Kartal,albopictus,0,0,1,0.03773427199488001,0
TUR.40.25_1,2062,6,22.090030894559973,67.82507352737036,Istanbul,Kartal,0.46381064197081984,0.045321900775809554,30,Istanbul,Kartal,albopictus,7.77459086912491e-6,7.77459086912491e-6,0.9999922254091309,0.13290232663942922,3.605931480632485e-6
TUR.40.25_1,2062,7,25.036894854377298,71.10340936452704,Istanbul,Kartal,0.5446687293778196,0.05134480078095072,31,Istanbul,Kartal,albopictus,0.07737803864166051,0.07737803864166051,0.9226219613583395,0.21273502397533595,0.04126962702999881
TUR.40.25_1,2062,8,25.737855294171503,66.87785178267626,Istanbul,Kartal,0.6467597830266941,0.060671157824941035,31,Istanbul,Kartal,albopictus,0.06289917209644953,0.06289917209644953,0.9371008279035504,0.20764129630064868,0.039864304372948633
TUR.40.25_1,2062,9,22.193633864907657,70.79982675603723,Istanbul,Kartal,0.5154987789189314,0.05024372306012992,30,Istanbul,Kartal,albopictus,3.8767206140771116e-5,3.8767206140771116e-5,0.9999612327938592,0.14156844676531088,1.9984247739968097e-5
TUR.40.25_1,2062,10,16.870637613184314,75.37400957353181,Istanbul,Kartal,0.5080025326181651,0.0479726688528227,31,Istanbul,Kartal,albopictus,0,0,1,0.028558082165498242,0
TUR.40.25_1,2062,11,12.531821825925043,80.46131229145742,Istanbul,Kartal,0.2946666659568988,0.0290367573878898,30,Istanbul,Kartal,albopictus,0,0,1,4.3552660824895645e-4,0
TUR.40.25_1,2062,12,10.574114575105556,77.65755381995749,Istanbul,Kartal,0.24236795934132613,0.02318203415954545,31,Istanbul,Kartal,albopictus,0,0,1,7.956843037868736e-15,0
TUR.40.25_1,2063,1,10.110528826713562,79.53822954146959,Istanbul,Kartal,0.26578538767038107,0.02539319529566919,31,Istanbul,Kartal,albopictus,0,0,1,0,0
TUR.40.25_1,2063,2,9.92702118438833,78.75873612824506,Istanbul,Kartal,0.1988155133328653,0.02107638417166291,28,Istanbul,Kartal,albopictus,0,0,1,0,0
TUR.40.25_1,2063,3,9.970604742274563,75.07628741750068,Istanbul,Kartal,0.24406262071544793,0.023342218670187154,31,Istanbul,Kartal,albopictus,0,0,1,0,0
TUR.40.25_1,2063,4,15.965143484227799,63.333183396975016,Istanbul,Kartal,0.3227279263982745,0.03175758335518675,30,Istanbul,Kartal,albopictus,0,0,1,0.014846782923844339,0
TUR.40.25_1,2063,5,17.38158113816205,63.55889273221929,Istanbul,Kartal,0.4510883064447589,0.04271459875721206,31,Istanbul,Kartal,albopictus,0,0,1,0.03094218430613447,0
TUR.40.25_1,2063,6,21.629644618314856,68.3543780317649,Istanbul,Kartal,0.5073709734333453,0.04947146583705053,30,Istanbul,Kartal,albopictus,8.909649263642572e-7,8.909649263642572e-7,0.9999991090350736,0.12243032476338574,4.520496398319196e-7
TUR.40.25_1,2063,7,25.196513232062845,71.52487237722235,Istanbul,Kartal,0.5958231192127623,0.05602944197825843,31,Istanbul,Kartal,albopictus,0.09077008128831426,0.09077008128831426,0.9092299187116857,0.21709051935265683,0.0526464446462197
TUR.40.25_1,2063,8,27.088096001568964,69.70576315962938,Istanbul,Kartal,0.7075023964466041,0.06617663360785897,31,Istanbul,Kartal,albopictus,0.14832054319680313,0.14832054319680313,0.8516794568031969,0.23438983900108465,0.09961888101395189
TUR.40.25_1,2063,9,22.513931106118594,64.36309351018762,Istanbul,Kartal,0.5639135750581896,0.054830835547208356,30,Istanbul,Kartal,albopictus,1.4807441908825824e-5,1.4807441908825824e-5,0.9999851925580912,0.13607262377399695,8.350082642105683e-6
TUR.40.25_1,2063,10,17.065326410181385,69.18763872392243,Istanbul,Kartal,0.5557132936533589,0.0523582091034831,31,Istanbul,Kartal,albopictus,0,0,1,0.028783600383430134,0
TUR.40.25_1,2063,11,12.439026453915766,81.79995822651601,Istanbul,Kartal,0.32234127382164734,0.03172014528889566,30,Istanbul,Kartal,albopictus,0,0,1,3.6455071050987305e-4,0
TUR.40.25_1,2063,12,9.605428471284755,77.36614146644186,Istanbul,Kartal,0.26513075883196024,0.025331450850819448,31,Istanbul,Kartal,albopictus,0,0,1,0,0
TUR.40.25_1,2064,1,7.008845686912537,76.59975297896959,Istanbul,Kartal,0.2406655896461795,0.023021094583259516,31,Istanbul,Kartal,albopictus,0,0,1,0,0
TUR.40.25_1,2064,2,5.089796224061181,75.21586656037397,Istanbul,Kartal,0.18645461365694657,0.019103577235207614,29,Istanbul,Kartal,albopictus,0,0,1,0,0
TUR.40.25_1,2064,3,9.323411787257474,76.79318347462959,Istanbul,Kartal,0.2209958758075879,0.02115962390723436,31,Istanbul,Kartal,albopictus,0,0,1,0,0
TUR.40.25_1,2064,4,13.473227781407974,77.34309016577384,Istanbul,Kartal,0.292226398835187,0.028799787507841734,30,Istanbul,Kartal,albopictus,0,0,1,0.0020478051527744487,0
TUR.40.25_1,2064,5,20.360253165749942,68.25204611356695,Istanbul,Kartal,0.408455236025462,0.038756890123695986,31,Istanbul,Kartal,albopictus,3.0923370414326354e-10,3.0923370414326354e-10,0.9999999996907663,0.09107169534365495,1.2630807511015973e-10
TUR.40.25_1,2064,6,24.350551829618567,64.14737729934302,Istanbul,Kartal,0.4594185389985591,0.04490250422919506,30,Istanbul,Kartal,albopictus,0.005255487235068723,0.005255487235068723,0.9947445127649313,0.1744182491442416,0.002411555783259023
TUR.40.25_1,2064,7,25.403227862189798,72.11472375661688,Istanbul,Kartal,0.5395109323617082,0.050871169267869276,31,Istanbul,Kartal,albopictus,0.11072050907286217,0.11072050907286217,0.8892794909271379,0.22318883944844214,0.0579857951693995
TUR.40.25_1,2064,8,26.68052802366369,69.43086463057665,Istanbul,Kartal,0.6406352241910024,0.06011425330990239,31,Istanbul,Kartal,albopictus,0.13756345824709923,0.13756345824709923,0.8624365417529007,0.23112904173363966,0.08435633034219325
TUR.40.25_1,2064,9,23.298410247353946,70.03992380193567,Istanbul,Kartal,0.5106172097736744,0.04977997978589366,30,Istanbul,Kartal,albopictus,0.0024679780333713487,0.0024679780333713487,0.9975320219666286,0.1688860980279817,0.00125939834861577
TUR.40.25_1,2064,10,19.01700945461498,76.71493669755525,Istanbul,Kartal,0.5031919499546293,0.047529358622311446,31,Istanbul,Kartal,albopictus,1.3949513766320364e-13,1.3949513766320364e-13,0.9999999999998606,0.06893849189436237,7.016609515630989e-14
TUR.40.25_1,2064,11,13.376745799008539,77.22331332905507,Istanbul,Kartal,0.29187628940608024,0.02876578427740817,30,Istanbul,Kartal,albopictus,0,0,1,0.0017949402552528229,0
TUR.40.25_1,2064,12,8.329290165620693,75.68630137855124,Istanbul,Kartal,0.24007283081628727,0.022965049794565928,31,Istanbul,Kartal,albopictus,0,0,1,0,0
TUR.40.25_1,2065,1,8.516727328300476,78.17655809371568,Istanbul,Kartal,0.25026226003930274,0.023928003506782702,31,Istanbul,Kartal,albopictus,0,0,1,0,0
TUR.40.25_1,2065,2,8.899572530213526,79.48340653840131,Istanbul,Kartal,0.1872037440947013,0.019857729632805854,28,Istanbul,Kartal,albopictus,0,0,1,0,0
TUR.40.25_1,2065,3,10.45426925490884,70.25959125050849,Istanbul,Kartal,0.22980820573594618,0.02199402912901305,31,Istanbul,Kartal,albopictus,0,0,1,4.329960279604957e-30,0
TUR.40.25_1,2065,4,13.470423025243424,77.48889552466056,Istanbul,Kartal,0.3038790843475347,0.029930837455961035,30,Istanbul,Kartal,albopictus,0,0,1,0.0020503403284415894,0
TUR.40.25_1,2065,5,17.60105593064252,73.7044768386646,Istanbul,Kartal,0.4247426092068317,0.04027080559047391,31,Istanbul,Kartal,albopictus,0,0,1,0.03890103880584629,0
TUR.40.25_1,2065,6,22.75066016702091,79.90465574172583,Istanbul,Kartal,0.47773810141602496,0.046650599342279,30,Istanbul,Kartal,albopictus,0.008986003557474403,0.008986003557474403,0.9910139964425256,0.18104856783405157,0.0042837547140737176
TUR.40.25_1,2065,7,24.283551272223978,68.94920022756415,Istanbul,Kartal,0.5610242222299181,0.05284513472379848,31,Istanbul,Kartal,albopictus,0.020139721378827163,0.020139721378827163,0.9798602786211729,0.18939209624733952,0.011235279006874932
TUR.40.25_1,2065,8,24.80461249631994,72.60993796431688,Istanbul,Kartal,0.6661808998225882,0.06243493355475438,31,Istanbul,Kartal,albopictus,0.07935538130430357,0.07935538130430357,0.9206446186956965,0.21351689772455862,0.051491984871758545
TUR.40.25_1,2065,9,22.242799590615665,66.21677316717005,Istanbul,Kartal,0.530978346845486,0.051712767438434115,30,Istanbul,Kartal,albopictus,8.586709360232702e-6,8.586709360232702e-6,0.9999914132906398,0.13319889452795464,4.559346347132731e-6
TUR.40.25_1,2065,10,14.901817994959215,78.5964445710904,Istanbul,Kartal,0.5232570007800795,0.04937705173216089,31,Istanbul,Kartal,albopictus,0,0,1,0.008806956495401322,0
TUR.40.25_1,2065,11,13.438649752560785,81.3612832997582,Istanbul,Kartal,0.30351501411581555,0.02989551948257474,30,Istanbul,Kartal,albopictus,0,0,1,0.0020789731202132465,0
TUR.40.25_1,2065,12,11.170239224153407,80.45996013099264,Istanbul,Kartal,0.24964586463086413,0.023869777935000225,31,Istanbul,Kartal,albopictus,0,0,1,9.45524400524162e-7,0
TUR.40.25_1,2066,1,9.628571391105652,78.65371568648912,Istanbul,Kartal,0.24426811326641498,0.023361640660835237,31,Istanbul,Kartal,albopictus,0,0,1,0,0
TUR.40.25_1,2066,2,7.710962453309228,74.93580674592084,Istanbul,Kartal,0.18271994091014793,0.019386748828385203,28,Istanbul,Kartal,albopictus,0,0,1,0,0
TUR.40.25_1,2066,3,8.484157407985013,68.92774310597724,Istanbul,Kartal,0.2243039634479603,0.02147293727707522,31,Istanbul,Kartal,albopictus,0,0,1,0,0
TUR.40.25_1,2066,4,12.970756811254166,81.88858424536369,Istanbul,Kartal,0.2966007362957597,0.029224530349764688,30,Istanbul,Kartal,albopictus,0,0,1,0.0010389493116605938,0
TUR.40.25_1,2066,5,17.175833533791934,71.49430990751226,Istanbul,Kartal,0.41456940314737545,0.039325483279537665,31,Istanbul,Kartal,albopictus,0,0,1,0.03120292932685551,0
TUR.40.25_1,2066,6,22.51639960793888,70.44741086867896,Istanbul,Kartal,0.4662955758892489,0.04555910250205253,30,Istanbul,Kartal,albopictus,1.6104235690327489e-4,1.6104235690327489e-4,0.9998389576430967,0.15016710753847465,7.509051912057974e-5
TUR.40.25_1,2066,7,25.688509997199564,68.43580301076727,Istanbul,Kartal,0.5475868724247049,0.05161266407676268,31,Istanbul,Kartal,albopictus,0.08049271686384253,0.08049271686384253,0.9195072831361575,0.21357792109479473,0.04311949078613586
TUR.40.25_1,2066,8,24.883969643536737,77.98256903731493,Istanbul,Kartal,0.650224893950173,0.060986093272502484,31,Istanbul,Kartal,albopictus,0.15664343980733497,0.15664343980733497,0.843356560192665,0.2370529993300813,0.09683811233013939
TUR.40.25_1,2066,9,22.381933043984805,73.54686655095911,Istanbul,Kartal,0.5182606396541687,0.05050599629728747,30,Istanbul,Kartal,albopictus,2.691710428646457e-4,2.691710428646457e-4,0.9997308289571354,0.1532426900502731,1.3949102707322414e-4
TUR.40.25_1,2066,10,17.779426294214588,72.46510454423493,Istanbul,Kartal,0.510724231108279,0.048223390479314565,31,Istanbul,Kartal,albopictus,0,0,1,0.04131006532966361,0
TUR.40.25_1,2066,11,14.329791644040277,81.46243381245351,Istanbul,Kartal,0.29624538607801404,0.029190033209387733,30,Istanbul,Kartal,albopictus,0,0,1,0.005597631822651444,0
TUR.40.25_1,2066,12,7.908216252046474,83.28372111732077,Istanbul,Kartal,0.24366648142859118,0.023304776741181144,31,Istanbul,Kartal,albopictus,0,0,1,0,0
TUR.40.25_1,2067,1,9.07247245311737,79.20179613082506,Istanbul,Kartal,0.25334305016017833,0.024218967191566465,31,Istanbul,Kartal,albopictus,0,0,1,0,0
TUR.40.25_1,2067,2,7.003317990723779,81.96057938996381,Istanbul,Kartal,0.18950826833781853,0.02009970993147292,28,Istanbul,Kartal,albopictus,0,0,1,0,0
TUR.40.25_1,2067,3,9.7181537992814,76.91278186330146,Istanbul,Kartal,0.23263720140559394,0.0222617448666782,31,Istanbul,Kartal,albopictus,0,0,1,0,0
TUR.40.25_1,2067,4,11.25576619540944,76.61794673315666,Istanbul,Kartal,0.30761991079436524,0.030293655627589344,30,Istanbul,Kartal,albopictus,0,0,1,1.7327244552827174e-6,0
TUR.40.25_1,2067,5,16.506651710061465,77.94748831327398,Istanbul,Kartal,0.42997129544243845,0.04075630753753867,31,Istanbul,Kartal,albopictus,0,0,1,0.024645747682426184,0
TUR.40.25_1,2067,6,22.724260554594153,72.89379148391333,Istanbul,Kartal,0.48361917522626385,0.04721110632619807,30,Istanbul,Kartal,albopictus,8.831679397207286e-4,8.831679397207286e-4,0.9991168320602792,0.16148441037291447,4.2702574913433544e-4
TUR.40.25_1,2067,7,25.01740556604722,63.6709523943122,Istanbul,Kartal,0.567930568720781,0.053477959967167865,31,Istanbul,Kartal,albopictus,0.014951320158826465,0.014951320158826465,0.9850486798411735,0.1849601362788523,0.00845536239759559
TUR.40.25_1,2067,8,25.387507775250604,70.27030020796923,Istanbul,Kartal,0.6743817509400005,0.06317871884022563,31,Istanbul,Kartal,albopictus,0.0861791516477958,0.0861791516477958,0.9138208483522042,0.21547401385330583,0.05646106379082605
TUR.40.25_1,2067,9,23.13028128006879,66.79654230169153,Istanbul,Kartal,0.5375148212028401,0.052332410420253384,30,Istanbul,Kartal,albopictus,4.308798298205198e-4,4.308798298205198e-4,0.9995691201701795,0.15583689439159618,2.3157747648172577e-4
TUR.40.25_1,2067,10,18.755382257349353,75.86257311112946,Istanbul,Kartal,0.5296984234637437,0.04996945070747649,31,Istanbul,Kartal,albopictus,9.54325507507292e-15,9.54325507507292e-15,0.9999999999999905,0.06248306105376788,5.10702591327572e-15
TUR.40.25_1,2067,11,13.500159838620355,82.2966852162621,Istanbul,Kartal,0.30725135876833554,0.030257916245215122,30,Istanbul,Kartal,albopictus,0,0,1,0.002328172557481576,0
TUR.40.25_1,2067,12,9.60821892233456,77.55747142249655,Istanbul,Kartal,0.2527190667722954,0.024160042397513792,31,Istanbul,Kartal,albopictus,0,0,1,0,0
TUR.40.25_1,2068,1,5.797420382499695,75.37016923873522,Istanbul,Kartal,0.24309959046869956,0.023251193365652623,31,Istanbul,Kartal,albopictus,0,0,1,0,0
TUR.40.25_1,2068,2,7.7923919348155755,82.57196092072553,Istanbul,Kartal,0.18834034515545817,0.01929490760173902,29,Istanbul,Kartal,albopictus,0,0,1,0,0
TUR.40.25_1,2068,3,8.949978674159329,74.96434131154365,Istanbul,Kartal,0.22323094457782638,0.021371321226727025,31,Istanbul,Kartal,albopictus,0,0,1,0,0
TUR.40.25_1,2068,4,13.15812043582692,75.76749812475822,Istanbul,Kartal,0.29518186619623604,0.02908678014878996,30,Istanbul,Kartal,albopictus,0,0,1,0.0012913389296263158,0
TUR.40.25_1,2068,5,19.271996329812442,75.46977377469976,Istanbul,Kartal,0.41258619792122037,0.039141089967160037,31,Istanbul,Kartal,albopictus,8.533566075996646e-13,8.533566075996646e-13,0.9999999999991467,0.07379312899001063,3.5205172110863714e-13
TUR.40.25_1,2068,6,22.83646796731388,68.67886381057349,Istanbul,Kartal,0.46406492448078546,0.04534617626149462,30,Istanbul,Kartal,albopictus,2.950057425449131e-4,2.950057425449131e-4,0.9997049942574551,0.15357677087096702,1.3689244700931802e-4
TUR.40.25_1,2068,7,26.297417696784525,65.09034021169501,Istanbul,Kartal,0.5449673420422843,0.051372214622591006,31,Istanbul,Kartal,albopictus,0.06233180116957964,0.06233180116957964,0.9376681988304204,0.20704853979989596,0.03339833400251102
TUR.40.25_1,2068,8,25.028626778546503,69.76377326094774,Istanbul,Kartal,0.6471143667427426,0.060703389921417994,31,Istanbul,Kartal,albopictus,0.060899985747154876,0.060899985747154876,0.9391000142528452,0.2070920500878127,0.03864281229336519
TUR.40.25_1,2068,9,24.229858230142032,66.25255502752161,Istanbul,Kartal,0.5157813992633692,0.050270564725440114,30,Istanbul,Kartal,albopictus,0.008059689403157301,0.008059689403157301,0.9919403105968427,0.17864056104126874,0.004148409356533378
TUR.40.25_1,2068,10,15.366494851953844,75.88951250321931,Istanbul,Kartal,0.5082810431726321,0.04799832815153138,31,Istanbul,Kartal,albopictus,0,0,1,0.012086713339738184,0
TUR.40.25_1,2068,11,13.709045985165766,77.72677707417226,Istanbul,Kartal,0.294828215892675,0.0290524431661362,30,Istanbul,Kartal,albopictus,0,0,1,0.0027338311342312133,0
TUR.40.25_1,2068,12,11.027230038362392,79.80171122962545,Istanbul,Kartal,0.2425008367000143,0.023194595077934643,31,Istanbul,Kartal,albopictus,0,0,1,1.647882000259145e-7,0
TUR.40.25_1,2069,1,9.193631052970886,77.86673601119615,Istanbul,Kartal,0.2573076399872563,0.024593273274499117,31,Istanbul,Kartal,albopictus,0,0,1,0,0
TUR.40.25_1,2069,2,7.044779935303857,79.70424699250287,Istanbul,Kartal,0.19247390150724727,0.020411020270299396,28,Istanbul,Kartal,albopictus,0,0,1,0,0
TUR.40.25_1,2069,3,10.627118910060208,71.64056506642646,Istanbul,Kartal,0.23627776340841722,0.022606153555349895,31,Istanbul,Kartal,albopictus,0,0,1,9.40269311737184e-13,0
TUR.40.25_1,2069,4,12.94720677768483,77.57432185522697,Istanbul,Kartal,0.31243388444855025,0.030760357363493918,30,Istanbul,Kartal,albopictus,0,0,1,9.346235041506478e-4,0
TUR.40.25_1,2069,5,16.602612327126895,73.77938986356695,Istanbul,Kartal,0.4366999577158611,0.041380726169679694,31,Istanbul,Kartal,albopictus,0,0,1,0.024402201729294366,0
TUR.40.25_1,2069,6,24.195722804350012,64.83848218825904,Istanbul,Kartal,0.4911873783448007,0.04793192351488862,30,Istanbul,Kartal,albopictus,0.004758795652416922,0.004758795652416922,0.9952412043475831,0.17340574008620172,0.0023347306274158486
TUR.40.25_1,2069,7,26.021212633918314,66.5714650896247,Istanbul,Kartal,0.5768181689680085,0.05429170443950826,31,Istanbul,Kartal,albopictus,0.07160842617630485,0.07160842617630485,0.9283915738236952,0.210373673326173,0.04046361289709799
TUR.40.25_1,2069,8,25.21918235105627,75.50851660811571,Istanbul,Kartal,0.6849352160050706,0.06413500887737911,31,Istanbul,Kartal,albopictus,0.14703096463322388,0.14703096463322388,0.8529690353667762,0.2340980992154656,0.0958017915790732
TUR.40.25_1,2069,9,23.492196868447696,70.03814615300989,Istanbul,Kartal,0.5459264424835386,0.05312921733772391,30,Istanbul,Kartal,albopictus,0.004332407252349339,0.004332407252349339,0.9956675927476507,0.17314439360691508,0.0023623808545204517
TUR.40.25_1,2069,10,16.903293329126697,75.9585051179654,Istanbul,Kartal,0.5379877251823258,0.050731250583119225,31,Istanbul,Kartal,albopictus,0,0,1,0.029106269365024626,0
TUR.40.25_1,2069,11,13.396193125668695,78.78688144428945,Istanbul,Kartal,0.3120595649163181,0.030724076151494528,30,Istanbul,Kartal,albopictus,0,0,1,0.001882757554541187,0
TUR.40.25_1,2069,12,11.373419537263759,79.48010173255514,Istanbul,Kartal,0.2566738918231527,0.024533449289454667,31,Istanbul,Kartal,albopictus,0,0,1,4.895336687962924e-6,0
TUR.40.25_1,2070,1,8.501780390739441,80.02073533980943,Istanbul,Kartal,0.24050678171414067,0.02300607975824187,31,Istanbul,Kartal,albopictus,0,0,1,0,0
TUR.40.25_1,2070,2,5.3485843328868645,77.82453965607709,Istanbul,Kartal,0.17990635108139505,0.019091092466627435,28,Istanbul,Kartal,albopictus,0,0,1,0,0
TUR.40.25_1,2070,3,10.45418437789468,77.62146869191474,Istanbul,Kartal,0.22085004732384947,0.021145809989644326,31,Istanbul,Kartal,albopictus,0,0,1,8.940017680817238e-30,0
TUR.40.25_1,2070,4,13.613359731786392,70.93182765356681,Istanbul,Kartal,0.2920335674871143,0.028781059542652976,30,Istanbul,Kartal,albopictus,0,0,1,0.002199020840377566,0
TUR.40.25_1,2070,5,16.03966791489545,81.24987936552007,Istanbul,Kartal,0.4081857087886892,0.038731817422585135,31,Istanbul,Kartal,albopictus,0,0,1,0.01969904118065629,0
TUR.40.25_1,2070,6,22.653427348417395,71.70097379592505,Istanbul,Kartal,0.4591153826220039,0.044873549400697765,30,Istanbul,Kartal,albopictus,4.283670641912124e-4,4.283670641912124e-4,0.9995716329358088,0.15649151724584567,1.9665057032014488e-4
TUR.40.25_1,2070,7,25.144036349128275,69.5779233720954,Istanbul,Kartal,0.53915492544104,0.0508384690498308,31,Istanbul,Kartal,albopictus,0.06571996736341634,0.06571996736341634,0.9342800326365837,0.2087975330372075,0.03481283598643292
TUR.40.25_1,2070,8,28.092524865094354,64.68953543746142,Istanbul,Kartal,0.6402124884135504,0.06007580187836836,31,Istanbul,Kartal,albopictus,0.08272307835573722,0.08272307835573722,0.9172769216442628,0.21333940778405688,0.05158238145931271
TUR.40.25_1,2070,9,21.973857711343204,66.11589731267786,Istanbul,Kartal,0.5102802689452542,0.04974796245442015,30,Istanbul,Kartal,albopictus,2.1287471025916436e-6,2.1287471025916436e-6,0.9999978712528974,0.12626991918973943,1.0862570540837169e-6
TUR.40.25_1,2070,10,19.307624536402088,75.26052232987946,Istanbul,Kartal,0.5028599088302278,0.04749875237999257,31,Istanbul,Kartal,albopictus,1.1779037190073893e-12,1.1779037190073893e-12,0.999999999998822,0.07436455522837489,5.92303983637521e-13
TUR.40.25_1,2070,11,12.524934390011957,70.26537418110586,Istanbul,Kartal,0.2916836890846139,0.02874707809505117,30,Istanbul,Kartal,albopictus,0,0,1,3.5720073837609904e-4,0
TUR.40.25_1,2070,12,7.040949597078212,77.91599955970358,Istanbul,Kartal,0.23991441402784364,0.022950071092103452,31,Istanbul,Kartal,albopictus,0,0,1,0,0
TUR.40.25_1,2071,1,6.307525992393494,76.73686082809068,Istanbul,Kartal,0.255225410702992,0.024396703103950812,31,Istanbul,Kartal,albopictus,0,0,1,0,0
TUR.40.25_1,2071,2,8.294267812195947,74.63199662629194,Istanbul,Kartal,0.19091633098895702,0.02024753031656079,28,Istanbul,Kartal,albopictus,0,0,1,0,0
TUR.40.25_1,2071,3,11.726480329737942,69.97419848927802,Istanbul,Kartal,0.23436571572023415,0.02242528292091317,31,Istanbul,Kartal,albopictus,0,0,1,2.7645072343301143e-5,0
TUR.40.25_1,2071,4,14.804474157445572,70.44076930395744,Istanbul,Kartal,0.3099055530564958,0.030515270480266365,30,Istanbul,Kartal,albopictus,0,0,1,0.0072495695010365655,0
TUR.40.25_1,2071,5,18.134024451760684,67.28527975614507,Istanbul,Kartal,0.43316601896286494,0.041052827993469654,31,Istanbul,Kartal,albopictus,0,0,1,0.044356251854372114,0
TUR.40.25_1,2071,6,22.038137660307044,68.1107027998313,Istanbul,Kartal,0.48721250708446334,0.047553413489930696,30,Istanbul,Kartal,albopictus,6.732504397843009e-6,6.732504397843009e-6,0.9999932674956021,0.13219382913544356,3.280154966867066e-6
TUR.40.25_1,2071,7,25.279873904059915,64.41857202321845,Istanbul,Kartal,0.5721503414476894,0.05386440762592348,31,Istanbul,Kartal,albopictus,0.02591910303474572,0.02591910303474572,0.9740808969652542,0.19197174137394907,0.014720206322877849
TUR.40.25_1,2071,8,27.580167153302362,64.85862952315478,Istanbul,Kartal,0.6793924650604803,0.06363288068141981,31,Istanbul,Kartal,albopictus,0.08300772929542256,0.08300772929542256,0.9169922707045775,0.21378898759967643,0.05483411368995117
TUR.40.25_1,2071,9,23.341312240151797,71.01451028875208,Istanbul,Kartal,0.5415086023228276,0.05271081254518939,30,Istanbul,Kartal,albopictus,0.0037645596134178944,0.0037645596134178944,0.9962354403865821,0.1722248531039757,0.0020364650002652196
TUR.40.25_1,2071,10,19.588838296778064,72.097444021774,Istanbul,Kartal,0.5336341280796326,0.050331224351585546,31,Istanbul,Kartal,albopictus,3.7451331480475856e-12,3.7451331480475856e-12,0.9999999999962549,0.07759336117139458,1.9985124666277443e-12
TUR.40.25_1,2071,11,12.598861315671137,78.22545718891836,Istanbul,Kartal,0.30953426265737344,0.030479273774792204,30,Istanbul,Kartal,albopictus,0,0,1,4.818162637619181e-4,0
TUR.40.25_1,2071,12,10.187837376314052,77.7658835929067,Istanbul,Kartal,0.25459679106513894,0.024337351293062026,31,Istanbul,Kartal,albopictus,0,0,1,0,0
TUR.40.25_1,2072,1,8.46046245098114,80.47842271773912,Istanbul,Kartal,0.2575987367661475,0.02462075073484815,31,Istanbul,Kartal,albopictus,0,0,1,0,0
TUR.40.25_1,2072,2,9.457031407777002,77.83882951203412,Istanbul,Kartal,0.199573495375316,0.020433874080486247,29,Istanbul,Kartal,albopictus,0,0,1,0,0
TUR.40.25_1,2072,3,9.822485769496243,70.19439807423896,Istanbul,Kartal,0.23654506870823347,0.02263143670141321,31,Istanbul,Kartal,albopictus,0,0,1,0,0
TUR.40.25_1,2072,4,11.617658895604752,78.33102809301994,Istanbul,Kartal,0.31278734654312285,0.030794615705461936,30,Istanbul,Kartal,albopictus,0,0,1,2.0725891592204142e-5,0
TUR.40.25_1,2072,5,19.213616202859317,67.7604079299732,Istanbul,Kartal,0.43719400426278554,0.04142655757811864,31,Istanbul,Kartal,albopictus,3.17446069431071e-14,3.17446069431071e-14,0.9999999999999682,0.06506792227813202,1.3877787807814457e-14
TUR.40.25_1,2072,6,23.87528060464298,61.043152140651614,Istanbul,Kartal,0.49174306749447083,0.04798482743495336,30,Istanbul,Kartal,albopictus,5.390589049830757e-4,5.390589049830757e-4,0.9994609410950169,0.15664769679703036,2.650433493005533e-4
TUR.40.25_1,2072,7,24.658894594977884,65.0937696245368,Istanbul,Kartal,0.5774707337772027,0.054351425387961005,31,Istanbul,Kartal,albopictus,0.012657615081349957,0.012657615081349957,0.98734238491865,0.1832751698606172,0.007282753556382082
TUR.40.25_1,2072,8,25.77928290647619,67.54523306929735,Istanbul,Kartal,0.6857100955816665,0.06420518521402052,31,Istanbul,Kartal,albopictus,0.07152812915367757,0.07152812915367757,0.9284718708463224,0.21061111537356594,0.04786415522455001
TUR.40.25_1,2072,9,23.76710302689496,65.45465387395716,Istanbul,Kartal,0.5465440589248007,0.05318769582815375,30,Istanbul,Kartal,albopictus,0.002120818931396576,0.002120818931396576,0.9978791810686034,0.16723418252466035,0.0011584494657619349
TUR.40.25_1,2072,10,18.63368959987865,74.04447313554353,Istanbul,Kartal,0.5385963604093689,0.05078716103984071,31,Istanbul,Kartal,albopictus,1.4448442442471786e-15,1.4448442442471786e-15,0.9999999999999986,0.058316004494714795,7.771561172376096e-16
TUR.40.25_1,2072,11,14.162154772702387,72.95721530659414,Istanbul,Kartal,0.3124126035364454,0.030758294730934832,30,Istanbul,Kartal,albopictus,0,0,1,0.004186241119091474,0
TUR.40.25_1,2072,12,5.34306885214413,79.18232646400045,Istanbul,Kartal,0.25696427163130325,0.024560860754935243,31,Istanbul,Kartal,albopictus,0,0,1,0,0
TUR.40.25_1,2073,1,7.903380274772644,79.9999986454735,Istanbul,Kartal,0.24338854952366948,0.023278506572029123,31,Istanbul,Kartal,albopictus,0,0,1,0,0
TUR.40.25_1,2073,2,8.443867841187647,81.74617814484662,Istanbul,Kartal,0.18206200061269334,0.019317619430306077,28,Istanbul,Kartal,albopictus,0,0,1,0,0
TUR.40.25_1,2073,3,8.38048347304849,74.3725825835163,Istanbul,Kartal,0.22349628687092069,0.02139645041160909,31,Istanbul,Kartal,albopictus,0,0,1,0,0
TUR.40.25_1,2073,4,11.692389768712662,73.68782435766838,Istanbul,Kartal,0.29553273257546714,0.029120845631764536,30,Istanbul,Kartal,albopictus,0,0,1,2.6592292506420126e-5,0
TUR.40.25_1,2073,5,17.89464838364545,70.40513754423101,Istanbul,Kartal,0.41307661634444803,0.03918669110229189,31,Istanbul,Kartal,albopictus,0,0,1,0.04218465549292746,0
TUR.40.25_1,2073,6,23.450247035307044,68.09124021438208,Istanbul,Kartal,0.4646165328227169,0.045398834310433456,30,Istanbul,Kartal,albopictus,0.0019779518027955544,0.0019779518027955544,0.9980220481972044,0.16679733924503973,9.185669675386698e-4
TUR.40.25_1,2073,7,25.883008059333353,66.54624231130438,Istanbul,Kartal,0.5456151146191216,0.051431680023052095,31,Istanbul,Kartal,albopictus,0.06412183697129106,0.06412183697129106,0.935878163028709,0.20799452772562643,0.034380913983732664
TUR.40.25_1,2073,8,25.70685324949377,70.10183936202196,Istanbul,Kartal,0.6478835558454923,0.0607733063562802,31,Istanbul,Kartal,albopictus,0.1049315400626458,0.1049315400626458,0.8950684599373542,0.22136473006730895,0.06572403559811324
TUR.40.25_1,2073,9,22.94717008927289,64.21179880193567,Istanbul,Kartal,0.5163944801221846,0.05032878903439353,30,Istanbul,Kartal,albopictus,7.871314079338188e-5,7.871314079338188e-5,0.9999212868592067,0.1452590242946582,4.0646205339389674e-5
TUR.40.25_1,2073,10,15.631812768823961,77.03633257157868,Istanbul,Kartal,0.5088852087724636,0.04805398781415615,31,Istanbul,Kartal,albopictus,0,0,1,0.014451132008248805,0
TUR.40.25_1,2073,11,12.098606684628656,78.70877933247304,Istanbul,Kartal,0.29517866190732506,0.02908646904009371,30,Istanbul,Kartal,albopictus,0,0,1,1.4028781456740534e-4,0
TUR.40.25_1,2073,12,8.41199089499081,78.73410716468405,Istanbul,Kartal,0.24278908404945307,0.0232218425916626,31,Istanbul,Kartal,albopictus,0,0,1,0,0
TUR.40.25_1,2074,1,6.288762927055359,79.3486085697899,Istanbul,Kartal,0.25258306209042275,0.02414719855786196,31,Istanbul,Kartal,albopictus,0,0,1,0,0
TUR.40.25_1,2074,2,9.345359960023096,78.34252213898725,Istanbul,Kartal,0.18893977426243053,0.020040022309126493,28,Istanbul,Kartal,albopictus,0,0,1,0,0
TUR.40.25_1,2074,3,8.234028661952298,75.13399615773506,Istanbul,Kartal,0.23193932752455476,0.022195709928047203,31,Istanbul,Kartal,albopictus,0,0,1,0,0
TUR.40.25_1,2074,4,13.826342863195084,73.37150966040275,Istanbul,Kartal,0.30669710094394625,0.03020416604189924,30,Istanbul,Kartal,albopictus,0,0,1,0.002971126360665882,0
TUR.40.25_1,2074,5,18.573496650247012,79.30776358182867,Istanbul,Kartal,0.4286814512779073,0.04063656378564817,31,Istanbul,Kartal,albopictus,5.371925126951283e-15,5.371925126951283e-15,0.9999999999999947,0.06131880958226839,2.3314683517128287e-15
TUR.40.25_1,2074,6,23.982662425321692,67.29290800002661,Istanbul,Kartal,0.4821683961216284,0.047072867676946295,30,Istanbul,Kartal,albopictus,0.006282801176196142,0.006282801176196142,0.9937171988238038,0.1763705350507606,0.0030247842604819164
TUR.40.25_1,2074,7,27.80033021814683,62.17386682302314,Istanbul,Kartal,0.5662268691071368,0.053321890078939393,31,Istanbul,Kartal,albopictus,0.052400350384563456,0.052400350384563456,0.9475996496154365,0.2028102012559934,0.029234638699405235
TUR.40.25_1,2074,8,25.640033104840448,73.83786994063524,Istanbul,Kartal,0.6723587150412409,0.06299529219998756,31,Istanbul,Kartal,albopictus,0.15262721753606384,0.15262721753606384,0.8473727824639361,0.23574943001593712,0.0975303695957217
TUR.40.25_1,2074,9,23.100646804360782,70.10732187322473,Istanbul,Kartal,0.5359023638996985,0.05217959074724776,30,Istanbul,Kartal,albopictus,0.0013252590244892306,0.0013252590244892306,0.9986747409755108,0.1639988630949738,7.099573049700325e-4
TUR.40.25_1,2074,10,19.454704004175525,76.6261076570279,Istanbul,Kartal,0.528109414086355,0.04982334843061187,31,Istanbul,Kartal,albopictus,6.679172992463123e-12,6.679172992463123e-12,0.9999999999933208,0.0793827869904164,3.527289571536585e-12
TUR.40.25_1,2074,11,14.433196642819574,75.61591434223867,Istanbul,Kartal,0.3063296545142323,0.030168530585523268,30,Istanbul,Kartal,albopictus,0,0,1,0.0056719705204579815,0
TUR.40.25_1,2074,12,10.087771191316493,73.60688701087545,Istanbul,Kartal,0.2519609505515217,0.024088446213044068,31,Istanbul,Kartal,albopictus,0,0,1,0,0
TUR.40.25_1,2075,1,7.9254902601242065,80.32070024459459,Istanbul,Kartal,0.24463706134221982,0.023396510571558116,31,Istanbul,Kartal,albopictus,0,0,1,0,0
TUR.40.25_1,2075,2,7.643505254212548,79.54627274933881,Istanbul,Kartal,0.18299592523617594,0.01941574488759623,28,Istanbul,Kartal,albopictus,0,0,1,0,0
TUR.40.25_1,2075,3,11.069866979823392,72.63011279591865,Istanbul,Kartal,0.2246427572209292,0.021505019222970767,31,Istanbul,Kartal,albopictus,0,0,1,2.200244383512068e-7,0
TUR.40.25_1,2075,4,14.40090207492604,68.71853267065666,Istanbul,Kartal,0.2970487287474772,0.02926801938389101,30,Istanbul,Kartal,albopictus,0,0,1,0.004959599419459264,0
TUR.40.25_1,2075,5,17.087984870461856,68.92460775907476,Istanbul,Kartal,0.41519557813818136,0.03938369606638881,31,Istanbul,Kartal,albopictus,0,0,1,0.0289333422297518,0
TUR.40.25_1,2075,6,22.363455043119544,68.5752032270774,Istanbul,Kartal,0.4669998792597547,0.04562632172899406,30,Istanbul,Kartal,albopictus,3.9752652460978036e-5,3.9752652460978036e-5,0.9999602473475391,0.1418297829144584,1.856431158053784e-5
TUR.40.25_1,2075,7,24.581345614264993,69.07234246999579,Istanbul,Kartal,0.5484139600057055,0.05168857065706001,31,Istanbul,Kartal,albopictus,0.03199940706257314,0.03199940706257314,0.9680005929374269,0.19569944522604446,0.017395836024632905
TUR.40.25_1,2075,8,24.913737633649042,72.48700171553759,Istanbul,Kartal,0.6512070083172729,0.06107533603618398,31,Istanbul,Kartal,albopictus,0.08501020698410147,0.08501020698410147,0.9149897930158986,0.21535181132801143,0.053854808733154846
TUR.40.25_1,2075,9,22.431033919839297,71.56706155828333,Istanbul,Kartal,0.5190434322307718,0.050580319074046476,30,Istanbul,Kartal,albopictus,1.5975042984886446e-4,1.5975042984886446e-4,0.9998402495701512,0.14980868110360646,8.291397385551402e-5
TUR.40.25_1,2075,10,17.24148340786205,72.29438921220368,Istanbul,Kartal,0.511495640523182,0.04829444035346209,31,Istanbul,Kartal,albopictus,0,0,1,0.032650888074163456,0
TUR.40.25_1,2075,11,12.258991816464594,79.12310886128164,Istanbul,Kartal,0.2966928418007359,0.0292334716850724,30,Istanbul,Kartal,albopictus,0,0,1,2.2241424352320967e-4,0
TUR.40.25_1,2075,12,8.916844143587001,77.8462287467153,Istanbul,Kartal,0.2440345207860785,0.02333956279418825,31,Istanbul,Kartal,albopictus,0,0,1,0,0
TUR.59.4_1,2025,1,6.417662176139214,77.05788846229612,Mugla,Fethiye,0.06320792421232822,0.0060982257709665255,31,Mugla,Fethiye,albopictus,0,0,1,0,0
TUR.59.4_1,2025,2,5.300040262586931,68.47041050694055,Mugla,Fethiye,0.0472814401466033,0.005053058715036474,28,Mugla,Fethiye,albopictus,0,0,1,0,0
TUR.59.4_1,2025,3,6.994823834475349,58.27931918354798,Mugla,Fethiye,0.058041910311397375,0.005601213442467334,31,Mugla,Fethiye,albopictus,0,0,1,0,0
TUR.59.4_1,2025,4,10.657383764491362,64.13983739791068,Mugla,Fethiye,0.0767497509617878,0.0076455976798393,30,Mugla,Fethiye,albopictus,0,0,1,2.0033460561018602e-12,0
TUR.59.4_1,2025,5,16.234515330370733,59.7750282703888,Mugla,Fethiye,0.10727585792710304,0.010327832504898882,31,Mugla,Fethiye,albopictus,0,0,1,0.01656474728604311,0
TUR.59.4_1,2025,6,21.487884605632107,47.428368130794134,Mugla,Fethiye,0.12066075685124628,0.011993572496537874,30,Mugla,Fethiye,albopictus,8.457471500911141e-11,8.457471500911141e-11,0.9999999999154253,0.08537364559585191,1.0204836975447051e-11
TUR.59.4_1,2025,7,25.958779839908377,40.96706828441224,Mugla,Fethiye,0.1416960612216161,0.013618933689051205,31,Mugla,Fethiye,albopictus,3.896789922817778e-6,3.896789922817778e-6,0.9999961032100771,0.12490219612182456,5.521596310176236e-7
TUR.59.4_1,2025,8,25.377353556015912,42.28030934382277,Mugla,Fethiye,0.16825514091127397,0.016150908090942773,31,Mugla,Fethiye,albopictus,4.018457450460644e-6,4.018457450460644e-6,0.9999959815425495,0.12531000958333904,6.761258960485961e-7
TUR.59.4_1,2025,9,21.183403127333698,43.32588875491181,Mugla,Fethiye,0.1341074722993631,0.013321223798181014,30,Mugla,Fethiye,albopictus,2.7694022075586132e-12,2.7694022075586132e-12,0.9999999999972305,0.0749345581527843,3.7136960173711486e-13
TUR.59.4_1,2025,10,18.190073574290558,45.872029949045135,Mugla,Fethiye,0.13215731706284153,0.012707980723908663,31,Mugla,Fethiye,albopictus,0,0,1,0.03358600533822979,0
TUR.59.4_1,2025,11,10.09295647284564,66.42916255672243,Mugla,Fethiye,0.07665779892870517,0.00763647273740331,30,Mugla,Fethiye,albopictus,0,0,1,0,0
TUR.59.4_1,2025,12,7.740716204923742,74.32426846659918,Mugla,Fethiye,0.06305224323088378,0.006083251632005626,31,Mugla,Fethiye,albopictus,0,0,1,0,0
TUR.59.4_1,2026,1,2.8997087802957084,72.41125912880003,Mugla,Fethiye,0.07193484005680319,0.006937261467330091,31,Mugla,Fethiye,albopictus,0,0,1,0,0
TUR.59.4_1,2026,2,4.302268045790056,74.9658328702218,Mugla,Fethiye,0.053809437297386326,0.0057487094218527934,28,Mugla,Fethiye,albopictus,0,0,1,0,0
TUR.59.4_1,2026,3,8.54355849939234,63.77552737446595,Mugla,Fethiye,0.06605557114668446,0.006372086228409679,31,Mugla,Fethiye,albopictus,0,0,1,0,0
TUR.59.4_1,2026,4,15.596580351100249,49.54158986983451,Mugla,Fethiye,0.08734634349467939,0.008696598255212185,30,Mugla,Fethiye,albopictus,0,0,1,0.009692500943822702,0
TUR.59.4_1,2026,5,18.480006358202765,43.922531169558724,Mugla,Fethiye,0.12208709237183561,0.011745358279264928,31,Mugla,Fethiye,albopictus,0,0,1,0.03617020101228836,0
TUR.59.4_1,2026,6,22.286838615641873,37.911591092219915,Mugla,Fethiye,0.1373200014616887,0.013638146323552314,30,Mugla,Fethiye,albopictus,6.678585928732162e-11,6.678585928732162e-11,0.9999999999332141,0.0837600081229651,9.170997294916106e-12
TUR.59.4_1,2026,7,27.534585503970877,35.40584239329896,Mugla,Fethiye,0.16125958299810617,0.015484627103110715,31,Mugla,Fethiye,albopictus,3.13487465584239e-7,3.13487465584239e-7,0.9999996865125345,0.1103172071489277,5.0552856678542923e-8
TUR.59.4_1,2026,8,27.121551401474896,37.074731493480975,Mugla,Fethiye,0.19148558983727393,0.018360222747052957,31,Mugla,Fethiye,albopictus,8.52943661600547e-7,8.52943661600547e-7,0.9999991470563384,0.11567973478870358,1.63326406843467e-7
TUR.59.4_1,2026,9,22.613407247206744,50.90537178713837,Mugla,Fethiye,0.1526232618851811,0.015146447165027332,30,Mugla,Fethiye,albopictus,8.559851729722512e-8,8.559851729722512e-8,0.9999999144014827,0.11046432413888059,1.3064324844158648e-8
TUR.59.4_1,2026,10,17.39845522712259,55.6581665762424,Mugla,Fethiye,0.1504038549552229,0.014449796740799159,31,Mugla,Fethiye,albopictus,0,0,1,0.027852180785127245,0
TUR.59.4_1,2026,11,10.190421987982358,66.23319392879274,Mugla,Fethiye,0.08724169593861542,0.008686224453101632,30,Mugla,Fethiye,albopictus,0,0,1,0,0
TUR.59.4_1,2026,12,6.471782908720129,75.98585904277105,Mugla,Fethiye,0.0717576647003958,0.006920234265423986,31,Mugla,Fethiye,albopictus,0,0,1,0,0
TUR.59.4_1,2027,1,6.255280050284722,71.1998028299719,Mugla,Fethiye,0.06848079226888,0.00660526216145052,31,Mugla,Fethiye,albopictus,0,0,1,0,0
TUR.59.4_1,2027,2,7.112601297743181,75.08722416660852,Mugla,Fethiye,0.05122570502357207,0.005473434270068411,28,Mugla,Fethiye,albopictus,0,0,1,0,0
TUR.59.4_1,2027,3,10.56432094293482,59.05619754048158,Mugla,Fethiye,0.06288382433778014,0.00606705204593283,31,Mugla,Fethiye,albopictus,0,0,1,3.7677655485945384e-16,0
TUR.59.4_1,2027,4,11.157049024806303,65.97464574752006,Mugla,Fethiye,0.08315229170707909,0.008280753277124964,30,Mugla,Fethiye,albopictus,0,0,1,4.4417263171907475e-7,0
TUR.59.4_1,2027,5,16.187619349535773,62.69681171765443,Mugla,Fethiye,0.1162249169501912,0.011184555149061914,31,Mugla,Fethiye,albopictus,0,0,1,0.016695893273705065,0
TUR.59.4_1,2027,6,21.943180168376248,45.77225927459296,Mugla,Fethiye,0.13072639748742787,0.012987563919140244,30,Mugla,Fethiye,albopictus,4.4577905722320564e-10,4.4577905722320564e-10,0.9999999995542209,0.09035622024285145,5.827505145106215e-11
TUR.59.4_1,2027,7,25.373445062076346,44.05104884471498,Mugla,Fethiye,0.15351648792072514,0.0147466219738277,31,Mugla,Fethiye,albopictus,8.844400400889851e-6,8.844400400889851e-6,0.9999911555995991,0.1296419760912242,1.357760365583438e-6
TUR.59.4_1,2027,8,26.711963541367474,40.92135396052199,Mugla,Fethiye,0.18229115251768957,0.017486386422219558,31,Mugla,Fethiye,albopictus,7.189848255038212e-6,7.189848255038212e-6,0.999992810151745,0.1270792850371664,1.310644865970545e-6
TUR.59.4_1,2027,9,21.83529483570772,55.48732292849579,Mugla,Fethiye,0.14529485134469955,0.014424441523910314,30,Mugla,Fethiye,albopictus,1.4090464538429881e-8,1.4090464538429881e-8,0.9999999859095354,0.1038770194848835,2.0472719075570467e-9
TUR.59.4_1,2027,10,16.65587195228128,53.68662421784396,Mugla,Fethiye,0.14318201221402843,0.013760766773891486,31,Mugla,Fethiye,albopictus,0,0,1,0.01896492923046649,0
TUR.59.4_1,2027,11,10.150300909491147,72.06481319148806,Mugla,Fethiye,0.08305266894371988,0.008270873446728721,30,Mugla,Fethiye,albopictus,0,0,1,0,0
TUR.59.4_1,2027,12,6.829115615171545,77.06677640116949,Mugla,Fethiye,0.06831212422474842,0.00658904713097086,31,Mugla,Fethiye,albopictus,0,0,1,0,0
TUR.59.4_1,2028,1,4.59037164116607,73.47684903358518,Mugla,Fethiye,0.06504853051396203,0.006275246959759118,31,Mugla,Fethiye,albopictus,0,0,1,0,0
TUR.59.4_1,2028,2,7.685531156904558,75.59496037266321,Mugla,Fethiye,0.050396064696095734,0.005199819891599788,29,Mugla,Fethiye,albopictus,0,0,1,0,0
TUR.59.4_1,2028,3,8.019368073519537,74.52022494526673,Mugla,Fethiye,0.05973208297897545,0.005763849075191452,31,Mugla,Fethiye,albopictus,0,0,1,0,0
TUR.59.4_1,2028,4,9.957483137355132,72.48682226119193,Mugla,Fethiye,0.07898469344771016,0.007867358399277324,30,Mugla,Fethiye,albopictus,0,0,1,0,0
TUR.59.4_1,2028,5,16.85551466661341,58.456501048709114,Mugla,Fethiye,0.11039971656625905,0.010626973990927602,31,Mugla,Fethiye,albopictus,0,0,1,0.022492271585339924,0
TUR.59.4_1,2028,6,20.495103920207303,59.068607846370305,Mugla,Fethiye,0.12417438195740017,0.012340659935081932,30,Mugla,Fethiye,albopictus,2.1028053687199844e-11,2.1028053687199844e-11,0.9999999999789719,0.0818921720428345,2.6111335316159057e-12
TUR.59.4_1,2028,7,25.057899026309745,46.22402629222474,Mugla,Fethiye,0.1458222315784387,0.014012723738070165,31,Mugla,Fethiye,albopictus,1.6089071043023208e-5,1.6089071043023208e-5,0.999983910928957,0.13337516569704086,2.346141491305076e-6
TUR.59.4_1,2028,8,25.530485041001263,44.11815037775832,Mugla,Fethiye,0.1731547081174879,0.016617291199194417,31,Mugla,Fethiye,albopictus,1.1640256022553364e-5,1.1640256022553364e-5,0.9999883597439775,0.13116633679663123,2.015563102752971e-6
TUR.59.4_1,2028,9,21.07515537037569,48.437926413603215,Mugla,Fethiye,0.13801266396142764,0.013706465544138347,30,Mugla,Fethiye,albopictus,1.252981485233562e-11,1.252981485233562e-11,0.9999999999874701,0.07938957451687854,1.7292833831561438e-12
TUR.59.4_1,2028,10,17.175505245433136,51.90083472809787,Mugla,Fethiye,0.13600572046517065,0.013075605614656372,31,Mugla,Fethiye,albopictus,0,0,1,0.024113008242163256,0
TUR.59.4_1,2028,11,10.42558472296771,65.35962825496462,Mugla,Fethiye,0.07889006378371892,0.007857969837004597,30,Mugla,Fethiye,albopictus,0,0,1,2.3348083564393185e-48,0
TUR.59.4_1,2028,12,4.972931132597082,71.95366299784918,Mugla,Fethiye,0.06488831612315381,0.006259839517160692,31,Mugla,Fethiye,albopictus,0,0,1,0,0
TUR.59.4_1,2029,1,2.6733973350595024,68.04183621620237,Mugla,Fethiye,0.06141373662736199,0.005925638572925718,31,Mugla,Fethiye,albopictus,0,0,1,0,0
TUR.59.4_1,2029,2,4.728497522718767,67.83862034580774,Mugla,Fethiye,0.04593933353627717,0.00490997790653247,28,Mugla,Fethiye,albopictus,0,0,1,0,0
TUR.59.4_1,2029,3,7.293135067995856,69.89474429341126,Mugla,Fethiye,0.056394362536554915,0.0054426537532454855,31,Mugla,Fethiye,albopictus,0,0,1,0,0
TUR.59.4_1,2029,4,10.806597555384917,65.56421483931693,Mugla,Fethiye,0.0745711720566759,0.0074293818918077514,30,Mugla,Fethiye,albopictus,0,0,1,1.1010360977901985e-9,0
TUR.59.4_1,2029,5,15.983557841357062,69.0475120960724,Mugla,Fethiye,0.10423078067044683,0.010036148089954233,31,Mugla,Fethiye,albopictus,0,0,1,0.016152799164958122,0
TUR.59.4_1,2029,6,21.874994362101834,57.586552182307805,Mugla,Fethiye,0.1172357427468769,0.011655120944838893,30,Mugla,Fethiye,albopictus,4.459412129675933e-8,4.459412129675933e-8,0.9999999554058787,0.10850797463826012,5.228024901882122e-9
TUR.59.4_1,2029,7,25.59605553570916,39.865086167713024,Mugla,Fethiye,0.13767394980045267,0.01323492335661558,31,Mugla,Fethiye,albopictus,1.5804804939026362e-6,1.5804804939026362e-6,0.9999984195195061,0.12066677408317683,2.175909684654087e-7
TUR.59.4_1,2029,8,25.725791818955365,49.409299517162616,Mugla,Fethiye,0.16347913713181633,0.015696073925534515,31,Mugla,Fethiye,albopictus,1.850871430806243e-4,1.850871430806243e-4,0.9998149128569194,0.14685525013523906,3.0257428679791865e-5
TUR.59.4_1,2029,9,20.289888494154987,64.2427588720993,Mugla,Fethiye,0.1303007666552662,0.012945552732631538,30,Mugla,Fethiye,albopictus,4.0198462669671644e-11,4.0198462669671644e-11,0.9999999999598015,0.08413333273371905,5.237921207879026e-12
TUR.59.4_1,2029,10,15.03213747809915,63.00077216706271,Mugla,Fethiye,0.12840596752096956,0.012349495256908649,31,Mugla,Fethiye,albopictus,0,0,1,0.007838140221724464,0
TUR.59.4_1,2029,11,10.895360876532163,72.9936309405115,Mugla,Fethiye,0.07448183012664958,0.0074205140347233245,30,Mugla,Fethiye,albopictus,0,0,1,1.4027312022155183e-8,0
TUR.59.4_1,2029,12,5.674996600431554,71.5629693332984,Mugla,Fethiye,0.06126247472608201,0.005911086958879985,31,Mugla,Fethiye,albopictus,0,0,1,0,0
TUR.59.4_1,2030,1,7.195159467704156,77.26526303505003,Mugla,Fethiye,0.07255314989893016,0.006996681024915796,31,Mugla,Fethiye,albopictus,0,0,1,0,0
TUR.59.4_1,2030,2,6.82963468397365,66.56789128086633,Mugla,Fethiye,0.05427195177095735,0.005797978445246987,28,Mugla,Fethiye,albopictus,0,0,1,0,0
TUR.59.4_1,2030,3,9.07008733468897,70.61622561665345,Mugla,Fethiye,0.06662334622945468,0.006426680583782374,31,Mugla,Fethiye,albopictus,0,0,1,0,0
TUR.59.4_1,2030,4,12.007130468592925,63.278959407188026,Mugla,Fethiye,0.0880971216129586,0.008771020351713732,30,Mugla,Fethiye,albopictus,0,0,1,7.117367787648932e-5,0
TUR.59.4_1,2030,5,20.079735896166632,47.90231327405091,Mugla,Fethiye,0.12313648166290182,0.011845714199983925,31,Mugla,Fethiye,albopictus,1.487410195011307e-14,1.487410195011307e-14,0.9999999999999851,0.062243068353812735,1.7763568394002505e-15
TUR.59.4_1,2030,6,24.8749924547532,30.31835226165351,Mugla,Fethiye,0.13850032393627276,0.013754561959414269,30,Mugla,Fethiye,albopictus,5.165134273454886e-9,5.165134273454886e-9,0.9999999948348657,0.09594294123698974,7.153727610287319e-10
TUR.59.4_1,2030,7,26.819861916934745,39.53799495067201,Mugla,Fethiye,0.16264567612386116,0.015616679213136364,31,Mugla,Fethiye,albopictus,3.0448245635447124e-6,3.0448245635447124e-6,0.9999969551754364,0.12327294332386296,4.952274271774471e-7
TUR.59.4_1,2030,8,26.972995645859662,46.57293858576613,Mugla,Fethiye,0.1931314880519413,0.01851656634291643,31,Mugla,Fethiye,albopictus,1.2129030577367993e-4,1.2129030577367993e-4,0.9998787096942263,0.14281425104513942,2.3424702877750114e-5
TUR.59.4_1,2030,9,21.951080434462604,52.63967049319306,Mugla,Fethiye,0.1539351222422294,0.015275637724189606,30,Mugla,Fethiye,albopictus,8.29165113513941e-9,8.29165113513941e-9,0.9999999917083489,0.10155084483293024,1.2763763379552984e-9
TUR.59.4_1,2030,10,16.465268696055695,68.27641456208224,Mugla,Fethiye,0.15169663858745475,0.014573089335108591,31,Mugla,Fethiye,albopictus,0,0,1,0.02104418411293521,0
TUR.59.4_1,2030,11,10.941055227728452,64.6989303179529,Mugla,Fethiye,0.08799157456766499,0.008760558167500099,30,Mugla,Fethiye,albopictus,0,0,1,2.0933387301299685e-8,0
TUR.59.4_1,2030,12,8.374376521391028,74.21261227763434,Mugla,Fethiye,0.07237445164671091,0.006979508493442088,31,Mugla,Fethiye,albopictus,0,0,1,0,0
TUR.59.4_1,2031,1,8.560750993735649,74.24206967567503,Mugla,Fethiye,0.0694056391831071,0.006694168317417759,31,Mugla,Fethiye,albopictus,0,0,1,0,0
TUR.59.4_1,2031,2,2.4961679157088787,65.18835179112024,Mugla,Fethiye,0.051917518503681113,0.00554714870426809,28,Mugla,Fethiye,albopictus,0,0,1,0,0
TUR.59.4_1,2031,3,9.82572116571314,68.9900659486847,Mugla,Fethiye,0.06373308307102094,0.006148736389506304,31,Mugla,Fethiye,albopictus,0,0,1,0,0
TUR.59.4_1,2031,4,9.716750944361968,71.77193273482474,Mugla,Fethiye,0.08427528018090187,0.008392115952391643,30,Mugla,Fethiye,albopictus,0,0,1,0,0
TUR.59.4_1,2031,5,17.590237757738898,58.629020732547005,Mugla,Fethiye,0.11779455789966563,0.01133474553663305,31,Mugla,Fethiye,albopictus,0,0,1,0.031594144584490974,0
TUR.59.4_1,2031,6,22.97547539542703,43.925316372981634,Mugla,Fethiye,0.13249188385694255,0.013161804237986519,30,Mugla,Fethiye,albopictus,1.5151314074979272e-8,1.5151314074979272e-8,0.9999999848486859,0.10331325696689679,2.0074261142255523e-9
TUR.59.4_1,2031,7,26.34832146588494,34.39331111278138,Mugla,Fethiye,0.1555897590589883,0.014944282536767939,31,Mugla,Fethiye,albopictus,1.8180755034163943e-7,1.8180755034163943e-7,0.9999998181924497,0.10895487581175312,2.828739253946111e-8
TUR.59.4_1,2031,8,24.976657755234662,52.31123890925246,Mugla,Fethiye,0.1847530313060502,0.017720438806942296,31,Mugla,Fethiye,albopictus,2.091415956951077e-4,2.091415956951077e-4,0.9997908584043049,0.14897295654367818,3.863879727927788e-5
TUR.59.4_1,2031,9,22.222978704115924,44.85099709231415,Mugla,Fethiye,0.14725708762245207,0.0146178157625233,30,Mugla,Fethiye,albopictus,1.095543540663435e-9,1.095543540663435e-9,0.9999999989044565,0.09349921817304688,1.613265077082815e-10
TUR.59.4_1,2031,10,16.749125087962433,65.97405402741427,Mugla,Fethiye,0.14511571417309801,0.013945306868317076,31,Mugla,Fethiye,albopictus,0,0,1,0.02366641128994451,0
TUR.59.4_1,2031,11,9.238947798224057,68.52346950252321,Mugla,Fethiye,0.08417431199202657,0.008382103816633735,30,Mugla,Fethiye,albopictus,0,0,1,0,0
TUR.59.4_1,2031,12,6.84458516625797,73.32184231913824,Mugla,Fethiye,0.0692346932430141,0.006677735768669479,31,Mugla,Fethiye,albopictus,0,0,1,0,0
TUR.59.4_1,2032,1,5.725435289389947,77.83890958046018,Mugla,Fethiye,0.06121725745873905,0.00590673695089694,31,Mugla,Fethiye,albopictus,0,0,1,0,0
TUR.59.4_1,2032,2,4.3122837718795335,65.51645390293665,Mugla,Fethiye,0.04742780264261271,0.004894308061758945,29,Mugla,Fethiye,albopictus,0,0,1,0,0
TUR.59.4_1,2032,3,4.329008004244636,66.7117685243683,Mugla,Fethiye,0.0562139417044301,0.005425288550291674,31,Mugla,Fethiye,albopictus,0,0,1,0,0
TUR.59.4_1,2032,4,11.193022573695464,66.77574743209037,Mugla,Fethiye,0.07433259869029965,0.007405701517960717,30,Mugla,Fethiye,albopictus,0,0,1,6.937127959135021e-7,0
TUR.59.4_1,2032,5,17.475461146410773,64.04978565564271,Mugla,Fethiye,0.10389731818704007,0.010004200883717784,31,Mugla,Fethiye,albopictus,0,0,1,0.03246592245833897,0
TUR.59.4_1,2032,6,21.776640022502225,55.10413793670234,Mugla,Fethiye,0.11686067386924835,0.011618050509195177,30,Mugla,Fethiye,albopictus,8.754349294037845e-9,8.754349294037845e-9,0.9999999912456508,0.10170930760943428,1.0230392089027873e-9
TUR.59.4_1,2032,7,25.541677026187674,42.556202500720836,Mugla,Fethiye,0.13723349356568615,0.013192861799196653,31,Mugla,Fethiye,albopictus,5.920077845211147e-6,5.920077845211147e-6,0.9999940799221548,0.12743925921807858,8.124326348335487e-7
TUR.59.4_1,2032,8,27.543941385605756,38.873986864574725,Mugla,Fethiye,0.16295612311712207,0.015646252850388787,31,Mugla,Fethiye,albopictus,2.089816431635083e-6,2.089816431635083e-6,0.9999979101835683,0.11986518550227634,3.405483257612474e-7
TUR.59.4_1,2032,9,20.64843951954561,62.488028647489934,Mugla,Fethiye,0.12988389922935628,0.012904404790309076,30,Mugla,Fethiye,albopictus,2.1479033240900946e-10,2.1479033240900946e-10,0.9999999997852097,0.08956166163712993,2.7897795185083396e-11
TUR.59.4_1,2032,10,16.831442440257355,63.49275367341037,Mugla,Fethiye,0.12799516207042638,0.012310230068937389,31,Mugla,Fethiye,albopictus,0,0,1,0.023878759706093274,0
TUR.59.4_1,2032,11,7.822435785742368,65.27548366267946,Mugla,Fethiye,0.07424354258929301,0.007396861820788914,30,Mugla,Fethiye,albopictus,0,0,1,0,0
TUR.59.4_1,2032,12,8.678735003751868,72.81363309062262,Mugla,Fethiye,0.06106647948522898,0.00589223161593988,31,Mugla,Fethiye,albopictus,0,0,1,0,0
TUR.59.4_1,2033,1,4.679573329932549,73.61863370155393,Mugla,Fethiye,0.0705866263383944,0.006807685839596234,31,Mugla,Fethiye,albopictus,0,0,1,0,0
TUR.59.4_1,2033,2,3.890354650862077,67.96537510654993,Mugla,Fethiye,0.05280093263557144,0.00564127071790943,28,Mugla,Fethiye,albopictus,0,0,1,0,0
TUR.59.4_1,2033,3,8.105534932192633,67.72436465473939,Mugla,Fethiye,0.06481754758081619,0.006253033796183138,31,Mugla,Fethiye,albopictus,0,0,1,0,0
TUR.59.4_1,2033,4,13.345885122523589,60.45696844039115,Mugla,Fethiye,0.08570928503372523,0.00853430280909806,30,Mugla,Fethiye,albopictus,0,0,1,0.0012961079613698465,0
TUR.59.4_1,2033,5,14.590162417467901,71.36043171277161,Mugla,Fethiye,0.1197989175090518,0.011526498619791381,31,Mugla,Fethiye,albopictus,0,0,1,0.006072261785556057,0
TUR.59.4_1,2033,6,24.21713455985574,36.76844457732734,Mugla,Fethiye,0.13474632909880624,0.013384256429222696,30,Mugla,Fethiye,albopictus,3.010091884436683e-8,3.010091884436683e-8,0.9999999698990811,0.10413358441877006,4.055988322981818e-9
TUR.59.4_1,2033,7,26.460094003116385,41.009571641345836,Mugla,Fethiye,0.1582372313552687,0.015196628375674703,31,Mugla,Fethiye,albopictus,6.292041588454311e-6,6.292041588454311e-6,0.9999937079584116,0.12673615246523356,9.956347448714098e-7
TUR.59.4_1,2033,8,27.30202091441435,35.67865147639113,Mugla,Fethiye,0.18789673777487476,0.018019231929003676,31,Mugla,Fethiye,albopictus,3.590244011495991e-7,3.590244011495991e-7,0.9999996409755989,0.11169789553759589,6.745951153241947e-8
TUR.59.4_1,2033,9,22.956344716689166,54.68854057986298,Mugla,Fethiye,0.1497627734867998,0.014864690652687917,30,Mugla,Fethiye,albopictus,1.6380194994046748e-6,1.6380194994046748e-6,0.9999983619805006,0.12367784490397227,2.4531431319640973e-7
TUR.59.4_1,2033,10,17.84483965705423,55.23642890534396,Mugla,Fethiye,0.14758496301924198,0.014180905919154774,31,Mugla,Fethiye,albopictus,0,0,1,0.0335323525806249,0
TUR.59.4_1,2033,11,14.531035353155698,61.22723537166384,Mugla,Fethiye,0.08560659879808086,0.008524121768804016,30,Mugla,Fethiye,albopictus,0,0,1,0.005048878740453735,0
TUR.59.4_1,2033,12,9.042431578916663,78.21169675029059,Mugla,Fethiye,0.07041277162947693,0.0067909755867009425,31,Mugla,Fethiye,albopictus,0,0,1,0,0
TUR.59.4_1,2034,1,5.310144933707574,70.66432614540159,Mugla,Fethiye,0.07185185102005386,0.006929285952713138,31,Mugla,Fethiye,albopictus,0,0,1,0,0
TUR.59.4_1,2034,2,5.243433493025163,70.52864567539758,Mugla,Fethiye,0.053747358986434256,0.005742096388348106,28,Mugla,Fethiye,albopictus,0,0,1,0,0
TUR.59.4_1,2034,3,6.553789994295905,71.63712252827455,Mugla,Fethiye,0.06597936484363214,0.00636475839075179,31,Mugla,Fethiye,albopictus,0,0,1,0,0
TUR.59.4_1,2034,4,11.786911810145659,62.82121099410209,Mugla,Fethiye,0.08724557467522451,0.008686608957530262,30,Mugla,Fethiye,albopictus,0,0,1,2.863351523372804e-5,0
TUR.59.4_1,2034,5,18.40182985978968,47.00336841931458,Mugla,Fethiye,0.12194624420719849,0.011731887814640074,31,Mugla,Fethiye,albopictus,0,0,1,0.03685678729852452,0
TUR.59.4_1,2034,6,25.08255204032449,29.477028409114446,Mugla,Fethiye,0.13716157955321262,0.013622520067044785,30,Mugla,Fethiye,albopictus,4.462350787881597e-9,4.462350787881597e-9,0.9999999955376492,0.09538170934128794,6.120630668959848e-10
TUR.59.4_1,2034,7,26.28534653607537,37.150730698963024,Mugla,Fethiye,0.16107354272264238,0.015466901829564783,31,Mugla,Fethiye,albopictus,7.107324373328838e-7,7.107324373328838e-7,0.9999992892675627,0.11603132525081528,1.1448018510940017e-7
TUR.59.4_1,2034,8,27.92215145335478,37.35867848444777,Mugla,Fethiye,0.19126467873718078,0.018339236543073345,31,Mugla,Fethiye,albopictus,7.07969889957416e-7,7.07969889957416e-7,0.9999992920301101,0.11377309689847066,1.3540962440217186e-7
TUR.59.4_1,2034,9,22.72773753895479,50.53306877810517,Mugla,Fethiye,0.15244718507067245,0.015129106024725059,30,Mugla,Fethiye,albopictus,1.0593671212216771e-7,1.0593671212216771e-7,0.9999998940632879,0.11123214263022745,1.6149753423455593e-8
TUR.59.4_1,2034,10,17.06417330573587,58.05936591706271,Mugla,Fethiye,0.150230338602976,0.014433247336410382,31,Mugla,Fethiye,albopictus,0,0,1,0.024852024362107407,0
TUR.59.4_1,2034,11,10.436241079779233,67.32919460017946,Mugla,Fethiye,0.08714104784786264,0.0086762470190066,30,Mugla,Fethiye,albopictus,0,0,1,7.81342393344302e-38,0
TUR.59.4_1,2034,12,6.067804560941808,69.61938107646246,Mugla,Fethiye,0.07167488006546556,0.006912278258148441,31,Mugla,Fethiye,albopictus,0,0,1,0,0
TUR.59.4_1,2035,1,6.0161075916360405,78.84298367713987,Mugla,Fethiye,0.06950576922527586,0.006703793408346592,31,Mugla,Fethiye,albopictus,0,0,1,0,0
TUR.59.4_1,2035,2,7.342825907118181,74.99605290196008,Mugla,Fethiye,0.05199241880541822,0.005555129188527519,28,Mugla,Fethiye,albopictus,0,0,1,0,0
TUR.59.4_1,2035,3,9.177217862185309,69.53432406636048,Mugla,Fethiye,0.06382502943691508,0.0061575796738972954,31,Mugla,Fethiye,albopictus,0,0,1,0,0
TUR.59.4_1,2035,4,10.399212682948393,68.6319791215435,Mugla,Fethiye,0.08439686233845588,0.008404172061700077,30,Mugla,Fethiye,albopictus,0,0,1,1.264881482967696e-158,0
TUR.59.4_1,2035,5,17.124526164110968,57.72093586316224,Mugla,Fethiye,0.11796449760757073,0.011351004772408246,31,Mugla,Fethiye,albopictus,0,0,1,0.02537348117046515,0
TUR.59.4_1,2035,6,22.21811112235574,53.30980352508124,Mugla,Fethiye,0.1326830270849822,0.013180666801542507,30,Mugla,Fethiye,albopictus,3.5576795469838276e-8,3.5576795469838276e-8,0.9999999644232045,0.10732158213975262,4.720436930227834e-9
TUR.59.4_1,2035,7,26.232743768131034,43.90683039989076,Mugla,Fethiye,0.1558142251012144,0.01496568019709743,31,Mugla,Fethiye,albopictus,2.360321866947107e-5,2.360321866947107e-5,0.9999763967813305,0.13396074654185824,3.677710464056183e-6
TUR.59.4_1,2035,8,27.258832819321576,37.41323628474074,Mugla,Fethiye,0.18501957058201127,0.01774577552046519,31,Mugla,Fethiye,albopictus,9.957584642931172e-7,9.957584642931172e-7,0.9999990042415358,0.11628547483523466,1.8423478653772918e-7
TUR.59.4_1,2035,9,22.87452518238741,47.42442619998017,Mugla,Fethiye,0.14746953229649917,0.014638749459854106,30,Mugla,Fethiye,albopictus,5.543608839020386e-8,5.543608839020386e-8,0.9999999445639116,0.10827034809678791,8.17513401418779e-9
TUR.59.4_1,2035,10,17.71794184516458,51.9626099356174,Mugla,Fethiye,0.14532506953313107,0.013965284327422722,31,Mugla,Fethiye,albopictus,0,0,1,0.030298340753208128,0
TUR.59.4_1,2035,11,11.092541624518002,58.22340541560915,Mugla,Fethiye,0.08429574848491804,0.008394145603478065,30,Mugla,Fethiye,albopictus,0,0,1,1.4143729703627778e-7,0
TUR.59.4_1,2035,12,8.366823897642249,79.62677395976324,Mugla,Fethiye,0.06933457666510427,0.006687337311973129,31,Mugla,Fethiye,albopictus,0,0,1,0,0
TUR.59.4_1,2036,1,6.28377345467315,78.70344205116331,Mugla,Fethiye,0.07680387911443894,0.007405079750402055,31,Mugla,Fethiye,albopictus,0,0,1,0,0
TUR.59.4_1,2036,2,6.149423616773943,78.14406315586633,Mugla,Fethiye,0.05950346964304737,0.006136624872344787,29,Mugla,Fethiye,albopictus,0,0,1,0,0
TUR.59.4_1,2036,3,7.3462547274196845,66.19903506489564,Mugla,Fethiye,0.07052666131152907,0.006801922261214788,31,Mugla,Fethiye,albopictus,0,0,1,0,0
TUR.59.4_1,2036,4,15.076245153651518,56.827562465049354,Mugla,Fethiye,0.09325853788729122,0.009282502880361032,30,Mugla,Fethiye,albopictus,0,0,1,0.007406005379458884,0
TUR.59.4_1,2036,5,17.708962580736944,58.4549713551056,Mugla,Fethiye,0.13035077684965257,0.012535360854282196,31,Mugla,Fethiye,albopictus,0,0,1,0.03303962036856836,0
TUR.59.4_1,2036,6,21.30921562980203,62.73762945281562,Mugla,Fethiye,0.14661475279475053,0.014554519200112526,30,Mugla,Fethiye,albopictus,1.5535111041520277e-8,1.5535111041520277e-8,0.9999999844648889,0.10463643619535175,2.2776764918575054e-9
TUR.59.4_1,2036,7,28.612756280338065,33.367874711414196,Mugla,Fethiye,0.17217472797397343,0.016524025919216423,31,Mugla,Fethiye,albopictus,2.5060799937082212e-8,2.5060799937082212e-8,0.9999999749392,0.09840849452013738,4.314836377083964e-9
TUR.59.4_1,2036,8,28.098705179551068,36.66263737727004,Mugla,Fethiye,0.2044466364616339,0.019590716586757373,31,Mugla,Fethiye,albopictus,4.2062523454267087e-7,4.2062523454267087e-7,0.9999995793747655,0.11143430072207701,8.599541068132766e-8
TUR.59.4_1,2036,9,24.16974651112276,45.73515618044892,Mugla,Fethiye,0.16295384193006485,0.01616333266974146,30,Mugla,Fethiye,albopictus,1.6185420678539452e-6,1.6185420678539452e-6,0.9999983814579322,0.1224610400040465,2.6374761352698783e-7
TUR.59.4_1,2036,10,16.93783911536722,67.67202155671114,Mugla,Fethiye,0.16058421044941296,0.015420278420589573,31,Mugla,Fethiye,albopictus,0,0,1,0.02647827823533367,0
TUR.59.4_1,2036,11,13.209840704413022,70.54690700252321,Mugla,Fethiye,0.09314680707313759,0.009271433451266353,30,Mugla,Fethiye,albopictus,0,0,1,0.0012785943439342624,0
TUR.59.4_1,2036,12,9.153597579282874,69.2964898411109,Mugla,Fethiye,0.07661471132530052,0.007386908585376162,31,Mugla,Fethiye,albopictus,0,0,1,0,0
TUR.59.4_1,2037,1,5.6356144275735405,69.29817624305784,Mugla,Fethiye,0.07661111039655243,0.0073865626825078134,31,Mugla,Fethiye,albopictus,0,0,1,0,0
TUR.59.4_1,2037,2,9.925355928785661,66.29150120518274,Mugla,Fethiye,0.05730742902759197,0.006121269901647186,28,Mugla,Fethiye,albopictus,0,0,1,0,0
TUR.59.4_1,2037,3,9.552280804690191,68.24858798237611,Mugla,Fethiye,0.07034964767322596,0.006784908282716939,31,Mugla,Fethiye,albopictus,0,0,1,0,0
TUR.59.4_1,2037,4,12.301904524073882,69.39222539839896,Mugla,Fethiye,0.09302446990807214,0.009259313084709841,30,Mugla,Fethiye,albopictus,0,0,1,1.9837109106964697e-4,0
TUR.59.4_1,2037,5,17.81860651689417,55.078598064089974,Mugla,Fethiye,0.13002361170619178,0.012504096100281803,31,Mugla,Fethiye,albopictus,0,0,1,0.03300075571612096,0
TUR.59.4_1,2037,6,23.209358299479764,41.46614126311835,Mugla,Fethiye,0.1462467669814639,0.014518255537220748,30,Mugla,Fethiye,albopictus,1.234221191065421e-8,1.234221191065421e-8,0.9999999876577881,0.10156590083778302,1.8050085870413568e-9
TUR.59.4_1,2037,7,27.14369156781365,36.808628648181774,Mugla,Fethiye,0.17174258962436548,0.016482896251044488,31,Mugla,Fethiye,albopictus,8.344151761335849e-7,8.344151761335849e-7,0.9999991655848238,0.1156477605364707,1.4330461295397612e-7
TUR.59.4_1,2037,8,25.859962351181927,47.04718174982863,Mugla,Fethiye,0.20393349941124878,0.019542029797797178,31,Mugla,Fethiye,albopictus,7.193448916059942e-5,7.193448916059942e-5,0.9999280655108393,0.14130421358308204,1.4669744501150106e-5
TUR.59.4_1,2037,9,22.602426641127643,47.64091789919892,Mugla,Fethiye,0.16254484692166515,0.016123093418262457,30,Mugla,Fethiye,albopictus,1.8905246893963223e-8,1.8905246893963223e-8,0.9999999810947531,0.10376747870480385,3.0729504496562754e-9
TUR.59.4_1,2037,10,15.229851330027861,71.48273627839083,Mugla,Fethiye,0.16018116293777585,0.015381874535489337,31,Mugla,Fethiye,albopictus,0,0,1,0.01029712754660957,0
TUR.59.4_1,2037,11,10.07116406104144,70.17233424861696,Mugla,Fethiye,0.09291301952514204,0.009248271180284706,30,Mugla,Fethiye,albopictus,0,0,1,0,0
TUR.59.4_1,2037,12,5.699844584745519,73.19826138652105,Mugla,Fethiye,0.07642241739635172,0.00736843678725263,31,Mugla,Fethiye,albopictus,0,0,1,0,0
TUR.59.4_1,2038,1,6.600513490683892,73.98286862587034,Mugla,Fethiye,0.070765478814201,0.006824876165441585,31,Mugla,Fethiye,albopictus,0,0,1,0,0
TUR.59.4_1,2038,2,6.119874971754411,65.67590061924524,Mugla,Fethiye,0.05293471970001474,0.005655524080259489,28,Mugla,Fethiye,albopictus,0,0,1,0,0
TUR.59.4_1,2038,3,6.938528916415046,72.81607760639955,Mugla,Fethiye,0.064981782358165735,0.006268827975030478,31,Mugla,Fethiye,albopictus,0,0,1,0,0
TUR.59.4_1,2038,4,13.647615278468413,66.0179654496685,Mugla,Fethiye,0.08592645531969989,0.008555834264196926,30,Mugla,Fethiye,albopictus,0,0,1,0.0021195632453352353,0
TUR.59.4_1,2038,5,18.965596339281866,49.18839268078919,Mugla,Fethiye,0.1201024641453895,0.011555535077804824,31,Mugla,Fethiye,albopictus,1.1657341758564144e-18,1.1657341758564144e-18,1,0.045877349804307264,0
TUR.59.4_1,2038,6,21.961881721720975,46.51257375823554,Mugla,Fethiye,0.13508774950399233,0.013417940928883931,30,Mugla,Fethiye,albopictus,6.986604458858459e-10,6.986604458858459e-10,0.9999999993013395,0.09209410045781975,9.438050341259441e-11
TUR.59.4_1,2038,7,26.823735742007987,38.74123057689271,Mugla,Fethiye,0.15863817303587824,0.01523483880071641,31,Mugla,Fethiye,albopictus,2.1131965881829306e-6,2.1131965881829306e-6,0.9999978868034118,0.12074220379368367,3.352335897766068e-7
TUR.59.4_1,2038,8,27.467687494614545,45.40552296686965,Mugla,Fethiye,0.1883728307473015,0.018064474190896518,31,Mugla,Fethiye,albopictus,7.082306179350272e-5,7.082306179350272e-5,0.9999291769382065,0.1388315336310666,1.3341051639637058e-5
TUR.59.4_1,2038,9,21.80624210133272,57.54988396365204,Mugla,Fethiye,0.15014224257621867,0.014902072783294473,30,Mugla,Fethiye,albopictus,2.9839369288964246e-8,2.9839369288964246e-8,0.9999999701606307,0.10679134305103626,4.480149806695977e-9
TUR.59.4_1,2038,10,19.112204159007355,50.27814261994357,Mugla,Fethiye,0.14795891396996846,0.014216580885324959,31,Mugla,Fethiye,albopictus,1.454392162258955e-17,1.454392162258955e-17,1,0.04904045460634439,0
TUR.59.4_1,2038,11,9.547526289434995,52.57780986507204,Mugla,Fethiye,0.08582350889755236,0.00854562764869815,30,Mugla,Fethiye,albopictus,0,0,1,0,0
TUR.59.4_1,2038,12,6.180003867429845,73.55982602275152,Mugla,Fethiye,0.07059118359202014,0.006808123861687498,31,Mugla,Fethiye,albopictus,0,0,1,0,0
TUR.59.4_1,2039,1,8.054243597037651,79.76648373817503,Mugla,Fethiye,0.07820427767698217,0.007539589522698731,31,Mugla,Fethiye,albopictus,0,0,1,0,0
TUR.59.4_1,2039,2,6.083656805403093,68.2865344693429,Mugla,Fethiye,0.05849916636672886,0.006248166342148198,28,Mugla,Fethiye,albopictus,0,0,1,0,0
TUR.59.4_1,2039,3,10.188008687075445,67.02761019917298,Mugla,Fethiye,0.07181260462924194,0.006925514225420204,31,Mugla,Fethiye,albopictus,0,0,1,0,0
TUR.59.4_1,2039,4,12.473928297267241,69.36332525191459,Mugla,Fethiye,0.09495896140636441,0.00945095249145711,30,Mugla,Fethiye,albopictus,0,0,1,3.063930932570627e-4,0
TUR.59.4_1,2039,5,17.899352213915655,54.264240306521614,Mugla,Fethiye,0.1327275193089059,0.012762458846005131,31,Mugla,Fethiye,albopictus,0,0,1,0.0338416164811128,0
TUR.59.4_1,2039,6,28.065839851603787,27.42382101165351,Mugla,Fethiye,0.14928804340752636,0.01481792220622713,30,Mugla,Fethiye,albopictus,1.6249325440753636e-9,1.6249325440753636e-9,0.9999999983750675,0.08845557393250864,2.4258295372447947e-10
TUR.59.4_1,2039,7,27.36077263775994,34.97317561473451,Mugla,Fethiye,0.1753140647410886,0.016822767209845768,31,Mugla,Fethiye,albopictus,2.625705697467118e-7,2.625705697467118e-7,0.9999997374294303,0.10944156043172935,4.603231285038589e-8
TUR.59.4_1,2039,8,27.748939401963177,38.07742085505324,Mugla,Fethiye,0.20817440098497353,0.019944336825364672,31,Mugla,Fethiye,albopictus,1.2218967232792144e-6,1.2218967232792144e-6,0.9999987781032768,0.11672663665496948,2.5436758610553056e-7
TUR.59.4_1,2039,9,23.42218791737276,46.395148398466496,Mugla,Fethiye,0.16592505026785906,0.01645560761800302,30,Mugla,Fethiye,albopictus,2.4306428720605177e-7,2.4306428720605177e-7,0.9999997569357127,0.11441044057086895,4.033045331031104e-8
TUR.59.4_1,2039,10,16.012616718516632,53.92286841950412,Mugla,Fethiye,0.1635122122648606,0.015699224499522324,31,Mugla,Fethiye,albopictus,0,0,1,0.013395457788799988,0
TUR.59.4_1,2039,11,11.289709021063413,75.25145869930056,Mugla,Fethiye,0.0948451933556371,0.009439683143924182,30,Mugla,Fethiye,albopictus,0,0,1,2.2710790056403736e-6,0
TUR.59.4_1,2039,12,9.44593595055973,69.4888497654273,Mugla,Fethiye,0.07801166070919492,0.007521089539155312,31,Mugla,Fethiye,albopictus,0,0,1,0,0
TUR.59.4_1,2040,1,6.223430665976861,76.99830289100706,Mugla,Fethiye,0.06622258091245284,0.006388145346873042,31,Mugla,Fethiye,albopictus,0,0,1,0,0
TUR.59.4_1,2040,2,5.919694918043474,73.8641711880929,Mugla,Fethiye,0.05130565511068811,0.005293421767935236,29,Mugla,Fethiye,albopictus,0,0,1,0,0
TUR.59.4_1,2040,3,8.048651597079107,62.44268740864564,Mugla,Fethiye,0.06081017767642752,0.005867574056676483,31,Mugla,Fethiye,albopictus,0,0,1,0,0
TUR.59.4_1,2040,4,11.155813062892241,68.66749395308646,Mugla,Fethiye,0.08041027539528474,0.008008784956626935,30,Mugla,Fethiye,albopictus,0,0,1,4.6796385650225234e-7,0
TUR.59.4_1,2040,5,16.13611426072962,69.58365253796693,Mugla,Fethiye,0.11239230318126442,0.01081773735091196,31,Mugla,Fethiye,albopictus,0,0,1,0.01786092872479786,0
TUR.59.4_1,2040,6,24.082073295817654,44.36577657805976,Mugla,Fethiye,0.1264155852784828,0.012561989671213691,30,Mugla,Fethiye,albopictus,6.539488853524733e-7,6.539488853524733e-7,0.9999993460511146,0.11865546996685329,8.266932771672231e-8
TUR.59.4_1,2040,7,26.388864068424002,39.62731608714662,Mugla,Fethiye,0.1484541534334103,0.014263824803350755,31,Mugla,Fethiye,albopictus,2.847807968273608e-6,2.847807968273608e-6,0.9999971521920318,0.12217029348104456,4.2276883172043256e-7
TUR.59.4_1,2040,8,26.77098835215849,36.37955632258254,Mugla,Fethiye,0.17627994941747793,0.01691466315586443,31,Mugla,Fethiye,albopictus,6.424020838918243e-7,6.424020838918243e-7,0.9999993575979161,0.11487447584831083,1.1324260040801448e-7
TUR.59.4_1,2040,9,21.67544376148897,52.912345053739934,Mugla,Fethiye,0.14050363219453652,0.013952117533588049,30,Mugla,Fethiye,albopictus,2.196986632729825e-9,2.196986632729825e-9,0.9999999978030134,0.09672979230392456,3.086846334099391e-10
TUR.59.4_1,2040,10,14.774064625010771,56.16886298737521,Mugla,Fethiye,0.13846046569995948,0.013310027571404648,31,Mugla,Fethiye,albopictus,0,0,1,0.00574884505388276,0
TUR.59.4_1,2040,11,8.37822144171771,72.3818145342615,Mugla,Fethiye,0.08031393777580488,0.007999228303373518,30,Mugla,Fethiye,albopictus,0,0,1,0,0
TUR.59.4_1,2040,12,6.463274226469152,69.1221505466773,Mugla,Fethiye,0.06605947483803722,0.006372461597696333,31,Mugla,Fethiye,albopictus,0,0,1,0,0
TUR.59.4_1,2041,1,7.872384103782037,80.57570309852659,Mugla,Fethiye,0.07923264000529216,0.007638353211266713,31,Mugla,Fethiye,albopictus,0,0,1,0,0
TUR.59.4_1,2041,2,7.705844419844011,65.60266606113977,Mugla,Fethiye,0.0592684125092169,0.006330067227494185,28,Mugla,Fethiye,albopictus,0,0,1,0,0
TUR.59.4_1,2041,3,11.348438641604254,67.79720248432923,Mugla,Fethiye,0.07275691841222402,0.00701626239410591,31,Mugla,Fethiye,albopictus,0,0,1,2.6512835244659476e-6,0
TUR.59.4_1,2041,4,13.685771787867827,56.2491551774517,Mugla,Fethiye,0.09620764270036082,0.00957463277607451,30,Mugla,Fethiye,albopictus,0,0,1,0.0019022223797472775,0
TUR.59.4_1,2041,5,18.11569895463831,55.397724193240364,Mugla,Fethiye,0.1344728455856997,0.012929191695970066,31,Mugla,Fethiye,albopictus,0,0,1,0.037380357922987245,0
TUR.59.4_1,2041,6,23.6099835283616,44.00147680388984,Mugla,Fethiye,0.1512511355102566,0.015011303540004461,30,Mugla,Fethiye,albopictus,1.4467729094075342e-7,1.4467729094075342e-7,0.9999998553227091,0.1113191025103029,2.188260428415134e-8
TUR.59.4_1,2041,7,25.746951608096854,34.17442378367982,Mugla,Fethiye,0.17761939106284425,0.017042085746352686,31,Mugla,Fethiye,albopictus,1.140012763248821e-7,1.140012763248821e-7,0.9999998859987237,0.10806594878620811,2.024883705153968e-8
TUR.59.4_1,2041,8,25.97772777781767,43.19396367121535,Mugla,Fethiye,0.21091183067616875,0.02020393148452404,31,Mugla,Fethiye,albopictus,1.3022141883861915e-5,1.3022141883861915e-5,0.9999869778581162,0.13122525046169645,2.746520012308906e-6
TUR.59.4_1,2041,9,23.32531177296358,51.501280905790715,Mugla,Fethiye,0.16810691392144575,0.016670180184890304,30,Mugla,Fethiye,albopictus,1.5138402008029184e-6,1.5138402008029184e-6,0.9999984861597992,0.12317894337924654,2.544869719400822e-7
TUR.59.4_1,2041,10,18.36389597724466,63.858331371164276,Mugla,Fethiye,0.16566234783680903,0.015904014171182257,31,Mugla,Fethiye,albopictus,5.551115123125783e-19,5.551115123125783e-19,1,0.046121880230146545,0
TUR.59.4_1,2041,11,12.555568624945249,74.12328487117556,Mugla,Fethiye,0.09609237863456874,0.00956321666481219,30,Mugla,Fethiye,albopictus,0,0,1,4.1325894283974904e-4,0
TUR.59.4_1,2041,12,9.052448020261878,79.44363034404059,Mugla,Fethiye,0.07903749018330117,0.007619611821517824,31,Mugla,Fethiye,albopictus,0,0,1,0,0
TUR.59.4_1,2042,1,8.50261357689605,72.95973630165159,Mugla,Fethiye,0.07556506645782306,0.0072860752800071316,31,Mugla,Fethiye,albopictus,0,0,1,0,0
TUR.59.4_1,2042,2,7.909171598799089,69.52303807041712,Mugla,Fethiye,0.05652495650541882,0.006037943252008682,28,Mugla,Fethiye,albopictus,0,0,1,0,0
TUR.59.4_1,2042,3,9.587952992495367,63.82677401753236,Mugla,Fethiye,0.06938909740630754,0.006692578215174549,31,Mugla,Fethiye,albopictus,0,0,1,0,0
TUR.59.4_1,2042,4,13.76017555068521,60.07347692427787,Mugla,Fethiye,0.09175431885038389,0.009133466059504491,30,Mugla,Fethiye,albopictus,0,0,1,0.002221838736956238,0
TUR.59.4_1,2042,5,19.604546687182257,40.57717899670716,Mugla,Fethiye,0.12824827637672132,0.012334423167240094,31,Mugla,Fethiye,albopictus,2.2093438190040616e-17,2.2093438190040616e-17,1,0.048782924999444525,0
TUR.59.4_1,2042,6,24.398603523478787,34.06665853606757,Mugla,Fethiye,0.14424992157134164,0.01432145041858579,30,Mugla,Fethiye,albopictus,1.2634160458602217e-8,1.2634160458602217e-8,0.9999999873658395,0.10033562440111485,1.822476614066204e-9
TUR.59.4_1,2042,7,27.81494858685662,40.39502009715638,Mugla,Fethiye,0.1693976256371794,0.016259679422313544,31,Mugla,Fethiye,albopictus,4.137307187544126e-6,4.137307187544126e-6,0.9999958626928125,0.12310293608569088,7.008497685534465e-7
TUR.59.4_1,2042,8,27.272067911484662,38.801477098949725,Mugla,Fethiye,0.20114900249090906,0.019277792694662232,31,Mugla,Fethiye,albopictus,2.0249123131850233e-6,2.0249123131850233e-6,0.9999979750876868,0.12011292611786495,4.073090089651288e-7
TUR.59.4_1,2042,9,23.53414737477022,46.59177696902314,Mugla,Fethiye,0.16032546841358714,0.015904709659241623,30,Mugla,Fethiye,albopictus,3.85653285358889e-7,3.85653285358889e-7,0.9999996143467147,0.11600320632538981,6.183004175319695e-8
TUR.59.4_1,2042,10,15.61481913398294,56.46059577546115,Mugla,Fethiye,0.15799405804238434,0.01517345282248983,31,Mugla,Fethiye,albopictus,0,0,1,0.010830832898793274,0
TUR.59.4_1,2042,11,10.528300215216245,73.031838948324,Mugla,Fethiye,0.09164439020492672,0.009122573538044021,30,Mugla,Fethiye,albopictus,0,0,1,2.0544220730237916e-17,0
TUR.59.4_1,2042,12,7.14699052361881,77.19479764140387,Mugla,Fethiye,0.07537894986159456,0.007268195067046457,31,Mugla,Fethiye,albopictus,0,0,1,0,0
TUR.59.4_1,2043,1,4.013783248908379,69.25906796669065,Mugla,Fethiye,0.06854601563480416,0.006611532388290264,31,Mugla,Fethiye,albopictus,0,0,1,0,0
TUR.59.4_1,2043,2,6.291642683393816,64.45039097569055,Mugla,Fethiye,0.0512744940751116,0.005478633043038084,28,Mugla,Fethiye,albopictus,0,0,1,0,0
TUR.59.4_1,2043,3,8.668857953127691,68.75920809956361,Mugla,Fethiye,0.06294371696678754,0.006072812925106308,31,Mugla,Fethiye,albopictus,0,0,1,0,0
TUR.59.4_1,2043,4,12.024252737269682,57.746141566611854,Mugla,Fethiye,0.08323148869312078,0.008288607363557854,30,Mugla,Fethiye,albopictus,0,0,1,6.344196590127317e-5,0
TUR.59.4_1,2043,5,17.3052617521847,59.85528187146302,Mugla,Fethiye,0.11633561339567013,0.011195147836354669,31,Mugla,Fethiye,albopictus,0,0,1,0.0284332723836871,0
TUR.59.4_1,2043,6,23.986633384928982,36.85453466521796,Mugla,Fethiye,0.13085090562141366,0.012999852950299595,30,Mugla,Fethiye,albopictus,1.682922436146983e-8,1.682922436146983e-8,0.9999999831707757,0.10200404591111914,2.2021192647159182e-9
TUR.59.4_1,2043,7,27.66179230633904,30.47392329539857,Mugla,Fethiye,0.15366270208874655,0.01476056297225703,31,Mugla,Fethiye,albopictus,1.483469707230789e-8,1.483469707230789e-8,0.999999985165303,0.0974468540996255,2.2795396681374314e-9
TUR.59.4_1,2043,8,26.303138620713177,39.64527287531691,Mugla,Fethiye,0.18246477262562744,0.01750289442414621,31,Mugla,Fethiye,albopictus,2.9132975053862698e-6,2.9132975053862698e-6,0.9999970867024947,0.12255161574452494,5.315740255751322e-7
TUR.59.4_1,2043,9,22.90448772206026,46.943106772489934,Mugla,Fethiye,0.14543323495479185,0.014438080179921764,30,Mugla,Fethiye,albopictus,4.5359713220782805e-8,4.5359713220782805e-8,0.9999999546402868,0.10734143438378631,6.596809765113676e-9
TUR.59.4_1,2043,10,17.875456417308136,54.08612983307834,Mugla,Fethiye,0.1433183834864244,0.013773782304050908,31,Mugla,Fethiye,albopictus,0,0,1,0.03343737957482482,0
TUR.59.4_1,2043,11,12.321985174627866,60.375588948323994,Mugla,Fethiye,0.083131771045754907,0.008278718201557789,30,Mugla,Fethiye,albopictus,0,0,1,1.722767765860203e-4,0
TUR.59.4_1,2043,12,6.948438391965978,71.0640450779273,Mugla,Fethiye,0.06837718694566251,0.0065953020163997955,31,Mugla,Fethiye,albopictus,0,0,1,0,0
TUR.59.4_1,2044,1,8.039268526084282,76.92403836463987,Mugla,Fethiye,0.07270871080888572,0.0070116298639956165,31,Mugla,Fethiye,albopictus,0,0,1,0,0
TUR.59.4_1,2044,2,4.203624504453996,69.03650395176477,Mugla,Fethiye,0.05633075589782659,0.005810373681277903,29,Mugla,Fethiye,albopictus,0,0,1,0,0
TUR.59.4_1,2044,3,9.081168553408453,66.00296725483705,Mugla,Fethiye,0.0667661930717789,0.00644041553510144,31,Mugla,Fethiye,albopictus,0,0,1,0,0
TUR.59.4_1,2044,4,12.168730581507964,64.08440221724662,Mugla,Fethiye,0.08828601028866279,0.008789743367813463,30,Mugla,Fethiye,albopictus,0,0,1,1.237676246086404e-4,0
TUR.59.4_1,2044,5,16.360008379992315,63.83111194958802,Mugla,Fethiye,0.12340049808621206,0.011870961196183027,31,Mugla,Fethiye,albopictus,0,0,1,0.018742819111371614,0
TUR.59.4_1,2044,6,23.504285896525662,37.918209591975774,Mugla,Fethiye,0.13879728191053958,0.01378384886930406,30,Mugla,Fethiye,albopictus,6.272231870607658e-9,6.272231870607658e-9,0.9999999937277682,0.0987315274100955,8.705687282173358e-10
TUR.59.4_1,2044,7,27.70532181683709,28.099835008045055,Mugla,Fethiye,0.16299440404833324,0.01564989948667428,31,Mugla,Fethiye,albopictus,4.187098701646796e-9,4.187098701646796e-9,0.9999999958129013,0.09185538326899072,6.824736331623171e-10
TUR.59.4_1,2044,8,27.81915844188017,41.48615803767043,Mugla,Fethiye,0.19354558048024084,0.018555896992761167,31,Mugla,Fethiye,albopictus,7.212841277799365e-6,7.212841277799365e-6,0.9999927871587222,0.1258311114796278,1.396012577647987e-6
TUR.59.4_1,2044,9,22.81838046803194,53.60280525881806,Mugla,Fethiye,0.15426517390399017,0.015308138179059738,30,Mugla,Fethiye,albopictus,6.2698180081322e-7,6.2698180081322e-7,0.9999993730181992,0.11931452866261849,9.672145184769221e-8
TUR.59.4_1,2044,10,19.414015377269074,54.82301490387912,Mugla,Fethiye,0.1520218907256284,0.0146041061575799,31,Mugla,Fethiye,albopictus,1.364630630718011e-15,1.364630630718011e-15,0.9999999999999987,0.057333868994878634,2.220446049250313e-16
TUR.59.4_1,2044,11,11.051060606451596,63.23523097713259,Mugla,Fethiye,0.08818023694038395,0.008779258949595636,30,Mugla,Fethiye,albopictus,0,0,1,1.031522854556958e-7,0
TUR.59.4_1,2044,12,7.191512809080236,73.2326241794898,Mugla,Fethiye,0.07252962941047968,0.006994420771721299,31,Mugla,Fethiye,albopictus,0,0,1,0,0
TUR.59.4_1,2045,1,6.28418210411773,67.03969235633909,Mugla,Fethiye,0.07560448801774952,0.007289862466151487,31,Mugla,Fethiye,albopictus,0,0,1,0,0
TUR.59.4_1,2045,2,3.9880800422500164,65.52618138096399,Mugla,Fethiye,0.05655444502524252,0.0060410836545278235,28,Mugla,Fethiye,albopictus,0,0,1,0,0
TUR.59.4_1,2045,3,11.132381817873785,60.60671176167298,Mugla,Fethiye,0.06942529702327174,0.006696057952453316,31,Mugla,Fethiye,albopictus,0,0,1,2.732071186484547e-7,0
TUR.59.4_1,2045,4,12.28219589065103,66.08358587203178,Mugla,Fethiye,0.09180218618576291,0.009138209062222291,30,Mugla,Fethiye,albopictus,0,0,1,1.7756112034349547e-4,0
TUR.59.4_1,2045,5,18.083686015185187,56.39151005139466,Mugla,Fethiye,0.12831518225465732,0.012340818046459257,31,Mugla,Fethiye,albopictus,0,0,1,0.03728009514147903,0
TUR.59.4_1,2045,6,23.113596046672146,47.24351934539374,Mugla,Fethiye,0.1443251753518804,0.014328867994400918,30,Mugla,Fethiye,albopictus,1.2052398689488264e-7,1.2052398689488264e-7,0.9999998794760131,0.11121699687914142,1.7394645390744756e-8
TUR.59.4_1,2045,7,27.506360558902518,34.677010148425914,Mugla,Fethiye,0.16948599873024336,0.016268092564554082,31,Mugla,Fethiye,albopictus,1.9512014317824012e-7,1.9512014317824012e-7,0.9999998048798568,0.10836201178379408,3.307013174413953e-8
TUR.59.4_1,2045,8,27.329917795517865,43.30922474909621,Mugla,Fethiye,0.20125393996833818,0.019287752113236523,31,Mugla,Fethiye,albopictus,2.6225533592050987e-5,2.6225533592050987e-5,0.9999737744664079,0.13360798417578182,5.277978034623487e-6
TUR.59.4_1,2045,9,23.324514501235065,51.80231774050751,Mugla,Fethiye,0.16040910865049918,0.015912940621142457,30,Mugla,Fethiye,albopictus,1.7964744084443819e-6,1.7964744084443819e-6,0.9999982035255915,0.12397312301437086,2.881708170976438e-7
TUR.59.4_1,2045,10,15.773904407725615,69.39566199860568,Mugla,Fethiye,0.15807648200519023,0.015181308272453231,31,Mugla,Fethiye,albopictus,0,0,1,0.014243242439167325,0
TUR.59.4_1,2045,11,12.909170080633725,67.28679042537478,Mugla,Fethiye,0.091692200191601,0.009127310910374886,30,Mugla,Fethiye,albopictus,0,0,1,7.383680999482461e-4,0
TUR.59.4_1,2045,12,9.385578856748694,78.12559903300543,Mugla,Fethiye,0.07541827432630369,0.00727197299342186,31,Mugla,Fethiye,albopictus,0,0,1,0,0
TUR.59.4_1,2046,1,6.998240980155328,72.83490414833128,Mugla,Fethiye,0.07672009056196286,0.007397031192781012,31,Mugla,Fethiye,albopictus,0,0,1,0,0
TUR.59.4_1,2046,2,6.123979586012224,73.4677859952218,Mugla,Fethiye,0.05738894948934154,0.0061299507337008174,28,Mugla,Fethiye,albopictus,0,0,1,0,0
TUR.59.4_1,2046,3,8.262401959475348,68.34008731098939,Mugla,Fethiye,0.07044972083755306,0.006794527027471409,31,Mugla,Fethiye,albopictus,0,0,1,0,0
TUR.59.4_1,2046,4,13.883437002406401,68.36939824996146,Mugla,Fethiye,0.09315679826182299,0.009272423306376343,30,Mugla,Fethiye,albopictus,0,0,1,0.0028971380966158686,0
TUR.59.4_1,2046,5,15.37791456895716,76.24446491589661,Mugla,Fethiye,0.13020857175490613,0.012521771486333266,31,Mugla,Fethiye,albopictus,0,0,1,0.012074976345439015,0
TUR.59.4_1,2046,6,22.71225746940164,47.6687169467121,Mugla,Fethiye,0.14645480465085528,0.014538757056500207,30,Mugla,Fethiye,albopictus,2.896471105745535e-8,2.896471105745535e-8,0.9999999710352889,0.1056765955608783,4.242021067746293e-9
TUR.59.4_1,2046,7,26.41436913434197,37.50946101512513,Mugla,Fethiye,0.1719868953879604,0.016506148772657325,31,Mugla,Fethiye,albopictus,1.084765074264582e-6,1.084765074264582e-6,0.9999989152349258,0.11771922564791092,1.8656535993866186e-7
TUR.59.4_1,2046,8,27.11376178965849,44.87538685847121,Mugla,Fethiye,0.2042235971057415,0.019569554759495955,31,Mugla,Fethiye,albopictus,5.400995892708244e-5,5.400995892708244e-5,0.9999459900410729,0.13820836997201966,1.1030047260218723e-5
TUR.59.4_1,2046,9,25.571794622084674,42.21162712771454,Mugla,Fethiye,0.16277606879291132,0.01614584254119833,30,Mugla,Fethiye,albopictus,5.010812274012732e-6,5.010812274012732e-6,0.999994989187726,0.12601573817824507,8.156399907699452e-7
TUR.59.4_1,2046,10,14.710671032176299,56.7203003653049,Mugla,Fethiye,0.16040902244199448,0.015403586031391137,31,Mugla,Fethiye,albopictus,0,0,1,0.005559640828251447,0
TUR.59.4_1,2046,11,12.278215338202084,70.58746486385134,Mugla,Fethiye,0.09304518933947083,0.00926136584095294,30,Mugla,Fethiye,albopictus,0,0,1,1.947440230396053e-4,0
TUR.59.4_1,2046,12,6.810916171354406,75.07506192363043,Mugla,Fethiye,0.07653112914384906,0.007378879704435515,31,Mugla,Fethiye,albopictus,0,0,1,0,0
TUR.59.4_1,2047,1,7.617848905570367,76.05665250038206,Mugla,Fethiye,0.07620314254802395,0.00734737277645936,31,Mugla,Fethiye,albopictus,0,0,1,0,0
TUR.59.4_1,2047,2,6.235435026533464,70.09655491612024,Mugla,Fethiye,0.05700225673072709,0.006088772485915217,28,Mugla,Fethiye,albopictus,0,0,1,0,0
TUR.59.4_1,2047,3,9.838688275393316,70.45392550679017,Mugla,Fethiye,0.06997502323223531,0.006748899631748739,31,Mugla,Fethiye,albopictus,0,0,1,0,0
TUR.59.4_1,2047,4,12.215616071925444,63.7318097489849,Mugla,Fethiye,0.0925290979880927,0.009210233357456077,30,Mugla,Fethiye,albopictus,0,0,1,1.3908381739236928e-4,0
TUR.59.4_1,2047,5,18.12146296220667,51.199401897097786,Mugla,Fethiye,0.12933121274667922,0.012437925386308168,31,Mugla,Fethiye,albopictus,0,0,1,0.035124656105672,0
TUR.59.4_1,2047,6,26.76402863334207,34.467289486995305,Mugla,Fethiye,0.1454679768220361,0.014441504200111921,30,Mugla,Fethiye,albopictus,2.3930255253901135e-7,2.3930255253901135e-7,0.9999997606974474,0.11017569773390737,3.481085752987667e-8
TUR.59.4_1,2047,7,26.72499611798455,38.73278865184388,Mugla,Fethiye,0.17082802965483773,0.016395845427323863,31,Mugla,Fethiye,albopictus,2.063149506508155e-6,2.063149506508155e-6,0.9999979368504935,0.12072846340221997,3.5244370300002714e-7
TUR.59.4_1,2047,8,26.949336893418256,48.25082936335402,Mugla,Fethiye,0.20284751709658136,0.019438983091179307,31,Mugla,Fethiye,albopictus,2.8343628379751893e-4,2.8343628379751893e-4,0.9997165637162024,0.1482946298177455,5.749269365518117e-5
TUR.59.4_1,2047,9,24.02497112049776,43.724879386015324,Mugla,Fethiye,0.16167926657509696,0.01603792728103104,30,Mugla,Fethiye,albopictus,4.6323494131395025e-7,4.6323494131395025e-7,0.9999995367650587,0.11631792248250813,7.489548270456226e-8
TUR.59.4_1,2047,10,16.885695064769074,45.57539527497287,Mugla,Fethiye,0.159328169630666,0.015300593180312294,31,Mugla,Fethiye,albopictus,0,0,1,0.01910650144199695,0
TUR.59.4_1,2047,11,12.453774382086362,67.24820094783571,Mugla,Fethiye,0.09241824109836098,0.009199249709384794,30,Mugla,Fethiye,albopictus,0,0,1,2.833334436594043e-4,0
TUR.59.4_1,2047,12,5.5651523926678825,66.00358975566168,Mugla,Fethiye,0.0760154543717571,0.007329342693883634,31,Mugla,Fethiye,albopictus,0,0,1,0,0
TUR.59.4_1,2048,1,5.432150873191216,75.55511899208128,Mugla,Fethiye,0.07920811368490271,0.007635997823340124,31,Mugla,Fethiye,albopictus,0,0,1,0,0
TUR.59.4_1,2048,2,5.999023455030779,67.87144200108118,Mugla,Fethiye,0.0613661398678832,0.006328113979601535,29,Mugla,Fethiye,albopictus,0,0,1,0,0
TUR.59.4_1,2048,3,11.711240193423102,65.18322695942689,Mugla,Fethiye,0.07273439663973977,0.007014098157506865,31,Mugla,Fethiye,albopictus,0,0,1,2.2454282021583406e-5,0
TUR.59.4_1,2048,4,14.204002226100249,58.282011165000526,Mugla,Fethiye,0.09617786179859325,0.009571683195625513,30,Mugla,Fethiye,albopictus,0,0,1,0.0034925938421831804,0
TUR.59.4_1,2048,5,16.811610362109015,58.93097309460755,Mugla,Fethiye,0.13443121975959704,0.012925215464946849,31,Mugla,Fethiye,albopictus,0,0,1,0.022257703980891216,0
TUR.59.4_1,2048,6,25.544395530925076,27.733673611751165,Mugla,Fethiye,0.1512043159948581,0.015006691859864474,30,Mugla,Fethiye,albopictus,3.071001223764469e-9,3.071001223764469e-9,0.9999999969289988,0.09350117802524523,4.6434867062572494e-10
TUR.59.4_1,2048,7,27.927777795230643,29.614555924793102,Mugla,Fethiye,0.17756440930163706,0.017036855594633415,31,Mugla,Fethiye,albopictus,7.704174603329061e-9,7.704174603329061e-9,0.9999999922958254,0.09380412578862105,1.3679871679883604e-9
TUR.59.4_1,2048,8,28.06907070384306,39.66233220148879,Mugla,Fethiye,0.21084654330050207,0.02019774098296767,31,Mugla,Fethiye,albopictus,2.2927767077702276e-6,2.2927767077702276e-6,0.9999977072232922,0.11955330835209173,4.834239265560925e-7
TUR.59.4_1,2048,9,21.661394231459674,56.013739707060246,Mugla,Fethiye,0.16805487673033054,0.01666506319940031,30,Mugla,Fethiye,albopictus,7.3409042085637035e-9,7.3409042085637035e-9,0.9999999926590958,0.10153791939216635,1.2336747179375607e-9
TUR.59.4_1,2048,10,17.28284891913919,58.30549018464084,Mugla,Fethiye,0.16561106735670333,0.015899130457649124,31,Mugla,Fethiye,albopictus,0,0,1,0.027518730014035556,0
TUR.59.4_1,2048,11,10.418229986639584,70.3958297320154,Mugla,Fethiye,0.09606263341258425,0.009560270584232478,30,Mugla,Fethiye,albopictus,0,0,1,2.118668914491337e-57,0
TUR.59.4_1,2048,12,8.807082877439612,76.50787747538824,Mugla,Fethiye,0.0790130242711861,0.007617262190540042,31,Mugla,Fethiye,albopictus,0,0,1,0,0
TUR.59.4_1,2049,1,5.273292573935845,71.85638089393674,Mugla,Fethiye,0.07196181478510037,0.006939853812096941,31,Mugla,Fethiye,albopictus,0,0,1,0,0
TUR.59.4_1,2049,2,7.821508425123552,71.38737217686243,Mugla,Fethiye,0.05382961521047788,0.005750858910543388,28,Mugla,Fethiye,albopictus,0,0,1,0,0
TUR.59.4_1,2049,3,9.643674275454352,66.74949588032533,Mugla,Fethiye,0.06608034121752622,0.0063744680546337085,31,Mugla,Fethiye,albopictus,0,0,1,0,0
TUR.59.4_1,2049,4,13.811862791285796,61.52039159712943,Mugla,Fethiye,0.08737909735750386,0.008699845151458607,30,Mugla,Fethiye,albopictus,0,0,1,0.002427137757082353,0
TUR.59.4_1,2049,5,15.935888430651495,67.19562153210755,Mugla,Fethiye,0.12213287361139522,0.011749736674968925,31,Mugla,Fethiye,albopictus,0,0,1,0.01534564435321284,0
TUR.59.4_1,2049,6,23.36187561820535,49.31102422820624,Mugla,Fethiye,0.13737149486497247,0.013643225423346728,30,Mugla,Fethiye,albopictus,7.054064192927311e-7,7.054064192927311e-7,0.9999992945935807,0.11890591288116542,9.690272961826452e-8
TUR.59.4_1,2049,7,28.764218835269705,23.782066911121227,Mugla,Fethiye,0.1613200534660082,0.015490388451277814,31,Mugla,Fethiye,albopictus,5.259162999537992e-11,5.259162999537992e-11,0.9999999999474084,0.07565140934986737,8.484102309580521e-12
TUR.59.4_1,2049,8,28.487848169663373,33.7954594140132,Mugla,Fethiye,0.19155739470616093,0.01836704399904654,31,Mugla,Fethiye,albopictus,4.24652430356387e-8,4.24652430356387e-8,0.999999957534757,0.1012097269348318,8.134531270798107e-9
TUR.59.4_1,2049,9,20.908729665419635,59.721129538603215,Mugla,Fethiye,0.15268049383312082,0.015152083657624327,30,Mugla,Fethiye,albopictus,3.987174054809195e-10,3.987174054809195e-10,0.9999999996012826,0.09121544457649086,6.087641502006136e-11
TUR.59.4_1,2049,10,13.724175060496611,59.50570838532443,Mugla,Fethiye,0.15046025465137933,0.014455175893733352,31,Mugla,Fethiye,albopictus,0,0,1,0.002089548526338056,0
TUR.59.4_1,2049,11,10.8407220139223,65.15819698055056,Mugla,Fethiye,0.0872744105598236,0.00868946749326338,30,Mugla,Fethiye,albopictus,0,0,1,2.425936941278772e-9,0
TUR.59.4_1,2049,12,8.294234977048987,78.60843289531012,Mugla,Fethiye,0.07178457298999517,0.006922820269598673,31,Mugla,Fethiye,albopictus,0,0,1,0,0
TUR.59.4_1,2050,1,4.5635719623635795,76.21590848182737,Mugla,Fethiye,0.07351739852882598,0.0070893381942869205,31,Mugla,Fethiye,albopictus,0,0,1,0,0
TUR.59.4_1,2050,2,6.3725347694228685,70.6931506802804,Mugla,Fethiye,0.05499323892678473,0.0058748081709549815,28,Mugla,Fethiye,albopictus,0,0,1,0,0
TUR.59.4_1,2050,3,7.307840725954841,65.31658114643861,Mugla,Fethiye,0.0675087863572826,0.006511814002763572,31,Mugla,Fethiye,albopictus,0,0,1,0,0
TUR.59.4_1,2050,4,16.2842691786149,47.25242437300834,Mugla,Fethiye,0.08926795332641828,0.008887069790330271,30,Mugla,Fethiye,albopictus,0,0,1,0.014252158763387686,0
TUR.59.4_1,2050,5,17.828021189745733,58.9225006519806,Mugla,Fethiye,0.1247729948108361,0.012002198016139554,31,Mugla,Fethiye,albopictus,0,0,1,0.035072290080200914,0
TUR.59.4_1,2050,6,23.242887581095975,44.99605993377265,Mugla,Fethiye,0.14034102620463348,0.013936083674026323,30,Mugla,Fethiye,albopictus,6.682568991173143e-8,6.682568991173143e-8,0.9999999331743101,0.1083713994292548,9.37838584569306e-9
TUR.59.4_1,2050,7,25.380061654483573,49.785023301502086,Mugla,Fethiye,0.16480727586941854,0.015822577941458915,31,Mugla,Fethiye,albopictus,1.392133940138972e-4,1.392133940138972e-4,0.9998607866059861,0.1458940592548636,2.2943117034657234e-5
TUR.59.4_1,2050,8,27.45721233592314,40.931760454662616,Mugla,Fethiye,0.1956982514936836,0.018760333078799873,31,Mugla,Fethiye,albopictus,6.66986973090089e-6,6.66986973090089e-6,0.9999933301302691,0.12598233271707795,1.3052809921809683e-6
TUR.59.4_1,2050,9,24.62799083485323,29.90851891238251,Mugla,Fethiye,0.15598095665357734,0.015477075416682529,30,Mugla,Fethiye,albopictus,2.3297179982950665e-9,2.3297179982950665e-9,0.999999997670282,0.09355135028069134,3.6339165010446095e-10
TUR.59.4_1,2050,10,16.600897396312043,54.25259559235568,Mugla,Fethiye,0.15371272301826885,0.014765332243853235,31,Mugla,Fethiye,albopictus,0,0,1,0.018697133075757547,0
TUR.59.4_1,2050,11,10.642715383978452,67.89236598689821,Mugla,Fethiye,0.08916100353577236,0.008876469801607834,30,Mugla,Fethiye,albopictus,0,0,1,9.604027832756286e-13,0
TUR.59.4_1,2050,12,5.602767691892736,72.98168576396246,Mugla,Fethiye,0.07333632533430434,0.0070719390574487395,31,Mugla,Fethiye,albopictus,0,0,1,0,0
TUR.59.4_1,2051,1,7.609721693045953,75.34456296180784,Mugla,Fethiye,0.07583177910882918,0.00731169779087304,31,Mugla,Fethiye,albopictus,0,0,1,0,0
TUR.59.4_1,2051,2,5.757179277784685,69.08263890049524,Mugla,Fethiye,0.05672446563978822,0.00605918993665977,28,Mugla,Fethiye,albopictus,0,0,1,0,0
TUR.59.4_1,2051,3,10.486170193728277,65.40684451313783,Mugla,Fethiye,0.06963401150468247,0.006716120677303317,31,Mugla,Fethiye,albopictus,0,0,1,5.65211377525048e-22,0
TUR.59.4_1,2051,4,12.6889208204606,60.4862042802349,Mugla,Fethiye,0.09207817269937782,0.009165555133978764,30,Mugla,Fethiye,albopictus,0,0,1,4.1618482502087215e-4,0
TUR.59.4_1,2051,5,17.66368403154261,58.39118961682435,Mugla,Fethiye,0.12870093842524205,0.012377687902501933,31,Mugla,Fethiye,albopictus,0,0,1,0.03228738006901864,0
TUR.59.4_1,2051,6,23.841859901652615,37.66529516326484,Mugla,Fethiye,0.144759062643972,0.014371634084446971,30,Mugla,Fethiye,albopictus,1.7193689801575652e-8,1.7193689801575652e-8,0.9999999828063102,0.10226109161005731,2.488942385525661e-9
TUR.59.4_1,2051,7,29.00986245099236,34.7118459638556,Mugla,Fethiye,0.1699955274445318,0.01631659843194111,31,Mugla,Fethiye,albopictus,2.8024928518055602e-8,2.8024928518055602e-8,0.9999999719750715,0.09876046009784015,4.764112548905075e-9
TUR.59.4_1,2051,8,27.354698068955365,46.70899739313918,Mugla,Fethiye,0.2018589731984917,0.019345172706301428,31,Mugla,Fethiye,albopictus,1.3069930724207961e-4,1.3069930724207961e-4,0.9998693006927579,0.1434952957221915,2.6382479933917402e-5
TUR.59.4_1,2051,9,23.049770467421588,45.97552788455048,Mugla,Fethiye,0.1608913493518148,0.01596039616025069,30,Mugla,Fethiye,albopictus,5.469377113742624e-8,5.469377113742624e-8,0.9999999453062288,0.10783921033798569,8.799754591670705e-9
TUR.59.4_1,2051,10,17.120713794932648,49.62793891510959,Mugla,Fethiye,0.15855171009033456,0.015226598860129559,31,Mugla,Fethiye,albopictus,0,0,1,0.022656712092530534,0
TUR.59.4_1,2051,11,13.22139256140765,65.60228877742556,Mugla,Fethiye,0.09196785605240321,0.009154624520320898,30,Mugla,Fethiye,albopictus,0,0,1,0.001185430450554728,0
TUR.59.4_1,2051,12,8.50887082604801,75.64101803935309,Mugla,Fethiye,0.07564500559991467,0.007293754930897345,31,Mugla,Fethiye,albopictus,0,0,1,0,0
TUR.59.4_1,2052,1,5.380017551429131,62.93010373329221,Mugla,Fethiye,0.07322614772232808,0.007061352054947734,31,Mugla,Fethiye,albopictus,0,0,1,0,0
TUR.59.4_1,2052,2,4.939942377455095,69.9305545499093,Mugla,Fethiye,0.0567316378848592,0.005851602417370927,29,Mugla,Fethiye,albopictus,0,0,1,0,0
TUR.59.4_1,2052,3,5.913186928805183,69.19131411763001,Mugla,Fethiye,0.06724133961860965,0.006486100265947425,31,Mugla,Fethiye,albopictus,0,0,1,0,0
TUR.59.4_1,2052,4,12.262278402552885,72.659689082481,Mugla,Fethiye,0.08891430420497197,0.008852018548839546,30,Mugla,Fethiye,albopictus,0,0,1,1.8955923904582248e-4,0
TUR.59.4_1,2052,5,15.939129015978644,69.39308552136536,Mugla,Fethiye,0.12427868684979519,0.011954934771602366,31,Mugla,Fethiye,albopictus,0,0,1,0.01589284720770852,0
TUR.59.4_1,2052,6,23.36839302848367,47.766014615169134,Mugla,Fethiye,0.13978504302398792,0.013881258654699136,30,Mugla,Fethiye,albopictus,3.675220406741952e-7,3.675220406741952e-7,0.9999996324779593,0.11622537271902549,5.1374082987720726e-8
TUR.59.4_1,2052,7,26.84500649396111,37.49300822581849,Mugla,Fethiye,0.16415436576957498,0.015760390875655506,31,Mugla,Fethiye,albopictus,1.0305195393059963e-6,1.0305195393059963e-6,0.9999989694804607,0.11721371728703996,1.691642670387239e-7
TUR.59.4_1,2052,8,26.349870569565716,48.408647203930194,Mugla,Fethiye,0.194922961906207,0.018686709843068527,31,Mugla,Fethiye,albopictus,2.2562637729497265e-4,2.2562637729497265e-4,0.999774373622705,0.1476849524027608,4.397879465101173e-5
TUR.59.4_1,2052,9,22.912235372206744,53.80276406008759,Mugla,Fethiye,0.15536301341384398,0.015416235608363582,30,Mugla,Fethiye,albopictus,9.008048698662674e-7,9.008048698662674e-7,0.9999990991951301,0.1209027412333251,1.3995174930059306e-7
TUR.59.4_1,2052,10,19.126635158763214,49.88843696198459,Mugla,Fethiye,0.15310376574497103,0.014707269324926053,31,Mugla,Fethiye,albopictus,1.5210055437364646e-17,1.5210055437364646e-17,1,0.04904430150557896,0
TUR.59.4_1,2052,11,13.08829109808978,64.52298885066774,Mugla,Fethiye,0.08880777811284374,0.00884146018048415,30,Mugla,Fethiye,albopictus,0,0,1,9.290643404456146e-4,0
TUR.59.4_1,2052,12,10.766458258909338,73.34813321269293,Mugla,Fethiye,0.07304579187791667,0.007044021359676078,31,Mugla,Fethiye,albopictus,0,0,1,5.083871348654268e-10,0
TUR.59.4_1,2053,1,7.386398347861626,68.33589596962034,Mugla,Fethiye,0.07622751765906662,0.007349714323828138,31,Mugla,Fethiye,albopictus,0,0,1,0,0
TUR.59.4_1,2053,2,6.028302210218767,73.19090763828821,Mugla,Fethiye,0.0570204900514411,0.0060907141592514424,28,Mugla,Fethiye,albopictus,0,0,1,0,0
TUR.59.4_1,2053,3,10.00230922418482,67.72684420796205,Mugla,Fethiye,0.06999740615378508,0.006751051099882388,31,Mugla,Fethiye,albopictus,0,0,1,0,0
TUR.59.4_1,2053,4,14.323854292140288,55.68472875533256,Mugla,Fethiye,0.09255869528503768,0.009213165823009795,30,Mugla,Fethiye,albopictus,0,0,1,0.003816988564273927,0
TUR.59.4_1,2053,5,18.259772440966437,68.34804157605286,Mugla,Fethiye,0.12937258194178816,0.012441879054021054,31,Mugla,Fethiye,albopictus,1.5543122344752192e-18,1.5543122344752192e-18,1,0.04716977835225384,0
TUR.59.4_1,2053,6,20.438009346232693,66.71430639373358,Mugla,Fethiye,0.14551450768637617,0.014446090078309326,30,Mugla,Fethiye,albopictus,2.654233980381449e-10,2.654233980381449e-10,0.99999999973457665,0.09051908767085609,3.862299369217226e-11
TUR.59.4_1,2053,7,25.586598901187674,48.566883653064586,Mugla,Fethiye,0.1708826724432163,0.016401046723926394,31,Mugla,Fethiye,albopictus,1.0627287696109966e-4,1.0627287696109966e-4,0.9998937271230389,0.14370431438939985,1.8160028327995903e-5
TUR.59.4_1,2053,8,25.85917652354521,45.6092964654048,Mugla,Fethiye,0.20291240196338117,0.019445140191620025,31,Mugla,Fethiye,albopictus,3.570402688824748e-5,3.570402688824748e-5,0.9999642959731118,0.1369153326462924,7.244763612246352e-6
TUR.59.4_1,2053,9,23.627094380995807,49.31387245852509,Mugla,Fethiye,0.16173098294720825,0.016043015962742158,30,Mugla,Fethiye,albopictus,1.8197096659152146e-6,1.8197096659152146e-6,0.999998180290334,0.12356065652358152,2.9430338965852343e-7
TUR.59.4_1,2053,10,18.77436503242044,43.43176810822482,Mugla,Fethiye,0.15937913395703251,0.015305449736911059,31,Mugla,Fethiye,albopictus,0,0,1,0.03963607184334457,0
TUR.59.4_1,2053,11,12.23547356268939,72.27718501765993,Mugla,Fethiye,0.09244780293549545,0.009202178694096674,30,Mugla,Fethiye,albopictus,0,0,1,1.7570118330738813e-4,0
TUR.59.4_1,2053,12,8.684709773344153,75.90011990702887,Mugla,Fethiye,0.07603976944695365,0.007331678516459106,31,Mugla,Fethiye,albopictus,0,0,1,0,0
TUR.59.4_1,2054,1,7.363546880729058,72.97488827919065,Mugla,Fethiye,0.07460962108169529,0.007194282269027852,31,Mugla,Fethiye,albopictus,0,0,1,0,0
TUR.59.4_1,2054,2,3.490788238890031,74.2498904874093,Mugla,Fethiye,0.05581025444981925,0.00596182747434626,28,Mugla,Fethiye,albopictus,0,0,1,0,0
TUR.59.4_1,2054,3,8.258239647921393,69.28003634663392,Mugla,Fethiye,0.06851174103810347,0.00660823741613914,31,Mugla,Fethiye,albopictus,0,0,1,0,0
TUR.59.4_1,2054,4,11.622741544947905,65.87860692916068,Mugla,Fethiye,0.09059417642221199,0.009018504760391344,30,Mugla,Fethiye,albopictus,0,0,1,1.4761253653485468e-5,0
TUR.59.4_1,2054,5,18.024630686816046,50.61891941418763,Mugla,Fethiye,0.12662670402319356,0.012179420244833983,31,Mugla,Fethiye,albopictus,0,0,1,0.03357540972698954,0
TUR.59.4_1,2054,6,21.75539597342996,52.680538693538274,Mugla,Fethiye,0.14242602427285841,0.014141656378415579,30,Mugla,Fethiye,albopictus,3.08462248904684e-9,3.08462248904684e-9,0.9999999969153776,0.0977246894720624,4.3933057192191427e-10
TUR.59.4_1,2054,7,26.602246789371268,36.91602000560365,Mugla,Fethiye,0.16725576054357294,0.01605575128300174,31,Mugla,Fethiye,albopictus,7.557948767812906e-7,7.557948767812906e-7,0.9999992442051232,0.11566687009559298,1.264110389698203e-7
TUR.59.4_1,2054,8,29.61233127818388,34.50816502619582,Mugla,Fethiye,0.19860567270438767,0.019036379115301982,31,Mugla,Fethiye,albopictus,6.125278154411884e-9,6.125278154411884e-9,0.9999999938747218,0.09212882644946548,1.2165149998466518e-9
TUR.59.4_1,2054,9,25.851446263930377,34.91499245364228,Mugla,Fethiye,0.15829831175705486,0.015705197905998336,30,Mugla,Fethiye,albopictus,1.7003627145850685e-7,1.7003627145850685e-7,0.9999998299637285,0.10981653583265161,2.6916454398673295e-8
TUR.59.4_1,2054,10,16.84710081885843,53.40091865143771,Mugla,Fethiye,0.15599637975943711,0.014983044101136045,31,Mugla,Fethiye,albopictus,0,0,1,0.020805787290737714,0
TUR.59.4_1,2054,11,12.632475782843198,68.13803249080446,Mugla,Fethiye,0.09048563771553114,0.009007748717035358,30,Mugla,Fethiye,albopictus,0,0,1,4.39543973089177e-4,0
TUR.59.4_1,2054,12,7.002483592313879,71.7175103489234,Mugla,Fethiye,0.07442585774537411,0.0071766265032299215,31,Mugla,Fethiye,albopictus,0,0,1,0,0
TUR.59.4_1,2055,1,6.872762235648492,72.71517605995237,Mugla,Fethiye,0.07326353363166054,0.0070649444917649795,31,Mugla,Fethiye,albopictus,0,0,1,0,0
TUR.59.4_1,2055,2,3.802421825773576,68.44199864170618,Mugla,Fethiye,0.05480334030109454,0.0058545812143598885,28,Mugla,Fethiye,albopictus,0,0,1,0,0
TUR.59.4_1,2055,3,7.056466481264899,70.29825534077455,Mugla,Fethiye,0.06727566995967726,0.00648940100282247,31,Mugla,Fethiye,albopictus,0,0,1,0,0
TUR.59.4_1,2055,4,12.147871816859526,61.65581335005912,Mugla,Fethiye,0.08895969976678647,0.008856517910572959,30,Mugla,Fethiye,albopictus,0,0,1,1.0638277354880204e-4,0
TUR.59.4_1,2055,5,16.97019400316126,56.38498691907044,Mugla,Fethiye,0.12434213784186626,0.011961001763259205,31,Mugla,Fethiye,albopictus,0,0,1,0.023111517166088745,0
TUR.59.4_1,2055,6,24.950557792887967,40.15974859344062,Mugla,Fethiye,0.1398564108496497,0.013888296344627293,30,Mugla,Fethiye,albopictus,6.676212709817442e-7,6.676212709817442e-7,0.9999993323787291,0.11700838691971982,9.33711103989765e-8
TUR.59.4_1,2055,7,26.595523385440604,42.136524766345836,Mugla,Fethiye,0.1642381754526743,0.015768373631321775,31,Mugla,Fethiye,albopictus,1.2830104655859653e-5,1.2830104655859653e-5,0.9999871698953441,0.13036024856903738,2.1071907594372163e-6
TUR.59.4_1,2055,8,25.250131494858685,51.81233754206496,Mugla,Fethiye,0.19502248062195696,0.018696160672241113,31,Mugla,Fethiye,albopictus,2.627410291776944e-4,2.627410291776944e-4,0.9997372589708223,0.1502264984176944,5.123909450410746e-5
TUR.59.4_1,2055,9,25.67603313221651,40.25627434451142,Mugla,Fethiye,0.15544233463602725,0.015424045416142729,30,Mugla,Fethiye,albopictus,2.1849717655433863e-6,2.1849717655433863e-6,0.9999978150282345,0.12160546670558454,3.3963705470263506e-7
TUR.59.4_1,2055,10,17.916523540721222,57.23890082917209,Mugla,Fethiye,0.15318193349901302,0.014714722663170421,31,Mugla,Fethiye,albopictus,0,0,1,0.03563709626780846,0
TUR.59.4_1,2055,11,12.89487068793353,73.94542842586306,Mugla,Fethiye,0.08885311928732605,0.008845954199525274,30,Mugla,Fethiye,albopictus,0,0,1,7.998457562537568e-4,0
TUR.59.4_1,2055,12,9.211551413816565,74.94640744364996,Mugla,Fethiye,0.07308308570583483,0.0070476050108928545,31,Mugla,Fethiye,albopictus,0,0,1,0,0
TUR.59.4_1,2056,1,8.009830030448295,78.78722043251096,Mugla,Fethiye,0.08096205439018496,0.007804423621010859,31,Mugla,Fethiye,albopictus,0,0,1,0,0
TUR.59.4_1,2056,2,8.312519091017107,71.28915898106165,Mugla,Fethiye,0.06272499776302885,0.006467786116289842,29,Mugla,Fethiye,albopictus,0,0,1,0,0
TUR.59.4_1,2056,3,14.071189305361578,58.164370910842905,Mugla,Fethiye,0.07434498693163935,0.007168856430814219,31,Mugla,Fethiye,albopictus,0,0,1,0.0030342430987664436,0
TUR.59.4_1,2056,4,14.157807195887846,56.44562734542045,Mugla,Fethiye,0.0983075712299607,0.009782593188717437,30,Mugla,Fethiye,albopictus,0,0,1,0.003247767882413555,0
TUR.59.4_1,2056,5,17.72701945024378,57.91194156994935,Mugla,Fethiye,0.1374079904138645,0.013209525665145883,31,Mugla,Fethiye,albopictus,0,0,1,0.03302427979543045,0
TUR.59.4_1,2056,6,25.39327439139871,31.96887258636054,Mugla,Fethiye,0.15455250082466918,0.015336430620646269,30,Mugla,Fethiye,albopictus,2.599797249625002e-8,2.599797249625002e-8,0.9999999740020276,0.10203490491657688,4.018051669163469e-9
TUR.59.4_1,2056,7,29.18930581036736,23.89591273631654,Mugla,Fethiye,0.18149629747312496,0.01741080713779941,31,Mugla,Fethiye,albopictus,1.714870373481503e-11,1.714870373481503e-11,0.9999999999828513,0.07211449229858077,3.112399227234164e-12
TUR.59.4_1,2056,8,27.712549097397748,41.16725697565871,Mugla,Fethiye,0.21551541265817867,0.020640341187287192,31,Mugla,Fethiye,albopictus,6.7585071927254714e-6,6.7585071927254714e-6,0.9999932414928073,0.12516015176482145,1.4565614058215104e-6
TUR.59.4_1,2056,9,22.745689504286823,61.97719490725556,Mugla,Fethiye,0.17177619106677708,0.017030924960631855,30,Mugla,Fethiye,albopictus,1.4661106653749423e-5,1.4661106653749423e-5,0.9999853388933463,0.1354036759673759,2.5184258866106646e-6
TUR.59.4_1,2056,10,16.77150210212259,68.44336097321505,Mugla,Fethiye,0.16927826732863657,0.0162483163650059,31,Mugla,Fethiye,albopictus,0,0,1,0.024788711164617394,0
TUR.59.4_1,2056,11,12.250881124945249,72.40804439265993,Mugla,Fethiye,0.09818979129023804,0.009770930345386453,30,Mugla,Fethiye,albopictus,0,0,1,1.8817884080136587e-4,0
TUR.59.4_1,2056,12,6.053568110746496,71.85786069072027,Mugla,Fethiye,0.08076264502428201,0.007785276362965443,31,Mugla,Fethiye,albopictus,0,0,1,0,0
TUR.59.4_1,2057,1,6.502848657615044,72.56593747352659,Mugla,Fethiye,0.06959408711428929,0.006712282967950567,31,Mugla,Fethiye,albopictus,0,0,1,0,0
TUR.59.4_1,2057,2,5.8824296172927415,71.97538487217493,Mugla,Fethiye,0.05205848325912872,0.005562168176879823,28,Mugla,Fethiye,albopictus,0,0,1,0,0
TUR.59.4_1,2057,3,9.882280728396246,63.629126922805796,Mugla,Fethiye,0.06390612906258526,0.00616537966731423,31,Mugla,Fethiye,albopictus,0,0,1,0,0
TUR.59.4_1,2057,4,12.806382024989409,61.72004522261771,Mugla,Fethiye,0.08450410167706288,0.008414805812757553,30,Mugla,Fethiye,albopictus,0,0,1,5.334836529214431e-4,0
TUR.59.4_1,2057,5,18.913575312670538,49.177543681765755,Mugla,Fethiye,0.11811438984706904,0.011365345714715258,31,Mugla,Fethiye,albopictus,3.885780586188048e-19,3.885780586188048e-19,1,0.045346745827537296,0
TUR.59.4_1,2057,6,24.602228248820584,39.671181241145696,Mugla,Fethiye,0.13285162150513852,0.013197303884624034,30,Mugla,Fethiye,albopictus,2.673741020029485e-7,2.673741020029485e-7,0.999999732625898,0.11334133517290147,3.552108240878482e-8
TUR.59.4_1,2057,7,25.79860451642205,47.9867597516974,Mugla,Fethiye,0.15601221130570628,0.014984553229803854,31,Mugla,Fethiye,albopictus,1.0553099777773328e-4,1.0553099777773328e-4,0.9998944690022222,0.14318275863309848,1.646398879162625e-5
TUR.59.4_1,2057,8,26.702529795029584,46.66124119807082,Mugla,Fethiye,0.1852546667198155,0.01776812276701012,31,Mugla,Fethiye,albopictus,1.241878064251099e-4,1.241878064251099e-4,0.9998758121935749,0.14343791317312485,2.3006106045442287e-5
TUR.59.4_1,2057,9,23.145734899184284,49.205817343778996,Mugla,Fethiye,0.14765691527105498,0.014657213279077097,30,Mugla,Fethiye,albopictus,3.17809774465827e-7,3.17809774465827e-7,0.9999996821902255,0.11596487691292716,4.692680988238607e-8
TUR.59.4_1,2057,10,16.998212421641632,48.07450263581271,Mugla,Fethiye,0.14550972763424921,0.013982904747230962,31,Mugla,Fethiye,albopictus,0,0,1,0.02089216276533786,0
TUR.59.4_1,2057,11,9.75661270758685,66.80069118221071,Mugla,Fethiye,0.08440285934264936,0.00840476672195567,30,Mugla,Fethiye,albopictus,0,0,1,0,0
TUR.59.4_1,2057,12,7.979816661161535,73.62036526835699,Mugla,Fethiye,0.06942267702734692,0.006695806102200663,31,Mugla,Fethiye,albopictus,0,0,1,0,0
TUR.59.4_1,2058,1,6.625381025321343,68.92469449256956,Mugla,Fethiye,0.07520984013844864,0.007251948424360721,31,Mugla,Fethiye,albopictus,0,0,1,0,0
TUR.59.4_1,2058,2,6.192134874708513,77.2605334927804,Mugla,Fethiye,0.05625923646845668,0.006009644745489373,28,Mugla,Fethiye,albopictus,0,0,1,0,0
TUR.59.4_1,2058,3,8.330928704317877,66.85853518696595,Mugla,Fethiye,0.06906290390404797,0.006661221872514167,31,Mugla,Fethiye,albopictus,0,0,1,0,0
TUR.59.4_1,2058,4,14.20754989455728,63.95071996627006,Mugla,Fethiye,0.09132298793916024,0.009090726001257043,30,Mugla,Fethiye,albopictus,0,0,1,0.0038674621189650946,0
TUR.59.4_1,2058,5,15.73113550859339,69.90807728161927,Mugla,Fethiye,0.1276453898139358,0.012276797263152561,31,Mugla,Fethiye,albopictus,0,0,1,0.014021813771441457,0
TUR.59.4_1,2058,6,25.110286796794217,34.527828732600774,Mugla,Fethiye,0.1435718123455867,0.014254608380491307,30,Mugla,Fethiye,albopictus,5.833092373863647e-8,5.833092373863647e-8,0.9999999416690762,0.10537971361613456,8.374676396805114e-9
TUR.59.4_1,2058,7,27.78905632916619,33.8450361188849,Mugla,Fethiye,0.1686012987379045,0.01618386564182328,31,Mugla,Fethiye,albopictus,1.0656961175198321e-7,1.0656961175198321e-7,0.9999998934303882,0.10533373596646356,1.796777482354628e-8
TUR.59.4_1,2058,8,27.089038736679974,48.70276417780715,Mugla,Fethiye,0.20020341449436355,0.019188044154749617,31,Mugla,Fethiye,albopictus,3.719630468944868e-4,3.719630468944868e-4,0.9996280369531055,0.15078754840734646,7.446549936107605e-5
TUR.59.4_1,2058,9,21.050102346083698,57.928805472441105,Mugla,Fethiye,0.15957178911816394,0.01583053763967568,30,Mugla,Fethiye,albopictus,4.673246999375991e-10,4.673246999375991e-10,0.9999999995326753,0.09161808944029393,7.45717931849299e-11
TUR.59.4_1,2058,10,16.915034855113312,72.66307227692599,Mugla,Fethiye,0.15725133855106024,0.015102664807038146,31,Mugla,Fethiye,albopictus,0,0,1,0.028045523986159258,0
TUR.59.4_1,2058,11,11.394879271002377,74.82013850887087,Mugla,Fethiye,0.09121357606090716,0.009079884217461531,30,Mugla,Fethiye,albopictus,0,0,1,4.964168008609229e-6,0
TUR.59.4_1,2058,12,5.216773257536047,63.674579745896054,Mugla,Fethiye,0.07502459846388107,0.007234151654053167,31,Mugla,Fethiye,albopictus,0,0,1,0,0
TUR.59.4_1,2059,1,3.634717020041802,71.4435772440344,Mugla,Fethiye,0.0721282772013932,0.00695585115338504,31,Mugla,Fethiye,albopictus,0,0,1,0,0
TUR.59.4_1,2059,2,4.795294302351335,71.00234715244837,Mugla,Fethiye,0.05395413413544952,0.00576412341143917,28,Mugla,Fethiye,albopictus,0,0,1,0,0
TUR.59.4_1,2059,3,8.773468873080084,67.40592898579408,Mugla,Fethiye,0.06623319858085666,0.006389166298722215,31,Mugla,Fethiye,albopictus,0,0,1,0,0
TUR.59.4_1,2059,4,14.790271604762358,65.89465917525443,Mugla,Fethiye,0.0875812231060422,0.00871988167754556,30,Mugla,Fethiye,albopictus,0,0,1,0.0067132375271435445,0
TUR.59.4_1,2059,5,22.30476488786585,39.839843791629036,Mugla,Fethiye,0.12241539196242421,0.011776755547689977,31,Mugla,Fethiye,albopictus,1.8322330269660014e-10,1.8322330269660014e-10,0.9999999998167767,0.08667797936270155,2.2429391677292188e-11
TUR.59.4_1,2059,6,23.231723869548123,49.3220372592121,Mugla,Fethiye,0.13768926326802441,0.013674568227066142,30,Mugla,Fethiye,albopictus,4.6349559097880187e-7,4.6349559097880187e-7,0.999999536504409,0.11727415321711804,6.381836437086008e-8
TUR.59.4_1,2059,7,22.949664620792166,61.49671611156068,Mugla,Fethiye,0.16169321979007367,0.01552594127700202,31,Mugla,Fethiye,albopictus,2.7176862992696227e-5,2.7176862992696227e-5,0.9999728231370073,0.13898598509958376,4.39430482612746e-6
TUR.59.4_1,2059,8,27.377803690293256,46.46072926569777,Mugla,Fethiye,0.19200050619350695,0.01840913724224924,31,Mugla,Fethiye,albopictus,1.1791810475349729e-4,1.1791810475349729e-4,0.9998820818952465,0.14241296803976242,2.26400795115822e-5
TUR.59.4_1,2059,9,22.33375560536104,48.39639961916962,Mugla,Fethiye,0.15303367508626375,0.015186866025521661,30,Mugla,Fethiye,albopictus,8.532488822321494e-9,8.532488822321494e-9,0.9999999914675112,0.10106737996720182,1.3057581682573982e-9
TUR.59.4_1,2059,10,19.142700756297394,46.676927257394745,Mugla,Fethiye,0.1508083000365617,0.014488370269666873,31,Mugla,Fethiye,albopictus,3.2751579226442116e-18,3.2751579226442116e-18,1,0.04689570560839501,0
TUR.59.4_1,2059,11,10.871742178412045,63.06616359432009,Mugla,Fethiye,0.08747629414635773,0.00870948022381779,30,Mugla,Fethiye,albopictus,0,0,1,4.22684575513031e-9,0
TUR.59.4_1,2059,12,7.952908263486974,78.22938168681402,Mugla,Fethiye,0.07195062540971454,0.006938778483505992,31,Mugla,Fethiye,albopictus,0,0,1,0,0
TUR.59.4_1,2060,1,7.015118154532769,75.82002682899534,Mugla,Fethiye,0.07464754048652195,0.00719792548188436,31,Mugla,Fethiye,albopictus,0,0,1,0,0
TUR.59.4_1,2060,2,4.793396967298845,65.83945194981165,Mugla,Fethiye,0.057832855716175184,0.005964848443605786,29,Mugla,Fethiye,albopictus,0,0,1,0,0
TUR.59.4_1,2060,3,8.24424209314234,68.34727420063783,Mugla,Fethiye,0.06854656127182317,0.0066115848427587,31,Mugla,Fethiye,albopictus,0,0,1,0,0
TUR.59.4_1,2060,4,12.508464658961577,62.71516241011771,Mugla,Fethiye,0.09064021977695479,0.009023067561139908,30,Mugla,Fethiye,albopictus,0,0,1,2.926221997895275e-4,0
TUR.59.4_1,2060,5,18.42052187639124,49.1121864735138,Mugla,Fethiye,0.12669106045849116,0.012185572413859203,31,Mugla,Fethiye,albopictus,0,0,1,0.03795735972070458,0
TUR.59.4_1,2060,6,23.040653312907498,51.08328680144843,Mugla,Fethiye,0.14249841051465875,0.014148792610631511,30,Mugla,Fethiye,albopictus,4.959421282944021e-7,4.959421282944021e-7,0.9999995040578717,0.1179987627393691,7.067096252644234e-8
TUR.59.4_1,2060,7,25.724084405338065,45.90864238109193,Mugla,Fethiye,0.16734076618763988,0.01606384552208817,31,Mugla,Fethiye,albopictus,3.643603822852126e-5,3.643603822852126e-5,0.9999635639617714,0.13736252077260247,6.09721596589452e-6
TUR.59.4_1,2060,8,27.702510721543256,42.199086809643084,Mugla,Fethiye,0.1987066115483995,0.019045961391137123,31,Mugla,Fethiye,albopictus,1.0954542675882972e-5,1.0954542675882972e-5,0.9999890454573241,0.12854641870453978,2.1767376870984734e-6
TUR.59.4_1,2060,9,23.724723928114948,43.7573195715622,Mugla,Fethiye,0.15837876489004046,0.015713116834204177,30,Mugla,Fethiye,albopictus,1.9646909675768986e-7,1.9646909675768986e-7,0.9999998035309032,0.11266159733536492,3.1116532350772275e-8
TUR.59.4_1,2060,10,16.142501438365265,55.0138794668674,Mugla,Fethiye,0.1560756629643352,0.014990601681931004,31,Mugla,Fethiye,albopictus,0,0,1,0.014705470297873028,0
TUR.59.4_1,2060,11,12.377592970343198,73.35535579402712,Mugla,Fethiye,0.09053162590683661,0.00901230610067938,30,Mugla,Fethiye,albopictus,0,0,1,2.70085786007687e-4,0
TUR.59.4_1,2060,12,7.07499574212467,74.41846860087652,Mugla,Fethiye,0.07446368375478818,0.007180260807507666,31,Mugla,Fethiye,albopictus,0,0,1,0,0
TUR.59.4_1,2061,1,4.852314266211846,56.995323612442604,Mugla,Fethiye,0.0696547460995613,0.006718113772610446,31,Mugla,Fethiye,albopictus,0,0,1,0,0
TUR.59.4_1,2061,2,3.5528571780990155,69.97880284092493,Mugla,Fethiye,0.052103858015810446,0.0055670027052695525,28,Mugla,Fethiye,albopictus,0,0,1,0,0
TUR.59.4_1,2061,3,8.47726382928736,73.84024752827455,Mugla,Fethiye,0.06396183035995599,0.006170736866848769,31,Mugla,Fethiye,albopictus,0,0,1,0,0
TUR.59.4_1,2061,4,13.872956121669096,57.1109715837017,Mugla,Fethiye,0.08457775639791057,0.00842210927892828,30,Mugla,Fethiye,albopictus,0,0,1,0.0023768607022471213,0
TUR.59.4_1,2061,5,18.322739741381476,53.1562538563263,Mugla,Fethiye,0.11821733967127435,0.011375195320217246,31,Mugla,Fethiye,albopictus,0,0,1,0.03912195531130032,0
TUR.59.4_1,2061,6,22.927858436808865,48.63202718841132,Mugla,Fethiye,0.1329674164654059,0.013208730496365617,30,Mugla,Fethiye,albopictus,1.0782629655109454e-7,1.0782629655109454e-7,0.9999998921737034,0.1111832465579036,1.4337383946738669e-8
TUR.59.4_1,2061,7,26.74083092633416,48.12837657298646,Mugla,Fethiye,0.1561481932952725,0.01499751550195405,31,Mugla,Fethiye,albopictus,2.3341797661268233e-4,2.3341797661268233e-4,0.9997665820233873,0.14789503481794852,3.644713111783382e-5
TUR.59.4_1,2061,8,28.194446451523724,41.08023991633254,Mugla,Fethiye,0.18541613676082158,0.017783471133043127,31,Mugla,Fethiye,albopictus,4.5033709333858196e-6,4.5033709333858196e-6,0.9999954966290666,0.12280012167961783,8.349972923094029e-7
TUR.59.4_1,2061,9,21.11103832020479,64.95304787356415,Mugla,Fethiye,0.14778561469107937,0.014669894501991299,30,Mugla,Fethiye,albopictus,1.0936436821207263e-8,1.0936436821207263e-8,0.9999999890635631,0.10353338104779163,1.6162480243053778e-9
TUR.59.4_1,2061,10,16.69085844825296,44.93100898346896,Mugla,Fethiye,0.1456365555414966,0.01399500671986953,31,Mugla,Fethiye,albopictus,0,0,1,0.017205472088938276,0
TUR.59.4_1,2061,11,12.370306898565854,71.32485347469118,Mugla,Fethiye,0.0844764258195452,0.008412061511904878,30,Mugla,Fethiye,albopictus,0,0,1,2.4855488580039533e-4,0
TUR.59.4_1,2061,12,8.152429805082434,74.46452725566168,Mugla,Fethiye,0.06948318660966861,0.0067016226421277025,31,Mugla,Fethiye,albopictus,0,0,1,0,0
TUR.59.4_1,2062,1,4.703000339515069,70.96233029579221,Mugla,Fethiye,0.07512539745947643,0.007243835781049812,31,Mugla,Fethiye,albopictus,0,0,1,0,0
TUR.59.4_1,2062,2,7.540384310133318,64.39612309238977,Mugla,Fethiye,0.056196070789130914,0.006002917643150751,28,Mugla,Fethiye,albopictus,0,0,1,0,0
TUR.59.4_1,2062,3,9.194821736391852,69.37128390522767,Mugla,Fethiye,0.06898536276564743,0.0066537678490945495,31,Mugla,Fethiye,albopictus,0,0,1,0,0
TUR.59.4_1,2062,4,14.743593061671538,47.99480260787162,Mugla,Fethiye,0.09122045404546851,0.00908056577055294,30,Mugla,Fethiye,albopictus,0,0,1,0.004976949599488989,0
TUR.59.4_1,2062,5,18.43470110612757,55.14581684460755,Mugla,Fethiye,0.1275020745422307,0.012263098217913049,31,Mugla,Fethiye,albopictus,0,0,1,0.04184451197092729,0
TUR.59.4_1,2062,6,22.324335182414334,44.80531744109687,Mugla,Fethiye,0.1434106155070209,0.014238718348344559,30,Mugla,Fethiye,albopictus,1.5570585754631773e-9,1.5570585754631773e-9,0.9999999984429414,0.09478590001379647,2.2329871285364788e-10
TUR.59.4_1,2062,7,26.941228417789237,43.16585978831849,Mugla,Fethiye,0.1684119997669532,0.016165842697852595,31,Mugla,Fethiye,albopictus,2.2964775868630714e-5,2.2964775868630714e-5,0.9999770352241314,0.13300729673438377,3.867536349289047e-6
TUR.59.4_1,2062,8,27.453163034775677,43.87420811701613,Mugla,Fethiye,0.19997863389879034,0.01916670835860368,31,Mugla,Fethiye,albopictus,3.079748130193538e-5,3.079748130193538e-5,0.999969202518698,0.13429773946483992,6.15881927268358e-6
TUR.59.4_1,2062,9,22.040165059706744,55.499945761747746,Mugla,Fethiye,0.15939262812890084,0.015812905004274236,30,Mugla,Fethiye,albopictus,4.319518929440935e-8,4.319518929440935e-8,0.9999999568048107,0.10818244928457582,6.884994685485424e-9
TUR.59.4_1,2062,10,17.18895014594583,58.52286689362521,Mugla,Fethiye,0.15707478287330887,0.015085836674579078,31,Mugla,Fethiye,albopictus,0,0,1,0.02637568162683776,0
TUR.59.4_1,2062,11,11.22216789862689,74.4328399248865,Mugla,Fethiye,0.09111116501061056,0.009069736048515686,30,Mugla,Fethiye,albopictus,0,0,1,1.1760305688429396e-6,0
TUR.59.4_1,2062,12,8.521170363706702,72.91251767314215,Mugla,Fethiye,0.07494036376704562,0.007226058847171424,31,Mugla,Fethiye,albopictus,0,0,1,0,0
TUR.59.4_1,2063,1,7.820636304862359,74.45770688270628,Mugla,Fethiye,0.08218105103543437,0.007921463467015166,31,Mugla,Fethiye,albopictus,0,0,1,0,0
TUR.59.4_1,2063,2,7.493578928358415,70.85312382481165,Mugla,Fethiye,0.0614739131863308,0.0065648473127308815,28,Mugla,Fethiye,albopictus,0,0,1,0,0
TUR.59.4_1,2063,3,9.707736393984625,69.42955722065736,Mugla,Fethiye,0.07546435439758852,0.007276399916930298,31,Mugla,Fethiye,albopictus,0,0,1,0,0
TUR.59.4_1,2063,4,16.681898916468903,43.30124486861381,Mugla,Fethiye,0.0997877288227313,0.009929150123400343,30,Mugla,Fethiye,albopictus,0,0,1,0.016670705795491226,0
TUR.59.4_1,2063,5,18.817742487963507,41.44600681653138,Mugla,Fethiye,0.13947685935014079,0.013407074291052812,31,Mugla,Fethiye,albopictus,0,0,1,0.039009950609442075,0
TUR.59.4_1,2063,6,23.481021965251248,41.06513265716132,Mugla,Fethiye,0.15687950427633818,0.01556553551568629,30,Mugla,Fethiye,albopictus,2.7276260344433202e-8,2.7276260344433202e-8,0.9999999727237396,0.10435482403364289,4.2790861964903115e-9
TUR.59.4_1,2063,7,29.659371880924002,27.335289567371227,Mugla,Fethiye,0.18422897736139307,0.017670621336083325,31,Mugla,Fethiye,albopictus,4.1432029362908906e-11,4.1432029362908906e-11,0.9999999999585679,0.07424173828066807,7.633005338902876e-12
TUR.59.4_1,2063,8,27.197538263657513,46.13732304621535,Mugla,Fethiye,0.21876029777144115,0.020947832541891143,31,Mugla,Fethiye,albopictus,1.1251437256744429e-4,1.1251437256744429e-4,0.9998874856274326,0.14250444830444284,2.4613374732362914e-5
TUR.59.4_1,2063,9,24.949127309462604,32.161254050321965,Mugla,Fethiye,0.17436252119662995,0.017285120341105076,30,Mugla,Fethiye,albopictus,1.3255374185949797e-8,1.3255374185949797e-8,0.9999999867446259,0.09995879772273238,2.3112404212710658e-9
TUR.59.4_1,2063,10,17.76824625800638,45.58255546174045,Mugla,Fethiye,0.1718269877327998,0.016490929152094935,31,Mugla,Fethiye,albopictus,0,0,1,0.028157982903683015,0
TUR.59.4_1,2063,11,11.330357481451596,73.11657100398806,Mugla,Fethiye,0.09966817554175042,0.009917313430794161,30,Mugla,Fethiye,albopictus,0,0,1,3.073911980933279e-6,0
TUR.59.4_1,2063,12,8.382178530973547,72.83224118388434,Mugla,Fethiye,0.0819786392834149,0.007902030210098387,31,Mugla,Fethiye,albopictus,0,0,1,0,0
TUR.59.4_1,2064,1,6.63514760399566,72.69058652137815,Mugla,Fethiye,0.0744139897175756,0.00717548622624653,31,Mugla,Fethiye,albopictus,0,0,1,0,0
TUR.59.4_1,2064,2,3.950380342848161,65.38009373447962,Mugla,Fethiye,0.057651913278757384,0.005946241737409097,29,Mugla,Fethiye,albopictus,0,0,1,0,0
TUR.59.4_1,2064,3,10.283811947878668,66.72408999653626,Mugla,Fethiye,0.06833209871901404,0.006590967407958281,31,Mugla,Fethiye,albopictus,0,0,1,0,0
TUR.59.4_1,2064,4,14.04247363875894,59.74298681197318,Mugla,Fethiye,0.09035663249613612,0.008994964317293186,30,Mugla,Fethiye,albopictus,0,0,1,0.00301634310050544,0
TUR.59.4_1,2064,5,20.228415629443,53.70795063367005,Mugla,Fethiye,0.12629468042512554,0.01214767975976283,31,Mugla,Fethiye,albopictus,4.4648246211309585e-13,4.4648246211309585e-13,0.9999999999995535,0.07070628520417564,5.639932965095795e-14
TUR.59.4_1,2064,6,22.614627922282498,54.473881283870305,Mugla,Fethiye,0.14205257381150124,0.014104838765616301,30,Mugla,Fethiye,albopictus,3.5271881812032336e-7,3.5271881812032336e-7,0.9999996472811818,0.11681000097440442,5.010461467946925e-8
TUR.59.4_1,2064,7,25.498925713931815,48.50950679149232,Mugla,Fethiye,0.16681720487048907,0.016013990945325074,31,Mugla,Fethiye,albopictus,9.585491059954121e-5,9.585491059954121e-5,0.9999041450894005,0.14335956437719688,1.599012041597625e-5
TUR.59.4_1,2064,8,28.116498834946576,45.34499898005324,Mugla,Fethiye,0.1980849154868899,0.01898694136451773,31,Mugla,Fethiye,albopictus,4.8772550941875604e-5,4.8772550941875604e-5,0.9999512274490582,0.1366037497055815,9.661059963028684e-6
TUR.59.4_1,2064,9,22.65557300343233,49.709445120878605,Mugla,Fethiye,0.15788324310749063,0.01566434206667744,30,Mugla,Fethiye,albopictus,5.728599075621732e-8,5.728599075621732e-8,0.9999999427140093,0.10837086234048736,9.044497928378803e-9
TUR.59.4_1,2064,10,17.00633581946878,68.66362159333224,Mugla,Fethiye,0.15558734692791185,0.014944052593175772,31,Mugla,Fethiye,albopictus,0,0,1,0.028022812175421307,0
TUR.59.4_1,2064,11,11.897175718756284,69.5598693438318,Mugla,Fethiye,0.09024837838512728,0.008984236222311037,30,Mugla,Fethiye,albopictus,0,0,1,5.5963120609664054e-5,0
TUR.59.4_1,2064,12,6.565002665800207,66.14741147197027,Mugla,Fethiye,0.07423070822088364,0.007157876422058673,31,Mugla,Fethiye,albopictus,0,0,1,0,0
TUR.59.4_1,2065,1,5.934632333762505,79.26282925819456,Mugla,Fethiye,0.07738128775551584,0.007460542673451087,31,Mugla,Fethiye,albopictus,0,0,1,0,0
TUR.59.4_1,2065,2,8.265904444105486,70.92027775547571,Mugla,Fethiye,0.05788354499966174,0.006182616873687485,28,Mugla,Fethiye,albopictus,0,0,1,0,0
TUR.59.4_1,2065,3,9.727245709475348,66.85238589497376,Mugla,Fethiye,0.07105687806798879,0.006852883237311924,31,Mugla,Fethiye,albopictus,0,0,1,0,0
TUR.59.4_1,2065,4,12.4233597166398,69.57383550582084,Mugla,Fethiye,0.09395965202698311,0.009351961049994362,30,Mugla,Fethiye,albopictus,0,0,1,2.747181409319196e-4,0
TUR.59.4_1,2065,5,15.807790896471808,70.23992542615052,Mugla,Fethiye,0.13133074903064004,0.012629003627671498,31,Mugla,Fethiye,albopictus,0,0,1,0.01474297760714793,0
TUR.59.4_1,2065,6,22.685968483195584,56.13045934783515,Mugla,Fethiye,0.1477169969281087,0.01466313336403191,30,Mugla,Fethiye,albopictus,1.0529192561282153e-6,1.0529192561282153e-6,0.9999989470807439,0.12196644992439502,1.5553405841028933e-7
TUR.59.4_1,2065,7,28.348081139957205,31.224381059070446,Mugla,Fethiye,0.17346913102826586,0.016647213136253836,31,Mugla,Fethiye,albopictus,1.056428610168858e-8,1.056428610168858e-8,0.9999999894357139,0.09542585160752566,1.8325775341665462e-9
TUR.59.4_1,2065,8,27.685275919297162,43.347165728100116,Mugla,Fethiye,0.205983658496109,0.019736535806591737,31,Mugla,Fethiye,albopictus,2.2330121940954406e-5,2.2330121940954406e-5,0.999977669878059,0.13178876090348665,4.599629633728064e-6
TUR.59.4_1,2065,9,24.367298238417682,37.67494118411103,Mugla,Fethiye,0.1641789227139,0.01628385322677761,30,Mugla,Fethiye,albopictus,6.540687739081674e-8,6.540687739081674e-8,0.9999999345931226,0.10707270484451979,1.0738430589185555e-8
TUR.59.4_1,2065,10,14.85874995063333,66.11870734772677,Mugla,Fethiye,0.16179147643393235,0.015535302308332666,31,Mugla,Fethiye,albopictus,0,0,1,0.007146636602322152,0
TUR.59.4_1,2065,11,11.544507910223569,71.58326869685915,Mugla,Fethiye,0.0938470812248196,0.009340809182785126,30,Mugla,Fethiye,albopictus,0,0,1,1.1587164916202193e-5,0
TUR.59.4_1,2065,12,8.178025470060462,79.43789303935309,Mugla,Fethiye,0.07719069781013581,0.007442235920016027,31,Mugla,Fethiye,albopictus,0,0,1,0,0
TUR.59.4_1,2066,1,8.125273736960747,65.74244351600706,Mugla,Fethiye,0.07552789285606602,0.007282504039509696,31,Mugla,Fethiye,albopictus,0,0,1,0,0
TUR.59.4_1,2066,2,7.312295931227068,62.93260685703821,Mugla,Fethiye,0.056497149526334924,0.006034981917369953,28,Mugla,Fethiye,albopictus,0,0,1,0,0
TUR.59.4_1,2066,3,8.28816356378443,69.32383670063783,Mugla,Fethiye,0.0693549620208156,0.006689296893778507,31,Mugla,Fethiye,albopictus,0,0,1,0,0
TUR.59.4_1,2066,4,11.131496275172514,77.26609624800834,Mugla,Fethiye,0.0917091810814608,0.009128993498946136,30,Mugla,Fethiye,albopictus,0,0,1,5.229113987930289e-7,0
TUR.59.4_1,2066,5,16.51774611192591,61.15180591931458,Mugla,Fethiye,0.12818518571094767,0.012328392908946828,31,Mugla,Fethiye,albopictus,0,0,1,0.019733846346719805,0
TUR.59.4_1,2066,6,24.36251457999734,36.70197347747382,Mugla,Fethiye,0.14417895903019218,0.01431445576830448,30,Mugla,Fethiye,albopictus,3.808572664648624e-8,3.808572664648624e-8,0.9999999619142733,0.10503102243533682,5.491160415260765e-9
TUR.59.4_1,2066,7,27.712398080264823,36.15559825267396,Mugla,Fethiye,0.16931429189357003,0.016251745961582964,31,Mugla,Fethiye,albopictus,4.140613575904228e-7,4.140613575904228e-7,0.9999995859386424,0.11118609947628016,7.010650315830702e-8
TUR.59.4_1,2066,8,26.988675958970013,48.11005559016066,Mugla,Fethiye,0.2010500489233026,0.01926840110505812,31,Mugla,Fethiye,albopictus,2.774125120751822e-4,2.774125120751822e-4,0.9997225874879249,0.14836797824917253,5.577224379527124e-5
TUR.59.4_1,2066,9,22.541048162123737,53.04314720828095,Mugla,Fethiye,0.16024659764176505,0.01589694799312369,30,Mugla,Fethiye,albopictus,1.4775310739534308e-7,1.4775310739534308e-7,0.9999998522468926,0.113176538214183,2.3676932525695804e-8
TUR.59.4_1,2066,10,16.602841938243195,61.679986644601776,Mugla,Fethiye,0.15791633418837406,0.015166045260943006,31,Mugla,Fethiye,albopictus,0,0,1,0.020735742067017005,0
TUR.59.4_1,2066,11,12.445908476324643,73.21287685115603,Mugla,Fethiye,0.09159930651448037,0.009118106286857608,30,Mugla,Fethiye,albopictus,0,0,1,3.114944752015851e-4,0
TUR.59.4_1,2066,12,7.5515978196088005,73.4141656223609,Mugla,Fethiye,0.07534186781833875,0.007264632558357631,31,Mugla,Fethiye,albopictus,0,0,1,0,0
TUR.59.4_1,2067,1,8.774478944785454,76.27242703651487,Mugla,Fethiye,0.0783338704854104,0.007552036128377848,31,Mugla,Fethiye,albopictus,0,0,1,0,0
TUR.59.4_1,2067,2,6.5467105087111985,72.58061711094446,Mugla,Fethiye,0.05859610570924779,0.006258487750980923,28,Mugla,Fethiye,albopictus,0,0,1,0,0
TUR.59.4_1,2067,3,10.37368430810816,68.54175509663392,Mugla,Fethiye,0.07193160575540654,0.006936950641713513,31,Mugla,Fethiye,albopictus,0,0,1,0,0
TUR.59.4_1,2067,4,11.601732099757475,58.19001592574271,Mugla,Fethiye,0.09511631850829826,0.009466539361565496,30,Mugla,Fethiye,albopictus,0,0,1,1.069990781483515e-5,0
TUR.59.4_1,2067,5,15.818664691027472,65.58605579724427,Mugla,Fethiye,0.1329474629295605,0.012783471841656957,31,Mugla,Fethiye,albopictus,0,0,1,0.013967990689661845,0
TUR.59.4_1,2067,6,23.59836586783914,39.88733724700507,Mugla,Fethiye,0.14953542957852137,0.014842293946960128,30,Mugla,Fethiye,albopictus,2.256696973018668e-8,2.256696973018668e-8,0.9999999774330303,0.10325736902414777,3.3745615191094203e-9
TUR.59.4_1,2067,7,27.43747475567986,31.779060929675914,Mugla,Fethiye,0.1756045787983964,0.016850408125190453,31,Mugla,Fethiye,albopictus,4.2761209665787006e-8,4.2761209665787006e-8,0.9999999572387903,0.10173310356449934,7.509064148258915e-9
TUR.59.4_1,2067,8,28.814971811631146,34.54526295710402,Mugla,Fethiye,0.2085193681155177,0.019977054375038383,31,Mugla,Fethiye,albopictus,3.769385568552774e-8,3.769385568552774e-8,0.9999999623061443,0.1004390679709602,7.85989895391026e-9
TUR.59.4_1,2067,9,24.70761501087862,39.1555014868454,Mugla,Fethiye,0.16620000572926777,0.01648265033644647,30,Mugla,Fethiye,albopictus,2.5719506414989544e-7,2.5719506414989544e-7,0.9999997428049359,0.11273163991277295,4.274582021679407e-8
TUR.59.4_1,2067,10,18.673090542063996,49.391500163888885,Mugla,Fethiye,0.16378316939699142,0.015725034159388085,31,Mugla,Fethiye,albopictus,0,0,1,0.04176802342517177,0
TUR.59.4_1,2067,11,12.435734678717221,68.29703670223024,Mugla,Fethiye,0.09500236193180686,0.009455251517041963,30,Mugla,Fethiye,albopictus,0,0,1,2.7675337199546186e-4,0
TUR.59.4_1,2067,12,8.20782683877384,74.31148923075934,Mugla,Fethiye,0.0781409343308146,0.007533505720502931,31,Mugla,Fethiye,albopictus,0,0,1,0,0
TUR.59.4_1,2068,1,5.292027267463067,74.59988064979612,Mugla,Fethiye,0.07516658468740847,0.0072477927610106185,31,Mugla,Fethiye,albopictus,0,0,1,0,0
TUR.59.4_1,2068,2,7.328121202833513,78.65868870518274,Mugla,Fethiye,0.05823498294212992,0.006006198817800623,29,Mugla,Fethiye,albopictus,0,0,1,0,0
TUR.59.4_1,2068,3,9.077577492770025,69.54604281636048,Mugla,Fethiye,0.06902318374172593,0.006657403583481325,31,Mugla,Fethiye,albopictus,0,0,1,0,0
TUR.59.4_1,2068,4,11.894887769923491,69.46336950240287,Mugla,Fethiye,0.09127046533006586,0.009085521473544689,30,Mugla,Fethiye,albopictus,0,0,1,5.4792764201873196e-5,0
TUR.59.4_1,2068,5,16.330233714159796,75.14844898572083,Mugla,Fethiye,0.12757197709427792,0.01226978000145973,31,Mugla,Fethiye,albopictus,0,0,1,0.021365311094757276,0
TUR.59.4_1,2068,6,23.11343582938699,47.75569585906562,Mugla,Fethiye,0.1434892398592175,0.014246468802094792,30,Mugla,Fethiye,albopictus,1.5229706593566928e-7,1.5229706593566928e-7,0.999999847702934,0.11231068682761905,2.1852989973147885e-8
TUR.59.4_1,2068,7,27.316194085513846,37.90029200877748,Mugla,Fethiye,0.16850433103780782,0.01617463349645465,31,Mugla,Fethiye,albopictus,1.3547711308475319e-6,1.3547711308475319e-6,0.9999986452288692,0.11816968452591722,2.2828477708181083e-7
TUR.59.4_1,2068,8,27.24827755198759,41.03888859797316,Mugla,Fethiye,0.20008827146284278,0.01917711502979924,31,Mugla,Fethiye,albopictus,7.084958847233036e-6,7.084958847233036e-6,0.9999929150411527,0.12621367623004667,1.4176161643453256e-6
TUR.59.4_1,2068,9,24.91542636646944,38.80774224001923,Mugla,Fethiye,0.1594800145618175,0.015821505426651616,30,Mugla,Fethiye,albopictus,3.5640039916956526e-7,3.5640039916956526e-7,0.9999996435996008,0.11401671999721841,5.683873927075922e-8
TUR.59.4_1,2068,10,15.737095440135283,52.45166938385959,Mugla,Fethiye,0.1571608985559323,0.015094044694135222,31,Mugla,Fethiye,albopictus,0,0,1,0.011049761942433164,0
TUR.59.4_1,2068,11,11.818872381659116,71.81735377986696,Mugla,Fethiye,0.09116111637788912,0.009074685868309396,30,Mugla,Fethiye,albopictus,0,0,1,4.3107222603916744e-5,0
TUR.59.4_1,2068,12,8.64513848809635,75.13090909159918,Mugla,Fethiye,0.07498144955092381,0.007230006151800139,31,Mugla,Fethiye,albopictus,0,0,1,0,0
TUR.59.4_1,2069,1,7.830763849265435,79.70058865760862,Mugla,Fethiye,0.07955972477999533,0.0076697642998402316,31,Mugla,Fethiye,albopictus,0,0,1,0,0
TUR.59.4_1,2069,2,5.731287973768572,69.43217961094446,Mugla,Fethiye,0.059513081819128795,0.006356115515005922,28,Mugla,Fethiye,albopictus,0,0,1,0,0
TUR.59.4_1,2069,3,12.071367642458746,58.52553881855775,Mugla,Fethiye,0.07305727039172855,0.007045124358313393,31,Mugla,Fethiye,albopictus,0,0,1,7.795763386347656e-5,0
TUR.59.4_1,2069,4,12.741328085170073,69.15381444869193,Mugla,Fethiye,0.09660480295067267,0.009613967753630992,30,Mugla,Fethiye,albopictus,0,0,1,5.411236977261226e-4,0
TUR.59.4_1,2069,5,15.594365260180304,59.07985691418763,Mugla,Fethiye,0.1350279705998246,0.01298221746806405,31,Mugla,Fethiye,albopictus,0,0,1,0.011064051364615338,0
TUR.59.4_1,2069,6,25.191978538737576,38.83055166350898,Mugla,Fethiye,0.1518755239387965,0.015072803174432714,30,Mugla,Fethiye,albopictus,5.583095653102777e-7,5.583095653102777e-7,0.9999994416904346,0.11621386540623915,8.479355417811973e-8
TUR.59.4_1,2069,7,27.746924905215995,37.614307969470836,Mugla,Fethiye,0.17835263178920174,0.017111832766099067,31,Mugla,Fethiye,albopictus,8.719202447684537e-7,8.719202447684537e-7,0.9999991280797552,0.11500651407116037,1.5550925824836526e-7
TUR.59.4_1,2069,8,27.360860712387982,46.37081685114699,Mugla,Fethiye,0.21178250781900204,0.020286484720238418,31,Mugla,Fethiye,albopictus,1.228814288010597e-4,1.228814288010597e-4,0.999877118571199,0.1427321042772628,2.6023798531005227e-5
TUR.59.4_1,2069,9,24.509500615737018,49.62524712283173,Mugla,Fethiye,0.16880088564903642,0.016738418126487575,30,Mugla,Fethiye,albopictus,2.25918157200779e-5,2.25918157200779e-5,0.9999774081842799,0.13571684207074178,3.813511230466027e-6
TUR.59.4_1,2069,10,18.29053934882669,49.213121105050995,Mugla,Fethiye,0.16634622801189067,0.015969141409752585,31,Mugla,Fethiye,albopictus,0,0,1,0.036417463660272084,0
TUR.59.4_1,2069,11,12.765146185370053,66.10577541072634,Mugla,Fethiye,0.09648906305672456,0.009602504969862036,30,Mugla,Fethiye,albopictus,0,0,1,5.351230795086487e-4,0
TUR.59.4_1,2069,12,8.8362715104047,71.9040108982398,Mugla,Fethiye,0.07936376934890743,0.007650946137626735,31,Mugla,Fethiye,albopictus,0,0,1,0,0
TUR.59.4_1,2070,1,7.72418454552398,75.6564678690344,Mugla,Fethiye,0.07436488618001055,0.007170768357378177,31,Mugla,Fethiye,albopictus,0,0,1,0,0
TUR.59.4_1,2070,2,4.833678263075212,66.58737675449915,Mugla,Fethiye,0.055627185337045956,0.005942329673879421,28,Mugla,Fethiye,albopictus,0,0,1,0,0
TUR.59.4_1,2070,3,9.826594731386969,72.9324487611847,Mugla,Fethiye,0.06828700843707805,0.006586632583014396,31,Mugla,Fethiye,albopictus,0,0,1,0,0
TUR.59.4_1,2070,4,13.367388571009917,61.40891088423881,Mugla,Fethiye,0.09029700889155767,0.008989055570439941,30,Mugla,Fethiye,albopictus,0,0,1,0.0013325420728481315,0
TUR.59.4_1,2070,5,14.737033030566046,72.92768482556458,Mugla,Fethiye,0.12621134239140286,0.01213971272731551,31,Mugla,Fethiye,albopictus,0,0,1,0.007129816996885134,0
TUR.59.4_1,2070,6,23.62888535331277,41.43103078948554,Mugla,Fethiye,0.14195883762129238,0.01409559731666754,30,Mugla,Fethiye,albopictus,5.0083756131913406e-8,5.0083756131913406e-8,0.9999999499162439,0.10700879889242003,7.109831834384295e-9
TUR.59.4_1,2070,7,27.42152932110955,40.11923274364076,Mugla,Fethiye,0.16670712725044823,0.016003508808394074,31,Mugla,Fethiye,albopictus,3.976469791574067e-6,3.976469791574067e-6,0.9999960235302084,0.12341624749305764,6.629056358287144e-7
TUR.59.4_1,2070,8,28.50866687999052,41.916955614574725,Mugla,Fethiye,0.19795420525181717,0.018974532081435957,31,Mugla,Fethiye,albopictus,5.050384276136244e-6,5.050384276136244e-6,0.9999949496157239,0.12311417570557767,9.997443058962219e-7
TUR.59.4_1,2070,9,22.919910543105182,41.56648171145478,Mugla,Fethiye,0.1577790607381775,0.015654086971153225,30,Mugla,Fethiye,albopictus,4.525664797472295e-9,4.525664797472295e-9,0.9999999954743352,0.0979359529111063,7.140551483431068e-10
TUR.59.4_1,2070,10,17.040031040416046,59.81274573884006,Mugla,Fethiye,0.1554846795509372,0.014934265469365937,31,Mugla,Fethiye,albopictus,0,0,1,0.02517038598427599,0
TUR.59.4_1,2070,11,10.903052259893979,56.934068257406025,Mugla,Fethiye,0.0901888262141573,0.008978334490718165,30,Mugla,Fethiye,albopictus,0,0,1,6.024714120360747e-9,0
TUR.59.4_1,2070,12,5.602208838743322,71.97388089335699,Mugla,Fethiye,0.07418172562522606,0.007153170089843619,31,Mugla,Fethiye,albopictus,0,0,1,0,0
TUR.59.4_1,2071,1,5.921708616263726,72.17459531044065,Mugla,Fethiye,0.07891589784662825,0.007607934412465545,31,Mugla,Fethiye,albopictus,0,0,1,0,0
TUR.59.4_1,2071,2,6.533301847822527,75.57251469395227,Mugla,Fethiye,0.05903147978909678,0.006304841951593421,28,Mugla,Fethiye,albopictus,0,0,1,0,0
TUR.59.4_1,2071,3,11.768631360110113,59.163421051223764,Mugla,Fethiye,0.07246606374179927,0.006988312262902752,31,Mugla,Fethiye,albopictus,0,0,1,2.3760884717428698e-5,0
TUR.59.4_1,2071,4,14.306585157618803,58.70932210860404,Mugla,Fethiye,0.0958230408945035,0.009536540105073543,30,Mugla,Fethiye,albopictus,0,0,1,0.003931486865451798,0
TUR.59.4_1,2071,5,17.387148043688605,60.025165599490364,Mugla,Fethiye,0.13393527395625954,0.012877839915456879,31,Mugla,Fethiye,albopictus,0,0,1,0.029506467854775877,0
TUR.59.4_1,2071,6,21.58431443046121,52.25136236297187,Mugla,Fethiye,0.1506464906169565,0.014951744900904007,30,Mugla,Fethiye,albopictus,9.55328493090768e-10,9.55328493090768e-10,0.9999999990446715,0.09383204910194312,1.439168784145295e-10
TUR.59.4_1,2071,7,27.404464272891776,36.71676310863099,Mugla,Fethiye,0.1769093358464327,0.016974539451992676,31,Mugla,Fethiye,albopictus,6.949163192354057e-7,6.949163192354057e-7,0.9999993050836807,0.11421060427176376,1.2293717699396467e-7
TUR.59.4_1,2071,8,27.72302234874052,42.54367604304152,Mugla,Fethiye,0.21006868486490127,0.020123982001768348,31,Mugla,Fethiye,albopictus,1.3621309344717614e-5,1.3621309344717614e-5,0.9999863786906553,0.12939468696820203,2.8614064463416966e-6
TUR.59.4_1,2071,9,24.903549306532916,49.35860359866181,Mugla,Fethiye,0.16743488599459327,0.016604095454353596,30,Mugla,Fethiye,albopictus,5.0196596642220423e-05,5.0196596642220423e-05,0.9999498034033578,0.14011131205921074,8.404626117064495e-6
TUR.59.4_1,2071,10,20.2919755823472,42.75594871125217,Mugla,Fethiye,0.16500009236154456,0.015840942186718276,31,Mugla,Fethiye,albopictus,9.026501768261141e-15,9.026501768261141e-15,0.999999999999991,0.06074005750826206,1.4432899320127035e-15
TUR.59.4_1,2071,11,11.709545065374936,68.79482417781618,Mugla,Fethiye,0.095708237610896807,0.009525169194053884,30,Mugla,Fethiye,albopictus,0,0,1,2.4099122238213686e-5,0
TUR.59.4_1,2071,12,8.37170098809635,64.74824155009527,Mugla,Fethiye,0.07872152815989307,0.007589267372234532,31,Mugla,Fethiye,albopictus,0,0,1,0,0
TUR.59.4_1,2072,1,5.443079504020074,69.6068081400305,Mugla,Fethiye,0.07964973213311577,0.007678407844576851,31,Mugla,Fethiye,albopictus,0,0,1,0,0
TUR.59.4_1,2072,2,8.453375833875993,69.75436131260462,Mugla,Fethiye,0.06170828183037318,0.006363283376083162,29,Mugla,Fethiye,albopictus,0,0,1,0,0
TUR.59.4_1,2072,3,9.24829425531275,66.3478769228058,Mugla,Fethiye,0.07313992140079562,0.0070530664609795846,31,Mugla,Fethiye,albopictus,0,0,1,0,0
TUR.59.4_1,2072,4,11.717470968470854,72.50766576705131,Mugla,Fethiye,0.09671409370848207,0.00962479169848185,30,Mugla,Fethiye,albopictus,0,0,1,2.8514000847193916e-5,0
TUR.59.4_1,2072,5,17.946242472704718,57.405578654910286,Mugla,Fethiye,0.13518073018093837,0.012996808626954959,31,Mugla,Fethiye,albopictus,0,0,1,0.035841089775522195,0
TUR.59.4_1,2072,6,26.75600823234109,28.383629361262884,Mugla,Fethiye,0.1520473434611907,0.01508972600110381,30,Mugla,Fethiye,albopictus,8.262483388921105e-9,8.262483388921105e-9,0.9999999917375166,0.09552288235101213,1.2562886286815456e-9
TUR.59.4_1,2072,7,27.17270234051873,32.613724320789196,Mugla,Fethiye,0.17855440534175995,0.0171310249178116,31,Mugla,Fethiye,albopictus,7.184601442539185e-8,7.184601442539185e-8,0.9999999281539855,0.1042740924093769,1.2828422324417943e-8
TUR.59.4_1,2072,8,27.79753864512724,39.236631060131366,Mugla,Fethiye,0.2120221011939001,0.020309200540845063,31,Mugla,Fethiye,albopictus,2.3756051701739887e-6,2.3756051701739887e-6,0.9999976243948299,0.12017015992577461,5.036806729474819e-7
TUR.59.4_1,2072,9,25.864555471083698,29.913512351103215,Mugla,Fethiye,0.16899185313872636,0.016757195046797846,30,Mugla,Fethiye,albopictus,1.2725983464301205e-8,1.2725983464301205e-8,0.9999999872740165,0.09872775281624903,2.1505874858718244e-9
TUR.59.4_1,2072,10,20.234030330882355,48.747022319650604,Mugla,Fethiye,0.16653441850307604,0.015987062399849483,31,Mugla,Fethiye,albopictus,6.337258495747732e-14,6.337258495747732e-14,0.9999999999999366,0.06552217065317359,1.0547118733938987e-14
TUR.59.4_1,2072,11,13.081965376349057,66.07901149471071,Mugla,Fethiye,0.09659822287590222,0.00961331607200222,30,Mugla,Fethiye,albopictus,0,0,1,9.689546741247149e-4,0
TUR.59.4_1,2072,12,4.948938117307775,66.0796700779273,Mugla,Fethiye,0.07945355501411065,0.007659568556932839,31,Mugla,Fethiye,albopictus,0,0,1,0,0
TUR.59.4_1,2073,1,6.727152379996636,68.53049893592893,Mugla,Fethiye,0.07525593105461015,0.007256376479054305,31,Mugla,Fethiye,albopictus,0,0,1,0,0
TUR.59.4_1,2073,2,6.512482183821062,79.58353916904993,Mugla,Fethiye,0.05629371386857619,0.006013316546192526,28,Mugla,Fethiye,albopictus,0,0,1,0,0
TUR.59.4_1,2073,3,8.807473561343024,65.69190921040345,Mugla,Fethiye,0.06910522778756975,0.006665290440447502,31,Mugla,Fethiye,albopictus,0,0,1,0,0
TUR.59.4_1,2073,4,12.148861730799956,63.46054662642631,Mugla,Fethiye,0.09137895349064891,0.009096271664138289,30,Mugla,Fethiye,albopictus,0,0,1,1.1144489349600799e-4,0
TUR.59.4_1,2073,5,19.598096034106085,54.8610878407013,Mugla,Fethiye,0.12772361485668934,0.012284274462892264,31,Mugla,Fethiye,albopictus,6.373568339768099e-15,6.373568339768099e-15,0.9999999999999937,0.06057037865068376,7.771561172376096e-16
TUR.59.4_1,2073,6,24.371101463542264,39.177799740901555,Mugla,Fethiye,0.14365979759264738,0.014263281447518206,30,Mugla,Fethiye,albopictus,1.2501700032563347e-7,1.2501700032563347e-7,0.9999998749829997,0.10997830881948167,1.7959916776000284e-8
TUR.59.4_1,2073,7,27.23234131756951,39.660782426257946,Mugla,Fethiye,0.16870462282834991,0.016193702873988025,31,Mugla,Fethiye,albopictus,3.840734540190793e-6,3.840734540190793e-6,0.9999961592654598,0.12321114289469112,6.479494620847959e-7
TUR.59.4_1,2073,8,27.727535135605756,43.95694508601027,Mugla,Fethiye,0.20032610533874937,0.019199689567586886,31,Mugla,Fethiye,albopictus,2.9530197864500063e-5,2.9530197864500063e-5,0.9999704698021356,0.13403020633472296,5.915652030563656e-6
TUR.59.4_1,2073,9,24.957019918105182,38.69354546267548,Mugla,Fethiye,0.15966957964584555,0.015840161837723077,30,Mugla,Fethiye,albopictus,3.472467510582944e-7,3.472467510582944e-7,0.999999652753249,0.11356613929971465,5.544474124263843e-8
TUR.59.4_1,2073,10,15.23436030219583,64.62574164948458,Mugla,Fethiye,0.15734770703486636,0.015111849899327234,31,Mugla,Fethiye,albopictus,0,0,1,0.00939655581325498,0
TUR.59.4_1,2073,11,10.383621145697202,70.13980251033571,Mugla,Fethiye,0.09126947456141289,0.00908542329683959,30,Mugla,Fethiye,albopictus,0,0,1,0,0
TUR.59.4_1,2073,12,6.517433867735021,77.30116665995855,Mugla,Fethiye,0.07507057585821515,0.0072385688816670735,31,Mugla,Fethiye,albopictus,0,0,1,0,0
TUR.59.4_1,2074,1,4.658285411841729,69.06052823280393,Mugla,Fethiye,0.07809888157614664,0.007529466749381264,31,Mugla,Fethiye,albopictus,0,0,1,0,0
TUR.59.4_1,2074,2,8.03994561994777,75.81288639805383,Mugla,Fethiye,0.05842032689374441,0.006239771999104082,28,Mugla,Fethiye,albopictus,0,0,1,0,0
TUR.59.4_1,2074,3,9.002924344118902,73.22936953755189,Mugla,Fethiye,0.07171582260217653,0.0069162130436278835,31,Mugla,Fethiye,albopictus,0,0,1,0,0
TUR.59.4_1,2074,4,14.696542585597319,51.266988887168495,Mugla,Fethiye,0.09483098497631592,0.009438275717251976,30,Mugla,Fethiye,albopictus,0,0,1,0.004993201143219729,0
TUR.59.4_1,2074,5,17.16823973375208,68.3513222157013,Mugla,Fethiye,0.13254864209880607,0.012745368927402412,31,Mugla,Fethiye,albopictus,0,0,1,0.029843818448447395,0
TUR.59.4_1,2074,6,24.3767071611741,43.98939947234687,Mugla,Fethiye,0.14908684753763407,0.01479810055031161,30,Mugla,Fethiye,albopictus,1.3450918283887115e-6,1.3450918283887115e-6,0.9999986549081716,0.12116340218760467,2.0053548022147538e-7
TUR.59.4_1,2074,7,28.675553826724784,34.82039317454896,Mugla,Fethiye,0.17507779353708033,0.016800286649430674,31,Mugla,Fethiye,albopictus,5.4321646976385196e-8,5.4321646976385196e-8,0.999999945678353,0.10192997566929737,9.510514042965212e-9
TUR.59.4_1,2074,8,27.377971536972943,46.5933281426509,Mugla,Fethiye,0.20789384382353268,0.019917727273656816,31,Mugla,Fethiye,albopictus,1.3142925808908173e-4,1.3142925808908173e-4,0.9998685707419109,0.14278800423439436,2.7322960376108263e-5
TUR.59.4_1,2074,9,24.79121219410616,45.9677573462204,Mugla,Fethiye,0.1657014326621649,0.016433613587879425,30,Mugla,Fethiye,albopictus,8.193493162404752e-6,8.193493162404752e-6,0.9999918065068376,0.1298310129329867,1.357672633872653e-6
TUR.59.4_1,2074,10,19.176781261668488,55.93103950104709,Mugla,Fethiye,0.16329184644698438,0.015678233348720427,31,Mugla,Fethiye,albopictus,2.7500224319965126e-16,2.7500224319965126e-16,0.9999999999999998,0.05432852171628129,0
TUR.59.4_1,2074,11,12.44353954932269,68.32769923885134,Mugla,Fethiye,0.09471737025107542,0.009427021413505599,30,Mugla,Fethiye,albopictus,0,0,1,2.827892963588936e-4,0
TUR.59.4_1,2074,12,8.057267413419837,74.73324216044684,Mugla,Fethiye,0.07790652419872916,0.007510991510104592,31,Mugla,Fethiye,albopictus,0,0,1,0,0
TUR.59.4_1,2075,1,5.711345228202203,65.594723179093,Mugla,Fethiye,0.07564197189145959,0.007293463487500151,31,Mugla,Fethiye,albopictus,0,0,1,0,0
TUR.59.4_1,2075,2,4.9861893829177415,77.03385655186243,Mugla,Fethiye,0.05658248409713691,0.006044069687776266,28,Mugla,Fethiye,albopictus,0,0,1,0,0
TUR.59.4_1,2075,3,10.11151160913355,71.75726260395814,Mugla,Fethiye,0.06945971732204147,0.00669936663905113,31,Mugla,Fethiye,albopictus,0,0,1,0,0
TUR.59.4_1,2075,4,13.504860723719878,62.722440852500526,Mugla,Fethiye,0.09184770070009288,0.009142718911277381,30,Mugla,Fethiye,albopictus,0,0,1,0.0016631452631199618,0
TUR.59.4_1,2075,5,16.010866305407355,60.56378559460755,Mugla,Fethiye,0.12837879951089198,0.01234689856005644,31,Mugla,Fethiye,albopictus,0,0,1,0.01472349452945626,0
TUR.59.4_1,2075,6,25.04063423942117,32.24996618377265,Mugla,Fethiye,0.1443967301866252,0.01433592092266367,30,Mugla,Fethiye,albopictus,1.6061306700176915e-8,1.6061306700176915e-8,0.9999999839386933,0.10063268843895186,2.319200165246116e-9
TUR.59.4_1,2075,7,29.24465706769158,30.374649613757946,Mugla,Fethiye,0.16957002802451668,0.016276092109248075,31,Mugla,Fethiye,albopictus,1.0660612708157657e-9,1.0660612708157657e-9,0.9999999989339388,0.08516498687716643,1.8077206398459111e-10
TUR.59.4_1,2075,8,26.37014377818388,40.54054799128371,Mugla,Fethiye,0.20135371945851413,0.019297221903138873,31,Mugla,Fethiye,albopictus,4.839741033150602e-6,4.839741033150602e-6,0.9999951602589668,0.12519011776380062,9.74499383410432e-7
TUR.59.4_1,2075,9,21.935009114882526,57.636263968534855,Mugla,Fethiye,0.16048863772249272,0.015920766943080755,30,Mugla,Fethiye,albopictus,5.872785425409255e-8,5.872785425409255e-8,0.9999999412721458,0.10981301893490918,9.42515332447158e-9
TUR.59.4_1,2075,10,17.85279520820169,46.38834540925021,Mugla,Fethiye,0.15815485458654574,0.01518877754571235,31,Mugla,Fethiye,albopictus,0,0,1,0.029636804502667785,0
TUR.59.4_1,2075,11,11.04622166297015,74.80755763728884,Mugla,Fethiye,0.09173766017608463,0.009131815405843291,30,Mugla,Fethiye,albopictus,0,0,1,1.741883290911702e-7,0
TUR.59.4_1,2075,12,7.3599216797772575,71.63906491435309,Mugla,Fethiye,0.0754556658773134,0.007275565210212331,31,Mugla,Fethiye,albopictus,0,0,1,0,0
TUR.81.6_1,2025,1,5.779921812169691,80.47095238336914,Zinguldak,Merkez,1.3172110912425776e-4,1.2747122863587812e-5,31,Zonguldak,Merkez,aegypti,0,0,1,0,0
TUR.81.6_1,2025,2,4.760240375119098,77.69281993082922,Zinguldak,Merkez,9.853137584746186e-5,1.0556877402256859e-5,28,Zonguldak,Merkez,aegypti,0,0,1,0,0
TUR.81.6_1,2025,3,4.094910288558287,81.18496996974257,Zinguldak,Merkez,1.209554798260056e-4,1.1705300507869332e-5,31,Zonguldak,Merkez,aegypti,0,0,1,0,0
TUR.81.6_1,2025,4,8.359876674764298,78.46498834996325,Zinguldak,Merkez,1.599413751943062e-4,1.599400961393993e-5,30,Zonguldak,Merkez,aegypti,0,0,1,0,0
TUR.81.6_1,2025,5,13.871016586528105,77.55293363615462,Zinguldak,Merkez,2.2355575134768102e-4,2.1634193527186873e-5,31,Zonguldak,Merkez,aegypti,0,0,1,0,0
TUR.81.6_1,2025,6,18.970891980563895,80.33396819250854,Zinguldak,Merkez,2.514489902694609e-4,2.5144582896596823e-5,30,Zonguldak,Merkez,aegypti,0,0,1,0.025716592156978815,0
TUR.81.6_1,2025,7,22.26643960616168,72.40091830762508,Zinguldak,Merkez,2.952851651946776e-4,2.8575575439004908e-5,31,Zonguldak,Merkez,aegypti,1.1800812281526075e-8,1.1800812281526075e-8,0.9999999881991877,0.09991970698579489,3.484657007390979e-12
TUR.81.6_1,2025,8,21.506611487444708,84.8764401841341,Zinguldak,Merkez,3.5063252041377135e-4,3.3931603705017466e-5,31,Zonguldak,Merkez,aegypti,1.956759999255375e-9,1.956759999255375e-9,0.99999999804324,0.09525490058453623,6.861178292183467e-13
TUR.81.6_1,2025,9,17.44926379708683,83.55658835195622,Zinguldak,Merkez,2.7947105071483115e-4,2.794671455474962e-5,30,Zonguldak,Merkez,aegypti,0,0,1,0.008042431909193412,0
TUR.81.6_1,2025,10,15.611001968383789,79.31659173352973,Zinguldak,Merkez,2.7540705693683266e-4,2.6651940663313667e-5,31,Zonguldak,Merkez,aegypti,0,0,1,4.152680997078403e-4,0
TUR.81.6_1,2025,11,9.46683285516851,80.64316960458311,Zinguldak,Merkez,1.5974975327451036e-4,1.597484772819513e-5,30,Zonguldak,Merkez,aegypti,0,0,1,0,0
TUR.81.6_1,2025,12,7.745657286223243,74.09463078580839,Zinguldak,Merkez,1.3139668031567157e-4,1.2715726926959547e-5,31,Zonguldak,Merkez,aegypti,0,0,1,0,0
TUR.81.6_1,2026,1,1.0630886975456684,83.3131078399121,Zinguldak,Merkez,1.4990742118232877e-4,1.4507064563407113e-5,31,Zonguldak,Merkez,aegypti,0,0,1,0,0
TUR.81.6_1,2026,2,2.372895299511798,82.21414408854406,Zinguldak,Merkez,1.1213528763188686e-4,1.201442292964039e-5,28,Zonguldak,Merkez,aegypti,0,0,1,0,0
TUR.81.6_1,2026,3,7.881332064376158,71.57740313624647,Zinguldak,Merkez,1.3765541589452407e-4,1.3321403130039933e-5,31,Zonguldak,Merkez,aegypti,0,0,1,0,0
TUR.81.6_1,2026,4,13.12348942195668,74.2710567703734,Zinguldak,Merkez,1.8202396908999484e-4,1.8202231246378098e-5,30,Zonguldak,Merkez,aegypti,0,0,1,0,0
TUR.81.6_1,2026,5,16.610295379863068,73.32482999845931,Zinguldak,Merkez,2.544213786067877e-4,2.462112063139621e-5,31,Zonguldak,Merkez,aegypti,0,0,1,0.002547608808271271,0
TUR.81.6_1,2026,6,19.438379315768973,69.35413268225463,Zinguldak,Merkez,2.861657477742391e-4,2.861616532712219e-5,30,Zonguldak,Merkez,aegypti,0,0,1,0.028445378729208753,0
TUR.81.6_1,2026,7,23.933660675497617,64.38329059156062,Zinguldak,Merkez,3.360542431052165e-4,3.2520849550743414e-5,31,Zonguldak,Merkez,aegypti,4.526852707300405e-5,4.526852707300405e-5,0.999954731472927,0.1357863694069082,1.5212680448684068e-8
TUR.81.6_1,2026,8,23.712114951189825,63.97077001811847,Zinguldak,Merkez,3.9904323055998936e-4,3.8616341198283166e-5,31,Zonguldak,Merkez,aegypti,1.0299028297982626e-5,1.0299028297982626e-5,0.999989700971702,0.12800686480644827,4.109757534287439e-9
TUR.81.6_1,2026,9,22.72679065255558,72.34095114492497,Zinguldak,Merkez,3.1805672444084216e-4,3.1805166649023775e-5,30,Zonguldak,Merkez,aegypti,4.5005951412996347e-7,4.5005951412996347e-7,0.9999995499404859,0.11509118836320231,1.4314449625629777e-10
TUR.81.6_1,2026,10,14.929178237915039,80.08586358411567,Zinguldak,Merkez,3.1343162804580593e-4,3.0331633023461535e-5,31,Zonguldak,Merkez,aegypti,0,0,1,2.026708683921588e-5,0
TUR.81.6_1,2026,11,10.152120330754448,78.39503117684873,Zinguldak,Merkez,1.8180589054488095e-4,1.818042378853857e-5,30,Zonguldak,Merkez,aegypti,0,0,1,0,0
TUR.81.6_1,2026,12,6.793300947722266,79.59640080533964,Zinguldak,Merkez,1.495381995262422e-4,1.4471333953047782e-5,31,Zonguldak,Merkez,aegypti,0,0,1,0,0
TUR.81.6_1,2027,1,5.055871767156264,83.04572807916992,Zinguldak,Merkez,1.4270941537430554e-4,1.3810493218913145e-5,31,Zonguldak,Merkez,aegypti,0,0,1,0,0
TUR.81.6_1,2027,2,6.0958526721772035,85.36736521891515,Zinguldak,Merkez,1.0675096145715425e-4,1.143753760413091e-5,28,Zonguldak,Merkez,aegypti,0,0,1,0,0
TUR.81.6_1,2027,3,8.37680974076776,71.0414229116371,Zinguldak,Merkez,1.310457065465826e-4,1.2681762154853615e-5,31,Zonguldak,Merkez,aegypti,0,0,1,0,0
TUR.81.6_1,2027,4,10.618586582296036,75.98060572056872,Zinguldak,Merkez,1.7328384417572757e-4,1.732823428202135e-5,30,Zonguldak,Merkez,aegypti,0,0,1,0,0
TUR.81.6_1,2027,5,14.461651886210722,85.69834226652571,Zinguldak,Merkez,2.422049950118118e-4,2.343891836986689e-5,31,Zonguldak,Merkez,aegypti,0,0,1,0,0
TUR.81.6_1,2027,6,18.17627909604241,78.69822600500854,Zinguldak,Merkez,2.7242511573420837e-4,2.7242140499539325e-5,30,Zonguldak,Merkez,aegypti,0,0,1,0.01425746582034212,0
TUR.81.6_1,2027,7,22.66223161360797,79.43972903760555,Zinguldak,Merkez,3.199181480766713e-4,3.095934153130031e-5,31,Zonguldak,Merkez,aegypti,5.866568419254925e-6,5.866568419254925e-6,0.9999941334315807,0.12796177481798826,1.876821698054698e-9
TUR.81.6_1,2027,8,24.01403107362635,71.79520239116535,Zinguldak,Merkez,3.798826348498568e-4,3.676215988590581e-5,31,Zonguldak,Merkez,aegypti,0.0012372906511949572,0.0012372906511949572,0.9987627093488051,0.15812499106597785,4.700251221567697e-7
TUR.81.6_1,2027,9,20.263560519498938,78.13656729482732,Zinguldak,Merkez,3.0278480440012903e-4,3.0278022051466458e-5,30,Zonguldak,Merkez,aegypti,7.338574192772285e-17,7.338574192772285e-17,0.9999999999999999,0.05049654500611753,0
TUR.81.6_1,2027,10,13.713155746459961,82.48263024671333,Zinguldak,Merkez,2.9838178820933863e-4,2.8875240025705295e-5,31,Zonguldak,Merkez,aegypti,0,0,1,0,0
TUR.81.6_1,2027,11,9.050938346806694,77.30441685800108,Zinguldak,Merkez,1.7307623696433393e-4,1.7307473920369354e-5,30,Zonguldak,Merkez,aegypti,0,0,1,0,0
TUR.81.6_1,2027,12,7.002432188566993,82.28325230680448,Zinguldak,Merkez,1.4235792239104917e-4,1.3776478238081147e-5,31,Zonguldak,Merkez,aegypti,0,0,1,0,0
TUR.81.6_1,2028,1,4.397819322698256,80.6212361968457,Zinguldak,Merkez,1.3555681020973998e-4,1.3118314942217602e-5,31,Zonguldak,Merkez,aegypti,0,0,1,0,0
TUR.81.6_1,2028,2,5.974257289486774,81.04944071940344,Zinguldak,Merkez,1.0502204620687174e-4,1.0864290590828496e-5,29,Zonguldak,Merkez,aegypti,0,0,1,0,0
TUR.81.6_1,2028,3,7.814534807906432,77.15713030909804,Zinguldak,Merkez,1.2447768722577757e-4,1.2046155240530432e-5,31,Zonguldak,Merkez,aegypti,0,0,1,0,0
TUR.81.6_1,2028,4,9.097120327108048,79.1202236404906,Zinguldak,Merkez,1.6459884665446215e-4,1.6459749202279994e-5,30,Zonguldak,Merkez,aegypti,0,0,1,0,0
TUR.81.6_1,2028,5,15.797992790446562,77.82775968595931,Zinguldak,Merkez,2.3006566493564805e-4,2.226417133699421e-5,31,Zonguldak,Merkez,aegypti,0,0,1,6.477680031525779e-4,0
TUR.81.6_1,2028,6,19.068519620334403,83.89037230627807,Zinguldak,Merkez,2.5877115124527036e-4,2.5876780314848524e-5,30,Zonguldak,Merkez,aegypti,0,0,1,0.028816509296638516,0
TUR.81.6_1,2028,7,21.12739579817828,82.04809695752742,Zinguldak,Merkez,3.0388382972304544e-4,2.9407680139592607e-5,31,Zonguldak,Merkez,aegypti,1.0048621490454934e-11,1.0048621490454934e-11,0.9999999999899514,0.0783004206221184,3.1086244689504383e-15
TUR.81.6_1,2028,8,23.11370339113123,74.1935788560091,Zinguldak,Merkez,3.608428925257139e-4,3.491967021596043e-5,31,Zonguldak,Merkez,aegypti,1.8044282150253833e-5,1.8044282150253833e-5,0.9999819557178498,0.1325325509140573,6.511150951737932e-9
TUR.81.6_1,2028,9,18.236417041105383,74.93612021230778,Zinguldak,Merkez,2.876092103440255e-4,2.876050744304859e-5,30,Zonguldak,Merkez,aegypti,0,0,1,0.0140084496762144,0
TUR.81.6_1,2028,10,15.033516883850098,74.65061425550239,Zinguldak,Merkez,2.834268736106017e-4,2.7428030968335015e-5,31,Zonguldak,Merkez,aegypti,0,0,1,3.9301468344940624e-5,0
TUR.81.6_1,2028,11,10.37286255640142,82.82196446542295,Zinguldak,Merkez,1.6440164472998332e-4,1.6440029334208184e-5,30,Zonguldak,Merkez,aegypti,0,0,1,0,0
TUR.81.6_1,2028,12,4.911677202757667,83.48388249479277,Zinguldak,Merkez,1.352229340776266e-4,1.3086004772122628e-5,31,Zonguldak,Merkez,aegypti,0,0,1,0,0
TUR.81.6_1,2029,1,0.51829378043904,82.03407036432617,Zinguldak,Merkez,1.279821415562858e-4,1.2385291839334123e-5,31,Zonguldak,Merkez,aegypti,0,0,1,0,0
TUR.81.6_1,2029,2,2.6615820518311337,80.40381083659094,Zinguldak,Merkez,9.573451495575935e-5,1.0257216853881701e-5,28,Zonguldak,Merkez,aegypti,0,0,1,0,0
TUR.81.6_1,2029,3,6.060286188826842,77.21100909327772,Zinguldak,Merkez,1.1752209986705538e-4,1.1373041765239122e-5,31,Zonguldak,Merkez,aegypti,0,0,1,0,0
TUR.81.6_1,2029,4,8.898010295980118,75.14293634801012,Zinguldak,Merkez,1.5540136168694791e-4,1.554001542136696e-5,30,Zonguldak,Merkez,aegypti,0,0,1,0,0
TUR.81.6_1,2029,5,15.861232841716093,82.92502683683821,Zinguldak,Merkez,2.172100129198784e-4,2.102010290550016e-5,31,Zonguldak,Merkez,aegypti,0,0,1,8.104102111466485e-4,0
TUR.81.6_1,2029,6,21.089427976047293,79.14705565588744,Zinguldak,Merkez,2.443114887264856e-4,2.4430850434575824e-5,30,Zonguldak,Merkez,aegypti,2.0297947211922464e-12,2.0297947211922464e-12,0.9999999999979702,0.07360029244758041,4.440892098500626e-16
TUR.81.6_1,2029,7,22.140852142782773,72.65455752881648,Zinguldak,Merkez,2.869033525656583e-4,2.7764455131196186e-5,31,Zonguldak,Merkez,aegypti,4.788085038787138e-9,4.788085038787138e-9,0.999999995211915,0.09678847849980858,1.3736789483687062e-12
TUR.81.6_1,2029,8,24.220659873064825,70.55978216411457,Zinguldak,Merkez,3.4067964626307895e-4,3.296845455402764e-5,31,Zonguldak,Merkez,aegypti,0.002080415645307832,0.002080415645307832,0.9979195843546922,0.16147665566311656,7.087550150108868e-7
TUR.81.6_1,2029,9,19.81766627816593,79.04799765371403,Zinguldak,Merkez,2.715381293952568e-4,2.7153444278060768e-5,30,Zonguldak,Merkez,aegypti,0,0,1,0.04117942944305462,0
TUR.81.6_1,2029,10,14.380169868469238,80.7068428931977,Zinguldak,Merkez,2.675894940517067e-4,2.589542219666452e-5,31,Zonguldak,Merkez,aegypti,0,0,1,0,0
TUR.81.6_1,2029,11,10.48591301721685,78.27186223153623,Zinguldak,Merkez,1.552151790482832e-4,1.5521397446649488e-5,30,Zonguldak,Merkez,aegypti,0,0,1,0,0
TUR.81.6_1,2029,12,3.972173056181739,84.30119664274198,Zinguldak,Merkez,1.2766692181678113e-4,1.2354787080615104e-5,31,Zonguldak,Merkez,aegypti,0,0,1,0,0
TUR.81.6_1,2030,1,4.07062987720265,78.56641899713867,Zinguldak,Merkez,1.5119593775999427e-4,1.4631757899286058e-5,31,Zonguldak,Merkez,aegypti,0,0,1,0,0
TUR.81.6_1,2030,2,4.965065299588092,74.78556285075109,Zinguldak,Merkez,1.1309913702583542e-4,1.2117691261526176e-5,28,Zonguldak,Merkez,aegypti,0,0,1,0,0
TUR.81.6_1,2030,3,6.897886419997496,80.69971758937147,Zinguldak,Merkez,1.388386213955366e-4,1.3435905356296018e-5,31,Zonguldak,Merkez,aegypti,0,0,1,0,0
TUR.81.6_1,2030,4,10.869403881185196,74.73730432896716,Zinguldak,Merkez,1.835885407426528e-4,1.8358685551556064e-5,30,Zonguldak,Merkez,aegypti,0,0,1,0,0
TUR.81.6_1,2030,5,16.43534191916971,76.78021329924056,Zinguldak,Merkez,2.566082360782976e-4,2.483274676656766e-5,31,Zonguldak,Merkez,aegypti,0,0,1,0.002078631606505489,0
TUR.81.6_1,2030,6,19.482460050021903,74.52398589270385,Zinguldak,Merkez,2.8862546128981395e-4,2.8862129609730225e-5,30,Zonguldak,Merkez,aegypti,0,0,1,0.03201753661497624,0
TUR.81.6_1,2030,7,23.61794870039996,73.53804141553523,Zinguldak,Merkez,3.3894276896885095e-4,3.2800375181940566e-5,31,Zonguldak,Merkez,aegypti,3.2510830880421506e-4,3.2510830880421506e-4,0.9996748916911958,0.14916153883942426,1.1019310430793183e-7
TUR.81.6_1,2030,8,24.273762366350958,67.18601812602863,Zinguldak,Merkez,4.024731729452724e-4,3.8948258233584276e-5,31,Zonguldak,Merkez,aegypti,7.312631830516928e-4,7.312631830516928e-4,0.9992687368169483,0.1532501766346487,2.943137702438037e-7
TUR.81.6_1,2030,9,19.51525805978214,75.33462637685857,Zinguldak,Merkez,3.2079055415285863e-4,3.207854088793649e-5,30,Zonguldak,Merkez,aegypti,0,0,1,0.03288857099606934,0
TUR.81.6_1,2030,10,15.28196907043457,83.1311821876313,Zinguldak,Merkez,3.1612570313239226e-4,3.059234202529293e-5,31,Zonguldak,Merkez,aegypti,0,0,1,1.5546896859113576e-4,0
TUR.81.6_1,2030,11,9.96853421014898,74.96722813729795,Zinguldak,Merkez,1.8336858772182325e-4,1.833669065298693e-5,30,Zonguldak,Merkez,aegypti,0,0,1,0,0
TUR.81.6_1,2030,12,8.732701620634863,74.13631016813261,Zinguldak,Merkez,1.5082354249034712e-4,1.4595720174037652e-5,31,Zonguldak,Merkez,aegypti,0,0,1,0,0
TUR.81.6_1,2031,1,8.165344518773695,76.88197075495117,Zinguldak,Merkez,1.4463673481771768e-4,1.3997005410493202e-5,31,Zonguldak,Merkez,aegypti,0,0,1,0,0
TUR.81.6_1,2031,2,0.7662644973572568,80.97381816080969,Zinguldak,Merkez,1.0819265472651339e-4,1.1592002961524628e-5,28,Zonguldak,Merkez,aegypti,0,0,1,0,0
TUR.81.6_1,2031,3,6.5651237017968125,75.01600176905897,Zinguldak,Merkez,1.328155052493554e-4,1.2853030810333621e-5,31,Zonguldak,Merkez,aegypti,0,0,1,0,0
TUR.81.6_1,2031,4,9.156615299337052,80.3790127029906,Zinguldak,Merkez,1.7562407744788495e-4,1.75622535265596e-5,30,Zonguldak,Merkez,aegypti,0,0,1,0,0
TUR.81.6_1,2031,5,16.69314869712381,79.98850339933821,Zinguldak,Merkez,2.4547602232947996e-4,2.3755461930896615e-5,31,Zonguldak,Merkez,aegypti,0,0,1,0.0031936953851968946,0
TUR.81.6_1,2031,6,20.86675646725823,70.64131072180541,Zinguldak,Merkez,2.761042718785399e-4,2.7610046023474055e-5,30,Zonguldak,Merkez,aegypti,5.612177389480166e-15,5.612177389480166e-15,0.9999999999999943,0.058638253237596284,0
TUR.81.6_1,2031,7,21.77236001631793,73.63641482862117,Zinguldak,Merkez,3.2423870720356114e-4,3.137744712444768e-5,31,Zonguldak,Merkez,aegypti,2.3014214761696295e-10,2.3014214761696295e-10,0.9999999997698579,0.08684431149226828,7.460698725481052e-14
TUR.81.6_1,2031,8,25.303776404436896,68.13967336894855,Zinguldak,Merkez,3.850130264672594e-4,3.725863102199689e-5,31,Zonguldak,Merkez,aegypti,0.029106324013125184,0.029106324013125184,0.9708936759868748,0.18892717815046126,1.1206251107176435e-5
TUR.81.6_1,2031,9,18.87248347787296,75.0325099828156,Zinguldak,Merkez,3.0687397426435635e-4,3.0686926573042506e-5,30,Zonguldak,Merkez,aegypti,0,0,1,0.0222353383466577,0
TUR.81.6_1,2031,10,16.89408779144287,77.07890557630317,Zinguldak,Merkez,3.024114944516885e-4,2.9265200261030522e-5,31,Zonguldak,Merkez,aegypti,0,0,1,0.00395745031955221,0
TUR.81.6_1,2031,11,7.826132038060356,85.02840062264951,Zinguldak,Merkez,1.7541366645922081e-4,1.754121279706755e-5,30,Zonguldak,Merkez,aegypti,0,0,1,0,0
TUR.81.6_1,2031,12,6.080566248472999,80.71471745573027,Zinguldak,Merkez,1.4428049485081573e-4,1.3962531056899152e-5,31,Zonguldak,Merkez,aegypti,0,0,1,0,0
TUR.81.6_1,2032,1,3.854997676961562,81.78128563532226,Zinguldak,Merkez,1.2757269203973647e-4,1.234566818253402e-5,31,Zonguldak,Merkez,aegypti,0,0,1,0,0
TUR.81.6_1,2032,2,2.041742383557208,83.19729075602453,Zinguldak,Merkez,9.883638555231773e-5,1.0224401408298611e-5,29,Zonguldak,Merkez,aegypti,0,0,1,0,0
TUR.81.6_1,2032,3,1.133142734275145,84.01424700831679,Zinguldak,Merkez,1.171461148554804e-4,1.1336656532079381e-5,31,Zonguldak,Merkez,aegypti,0,0,1,0,0
TUR.81.6_1,2032,4,10.0706224862267,78.6879497757445,Zinguldak,Merkez,1.549041906626152e-4,1.5490299090314963e-5,30,Zonguldak,Merkez,aegypti,0,0,1,0,0
TUR.81.6_1,2032,5,15.548527801738066,79.6366433529515,Zinguldak,Merkez,2.1651509928819325e-4,2.0952854610567506e-5,31,Zonguldak,Merkez,aegypti,0,0,1,3.5185237988612445e-4,0
TUR.81.6_1,2032,6,21.32117655697991,69.85712340491088,Zinguldak,Merkez,2.4352987013712544e-4,2.4352690482176698e-5,30,Zonguldak,Merkez,aegypti,5.419730220168617e-13,5.419730220168617e-13,0.999999999999458,0.06917775952886207,1.1102230246251565e-16
TUR.81.6_1,2032,7,23.374651123495664,71.17324191602351,Zinguldak,Merkez,2.8598547107394455e-4,2.7675630352441694e-5,31,Zonguldak,Merkez,aegypti,2.9476174543419608e-5,2.9476174543419608e-5,0.9999705238254566,0.1345807546279206,8.429757669681237e-9
TUR.81.6_1,2032,8,22.966854712542364,73.06426824809894,Zinguldak,Merkez,3.395897198501874e-4,3.2862981276249315e-5,31,Zonguldak,Merkez,aegypti,3.6162462725740642e-6,3.6162462725740642e-6,0.9999963837537275,0.1252670320418464,1.2280400030206806e-9
TUR.81.6_1,2032,9,18.985997424406165,88.98210257314763,Zinguldak,Merkez,2.706694054119446e-4,2.7066574234901886e-5,30,Zonguldak,Merkez,aegypti,0,0,1,0.02934190896253885,0
TUR.81.6_1,2032,10,15.152314186096191,89.5906319556977,Zinguldak,Merkez,2.6673340282178326e-4,2.5812576800232634e-5,31,Zonguldak,Merkez,aegypti,0,0,1,9.884639194666345e-5,0
TUR.81.6_1,2032,11,5.37314389032476,85.54476567391904,Zinguldak,Merkez,1.5471860367261258e-4,1.5471740678618673e-5,30,Zonguldak,Merkez,aegypti,0,0,1,0,0
TUR.81.6_1,2032,12,8.055064520415137,78.09398991666777,Zinguldak,Merkez,1.2725848077351076e-4,1.2315261015638512e-5,31,Zonguldak,Merkez,aegypti,0,0,1,0,0
TUR.81.6_1,2033,1,2.3956373158623188,83.6246541655957,Zinguldak,Merkez,1.4709783348365997e-4,1.4235172887011593e-5,31,Zonguldak,Merkez,aegypti,0,0,1,0,0
TUR.81.6_1,2033,2,2.542660295086749,82.04480204752844,Zinguldak,Merkez,1.1003363100786928e-4,1.1789248114291162e-5,28,Zonguldak,Merkez,aegypti,0,0,1,0,0
TUR.81.6_1,2033,3,6.7222844607689805,80.52648455714491,Zinguldak,Merkez,1.350754571433026e-4,1.3071732997360641e-5,31,Zonguldak,Merkez,aegypti,0,0,1,0,0
TUR.81.6_1,2033,4,10.608138126485489,76.71916162877184,Zinguldak,Merkez,1.7861244816338173e-4,1.786108530521524e-5,30,Zonguldak,Merkez,aegypti,0,0,1,0,0
TUR.81.6_1,2033,5,14.619978988871855,77.50701231047103,Zinguldak,Merkez,2.4965297441455913e-4,2.4159673416290772e-5,31,Zonguldak,Merkez,aegypti,0,0,1,0,0
TUR.81.6_1,2033,6,21.33835986081292,70.22054198401244,Zinguldak,Merkez,2.808023857846484e-4,2.8079844332284942e-5,30,Zonguldak,Merkez,aegypti,8.478452384608204e-13,8.478452384608204e-13,0.9999999999991521,0.0702322788195287,2.220446049250313e-16
TUR.81.6_1,2033,7,21.400905777426328,84.92497378858211,Zinguldak,Merkez,3.297558633447809e-4,3.1911348565172304e-5,31,Zonguldak,Merkez,aegypti,5.923228336146558e-10,5.923228336146558e-10,0.9999999994076771,0.09162585420333888,1.9528823003156504e-13
TUR.81.6_1,2033,8,22.457728049334357,75.48289312602863,Zinguldak,Merkez,3.915643016118703e-4,3.789260156805696e-5,31,Zonguldak,Merkez,aegypti,2.131984178485591e-7,2.131984178485591e-7,0.9999997868015822,0.1118214502072287,8.348088886833693e-11
TUR.81.6_1,2033,9,19.865601764005774,70.12297934316716,Zinguldak,Merkez,3.1209565691383157e-4,3.120907867792955e-5,30,Zonguldak,Merkez,aegypti,0,0,1,0.03664497902258342,0
TUR.81.6_1,2033,10,16.18439292907715,77.74740075452583,Zinguldak,Merkez,3.0755724477921526e-4,2.97631614017968e-5,31,Zonguldak,Merkez,aegypti,0,0,1,0.0013950780548367381,0
TUR.81.6_1,2033,11,12.731919982854057,76.83368321542295,Zinguldak,Merkez,1.7839845687954464e-4,1.7839686558884793e-5,30,Zonguldak,Merkez,aegypti,0,0,1,0,0
TUR.81.6_1,2033,12,8.766747793730566,81.02138096891386,Zinguldak,Merkez,1.4673553183603495e-4,1.4200111935758208e-5,31,Zonguldak,Merkez,aegypti,0,0,1,0,0
TUR.81.6_1,2034,1,5.12805871402516,74.63069664606445,Zinguldak,Merkez,1.497344775506244e-4,1.449032832556707e-5,31,Zonguldak,Merkez,aegypti,0,0,1,0,0
TUR.81.6_1,2034,2,4.15935403020943,81.02822337321203,Zinguldak,Merkez,1.1200592056164897e-4,1.2000562338521092e-5,28,Zonguldak,Merkez,aegypti,0,0,1,0,0
TUR.81.6_1,2034,3,4.796331549392027,79.57074267482069,Zinguldak,Merkez,1.3749660702861994e-4,1.330603473481684e-5,31,Zonguldak,Merkez,aegypti,0,0,1,0,0
TUR.81.6_1,2034,4,8.794178051107071,82.60788690953356,Zinguldak,Merkez,1.8181397357393974e-4,1.8181232076752707e-5,30,Zonguldak,Merkez,aegypti,0,0,1,0,0
TUR.81.6_1,2034,5,16.66332634757547,73.75842374845931,Zinguldak,Merkez,2.541278604016684e-4,2.459271634269733e-5,31,Zonguldak,Merkez,aegypti,0,0,1,0.0027554029869743387,0
TUR.81.6_1,2034,6,20.162706403171317,72.74683287756713,Zinguldak,Merkez,2.8583560705606017e-4,2.8583152199557205e-5,30,Zonguldak,Merkez,aegypti,3.3306690738754697e-19,3.3306690738754697e-19,1,0.04433872944975715,0
TUR.81.6_1,2034,7,21.417879272909726,77.74681979688289,Zinguldak,Merkez,3.356665475475589e-4,3.2483331845245544e-5,31,Zonguldak,Merkez,aegypti,3.945097887259053e-11,3.945097887259053e-11,0.999999999960549,0.08150415498580957,1.3211653993039363e-14
TUR.81.6_1,2034,8,23.30756249147303,80.98029150249347,Zinguldak,Merkez,3.9858286652360084e-4,3.8571791559305346e-5,31,Zonguldak,Merkez,aegypti,9.348124855552272e-4,9.348124855552272e-4,0.9990651875144447,0.15769501597712376,3.7260017071716334e-7
TUR.81.6_1,2034,9,20.87367557076847,75.42516440176091,Zinguldak,Merkez,3.1768979207299163e-4,3.176847457864174e-5,30,Zonguldak,Merkez,aegypti,4.369138384419102e-14,4.369138384419102e-14,0.9999999999999563,0.06360289357070867,0
TUR.81.6_1,2034,10,14.827462196350098,83.93862389905708,Zinguldak,Merkez,3.1307003151097307e-4,3.0296640871174674e-5,31,Zonguldak,Merkez,aegypti,0,0,1,7.389667334659366e-6,0
TUR.81.6_1,2034,11,9.710333564702202,78.22177525643858,Zinguldak,Merkez,1.8159614661940953e-4,1.8159449777122028e-5,30,Zonguldak,Merkez,aegypti,0,0,1,0,0
TUR.81.6_1,2034,12,5.772948107298682,82.40387303434355,Zinguldak,Merkez,1.4936568185433094e-4,1.4454638936012287e-5,31,Zonguldak,Merkez,aegypti,0,0,1,0,0
TUR.81.6_1,2035,1,5.435592455022475,83.32937370905273,Zinguldak,Merkez,1.448453991644034e-4,1.4017198451510282e-5,31,Zonguldak,Merkez,aegypti,0,0,1,0,0
TUR.81.6_1,2035,2,6.579292117672809,78.92614970377844,Zinguldak,Merkez,1.0834874197255885e-4,1.1608726400935687e-5,28,Zonguldak,Merkez,aegypti,0,0,1,0,0
TUR.81.6_1,2035,3,6.2665044314721055,79.97748095607069,Zinguldak,Merkez,1.330071153591074e-4,1.2871573485617738e-5,31,Zonguldak,Merkez,aegypti,0,0,1,0,0
TUR.81.6_1,2035,4,10.51362614070668,79.25569116978747,Zinguldak,Merkez,1.758774465759224e-4,1.758758999415022e-5,30,Zonguldak,Merkez,aegypti,0,0,1,0,0
TUR.81.6_1,2035,5,15.178305710063261,74.95159238859603,Zinguldak,Merkez,2.4583016537544234e-4,2.3789733023860116e-5,31,Zonguldak,Merkez,aegypti,0,0,1,8.549576987508905e-5,0
TUR.81.6_1,2035,6,20.86305239621331,72.95394805090697,Zinguldak,Merkez,2.765026016498894e-4,2.7649877900048914e-5,30,Zonguldak,Merkez,aegypti,1.3541834320562885e-14,1.3541834320562885e-14,0.9999999999999865,0.06045399591096001,0
TUR.81.6_1,2035,7,23.023061920614804,75.57975131543758,Zinguldak,Merkez,3.247064795028607e-4,3.142271399003693e-5,31,Zonguldak,Merkez,aegypti,1.7457952983814694e-5,1.7457952983814694e-5,0.9999825420470162,0.13290069230261786,5.668710389983289e-9
TUR.81.6_1,2035,8,23.221394202288458,68.64854254009113,Zinguldak,Merkez,3.855684765867228e-4,3.731238225512801e-5,31,Zonguldak,Merkez,aegypti,3.5224128750860896e-6,3.5224128750860896e-6,0.999996477587125,0.12372480702406526,1.3581313851318555e-9
TUR.81.6_1,2035,9,21.501981005949133,75.711198032132,Zinguldak,Merkez,3.0731669483209754e-4,3.0731197270261745e-5,30,Zonguldak,Merkez,aegypti,3.7873752301020856e-11,3.7873752301020856e-11,0.9999999999621263,0.08159220634817979,1.1657341758564144e-14
TUR.81.6_1,2035,10,15.967299461364746,64.752874845102,Zinguldak,Merkez,3.0284777709454233e-4,2.930741992546171e-5,31,Zonguldak,Merkez,aegypti,0,0,1,7.403679690974155e-4,0
TUR.81.6_1,2035,11,9.672895172063042,76.92522069100889,Zinguldak,Merkez,1.7566673203179192e-4,1.7566518910050455e-5,30,Zonguldak,Merkez,aegypti,0,0,1,0,0
TUR.81.6_1,2035,12,8.99779160934336,79.85176426969511,Zinguldak,Merkez,1.444886452576642e-4,1.3982674363255398e-5,31,Zonguldak,Merkez,aegypti,0,0,1,0,0
TUR.81.6_1,2036,1,6.585394662969252,85.35133110651367,Zinguldak,Merkez,1.600541746635326e-4,1.5488993721390898e-5,31,Zonguldak,Merkez,aegypti,0,0,1,0,0
TUR.81.6_1,2036,2,6.214978992062457,82.76127085856359,Zinguldak,Merkez,1.2400127224230356e-4,1.2827635543333216e-5,29,Zonguldak,Merkez,aegypti,0,0,1,0,0
TUR.81.6_1,2036,3,5.4863296992638535,81.47029406642226,Zinguldak,Merkez,1.4697287035687177e-4,1.4223079853326048e-5,31,Zonguldak,Merkez,aegypti,0,0,1,0,0
TUR.81.6_1,2036,4,13.012435955159805,76.52270471959216,Zinguldak,Merkez,1.9434458889293335e-4,1.9434270041474022e-5,30,Zonguldak,Merkez,aegypti,0,0,1,0,0
TUR.81.6_1,2036,5,15.696760261760039,79.7336663632054,Zinguldak,Merkez,2.7164234731340845e-4,2.6287623569265506e-5,31,Zonguldak,Merkez,aegypti,0,0,1,5.157118043329922e-4,0
TUR.81.6_1,2036,6,21.31718066159417,82.07844451086791,Zinguldak,Merkez,3.055353912150259e-4,3.0553072366878986e-5,30,Zonguldak,Merkez,aegypti,8.864467182512214e-11,8.864467182512214e-11,0.9999999999113554,0.08473923657221337,2.708944180085382e-14
TUR.81.6_1,2036,7,24.03047769209918,70.17556125196101,Zinguldak,Merkez,3.588006791002287e-4,3.4722043540380554e-5,31,Zonguldak,Merkez,aegypti,7.756444453591937e-4,7.756444453591937e-4,0.9992243555546408,0.15436080974650482,2.783017150065348e-7
TUR.81.6_1,2036,8,23.980805060442755,66.7006246018587,Zinguldak,Merkez,4.2605318948597684e-4,4.12301038371643e-5,31,Zonguldak,Merkez,aegypti,1.3800051750238596e-4,1.3800051750238596e-4,0.9998619994824977,0.14272024056132535,5.87955588660094e-8
TUR.81.6_1,2036,9,19.97257350472843,70.32867926382146,Zinguldak,Merkez,3.395849660081172e-4,3.3957920017591015e-5,30,Zonguldak,Merkez,aegypti,0,0,1,0.03867690654576168,0
TUR.81.6_1,2036,10,16.642136573791504,83.48265313489692,Zinguldak,Merkez,3.346468116431879e-4,3.238465092614273e-5,31,Zonguldak,Merkez,aegypti,0,0,1,0.0031383589561951777,0
TUR.81.6_1,2036,11,12.28250668329351,86.44903966073545,Zinguldak,Merkez,1.941117493091774e-4,1.941098653523987e-5,30,Zonguldak,Merkez,aegypti,0,0,1,0,0
TUR.81.6_1,2036,12,8.150489172514746,80.45720250211698,Zinguldak,Merkez,1.5965996157543637e-4,1.545084465792712e-5,31,Zonguldak,Merkez,aegypti,0,0,1,0,0
TUR.81.6_1,2037,1,2.9237506810356586,85.70323692926758,Zinguldak,Merkez,1.5965245747947865e-4,1.5450118466264762e-5,31,Zonguldak,Merkez,aegypti,0,0,1,0,0
TUR.81.6_1,2037,2,9.757138072567829,74.51740489176672,Zinguldak,Merkez,1.1942486969223716e-4,1.2795439890411764e-5,28,Zonguldak,Merkez,aegypti,0,0,1,0,0
TUR.81.6_1,2037,3,8.20278515885858,74.90493304347304,Zinguldak,Merkez,1.466039857105562e-4,1.4187381846220148e-5,31,Zonguldak,Merkez,aegypti,0,0,1,0,0
TUR.81.6_1,2037,4,10.387953800313614,83.26135980992419,Zinguldak,Merkez,1.9385680679571336e-4,1.9385492778467572e-5,30,Zonguldak,Merkez,aegypti,0,0,1,0,0
TUR.81.6_1,2037,5,16.73299416373758,79.41580289884993,Zinguldak,Merkez,2.7096055691923755e-4,2.6221645585966513e-5,31,Zonguldak,Merkez,aegypti,0,0,1,0.0033267321825605194,0
TUR.81.6_1,2037,6,19.814256696140067,81.65164855139525,Zinguldak,Merkez,3.047685332605505e-4,3.0476388911515606e-5,30,Zonguldak,Merkez,aegypti,0,0,1,0.04268656456009469,0
TUR.81.6_1,2037,7,24.56407373091754,70.11839419873836,Zinguldak,Merkez,3.5790013152783455e-4,3.463489679755849e-5,31,Zonguldak,Merkez,aegypti,0.006676153667556215,0.006676153667556215,0.9933238463324437,0.1718296117192504,2.3893934211205448e-6
TUR.81.6_1,2037,8,23.738941809710333,74.97291387798175,Zinguldak,Merkez,4.2498384600963635e-4,4.112662324595728e-5,31,Zonguldak,Merkez,aegypti,0.0010890279552713343,0.0010890279552713343,0.9989109720447287,0.15744304844889617,4.62819181756835e-7
TUR.81.6_1,2037,9,20.505101428312415,75.31579703115544,Zinguldak,Merkez,3.387326476191803e-4,3.387269106935875e-5,30,Zonguldak,Merkez,aegypti,4.882205750789126e-16,4.882205750789126e-16,0.9999999999999996,0.05391808019690493,0
TUR.81.6_1,2037,10,16.229007720947266,79.54579400403755,Zinguldak,Merkez,3.3380688744184453e-4,3.2303370567920986e-5,31,Zonguldak,Merkez,aegypti,0,0,1,0.0015658601843358828,0
TUR.81.6_1,2037,11,9.22282479089849,81.72552128915342,Zinguldak,Merkez,1.9362455161197145e-4,1.9362267710043568e-5,30,Zonguldak,Merkez,aegypti,0,0,1,0,0
TUR.81.6_1,2037,12,6.278075060423682,81.69855839811308,Zinguldak,Merkez,1.592592338199431e-4,1.541206515098814e-5,31,Zonguldak,Merkez,aegypti,0,0,1,0,0
TUR.81.6_1,2038,1,4.312656683080336,78.77145897516601,Zinguldak,Merkez,1.474705501450034e-4,1.4271241727259465e-5,31,Zonguldak,Merkez,aegypti,0,0,1,0,0
TUR.81.6_1,2038,2,4.631099521237262,75.44777903727453,Zinguldak,Merkez,1.1031243434992735e-4,1.1819119548284185e-5,28,Zonguldak,Merkez,aegypti,0,0,1,0,0
TUR.81.6_1,2038,3,4.968700552687926,81.16327197169569,Zinguldak,Merkez,1.354177114935101e-4,1.3104853952561335e-5,31,Zonguldak,Merkez,aegypti,0,0,1,0,0
TUR.81.6_1,2038,4,13.926497501485489,76.17945825963122,Zinguldak,Merkez,1.7906501659200664e-4,1.7906341338802534e-5,30,Zonguldak,Merkez,aegypti,0,0,1,0,0
TUR.81.6_1,2038,5,16.05941304038553,76.32317441984603,Zinguldak,Merkez,2.5028554541111687e-4,2.4220888483528213e-5,31,Zonguldak,Merkez,aegypti,0,0,1,0.0010854305416483205,0
TUR.81.6_1,2038,6,18.349315671359793,85.81804564612182,Zinguldak,Merkez,2.815138831959175e-4,2.8150992072983883e-5,30,Zonguldak,Merkez,aegypti,0,0,1,0.018057400044744397,0
TUR.81.6_1,2038,7,21.088052917929257,83.78215915235164,Zinguldak,Merkez,3.3059139913435413e-4,3.199220428373728e-5,31,Zonguldak,Merkez,aegypti,1.486310285958581e-11,1.486310285958581e-11,0.9999999999851369,0.07929538763975434,4.884981308350689e-15
TUR.81.6_1,2038,8,24.156843802508185,75.5541745591341,Zinguldak,Merkez,3.9255644769411866e-4,3.7988612062167526e-5,31,Zonguldak,Merkez,aegypti,0.008268035530856808,0.008268035530856808,0.9917319644691432,0.17483180819659436,3.2456653902279697e-6
TUR.81.6_1,2038,9,18.965577349943274,77.750992954007,Zinguldak,Merkez,3.128864452518367e-4,3.1288155040609666e-5,30,Zonguldak,Merkez,aegypti,0,0,1,0.024652465910708486,0
TUR.81.6_1,2038,10,16.688790321350098,78.05711602552192,Zinguldak,Merkez,3.083365336832821e-4,2.9838574209573032e-5,31,Zonguldak,Merkez,aegypti,0,0,1,0.0030461748430707196,0
TUR.81.6_1,2038,11,7.844034412327934,80.04025670175108,Zinguldak,Merkez,1.7885048309680598e-4,1.7884888373176366e-5,30,Zonguldak,Merkez,aegypti,0,0,1,0,0
TUR.81.6_1,2038,12,6.036004385527442,76.97317845426542,Zinguldak,Merkez,1.4710733049704276e-4,1.4236091939734408e-5,31,Zonguldak,Merkez,aegypti,0,0,1,0,0
TUR.81.6_1,2039,1,7.6240852299858535,81.89490257868164,Zinguldak,Merkez,1.6297251210575846e-4,1.577140905961727e-5,31,Zonguldak,Merkez,aegypti,0,0,1,0,0
TUR.81.6_1,2039,2,5.774123012143024,78.5734809415714,Zinguldak,Merkez,1.2190837102616145e-4,1.3061525878876878e-5,28,Zonguldak,Merkez,aegypti,0,0,1,0,0
TUR.81.6_1,2039,3,8.864461565718932,75.55453784083632,Zinguldak,Merkez,1.496526906830553e-4,1.4482413582039833e-5,31,Zonguldak,Merkez,aegypti,0,0,1,0,0
TUR.81.6_1,2039,4,11.444177669637345,79.65212213902575,Zinguldak,Merkez,1.978881583852789e-4,1.9788620041150118e-5,30,Zonguldak,Merkez,aegypti,0,0,1,0,0
TUR.81.6_1,2039,5,16.826332176432892,76.43643278166243,Zinguldak,Merkez,2.7659532048468217e-4,2.6766930838473257e-5,31,Zonguldak,Merkez,aegypti,0,0,1,0.0035502075190498813,0
TUR.81.6_1,2039,6,24.11420634213616,58.70803740637572,Zinguldak,Merkez,3.111063510102476e-4,3.111015117018834e-5,30,Zonguldak,Merkez,aegypti,9.871209948186743e-6,9.871209948186743e-6,0.9999901287900518,0.12614742864670822,3.0709961240660277e-9
TUR.81.6_1,2039,7,21.949501205893124,81.11468631299617,Zinguldak,Merkez,3.653428480771734e-4,3.5355134483827655e-5,31,Zonguldak,Merkez,aegypti,2.7574371367689033e-8,2.7574371367689033e-8,0.9999999724256287,0.10452994528973601,1.0074052703146208e-11
TUR.81.6_1,2039,8,22.738299033221075,75.5467282700716,Zinguldak,Merkez,4.3382160276148485e-4,4.198185448844871e-5,31,Zonguldak,Merkez,aegypti,2.2308127764775755e-6,2.2308127764775755e-6,0.9999977691872235,0.12265051431999982,9.677747492276012e-10
TUR.81.6_1,2039,9,20.5779125550214,79.30378836416325,Zinguldak,Merkez,3.457767665231729e-4,3.4577078851349974e-5,30,Zonguldak,Merkez,aegypti,5.969169603048386e-15,5.969169603048386e-15,0.999999999999994,0.05950339535248672,0
TUR.81.6_1,2039,10,13.80925464630127,84.83933495862739,Zinguldak,Merkez,3.4074857264000576e-4,3.297512462863139e-5,31,Zonguldak,Merkez,aegypti,0,0,1,0,0
TUR.81.6_1,2039,11,11.861833312932182,74.25777073983701,Zinguldak,Merkez,1.976510733360314e-4,1.9764912005171276e-5,30,Zonguldak,Merkez,aegypti,0,0,1,0,0
TUR.81.6_1,2039,12,9.232101759489844,75.32355839811308,Zinguldak,Merkez,1.6257111115881612e-4,1.573256441855797e-5,31,Zonguldak,Merkez,aegypti,0,0,1,0,0
TUR.81.6_1,2040,1,4.691452306859633,83.31208550104492,Zinguldak,Merkez,1.3800345313598917e-4,1.335508370425842e-5,31,Zonguldak,Merkez,aegypti,0,0,1,0,0
TUR.81.6_1,2040,2,4.4270222774323305,78.46446452311437,Zinguldak,Merkez,1.0691757211999029e-4,1.1060377328786508e-5,29,Zonguldak,Merkez,aegypti,0,0,1,0,0
TUR.81.6_1,2040,3,5.380852366195006,79.20698840235976,Zinguldak,Merkez,1.2672436485455614e-4,1.2263573013537865e-5,31,Zonguldak,Merkez,aegypti,0,0,1,0,0
TUR.81.6_1,2040,4,10.072545093648575,79.73204767613512,Zinguldak,Merkez,1.6756966459575788e-4,1.6756826062391816e-5,30,Zonguldak,Merkez,aegypti,0,0,1,0,0
TUR.81.6_1,2040,5,15.71406468223123,78.61084074064681,Zinguldak,Merkez,2.342180828836411e-4,2.266600920763917e-5,31,Zonguldak,Merkez,aegypti,0,0,1,5.40426096717122e-4,0
TUR.81.6_1,2040,6,22.134546307956473,70.03014281409057,Zinguldak,Merkez,2.634416698693956e-4,2.6343819982455052e-5,30,Zonguldak,Merkez,aegypti,1.4330674931173349e-9,1.4330674931173349e-9,0.9999999985669326,0.09246135437490487,3.774758283725532e-13
TUR.81.6_1,2040,7,24.98078935286578,67.29060489209773,Zinguldak,Merkez,3.093685797790775e-4,2.9938446653110518e-5,31,Zonguldak,Merkez,aegypti,0.010312618629221589,0.010312618629221589,0.9896873813707784,0.1756150896231935,3.1903950897804734e-6
TUR.81.6_1,2040,8,24.148956915911505,63.57190908672199,Zinguldak,Merkez,3.67355687486877e-4,3.5549918488642085e-5,31,Zonguldak,Merkez,aegypti,1.0113702071072727e-4,1.0113702071072727e-4,0.9998988629792893,0.13970110071912747,3.71532591358914e-8
TUR.81.6_1,2040,9,20.530438647550696,78.23355215810857,Zinguldak,Merkez,2.928002224290956e-4,2.9279593587228092e-5,30,Zonguldak,Merkez,aegypti,1.9746426715983036e-15,1.9746426715983036e-15,0.999999999999998,0.05743302255019467,0
TUR.81.6_1,2040,10,13.823752403259277,84.30737542493598,Zinguldak,Merkez,2.885423993769233e-4,2.7923068148139052e-5,31,Zonguldak,Merkez,aegypti,0,0,1,0,0
TUR.81.6_1,2040,11,7.361363151494194,87.47308751229795,Zinguldak,Merkez,1.673689034056632e-4,1.6736750279577883e-5,30,Zonguldak,Merkez,aegypti,0,0,1,0,0
TUR.81.6_1,2040,12,5.059526285704444,80.40201909147245,Zinguldak,Merkez,1.3766355092760844e-4,1.3322190380860022e-5,31,Zonguldak,Merkez,aegypti,0,0,1,0,0
TUR.81.6_1,2041,1,6.696902078740736,77.5570501006543,Zinguldak,Merkez,1.651155507857121e-4,1.597879660730772e-5,31,Zonguldak,Merkez,aegypti,0,0,1,0,0
TUR.81.6_1,2041,2,5.1629326930817445,75.86084208659094,Zinguldak,Merkez,1.235114288126774e-4,1.3233279812174814e-5,28,Zonguldak,Merkez,aegypti,0,0,1,0,0
TUR.81.6_1,2041,3,8.5524918086388535,76.91537768458632,Zinguldak,Merkez,1.5162057778591104e-4,1.4672851493258143e-5,31,Zonguldak,Merkez,aegypti,0,0,1,0,0
TUR.81.6_1,2041,4,12.379793209188126,74.79961359410387,Zinguldak,Merkez,2.004903271329094e-4,2.0048831732788486e-5,30,Zonguldak,Merkez,aegypti,0,0,1,0,0
TUR.81.6_1,2041,5,16.820976341471955,79.161362591232745,Zinguldak,Merkez,2.802324643369423e-4,2.7118903018208407e-5,31,Zonguldak,Merkez,aegypti,0,0,1,0.003701564405279756,0
TUR.81.6_1,2041,6,20.22398760739495,78.28438475744994,Zinguldak,Merkez,3.1519730435679435e-4,3.151923369415499e-5,30,Zonguldak,Merkez,aegypti,3.9468428525424313e-17,3.9468428525424313e-17,1,0.049604369975291246,0
TUR.81.6_1,2041,7,20.969988037558164,78.9282925752032,Zinguldak,Merkez,3.7014699476889114e-4,3.582003536028999e-5,31,Zonguldak,Merkez,aegypti,5.693871485412671e-13,5.693871485412671e-13,0.9999999999994306,0.07000814427236396,2.220446049250313e-16
TUR.81.6_1,2041,8,21.283239981707403,79.49108709575519,Zinguldak,Merkez,4.3952622412925284e-4,4.2533891291829384e-5,31,Zonguldak,Merkez,aegypti,1.8483900299237633e-11,1.8483900299237633e-11,0.9999999999815161,0.08024328751625392,8.104628079763643e-15
TUR.81.6_1,2041,9,21.342200503629797,69.4517986180695,Zinguldak,Merkez,3.5032362522783336e-4,3.50317488967411e-5,30,Zonguldak,Merkez,aegypti,5.827927029855573e-13,5.827927029855573e-13,0.9999999999994172,0.0690326396738287,2.220446049250313e-16
TUR.81.6_1,2041,10,14.758193969726563,84.40573357923286,Zinguldak,Merkez,3.4522931213325626e-4,3.340873018686796e-5,31,Zonguldak,Merkez,aegypti,0,0,1,2.2175152235474075e-6,0
TUR.81.6_1,2041,11,11.192855575505424,82.22407933358701,Zinguldak,Merkez,2.0025012448779002e-4,2.0024811949514998e-5,30,Zonguldak,Merkez,aegypti,0,0,1,0,0
TUR.81.6_1,2041,12,9.039849600371191,83.04585606657011,Zinguldak,Merkez,1.6470887153910836e-4,1.5939441179169123e-5,31,Zonguldak,Merkez,aegypti,0,0,1,0,0
TUR.81.6_1,2042,1,8.029641431920668,74.71745812067383,Zinguldak,Merkez,1.5747257149968777e-4,1.5239164995572985e-5,31,Zonguldak,Merkez,aegypti,0,0,1,0,0
TUR.81.6_1,2042,2,7.009969531613239,77.65013346842687,Zinguldak,Merkez,1.1779424901034804e-4,1.2620732751877917e-5,28,Zonguldak,Merkez,aegypti,0,0,1,0,0
TUR.81.6_1,2042,3,6.946451807723326,72.67427355860976,Zinguldak,Merkez,1.4460226285531618e-4,1.3993669460754532e-5,31,Zonguldak,Merkez,aegypti,0,0,1,0,0
TUR.81.6_1,2042,4,11.734721225850723,76.002036689807,Zinguldak,Merkez,1.9120989648883425e-4,1.912080684396411e-5,30,Zonguldak,Merkez,aegypti,0,0,1,0,0
TUR.81.6_1,2042,5,16.230392540202423,68.28461545988509,Zinguldak,Merkez,2.6726087619756433e-4,2.5863621291866146e-5,31,Zonguldak,Merkez,aegypti,0,0,1,0.0012809125588382543,0
TUR.81.6_1,2042,6,19.55845454159905,73.64820006506713,Zinguldak,Merkez,3.006072402668519e-4,3.0060272207643735e-5,30,Zonguldak,Merkez,aegypti,0,0,1,0.03280964358880192,0
TUR.81.6_1,2042,7,23.398637939901914,81.84171420606258,Zinguldak,Merkez,3.5301338257827245e-4,3.416200187633667e-5,31,Zonguldak,Merkez,aegypti,0.0019926745194874126,0.0019926745194874126,0.9980073254805126,0.16402167476875365,7.034405250516684e-7
TUR.81.6_1,2042,8,23.22701706605799,74.95327581645832,Zinguldak,Merkez,4.1918113966749873e-4,4.056509395633512e-5,31,Zonguldak,Merkez,aegypti,4.957276975658881e-5,4.957276975658881e-5,0.9999504272302434,0.13793153980183187,2.0779969855944103e-8
TUR.81.6_1,2042,9,20.224835620206946,79.9239665868195,Zinguldak,Merkez,3.3410761045345167e-4,3.3410202912032005e-5,30,Zonguldak,Merkez,aegypti,8.998357614586894e-17,8.998357614586894e-17,0.9999999999999999,0.05115749382143881,0
TUR.81.6_1,2042,10,13.091562271118164,77.12988519056098,Zinguldak,Merkez,3.292491063379386e-4,3.186230912821664e-5,31,Zonguldak,Merkez,aegypti,0,0,1,0,0
TUR.81.6_1,2042,11,9.899169662419487,83.21500035409483,Zinguldak,Merkez,1.909808125047517e-4,1.9097898883324582e-5,30,Zonguldak,Merkez,aegypti,0,0,1,0,0
TUR.81.6_1,2042,12,7.763750395354102,78.28023869596464,Zinguldak,Merkez,1.5708471689463387e-4,1.520163125023899e-5,31,Zonguldak,Merkez,aegypti,0,0,1,0,0
TUR.81.6_1,2043,1,2.744568628423354,89.75706993708008,Zinguldak,Merkez,1.4284533652987908e-4,1.3823646697330716e-5,31,Zonguldak,Merkez,aegypti,0,0,1,0,0
TUR.81.6_1,2043,2,5.487305461483844,77.69198069743078,Zinguldak,Merkez,1.0685263459485008e-4,1.1448431029958961e-5,28,Zonguldak,Merkez,aegypti,0,0,1,0,0
TUR.81.6_1,2043,3,6.456929827437682,73.20999438380507,Zinguldak,Merkez,1.311705188010512e-4,1.2693840606869955e-5,31,Zonguldak,Merkez,aegypti,0,0,1,0,0
TUR.81.6_1,2043,4,10.110468906514786,71.16586267857653,Zinguldak,Merkez,1.7344888542602502e-4,1.734473812087245e-5,30,Zonguldak,Merkez,aegypti,0,0,1,0,0
TUR.81.6_1,2043,5,15.181269729838652,84.13618558927962,Zinguldak,Merkez,2.4243567904006142e-4,2.3461242107170044e-5,31,Zonguldak,Merkez,aegypti,0,0,1,1.0260183442855535e-4,0
TUR.81.6_1,2043,6,19.240865735446707,76.09502318518432,Zinguldak,Merkez,2.726845824024778e-4,2.7268086459253382e-5,30,Zonguldak,Merkez,aegypti,0,0,1,0.028464296959467214,0
TUR.81.6_1,2043,7,22.838100601645078,74.00878268750789,Zinguldak,Merkez,3.202228486758678e-4,3.0988827772748806e-5,31,Zonguldak,Merkez,aegypti,2.201048386869908e-6,2.201048386869908e-6,0.9999977989516131,0.12195408674413193,7.048259753617003e-10
TUR.81.6_1,2043,8,22.866905829485724,71.30925573589191,Zinguldak,Merkez,3.802444476046473e-4,3.679717273563643e-5,31,Zonguldak,Merkez,aegypti,9.399365236491541e-7,9.399365236491541e-7,0.9999990600634764,0.1180856502654343,3.574056606225895e-10
TUR.81.6_1,2043,9,19.63219951180851,77.24736899160466,Zinguldak,Merkez,3.0307318663753247e-4,3.0306859401640907e-5,30,Zonguldak,Merkez,aegypti,0,0,1,0.03616184872840352,0
TUR.81.6_1,2043,10,15.202729225158691,82.45291375501411,Zinguldak,Merkez,2.986659768688545e-4,2.890274135958215e-5,31,Zonguldak,Merkez,aegypti,0,0,1,1.0918716085374765e-4,0
TUR.81.6_1,2043,11,11.618657806340385,82.19593449716123,Zinguldak,Merkez,1.732410804826737e-4,1.732395798681452e-5,30,Zonguldak,Merkez,aegypti,0,0,1,0,0
TUR.81.6_1,2043,12,6.683136305388282,83.24172551237089,Zinguldak,Merkez,1.4249350877310879e-4,1.3789599319968815e-5,31,Zonguldak,Merkez,aegypti,0,0,1,0,0
TUR.81.6_1,2044,1,7.810738367192885,79.36591850885742,Zinguldak,Merkez,1.5152011634758547e-4,1.4663129561109933e-5,31,Zonguldak,Merkez,aegypti,0,0,1,0,0
TUR.81.6_1,2044,2,2.4204331031617,79.51144633463781,Zinguldak,Merkez,1.1738954786340445e-4,1.2143672595721355e-5,29,Zonguldak,Merkez,aegypti,0,0,1,0,0
TUR.81.6_1,2044,3,7.048222208724303,78.40572650050429,Zinguldak,Merkez,1.3913630471199288e-4,1.3464713031763331e-5,31,Zonguldak,Merkez,aegypti,0,0,1,0,0
TUR.81.6_1,2044,4,10.223530811422012,77.42202722935778,Zinguldak,Merkez,1.8398217217692025e-4,1.8398047971546205e-5,30,Zonguldak,Merkez,aegypti,0,0,1,0,0
TUR.81.6_1,2044,5,14.905170524821562,83.41348356291243,Zinguldak,Merkez,2.571584287406704e-4,2.4885989894141147e-5,31,Zonguldak,Merkez,aegypti,0,0,1,1.7484418088551363e-5,0
TUR.81.6_1,2044,6,18.397316007053153,79.98395445959838,Zinguldak,Merkez,2.892443019529296e-4,2.8924011888031842e-5,30,Zonguldak,Merkez,aegypti,0,0,1,0.017054403157583428,0
TUR.81.6_1,2044,7,22.28343598982867,74.77953464063289,Zinguldak,Merkez,3.3966949476417615e-4,3.2870701175413686e-5,31,Zonguldak,Merkez,aegypti,4.040225827600663e-8,4.040225827600663e-8,0.9999999595977417,0.10537434881310401,1.372346680739156e-11
TUR.81.6_1,2044,8,24.757992407854864,65.49661459209308,Zinguldak,Merkez,4.0333611401817247e-4,3.90317654038741e-5,31,Zonguldak,Merkez,aegypti,0.0029883339444602124,0.0029883339444602124,0.9970116660555398,0.16337950587390915,1.2053022742097852e-6
TUR.81.6_1,2044,9,20.621876941007727,70.82155340932927,Zinguldak,Merkez,3.2147835985913987e-4,3.214731924972014e-5,30,Zonguldak,Merkez,aegypti,3.1130653610489387e-16,3.1130653610489387e-16,0.9999999999999997,0.05284416831892656,0
TUR.81.6_1,2044,10,18.231196403503418,75.26976250989692,Zinguldak,Merkez,3.1680350695080837e-4,3.065793393441929e-5,31,Zonguldak,Merkez,aegypti,0,0,1,0.014099191545719661,0
TUR.81.6_1,2044,11,8.942708709660698,77.63360234384092,Zinguldak,Merkez,1.8376174755572439e-4,1.837600591469979e-5,30,Zonguldak,Merkez,aegypti,0,0,1,0,0
TUR.81.6_1,2044,12,5.797086557921241,81.46071202360136,Zinguldak,Merkez,1.5114692262677403e-4,1.4627014568668883e-5,31,Zonguldak,Merkez,aegypti,0,0,1,0,0
TUR.81.6_1,2045,1,5.616821569554945,79.00679527887695,Zinguldak,Merkez,1.5755472340803838e-4,1.5247115059069394e-5,31,Zonguldak,Merkez,aegypti,0,0,1,0,0
TUR.81.6_1,2045,2,3.194875537472613,81.2707465665714,Zinguldak,Merkez,1.178557011239242e-4,1.2627316823721202e-5,28,Zonguldak,Merkez,aegypti,0,0,1,0,0
TUR.81.6_1,2045,3,8.539802218184752,74.58452136134413,Zinguldak,Merkez,1.4467770044887453e-4,1.4000969770888716e-5,31,Zonguldak,Merkez,aegypti,0,0,1,0,0
TUR.81.6_1,2045,4,11.601844829671524,81.70132410435778,Zinguldak,Merkez,1.9130964883136913e-4,1.913078188742201e-5,30,Zonguldak,Merkez,aegypti,0,0,1,0,0
TUR.81.6_1,2045,5,17.775987709269806,72.67402738615462,Zinguldak,Merkez,2.6740030359624075e-4,2.587711391688341e-5,31,Zonguldak,Merkez,aegypti,0,0,1,0.00915724409131329,0
TUR.81.6_1,2045,6,19.913675336276786,79.6345205606726,Zinguldak,Merkez,3.007640641392047e-4,3.0075954123298665e-5,30,Zonguldak,Merkez,aegypti,5.551115123125783e-20,5.551115123125783e-20,1,0.043638186765263445,0
TUR.81.6_1,2045,7,23.081901718588437,71.9183056977618,Zinguldak,Merkez,3.5319754622515986e-4,3.417982355569116e-5,31,Zonguldak,Merkez,aegypti,5.472838912384592e-6,5.472838912384592e-6,0.9999945271610876,0.12643074906922394,1.9329933209633055e-9
TUR.81.6_1,2045,8,24.268858573015997,68.12574972392902,Zinguldak,Merkez,4.1939982238945036e-4,4.058625594172138e-5,31,Zonguldak,Merkez,aegypti,0.0010170246022351806,0.0010170246022351806,0.9989829753977648,0.1558880813964441,4.2653984655416366e-7
TUR.81.6_1,2045,9,20.899298892301672,73.91582602285466,Zinguldak,Merkez,3.342819111429738e-4,3.342763239855273e-5,30,Zonguldak,Merkez,aegypti,3.3010871813843326e-14,3.3010871813843326e-14,0.999999999999967,0.06262154146356307,0
TUR.81.6_1,2045,10,15.880757331848145,76.45614098890083,Zinguldak,Merkez,3.294208723931367e-4,3.18789311198886e-5,31,Zonguldak,Merkez,aegypti,0,0,1,7.604368550770214e-4,0
TUR.81.6_1,2045,11,11.761374214116264,73.13802739266904,Zinguldak,Merkez,1.9108044533640105e-4,1.91078619761198e-5,30,Zonguldak,Merkez,aegypti,0,0,1,0,0
TUR.81.6_1,2045,12,9.722508749541113,78.94950444303495,Zinguldak,Merkez,1.5716666646301087e-4,1.520956173306498e-5,31,Zonguldak,Merkez,aegypti,0,0,1,0,0
TUR.81.6_1,2046,1,5.433524412267348,77.1148885405957,Zinguldak,Merkez,1.5987956489424185e-4,1.5472096263402513e-5,31,Zonguldak,Merkez,aegypti,0,0,1,0,0
TUR.81.6_1,2046,2,5.740253745633014,80.49990306071203,Zinguldak,Merkez,1.1959475291133965e-4,1.2813641430797773e-5,28,Zonguldak,Merkez,aegypti,0,0,1,0,0
TUR.81.6_1,2046,3,4.769057894454283,78.00400836085585,Zinguldak,Merkez,1.468125315276037e-4,1.4207563412971247e-5,31,Zonguldak,Merkez,aegypti,0,0,1,0,0
TUR.81.6_1,2046,4,14.51728062068715,82.29875910191637,Zinguldak,Merkez,1.9413257028172973e-4,1.9413068592100124e-5,30,Zonguldak,Merkez,aegypti,0,0,1,0,0
TUR.81.6_1,2046,5,16.982507789836212,80.22265714689681,Zinguldak,Merkez,2.7134600135621175e-4,2.625894568164533e-5,31,Zonguldak,Merkez,aegypti,0,0,1,0.0046089375800202805,0
TUR.81.6_1,2046,6,21.063188580905692,79.08505156653197,Zinguldak,Merkez,3.05202069923767e-4,3.051974125556356e-5,30,Zonguldak,Merkez,aegypti,1.6326669460831055e-12,1.6326669460831055e-12,0.9999999999983673,0.07293658997083757,4.440892098500626e-16
TUR.81.6_1,2046,7,22.27952973982867,71.17882663282039,Zinguldak,Merkez,3.5840924848662073e-4,3.4684164473053336e-5,31,Zonguldak,Merkez,aegypti,7.451375562850249e-9,7.451375562850249e-9,0.9999999925486245,0.09856661418235421,2.670641485735814e-12
TUR.81.6_1,2046,8,25.871098181780646,70.42110265972003,Zinguldak,Merkez,4.255883903060858e-4,4.118512512485406e-5,31,Zonguldak,Merkez,aegypti,0.0938651967038987,0.0938651967038987,0.9061348032961013,0.21528664407328563,3.994714006272382e-5
TUR.81.6_1,2046,9,22.18743632821476,71.07455557607732,Zinguldak,Merkez,3.3921449861672333e-4,3.392087453579773e-5,30,Zonguldak,Merkez,aegypti,3.395151592977541e-9,3.395151592977541e-9,0.9999999966048484,0.09549828663037306,1.1516343434436749e-12
TUR.81.6_1,2046,10,13.373441696166992,88.12639092786567,Zinguldak,Merkez,3.34281731490185e-4,3.2349321732350056e-5,31,Zonguldak,Merkez,aegypti,0,0,1,0,0
TUR.81.6_1,2046,11,10.761336067143608,83.07694646005186,Zinguldak,Merkez,1.938999847123791e-4,1.938981048643651e-5,30,Zonguldak,Merkez,aegypti,0,0,1,0,0
TUR.81.6_1,2046,12,6.4420107217396,80.64873082242948,Zinguldak,Merkez,1.5948578186963195e-4,1.5433988817648014e-5,31,Zonguldak,Merkez,aegypti,0,0,1,0,0
TUR.81.6_1,2047,1,7.197446149938246,80.36951958307617,Zinguldak,Merkez,1.5880227962338121e-4,1.536784445765882e-5,31,Zonguldak,Merkez,aegypti,0,0,1,0,0
TUR.81.6_1,2047,2,5.110591231900104,84.74677500895422,Zinguldak,Merkez,1.1878891092728854e-4,1.2727302320825196e-5,28,Zonguldak,Merkez,aegypti,0,0,1,0,0
TUR.81.6_1,2047,3,9.380625391707701,73.48723895167616,Zinguldak,Merkez,1.4582329329758306e-4,1.4111832036589611e-5,31,Zonguldak,Merkez,aegypti,0,0,1,0,0
TUR.81.6_1,2047,4,9.999133152120255,79.01589929967028,Zinguldak,Merkez,1.9282448466930536e-4,1.9282262561759467e-5,30,Zonguldak,Merkez,aegypti,0,0,1,0,0
TUR.81.6_1,2047,5,15.774686897502226,75.34930509611556,Zinguldak,Merkez,2.6951764354975075e-4,2.6082012460015847e-05,31,Zonguldak,Merkez,aegypti,0,0,1,5.85286831786793e-4,0
TUR.81.6_1,2047,6,22.964942960178153,58.46298125403197,Zinguldak,Merkez,3.031455863776519e-4,3.0314099156214525e-5,30,Zonguldak,Merkez,aegypti,6.049965799836965e-9,6.049965799836965e-9,0.9999999939500342,0.09586085005091002,1.833977414378296e-12
TUR.81.6_1,2047,7,23.111488510580624,78.71035892041805,Zinguldak,Merkez,3.559942493928324e-4,3.4450462962021255e-5,31,Zonguldak,Merkez,aegypti,1.1160463456797659e-4,1.1160463456797659e-4,0.9998883953654321,0.14338822563893985,3.973060735962264e-8
TUR.81.6_1,2047,8,24.17115082460291,78.60377325298175,Zinguldak,Merkez,4.227207311113081e-4,4.09076211099757e-5,31,Zonguldak,Merkez,aegypti,0.019800796849338522,0.019800796849338522,0.9801992031506614,0.18552510416410803,8.370172290605993e-6
TUR.81.6_1,2047,9,20.315449939054602,70.8932163121613,Zinguldak,Merkez,3.369288357600355e-4,3.3692315977162934e-5,30,Zonguldak,Merkez,aegypti,5.717648576819556e-18,5.717648576819556e-18,1,0.046314614962443434,0
TUR.81.6_1,2047,10,14.580817222595215,77.78534173352973,Zinguldak,Merkez,3.320293061355728e-4,3.213135211277418e-5,31,Zonguldak,Merkez,aegypti,0,0,1,0,0
TUR.81.6_1,2047,11,12.316652992192436,74.82359715585264,Zinguldak,Merkez,1.9259346628590652e-4,1.925916116851667e-5,30,Zonguldak,Merkez,aegypti,0,0,1,0,0
TUR.81.6_1,2047,12,4.913914522703956,79.22973210416777,Zinguldak,Merkez,1.584111499500774e-4,1.5329993779955586e-5,31,Zonguldak,Merkez,aegypti,0,0,1,0,0
TUR.81.6_1,2048,1,5.629986566655775,81.7811711944043,Zinguldak,Merkez,1.6506443956564447e-4,1.5973850439165993e-5,31,Zonguldak,Merkez,aegypti,0,0,1,0,0
TUR.81.6_1,2048,2,6.446002780514606,76.1187690275089,Zinguldak,Merkez,1.2788295307592686e-4,1.3229183501439756e-5,29,Zonguldak,Merkez,aegypti,0,0,1,0,0
TUR.81.6_1,2048,3,10.569406176314635,73.876238890641,Zinguldak,Merkez,1.515736439103244e-4,1.4668309571863603e-5,31,Zonguldak,Merkez,aegypti,0,0,1,0,0
TUR.81.6_1,2048,4,13.557768863790177,74.34381830601794,Zinguldak,Merkez,2.0042826571481305e-4,2.0042625715421813e-5,30,Zonguldak,Merkez,aegypti,0,0,1,0,0
TUR.81.6_1,2048,5,15.110250557170195,78.325974407639,Zinguldak,Merkez,2.8014571888452025e-4,2.7110508524552657e-5,31,Zonguldak,Merkez,aegypti,0,0,1,6.426688526192506e-5,0
TUR.81.6_1,2048,6,19.794668225681082,72.98622801916869,Zinguldak,Merkez,3.150997356013922e-4,3.150947712615704e-5,30,Zonguldak,Merkez,aegypti,0,0,1,0.03682180308300603,0
TUR.81.6_1,2048,7,22.553348709555234,72.37886172803523,Zinguldak,Merkez,3.700324164362206e-4,3.5808947531745794e-5,31,Zonguldak,Merkez,aegypti,1.2342183993235834e-7,1.2342183993235834e-7,0.99999987657816,0.10937699701575511,4.567013434098044e-11
TUR.81.6_1,2048,8,25.5486380072201,68.24231542827472,Zinguldak,Merkez,4.3939016958163417e-4,4.25207252826576e-5,31,Zonguldak,Merkez,aegypti,0.04562982692944078,0.04562982692944078,0.9543701730705593,0.19728473782809094,2.004909640673791e-5
TUR.81.6_1,2048,9,18.28266643075382,84.71640127920232,Zinguldak,Merkez,3.5021518318334574e-4,3.5020905072125075e-5,30,Zonguldak,Merkez,aegypti,0,0,1,0.016920831769715917,0
TUR.81.6_1,2048,10,15.701812744140625,80.66324853284614,Zinguldak,Merkez,3.451224470241719e-4,3.339838874760748e-5,31,Zonguldak,Merkez,aegypti,0,0,1,5.32818077914357e-4,0
TUR.81.6_1,2048,11,10.790670135441948,85.68426915292295,Zinguldak,Merkez,2.0018813742398795e-4,2.001861336731192e-5,30,Zonguldak,Merkez,aegypti,0,0,1,0,0
TUR.81.6_1,2048,12,7.688589891966651,78.1784473141287,Zinguldak,Merkez,1.6465788620586584e-4,1.593450719339362e-5,31,Zonguldak,Merkez,aegypti,0,0,1,0,0
TUR.81.6_1,2049,1,3.9944365445305317,84.67674767145508,Zinguldak,Merkez,1.4996363472159473e-4,1.4512504504349266e-5,31,Zonguldak,Merkez,aegypti,0,0,1,0,0
TUR.81.6_1,2049,2,7.460865794735797,79.85173258952062,Zinguldak,Merkez,1.1217733706042537e-4,1.2018928171486642e-5,28,Zonguldak,Merkez,aegypti,0,0,1,0,0
TUR.81.6_1,2049,3,8.262573862777037,75.39484698390272,Zinguldak,Merkez,1.377070350743187e-4,1.3326398468072043e-5,31,Zonguldak,Merkez,aegypti,0,0,1,0,0
TUR.81.6_1,2049,4,12.656158489339493,74.83174097447497,Zinguldak,Merkez,1.820922259611563e-4,1.8209056809270763e-5,30,Zonguldak,Merkez,aegypti,0,0,1,0,0
TUR.81.6_1,2049,5,15.305674637065215,78.48009580656478,Zinguldak,Merkez,2.5451678366441335e-4,2.463035315147799e-5,31,Zonguldak,Merkez,aegypti,0,0,1,1.547864376939296e-4,0
TUR.81.6_1,2049,6,20.992172269260184,75.00582030432494,Zinguldak,Merkez,2.862730566010617e-4,2.862689590266143e-5,30,Zonguldak,Merkez,aegypti,1.3335343940212852e-13,1.3335343940212852e-13,0.9999999999998667,0.06612778825176298,0
TUR.81.6_1,2049,7,22.803474594565,71.60048038037898,Zinguldak,Merkez,3.361802595375005e-4,3.253304429262638e-5,31,Zonguldak,Merkez,aegypti,6.892166227908669e-7,6.892166227908669e-7,0.9999993107833772,0.11667936861099705,2.3170099172631353e-10
TUR.81.6_1,2049,8,23.272186896380255,70.8013669419466,Zinguldak,Merkez,3.991928671299002e-4,3.863082159738518e-5,31,Zonguldak,Merkez,aegypti,1.1980990704063054e-5,1.1980990704063054e-5,0.9999880190092959,0.1301935665860611,4.782725993024428e-9
TUR.81.6_1,2049,9,18.246760592741126,79.82727926992497,Zinguldak,Merkez,3.181759920129687e-4,3.181709302690905e-5,30,Zonguldak,Merkez,aegypti,0,0,1,0.015207699015145333,0
TUR.81.6_1,2049,10,11.975860595703125,89.18487786634223,Zinguldak,Merkez,3.13549161260582e-4,3.0343006860444888e-5,31,Zonguldak,Merkez,aegypti,0,0,1,0,0
TUR.81.6_1,2049,11,9.99119923395269,82.42227574471983,Zinguldak,Merkez,1.8187406563912464e-4,1.8187241174083546e-5,30,Zonguldak,Merkez,aegypti,0,0,1,0,0
TUR.81.6_1,2049,12,7.018387636717628,83.11911351285917,Zinguldak,Merkez,1.4959427461168186e-4,1.4476760495707452e-5,31,Zonguldak,Merkez,aegypti,0,0,1,0,0
TUR.81.6_1,2050,1,3.856162590139052,75.9137395537793,Zinguldak,Merkez,1.53205367757644e-4,1.4826216002572501e-5,31,Zonguldak,Merkez,aegypti,0,0,1,0,0
TUR.81.6_1,2050,2,6.516419231015094,81.89127574137609,Zinguldak,Merkez,1.1460225147464266e-4,1.2278737273718754e-5,28,Zonguldak,Merkez,aegypti,0,0,1,0,0
TUR.81.6_1,2050,3,5.1661111361840195,79.81177050685194,Zinguldak,Merkez,1.4068381971764617e-4,1.3614470520728617e-5,31,Zonguldak,Merkez,aegypti,0,0,1,0,0
TUR.81.6_1,2050,4,14.604357761495255,67.37772333531481,Zinguldak,Merkez,1.8602847614342149e-4,1.860267458242415e-5,30,Zonguldak,Merkez,aegypti,0,0,1,0,0
TUR.81.6_1,2050,5,18.277193153605744,76.20248502775618,Zinguldak,Merkez,2.600186206088544e-4,2.516277572905956e-5,31,Zonguldak,Merkez,aegypti,0,0,1,0.014800078317767746,0
TUR.81.6_1,2050,6,21.530839948093192,78.07414153235229,Zinguldak,Merkez,2.9246136236357083e-4,2.9245708572323004e-5,30,Zonguldak,Merkez,aegypti,1.387876250036335e-10,1.387876250036335e-10,0.9999999998612124,0.08572008323652251,4.063416270128073e-14
TUR.81.6_1,2050,7,23.469947983236874,73.33084231885555,Zinguldak,Merkez,3.4344739903724344e-4,3.323629273033202e-5,31,Zonguldak,Merkez,aegypti,1.298124760840612e-4,1.298124760840612e-4,0.999870187523916,0.14329897973416542,4.458375624238897e-8
TUR.81.6_1,2050,8,24.489399573382208,70.68401159526691,Zinguldak,Merkez,4.0782213720282594e-4,3.94658796406544e-5,31,Zonguldak,Merkez,aegypti,0.006294540271915144,0.006294540271915144,0.9937054597280849,0.17189372747381373,2.5670495715779396e-6
TUR.81.6_1,2050,9,20.031434283537024,78.26364249013982,Zinguldak,Merkez,3.250539369660971e-4,3.250486540207209e-5,30,Zonguldak,Merkez,aegypti,9.992007221626408e-19,9.992007221626408e-19,1,0.04497282304241474,0
TUR.81.6_1,2050,10,15.332056045532227,86.41693353040473,Zinguldak,Merkez,3.203270889653284e-4,3.099891523006271e-5,31,Zonguldak,Merkez,aegypti,0,0,1,1.980726848956821e-4,0
TUR.81.6_1,2050,11,10.191919067326713,84.34874364022764,Zinguldak,Merkez,1.8580559989459598e-4,1.8580387371902596e-5,30,Zonguldak,Merkez,aegypti,0,0,1,0,0
TUR.81.6_1,2050,12,5.298784575041602,82.69151646696073,Zinguldak,Merkez,1.5282802326623273e-4,1.4789699334549766e-5,31,Zonguldak,Merkez,aegypti,0,0,1,0,0
TUR.81.6_1,2051,1,6.852034849279066,81.5656713164746,Zinguldak,Merkez,1.5802838292121118e-4,1.5292952376566582e-5,31,Zonguldak,Merkez,aegypti,0,0,1,0,0
TUR.81.6_1,2051,2,3.3990204921540097,82.00571665934484,Zinguldak,Merkez,1.1821001277394323e-4,1.2665278306234207e-5,28,Zonguldak,Merkez,aegypti,0,0,1,0,0
TUR.81.6_1,2051,3,10.101032877669615,71.79738909816054,Zinguldak,Merkez,1.4511264754331422e-4,1.4043060834967314e-5,31,Zonguldak,Merkez,aegypti,0,0,1,0,0
TUR.81.6_1,2051,4,9.716848415486954,77.41709101109606,Zinguldak,Merkez,1.918847863656216e-4,1.9188294538841077e-5,30,Zonguldak,Merkez,aegypti,0,0,1,0,0
TUR.81.6_1,2051,5,14.502213562236113,74.75764555021712,Zinguldak,Merkez,2.682041937931448e-4,2.595490772616671e-5,31,Zonguldak,Merkez,aegypti,0,0,1,0,0
TUR.81.6_1,2051,6,19.311046628391043,70.485083609989,Zinguldak,Merkez,3.016682563913856e-4,3.0166370625028804e-5,30,Zonguldak,Merkez,aegypti,0,0,1,0.02710399316629126,0
TUR.81.6_1,2051,7,23.98960511824664,71.93560916455867,Zinguldak,Merkez,3.54259370169121e-4,3.428257719406691e-5,31,Zonguldak,Merkez,aegypti,0.0011775682296222528,0.0011775682296222528,0.9988224317703778,0.15834417731508227,4.1716449239448394e-7
TUR.81.6_1,2051,8,25.283072135027716,61.22397817851886,Zinguldak,Merkez,4.2066067139099553e-4,4.0708268627343e-5,31,Zonguldak,Merkez,aegypti,0.0035155893585789915,0.0035155893585789915,0.996484410641421,0.16282618848877156,1.4788690864131482e-6
TUR.81.6_1,2051,9,19.403823123258704,71.64328116201482,Zinguldak,Merkez,3.352868686832463e-4,3.352812478818468e-5,30,Zonguldak,Merkez,aegypti,0,0,1,0.029199431830680272,0
TUR.81.6_1,2051,10,14.656684875488281,73.0341134010102,Zinguldak,Merkez,3.304112161078255e-4,3.197476777438979e-5,31,Zonguldak,Merkez,aegypti,0,0,1,0,0
TUR.81.6_1,2051,11,13.09127018732183,77.03049870614561,Zinguldak,Merkez,1.9165489381218863e-4,1.9165305724433424e-5,30,Zonguldak,Merkez,aegypti,0,0,1,0,0
TUR.81.6_1,2051,12,7.960456213530372,77.89085728727323,Zinguldak,Merkez,1.5763915935382102e-4,1.5255286155091419e-5,31,Zonguldak,Merkez,aegypti,0,0,1,0,0
TUR.81.6_1,2052,1,4.300410074346205,75.85469566950195,Zinguldak,Merkez,1.5259842045248703e-4,1.4767480035704494e-5,31,Zonguldak,Merkez,aegypti,0,0,1,0,0
TUR.81.6_1,2052,2,3.8682940593537167,80.60171733073156,Zinguldak,Merkez,1.182249592555345e-4,1.2230093410670051e-5,29,Zonguldak,Merkez,aegypti,0,0,1,0,0
TUR.81.6_1,2052,3,4.268615389571471,80.93791491603163,Zinguldak,Merkez,1.401264785062606e-4,1.356053500733978e-5,31,Zonguldak,Merkez,aegypti,0,0,1,0,0
TUR.81.6_1,2052,4,13.170298618428848,82.08508264927966,Zinguldak,Merkez,1.8529149490098667e-4,1.852897782650409e-5,30,Zonguldak,Merkez,aegypti,0,0,1,0,0
TUR.81.6_1,2052,5,14.816792572245879,81.02246946379134,Zinguldak,Merkez,2.5898851570209396e-4,2.5063090660859544e-5,31,Zonguldak,Merkez,aegypti,0,0,1,6.047516912391629e-6,0
TUR.81.6_1,2052,6,20.32697489682366,76.84585478918822,Zinguldak,Merkez,2.913027304021247e-4,2.9129848757913912e-5,30,Zonguldak,Merkez,aegypti,8.149037000748649e-17,8.149037000748649e-17,0.9999999999999999,0.05117306088415763,0
TUR.81.6_1,2052,7,23.112327743979062,75.95484286817195,Zinguldak,Merkez,3.420867778242936e-4,3.3104624077351374e-5,31,Zonguldak,Merkez,aegypti,3.475145534209634e-5,3.475145534209634e-5,0.999965248544658,0.13616375131551023,1.1888013351502025e-8
TUR.81.6_1,2052,8,23.536509177264044,80.4049817490755,Zinguldak,Merkez,4.0620648527899656e-4,3.930953238706625e-5,31,Zonguldak,Merkez,aegypti,0.0026814108954857723,0.0026814108954857723,0.9973185891045142,0.1656136726623936,1.0892059022493683e-6
TUR.81.6_1,2052,9,21.560218081754797,74.82689017080388,Zinguldak,Merkez,3.237661843634315e-4,3.237609431927524e-5,30,Zonguldak,Merkez,aegypti,5.1676248391530067e-11,5.1676248391530067e-11,0.9999999999483238,0.08235479964326924,1.6764367671839864e-14
TUR.81.6_1,2052,10,14.858379364013672,81.83451318128364,Zinguldak,Merkez,3.1905806251891923e-4,3.087611001850732e-5,31,Zonguldak,Merkez,aegypti,0,0,1,1.0419269816747337e-5,0
TUR.81.6_1,2052,11,12.292171218815971,74.69418736581358,Zinguldak,Merkez,1.8506950161168527e-4,1.8506778908577992e-5,30,Zonguldak,Merkez,aegypti,0,0,1,0,0
TUR.81.6_1,2052,12,9.415603003081152,82.86061436735136,Zinguldak,Merkez,1.5222257087098344e-4,1.4731108032073337e-5,31,Zonguldak,Merkez,aegypti,0,0,1,0,0
TUR.81.6_1,2053,1,7.0575592938591445,80.44708000788086,Zinguldak,Merkez,1.588530757332294e-4,1.53727601346354e-5,31,Zonguldak,Merkez,aegypti,0,0,1,0,0
TUR.81.6_1,2053,2,3.900241672116168,82.20304331950109,Zinguldak,Merkez,1.1882690795467706e-4,1.2731373379093469e-5,28,Zonguldak,Merkez,aegypti,0,0,1,0,0
TUR.81.6_1,2053,3,6.377061510787291,81.13875109767226,Zinguldak,Merkez,1.4586993781705933e-4,1.411634595860356e-5,31,Zonguldak,Merkez,aegypti,0,0,1,0,0
TUR.81.6_1,2053,4,12.37982944881215,77.30791437535387,Zinguldak,Merkez,1.928861634671659e-4,1.9288430322506045e-5,30,Zonguldak,Merkez,aegypti,0,0,1,0,0
TUR.81.6_1,2053,5,17.515270317302033,82.49993223234603,Zinguldak,Merkez,0.00026960385420025425,2.6090355208507887e-5,31,Zonguldak,Merkez,aegypti,0,0,1,0.008465937960569969,0
TUR.81.6_1,2053,6,21.149108914767996,80.05482390539916,Zinguldak,Merkez,3.032425536034509e-4,3.0323795584763502e-5,30,Zonguldak,Merkez,aegypti,5.9502443527925666e-12,5.9502443527925666e-12,0.9999999999940498,0.0762520448153458,1.7763568394002505e-15
TUR.81.6_1,2053,7,22.677686859579648,84.19159060987117,Zinguldak,Merkez,3.561081213286785e-4,3.446148244712344e-5,31,Zonguldak,Merkez,aegypti,4.680307749841811e-5,4.680307749841811e-5,0.9999531969225016,0.1395276571484208,1.6666955815480833e-8
TUR.81.6_1,2053,8,23.573898932513067,72.26855291606769,Zinguldak,Merkez,4.2285594685722536e-4,4.092070596928288e-5,31,Zonguldak,Merkez,aegypti,1.5064303638259691e-4,1.5064303638259691e-4,0.9998493569636174,0.14431049254530026,6.370030181113151e-8
TUR.81.6_1,2053,9,20.45772098092472,69.57170218252263,Zinguldak,Merkez,3.3703660923906163e-4,3.3703092961911985e-5,30,Zonguldak,Merkez,aegypti,2.1038726316646717e-17,2.1038726316646717e-17,1,0.048124354266873816,0
TUR.81.6_1,2053,10,15.75853443145752,70.88770531995551,Zinguldak,Merkez,3.3213551240129696e-4,3.214162980813562e-5,31,Zonguldak,Merkez,aegypti,0,0,1,5.21236510198091e-4,0
TUR.81.6_1,2053,11,11.10477516931646,70.72273656014951,Zinguldak,Merkez,1.9265507118788088e-4,1.9265321540062885e-5,30,Zonguldak,Merkez,aegypti,0,0,1,0,0
TUR.81.6_1,2053,12,8.880853972014258,83.32589299283964,Zinguldak,Merkez,1.5846182094921623e-4,1.533489734983906e-5,31,Zonguldak,Merkez,aegypti,0,0,1,0,0
TUR.81.6_1,2054,1,6.500059885137221,76.69725548395508,Zinguldak,Merkez,1.5548148689725045e-4,1.5046482306768638e-5,31,Zonguldak,Merkez,aegypti,0,0,1,0,0
TUR.81.6_1,2054,2,2.7026632419403867,86.66392741373937,Zinguldak,Merkez,1.1630485747233892e-4,1.2461157088305974e-5,28,Zonguldak,Merkez,aegypti,0,0,1,0,0
TUR.81.6_1,2054,3,5.969102526412291,76.90471942042616,Zinguldak,Merkez,1.4277391055048713e-4,1.3816734601324043e-5,31,Zonguldak,Merkez,aegypti,0,0,1,0,0
TUR.81.6_1,2054,4,10.889428180806778,81.48290216832262,Zinguldak,Merkez,1.88792236847496e-4,1.887904547337449e-5,30,Zonguldak,Merkez,aegypti,0,0,1,0,0
TUR.81.6_1,2054,5,15.827922905192656,81.00277036711165,Zinguldak,Merkez,2.63881627288608e-4,2.553660560844495e-5,31,Zonguldak,Merkez,aegypti,0,0,1,7.187569828129658e-4,0
TUR.81.6_1,2054,6,19.092824963962332,84.73493865149291,Zinguldak,Merkez,2.9680635963236197e-4,2.9680195497538975e-5,30,Zonguldak,Merkez,aegypti,0,0,1,0.02968720172453537,0
TUR.81.6_1,2054,7,22.854580093832578,79.94034701856258,Zinguldak,Merkez,3.485498782116895e-4,3.3730064503911805e-5,31,Zonguldak,Merkez,aegypti,3.029416945705654e-5,3.029416945705654e-5,0.9999697058305429,0.13652972086583204,1.0559028984502561e-8
TUR.81.6_1,2054,8,24.710352561053107,72.59868826152668,Zinguldak,Merkez,4.1388100958849173e-4,4.005219881719757e-5,31,Zonguldak,Merkez,aegypti,0.020817872107821662,0.020817872107821662,0.9791821278921783,0.18536508836307722,8.616084806845059e-6
TUR.81.6_1,2054,9,21.584872470182532,68.00729101919255,Zinguldak,Merkez,3.298831508387034e-4,3.298777097537897e-5,30,Zonguldak,Merkez,aegypti,3.959676420084435e-12,3.959676420084435e-12,0.9999999999960403,0.07400392578618344,1.3322676295501878e-15
TUR.81.6_1,2054,10,15.121016502380371,79.1654839454438,Zinguldak,Merkez,3.250860776926801e-4,3.1459448143644764e-5,31,Zonguldak,Merkez,aegypti,0,0,1,7.009091515221885e-5,0
TUR.81.6_1,2054,11,12.32096932214849,75.99107762460264,Zinguldak,Merkez,1.8856604940335707e-4,1.885642715571123e-5,30,Zonguldak,Merkez,aegypti,0,0,1,0,0
TUR.81.6_1,2054,12,4.157224020537208,84.31727940641386,Zinguldak,Merkez,1.5509853632929174e-4,1.5009423131262523e-5,31,Zonguldak,Merkez,aegypti,0,0,1,0,0
TUR.81.6_1,2055,1,4.595829767339369,78.5260213530957,Zinguldak,Merkez,1.5267633020042223e-4,1.4775019577362158e-5,31,Zonguldak,Merkez,aegypti,0,0,1,0,0
TUR.81.6_1,2055,2,3.576295196133502,81.23195109538,Zinguldak,Merkez,1.1420651537179171e-4,1.223633749669606e-5,28,Zonguldak,Merkez,aegypti,0,0,1,0,0
TUR.81.6_1,2055,3,5.560385847792906,80.0542402944496,Zinguldak,Merkez,1.4019802065320488e-4,1.3567458347019112e-5,31,Zonguldak,Merkez,aegypti,0,0,1,0,0
TUR.81.6_1,2055,4,10.645148319356583,80.08743250279528,Zinguldak,Merkez,1.8538609623184888e-4,1.853843778421016e-5,30,Zonguldak,Merkez,aegypti,0,0,1,0,0
TUR.81.6_1,2055,5,14.460016334758086,81.0078362850804,Zinguldak,Merkez,2.591207433484657e-4,2.5075886563863392e-5,31,Zonguldak,Merkez,aegypti,0,0,1,0,0
TUR.81.6_1,2055,6,21.91053202572991,72.43055632727416,Zinguldak,Merkez,2.9145145620302867e-4,2.9144720904650256e-5,30,Zonguldak,Merkez,aegypti,5.371099408013614e-10,5.371099408013614e-10,0.9999999994628901,0.089490712015135,1.5654144647214707e-13
TUR.81.6_1,2055,7,22.086702515097226,78.23825961621883,Zinguldak,Merkez,3.422614316283975e-4,3.3121525498724935e-5,31,Zonguldak,Merkez,aegypti,2.7616756331227953e-8,2.7616756331227953e-8,0.9999999723832437,0.10441304645531041,9.452105764751195e-12
TUR.81.6_1,2055,8,23.164486548479864,75.51398290874347,Zinguldak,Merkez,4.0641387566209427e-4,3.9329601634996436e-5,31,Zonguldak,Merkez,aegypti,4.380771382122589e-5,4.380771382122589e-5,0.9999561922861788,0.13751833838623992,1.780406255758038e-8
TUR.81.6_1,2055,9,22.301520571989172,68.52348059438786,Zinguldak,Merkez,3.2393148451358324e-4,3.239262379894914e-5,30,Zonguldak,Merkez,aegypti,3.016369270747443e-9,3.016369270747443e-9,0.9999999969836307,0.09473671736434165,9.771072839726003e-13
TUR.81.6_1,2055,10,13.803400039672852,76.26587914808051,Zinguldak,Merkez,3.1922095891819945e-4,3.0891873699312455e-5,31,Zonguldak,Merkez,aegypti,0,0,1,0,0
TUR.81.6_1,2055,11,12.942865112248588,77.76530095223936,Zinguldak,Merkez,1.8516398960296534e-4,1.851622753279436e-5,30,Zonguldak,Merkez,aegypti,0,0,1,0,0
TUR.81.6_1,2055,12,8.340004286345312,78.01534611783964,Zinguldak,Merkez,1.52300288727377e-4,1.4738629004140691e-5,31,Zonguldak,Merkez,aegypti,0,0,1,0,0
TUR.81.6_1,2056,1,7.7924788418938125,79.09299980768554,Zinguldak,Merkez,1.687195353137959e-4,1.632756366976018e-5,31,Zonguldak,Merkez,aegypti,0,0,1,0,0
TUR.81.6_1,2056,2,6.966407119351276,77.17057261637609,Zinguldak,Merkez,1.3071472253080681e-4,1.3522121250941765e-5,29,Zonguldak,Merkez,aegypti,0,0,1,0,0
TUR.81.6_1,2056,3,10.20959725450067,77.55585772609022,Zinguldak,Merkez,1.5493000693343406e-4,1.4993114079597802e-5,31,Zonguldak,Merkez,aegypti,0,0,1,0,0
TUR.81.6_1,2056,4,11.094132465474747,84.20080530552966,Zinguldak,Merkez,2.0486643848995062e-4,2.048643399910066e-5,30,Zonguldak,Merkez,aegypti,0,0,1,0,0
TUR.81.6_1,2056,5,16.66173466514139,79.09149259611556,Zinguldak,Merkez,2.8634911089707075e-4,2.771082032848593e-5,31,Zonguldak,Merkez,aegypti,0,0,1,0.0029968121801372083,0
TUR.81.6_1,2056,6,21.21274950925042,71.7709951700476,Zinguldak,Merkez,3.220771300472884e-4,3.220719434193775e-5,30,Zonguldak,Merkez,aegypti,3.7045677636626804e-13,3.7045677636626804e-13,0.9999999999996295,0.06851275753472347,1.1102230246251565e-16
TUR.81.6_1,2056,7,22.592682053061093,70.33729297193172,Zinguldak,Merkez,3.782262098150565e-4,3.6601866569063723e-5,31,Zonguldak,Merkez,aegypti,7.588878311731717e-8,7.588878311731717e-8,0.9999999241112169,0.1069482739026728,2.8703150967146485e-11
TUR.81.6_1,2056,8,24.96213211732752,64.44049658061847,Zinguldak,Merkez,4.4911978272449817e-4,4.3462260268412045e-5,31,Zonguldak,Merkez,aegypti,0.004014303086208373,0.004014303086208373,0.9959856969137916,0.16534292640857218,1.802901304692739e-6
TUR.81.6_1,2056,9,19.886679873746985,75.57788199209294,Zinguldak,Merkez,3.5797015469847e-4,3.579637476436304e-5,30,Zonguldak,Merkez,aegypti,0,0,1,0.040429072846242926,0
TUR.81.6_1,2056,10,16.405110359191895,79.98546075208442,Zinguldak,Merkez,3.527646478036318e-4,3.413793159112721e-5,31,Zonguldak,Merkez,aegypti,0,0,1,0.002082060084853791,0
TUR.81.6_1,2056,11,11.542646148625542,84.54319401864561,Zinguldak,Merkez,2.0462099293092946e-4,2.0461889945755374e-5,30,Zonguldak,Merkez,aegypti,0,0,1,0,0
TUR.81.6_1,2056,12,4.680129847105811,81.53024632535917,Zinguldak,Merkez,1.6830397946104769e-4,1.6287349242971594e-5,31,Zonguldak,Merkez,aegypti,0,0,1,0,0
TUR.81.6_1,2057,1,4.158376974218031,85.13233696588867,Zinguldak,Merkez,1.4502944776972199e-4,1.4035009357038497e-5,31,Zonguldak,Merkez,aegypti,0,0,1,0,0
TUR.81.6_1,2057,2,2.134182988720782,81.35586009196203,Zinguldak,Merkez,1.0848641589912545e-4,1.16234770074497e-5,28,Zonguldak,Merkez,aegypti,0,0,1,0,0
TUR.81.6_1,2057,3,5.68890633653192,79.03246600245741,Zinguldak,Merkez,1.331761215838167e-4,1.2887928716120989e-5,31,Zonguldak,Merkez,aegypti,0,0,1,0,0
TUR.81.6_1,2057,4,10.061145824544571,79.7315059891234,Zinguldak,Merkez,1.7610092622343643e-4,1.7609937565610245e-5,30,Zonguldak,Merkez,aegypti,0,0,1,0,0
TUR.81.6_1,2057,5,16.935077751384064,78.51349729582259,Zinguldak,Merkez,2.461425308309113e-4,2.3819961219362362e-5,31,Zonguldak,Merkez,aegypti,0,0,1,0.004203182401659543,0
TUR.81.6_1,2057,6,20.83419802609612,80.98258879797729,Zinguldak,Merkez,2.7685394120567923e-4,2.7685010883571337e-5,30,Zonguldak,Merkez,aegypti,2.723128389447993e-13,2.723128389447993e-13,0.9999999999997277,0.06826494944909614,1.1102230246251565e-16
TUR.81.6_1,2057,7,22.11048905989703,83.04895907910945,Zinguldak,Merkez,3.251190695819047e-4,3.146264080677863e-5,31,Zonguldak,Merkez,aegypti,2.6100315050248124e-7,2.6100315050248124e-7,0.9999997389968495,0.11395679944328305,8.485712132966228e-11
TUR.81.6_1,2057,8,23.64924492555506,80.53391851665363,Zinguldak,Merkez,3.860584012980355e-4,3.735979255381494e-5,31,Zonguldak,Merkez,aegypti,0.004913250234642684,0.004913250234642684,0.9950867497653573,0.17084479000226138,1.8967997318375396e-6
TUR.81.6_1,2057,9,20.42975352792179,81.94898337148747,Zinguldak,Merkez,3.0770718848533926e-4,3.0770245434852406e-5,30,Zonguldak,Merkez,aegypti,2.718825165004546e-15,2.718825165004546e-15,0.9999999999999973,0.058005448325770176,0
TUR.81.6_1,2057,10,14.300053596496582,76.05451440198676,Zinguldak,Merkez,3.032325922928133e-4,2.934465901383021e-5,31,Zonguldak,Merkez,aegypti,0,0,1,0,0
TUR.81.6_1,2057,11,8.125185707036186,84.05284520272764,Zinguldak,Merkez,1.758899439337083e-4,1.758883970792713e-5,30,Zonguldak,Merkez,aegypti,0,0,1,0,0
TUR.81.6_1,2057,12,7.367746195372413,82.98067051969511,Zinguldak,Merkez,1.4467224055166356e-4,1.4000441401096353e-5,31,Zonguldak,Merkez,aegypti,0,0,1,0,0
TUR.81.6_1,2058,1,5.06850175296559,86.66560875543945,Zinguldak,Merkez,1.5673230348169453e-4,1.5167527244286383e-5,31,Zonguldak,Merkez,aegypti,0,0,1,0,0
TUR.81.6_1,2058,2,6.766257583218463,82.40969309977453,Zinguldak,Merkez,1.1724050613045823e-4,1.2561403904598478e-5,28,Zonguldak,Merkez,aegypti,0,0,1,0,0
TUR.81.6_1,2058,3,6.487241888747496,79.26922137355116,Zinguldak,Merkez,1.4392249729676968e-4,1.3927886615472396e-5,31,Zonguldak,Merkez,aegypti,0,0,1,0,0
TUR.81.6_1,2058,4,12.590587658040665,78.14909326939684,Zinguldak,Merkez,1.903110315643178e-4,1.9030922066121114e-5,30,Zonguldak,Merkez,aegypti,0,0,1,0,0
TUR.81.6_1,2058,5,15.376019561991972,83.00342649504134,Zinguldak,Merkez,2.6600450070800617e-4,2.5742039704290676e-5,31,Zonguldak,Merkez,aegypti,0,0,1,2.167205606482805e-4,0
TUR.81.6_1,2058,6,20.370407132541434,75.86506560461791,Zinguldak,Merkez,2.9919410575188535e-4,2.9918962994091025e-5,30,Zonguldak,Merkez,aegypti,1.0846878950587779e-16,1.0846878950587779e-16,0.9999999999999999,0.0511402104369453,0
TUR.81.6_1,2058,7,22.495821167440976,69.28175097974422,Zinguldak,Merkez,3.513538902961717e-4,3.400141132237078e-5,31,Zonguldak,Merkez,aegypti,2.3468271306725797e-8,2.3468271306725797e-8,0.9999999765317287,0.10243727763475327,8.245626403891038e-12
TUR.81.6_1,2058,8,24.82775940614588,70.7428952622591,Zinguldak,Merkez,4.1721059718834446e-4,4.037440401460923e-5,31,Zonguldak,Merkez,aegypti,0.01813033794866596,0.01813033794866596,0.9818696620513341,0.18311881666992058,7.5641405145043805e-6
TUR.81.6_1,2058,9,19.55899928597843,80.28352469228825,Zinguldak,Merkez,3.325369929406277e-4,3.3253146395906263e-5,30,Zonguldak,Merkez,aegypti,0,0,1,0.03623083155066783,0
TUR.81.6_1,2058,10,18.33091449737549,73.08561944349067,Zinguldak,Merkez,3.2770132832775155e-4,3.17125289207576e-5,31,Zonguldak,Merkez,aegypti,0,0,1,0.01481642485765747,0
TUR.81.6_1,2058,11,12.123711326543022,78.06371708993467,Zinguldak,Merkez,1.900830244887104e-4,1.9008121792229993e-5,30,Zonguldak,Merkez,aegypti,0,0,1,0,0
TUR.81.6_1,2058,12,5.066990217741798,86.97926671110136,Zinguldak,Merkez,1.563462721551775e-4,1.5130169939925331e-5,31,Zonguldak,Merkez,aegypti,0,0,1,0,0
TUR.81.6_1,2059,1,3.5758076134849994,79.43439232477539,Zinguldak,Merkez,1.5031053132316544e-4,1.4546074655452657e-5,31,Zonguldak,Merkez,aegypti,0,0,1,0,0
TUR.81.6_1,2059,2,5.379509269314655,75.65265879801672,Zinguldak,Merkez,1.1243682621639144e-4,1.204673024646219e-5,28,Zonguldak,Merkez,aegypti,0,0,1,0,0
TUR.81.6_1,2059,3,6.541791105971617,82.13550860499647,Zinguldak,Merkez,1.3802557965059776e-4,1.335722495121594e-5,31,Zonguldak,Merkez,aegypti,0,0,1,0,0
TUR.81.6_1,2059,4,14.302794498555802,75.50585138707262,Zinguldak,Merkez,1.825134425746082e-4,1.8251177702710564e-5,30,Zonguldak,Merkez,aegypti,0,0,1,0,0
TUR.81.6_1,2059,5,18.916238868937775,61.497239056076495,Zinguldak,Merkez,2.5510553311330344e-4,2.468732749971725e-5,31,Zonguldak,Merkez,aegypti,0,0,1,0.0183221539596707,0
TUR.81.6_1,2059,6,20.448560742770926,74.9300527872351,Zinguldak,Merkez,2.869352648133428e-4,2.8693114826006116e-5,30,Zonguldak,Merkez,aegypti,2.3614443733777077e-16,2.3614443733777077e-16,0.9999999999999998,0.05253980997100806,0
TUR.81.6_1,2059,7,21.93352143904742,84.17234164746883,Zinguldak,Merkez,3.369579133318034e-4,3.260829866025272e-5,31,Zonguldak,Merkez,aegypti,8.468726928062553e-8,8.468726928062553e-8,0.9999999153127307,0.1095497692258131,2.85360624019404e-11
TUR.81.6_1,2059,8,24.413746497210333,78.05434240581378,Zinguldak,Merkez,4.001162819913478e-4,3.8720180869700194e-5,31,Zonguldak,Merkez,aegypti,0.03396120839338979,0.03396120839338979,0.9660387916066102,0.1932747093089884,1.3588340112002939e-5
TUR.81.6_1,2059,9,20.587483630460852,77.99604147695622,Zinguldak,Merkez,3.1891199824898446e-4,3.18906913059358e-5,30,Zonguldak,Merkez,aegypti,4.323263969041591e-15,4.323263969041591e-15,0.9999999999999957,0.058553816914808605,0
TUR.81.6_1,2059,10,16.513846397399902,73.75187920911567,Zinguldak,Merkez,3.1427446468943376e-4,3.0413195382550384e-5,31,Zonguldak,Merkez,aegypti,0,0,1,0.002230535663097328,0
TUR.81.6_1,2059,11,10.785506942692924,74.63397618417295,Zinguldak,Merkez,1.8229477760306966e-4,1.8229311604334164e-5,30,Zonguldak,Merkez,aegypti,0,0,1,0,0
TUR.81.6_1,2059,12,7.495300135191749,82.23686558805448,Zinguldak,Merkez,1.4994031680766869e-4,1.4510247964838463e-5,31,Zonguldak,Merkez,aegypti,0,0,1,0,0
TUR.81.6_1,2060,1,4.0854359093834365,86.36771141657226,Zinguldak,Merkez,1.5556050841430456e-4,1.5054129435254637e-5,31,Zonguldak,Merkez,aegypti,0,0,1,0,0
TUR.81.6_1,2060,2,3.2925751796540097,80.99695811442297,Zinguldak,Merkez,1.2051982395700907e-4,1.2467490275724913e-5,29,Zonguldak,Merkez,aegypti,0,0,1,0,0
TUR.81.6_1,2060,3,5.984996462569518,77.97188098048476,Zinguldak,Merkez,1.4284647360112798e-4,1.3823756734976378e-5,31,Zonguldak,Merkez,aegypti,0,0,1,0,0
TUR.81.6_1,2060,4,11.942358059041641,74.23191034703356,Zinguldak,Merkez,1.888881881357261e-4,1.88886404209887e-5,30,Zonguldak,Merkez,aegypti,0,0,1,0,0
TUR.81.6_1,2060,5,15.662301147685332,75.60688871427962,Zinguldak,Merkez,2.6401574181842866e-4,2.5549584102391165e-5,31,Zonguldak,Merkez,aegypti,0,0,1,4.424944687286252e-4,0
TUR.81.6_1,2060,6,22.365287808810965,72.8338613809851,Zinguldak,Merkez,2.9695720774474814e-4,2.9695279860963986e-5,30,Zonguldak,Merkez,aegypti,3.566674108518297e-8,3.566674108518297e-8,0.9999999643332589,0.10437448070256884,1.0591527654923993e-11
TUR.81.6_1,2060,7,23.90469758650836,75.82094699414851,Zinguldak,Merkez,3.487270243188881e-4,3.3747207097145626e-5,31,Zonguldak,Merkez,aegypti,0.003175850113542645,0.003175850113542645,0.9968241498864574,0.16678955590762112,1.1075041465025137e-6
TUR.81.6_1,2060,8,25.95672669130213,66.70959295513019,Zinguldak,Merkez,4.140913594244125e-4,4.0072554437387e-5,31,Zonguldak,Merkez,aegypti,0.05588387510645925,0.05588387510645925,0.9441161248935408,0.20091260180689374,2.3140762061224507e-5
TUR.81.6_1,2060,9,21.070145831388587,67.27919882558903,Zinguldak,Merkez,3.300508098156662e-4,3.300453631982503e-5,30,Zonguldak,Merkez,aegypti,1.4291290373336097e-14,1.4291290373336097e-14,0.9999999999999857,0.06040282811879609,0
TUR.81.6_1,2060,10,13.626066207885742,76.78731774671333,Zinguldak,Merkez,3.252512986173386e-4,3.147543676229603e-5,31,Zonguldak,Merkez,aegypti,0,0,1,0,0
TUR.81.6_1,2060,11,11.6482693938648,80.97620793466123,Zinguldak,Merkez,1.886618857346535e-4,1.8866010608076245e-5,30,Zonguldak,Merkez,aegypti,0,0,1,0,0
TUR.81.6_1,2060,12,6.248361906584571,86.89605290494902,Zinguldak,Merkez,1.5517736321651922e-4,1.5017051425147976e-5,31,Zonguldak,Merkez,aegypti,0,0,1,0,0
TUR.81.6_1,2061,1,2.8765423718620746,81.73892723688476,Zinguldak,Merkez,1.4515585705966386e-4,1.4047242342329902e-5,31,Zonguldak,Merkez,aegypti,0,0,1,0,0
TUR.81.6_1,2061,2,2.5177245727356747,83.56691966227453,Zinguldak,Merkez,1.0858097387347506e-4,1.1633608101191406e-5,28,Zonguldak,Merkez,aegypti,0,0,1,0,0
TUR.81.6_1,2061,3,6.187042380080504,84.49495226954726,Zinguldak,Merkez,1.3329219938198466e-4,1.289916190660989e-5,31,Zonguldak,Merkez,aegypti,0,0,1,0,0
TUR.81.6_1,2061,4,12.13697819148793,72.83925592808825,Zinguldak,Merkez,1.7625441776177118e-4,1.7625286448996746e-5,30,Zonguldak,Merkez,aegypti,0,0,1,0,0
TUR.81.6_1,2061,5,16.116008842692658,67.9376687435765,Zinguldak,Merkez,2.4635707141577406e-4,2.384072271666149e-5,31,Zonguldak,Merkez,aegypti,0,0,1,0.001046248346712877,0
TUR.81.6_1,2061,6,21.57966044369866,64.31616881506713,Zinguldak,Merkez,2.7709525019956705e-4,2.7709141114606872e-5,30,Zonguldak,Merkez,aegypti,6.464497825930948e-13,6.464497825930948e-13,0.9999999999993535,0.06965568763995078,2.220446049250313e-16
TUR.81.6_1,2061,7,24.14289872786578,73.12186557325008,Zinguldak,Merkez,3.2540244700190064e-4,3.149006356484296e-5,31,Zonguldak,Merkez,aegypti,0.0035610167423116455,0.0035610167423116455,0.9964389832576883,0.16621605966458816,1.1587628904186076e-6
TUR.81.6_1,2061,8,25.38325371461756,67.65629400493488,Zinguldak,Merkez,3.8639489412162854e-4,3.7392355158316626e-5,31,Zonguldak,Merkez,aegypti,0.03047410830454739,0.03047410830454739,0.9695258916954526,0.1898993557508418,1.1774970526290396e-5
TUR.81.6_1,2061,9,19.487136111539954,85.80288046621403,Zinguldak,Merkez,3.0797538951488605e-4,3.079706471220689e-5,30,Zonguldak,Merkez,aegypti,0,0,1,0.03805357548586652,0
TUR.81.6_1,2061,10,13.814666748046875,75.13123559339301,Zinguldak,Merkez,3.03496893214236e-4,2.937023577143094e-5,31,Zonguldak,Merkez,aegypti,0,0,1,0,0
TUR.81.6_1,2061,11,12.01945851129644,77.83222600106748,Zinguldak,Merkez,1.7604325157751787e-4,1.760417020257865e-5,30,Zonguldak,Merkez,aegypti,0,0,1,0,0
TUR.81.6_1,2061,12,8.198047003325293,79.28218419157011,Zinguldak,Merkez,1.4479833849579608e-4,1.4012644257044293e-5,31,Zonguldak,Merkez,aegypti,0,0,1,0,0
TUR.81.6_1,2062,1,2.596298259847304,85.5084203399121,Zinguldak,Merkez,1.5655633055630186e-4,1.5150497864491186e-5,31,Zonguldak,Merkez,aegypti,0,0,1,0,0
TUR.81.6_1,2062,2,5.634467422085651,74.15262828043859,Zinguldak,Merkez,1.1710887305686723e-4,1.2547300538012784e-5,28,Zonguldak,Merkez,aegypti,0,0,1,0,0
TUR.81.6_1,2062,3,6.767635012374205,79.98513323878554,Zinguldak,Merkez,1.437609067228004e-4,1.3912249035685775e-5,31,Zonguldak,Merkez,aegypti,0,0,1,0,0
TUR.81.6_1,2062,4,10.21701149379506,76.56029474644762,Zinguldak,Merkez,1.9009735775097543e-4,1.9009555091265007e-5,30,Zonguldak,Merkez,aegypti,0,0,1,0,0
TUR.81.6_1,2062,5,15.456439102397246,75.6937493710179,Zinguldak,Merkez,2.657058412158826e-4,2.571313791632779e-5,31,Zonguldak,Merkez,aegypti,0,0,1,2.494990201049549e-4,0
TUR.81.6_1,2062,6,19.060419110690848,81.06241515295775,Zinguldak,Merkez,2.98858182264003e-4,2.9885371649829295e-5,30,Zonguldak,Merkez,aegypti,0,0,1,0.027268239678771494,0
TUR.81.6_1,2062,7,23.54245584151324,73.07771426709773,Zinguldak,Merkez,3.509594038339043e-4,3.396323651050359e-5,31,Zonguldak,Merkez,aegypti,1.79809212419837e-4,1.79809212419837e-4,0.9998201907875801,0.14551707765766644,6.310573197332303e-8
TUR.81.6_1,2062,8,23.34860672670252,75.55109228374347,Zinguldak,Merkez,4.167421693807953e-4,4.0329074120437625e-5,31,Zonguldak,Merkez,aegypti,1.44104983831341e-4,1.44104983831341e-4,0.9998558950161687,0.14465975256513705,6.005462183100718e-8
TUR.81.6_1,2062,9,20.376546130460852,77.91195791982732,Zinguldak,Merkez,3.3216363335776495e-4,3.3215811678477536e-5,30,Zonguldak,Merkez,aegypti,2.6056934387952424e-16,2.6056934387952424e-16,0.9999999999999998,0.05301006700840051,0
TUR.81.6_1,2062,10,14.880533218383789,81.10913323743598,Zinguldak,Merkez,3.2733339804075977e-4,3.167692389249854e-5,31,Zonguldak,Merkez,aegypti,0,0,1,1.3113808505129548e-5,0
TUR.81.6_1,2062,11,10.70114682001226,80.92902012948545,Zinguldak,Merkez,1.8986960667283128e-4,1.898678041611923e-5,30,Zonguldak,Merkez,aegypti,0,0,1,0,0
TUR.81.6_1,2062,12,8.439263662871191,77.68758732877714,Zinguldak,Merkez,1.561707326507217e-4,1.5113182502801692e-5,31,Zonguldak,Merkez,aegypti,0,0,1,0,0
TUR.81.6_1,2063,1,7.540890974156996,75.5675252593457,Zinguldak,Merkez,1.7125984322822167e-4,1.6573395875352226e-5,31,Zonguldak,Merkez,aegypti,0,0,1,0,0
TUR.81.6_1,2063,2,7.619369327145465,76.20113597086828,Zinguldak,Merkez,1.2810754550190545e-4,1.3725714248180587e-5,28,Zonguldak,Merkez,aegypti,0,0,1,0,0
TUR.81.6_1,2063,3,7.977186823592467,80.3618574819496,Zinguldak,Merkez,1.5726269426607193e-4,1.521885460487038e-5,31,Zonguldak,Merkez,aegypti,0,0,1,0,0
TUR.81.6_1,2063,4,14.895426792256973,66.42137491612536,Zinguldak,Merkez,2.0795098844516666e-4,2.0794882627961364e-5,30,Zonguldak,Merkez,aegypti,0,0,1,1.1388028577396466e-5,0
TUR.81.6_1,2063,5,14.100015724406523,77.40245908781478,Zinguldak,Merkez,2.906604961278783e-4,2.8128039508468206e-5,31,Zonguldak,Merkez,aegypti,0,0,1,0,0
TUR.81.6_1,2063,6,19.08312609616448,77.78977873938354,Zinguldak,Merkez,3.2692645043566523e-4,3.2692110644827466e-5,30,Zonguldak,Merkez,aegypti,0,0,1,0.026537023144261623,0
TUR.81.6_1,2063,7,23.328664947958554,80.26572543653133,Zinguldak,Merkez,3.839209329095071e-4,3.715294848072315e-5,31,Zonguldak,Merkez,aegypti,7.883003830449327e-4,7.883003830449327e-4,0.9992116996169551,0.1564037572244029,3.026449726384328e-7
TUR.81.6_1,2063,8,25.916380545672247,69.08348669292316,Zinguldak,Merkez,4.5588190743316506e-4,4.4116630777968346e-5,31,Zonguldak,Merkez,aegypti,0.0804497680663037,0.0804497680663037,0.9195502319336963,0.21063939977078838,3.667492117720439e-5
TUR.81.6_1,2063,9,20.00571559457218,70.45200079702458,Zinguldak,Merkez,3.633598946323635e-4,3.6335329319125975e-5,30,Zonguldak,Merkez,aegypti,0,0,1,0.0394038127403708,0
TUR.81.6_1,2063,10,13.939825057983398,76.85170983655708,Zinguldak,Merkez,3.580760115711913e-4,3.465191685725344e-5,31,Zonguldak,Merkez,aegypti,0,0,1,0,0
TUR.81.6_1,2063,11,10.453731277409721,82.47930546884092,Zinguldak,Merkez,2.0770184736093565e-4,2.076996903732642e-5,30,Zonguldak,Merkez,aegypti,0,0,1,0,0
TUR.81.6_1,2063,12,7.334136805113624,81.15211827360136,Zinguldak,Merkez,1.708380306025416e-4,1.653257597444835e-5,31,Zonguldak,Merkez,aegypti,0,0,1,0,0
TUR.81.6_1,2064,1,4.986424726598402,78.87561546930664,Zinguldak,Merkez,1.5507380414888532e-4,1.5007029730340626e-5,31,Zonguldak,Merkez,aegypti,0,0,1,0,0
TUR.81.6_1,2064,2,2.5202997318085507,81.19171366862219,Zinguldak,Merkez,1.2014275195470353e-4,1.2428483312842964e-5,29,Zonguldak,Merkez,aegypti,0,0,1,0,0
TUR.81.6_1,2064,3,7.679826403365416,79.794695921891,Zinguldak,Merkez,1.4239954790828697e-4,1.3780506458394015e-5,31,Zonguldak,Merkez,aegypti,0,0,1,0,0
TUR.81.6_1,2064,4,12.051343959920548,82.95968592076403,Zinguldak,Merkez,1.8829721110826537e-4,1.882954383269908e-5,30,Zonguldak,Merkez,aegypti,0,0,1,0,0
TUR.81.6_1,2064,5,18.269508445964142,76.61535734220931,Zinguldak,Merkez,2.631897121982462e-4,2.546964779126526e-5,31,Zonguldak,Merkez,aegypti,0,0,1,0.014849137063310543,0
TUR.81.6_1,2064,6,21.648210553561942,73.15165618078979,Zinguldak,Merkez,2.960281137148455e-4,2.9602373212589406e-5,30,Zonguldak,Merkez,aegypti,6.097575899755014e-11,6.097575899755014e-11,0.9999999999390242,0.08267819281129125,1.8096635301390052e-14
TUR.81.6_1,2064,7,23.075082947226132,84.40107852491023,Zinguldak,Merkez,3.4763595736408666e-4,3.3641623530256126e-5,31,Zonguldak,Merkez,aegypti,7.272437647873997e-4,7.272437647873997e-4,0.9992727562352126,0.15657670234984727,2.5281605042781763e-7
TUR.81.6_1,2064,8,25.582380911883185,66.82521642925128,Zinguldak,Merkez,4.127957861908233e-4,3.994718139888054e-5,31,Zonguldak,Merkez,aegypti,0.03508944298387929,0.03508944298387929,0.9649105570161207,0.19185936497631337,1.448466929965253e-5
TUR.81.6_1,2064,9,20.332665667814368,83.62703818105778,Zinguldak,Merkez,3.290181753856313e-4,3.2901276279750924e-5,30,Zonguldak,Merkez,aegypti,1.5308310175043972e-15,1.5308310175043972e-15,0.9999999999999984,0.0567851789601302,0
TUR.81.6_1,2064,10,17.25382900238037,80.1383843360688,Zinguldak,Merkez,3.2423368048286585e-4,3.137696068278295e-5,31,Zonguldak,Merkez,aegypti,0,0,1,0.00626076520675193,0
TUR.81.6_1,2064,11,11.365543106023003,80.03575535897764,Zinguldak,Merkez,1.8807161674257397e-4,1.8806984820707306e-5,30,Zonguldak,Merkez,aegypti,0,0,1,0,0
TUR.81.6_1,2064,12,5.246534666594337,81.77363926969511,Zinguldak,Merkez,1.5469185770265934e-4,1.497006772510634e-5,31,Zonguldak,Merkez,aegypti,0,0,1,0,0
TUR.81.6_1,2065,1,6.14001635944142,79.42049919733398,Zinguldak,Merkez,1.612574558591797e-4,1.560543847833884e-5,31,Zonguldak,Merkez,aegypti,0,0,1,0,0
TUR.81.6_1,2065,2,6.7999518504914125,80.23414073161047,Zinguldak,Merkez,1.2062545705166872e-4,1.292407259612105e-5,28,Zonguldak,Merkez,aegypti,0,0,1,0,0
TUR.81.6_1,2065,3,7.751485491500182,78.44748980616835,Zinguldak,Merkez,1.4807780680443694e-4,1.4330007660379174e-5,31,Zonguldak,Merkez,aegypti,0,0,1,0,0
TUR.81.6_1,2065,4,11.435163539998673,84.41773188023669,Zinguldak,Merkez,1.9580566411813276e-4,1.9580374713723536e-5,30,Zonguldak,Merkez,aegypti,0,0,1,0,0
TUR.81.6_1,2065,5,16.169241035685822,84.19662565275618,Zinguldak,Merkez,2.736845441455172e-4,2.6485250305907648e-5,31,Zonguldak,Merkez,aegypti,0,0,1,0.001514028849847016,0
TUR.81.6_1,2065,6,21.14532092038323,86.03536894934447,Zinguldak,Merkez,3.078323946616812e-4,3.078276566714777e-5,30,Zonguldak,Merkez,aegypti,6.164922677909246e-11,6.164922677909246e-11,0.9999999999383508,0.08404442296493823,1.8984813721090177e-14
TUR.81.6_1,2065,7,22.150739838095273,80.2853482392657,Zinguldak,Merkez,3.6149812895465644e-4,3.498307797666911e-5,31,Zonguldak,Merkez,aegypti,1.2666987390236307e-7,1.2666987390236307e-7,0.9999998733301261,0.1104349212436759,4.5790926606059656e-11
TUR.81.6_1,2065,8,23.327835700091192,74.10974706889972,Zinguldak,Merkez,4.2925624115477365e-4,4.154006375101105e-5,31,Zonguldak,Merkez,aegypti,6.772030858365258e-5,6.772030858365258e-5,0.9999322796914163,0.13982538859975208,2.906936469315724e-8
TUR.81.6_1,2065,9,20.29673694161808,70.96430319570622,Zinguldak,Merkez,3.421379528626057e-4,3.421321000107724e-5,30,Zonguldak,Merkez,aegypti,4.274358644806853e-18,4.274358644806853e-18,1,0.04596298071883786,0
TUR.81.6_1,2065,10,13.126330375671387,84.65184258802192,Zinguldak,Merkez,3.3716267364103955e-4,3.262811352777728e-5,31,Zonguldak,Merkez,aegypti,0,0,1,0,0
TUR.81.6_1,2065,11,11.586253860417534,81.56802769784483,Zinguldak,Merkez,1.955710740552448e-4,1.9556916166507676e-5,30,Zonguldak,Merkez,aegypti,0,0,1,0,0
TUR.81.6_1,2065,12,9.412913641508887,77.40794713102323,Zinguldak,Merkez,1.6086027909208546e-4,1.5567002616068137e-5,31,Zonguldak,Merkez,aegypti,0,0,1,0,0
TUR.81.6_1,2066,1,7.094702047460219,78.4905217803418,Zinguldak,Merkez,1.573951041866159e-4,1.5231668273107957e-5,31,Zonguldak,Merkez,aegypti,0,0,1,0,0
TUR.81.6_1,2066,2,4.654486476498493,81.73491130045812,Zinguldak,Merkez,1.1773630111580842e-4,1.2614524127152471e-5,28,Zonguldak,Merkez,aegypti,0,0,1,0,0
TUR.81.6_1,2066,3,5.993834162459654,76.3104429922035,Zinguldak,Merkez,1.4453112698282214e-4,1.3986785440400773e-5,31,Zonguldak,Merkez,aegypti,0,0,1,0,0
TUR.81.6_1,2066,4,12.11610702907338,84.27008783726794,Zinguldak,Merkez,1.9111583238120796e-4,1.9111400612947804e-5,30,Zonguldak,Merkez,aegypti,0,0,1,0,0
TUR.81.6_1,2066,5,15.372617805705351,76.46353239103743,Zinguldak,Merkez,2.671293994472257e-4,2.5850898064394556e-5,31,Zonguldak,Merkez,aegypti,0,0,1,1.8934195574988306e-4,0
TUR.81.6_1,2066,6,19.721284894382254,80.23696807043822,Zinguldak,Merkez,3.0045935905190994e-4,3.0045484530560884e-5,30,Zonguldak,Merkez,aegypti,0,0,1,0.03967971128377797,0
TUR.81.6_1,2066,7,22.84763734480914,78.16510135205867,Zinguldak,Merkez,3.5283972060040354e-4,3.4145196452506354e-5,31,Zonguldak,Merkez,aegypti,1.3392662996385417e-5,1.3392662996385417e-5,0.9999866073370036,0.13177558443052678,4.725463464971824e-9
TUR.81.6_1,2066,8,23.13061012941248,85.73192419292316,Zinguldak,Merkez,4.189749270155354e-4,4.0545138702552386e-5,31,Zonguldak,Merkez,aegypti,0.0018157860909848258,0.0018157860909848258,0.9981842139090151,0.1633131209590111,7.607685555965915e-7
TUR.81.6_1,2066,9,20.274504885954016,86.56736105703435,Zinguldak,Merkez,3.3394324901188637e-4,3.3393767316924894e-5,30,Zonguldak,Merkez,aegypti,2.2883916983573725e-15,2.2883916983573725e-15,0.9999999999999977,0.05794325486257255,0
TUR.81.6_1,2066,10,15.160974502563477,81.4293770728852,Zinguldak,Merkez,3.290871349967939e-4,3.1846634981569366e-5,31,Zonguldak,Merkez,aegypti,0,0,1,8.751896136783688e-5,0
TUR.81.6_1,2066,11,12.621542671147514,80.98031254891904,Zinguldak,Merkez,1.908868610930733e-4,1.9088503921516065e-5,30,Zonguldak,Merkez,aegypti,0,0,1,0,0
TUR.81.6_1,2066,12,5.966530165251563,86.09304387174589,Zinguldak,Merkez,1.5700744038338758e-4,1.5194152991893084e-5,31,Zonguldak,Merkez,aegypti,0,0,1,0,0
TUR.81.6_1,2067,1,7.790907186620375,75.65118157038086,Zinguldak,Merkez,1.632425748973058e-4,1.5797543755913246e-5,31,Zonguldak,Merkez,aegypti,0,0,1,0,0
TUR.81.6_1,2067,2,5.321603118496784,81.99978099039953,Zinguldak,Merkez,1.2211038616703962e-4,1.3083170075312012e-5,28,Zonguldak,Merkez,aegypti,0,0,1,0,0
TUR.81.6_1,2067,3,8.350705767379088,78.32506854151991,Zinguldak,Merkez,1.4990068111338142e-4,1.450641230804628e-5,31,Zonguldak,Merkez,aegypti,0,0,1,0,0
TUR.81.6_1,2067,4,9.487847370259903,81.43967401890856,Zinguldak,Merkez,1.9821608011746038e-4,1.982141156497974e-5,30,Zonguldak,Merkez,aegypti,0,0,1,0,0
TUR.81.6_1,2067,5,14.361395920024199,86.39801878019759,Zinguldak,Merkez,2.770536683582828e-4,2.6811285896100046e-5,31,Zonguldak,Merkez,aegypti,0,0,1,0,0
TUR.81.6_1,2067,6,21.053953198825614,73.47221282141479,Zinguldak,Merkez,3.1162188733313014e-4,3.116170319739098e-5,30,Zonguldak,Merkez,aegypti,1.4106704693261917e-13,1.4106704693261917e-13,0.9999999999998589,0.06612938216744038,0
TUR.81.6_1,2067,7,22.81143777510699,67.83888751538875,Zinguldak,Merkez,3.6594826004603077e-4,3.541372066573345e-5,31,Zonguldak,Merkez,aegypti,1.4581995912971158e-7,1.4581995912971158e-7,0.9999998541800409,0.10945073558087351,5.336253661170076e-11
TUR.81.6_1,2067,8,24.13602127748377,70.67391790630207,Zinguldak,Merkez,4.345404913124528e-4,4.205142142510443e-5,31,Zonguldak,Merkez,aegypti,0.0015124898789517062,0.0015124898789517062,0.9984875101210483,0.15928760220707458,6.572378791203093e-7
TUR.81.6_1,2067,9,21.174712405485266,71.33652609609685,Zinguldak,Merkez,3.463497554132187e-4,3.4634375757458535e-5,30,Zonguldak,Merkez,aegypti,2.310452940079699e-13,2.310452940079699e-13,0.999999999999769,0.06689101802354114,1.1102230246251565e-16
TUR.81.6_1,2067,10,17.455430030822754,72.50411462171333,Zinguldak,Merkez,3.413132292778271e-4,3.3029767016024e-5,31,Zonguldak,Merkez,aegypti,0,0,1,0.006873714691016312,0
TUR.81.6_1,2067,11,11.196197250310112,84.36286564950498,Zinguldak,Merkez,1.9797860219306234e-4,1.9797664242982016e-5,30,Zonguldak,Merkez,aegypti,0,0,1,0,0
TUR.81.6_1,2067,12,6.770858130034278,80.65468175016386,Zinguldak,Merkez,1.628405087862885e-4,1.5758634746232403e-5,31,Zonguldak,Merkez,aegypti,0,0,1,0,0
TUR.81.6_1,2068,1,2.9918582860161274,84.62147270807617,Zinguldak,Merkez,1.5664216199931427e-4,1.5158804007375792e-5,31,Zonguldak,Merkez,aegypti,0,0,1,0,0
TUR.81.6_1,2068,2,5.893553554135211,84.96969065836828,Zinguldak,Merkez,1.2135783034421275e-4,1.2554179507073826e-5,29,Zonguldak,Merkez,aegypti,0,0,1,0,0
TUR.81.6_1,2068,3,6.756263876662535,78.88560778712538,Zinguldak,Merkez,1.438397231208914e-4,1.391987632282099e-5,31,Zonguldak,Merkez,aegypti,0,0,1,0,0
TUR.81.6_1,2068,4,12.053913158528946,79.25613367467028,Zinguldak,Merkez,1.902015779410542e-4,1.9019976912004743e-5,30,Zonguldak,Merkez,aegypti,0,0,1,0,0
TUR.81.6_1,2068,5,17.89123734305887,80.01049131437728,Zinguldak,Merkez,2.658515134840517e-4,2.5727234870043247e-5,31,Zonguldak,Merkez,aegypti,0,0,1,0.011420647059748976,0
TUR.81.6_1,2068,6,20.567258862888114,77.38295653479369,Zinguldak,Merkez,2.9902203018346193e-4,2.9901755951966535e-5,30,Zonguldak,Merkez,aegypti,2.78388423424758e-15,2.78388423424758e-15,0.9999999999999972,0.057636466202686795,0
TUR.81.6_1,2068,7,24.344505478354062,70.10029346021297,Zinguldak,Merkez,3.51151816059988e-4,3.3981856415898903e-05,31,Zonguldak,Merkez,aegypti,0.0030284635541776147,0.0030284635541776147,0.9969715364458224,0.1646377476047064,1.0634499114647866e-6
TUR.81.6_1,2068,8,23.375771185931036,71.59364904643878,Zinguldak,Merkez,4.1697064677059467e-4,4.035118394363213e-5,31,Zonguldak,Merkez,aegypti,3.3753774681137436e-5,3.3753774681137436e-5,0.9999662462253188,0.13513165467010177,1.4074333143376805e-8
TUR.81.6_1,2068,9,22.84921382455265,64.59362906240544,Zinguldak,Merkez,3.3234574087054347e-4,3.323402182475732e-5,30,Zonguldak,Merkez,aegypti,4.4788108687077166e-8,4.4788108687077166e-8,0.9999999552118913,0.10407351306265179,1.488509315805686e-11
TUR.81.6_1,2068,10,12.761392593383789,82.71678399427192,Zinguldak,Merkez,3.2751285739446436e-4,3.1694290376416134e-5,31,Zonguldak,Merkez,aegypti,0,0,1,0,0
TUR.81.6_1,2068,11,11.572043159428764,77.25011082772764,Zinguldak,Merkez,1.8997370199920369e-4,1.8997189751068788e-5,30,Zonguldak,Merkez,aegypti,0,0,1,0,0
TUR.81.6_1,2068,12,9.063384375151465,80.16781193815214,Zinguldak,Merkez,1.562563526910745e-4,1.512146818793969e-5,31,Zonguldak,Merkez,aegypti,0,0,1,0,0
TUR.81.6_1,2069,1,6.940159601323744,79.35918175348633,Zinguldak,Merkez,1.6579717369673874e-4,1.60447590585866e-5,31,Zonguldak,Merkez,aegypti,0,0,1,0,0
TUR.81.6_1,2069,2,4.311116992550739,85.49608073405187,Zinguldak,Merkez,1.2402130337780311e-4,1.3287908505410506e-5,28,Zonguldak,Merkez,aegypti,0,0,1,0,0
TUR.81.6_1,2069,3,9.226654673323912,74.18247515773085,Zinguldak,Merkez,1.5224649133015438e-4,1.4733422881052505e-5,31,Zonguldak,Merkez,aegypti,0,0,1,0,0
TUR.81.6_1,2069,4,12.235453647725723,78.47333490758044,Zinguldak,Merkez,2.0131798267330353e-4,2.0131595624084397e-5,30,Zonguldak,Merkez,aegypti,0,0,1,0,0
TUR.81.6_1,2069,5,13.877583587870879,82.88375944181868,Zinguldak,Merkez,2.813893079364493e-4,2.723085258227176e-5,31,Zonguldak,Merkez,aegypti,0,0,1,0,0
TUR.81.6_1,2069,6,20.747707394992606,74.89171507971557,Zinguldak,Merkez,3.1649848830416383e-4,3.1649347979278986e-5,30,Zonguldak,Merkez,aegypti,7.688238934377978e-15,7.688238934377978e-15,0.9999999999999923,0.05972577758129394,0
TUR.81.6_1,2069,7,24.295986343832578,70.9889615205157,Zinguldak,Merkez,3.716750196634668e-4,3.596790342941247e-5,31,Zonguldak,Merkez,aegypti,0.003388428845839371,0.003388428845839371,0.9966115711541607,0.1651733489381299,1.2593935648785859e-6
TUR.81.6_1,2069,8,25.11507858949549,68.94851125957355,Zinguldak,Merkez,4.4134065737274757e-4,4.270947412177151e-5,31,Zonguldak,Merkez,aegypti,0.023872093499787365,0.023872093499787365,0.9761279065002126,0.18603708864742827,1.053566993747257e-5
TUR.81.6_1,2069,9,22.739033923429602,66.94291418813786,Zinguldak,Merkez,3.517698161413658e-4,3.5176362911393255e-5,30,Zonguldak,Merkez,aegypti,5.3369310427875404e-8,5.3369310427875404e-8,0.9999999466306896,0.10553789327124043,1.8773760324108935e-11
TUR.81.6_1,2069,10,14.290814399719238,83.36069726331489,Zinguldak,Merkez,3.466544729227048e-4,3.354664435573085e-5,31,Zonguldak,Merkez,aegypti,0,0,1,0,0
TUR.81.6_1,2069,11,11.458595016423393,76.39623662118467,Zinguldak,Merkez,2.0107678843396163e-4,2.010747668534929e-5,30,Zonguldak,Merkez,aegypti,0,0,1,0,0
TUR.81.6_1,2069,12,8.8067830415333,79.97758824430448,Zinguldak,Merkez,1.6538881561437057e-4,1.600524116773805e-5,31,Zonguldak,Merkez,aegypti,0,0,1,0,0
TUR.81.6_1,2070,1,6.248122495763441,85.8691838897168,Zinguldak,Merkez,1.549714756432336e-4,1.4997127120386367e-5,31,Zonguldak,Merkez,aegypti,0,0,1,0,0
TUR.81.6_1,2070,2,2.733723699170001,86.8968451993839,Zinguldak,Merkez,1.1592335362007054e-4,1.2420282184066878e-5,28,Zonguldak,Merkez,aegypti,0,0,1,0,0
TUR.81.6_1,2070,3,9.37301220963983,77.71270281886366,Zinguldak,Merkez,1.423055827603827e-4,1.3771413182261938e-5,31,Zonguldak,Merkez,aegypti,0,0,1,0,0
TUR.81.6_1,2070,4,11.437829059713028,77.32537043004137,Zinguldak,Merkez,1.881729594828097e-4,1.8817118904057573e-5,30,Zonguldak,Merkez,aegypti,0,0,1,0,0
TUR.81.6_1,2070,5,14.191907966838164,90.27352994963118,Zinguldak,Merkez,2.630160412800666e-4,2.5452841356132794e-5,31,Zonguldak,Merkez,aegypti,0,0,1,0,0
TUR.81.6_1,2070,6,20.37416842404534,78.57245543616088,Zinguldak,Merkez,2.958327737302905e-4,2.9582839792152704e-5,30,Zonguldak,Merkez,aegypti,3.133049375492192e-16,3.133049375492192e-16,0.9999999999999997,0.05375943409953535,0
TUR.81.6_1,2070,7,23.542410065146054,73.50627261670711,Zinguldak,Merkez,3.474065629268824e-4,3.3619424815167775e-5,31,Zonguldak,Merkez,aegypti,1.9667120100848063e-4,1.9667120100848063e-4,0.9998033287989915,0.1456534274355004,6.8324863655711e-8
TUR.81.6_1,2070,8,27.18487610536463,61.23303808452472,Zinguldak,Merkez,4.1252339475648616e-4,3.992082199022473e-5,31,Zonguldak,Merkez,aegypti,0.06887860290104957,0.06887860290104957,0.9311213970989505,0.20434318618831934,2.841363141992126e-5
TUR.81.6_1,2070,9,20.19365619210636,70.04293173574528,Zinguldak,Merkez,3.288010662587594e-4,3.287956608111209e-5,30,Zonguldak,Merkez,aegypti,2.220446049250313e-19,2.220446049250313e-19,1,0.043004710619984364,0
TUR.81.6_1,2070,10,17.26932430267334,76.72748803479926,Zinguldak,Merkez,3.240197284992419e-4,3.135625630157346e-5,31,Zonguldak,Merkez,aegypti,0,0,1,0.006000401076866024,0
TUR.81.6_1,2070,11,9.488468864384819,75.8742715943292,Zinguldak,Merkez,1.8794751398000623e-4,1.8794574777714068e-5,30,Zonguldak,Merkez,aegypti,0,0,1,0,0
TUR.81.6_1,2070,12,3.8796451898182136,83.47175938688261,Zinguldak,Merkez,1.5458978123189708e-4,1.496018950475353e-5,31,Zonguldak,Merkez,aegypti,0,0,1,0,0
TUR.81.6_1,2071,1,3.9268651429344623,83.26978813776367,Zinguldak,Merkez,1.6445548119846428e-4,1.591491992392058e-5,31,Zonguldak,Merkez,aegypti,0,0,1,0,0
TUR.81.6_1,2071,2,5.858438788967975,79.53155741862219,Zinguldak,Merkez,1.2301767678599777e-4,1.3180378507948731e-5,28,Zonguldak,Merkez,aegypti,0,0,1,0,0
TUR.81.6_1,2071,3,10.468862200484557,69.18078906153944,Zinguldak,Merkez,1.510144560019774e-4,1.4614195405382446e-5,31,Zonguldak,Merkez,aegypti,0,0,1,0,0
TUR.81.6_1,2071,4,13.331959766500137,73.46242487340075,Zinguldak,Merkez,1.9968884255530266e-4,1.9968684878635123e-5,30,Zonguldak,Merkez,aegypti,0,0,1,0,0
TUR.81.6_1,2071,5,15.699238861308379,73.19613737150618,Zinguldak,Merkez,2.7911220082337186e-4,2.701049335429584e-5,31,Zonguldak,Merkez,aegypti,0,0,1,4.7099555699185166e-4,0
TUR.81.6_1,2071,6,19.627313641940848,80.01311400549682,Zinguldak,Merkez,3.1393726462341744e-4,3.139323368450686e-5,30,Zonguldak,Merkez,aegypti,0,0,1,0.037401141378387834,0
TUR.81.6_1,2071,7,23.068067718954648,70.05157977613094,Zinguldak,Merkez,3.6866728693461695e-4,3.5676842947029996e-5,31,Zonguldak,Merkez,aegypti,2.330215429684368e-6,2.330215429684368e-6,0.9999976697845703,0.12203145651815092,8.590741451541817e-10
TUR.81.6_1,2071,8,26.33214058595545,66.40478338481769,Zinguldak,Merkez,4.377691643492077e-4,4.2363860466521075e-5,31,Zonguldak,Merkez,aegypti,0.0813149833008511,0.0813149833008511,0.9186850166991489,0.21048504851372293,3.559655871610001e-5
TUR.81.6_1,2071,9,21.880297885221594,73.57676047109685,Zinguldak,Merkez,3.489231637352185e-4,3.489170764370275e-5,30,Zonguldak,Merkez,aegypti,5.985206295022749e-10,5.985206295022749e-10,0.9999999994014793,0.090071915561599,2.0883295093199195e-13
TUR.81.6_1,2071,10,17.973532676696777,73.19779443128364,Zinguldak,Merkez,3.4384921577963436e-4,3.327517692830462e-5,31,Zonguldak,Merkez,aegypti,0,0,1,0.011078325047147095,0
TUR.81.6_1,2071,11,10.245990493718315,77.78380223397764,Zinguldak,Merkez,1.9944960014960388e-4,1.9944761115553433e-5,30,Zonguldak,Merkez,aegypti,0,0,1,0,0
TUR.81.6_1,2071,12,6.939036688383887,78.22463566862089,Zinguldak,Merkez,1.6405042770183486e-4,1.5875721821489996e-5,31,Zonguldak,Merkez,aegypti,0,0,1,0,0
TUR.81.6_1,2072,1,5.421170515172621,77.38340508112304,Zinguldak,Merkez,1.6598474303286404e-4,1.606291063838139e-5,31,Zonguldak,Merkez,aegypti,0,0,1,0,0
TUR.81.6_1,2072,2,7.278162776547321,81.93825755289953,Zinguldak,Merkez,1.2859595416461533e-4,1.3302941256232437e-5,29,Zonguldak,Merkez,aegypti,0,0,1,0,0
TUR.81.6_1,2072,3,7.357802057967467,77.67772967433241,Zinguldak,Merkez,1.5241873053465637e-4,1.4750090945536698e-5,31,Zonguldak,Merkez,aegypti,0,0,1,0,0
TUR.81.6_1,2072,4,10.738110584371231,84.68691980748278,Zinguldak,Merkez,2.0154573734196382e-4,2.0154370632186058e-5,30,Zonguldak,Merkez,aegypti,0,0,1,0,0
TUR.81.6_1,2072,5,16.76838120292215,77.56642240568587,Zinguldak,Merkez,2.8170764874109374e-4,2.7261658917532294e-5,31,Zonguldak,Merkez,aegypti,0,0,1,0.003335261116234734,0
TUR.81.6_1,2072,6,21.278745679294364,71.43588164465697,Zinguldak,Merkez,3.16856548758466e-4,3.168515289075913e-5,30,Zonguldak,Merkez,aegypti,7.435286275558894e-13,7.435286275558894e-13,0.9999999999992565,0.07019913218876019,2.220446049250313e-16
TUR.81.6_1,2072,7,21.678751160116757,78.34503299268367,Zinguldak,Merkez,3.720955023239261e-4,3.600859383534605e-5,31,Zonguldak,Merkez,aegypti,7.118281762363843e-10,7.118281762363843e-10,0.9999999992881718,0.09109807234006768,2.6489921367556235e-13
TUR.81.6_1,2072,8,24.4091116400326,69.40559973003253,Zinguldak,Merkez,4.4183995402698325e-4,4.275779108797728e-5,31,Zonguldak,Merkez,aegypti,0.0029610642965944892,0.0029610642965944892,0.9970389357034055,0.16437098998787095,1.308315656811665e-6
TUR.81.6_1,2072,9,22.011414752287024,64.47297400259099,Zinguldak,Merkez,3.521677796856856e-4,3.521615786516996e-5,30,Zonguldak,Merkez,aegypti,4.724936958355741e-11,4.724936958355741e-11,0.9999999999527507,0.08062194469348334,1.6653345369377348e-14
TUR.81.6_1,2072,10,17.166638374328613,71.25065087659614,Zinguldak,Merkez,3.470466493868821e-4,3.3584595642954795e-5,31,Zonguldak,Merkez,aegypti,0,0,1,0.004936477057480793,0
TUR.81.6_1,2072,11,11.737522819462944,76.83450719003233,Zinguldak,Merkez,2.0130427023522414e-4,2.0130224407832742e-5,30,Zonguldak,Merkez,aegypti,0,0,1,0,0
TUR.81.6_1,2072,12,3.6433494897449714,85.13136632047636,Zinguldak,Merkez,1.6557592296762423e-4,1.602334804096106e-5,31,Zonguldak,Merkez,aegypti,0,0,1,0,0
TUR.81.6_1,2073,1,5.2775395337273086,83.13753258356445,Zinguldak,Merkez,1.568283538847572e-4,1.5176822303564208e-5,31,Zonguldak,Merkez,aegypti,0,0,1,0,0
TUR.81.6_1,2073,2,7.023814498501666,79.91573558024328,Zinguldak,Merkez,1.173123547386835e-4,1.2569101873083355e-5,28,Zonguldak,Merkez,aegypti,0,0,1,0,0
TUR.81.6_1,2073,3,6.130315447554869,79.68648058985976,Zinguldak,Merkez,1.440106974544146e-4,1.3936421995652815e-5,31,Zonguldak,Merkez,aegypti,0,0,1,0,0
TUR.81.6_1,2073,4,10.094965976827286,77.85006678013903,Zinguldak,Merkez,1.904276600504879e-4,1.904258469276332e-5,30,Zonguldak,Merkez,aegypti,0,0,1,0,0
TUR.81.6_1,2073,5,16.597255790934845,74.52961820646712,Zinguldak,Merkez,2.661675164931501e-4,2.575781501923391e-5,31,Zonguldak,Merkez,aegypti,0,0,1,0.0025522722452653007,0
TUR.81.6_1,2073,6,21.997938184177176,69.1949224771765,Zinguldak,Merkez,2.9937746115350354e-4,2.993729798550504e-5,30,Zonguldak,Merkez,aegypti,3.020731451086611e-10,3.020731451086611e-10,0.9999999996979269,0.08722321655199704,9.048317650695026e-14
TUR.81.6_1,2073,7,25.77020471236285,61.864404025398514,Zinguldak,Merkez,3.5156921082698053e-4,3.40222480844643e-5,31,Zonguldak,Merkez,aegypti,0.014253076071019503,0.014253076071019503,0.9857469239289804,0.17770043162495608,5.010930151372328e-6
TUR.81.6_1,2073,8,24.7241693945492,72.18916525127277,Zinguldak,Merkez,4.1746627674598346e-4,4.039914619824447e-5,31,Zonguldak,Merkez,aegypti,0.019985910552232353,0.019985910552232353,0.9800140894477677,0.18450813674474684,8.343408859134982e-6
TUR.81.6_1,2073,9,20.780173526090735,68.91180914663396,Zinguldak,Merkez,3.3274078189475943e-4,3.327352461346411e-5,30,Zonguldak,Merkez,aegypti,9.823253321883386e-16,9.823253321883386e-16,0.999999999999999,0.054805321825891054,0
TUR.81.6_1,2073,10,13.999387741088867,83.00022363050239,Zinguldak,Merkez,3.279021538370488e-4,3.173196303096759e-5,31,Zonguldak,Merkez,aegypti,0,0,1,0,0
TUR.81.6_1,2073,11,10.115354278508354,81.59370823983701,Zinguldak,Merkez,1.9019951324509264e-4,1.9019770446382367e-5,30,Zonguldak,Merkez,aegypti,0,0,1,0,0
TUR.81.6_1,2073,12,6.146327814635108,81.03274113737089,Zinguldak,Merkez,1.5644208598630387e-4,1.5139442105849277e-5,31,Zonguldak,Merkez,aegypti,0,0,1,0,0
TUR.81.6_1,2074,1,3.46447662746205,89.46207176813476,Zinguldak,Merkez,1.62752873643138e-4,1.5750154059523958e-5,31,Zonguldak,Merkez,aegypti,0,0,1,0,0
TUR.81.6_1,2074,2,6.92338687093819,78.99351725748937,Zinguldak,Merkez,1.2174407480929159e-4,1.3043922942546082e-5,28,Zonguldak,Merkez,aegypti,0,0,1,0,0
TUR.81.6_1,2074,3,5.952666903243346,82.42856127833632,Zinguldak,Merkez,1.494510033771168e-4,1.4462895738143189e-5,31,Zonguldak,Merkez,aegypti,0,0,1,0,0
TUR.81.6_1,2074,4,12.756765407674454,75.2031856766234,Zinguldak,Merkez,1.9762146401874464e-4,1.9761951131958e-5,30,Zonguldak,Merkez,aegypti,0,0,1,0,0
TUR.81.6_1,2074,5,17.155328834758087,82.9249505428929,Zinguldak,Merkez,2.762225522787172e-4,2.673085746096593e-5,31,Zonguldak,Merkez,aegypti,0,0,1,0.005847299634522936,0
TUR.81.6_1,2074,6,21.05708315793206,77.91126158850463,Zinguldak,Merkez,3.106870722020335e-4,3.106822459286729e-5,30,Zonguldak,Merkez,aegypti,8.574431720198561e-13,8.574431720198561e-13,0.9999999999991426,0.07121026179424617,2.220446049250313e-16
TUR.81.6_1,2074,7,24.647567917318906,73.8932812836993,Zinguldak,Merkez,3.648504746060632e-4,3.5307487121771786e-5,31,Zonguldak,Merkez,aegypti,0.024703122533672333,0.024703122533672333,0.9752968774663276,0.187821896996244,9.01290536414745e-6
TUR.81.6_1,2074,8,24.259300849016974,77.18601812602863,Zinguldak,Merkez,4.3323694030122744e-4,4.192527662405521e-5,31,Zonguldak,Merkez,aegypti,0.01829026690993771,0.01829026690993771,0.9817097330900623,0.18424772717970722,7.923987878410976e-6
TUR.81.6_1,2074,9,21.06156276254093,80.83641928457341,Zinguldak,Merkez,3.453107623091632e-4,3.453048004020687e-5,30,Zonguldak,Merkez,aegypti,3.532104553283233e-12,3.532104553283233e-12,0.9999999999964679,0.07513646036485422,1.2212453270876722e-15
TUR.81.6_1,2074,10,18.40061855316162,77.00405358655708,Zinguldak,Merkez,3.4028934493548216e-4,3.2930684702336954e-5,31,Zonguldak,Merkez,aegypti,0,0,1,0.016414765121066065,0
TUR.81.6_1,2074,11,12.271970489445854,74.6655313599542,Zinguldak,Merkez,1.9738469848961166e-4,1.9738275046643494e-5,30,Zonguldak,Merkez,aegypti,0,0,1,0,0
TUR.81.6_1,2074,12,7.453245958861182,76.05223424039823,Zinguldak,Merkez,1.6235201366525688e-4,1.5711361768699916e-5,31,Zonguldak,Merkez,aegypti,0,0,1,0,0
TUR.81.6_1,2075,1,5.059208196752211,83.20355736383789,Zinguldak,Merkez,1.576328373072194e-4,1.5254674353371023e-5,31,Zonguldak,Merkez,aegypti,0,0,1,0,0
TUR.81.6_1,2075,2,5.472402869778522,82.36512217692297,Zinguldak,Merkez,1.1791413268444085e-4,1.26335772689945e-5,28,Zonguldak,Merkez,aegypti,0,0,1,0,0
TUR.81.6_1,2075,3,9.476004267440123,77.25329119776991,Zinguldak,Merkez,1.4474943006168554e-4,1.4007911249058758e-5,31,Zonguldak,Merkez,aegypti,0,0,1,0,0
TUR.81.6_1,2075,4,12.9159594002892,72.54325830845934,Zinguldak,Merkez,1.9140449805136024e-4,1.9140266627859504e-5,30,Zonguldak,Merkez,aegypti,0,0,1,0,0
TUR.81.6_1,2075,5,14.459546173320097,78.6693581967015,Zinguldak,Merkez,2.6753287772606865e-4,2.5889943339296728e-5,31,Zonguldak,Merkez,aegypti,0,0,1,0,0
TUR.81.6_1,2075,6,19.634168652927176,80.33476164953979,Zinguldak,Merkez,3.009131796545968e-4,3.0090865226317653e-5,30,Zonguldak,Merkez,aegypti,0,0,1,0.03790917467723266,0
TUR.81.6_1,2075,7,23.27055566451129,74.10350162061336,Zinguldak,Merkez,3.5337265768434065e-4,3.4196769246652714e-5,31,Zonguldak,Merkez,aegypti,4.6694405516098935e-5,4.6694405516098935e-5,0.9999533055944839,0.13774963167969873,1.650052605661756e-8
TUR.81.6_1,2075,8,23.106611868914435,77.42582525493488,Zinguldak,Merkez,4.1960775620910375e-4,4.060637775249454e-5,31,Zonguldak,Merkez,aegypti,6.791911943454849e-5,6.791911943454849e-5,0.9999320808805654,0.14053108958356253,2.8499388848857166e-8
TUR.81.6_1,2075,9,20.575177417081946,79.37129324697575,Zinguldak,Merkez,3.344476444383028e-4,3.344420517392699e-5,30,Zonguldak,Merkez,aegypti,5.93186610942098e-15,5.93186610942098e-15,0.9999999999999941,0.05949444392702725,0
TUR.81.6_1,2075,10,14.59675121307373,75.36132287366645,Zinguldak,Merkez,3.2958419563891203e-4,3.189473609133131e-5,31,Zonguldak,Merkez,aegypti,0,0,1,0,0
TUR.81.6_1,2075,11,9.913035133305717,83.27523442391904,Zinguldak,Merkez,1.9117518091982e-4,1.9117335353424636e-5,30,Zonguldak,Merkez,aegypti,0,0,1,0,0
TUR.81.6_1,2075,12,6.404319128569434,80.96725804410917,Zinguldak,Merkez,1.572445879678261e-4,1.521710240914853e-5,31,Zonguldak,Merkez,aegypti,0,0,1,0,0
