district_id,year,month,species,temp_c,rh,lambda_import,lambda_local_i1_mean,lambda_local_i1_p2_5,lambda_local_i1_p97_5,p_establishment_mean,p_establishment_p2_5,p_establishment_p97_5,q_extinction_mean,q_extinction_p2_5,q_extinction_p97_5,q_import_month,p_month_major_mean,p_month_major_p2_5,p_month_major_p97_5
TUR.10.4_1,2025,1,aegypti,1.9076979631174575,82.07717808602479,0.0012406058465104165,0,0,0,0,0,0,1,1,1,1.2005142355853149e-4,0,0,0
TUR.10.4_1,2025,2,aegypti,1.5397522550158422,86.2872310110294,9.280107171415018e-4,0,0,0,0,0,0,1,1,1,9.942477672297834e-5,0,0,0
TUR.10.4_1,2025,3,aegypti,8.335869807859554,70.30499235306922,0.001139210536847663,0,0,0,0,0,0,1,1,1,1.1024010409832474e-4,0,0,0
TUR.10.4_1,2025,4,aegypti,9.7727491014144,84.49056491570018,0.0015063964043742675,0,0,0,0,0,0,1,1,1,1.5062829485645857e-4,0,0,0
TUR.10.4_1,2025,5,aegypti,14.633528597214642,82.55988178974857,0.002105543856917663,0,0,0,0,0,0,1,1,1,2.037415506046525e-4,0,0,0
TUR.10.4_1,2025,6,aegypti,20.200050914988797,82.508457048709,0.0023682543329722507,0.05253949985078203,0.052270288641818374,0.05280849766359161,0,0,0,1,1,1,2.3679739236792674e-4,0,0,0
TUR.10.4_1,2025,7,aegypti,21.90388303644517,89.0671723615429,0.0027811222116474535,0.11750705693535625,0.11700211151715274,0.11796968493567495,8.280611675492988e-8,7.341494926704773e-8,9.213332326507561e-8,0.9999999171938833,0.9999999078666767,0.9999999265850507,2.6910464403973045e-4,2.3029392870466126e-10,2.0417597612620855e-10,2.5623399235730204e-10
TUR.10.4_1,2025,8,aegypti,22.780098915100098,82.17669166736681,0.0033024073187210875,0.13879965124347476,0.138157616422994,0.13936485591654074,7.688493875589786e-6,6.780520880764196e-6,8.556140787105426e-6,0.9999923115061244,0.9999914438592129,0.9999932194791192,3.1953674229479034e-4,2.53905381208952e-8,2.2392041573726652e-8,2.8255861592163533e-8
TUR.10.4_1,2025,9,aegypti,17.966311987708597,83.59601243196332,0.002632178105334355,0.012915689155875099,0.012829137423064726,0.01300287972726707,0,0,0,1,1,1,2.6318317176476924e-4,0,0,0
TUR.10.4_1,2025,10,aegypti,11.512502726386574,87.9230093840779,0.0025939016705648103,0,0,0,0,0,0,1,1,1,2.509912387402835e-4,0,0,0
TUR.10.4_1,2025,11,aegypti,9.041542340727414,81.17020000093409,0.0015045916270261359,0,0,0,0,0,0,1,1,1,1.5044784429041336e-4,0,0,0
TUR.10.4_1,2025,12,aegypti,4.256676830351353,71.84810634279388,0.0012375502369776368,0,0,0,0,0,0,1,1,1,1.1975575486622425e-4,0,0,0
TUR.10.4_1,2026,1,aegypti,3.981240140794612,74.199668015224,0.001199535865963385,0,0,0,0,0,0,1,1,1,1.1607737856067502e-4,0,0,0
TUR.10.4_1,2026,2,aegypti,4.729166994624607,73.13338427030675,8.972891288081533e-4,0,0,0,0,0,0,1,1,1,9.613349982262598e-5,0,0,0
TUR.10.4_1,2026,3,aegypti,5.834232825895443,76.21394315873329,0.0011014972254692662,0,0,0,0,0,0,1,1,1,1.0659082448494228e-4,0,0,0
TUR.10.4_1,2026,4,aegypti,10.756913339390474,73.5511423082783,0.0014565274865404594,0,0,0,0,0,0,1,1,1,1.4564214180745605e-4,0,0,0
TUR.10.4_1,2026,5,aegypti,15.082682497361127,79.9875017238306,0.002035840295961726,5.763302798953131e-5,5.679603456534101e-5,5.85064488628023e-5,0,0,0,1,1,1,1.9699739629919222e-4,0,0,0
TUR.10.4_1,2026,6,aegypti,17.19030054877786,85.06349550085744,0.002289853800152597,0.006281186716752059,0.006230659234779353,0.006330112145612101,0,0,0,1,1,1,2.289591648640954e-4,0,0,0
TUR.10.4_1,2026,7,aegypti,20.535209711860208,89.92673046701165,0.002689053779556343,0.06897117892059453,0.06866723509812243,0.06927871038413189,2.562772216663234e-14,2.2537527399890678e-14,2.8979596500278146e-14,0.9999999999999744,0.999999999999971,0.9999999999999775,2.6019715377223473e-4,1.1102230246251565e-16,1.1102230246251565e-16,1.1102230246251565e-16
TUR.10.4_1,2026,8,aegypti,22.256203651428223,91.02319587879259,0.0031930818591323308,0.13669125897831727,0.1361347470481953,0.13720559580454342,5.100856780177243e-6,4.56530407424438e-6,5.633902604404439e-6,0.9999948991432198,0.9999943660973956,0.9999954346959258,3.089601838208722e-4,1.6287453117214134e-8,1.4577389498282578e-8,1.7989512082761115e-8
TUR.10.4_1,2026,9,aegypti,19.28712802774766,85.53725083528363,0.002545040434746651,0.033753358510926326,0.03354766383684675,0.033938514593114054,0,0,0,1,1,1,2.544716600678676e-4,0,0,0
TUR.10.4_1,2026,10,aegypti,14.798754748176124,82.22702549735915,0.0025080311328346664,4.679377639735256e-6,4.604188760446816e-6,4.757749141447864e-6,0,0,0,1,1,1,2.4268323793219526e-4,0,0,0
TUR.10.4_1,2026,11,aegypti,11.483078290434445,72.70373118989893,0.001454782455944923,0,0,0,0,0,0,1,1,1,1.4546766414769152e-4,0,0,0
TUR.10.4_1,2026,12,aegypti,4.926443494856358,75.02239986086029,0.001196581411704396,0,0,0,0,0,0,1,1,1,1.157914967797602e-4,0,0,0
TUR.10.4_1,2027,1,aegypti,4.327662813066341,70.62942417977479,0.0012269780305950507,0,0,0,0,0,0,1,1,1,1.1873276012031031e-4,0,0,0
TUR.10.4_1,2027,2,aegypti,5.652651081614963,72.74163774931066,9.178166984237405e-4,0,0,0,0,0,0,1,1,1,9.833266842873556e-5,0,0,0
TUR.10.4_1,2027,3,aegypti,5.483438987394466,78.61359373246376,0.00112669652885014,0,0,0,0,0,0,1,1,1,1.0902920383748516e-4,0,0,0
TUR.10.4_1,2027,4,aegypti,10.088720475926118,76.53469333366893,0.001489848930450841,0,0,0,0,0,0,1,1,1,1.4897379534706268e-4,0,0,0
TUR.10.4_1,2027,5,aegypti,14.26106346354765,76.92716847187748,0.0020824148638015055,0,0,0,0,0,0,1,1,1,2.0150371447635873e-4,0,0,0
TUR.10.4_1,2027,6,aegypti,17.96149309943704,85.21138368445119,0.0023422395159525705,0.013182922787530499,0.013089829075394166,0.013275662953847672,0,0,0,1,1,1,2.3419652330702867e-4,0,0,0
TUR.10.4_1,2027,7,aegypti,21.008031901191263,90.68618328683587,0.002750572120621303,0.08567329167869751,0.0852966427979476,0.08604926770918704,1.2039751196013526e-11,1.0609732536970285e-11,1.3598352999188991e-11,0.9999999999879603,0.9999999999864017,0.9999999999893903,2.661489748458923e-4,3.3115066244704394e-14,2.919886554764162e-14,3.7414515929867775e-14
TUR.10.4_1,2027,8,aegypti,22.17793369293213,92.35766090564806,0.003266131011347817,0.13610707577324377,0.13553171438679726,0.13662802606506222,4.546858826435796e-6,4.051697164048073e-6,5.031020638934791e-6,0.9999954531411736,0.9999949689793611,0.999995948302836,3.160272475125625e-4,1.485063650796814e-8,1.3233373710730412e-8,1.643197240774885e-8
TUR.10.4_1,2027,9,aegypti,18.059913214515237,90.9263804739555,0.0026032641365852545,0.015584776448958329,0.015486857488521405,0.015680057552974625,0,0,0,1,1,1,2.602925316779192e-4,0,0,0
TUR.10.4_1,2027,10,aegypti,16.914449747870947,80.86137150565993,0.002565408161068262,0.00427702165123795,0.0042372089470435895,0.004313441600444497,0,0,0,1,1,1,2.482344906289402e-4,0,0,0
TUR.10.4_1,2027,11,aegypti,7.826254178495969,81.88544810884424,0.0014880639782337431,0,0,0,0,0,0,1,1,1,1.4879532670053486e-4,0,0,0
TUR.10.4_1,2027,12,aegypti,2.1447251215577126,80.49839778566498,0.0012239559863435718,0,0,0,0,0,0,1,1,1,1.1844033890628936e-4,0,0,0
TUR.10.4_1,2028,1,aegypti,1.3842147463549148,90.6447592627826,0.0011884749778036034,0,0,0,0,0,0,1,1,1,1.1500709370648732e-4,0,0,0
TUR.10.4_1,2028,2,aegypti,5.726936588817112,72.72405199491612,9.20765794366801e-4,0,0,0,0,0,0,1,1,1,9.524709760710959e-5,0,0,0
TUR.10.4_1,2028,3,aegypti,5.401063937803402,81.49243131791297,0.00109134034899318,0,0,0,0,0,0,1,1,1,1.0560800524261893e-4,0,0,0
TUR.10.4_1,2028,4,aegypti,9.420816575779634,71.71308383659861,0.00144309688551601,0,0,0,0,0,0,1,1,1,1.4429927640935425e-4,0,0,0
TUR.10.4_1,2028,5,aegypti,15.722939379074994,81.50498829609623,0.0020170678670050277,5.756410612378004e-4,5.683627872745118e-4,5.827718666908877e-4,0,0,0,1,1,1,1.951810658586961e-4,0,0,0
TUR.10.4_1,2028,6,aegypti,19.067560756907742,83.19980989294729,0.002268739119462831,0.02849475512672265,0.02831071962914283,0.0286661546114694,0,0,0,1,1,1,2.2684817800644463e-4,0,0,0
TUR.10.4_1,2028,7,aegypti,20.21106725580552,90.9856293927929,0.002664258086526004,0.06018682087035023,0.059908054686873616,0.0604646088340254,5.305755834683623e-16,4.440892098500626e-16,5.551115123125783e-16,0.9999999999999994,0.9999999999999994,0.9999999999999996,2.5779819206217525e-4,0,0,0
TUR.10.4_1,2028,8,aegypti,20.4249849319458,83.67695106678087,0.0031636385366514935,0.05950840755807288,0.05919573629649786,0.05980418605502516,3.7481129311345284e-16,3.3306690738754696e-16,4.440892098500626e-16,0.9999999999999997,0.9999999999999996,0.9999999999999997,3.061117063111185e-4,0,0,0
TUR.10.4_1,2028,9,aegypti,17.112660940955667,92.37734635530316,0.0025215726849197244,0.006441468603581609,0.00639279911641007,0.006488329601239462,0,0,0,1,1,1,2.521254795199157e-4,0,0,0
TUR.10.4_1,2028,10,aegypti,13.471415575812843,88.70407627860915,0.002484904644791514,0,0,0,0,0,0,1,1,1,2.404457313349706e-4,0,0,0
TUR.10.4_1,2028,11,aegypti,8.162676621885861,82.72433818452784,0.0014413679458009552,0,0,0,0,0,0,1,1,1,1.4412640737138105e-4,0,0,0
TUR.10.4_1,2028,12,aegypti,2.249324895441532,85.56883235597748,0.0011855477664883722,0,0,0,0,0,0,1,1,1,1.1472384773103528e-4,0,0,0
TUR.10.4_1,2029,1,aegypti,5.177292930482722,76.78774174569276,0.001349822945468278,0,0,0,0,0,0,1,1,1,1.306194955115192e-4,0,0,0
TUR.10.4_1,2029,2,aegypti,5.077567349009983,71.64999346220128,0.001009708412354764,0,0,0,0,0,0,1,1,1,1.0817719260636238e-4,0,0,0
TUR.10.4_1,2029,3,aegypti,7.96041967358221,76.2883373848075,0.0012395012700299243,0,0,0,0,0,0,1,1,1,1.1994454188757331e-4,0,0,0
TUR.10.4_1,2029,4,aegypti,11.760371362461763,69.02152499870799,0.001639012452919489,0,0,0,0,0,0,1,1,1,1.6388781421661225e-4,0,0,0
TUR.10.4_1,2029,5,aegypti,15.221063501694623,81.46583424336185,0.0022909060268831924,1.1651992921295833e-4,1.1475312016832442e-4,1.1827150701871056e-4,0,0,0,1,1,1,2.2167600948852506e-4,0,0,0
TUR.10.4_1,2029,6,aegypti,19.182301128611844,83.77494417029104,0.002576744296621187,0.030857229912569718,0.03066951639973581,0.031045368510034612,0,0,0,1,1,1,2.576412344574841e-4,0,0,0
TUR.10.4_1,2029,7,aegypti,24.50590139276841,87.01417858712884,0.0030259591198869115,0.23334522521008985,0.23242054477625437,0.23420592189759104,0.14431244145296934,0.1410469396314518,0.1473427165310227,0.8556875585470307,0.8526572834689773,0.8589530603685482,2.9279188162589787e-4,4.365882040886078e-4,4.267112061759171e-4,4.4575365914054646e-4
TUR.10.4_1,2029,8,aegypti,23.41209316253662,90.0406061571129,0.0035931357139986427,0.1894742057912152,0.18873793404833566,0.19013474982913645,0.013679538704319188,0.012722482330445584,0.014570726391626373,0.9863204612956809,0.9854292736083736,0.9872775176695544,3.476623624620867e-4,4.915122962763829e-5,4.5712560781119294e-5,5.235322689861321e-5
TUR.10.4_1,2029,9,aegypti,18.79873233682969,84.79652817903363,0.002863902675562394,0.024543587911210082,0.024391198551014823,0.02468801205640833,0,0,0,1,1,1,2.8634926177817377e-4,0,0,0
TUR.10.4_1,2029,10,aegypti,13.594448145698097,85.53522251884353,0.0028222565636502345,0,0,0,0,0,0,1,1,1,2.730843086242718e-4,0,0,0
TUR.10.4_1,2029,11,aegypti,11.242145825834836,71.68882335298487,0.0016370487914690599,0,0,0,0,0,0,1,1,1,1.6369148023431812e-4,0,0,0
TUR.10.4_1,2029,12,aegypti,3.92484799772501,83.27400203371185,0.0013464983344555705,0,0,0,0,0,0,1,1,1,1.302978009353195e-4,0,0,0
TUR.10.4_1,2030,1,aegypti,5.002710210679866,75.30883702157166,0.0013111630232654787,0,0,0,0,0,0,1,1,1,1.268786944045308e-4,0,0,0
TUR.10.4_1,2030,2,aegypti,2.5860921245150488,75.17034105741612,9.8078962059752e-4,0,0,0,0,0,0,1,1,1,1.0507908101342611e-4,0,0,0
TUR.10.4_1,2030,3,aegypti,6.070763129850521,74.16695371781532,0.0012040010417736892,0,0,0,0,0,0,1,1,1,1.1650944209673497e-4,0,0,0
TUR.10.4_1,2030,4,aegypti,12.70617023636313,72.62726077751658,0.001592069930470884,0,0,0,0,0,0,1,1,1,1.5919432028632663e-4,0,0,0
TUR.10.4_1,2030,5,aegypti,14.318398363449994,82.8061052394556,0.0022252927928878975,0,0,0,0,0,0,1,1,1,2.1532772909682585e-4,0,0,0
TUR.10.4_1,2030,6,aegypti,21.26190813849954,82.10837922888479,0.0025029444442936483,0.08285523592142975,0.08248696112806952,0.08324176362831426,4.678039400296541e-12,4.114872331761887e-12,5.32461019719932e-12,0.999999999995322,0.9999999999946754,0.9999999999958852,2.5026312338816137e-4,1.1708967129209214e-14,1.0325074129013956e-14,1.3322676295501878e-14
TUR.10.4_1,2030,7,aegypti,21.839975413154153,82.09698803537103,0.002939293424540404,0.1025786329868739,0.10211853315642228,0.10304027595214522,1.9021025959853334e-9,1.6742992242635423e-9,2.152260764054503e-9,0.9999999980978974,0.9999999978477392,0.9999999983257007,2.84407299336098e-4,5.590837681701543e-12,4.92128282569837e-12,6.326117407695619e-12
TUR.10.4_1,2030,8,aegypti,20.73572826385498,98.13822426014025,0.003490225663733423,0.08551170600030808,0.08516405537822198,0.08583148505323464,1.1409638900339303e-11,1.0153441976079593e-11,1.2658940562459974e-11,0.9999999999885903,0.999999999987341,0.9999999999898466,3.3770673814792485e-4,3.982192353646497e-14,3.541333892798093e-14,4.418965193764279e-14
TUR.10.4_1,2030,9,aegypti,20.64735179788926,79.40615494905316,0.0027818783960038476,0.06151092285692883,0.06118934576951436,0.061800574120379065,9.78550573904613e-16,8.881784197001252e-16,1.1102230246251565e-15,0.999999999999999,0.9999999999999989,0.9999999999999991,2.7814914895119003e-4,0,0,0
TUR.10.4_1,2030,10,aegypti,13.974971827338722,82.89143132011306,0.002741425059375275,0,0,0,0,0,0,1,1,1,2.6526401057369586e-4,0,0,0
TUR.10.4_1,2030,11,aegypti,10.113036443205441,76.66955150239893,0.0015901625097290316,0,0,0,0,0,0,1,1,1,1.590036085590274e-4,0,0,0
TUR.10.4_1,2030,12,aegypti,7.309409774839878,74.53855891847748,0.0013079336315580416,0,0,0,0,0,0,1,1,1,1.2656621222995046e-4,0,0,0
TUR.10.4_1,2031,1,aegypti,3.6620166176546585,87.67217167733338,0.001278788414855856,0,0,0,0,0,0,1,1,1,1.237460603912277e-4,0,0,0
TUR.10.4_1,2031,2,aegypti,3.743423471980564,80.14621691190831,9.565724337674745e-4,0,0,0,0,0,0,1,1,1,1.0248465170714649e-4,0,0,0
TUR.10.4_1,2031,3,aegypti,6.848488349577083,72.50447050248329,0.0011742724256057905,0,0,0,0,0,0,1,1,1,1.1363281029719285e-4,0,0,0
TUR.10.4_1,2031,4,aegypti,11.482088243260103,72.34431705193064,0.0015527593034587203,0,0,0,0,0,0,1,1,1,1.5526387566255906e-4,0,0,0
TUR.10.4_1,2031,5,aegypti,13.80810058818144,78.68512593037357,0.002170346930711982,0,0,0,0,0,0,1,1,1,2.1001151843291765e-4,0,0,0
TUR.10.4_1,2031,6,aegypti,17.24967154334573,87.93464265661916,0.002441142940729861,0.0069980451836648945,0.006943329817988357,0.007051478742558147,0,0,0,1,1,1,2.4408450060309228e-4,0,0,0
TUR.10.4_1,2031,7,aegypti,21.06497007257798,86.71205456369134,0.0028667178012716206,0.08242112885349576,0.08204418814945426,0.08279590303622056,4.031699862849791e-12,3.5334901671291166e-12,4.5740744525346606e-12,0.9999999999959683,0.9999999999954259,0.9999999999964665,2.7738582478520346e-4,1.1558087820162654e-14,1.0103029524088925e-14,1.3100631690576847e-14
TUR.10.4_1,2031,8,aegypti,23.044686317443848,92.17335762195665,0.003404046685894977,0.17751294912608215,0.1767949392890914,0.17815244130870597,0.0036419705687954517,0.0033279921816004644,0.003937210588442661,0.9963580294312046,0.9960627894115573,0.9966720078183995,3.293696187421924e-4,1.23973608616188e-5,1.1328576587660288e-5,1.3402358842873328e-5
TUR.10.4_1,2031,9,aegypti,18.765391882728128,86.77843888460004,0.0027131895891081862,0.024725847463237645,0.02457697809520876,0.024879674097679317,0,0,0,1,1,1,2.712821552506295e-4,0,0,0
TUR.10.4_1,2031,10,aegypti,13.418286379645851,89.1246466521443,0.002673735106862306,0,0,0,0,0,0,1,1,1,2.587150862073395e-4,0,0,0
TUR.10.4_1,2031,11,aegypti,10.65880804202136,74.12775767915674,0.001550898979834842,0,0,0,0,0,0,1,1,1,1.5507787216695323e-4,0,0,0
TUR.10.4_1,2031,12,aegypti,6.405862011015415,74.28870387697357,0.0012756387617393298,0,0,0,0,0,0,1,1,1,1.2344129292296557e-4,0,0,0
TUR.10.4_1,2032,1,aegypti,7.047945367692805,73.66447361825135,0.0013502743071424335,0,0,0,0,0,0,1,1,1,1.306631699671268e-4,0,0,0
TUR.10.4_1,2032,2,aegypti,6.6836736302905,68.69280962431066,0.0010461191175659221,0,0,0,0,0,0,1,1,1,1.0821336357003108e-4,0,0,0
TUR.10.4_1,2032,3,aegypti,7.2365665623151205,74.01274076615516,0.0012399157416984024,0,0,0,0,0,0,1,1,1,1.1998464723717017e-4,0,0,0
TUR.10.4_1,2032,4,aegypti,11.76143375565024,76.95840701775096,0.0016395605154688733,0,0,0,0,0,0,1,1,1,1.6394261148799938e-4,0,0,0
TUR.10.4_1,2032,5,aegypti,17.313212282517377,75.30653248554935,0.00229167207341033,0.006154885653150667,0.006104061910997815,0.00620720004188181,0,0,0,1,1,1,2.2175012658698368e-4,0,0,0
TUR.10.4_1,2032,6,aegypti,18.221771801219266,81.91493593054494,0.002577605923417129,0.015486446688015385,0.015380802960893315,0.015593694333901618,0,0,0,1,1,1,2.577273749343467e-4,0,0,0
TUR.10.4_1,2032,7,aegypti,19.503847178290872,85.37276013009759,0.0030269709577571027,0.038161701541488145,0.03793673367568921,0.038369862788300825,0,0,0,1,1,1,2.928897727448865e-4,0,0,0
TUR.10.4_1,2032,8,aegypti,23.20750331878662,92.54872383289415,0.00359433720768845,0.18704809956905719,0.186366303755655,0.1877486938829012,0.01073682969025341,0.010000319209723375,0.011525248533722245,0.9892631703097466,0.9884747514662777,0.9899996807902766,3.477785956143009e-4,3.8591040816679745e-5,3.5943873427721206e-05,4.142477160305191e-5
TUR.10.4_1,2032,9,aegypti,18.696322974036722,85.8013804739555,0.0028648603240529606,0.02324232548987842,0.02310939294485904,0.023386697690840827,0,0,0,1,1,1,2.8644499920049693e-4,0,0,0
TUR.10.4_1,2032,10,aegypti,13.585679110358742,88.53341435233962,0.0028232002862708504,0,0,0,0,0,0,1,1,1,2.731756116753914e-4,0,0,0
TUR.10.4_1,2032,11,aegypti,8.119065095396603,79.53969920747706,0.0016375961973978687,0,0,0,0,0,0,1,1,1,1.637462118652122e-4,0,0,0
TUR.10.4_1,2032,12,aegypti,6.037477649748325,64.58663936281341,0.0013469485844268927,0,0,0,0,0,0,1,1,1,1.3034136783474093e-4,0,0,0
TUR.10.4_1,2033,1,aegypti,4.896757947801448,77.95580967782166,0.0013036751520448808,0,0,0,0,0,0,1,1,1,1.2615415338368408e-4,0,0,0
TUR.10.4_1,2033,2,aegypti,2.8710435729556005,80.23020891630284,9.751884663221018e-4,0,0,0,0,0,0,1,1,1,1.0447902022148181e-4,0,0,0
TUR.10.4_1,2033,3,aegypti,4.9188034721814535,85.92069212113563,0.0011971251578520893,0,0,0,0,0,0,1,1,1,1.1584411128029437e-4,0,0,0
TUR.10.4_1,2033,4,aegypti,11.600061570896822,79.74626407341502,0.0015829778386394178,0,0,0,0,0,0,1,1,1,1.582852554308234e-4,0,0,0
TUR.10.4_1,2033,5,aegypti,15.710765726426068,81.76150379902592,0.002212584452608616,5.611979926750222e-4,5.545264714989889e-4,5.681780496264001e-4,0,0,0,1,1,1,2.1409815377737562e-4,0,0,0
TUR.10.4_1,2033,6,aegypti,18.303593242869656,83.34839998083791,0.0024886504737204806,0.01686139347907146,0.016750498132815785,0.01697097233773168,0,0,0,1,1,1,2.4883408303488785e-4,0,0,0
TUR.10.4_1,2033,7,aegypti,22.064668711493997,87.26640637033196,0.002922507525112204,0.12060223882713025,0.12009405539905844,0.12109284063390335,1.694100369610263e-7,1.5059242436665786e-7,1.890828852962878e-7,0.999999830589963,0.9999998109171147,0.9999998494075757,2.82783318140023e-4,4.951021077559403e-10,4.401075476279104e-10,5.525961410679514e-10
TUR.10.4_1,2033,8,aegypti,20.461403846740723,95.39339698963244,0.0034702934662590203,0.0724623749109073,0.07215647553061433,0.07276754276530072,1.0443212961064318e-13,9.236778009125146e-14,1.1746437156290313e-13,0.9999999999998955,0.9999999999998825,0.9999999999999076,3.357784653620355e-4,3.4716673980028643e-16,3.3306690738754696e-16,4.440892098500626e-16
TUR.10.4_1,2033,9,aegypti,22.439725455115823,83.21319230256879,0.0027659914720965803,0.12744349104150673,0.12687359346811855,0.12797510052390376,7.66862005121105e-7,6.775492240596037e-7,8.574767779878645e-7,0.9999992331379949,0.999999142523222,0.9999993224507759,2.765608971923017e-4,2.1211337631887874e-9,1.8740953261486835e-9,2.371773485942974e-9
TUR.10.4_1,2033,10,aegypti,17.350997027228857,82.09513615409743,0.0027257691588951057,0.007117239204286717,0.0070615271300169076,0.007175259836678011,0,0,0,1,1,1,2.637493241811617e-4,0,0,0
TUR.10.4_1,2033,11,aegypti,12.47104768893298,80.00966228120753,0.0015810813109143947,0,0,0,0,0,0,1,1,1,1.5809563265956061e-4,0,0,0
TUR.10.4_1,2033,12,aegypti,2.807598866522312,79.37396236086029,0.0013004642029481618,0,0,0,0,0,0,1,1,1,1.2584345552679732e-4,0,0,0
TUR.10.4_1,2034,1,aegypti,1.5194215053308975,75.495078171474,0.0012539588339247668,0,0,0,0,0,0,1,1,1,1.2134349217873819e-4,0,0,0
TUR.10.4_1,2034,2,aegypti,1.5505802434019964,81.00144915067784,9.379991558234797e-4,0,0,0,0,0,0,1,1,1,1.0049485960572646e-4,0,0,0
TUR.10.4_1,2034,3,aegypti,6.485620040556087,73.57438627396766,0.0011514721782091076,0,0,0,0,0,0,1,1,1,1.1142658303664454e-4,0,0,0
TUR.10.4_1,2034,4,aegypti,9.326755201115327,79.9721628160908,0.0015226101698383036,0,0,0,0,0,0,1,1,1,1.522494258634488e-4,0,0,0
TUR.10.4_1,2034,5,aegypti,13.57526195750517,85.47460041767826,0.0021282064138456887,0,0,0,0,0,0,1,1,1,2.0593425203474514e-4,0,0,0
TUR.10.4_1,2034,6,aegypti,18.889795864329617,84.62166963415822,0.0023937445161687177,0.025990262653535257,0.025845527731196763,0.02614491565595586,0,0,0,1,1,1,2.3934580383877524e-4,0,0,0
TUR.10.4_1,2034,7,aegypti,20.12493329889634,88.04761059396478,0.002811056207198382,0.05516910969768097,0.05489940003426429,0.055435421895183766,0,0,0,1,1,1,2.720006985714729e-4,0,0,0
TUR.10.4_1,2034,8,aegypti,25.461234092712402,79.92542518787462,0.0033379520515530153,0.24484396008607764,0.24383181130753348,0.24589132431046082,0.18357470429442077,0.18023457325104672,0.18701315381549935,0.8164252957055792,0.8129868461845006,0.8197654267489533,3.2297545008863615e-4,6.125758425926416e-4,6.014334299088014e-4,6.240461426054056e-4
TUR.10.4_1,2034,9,aegypti,17.790897902320413,86.27766831575238,0.0026605089738464785,0.011557739083335789,0.011475113973657771,0.011641421527518578,0,0,0,1,1,1,2.6601550898308624e-4,0,0,0
TUR.10.4_1,2034,10,aegypti,15.441498812507179,83.64402531425368,0.002621820559113127,2.7331177431689043e-4,2.697009114229617e-4,2.771074928739187e-4,0,0,0,1,1,1,2.5369238488015533e-4,0,0,0
TUR.10.4_1,2034,11,aegypti,9.929060269804562,75.6602436410708,0.0015207859671672276,0,0,0,0,0,0,1,1,1,1.5206703335313154e-4,0,0,0
TUR.10.4_1,2034,12,aegypti,6.478821434080601,72.68019862795013,0.001250870336012693,0,0,0,0,0,0,1,1,1,1.2104464150741734e-4,0,0,0
TUR.10.4_1,2035,1,aegypti,1.0543882721651565,84.47792729256776,0.0012219343160749677,0,0,0,0,0,0,1,1,1,1.1824471654964253e-4,0,0,0
TUR.10.4_1,2035,2,aegypti,1.762939582400791,81.47514299833409,9.140438473268309e-4,0,0,0,0,0,0,1,1,1,9.79284740503239e-5,0,0,0
TUR.10.4_1,2035,3,aegypti,4.293945569654598,77.01201597367469,0.001122065039532004,0,0,0,0,0,0,1,1,1,1.0858104396127555e-4,0,0,0
TUR.10.4_1,2035,4,aegypti,10.963538324131685,75.37996158318064,0.0014837246376795997,0,0,0,0,0,0,1,1,1,1.4836145711827342e-4,0,0,0
TUR.10.4_1,2035,5,aegypti,15.85183609233183,76.85546742207279,0.002073854721872723,7.158961415448446e-4,7.067594409986046e-4,7.244916970082611e-4,0,0,0,1,1,1,2.006754802273969e-4,0,0,0
TUR.10.4_1,2035,6,aegypti,18.824587429271023,82.93310914831838,0.0023326113179233097,0.02427044413418541,0.02411576394519024,0.024415167600985645,0,0,0,1,1,1,2.3323392852969693e-4,0,0,0
TUR.10.4_1,2035,7,aegypti,20.73703390009263,86.97227032296868,0.0027392653977645095,0.07206441100750195,0.07173171239286055,0.07241455252083809,8.933009887357457e-14,7.815970093361102e-14,1.0225431612553848e-13,0.9999999999999106,0.9999999999998977,0.9999999999999218,2.6505506648122346e-4,2.2537527399890676e-16,2.220446049250313e-16,3.3306690738754696e-16
TUR.10.4_1,2035,8,aegypti,21.740256309509277,92.18384803943712,0.0032527049906729078,0.11652787806316066,0.11606597013524367,0.11697740174739264,6.57296258076423e-8,5.8813971826054966e-8,7.298836792457574e-8,0.9999999342703741,0.9999999270116321,0.9999999411860282,3.1472836495716194e-4,2.1379908221597076e-10,1.9130447226345382e-10,2.374096724766517e-10
TUR.10.4_1,2035,9,aegypti,20.031320151160745,85.10698350129925,0.0025925629497686184,0.05033057390000521,0.050088448094254556,0.050597543904735115,0,0,0,1,1,1,2.5922269096767536e-4,0,0,0
TUR.10.4_1,2035,10,aegypti,14.176299151252296,89.8003058318318,0.0025548625880675428,0,0,0,0,0,0,1,1,1,2.4721420411877304e-4,0,0,0
TUR.10.4_1,2035,11,aegypti,7.90942888400134,82.73323405855128,0.0014819470228305644,0,0,0,0,0,0,1,1,1,1.4818372199054686e-4,0,0,0
TUR.10.4_1,2035,12,aegypti,3.7636832371354103,82.41032405519623,0.0012189246944815082,0,0,0,0,0,0,1,1,1,1.1795349724386117e-4,0,0,0
TUR.10.4_1,2036,1,aegypti,4.677186118959285,77.73943241952088,0.0012559017267390507,0,0,0,0,0,0,1,1,1,1.215314912311749e-4,0,0,0
TUR.10.4_1,2036,2,aegypti,3.7512586217455786,76.76451830350987,9.73004373390025e-4,0,0,0,0,0,0,1,1,1,1.0065055922603428e-4,0,0,0
TUR.10.4_1,2036,3,aegypti,4.6292033382855795,81.77004209672157,0.0011532562774636964,0,0,0,0,0,0,1,1,1,1.115992185500847e-4,0,0,0
TUR.10.4_1,2036,4,aegypti,11.125422631993013,77.09896335320018,0.0015249693129599923,0,0,0,0,0,0,1,1,1,1.5248530422995454e-4,0,0,0
TUR.10.4_1,2036,5,aegypti,13.714172251084271,76.44069538838139,0.0021315038721329213,0,0,0,0,0,0,1,1,1,2.062532951349061e-4,0,0,0
TUR.10.4_1,2036,6,aegypti,19.853615368113797,84.69718538122854,0.002397453401096893,0.04566113809074466,0.04542752072609333,0.04590465942705215,0,0,0,1,1,1,2.3971660349220159e-4,0,0,0
TUR.10.4_1,2036,7,aegypti,21.081253107856302,90.87288982980462,0.002815411677854798,0.08856816612997812,0.08820567351467368,0.08896061243349618,3.0758097846472764e-11,2.7347632491903086e-11,3.4778652180378344e-11,0.9999999999692419,0.9999999999652213,0.9999999999726523,2.72422080995427e-4,8.659761796536713e-14,7.70467023514243e-14,9.792167077193881e-14
TUR.10.4_1,2036,8,aegypti,21.479886054992676,93.94072212390978,0.0033431238984110876,0.10876639146862672,0.1083240642859993,0.10923359193255087,9.735090897411424e-9,8.677186433270202e-9,1.094852248861855e-8,0.9999999902649092,0.9999999890514775,0.9999999913228136,3.2347578962266255e-4,3.254561431464964e-11,2.900895079704924e-11,3.660221570278566e-11
TUR.10.4_1,2036,9,aegypti,16.74263816721299,87.431629497393,0.0026646311855393814,0.0038104245291768887,0.003777063050282022,0.003842563892421615,0,0,0,1,1,1,2.664276204101812e-4,0,0,0
TUR.10.4_1,2036,10,aegypti,12.284730013679054,83.10027073661696,0.0026258828266986574,0,0,0,0,0,0,1,1,1,2.5408540774018995e-4,0,0,0
TUR.10.4_1,2036,11,aegypti,7.605270196409787,82.11738170259424,0.0015231422838562093,0,0,0,0,0,0,1,1,1,1.5230262916243742e-4,0,0,0
TUR.10.4_1,2036,12,aegypti,7.593112148344517,77.19879909181732,0.001252808443486152,0,0,0,0,0,0,1,1,1,1.212321775745373e-4,0,0,0
TUR.10.4_1,2037,1,aegypti,3.891262161134578,73.70053776620057,0.001274732239530916,0,0,0,0,0,0,1,1,1,1.2335357579273953e-4,0,0,0
TUR.10.4_1,2037,2,aegypti,2.0131938558154028,76.25052599393956,9.5353829187403e-4,0,0,0,0,0,0,1,1,1,1.0215959833925758e-4,0,0,0
TUR.10.4_1,2037,3,aegypti,5.95460559811224,72.08589903031532,0.0011705477634316836,0,0,0,0,0,0,1,1,1,1.1327240001313132e-4,0,0,0
TUR.10.4_1,2037,4,aegypti,10.323769723667818,74.73320254997752,0.0015478341227962334,0,0,0,0,0,0,1,1,1,1.547714339452666e-4,0,0,0
TUR.10.4_1,2037,5,aegypti,16.463330156662884,75.1415544582056,0.0021634628304459456,0.0021120881635880205,0.0020913214686738386,0.002134278689118601,0,0,0,1,1,1,2.093454548698359e-4,0,0,0
TUR.10.4_1,2037,6,aegypti,18.35574015449075,84.98234926062307,0.002433399905489777,0.017977965315474475,0.017866344200439685,0.018090145175231328,0,0,0,1,1,1,2.433103857748531e-4,0,0,0
TUR.10.4_1,2037,7,aegypti,20.23327070124009,89.85450298898431,0.0028576248896734226,0.059790977583282626,0.059509664516311844,0.0600811158467245,4.4086956307864967e-16,3.3306690738754696e-16,4.46864767411623e-16,0.9999999999999996,0.9999999999999996,0.9999999999999997,2.7650610929941255e-4,0,0,0
TUR.10.4_1,2037,8,aegypti,21.75776195526123,91.46190132312853,0.003393249426542399,0.1159306320674029,0.11547367391203298,0.11638311230587098,5.7032866339179477e-8,5.106210057836957e-8,6.341663699727107e-8,0.9999999429671337,0.9999999365833631,0.9999999489378995,3.2832506628721614e-4,1.9352673941153142e-10,1.732664761666669e-10,2.151884920253977e-10
TUR.10.4_1,2037,9,aegypti,17.63174873239854,84.9652217215141,0.0027045836520075864,0.009800598533829929,0.009726487164849456,0.009876074255083498,0,0,0,1,1,1,2.7042179463410143e-4,0,0,0
TUR.10.4_1,2037,10,aegypti,15.84815984613755,78.30437229911696,0.002665254315012856,7.27899677630496e-4,7.188484183281728e-4,7.371189272259178e-4,0,0,0,1,1,1,2.5789457641189895e-4,0,0,0
TUR.10.4_1,2037,11,aegypti,9.928569127531613,79.60614360444971,0.0015459796999130028,0,0,0,0,0,0,1,1,1,1.5458602034090774e-4,0,0,0
TUR.10.4_1,2037,12,aegypti,1.5004776567220688,84.65422053957123,0.0012715925767654947,0,0,0,0,0,0,1,1,1,1.230497748939685e-4,0,0,0
TUR.10.4_1,2038,1,aegypti,3.1434589499224197,74.4719077002826,0.0013146456367664038,0,0,0,0,0,0,1,1,1,1.272156786992218e-4,0,0,0
TUR.10.4_1,2038,2,aegypti,5.210520992808811,71.99725298368566,9.83394720889132e-4,0,0,0,0,0,0,1,1,1,1.0535816953349819e-4,0,0,0
TUR.10.4_1,2038,3,aegypti,4.716904897352352,75.69929472123329,0.0012071990196061983,0,0,0,0,0,0,1,1,1,1.1681888771708504e-4,0,0,0
TUR.10.4_1,2038,4,aegypti,9.18567291428061,76.18144473747752,0.0015962986679626309,0,0,0,0,0,0,1,1,1,1.5961712662704297e-4,0,0,0
TUR.10.4_1,2038,5,aegypti,14.33635700450224,79.21997700459232,0.002231203449752459,0,0,0,0,0,0,1,1,1,2.1589960481738224e-4,0,0,0
TUR.10.4_1,2038,6,aegypti,19.17222842048196,81.70742402868947,0.0025095925787811915,0.029711748770811997,0.0295328493832368,0.029897304229275577,0,0,0,1,1,1,2.509277702376078e-4,0,0,0
TUR.10.4_1,2038,7,aegypti,21.207372721503763,86.12670452707025,0.0029471005566680257,0.08647501892907823,0.0860839204925893,0.08686205829573235,1.566502594307906e-11,1.3753798100424319e-11,1.773300117857701e-11,0.999999999984335,0.999999999982267,0.9999999999862462,2.851626130883078e-4,4.616740323371005e-14,4.0523140398818214e-14,5.229150445984487e-14
TUR.10.4_1,2038,8,aegypti,22.023953437805176,92.57284797840197,0.003499496141013602,0.1296434161075885,0.12915540393303396,0.13014564658518074,1.2211239153455677e-6,1.1007092584780497e-6,1.3544233480405897e-6,0.9999987788760847,0.999998645576652,0.9999988992907415,3.3860357773696226e-4,4.273318419567573e-9,3.8519277489879045e-9,4.739799255859544e-9
TUR.10.4_1,2038,9,aegypti,20.149325903724222,88.17932542024457,0.002789267414064871,0.05595140060158734,0.05566340821617269,0.05624252163066431,1.0935696792557792e-16,1.1102230246251565e-16,1.1102230246251565e-16,0.9999999999999999,0.9999999999999999,0.9999999999999999,2.788878449594412e-4,0,0,0
TUR.10.4_1,2038,10,aegypti,14.577888544868019,79.9232535247029,0.0027487066282985482,0,0,0,0,0,0,1,1,1,2.659684913627336e-4,0,0,0
TUR.10.4_1,2038,11,aegypti,11.682869245024289,75.21504558198878,0.0015943861808719647,0,0,0,0,0,0,1,1,1,1.5942590842621396e-4,0,0,0
TUR.10.4_1,2038,12,aegypti,3.093225158751011,81.94411464357513,0.0013114076673894012,0,0,0,0,0,0,1,1,1,1.2690236663814858e-4,0,0,0
TUR.10.4_1,2039,1,aegypti,3.7015397423494827,78.9463721167865,0.0013606703797651738,0,0,0,0,0,0,1,1,1,1.3166910954875988e-4,0,0,0
TUR.10.4_1,2039,2,aegypti,3.5465226274065893,76.883689446088,0.001017822621480348,0,0,0,0,0,0,1,1,1,1.0904647773057885e-4,0,0,0
TUR.10.4_1,2039,3,aegypti,4.76910116161932,77.81986204301063,0.0012494621383295102,0,0,0,0,0,0,1,1,1,1.2090838079859001e-4,0,0,0
TUR.10.4_1,2039,4,aegypti,10.158587610020357,75.15302524284861,0.0016521838691815455,0,0,0,0,0,0,1,1,1,1.6520473911207922e-4,0,0,0
TUR.10.4_1,2039,5,aegypti,15.720538027146283,76.41990528828373,0.0023093161840748505,5.240025610751269e-4,5.177651329356567e-4,5.304512157039693e-4,0,0,0,1,1,1,2.2345724107286635e-4,0,0,0
TUR.10.4_1,2039,6,aegypti,18.846918667063992,88.02215944128713,0.0025974515045934167,0.026598268343054197,0.026447231417856383,0.02675683041898345,0,0,0,1,1,1,2.5971141960823285e-4,0,0,0
TUR.10.4_1,2039,7,aegypti,22.025030192206888,89.5580170881054,0.0030502763037429607,0.12349585631589749,0.12298627011453753,0.12398711327383725,3.24616194542382e-7,2.8940816226286084e-7,3.613329352558647e-7,0.9999996753838054,0.9999996386670646,0.9999997105918377,2.951444656947855e-4,9.901690857239132e-10,8.827748643192023e-10,1.10216527293705e-9
TUR.10.4_1,2039,8,aegypti,23.438040733337402,89.55203499012072,0.003622010836997762,0.1892089532361125,0.18846173395677376,0.18989689739599147,0.013331531697208495,0.012379067016803913,0.01424264817701422,0.9866684683027915,0.98575735182298585,0.9876209329831961,3.5045575380499017e-4,4.8285784912089456e-5,4.483610971832974e-5,5.1585695456993204e-5
TUR.10.4_1,2039,9,aegypti,19.406909521888284,88.84368546663129,0.0028869175429641993,0.038050584306385776,0.037851898234282644,0.03823021945222851,0,0,0,1,1,1,2.886500868416464e-4,0,0,0
TUR.10.4_1,2039,10,aegypti,15.703268107245949,86.34216831962478,0.0028449367549641838,5.955447767764758e-4,5.884125378157909e-4,6.028339739708046e-4,0,0,0,1,1,1,2.7527856405906714e-4,0,0,0
TUR.10.4_1,2039,11,aegypti,10.983146954985227,86.26770366304346,0.001650204427373673,0,0,0,0,0,0,1,1,1,1.6500682761300123e-4,0,0,0
TUR.10.4_1,2039,12,aegypti,5.273882068693638,73.67183681154388,0.0013573190515451137,0,0,0,0,0,0,1,1,1,1.3134483011356668e-4,0,0,0
TUR.10.4_1,2040,1,aegypti,2.4715400212992202,76.36241825936463,0.00124365952730687,0,0,0,0,0,0,1,1,1,1.2034690553397454e-4,0,0,0
TUR.10.4_1,2040,2,aegypti,-1.9898838896222193,72.8360591360294,9.635197828891797e-4,0,0,0,0,0,0,1,1,1,9.966949296491556e-5,0,0,0
TUR.10.4_1,2040,3,aegypti,6.280911464353695,76.27653471146766,0.00114201463885095,0,0,0,0,0,0,1,1,1,1.1051143885631998e-4,0,0,0
TUR.10.4_1,2040,4,aegypti,8.531752740635591,83.24274692253611,0.001510104313525932,0,0,0,0,0,0,1,1,1,1.5099902985127311e-4,0,0,0
TUR.10.4_1,2040,5,aegypti,14.016965753891888,80.31693897968998,0.0021107265334785108,0,0,0,0,0,0,1,1,1,2.0424299763710518e-4,0,0,0
TUR.10.4_1,2040,6,aegypti,19.78732737372903,83.71857057409963,0.002374083656441955,0.04344543017441626,0.043217509490866994,0.04367965648683388,0,0,0,1,1,1,2.3738018650820703e-4,0,0,0
TUR.10.4_1,2040,7,aegypti,20.122472819160013,92.80226452462884,0.0027879677859401963,0.05923522349576113,0.05894760368318788,0.05950319276809446,3.3373304120232203e-16,3.3306690738754696e-16,3.3306690738754696e-16,0.9999999999999997,0.9999999999999997,0.9999999999999997,2.6976694047675664e-4,0,0,0
TUR.10.4_1,2040,8,aegypti,22.11472797393799,95.1546198289879,0.0033105360066839986,0.13938026073009455,0.13883730292934135,0.13991306791148786,8.59185509464422e-6,7.73166924346036e-6,9.501230999450772e-6,0.9999914081449054,0.9999904987690005,0.9999922683307565,3.203231378450244e-4,2.8443645249898174e-8,2.5595969108116456e-8,3.145416686556324e-8
TUR.10.4_1,2040,9,aegypti,20.300008353065042,84.05131943879925,0.0026386570621728337,0.05645755451883417,0.05617780397009299,0.05674695459279893,1.1102230246251565e-16,1.1102230246251565e-16,1.1102230246251565e-16,0.9999999999999999,0.9999999999999999,0.9999999999999999,2.638308967235492e-4,0,0,0
TUR.10.4_1,2040,10,aegypti,14.05279737360337,83.34337376396071,0.002600286412134079,0,0,0,0,0,0,1,1,1,2.516089616837469e-4,0,0,0
TUR.10.4_1,2040,11,aegypti,8.062210847349728,78.8094364511294,0.0015082950938209105,0,0,0,0,0,0,1,1,1,1.5081813518347253e-4,0,0,0
TUR.10.4_1,2040,12,aegypti,4.766246952116489,74.12985225343841,0.0012405963965648537,0,0,0,0,0,0,1,1,1,1.200505091574211e-4,0,0,0
TUR.10.4_1,2041,1,aegypti,1.6812932664145004,81.80313023446229,0.001308522835199056,0,0,0,0,0,0,1,1,1,1.2662322471868048e-4,0,0,0
TUR.10.4_1,2041,2,aegypti,1.2469141509466093,83.27225450956456,9.788146800248948e-4,0,0,0,0,0,0,1,1,1,1.0486750245031207e-4,0,0,0
TUR.10.4_1,2041,3,aegypti,4.903555888792171,79.57701078568641,0.0012015766375416857,0,0,0,0,0,0,1,1,1,1.1627484964027435e-4,0,0,0
TUR.10.4_1,2041,4,aegypti,9.113430654301363,71.32882938103221,0.0015888641017853928,0,0,0,0,0,0,1,1,1,1.5887378840140354e-4,0,0,0
TUR.10.4_1,2041,5,aegypti,14.606029398301068,79.96841297871342,0.00222081189206029,0,0,0,0,0,0,1,1,1,2.1489418681264194e-4,0,0,0
TUR.10.4_1,2041,6,aegypti,18.69084986518411,80.92937074499807,0.0024979044577050353,0.021507845916732812,0.021373252090812346,0.021643115689655927,0,0,0,1,1,1,2.497592507345603e-4,0,0,0
TUR.10.4_1,2041,7,aegypti,23.067174967597513,74.98903210275384,0.002933374795593823,0.13295054618748095,0.13231241115360007,0.13359278954619871,2.4178701101215115e-6,2.118497341274672e-6,2.748054282533663e-6,0.9999975821298899,0.9999972519457174,0.9999978815026588,2.8383469152892804e-4,7.092519215046167e-9,6.214346645605495e-9,8.061073183962542e-9
TUR.10.4_1,2041,8,aegypti,22.987521171569824,80.43194069080431,0.0034831976649392217,0.14296774984880822,0.1422862809170951,0.14361700093911403,1.6900940438917324e-5,1.4863562677397412e-5,1.9021251762638135e-5,0.9999830990595611,0.9999809787482374,0.9999851364373226,3.370268386853059e-4,5.8869314532139506e-8,5.177272551781797e-8,6.625477748378739e-8
TUR.10.4_1,2041,9,aegypti,20.222474631141214,86.9018672293266,0.0027762767415847986,0.056843723127029136,0.0565560880738236,0.057133709355894624,1.1102230246251565e-16,1.1102230246251565e-16,1.1102230246251565e-16,0.9999999999999999,0.9999999999999999,0.9999999999999999,2.7758913916198225e-4,0,0,0
TUR.10.4_1,2041,10,aegypti,17.54054265863755,78.21127842704665,0.0027359048627267086,0.00809866064738248,0.008032180728786758,0.008164689357512836,0,0,0,1,1,1,2.6472993955950486e-4,0,0,0
TUR.10.4_1,2041,11,aegypti,11.30807619235095,79.74810374849268,0.001586960521869884,0,0,0,0,0,0,1,1,1,1.5868346063463434e-4,0,0,0
TUR.10.4_1,2041,12,aegypti,4.023632682859898,78.91911311769623,0.0013052999462691505,0,0,0,0,0,0,1,1,1,1.2631137168583884e-4,0,0,0
TUR.10.4_1,2042,1,aegypti,3.111923324464656,75.14594944832947,0.001449103287198965,0,0,0,0,0,0,1,1,1,1.4022596940654886e-4,0,0,0
TUR.10.4_1,2042,2,aegypti,5.263124714427463,67.66424898588292,0.001083973112450045,0,0,0,0,0,0,1,1,1,1.1613323234793693e-4,0,0,0
TUR.10.4_1,2042,3,aegypti,6.541682738920345,73.13429990922157,0.0013306673819095088,0,0,0,0,0,0,1,1,1,1.287659717159606e-4,0,0,0
TUR.10.4_1,2042,4,aegypti,13.201498185887056,66.93424472527049,0.0017595628680483761,0,0,0,0,0,0,1,1,1,1.7594080740535034e-4,0,0,0
TUR.10.4_1,2042,5,aegypti,13.7148598502664,81.70107899433842,0.0024594036316879096,0,0,0,0,0,0,1,1,1,2.3797848169437863e-4,0,0,0
TUR.10.4_1,2042,6,aegypti,18.57485064338235,89.75099550085744,0.0027662654891449966,0.02265707950337343,0.02251655044442011,0.022796931183542566,0,0,0,1,1,1,2.765882913184914e-4,0,0,0
TUR.10.4_1,2042,7,aegypti,21.54140859491685,84.66050274484368,0.003248520350227562,0.096027182638339,0.09561996921529982,0.09645349612516037,2.994065730899109e-10,2.652326330787602e-10,3.384205804479734e-10,0.9999999997005934,0.9999999996615794,0.9999999997347674,3.143235271249045e-4,9.726279781574477e-13,8.616218849510915e-13,1.099348390098953e-12
TUR.10.4_1,2042,8,aegypti,24.156245231628418,81.19983925037462,0.00385741314591529,0.19442658601026178,0.19358838515537213,0.19517354815398555,0.021486570272069797,0.01997828217507907,0.02287615989330103,0.9785134297279302,0.977123840106699,0.9800217178249209,3.73228379332291e-4,8.287913969548689e-5,7.706151890358171e-5,8.82389066191619e-5
TUR.10.4_1,2042,9,aegypti,23.40236240274766,79.64787705598675,0.003074544550682263,0.1576917139918435,0.1570992081792852,0.15832469697677745,2.1521844071046135e-4,1.953988357932479e-4,2.3783864777584263e-4,0.9997847815592895,0.9997621613522242,0.9998046011642068,3.0740719579069875e-4,6.616984645757551e-7,6.007622453368944e-7,7.312452511010203e-7
TUR.10.4_1,2042,10,aegypti,15.769349154304054,83.60468052665603,0.003029835340579134,6.662085189559819e-4,6.580276175643656e-4,6.741518521638553e-4,0,0,0,1,1,1,2.9316688985547845e-4,0,0,0
TUR.10.4_1,2042,11,aegypti,9.831871320219602,82.67937816255518,0.0017574547780412266,0,0,0,0,0,0,1,1,1,1.7573003547233235e-4,0,0,0
TUR.10.4_1,2042,12,aegypti,5.145918048918247,79.59496303224701,0.001445534148918017,0,0,0,0,0,0,1,1,1,1.3988061730219048e-4,0,0,0
TUR.10.4_1,2043,1,aegypti,3.7443272942293655,84.63986882088807,0.001381623848914537,0,0,0,0,0,0,1,1,1,1.3369659557938007e-4,0,0,0
TUR.10.4_1,2043,2,aegypti,2.542520413928501,79.31980089628331,0.0010334964505104127,0,0,0,0,0,0,1,1,1,1.1072563201930397e-4,0,0,0
TUR.10.4_1,2043,3,aegypti,5.600245017667904,79.16395536576454,0.0012687030704157244,0,0,0,0,0,0,1,1,1,1.2277017961648262e-4,0,0,0
TUR.10.4_1,2043,4,aegypti,9.994995748295503,77.38113650993846,0.001677626462955025,0,0,0,0,0,0,1,1,1,1.6774857492962703e-4,0,0,0
TUR.10.4_1,2043,5,aegypti,11.170132524826947,84.86224995381107,0.002344878202722959,0,0,0,0,0,0,1,1,1,2.2689795180297345e-4,0,0,0
TUR.10.4_1,2043,6,aegypti,18.12620791266946,83.65057741003713,0.002637450626186596,0.014741175471829453,0.01463475491925974,0.014848547337490104,0,0,0,1,1,1,2.6371028494720505e-4,0,0,0
TUR.10.4_1,2043,7,aegypti,20.829689081977396,77.90359051339837,0.0030972486428031687,0.06497314516147001,0.06465297739157283,0.06531704749737134,4.678701870375335e-15,3.9968028886505635e-15,5.440092820663267e-15,0.9999999999999953,0.9999999999999946,0.999999999999996,2.996888239564788e-4,0,0,0
TUR.10.4_1,2043,8,aegypti,23.32682514190674,87.55795540027697,0.003677787528737601,0.17745402770500096,0.17671507067055245,0.17813169567415005,0.0036158944856018336,0.003294847242205581,0.003927222513423115,0.9963841055143982,0.9960727774865769,0.9967051527577945,3.5585159193363136e-4,1.3298403040890695e-5,1.2117674676850875e-5,1.4443385675758091e-5
TUR.10.4_1,2043,9,aegypti,21.724380072425394,80.36065324006879,0.002931374259721491,0.09571129348602356,0.09525520189872688,0.09614457707318161,2.7306511118929676e-10,2.382346347973296e-10,3.092775230362221e-10,0.9999999997269349,0.9999999996907225,0.9999999997617653,2.9309446539482753e-4,8.004559237662079e-13,6.983136291438541e-13,9.066525308298878e-13
TUR.10.4_1,2043,10,aegypti,14.845835741828468,86.99198674003493,0.0028887469939563194,9.94558529065081e-6,9.796747945839889e-6,1.0107018908672137e-5,0,0,0,1,1,1,2.7951708852302914e-4,0,0,0
TUR.10.4_1,2043,11,aegypti,11.549907018156613,80.6567264901919,0.0016756165389866886,0,0,0,0,0,0,1,1,1,1.6754761622883585e-4,0,0,0
TUR.10.4_1,2043,12,aegypti,6.410785831511021,77.3973769726767,0.00137822091234501,0,0,0,0,0,0,1,1,1,1.3336732311142185e-4,0,0,0
TUR.10.4_1,2044,1,aegypti,5.131695615648128,78.644736374599,0.001510569807322964,0,0,0,0,0,0,1,1,1,1.4617349051637696e-4,0,0,0
TUR.10.4_1,2044,2,aegypti,4.200786839061252,81.98654131376378,0.0011703073556977141,0,0,0,0,0,0,1,1,1,1.2105894994951516e-4,0,0,0
TUR.10.4_1,2044,3,aegypti,9.535111446043148,69.22896543656532,0.0013871102139222556,0,0,0,0,0,0,1,1,1,1.3422746300295607e-4,0,0,0
TUR.10.4_1,2044,4,aegypti,11.210792695774751,75.84971103386424,0.0018341981320725113,0,0,0,0,0,0,1,1,1,1.834029928217129e-4,0,0,0
TUR.10.4_1,2044,5,aegypti,14.881404764512006,82.85188923603764,0.002563723995981877,1.3671770489161444e-5,1.3446899008938616e-5,1.3890119908147048e-5,0,0,0,1,1,1,2.480715473558437e-4,0,0,0
TUR.10.4_1,2044,6,aegypti,19.08894213508157,85.53952394324025,0.0028836019929393665,0.029922183912485748,0.02974889950396003,0.03009973056765737,0,0,0,1,1,1,0.00028831862748768255,0,0,0
TUR.10.4_1,2044,7,aegypti,22.938175257514505,87.58645184152337,0.003386312627178672,0.1593176881956045,0.15869197667783957,0.15993828512185534,2.7871260484671343e-4,2.5214435223947786e-4,3.068895303952074e-4,0.9997212873951533,0.9996931104696047,0.9997478556477605,3.276539833033665e-4,9.438075666111656e-7,8.538392393175887e-7,1.0392233519673775e-6
TUR.10.4_1,2044,8,aegypti,22.78173542022705,90.42191566639025,0.004021032789079777,0.1596145508127555,0.15898985808602412,0.16021635555046201,2.9203422447021676e-4,2.643318266335182e-4,3.2052620303306135e-4,0.9997079657755298,0.999679473796967,0.9997356681733666,3.890565032779181e-4,1.174278500931436e-6,1.0628863771844355e-6,1.2888455415693834e-6
TUR.10.4_1,2044,9,aegypti,21.97063976175645,84.45337327180707,0.0032049573074305645,0.11154823225586934,0.1110537487254161,0.11200834229533609,1.9633663904894404e-8,1.7325718759675367e-8,2.196859916203664e-8,0.9999999803663361,0.9999999780314008,0.9999999826742813,3.2044437747269505e-4,6.292505327909481e-11,5.5528140419092156e-11,7.040837912697383e-11
TUR.10.4_1,2044,10,aegypti,17.74714380152085,77.8420767668904,0.0031583516696629564,0.009766761154644915,0.00969166337334618,0.009835246173103671,0,0,0,1,1,1,3.05600230507741e-4,0,0,0
TUR.10.4_1,2044,11,aegypti,13.202319432707394,78.59630931489893,0.0018320006233482886,0,0,0,0,0,0,1,1,1,1.8318328222810543e-4,0,0,0
TUR.10.4_1,2044,12,aegypti,8.84642044454813,74.59827418947357,0.0015068492771350974,0,0,0,0,0,0,1,1,1,1.4581349177300584e-4,0,0,0
TUR.10.4_1,2045,1,aegypti,6.105279790757991,77.83988102791932,0.0014888728768015955,0,0,0,0,0,0,1,1,1,1.440740922795669e-4,0,0,0
TUR.10.4_1,2045,2,aegypti,2.1818465691142004,83.79698900663487,0.0011137219690037776,0,0,0,0,0,0,1,1,1,1.193202345963762e-4,0,0,0
TUR.10.4_1,2045,3,aegypti,8.233826656004085,72.09569517289344,0.001367186583917835,0,0,0,0,0,0,1,1,1,1.3229962672123285e-4,0,0,0
TUR.10.4_1,2045,4,aegypti,13.744108354344087,71.26980838493846,0.001807852795868203,0,0,0,0,0,0,1,1,1,1.807689389129452e-4,0,0,0
TUR.10.4_1,2045,5,aegypti,15.737584001877728,79.23338948017826,0.002526900182115663,5.733701514414023e-4,5.658170357612202e-4,5.808473224558278e-4,0,0,0,1,1,1,2.4450883014404123e-4,0,0,0
TUR.10.4_1,2045,6,aegypti,20.06606158088235,87.71473298865041,0.0028421836408785883,0.05330151762098708,0.05304208925454524,0.05357046268376805,0,0,0,1,1,1,2.8417797787483323e-4,0,0,0
TUR.10.4_1,2045,7,aegypti,21.199358042548685,84.19748242013665,0.0033376736371503084,0.08359979989584206,0.08320615344950219,0.08397038165950123,6.024874266152836e-12,5.2605308997755175e-12,6.812769792752249e-12,0.9999999999939752,0.9999999999931872,0.9999999999947395,3.229485154609968e-4,2.010991373424531e-14,1.7541523789077473e-14,2.275957200481571e-14
TUR.10.4_1,2045,8,aegypti,24.73722553253174,91.55426277332384,0.003963277054372341,0.2661729913836966,0.26525860588668243,0.267202933800487,0.24865345918102713,0.24607031535282956,0.2515475187235359,0.7513465408189729,0.7484524812764641,0.7539296846471704,3.834693975546255e-4,9.849971060884595e-4,9.747694379110745e-4,9.964557169949788e-4
TUR.10.4_1,2045,9,aegypti,21.0159888828502,82.18225510774457,0.0031589231978606746,0.07516966831869737,0.0748279126506234,0.07553042639689991,2.962642353665501e-13,2.5967561434470097e-13,3.3862357362579584e-13,0.9999999999997037,0.9999999999996614,0.9999999999997403,3.158424310605312e-4,9.36140054363932e-16,7.771561172376096e-16,1.1102230246251565e-15
TUR.10.4_1,2045,10,aegypti,14.73785882837632,87.9892935637654,0.0031129869758854687,1.3788440959072742e-6,1.356072490475382e-6,1.401415461823006e-6,0,0,0,1,1,1,3.012114308433844e-4,0,0,0
TUR.10.4_1,2045,11,aegypti,11.689615537138547,74.565318714313,0.0018056868508584665,0,0,0,0,0,0,1,1,1,1.8055238354197645e-4,0,0,0
TUR.10.4_1,2045,12,aegypti,9.176361240446568,72.0846099438681,0.0014852057861069572,0,0,0,0,0,0,1,1,1,1.4371926360090548e-4,0,0,0
TUR.10.4_1,2046,1,aegypti,7.388683187364436,74.94265660164979,0.001344204583137606,0,0,0,0,0,0,1,1,1,1.3007585389956944e-4,0,0,0
TUR.10.4_1,2046,2,aegypti,6.2365067105822485,71.350730461713,0.0010055057073052004,0,0,0,0,0,0,1,1,1,1.0772695138938637e-4,0,0,0
TUR.10.4_1,2046,3,aegypti,3.6382560917340654,80.46566740189735,0.0012343420991418194,0,0,0,0,0,0,1,1,1,1.1944532704610822e-4,0,0,0
TUR.10.4_1,2046,4,aegypti,13.74208275009604,73.55521640495799,0.0016321903983264026,0,0,0,0,0,0,1,1,1,1.632057203297954e-4,0,0,0
TUR.10.4_1,2046,5,aegypti,13.18734348521513,86.59219990498295,0.002281370598427363,0,0,0,0,0,0,1,1,1,2.2075343022276428e-4,0,0,0
TUR.10.4_1,2046,6,aegypti,18.01539477180032,82.77122865515432,0.002566019124745487,0.013292259139481361,0.013192465319253105,0.013384132517200015,0,0,0,1,1,1,2.5656899301962355e-4,0,0,0
TUR.10.4_1,2046,7,aegypti,19.473934229682474,92.02161724679681,0.0030133641830543422,0.041465874744363265,0.041260248675830176,0.04167629927441756,0,0,0,1,1,1,2.9157337290230956e-4,0,0,0
TUR.10.4_1,2046,8,aegypti,22.65584659576416,89.45129646473009,0.0035781800204298694,0.1511833689845019,0.1505755436193461,0.15175122293999518,7.310289078194654e-5,6.576696384588687e-5,8.04507595530468e-5,0.999926897109218,0.9999195492404469,0.999934233036154,3.462155394114985e-4,2.6157526892900406e-7,2.3532600830489248e-7,2.878672590467257e-7
TUR.10.4_1,2046,9,aegypti,20.92791705973008,83.06222184358441,0.0028519822655818775,0.07350575795990541,0.07312589755369524,0.07386963336143992,1.5689416432707047e-13,1.3511136653931998e-13,1.8008095015176196e-13,0.9999999999998431,0.9999999999998199,0.9999999999998649,2.851575614098989e-4,4.468647674116255e-16,3.3306690738754696e-16,5.551115123125783e-16
TUR.10.4_1,2046,10,aegypti,14.711615618537452,83.19482182304274,0.0028105094971049975,4.61564790135369e-7,4.5341745319452304e-7,4.69272074385902e-7,0,0,0,1,1,1,2.719478055325242e-4,0,0,0
TUR.10.4_1,2046,11,aegypti,12.79966097018298,73.28237498872706,0.0016302349102157144,0,0,0,0,0,0,1,1,1,1.630102034143599e-4,0,0,0
TUR.10.4_1,2046,12,aegypti,4.0585445538163185,81.65955348634857,0.0013408938101392399,0,0,0,0,0,0,1,1,1,1.2975549813731835e-4,0,0,0
TUR.10.4_1,2047,1,aegypti,3.681419836877681,81.1221533667865,0.0013689478305141955,0,0,0,0,0,0,1,1,1,1.324700473761542e-4,0,0,0
TUR.10.4_1,2047,2,aegypti,1.3415197085671346,82.37279467069737,0.001024014405137752,0,0,0,0,0,0,1,1,1,1.0970981056046547e-4,0,0,0
TUR.10.4_1,2047,3,aegypti,7.286493796964779,82.01782194291297,0.0012570630690667362,0,0,0,0,0,0,1,1,1,1.2164386553337181e-4,0,0,0
TUR.10.4_1,2047,4,aegypti,11.243993913426118,71.59980258659861,0.0016622347020716086,0,0,0,0,0,0,1,1,1,1.66209655851568e-4,0,0,0
TUR.10.4_1,2047,5,aegypti,15.25125015483183,79.41387043720951,0.002323364590846884,1.2739595152313465e-4,1.254664038293653e-4,1.293189317250834e-4,0,0,0,1,1,1,2.2481645958960517e-4,0,0,0
TUR.10.4_1,2047,6,aegypti,19.174524868235867,85.88090120154104,0.0026132527428815275,0.031709410541402513,0.03152761587994209,0.03188089683592166,0,0,0,1,1,1,2.6129113181283525e-4,0,0,0
TUR.10.4_1,2047,7,aegypti,21.12013822443345,89.21187908761712,0.003068832239295477,0.08765730649071678,0.08727659619436391,0.08803255296065199,2.2976604729940674e-11,2.028387457997383e-11,2.5873062026171565e-11,0.9999999999770234,0.9999999999741269,0.9999999999797161,2.969396697800608e-4,7.051192962848063e-14,6.228073612390972e-14,7.938372181826025e-14
TUR.10.4_1,2047,8,aegypti,21.18360424041748,93.21948494129259,0.0036440448407958352,0.09576756247362231,0.09536525225954548,0.09614945401050962,2.774412020123407e-10,2.460881554089411e-10,3.0971819275915636e-10,0.9999999997225588,0.9999999996902819,0.9999999997539119,3.5258732719567476e-4,1.011007388918017e-12,8.967049325292465e-13,1.128661053506619e-12
TUR.10.4_1,2047,9,aegypti,18.923585470984964,83.47881730256879,0.0029044797080070637,0.026114488085437162,0.025957246427295723,0.026284327540862722,0,0,0,1,1,1,2.904057948722727e-4,0,0,0
TUR.10.4_1,2047,10,aegypti,13.696662958930519,94.25044010917556,0.0028622435356683846,0,0,0,0,0,0,1,1,1,2.769529513522162e-4,0,0,0
TUR.10.4_1,2047,11,aegypti,11.163845349760617,78.3557010995669,0.0016602432186022735,0,0,0,0,0,0,1,1,1,1.6601054058518194e-4,0,0,0
TUR.10.4_1,2047,12,aegypti,10.104423679411411,73.43492122316498,0.0013655761149507363,0,0,0,0,0,0,1,1,1,1.3214379549275623e-4,0,0,0
TUR.10.4_1,2048,1,aegypti,8.682688581346369,73.33622654793885,0.0014942741018468448,0,0,0,0,0,0,1,1,1,1.445967160335071e-4,0,0,0
TUR.10.4_1,2048,2,aegypti,7.046231041484348,69.89478258573644,0.001157682329106733,0,0,0,0,0,0,1,1,1,1.1975306997069612e-4,0,0,0
TUR.10.4_1,2048,3,aegypti,7.668875713010921,76.53584257279579,0.0013721463642547896,0,0,0,0,0,0,1,1,1,1.3277954184731655e-4,0,0,0
TUR.10.4_1,2048,4,aegypti,10.371082460179048,75.38996371941111,0.001814411193130529,0,0,0,0,0,0,1,1,1,1.8142465986870082e-4,0,0,0
TUR.10.4_1,2048,5,aegypti,15.282385713913861,83.43420277363529,0.002536067087338497,1.5528424671775186e-4,1.5312129046916647e-4,1.57389608069879e-4,0,0,0,1,1,1,2.453957327022138e-4,0,0,0
TUR.10.4_1,2048,6,aegypti,21.206478679881375,76.06543336706838,0.0028524943085678866,0.07353250905257076,0.07313963532466838,0.07391607628252912,1.5854551005389793e-13,1.3578027591165664e-13,1.8330892359585959e-13,0.9999999999998415,0.9999999999998167,0.9999999999998642,2.8520875110593646e-4,4.500844141830385e-16,3.3306690738754696e-16,5.551115123125783e-16
TUR.10.4_1,2048,7,aegypti,21.29984670526841,86.69499523751946,0.0033497818075137664,0.09049465863516845,0.09011029141283161,0.09090654463515825,5.642498457358869e-11,4.994762936583186e-11,6.399681062863039e-11,0.999999999943575,0.9999999999360032,0.9999999999500524,3.241198947793178e-4,1.8901047393882208e-13,1.673022831383264e-13,2.1438961717024087e-13
TUR.10.4_1,2048,8,aegypti,21.99148464202881,97.0900446336754,0.003977654743442293,0.13779774891286434,0.13727577530543758,0.1383162004631053,6.3307702835253556e-6,5.711683218004304e-6,6.9919210843344405e-6,0.9999936692297164,0.9999930080789157,0.9999942883167819,3.848602522966704e-4,2.5181618129810344e-8,2.2719103620616464e-8,2.781144769758992e-8
TUR.10.4_1,2048,9,aegypti,19.762322958777933,86.25595505891644,0.003170382910343957,0.04456428742923083,0.0443183445545465,0.04478664349448443,0,0,0,1,1,1,3.169880397060343e-4,0,0,0
TUR.10.4_1,2048,10,aegypti,16.447197016547705,85.07614659110915,0.0031242800442740923,0.0024213780824235286,0.002398193814065709,0.0024449828556797684,0,0,0,1,1,1,3.0230397864516867e-4,0,0,0
TUR.10.4_1,2048,11,aegypti,12.33196478030261,76.3277241098208,0.0018122373906625667,0,0,0,0,0,0,1,1,1,1.8120731903636944e-4,0,0,0
TUR.10.4_1,2048,12,aegypti,6.796635307371616,80.77366634035248,0.001490593707946532,0,0,0,0,0,0,1,1,1,1.442406003190344e-4,0,0,0
TUR.10.4_1,2049,1,aegypti,6.07527195155511,77.80065831063416,0.001382055633241216,0,0,0,0,0,0,1,1,1,1.3373837557195678e-4,0,0,0
TUR.10.4_1,2049,2,aegypti,5.040968666606418,79.24481920683019,0.0010338194382536825,0,0,0,0,0,0,1,1,1,1.1076023401668245e-4,0,0,0
TUR.10.4_1,2049,3,aegypti,7.305328864713802,77.24777189408485,0.0012690995648027064,0,0,0,0,0,0,1,1,1,1.2280854532953356e-4,0,0,0
TUR.10.4_1,2049,4,aegypti,9.1621796243331,79.8144708605244,0.001678150753856123,0,0,0,0,0,0,1,1,1,1.6780099522351044e-4,0,0,0
TUR.10.4_1,2049,5,aegypti,16.00399387584013,78.44856892353764,0.0023456110227714133,0.0010107523413168474,9.986229330776182e-4,0.0010225402771111176,0,0,0,1,1,1,2.269688537784864e-4,0,0,0
TUR.10.4_1,2049,6,aegypti,18.38939150641946,90.69224153357229,0.002638274880808194,0.020081394097990805,0.019953921271067328,0.020199280725540943,0,0,0,1,1,1,2.6379268866949523e-4,0,0,0
TUR.10.4_1,2049,7,aegypti,21.32884412653306,88.33574230783196,0.0030982165932484664,0.09393912741479205,0.09349893270289465,0.09433879961549638,1.6146471915057248e-10,1.4120400404493692e-10,1.815665506832431e-10,0.9999999998385353,0.9999999998184333,0.999999999858796,2.997824685031514e-4,5.002505076845409e-13,4.3752224065940486e-13,5.625860888258671e-13
TUR.10.4_1,2049,8,aegypti,23.679631233215332,83.81320442371447,0.003678936908876785,0.18206100165101027,0.18133678478379675,0.18281083249063168,0.0062549470955148845,0.005751678117982062,0.00680379907556341,0.9937450529044851,0.9931962009244366,0.994248321882018,3.5596278268201775e-4,2.3011290492177317e-5,2.1159837043741027e-5,2.5030434273096148e-5
TUR.10.4_1,2049,9,aegypti,20.028791006873636,80.19683488069379,0.002932290371195661,0.04658736133573839,0.046354067702211434,0.04683237013544005,0,0,0,1,1,1,2.9318604968731066e-4,0,0,0
TUR.10.4_1,2049,10,aegypti,13.832856234382179,83.31124638358962,0.0028896497835807972,0,0,0,0,0,0,1,1,1,2.79604430836522e-4,0,0,0
TUR.10.4_1,2049,11,aegypti,8.311557103605832,82.58191264741846,0.0016761402017474519,0,0,0,0,0,0,1,1,1,1.6759997372961521e-4,0,0,0
TUR.10.4_1,2049,12,aegypti,6.569518245756626,77.50405116701263,0.0013786516331878208,0,0,0,0,0,0,1,1,1,1.334090002137467e-4,0,0,0
TUR.10.4_1,2050,1,aegypti,7.163182603715755,74.5871420752826,0.0014075525867418622,0,0,0,0,0,0,1,1,1,1.3620548964876633e-4,0,0,0
TUR.10.4_1,2050,2,aegypti,6.807374725871555,78.57768206083409,0.0010528919310761316,0,0,0,0,0,0,1,1,1,1.1280348696629527e-4,0,0,0
TUR.10.4_1,2050,3,aegypti,7.257225532194271,70.85734525834266,0.0012925126400893923,0,0,0,0,0,0,1,1,1,1.250740459850519e-4,0,0,0
TUR.10.4_1,2050,4,aegypti,12.116342698826509,73.91885623650096,0.001709110239645995,0,0,0,0,0,0,1,1,1,1.708964195076268e-4,0,0,0
TUR.10.4_1,2050,5,aegypti,14.728458292344037,88.04711781269779,0.002388884197699942,1.0163479246075624e-6,9.99015253364538e-7,1.0334031009821742e-6,0,0,0,1,1,1,2.311556211345156e-4,0,0,0
TUR.10.4_1,2050,6,aegypti,20.45609530280618,80.44620881872854,0.002686947286129629,0.05739111131472612,0.05711492522972017,0.05768613834322535,1.113553693699032e-16,1.1102230246251565e-16,1.1102230246251565e-16,0.9999999999999999,0.9999999999999999,0.9999999999999999,2.686586334172958e-4,0,0,0
TUR.10.4_1,2050,7,aegypti,21.002565440009622,84.999934507539,0.0031553742665815765,0.07818549665378838,0.07780761312101753,0.07853852688257662,9.045713067479256e-13,7.866846063464551e-13,1.0255213345189419e-12,0.9999999999990954,0.9999999999989745,0.9999999999992133,3.0531218273854854e-4,2.8543833963112776e-15,2.4424906541753444e-15,3.219646771412954e-15
TUR.10.4_1,2050,8,aegypti,23.17652988433838,87.563700334359,0.003746808043034718,0.1703669402958563,0.16968047289415533,0.1710234387791756,0.001429007832665387,0.00129804629494098,0.0015622353084392693,0.9985709921673346,0.9984377646915608,0.9987019537050591,3.625285973669623e-4,5.354203675433711e-6,4.863518471120987e-6,5.853378687659116e-6
TUR.10.4_1,2050,9,aegypti,18.71751361734727,83.45986588655316,0.0029863869425973705,0.022763696600438685,0.022626474756540324,0.022904441461006033,0,0,0,1,1,1,2.985941061636188e-4,0,0,0
TUR.10.4_1,2050,10,aegypti,14.52621274835923,81.34411381523024,0.0029429596970119397,0,0,0,0,0,0,1,1,1,2.847619989270189e-4,0,0,0
TUR.10.4_1,2050,11,aegypti,11.280091573210324,77.02032817476221,0.001707062595721052,0,0,0,0,0,0,1,1,1,1.7069169008765428e-4,0,0,0
TUR.10.4_1,2050,12,aegypti,6.224629081785679,73.58460231447357,0.0014040857877468105,0,0,0,0,0,0,1,1,1,1.358700386120404e-4,0,0,0
TUR.10.4_1,2051,1,aegypti,3.2485214346636306,76.55140599129822,0.0013751801868537351,0,0,0,0,0,0,1,1,1,1.330730985561468e-4,0,0,0
TUR.10.4_1,2051,2,aegypti,0.5388997893862646,84.36346392118566,0.0010286763962870005,0,0,0,0,0,0,1,1,1,1.1020925468741005e-4,0,0,0
TUR.10.4_1,2051,3,aegypti,6.0484304615460776,80.2341610542411,0.0012627860519394702,0,0,0,0,0,0,1,1,1,1.221976350612719e-4,0,0,0
TUR.10.4_1,2051,4,aegypti,12.681438600315767,74.0541940660908,0.0016698022943145996,0,0,0,0,0,0,1,1,1,1.6696628900891852e-4,0,0,0
TUR.10.4_1,2051,5,aegypti,14.431196100571576,83.91899739033451,0.0023339420838046597,0,0,0,0,0,0,1,1,1,2.2583985728807932e-4,0,0,0
TUR.10.4_1,2051,6,aegypti,17.607740009532254,77.61649690466604,0.0026251499985225986,0.008556085779047177,0.008491791805233417,0.008626272361389204,0,0,0,1,1,1,2.624805458046886e-4,0,0,0
TUR.10.4_1,2051,7,aegypti,22.43151288874009,86.99341900460931,0.003082803594255273,0.13536510630884696,0.13481300068733149,0.13591511338915463,3.926087221604591e-6,3.511444148956988e-6,4.371440570349882e-6,0.9999960739127784,0.9999956285594297,0.999996488555851,2.982913339930615e-4,1.2103355725656684e-8,1.0825092608413021e-8,1.3476292662351065e-8
TUR.10.4_1,2051,8,aegypti,23.46333408355713,88.72450508289415,0.003660634944128385,0.18775033857435944,0.18698206253650435,0.18847356665930176,0.011533557903254258,0.01065874892848099,0.01239363273917967,0.9884664420967457,0.9876063672608203,0.9893412510715189,3.5419225370147966e-4,4.2219252556783385e-5,3.901702760424064e-5,4.536753595199005e-5
TUR.10.4_1,2051,9,aegypti,23.134694632361917,77.17039139924847,0.002917702821494495,0.1406778253595965,0.14005969093411652,0.1412732147187021,1.1004833775585366e-5,9.770364590133696e-6,1.2293745212466067e-5,0.9999889951662244,0.9999877062547875,0.9999902296354098,2.9172772134011815e-4,3.2108834038924175e-8,2.8507019891876874e-8,3.586949446909848e-8
TUR.10.4_1,2051,10,aegypti,12.62291341669419,86.31940220634353,0.0028752743621522025,0,0,0,0,0,0,1,1,1,2.782136490306897e-4,0,0,0
TUR.10.4_1,2051,11,aegypti,10.453243543119992,78.35178722017237,0.0016678017442947734,0,0,0,0,0,0,1,1,1,1.6676626738931777e-4,0,0,0
TUR.10.4_1,2051,12,aegypti,4.385530151426792,81.42194362306732,0.0013717931210100104,0,0,0,0,0,0,1,1,1,1.3274536155571948e-4,0,0,0
TUR.10.4_1,2052,1,aegypti,2.4752546423662674,83.7702475440326,0.0013837412190824635,0,0,0,0,0,0,1,1,1,1.339014749535128e-4,0,0,0
TUR.10.4_1,2052,2,aegypti,4.373042116694919,72.54732469999425,0.0010720474613114628,0,0,0,0,0,0,1,1,1,1.1089531217522985e-4,0,0,0
TUR.10.4_1,2052,3,aegypti,5.665110606809749,81.65765348588172,0.0012706473869063273,0,0,0,0,0,0,1,1,1,1.2295831615871666e-4,0,0,0
TUR.10.4_1,2052,4,aegypti,13.45382419754477,74.41575870232127,0.0016801974639032032,0,0,0,0,0,0,1,1,1,1.68005631863255e-4,0,0,0
TUR.10.4_1,2052,5,aegypti,16.86885917887968,85.4696794582056,0.002348471782232872,0.004345290969729451,0.004306995327114441,0.004383527573375127,0,0,0,1,1,1,2.272456385942201e-4,0,0,0
TUR.10.4_1,2052,6,aegypti,18.605097378001492,86.90663514929494,0.0026414925796312,0.02218281967764624,0.022050847091680828,0.02231753163279361,0,0,0,1,1,1,2.641143736195062e-4,0,0,0
TUR.10.4_1,2052,7,aegypti,21.56754690058091,79.61786968820306,0.0031019952472310488,0.08934654296681391,0.08891459189210509,0.08979545752760808,3.9384933425701266e-11,3.4274866278494186e-11,4.525602115279525e-11,0.9999999999606151,0.999999999954744,0.9999999999657252,3.0014803500488796e-4,1.2217171718731378e-13,1.0634826352884374e-13,1.4034884365798915e-13
TUR.10.4_1,2052,8,aegypti,23.46229839324951,86.39398445301134,0.0036834238222942296,0.1802594257587266,0.17957523826826038,0.18099773223922586,0.005075813919631308,0.00467630259261746,0.005529933481488355,0.9949241860803687,0.9944700665185116,0.9953236974073826,3.5639684544996886e-4,1.8696198805595476e-5,1.7224656023834275e-5,2.036888127293912e-5
TUR.10.4_1,2052,9,aegypti,17.980804022620706,86.12959702668988,0.002935866657861142,0.013584304711755797,0.013492573277515064,0.013673077858716891,0,0,0,1,1,1,2.9354357343813753e-4,0,0,0
TUR.10.4_1,2052,10,aegypti,15.605108317206886,77.07565068046462,0.0028931740648356296,3.938205540089673e-4,3.8885320115111013e-4,3.9890131263735866e-4,0,0,0,1,1,1,2.7994539489295533e-4,0,0,0
TUR.10.4_1,2052,11,aegypti,12.20407228610095,82.45937694185206,0.001678184459680387,0,0,0,0,0,0,1,1,1,1.678043652403316e-4,0,0,0
TUR.10.4_1,2052,12,aegypti,5.331286109983921,80.41062160158295,0.0013803330674347649,0,0,0,0,0,0,1,1,1,1.3357169793548618e-4,0,0,0
TUR.10.4_1,2053,1,aegypti,5.491386520265437,80.85256108163026,0.0015508756614616883,0,0,0,0,0,0,1,1,1,1.5007347928042147e-4,0,0,0
TUR.10.4_1,2053,2,aegypti,8.367942581706515,67.12302736723058,0.0011601019282946592,0,0,0,0,0,0,1,1,1,1.2428891066773584e-4,0,0,0
TUR.10.4_1,2053,3,aegypti,7.837383765836849,75.90595213090126,0.0014241218513094522,0,0,0,0,0,0,1,1,1,1.3780874717728153e-4,0,0,0
TUR.10.4_1,2053,4,aegypti,12.8485547654769,72.16425571159861,0.001883139215109152,0,0,0,0,0,0,1,1,1,1.8829619155735777e-4,0,0,0
TUR.10.4_1,2053,5,aegypti,12.469039804795209,86.23467884785404,0.0026321306892264085,0,0,0,0,0,0,1,1,1,2.546898857868074e-4,0,0,0
TUR.10.4_1,2053,6,aegypti,19.422859752879422,81.9623373587676,0.002960543846773666,0.03459236906604946,0.034390405697989054,0.03479159440956066,0,0,0,1,1,1,2.9601056490247135e-4,0,0,0
TUR.10.4_1,2053,7,aegypti,21.963310297797708,88.42772991769525,0.00347666808255552,0.11870622287651744,0.11820805312139886,0.11921184006799625,1.0955784598964957e-7,9.740373592970197e-8,1.2294483300312465e-7,0.999999890442154,0.999999877055167,0.999999902596264,3.3639515638184125e-4,3.8089626697157543e-10,3.3864047399578824e-10,4.274383708091634e-10
TUR.10.4_1,2053,8,aegypti,23.028389930725098,91.60891212635119,0.004128324196797572,0.17500814059554842,0.17432183004659424,0.1756379525389544,0.0026542867517057585,0.0024263931980219367,0.0028751243544965083,0.9973457132482942,0.9971248756455036,0.997573606801978,3.9943544926279717e-4,1.0957696070672207e-5,1.0016887580951984e-5,1.1869374999903815e-5
TUR.10.4_1,2053,9,aegypti,22.169753607581644,87.26716263948285,0.0032904737404533236,0.12491650820089019,0.12439747525184018,0.12541260790936906,4.439013450512341e-7,3.955233703223371e-7,4.939246292218203e-7,0.999999556098655,0.9999995060753708,0.9999996044766296,3.2899324389545903e-4,1.4606457193755418e-9,1.301459237601499e-9,1.6252460544041726e-9
TUR.10.4_1,2053,10,aegypti,14.856960352729347,84.35901402274978,0.003242624545434142,1.0791532645227059e-5,1.0624260302658589e-5,1.096179777450308e-5,0,0,0,1,1,1,3.137531445489561e-4,0,0,0
TUR.10.4_1,2053,11,aegypti,14.433539678068723,73.95880473726221,0.0018808830712489183,0,0,0,0,0,0,1,1,1,1.8807061962822225e-4,0,0,0
TUR.10.4_1,2053,12,aegypti,9.156976379454136,68.32917781496185,0.0015470558580417317,0,0,0,0,0,0,1,1,1,1.4970387629253956e-4,0,0,0
TUR.10.4_1,2054,1,aegypti,5.3777223700274,76.64605625985291,0.0014285955314520611,0,0,0,0,0,0,1,1,1,1.3824162420905672e-4,0,0,0
TUR.10.4_1,2054,2,aegypti,3.6223826509051245,76.60090593778722,0.0010686326905334639,0,0,0,0,0,0,1,1,1,1.144898052419796e-4,0,0,0
TUR.10.4_1,2054,3,aegypti,7.681910533567562,74.88192716752235,0.0013118357348560266,0,0,0,0,0,0,1,1,1,1.2694378726407773e-4,0,0,0
TUR.10.4_1,2054,4,aegypti,10.17752615143271,81.19439944939158,0.0017346614784524645,0,0,0,0,0,0,1,1,1,1.7345110346289605e-4,0,0,0
TUR.10.4_1,2054,5,aegypti,14.455041773178998,82.96044026142826,0.0024245980733766073,0,0,0,0,0,0,1,1,1,2.3461099776456162e-4,0,0,0
TUR.10.4_1,2054,6,aegypti,19.867930019603055,88.35663972693166,0.0027271172120804056,0.04865041305681545,0.04841610662673755,0.04889968920118452,0,0,0,1,1,1,2.726745387466867e-4,0,0,0
TUR.10.4_1,2054,7,aegypti,24.6338711345897,83.61285717599603,0.003202547187051537,0.2251678648559673,0.22429454920689892,0.2259950910205778,0.11505928468953341,0.11190618916659564,0.11804481420975164,0.8849407153104666,0.8819551857902483,0.8880938108334043,3.0987589987019337e-4,3.684148941608455e-4,3.5832063914946477e-4,3.77972638031257e-4
TUR.10.4_1,2054,8,aegypti,24.811625480651855,86.09927620105822,0.0038028229125550194,0.24444125019545315,0.24346734752764695,0.2453964316417373,0.18224759398809642,0.1790250551699449,0.1853930408316791,0.8177524060119036,0.8146069591683208,0.8209749448300551,3.67947411311631e-4,6.928151990467569e-4,6.805688895873824e-4,7.04768437480105e-4
TUR.10.4_1,2054,9,aegypti,19.33993106729844,88.27835496126019,0.003031033498547227,0.03629162586438233,0.03609101723478592,0.03648264196219026,0,0,0,1,1,1,3.0305741867509006e-4,0,0,0
TUR.10.4_1,2054,10,aegypti,17.020138796638037,80.50700138847243,0.002986957014605533,0.004825816550796957,0.00478700887623067,0.004866417277644868,0,0,0,1,1,1,2.890185823325453e-4,0,0,0
TUR.10.4_1,2054,11,aegypti,10.60513143679675,80.54199565523096,0.0017325832222020534,0,0,0,0,0,0,1,1,1,1.7324331386392444e-4,0,0,0
TUR.10.4_1,2054,12,aegypti,6.657885231077671,73.7927627148642,0.0014250769037294285,0,0,0,0,0,0,1,1,1,1.3790115886380683e-4,0,0,0
TUR.10.4_1,2055,1,aegypti,8.565561162828303,73.25141819832947,0.0015088960588905804,0,0,0,0,0,0,1,1,1,1.4601153852500381e-4,0,0,0
TUR.10.4_1,2055,2,aegypti,3.710407982402317,82.91037706815831,0.001128699915159779,0,0,0,0,0,0,1,1,1,1.2092482177139541e-4,0,0,0
TUR.10.4_1,2055,3,aegypti,6.903225917478695,75.90631834183876,0.0013855732617504056,0,0,0,0,0,0,1,1,1,1.3407874564952404e-4,0,0,0
TUR.10.4_1,2055,4,aegypti,9.676855718388277,80.91506442741893,0.001832165795510934,0,0,0,0,0,0,1,1,1,1.8319979641856499e-4,0,0,0
TUR.10.4_1,2055,5,aegypti,13.908681757309857,80.4718767238306,0.002560883326852561,0,0,0,0,0,0,1,1,1,2.477967120496638e-4,0,0,0
TUR.10.4_1,2055,6,aegypti,18.198664272532742,85.71493135290822,0.0028804068911361244,0.01611024864765665,0.01600733304026157,0.01621580425477949,0,0,0,1,1,1,2.879992093770545e-4,0,0,0
TUR.10.4_1,2055,7,aegypti,24.262449320624857,80.76076824777337,0.003382560509650687,0.19747462521080755,0.19663234816152508,0.19828217299270018,0.027566658907734385,0.025778618562046475,0.029332370767055117,0.9724333410922656,0.9706676292329449,0.9742213814379536,3.2729099406336726e-4,9.32415397370775e-5,8.719393552914511e-5,9.921359701659804e-5
TUR.10.4_1,2055,8,aegypti,24.221428871154785,87.0923639696129,0.004016577386029446,0.21948159624627037,0.2186211367342422,0.2203458727935855,0.09458106464727348,0.09150816512675204,0.09767606346972196,0.9054189353527266,0.9023239365302781,0.908491834873248,3.886255028965335e-4,3.7981999581384674e-4,3.6748208859580797e-4,3.922465189003965e-4
TUR.10.4_1,2055,9,aegypti,21.72034984476426,83.4342158621391,0.0032014061360492994,0.10048560017403246,0.10003309035768802,0.10093904260382966,1.0687224072380985e-9,9.399901301776481e-10,1.2098149648753775e-9,0.9999999989312776,0.9999999987901851,0.9999999990600099,3.2008937406680094e-4,3.421415373239256e-12,3.0092983660523485e-12,3.8731295948224446e-12
TUR.10.4_1,2055,10,aegypti,16.034191187690283,83.50061558524978,0.003154852138472549,0.0011663807182933207,0.001153516525102323,0.0011787826018232479,0,0,0,1,1,1,3.052616696375132e-4,0,0,0
TUR.10.4_1,2055,11,aegypti,10.114484120817746,78.40830577485987,0.0018299707216803288,0,0,0,0,0,0,1,1,1,1.829803292251464e-4,0,0,0
TUR.10.4_1,2055,12,aegypti,5.030681766569614,82.57774348878998,0.0015051796511415044,0,0,0,0,0,0,1,1,1,1.4565193861093562e-4,0,0,0
TUR.10.4_1,2056,1,aegypti,3.8517452353228103,78.45143803475526,0.0015149673085636053,0,0,0,0,0,0,1,1,1,1.4659899285573985e-4,0,0,0
TUR.10.4_1,2056,2,aegypti,4.369970808558933,81.55353502714269,0.001173714300562932,0,0,0,0,0,0,1,1,1,1.2141134979337664e-4,0,0,0
TUR.10.4_1,2056,3,aegypti,7.286413688322201,75.21156278763954,0.0013911483052815943,0,0,0,0,0,0,1,1,1,1.346181935075741e-4,0,0,0
TUR.10.4_1,2056,4,aegypti,10.946053659214693,73.91955814079783,0.0018395377651846446,0,0,0,0,0,0,1,1,1,1.8393685805995208e-4,0,0,0
TUR.10.4_1,2056,5,aegypti,15.902657396653119,90.24466572529545,0.0025711873911843613,9.995596508338292e-4,9.881633840341257e-4,0.0010099666282769404,0,0,0,1,1,1,2.487936319737205e-4,0,0,0
TUR.10.4_1,2056,6,aegypti,21.66816576789407,83.75810609656057,0.0028919966022318286,0.0991534672788059,0.09872215010425574,0.09961426692413927,7.354811760729163e-10,6.495882443058321e-10,8.357895070476573e-10,0.9999999992645188,0.9999999991642105,0.9999999993504117,2.8915784603245065e-4,2.127010012564767e-12,1.8785972777379813e-12,2.4171414869655904e-12
TUR.10.4_1,2056,7,aegypti,25.207151469062357,85.29870922677728,0.0033961707045128187,0.2597232451776393,0.25872965088167527,0.2607257719700637,0.2300371963246377,0.22709274384473765,0.23299230209920938,0.7699628036753623,0.7670076979007906,0.7729072561552623,3.2860767774800514e-4,7.809404803491643e-4,7.709483903134446e-4,7.909686500141594e-4
TUR.10.4_1,2056,8,aegypti,27.231165885925293,73.2075983446129,0.004032738634511691,0.26758230094793584,0.26613708498270605,0.2687955404438244,0.25260236588003726,0.2485547027478809,0.2559760476612214,0.7473976341199627,0.7440239523387786,0.7514452972521192,3.901888856555624e-4,0.0010181606130601419,0.0010018539614379597,0.0010317518745596834
TUR.10.4_1,2056,9,aegypti,23.59934383280137,72.59943040071332,0.0032142874315117583,0.1460696502434763,0.1453569820102908,0.14675560569368884,2.9791311134364285e-5,2.614002686578132e-5,3.3624878763013896e-5,0.9999702086888657,0.999966375121237,0.9999738599731341,3.2137709046708984e-4,9.575783234294644e-8,8.402155628473019e-8,1.0808001930651122e-7
TUR.10.4_1,2056,10,aegypti,15.537014063666847,81.8228888396443,0.0031675461175583093,3.537015949840644e-4,3.492461627498031e-4,3.5836004798126843e-4,0,0,0,1,1,1,3.064897434735814e-4,0,0,0
TUR.10.4_1,2056,11,aegypti,10.192529965849484,79.58491099946924,0.0018373338591742496,0,0,0,0,0,0,1,1,1,1.8371650797255334e-4,0,0,0
TUR.10.4_1,2056,12,aegypti,6.031317867338657,81.94526668214935,0.0015112359473396372,0,0,0,0,0,0,1,1,1,1.4623794625412412e-4,0,0,0
TUR.10.4_1,2057,1,aegypti,3.612908946870662,80.63083561776307,0.0015627332634373335,0,0,0,0,0,0,1,1,1,1.5122081627994e-4,0,0,0
TUR.10.4_1,2057,2,aegypti,5.842620621257297,76.29082445585362,0.0011689717734142426,0,0,0,0,0,0,1,1,1,1.252391326479474e-4,0,0,0
TUR.10.4_1,2057,3,aegypti,10.242636699339046,71.56432310258094,0.0014350103257998771,0,0,0,0,0,0,1,1,1,1.3886232474757954e-4,0,0,0
TUR.10.4_1,2057,4,aegypti,12.83685985733481,73.04741916374705,0.0018975372199475592,0,0,0,0,0,0,1,1,1,1.8973571989588933e-4,0,0,0
TUR.10.4_1,2057,5,aegypti,13.663955576279584,81.86858235127201,0.002652255292917275,0,0,0,0,0,0,1,1,1,2.566369301642002e-4,0,0,0
TUR.10.4_1,2057,6,aegypti,19.492271984324734,86.70066438513479,0.002983179414175247,0.03868239204201471,0.03847617340352697,0.03887257019763946,0,0,0,1,1,1,2.982734490448724e-4,0,0,0
TUR.10.4_1,2057,7,aegypti,22.448431071113138,90.31982739083978,0.003503249804964858,0.14378462063234906,0.14326615548951654,0.14430551754875962,1.964064789973463e-5,1.7828980352607717e-5,2.158448822136838e-5,0.9999803593521003,0.9999784155117787,0.9999821710196474,3.38966712472355e-4,6.880609355108813e-8,6.245936994553336e-8,7.561585133597503e-8
TUR.10.4_1,2057,8,aegypti,23.87736988067627,91.67318977527697,0.004159888316583882,0.21952107721389627,0.21869052636007583,0.2203325519319061,0.09472214877934747,0.09175537684203772,0.09762826387291505,0.9052778512206525,0.9023717361270849,0.9082446231579623,4.0248881672433345e-4,3.9395591964047416e-4,3.816192849387001e-4,4.060402176016914e-4
TUR.10.4_1,2057,9,aegypti,22.824927862952737,81.78134568391644,0.0033156318681454135,0.13969377291295285,0.13908683598473823,0.1402566143478943,9.126704650200601e-6,8.111742485239492e-6,1.0143261707382112e-5,0.9999908732953497,0.9999898567382927,0.9999918882575148,3.3150822581562434e-4,3.02607923305942e-8,2.6895551494265924e-8,3.363132115019596e-8
TUR.10.4_1,2057,10,aegypti,14.528727587531593,85.683896530074,0.0032674168303165915,0,0,0,0,0,0,1,1,1,3.16151642274054e-4,0,0,0
TUR.10.4_1,2057,11,aegypti,12.427831937285031,75.47243846528956,0.0018952638261835713,0,0,0,0,0,0,1,1,1,1.8950842362808196e-4,0,0,0
TUR.10.4_1,2057,12,aegypti,8.404977954924107,70.65367122316498,0.0015588842547692035,0,0,0,0,0,0,1,1,1,1.508483878281952e-4,0,0,0
TUR.10.4_1,2058,1,aegypti,5.643518792985774,75.66165837166932,0.0014809517123583076,0,0,0,0,0,0,1,1,1,1.433076381268661e-4,0,0,0
TUR.10.4_1,2058,2,aegypti,4.3648777108721655,79.52286486112706,0.0011077966982852103,0,0,0,0,0,0,1,1,1,1.1868545971116529e-4,0,0,0
TUR.10.4_1,2058,3,aegypti,8.936956901212826,77.66505399857704,0.0013599128200360354,0,0,0,0,0,0,1,1,1,1.3159580696719964e-4,0,0,0
TUR.10.4_1,2058,4,aegypti,13.456964647068697,74.21674594597361,0.0017982345809699016,0,0,0,0,0,0,1,1,1,1.7980729082800462e-4,0,0,0
TUR.10.4_1,2058,5,aegypti,18.424291498520795,81.01904164082279,0.0025134564609046815,0.017819724448139826,0.017702742225456994,0.017932997729881047,0,0,0,1,1,1,2.4320814212663855e-4,0,0,0
TUR.10.4_1,2058,6,aegypti,19.81903704474954,84.47540651159963,0.0028270625352770236,0.04469100021758735,0.044452124706762866,0.04492843691375425,0,0,0,1,1,1,2.8266629588036274e-4,0,0,0
TUR.10.4_1,2058,7,aegypti,21.88861089594224,88.77509625070306,0.003319916404716409,0.11632729859649447,0.1158340783592245,0.11680904522501481,6.269104848233287e-8,5.565325081891004e-8,7.014458864584849e-8,0.9999999373089515,0.9999999298554113,0.9999999443467492,3.212306271047627e-4,2.0812903955835793e-10,1.8476412344536896e-10,2.328741727231076e-10
TUR.10.4_1,2058,8,aegypti,22.319817543029785,83.3765436571129,0.003942191460181497,0.12301042476121206,0.12243318347123593,0.12351374420779339,2.914805320973768e-7,2.5577105540464107e-7,3.2540716953521894e-7,0.999999708519468,0.9999996745928305,0.9999997442289446,3.814296365853842e-4,1.1490720656093244e-9,1.0082984724935073e-9,1.2828174161816363e-9
TUR.10.4_1,2058,9,aegypti,18.5002360904918,82.257068950518,0.003142116961073203,0.019190545465139486,0.01906052375322376,0.01931364895797544,0,0,0,1,1,1,3.1416233678227545e-4,0,0,0
TUR.10.4_1,2058,10,aegypti,15.787604388068702,83.37830113212478,0.0030964251309287833,6.925760130987098e-4,6.837794223891597e-4,7.007595140813498e-4,0,0,0,1,1,1,2.9960915313942404e-4,0,0,0
TUR.10.4_1,2058,11,aegypti,9.93303613802966,82.01010478609034,0.0017960801593124031,0,0,0,0,0,0,1,1,1,1.795918873771507e-4,0,0,0
TUR.10.4_1,2058,12,aegypti,6.081950820982456,66.98196788454193,0.0014773041314746632,0,0,0,0,0,0,1,1,1,1.4295469695257967e-4,0,0,0
TUR.10.4_1,2059,1,aegypti,4.586740838884212,84.51286991952088,0.001487032561029162,0,0,0,0,0,0,1,1,1,1.4389602284781144e-4,0,0,0
TUR.10.4_1,2059,2,aegypti,3.6661610703997534,75.49765734159581,0.0011123453571132672,0,0,0,0,0,0,1,1,1,1.1917275805339855e-4,0,0,0
TUR.10.4_1,2059,3,aegypti,6.827229995390072,81.97248045121376,0.0013654966780343664,0,0,0,0,0,0,1,1,1,1.321361090650397e-4,0,0,0
TUR.10.4_1,2059,4,aegypti,9.436270868076997,80.28024539665721,0.0018056182061551968,0,0,0,0,0,0,1,1,1,1.8054552031110394e-4,0,0,0
TUR.10.4_1,2059,5,aegypti,17.24605930552763,80.33120594746342,0.002523776816559765,0.006200084611416188,0.006148490594234667,0.006252261974888134,0,0,0,1,1,1,2.442066428209877e-4,0,0,0
TUR.10.4_1,2059,6,aegypti,19.467762554393094,89.58391176062307,0.0028386705703781043,0.03985260673592527,0.03965222345111287,0.040056913009307533,0,0,0,1,1,1,2.8382677059690664e-4,0,0,0
TUR.10.4_1,2059,7,aegypti,22.60336118585923,85.63537151925775,0.0033335481180859286,0.13958714847857975,0.13895574065454078,0.14020440709225845,8.942358486584978e-6,7.909902041910998e-6,1.0043100840081977e-5,0.9999910576415134,0.9999899568991599,0.9999920900979581,3.225494005361096e-4,2.9809781857847996e-8,2.6368038677504478e-8,3.347915939477808e-8
TUR.10.4_1,2059,8,aegypti,24.371962547302246,83.23925270252306,0.003958378260534848,0.21159352437828688,0.21073718040444062,0.21243572817207418,0.06718647510989798,0.06435496130759925,0.06999811431308064,0.932813524890102,0.9300018856869193,0.9356450386924007,3.8299550241327474e-4,2.6591410488782587e-4,2.5470883599268136e-4,2.7704063113014044e-4
TUR.10.4_1,2059,9,aegypti,20.548572119544534,89.10945542512738,0.0031550186226108265,0.06850449220230632,0.06817035886835512,0.06883564126757664,2.1125434734869942e-14,1.8318679906315083e-14,2.4202861936828413e-14,0.9999999999999789,0.9999999999999758,0.9999999999999817,3.1545209678240926e-4,1.1046719095020308e-16,1.1102230246251565e-16,1.1102230246251565e-16
TUR.10.4_1,2059,10,aegypti,15.517096575568702,86.03319309989821,0.0031091391799316533,3.591748232110048e-4,3.5484775537359325e-4,3.6367571166901397e-4,0,0,0,1,1,1,3.008391755849882e-4,0,0,0
TUR.10.4_1,2059,11,aegypti,11.997366239042844,79.04559672944971,0.0018034549383537202,0,0,0,0,0,0,1,1,1,1.8032923256439126e-4,0,0,0
TUR.10.4_1,2059,12,aegypti,8.701701320707798,73.1147613110556,0.0014833700030283143,0,0,0,0,0,0,1,1,1,1.4354163269081344e-4,0,0,0
TUR.10.4_1,2060,1,aegypti,3.4779807203997146,82.19421299813416,0.001488925015922719,0,0,0,0,0,0,1,1,1,1.4407913727398913e-4,0,0,0
TUR.10.4_1,2060,2,aegypti,4.762187252574436,70.39562181913487,0.0011535381481672516,0,0,0,0,0,0,1,1,1,1.1932441284490114e-4,0,0,0
TUR.10.4_1,2060,3,aegypti,6.1028738209210776,81.32846800004188,0.001367234461683632,0,0,0,0,0,0,1,1,1,1.323042594404411e-4,0,0,0
TUR.10.4_1,2060,4,aegypti,12.674393808140474,71.73843631462596,0.0018079161054074964,0,0,0,0,0,0,1,1,1,1.8077526872239957e-4,0,0,0
TUR.10.4_1,2060,5,aegypti,15.556525118210736,82.21096668965092,0.0025269886721114945,3.766518126401381e-4,3.721600506769318e-4,3.8168326057481434e-4,0,0,0,1,1,1,2.4451739159803143e-4,0,0,0
TUR.10.4_1,2060,6,aegypti,20.730406368480008,87.47736726599416,0.002842283171845547,0.07242397120284791,0.07210296329698648,0.07278215359794983,1.0289746832370383e-13,9.048317650695026e-14,1.1813050537767823e-13,0.9999999999998971,0.9999999999998819,0.9999999999999095,2.841879281431092e-4,3.0797586703101843e-16,2.220446049250313e-16,3.3306690738754696e-16
TUR.10.4_1,2060,7,aegypti,23.19030195124009,84.27679760568353,0.003337790519775245,0.16160824031376947,0.16094684538366988,0.16225576440746953,3.9816462904621595e-4,3.590790432246166e-4,4.391103768834309e-4,0.9996018353709538,0.9995608896231166,0.9996409209567754,3.22959823029767e-4,1.3289892385828229e-6,1.198529908086332e-6,1.465657378971197e-6
TUR.10.4_1,2060,8,aegypti,22.56247043609619,81.47182716541369,0.003963415845121775,0.12852141388771673,0.12794837196683123,0.1290882933034182,9.64598453822907e-7,8.526145685500142e-7,1.0852700962210582e-6,0.9999990354015462,0.9999989147299038,0.9999991473854314,3.834828237668786e-4,3.823104788747145e-9,3.3792661391363054e-9,4.301376721471684e-9
TUR.10.4_1,2060,9,aegypti,20.627461966346292,82.54752000032269,0.0031590338207901397,0.06407786998325758,0.06376175902954327,0.06439626921170954,3.147482274812319e-15,2.7727820040013286e-15,3.6637359812630166e-15,0.9999999999999969,0.9999999999999963,0.9999999999999972,3.1585348985940787e-4,0,0,0
TUR.10.4_1,2060,10,aegypti,18.5227175319896,88.21165226737868,0.00311309599016568,0.021338240513383403,0.02120313112807054,0.02146728655693131,0,0,0,1,1,1,3.012219774346514e-4,0,0,0
TUR.10.4_1,2060,11,aegypti,10.472091008635129,76.53508342378565,0.0018057500845481218,0,0,0,0,0,0,1,1,1,1.8055870576927369e-4,0,0,0
TUR.10.4_1,2060,12,aegypti,9.43574921041727,72.10169215822357,0.0014852577968095372,0,0,0,0,0,0,1,1,1,1.4372429617126592e-4,0,0,0
TUR.10.4_1,2061,1,aegypti,6.168943273424007,78.82822331307557,0.0015202790960482868,0,0,0,0,0,0,1,1,1,1.4711296131542095e-4,0,0,0
TUR.10.4_1,2061,2,aegypti,5.0435745816759985,82.83702043974034,0.0011372147714339815,0,0,0,0,0,0,1,1,1,1.2183701706425243e-4,0,0,0
TUR.10.4_1,2061,3,aegypti,8.630637664457455,71.53123441849891,0.0013960259578326168,0,0,0,0,0,0,1,1,1,1.350901607442001e-4,0,0,0
TUR.10.4_1,2061,4,aegypti,12.309518968357759,76.24414310173533,0.0018459875635555227,0,0,0,0,0,0,1,1,1,1.845817190534449e-4,0,0,0
TUR.10.4_1,2061,5,aegypti,15.145031816819134,81.16373310810795,0.002580202503872313,8.165965641752395e-5,8.0539273347603e-5,8.28297907984036e-5,0,0,0,1,1,1,2.496658447982414e-4,0,0,0
TUR.10.4_1,2061,6,aegypti,19.933876598582547,86.80311189490041,0.002902136538104136,0.04916066889242296,0.04891934291317157,0.04940928026767407,0,0,0,1,1,1,2.901715459014964e-4,0,0,0
TUR.10.4_1,2061,7,aegypti,22.362951334785013,94.0345795881054,0.0034080783786534425,0.14867690286850382,0.14808657574666492,0.14927321389824902,4.7329215558101324e-5,4.259785051979881e-5,5.246614355846335e-5,0.9999526707844419,0.9999475338564415,0.9999574021494801,3.29759653973416e-4,1.6130166317496198e-7,1.451768028071232e-7,1.788087135357053e-7
TUR.10.4_1,2061,8,aegypti,26.028218269348145,82.9246622484215,0.004046878246955276,0.28405721896936137,0.28279214545886405,0.2853055254089231,0.295921034048354,0.2927757613573196,0.29900413755764255,0.704078965951646,0.7009958624423575,0.7072242386426804,3.915567003961451e-4,0.0011968395912862991,0.001184126228474394,0.0012093015448848526
TUR.10.4_1,2061,9,aegypti,22.76839786417344,78.73547776399457,0.003225557385427174,0.13044412336461272,0.1298311304286683,0.13105125392921138,1.4440093127702225e-6,1.2683290722292908e-6,1.6346399232619603e-6,0.9999985559906872,0.9999983653600768,0.9999987316709278,3.225037230332184e-4,4.657734891444498e-9,4.091068231404371e-9,5.272624828411842e-9
TUR.10.4_1,2061,10,aegypti,17.23800187952378,83.3847784880818,0.0031786521867977506,0.006446280468970859,0.006391479784534117,0.006496327255939554,0,0,0,1,1,1,3.075641943810492e-4,0,0,0
TUR.10.4_1,2061,11,aegypti,9.906074811430539,71.47328532808253,0.001843775930196625,0,0,0,0,0,0,1,1,1,1.8436059651583125e-4,0,0,0
TUR.10.4_1,2061,12,aegypti,7.06306330114603,71.7411269726767,0.0015165346519031638,0,0,0,0,0,0,1,1,1,1.467506489960524e-4,0,0,0
TUR.10.4_1,2062,1,aegypti,5.356229650377132,82.588584030849,0.0016374548948523424,0,0,0,0,0,0,1,1,1,1.5845082226340068e-4,0,0,0
TUR.10.4_1,2062,2,aegypti,7.566532383494846,72.49567369901769,0.0012248658149831037,0,0,0,0,0,0,1,1,1,1.3122701201617737e-4,0,0,0
TUR.10.4_1,2062,3,aegypti,10.316954631467953,72.0478817573661,0.0015036249225131378,0,0,0,0,0,0,1,1,1,1.4550150290493225e-4,0,0,0
TUR.10.4_1,2062,4,aegypti,16.97186676193686,67.25566348747752,0.001988267404082318,0.003679582153334619,0.003643294975793059,0.0037162143819271768,0,0,0,1,1,1,1.9880697568186445e-4,0,0,0
TUR.10.4_1,2062,5,aegypti,18.198659784653607,78.01502094990482,0.0027790720997598966,0.014327142956969201,0.014233321041282887,0.014431204602283209,0,0,0,1,1,1,2.689062994852831e-4,0,0,0
TUR.10.4_1,2062,6,aegypti,20.401392544017117,81.01758943396291,0.003125819260556033,0.05647067471221075,0.05619234273174972,0.056754273153787234,1.1102230246251565e-16,1.1102230246251565e-16,1.1102230246251565e-16,0.9999999999999999,0.9999999999999999,0.9999999999999999,3.125330774151891e-4,0,0,0
TUR.10.4_1,2062,7,aegypti,22.10473066217759,88.71399242990228,0.003670756664136403,0.1251634962460127,0.12463606668476936,0.12571657040028353,4.685713708638684e-7,4.168044096503065e-7,5.276861366587671e-7,0.9999995314286292,0.9999994723138633,0.9999995831955903,3.5517142757413023e-4,1.7200114799109655e-9,1.5299875866237046e-9,1.9370074405555828e-9
TUR.10.4_1,2062,8,aegypti,24.518595695495605,94.7452188890465,0.004358792153081023,0.2691287753949262,0.2681671777682715,0.2700669542771103,0.2568937536909531,0.2542349414486376,0.25947458653575334,0.7431062463090469,0.7405254134642466,0.7457650585513623,4.217296425035322e-4,0.0011191197784264613,0.0011075434883024732,0.0011303564570265046
TUR.10.4_1,2062,9,aegypti,21.532416876624612,85.08335526643597,0.003474167830843538,0.096362763792964,0.09592471668947464,0.09680532494385266,3.3032037860536433e-10,2.9002338308714574e-10,3.748310384299458e-10,0.9999999996696797,0.999999999625169,0.9999999997099767,3.473564408619234e-4,1.147588246652731e-12,1.0076273149195458e-12,1.3021916878130924e-12
TUR.10.4_1,2062,10,aegypti,14.183118876288917,84.21690892021071,0.003423647405160245,0,0,0,0,0,0,1,1,1,3.3126583598097614e-4,0,0,0
TUR.10.4_1,2062,11,aegypti,9.652067471953,85.21089519136378,0.0019858853086640762,0,0,0,0,0,0,1,1,1,1.985688134693575e-4,0,0,0
TUR.10.4_1,2062,12,aegypti,4.941576160490513,82.86415858888763,0.0016334218469666812,0,0,0,0,0,0,1,1,1,1.5806058907319454e-4,0,0,0
TUR.10.4_1,2063,1,aegypti,4.705512630342342,84.198203171474,0.0015470794714527736,0,0,0,0,0,0,1,1,1,1.4970616111920076e-4,0,0,0
TUR.10.4_1,2063,2,aegypti,5.753474960856907,73.69426683866612,0.0011572622632854321,0,0,0,0,0,0,1,1,1,1.2398469861385486e-4,0,0,0
TUR.10.4_1,2063,3,aegypti,9.876633662840023,76.09577146683876,0.0014206359257270477,0,0,0,0,0,0,1,1,1,1.3747144597275884e-4,0,0,0
TUR.10.4_1,2063,4,aegypti,13.242613946690279,75.17100009636424,0.0018785297196792896,0,0,0,0,0,0,1,1,1,1.8783532870314534e-4,0,0,0
TUR.10.4_1,2063,5,aegypti,18.159505731919232,73.6148210597681,0.0026256878334431273,0.012970473899206653,0.0128711040619604,0.013063737175175468,0,0,0,1,1,1,2.540665422195998e-4,0,0,0
TUR.10.4_1,2063,6,aegypti,18.73276766608743,85.73585878210744,0.002953297110461173,0.023809225184488785,0.023670270579602033,0.023944938678545264,0,0,0,1,1,1,2.952861055197653e-4,0,0,0
TUR.10.4_1,2063,7,aegypti,22.540855463813333,86.39772350900384,0.0034681579917937174,0.13868091204759533,0.13809677962137823,0.13922586464428904,7.513748134988951e-6,6.701049933999226e-6,8.331150802318165e-6,0.999992486251865,0.9999916688491977,0.9999932989500661,3.3557187591304327e-4,2.605886530182566e-8,2.3240299659721406e-8,2.8893746803482224e-8
TUR.10.4_1,2063,8,aegypti,23.346388816833496,89.72998298816759,0.004118219000450191,0.18515451567555286,0.1844200125967651,0.1858289454721632,0.008803812965682311,0.008128226879177905,0.009452288788587735,0.9911961870343177,0.9905477112114123,0.9918717731208222,3.984579171745217e-4,3.6255371600338206e-5,3.3473258131772043e-5,3.8925837656855755e-5
TUR.10.4_1,2063,9,aegypti,20.857110556434183,85.49511368928754,0.003282419410987393,0.0741526861354835,0.07381953123733244,0.07449878086483931,2.0115620280591884e-13,1.766364832178624e-13,2.29158358955317e-13,0.9999999999997988,0.99999999999977085,0.9999999999998234,3.281880756066391e-4,6.611378111642807e-16,5.551115123125783e-16,7.771561172376096e-16
TUR.10.4_1,2063,10,aegypti,14.796932276557472,83.62766026298415,0.0032346873398876722,4.66522872168481e-6,4.5882983894541475e-6,4.7413701465097215e-6,0,0,0,1,1,1,3.129852685872514e-4,0,0,0
TUR.10.4_1,2063,11,aegypti,10.17170744082507,83.75715983980128,0.001876279098344809,0,0,0,0,0,0,1,1,1,1.8761030881908614e-4,0,0,0
TUR.10.4_1,2063,12,aegypti,3.799047864973545,86.08654018068451,0.0015432690180406476,0,0,0,0,0,0,1,1,1,1.4933746269996107e-4,0,0,0
TUR.10.4_1,2064,1,aegypti,2.858176338075496,83.0844794165912,0.001614723282774565,0,0,0,0,0,0,1,1,1,1.562513349827599e-4,0,0,0
TUR.10.4_1,2064,2,aegypti,4.808895359569065,76.35784868681066,0.0012509998055610584,0,0,0,0,0,0,1,1,1,1.29405399387994e-4,0,0,0
TUR.10.4_1,2064,3,aegypti,6.577809829374447,77.51824918900672,0.0014827511759711734,0,0,0,0,0,0,1,1,1,1.434817547958378e-4,0,0,0
TUR.10.4_1,2064,4,aegypti,13.201316987766939,72.86239108757518,0.0019606657135083833,0,0,0,0,0,0,1,1,1,1.9604735155676067e-4,0,0,0
TUR.10.4_1,2064,5,aegypti,15.951742060044232,84.48953114277592,0.0027404922346860477,0.0010067534792463518,9.954143174208878e-4,0.0010174681370069358,0,0,0,1,1,1,2.651737611588656e-4,0,0,0
TUR.10.4_1,2064,6,aegypti,19.787670696482937,87.01230226355275,0.003082425753303051,0.04569925127066182,0.04546653642366771,0.045945802630375294,0,0,0,1,1,1,3.0819507346846464e-4,0,0,0
TUR.10.4_1,2064,7,aegypti,24.28355031854966,79.36790020578118,0.0036197981816869737,0.19335577605696577,0.1924928558893128,0.19415978220805463,0.019585252794133604,0.018130120804953225,0.020992222632692323,0.9804147472058664,0.9790077773673077,0.9818698791950468,3.502417008910408e-4,7.08921458337668e-5,6.562522489430012e-5,7.598472233018294e-5
TUR.10.4_1,2064,8,aegypti,24.7366361618042,87.26596321277697,0.004298282167332418,0.2459970081068129,0.24509061238222904,0.24692908242752012,0.18735597340112822,0.18438911550789996,0.1903923446966683,0.8126440265988718,0.8096076553033317,0.8156108844921,4.15876289859618e-4,8.049846442035428e-4,7.922424571340069e-4,8.180252547689782e-4
TUR.10.4_1,2064,9,aegypti,25.823432501624612,70.48702653108441,0.003425938450191834,0.21451990718651426,0.21346449279566038,0.21551940920129536,0.07710810419145538,0.07348280683010798,0.08056942812538923,0.9228918958085446,0.9194305718746107,0.926517193169892,3.425351664489984e-4,2.641327113397077e-4,2.517158875859127e-4,2.7598781007981134e-4
TUR.10.4_1,2064,10,aegypti,18.198979433845068,80.7376837615193,0.003376119363349841,0.01494327660260662,0.014846419830691387,0.015047972479802024,0,0,0,1,1,1,3.2666786114288193e-4,0,0,0
TUR.10.4_1,2064,11,aegypti,11.6749585165697,77.2774540292544,0.00195831668701262,0,0,0,0,0,0,1,1,1,1.9581249493161312e-4,0,0,0
TUR.10.4_1,2064,12,aegypti,7.926283039152622,76.0538711133017,0.0016107462228005804,0,0,0,0,0,0,1,1,1,1.558665182744834e-4,0,0,0
TUR.10.4_1,2065,1,aegypti,1.8479044871021282,78.65368565438416,0.001530291299527926,0,0,0,0,0,0,1,1,1,1.4808174122238338e-4,0,0,0
TUR.10.4_1,2065,2,aegypti,5.3999941449694555,76.31868700468175,0.0011447042026320059,0,0,0,0,0,0,1,1,1,1.226393580324725e-4,0,0,0
TUR.10.4_1,2065,3,aegypti,6.825752753873958,77.53234831010047,0.001405219859129431,0,0,0,0,0,0,1,1,1,1.3597977253798632e-4,0,0,0
TUR.10.4_1,2065,4,aegypti,14.424597894444185,68.73507175163768,0.0018581448070217014,0,0,0,0,0,0,1,1,1,1.8579721826073037e-4,0,0,0
TUR.10.4_1,2065,5,aegypti,14.946920282700482,81.86830006367435,0.002597195115659579,2.4261526663032427e-5,2.389217914040588e-5,2.464140265395243e-5,0,0,0,1,1,1,2.513098791864232e-4,0,0,0
TUR.10.4_1,2065,6,aegypti,20.112688625560086,81.82850251990041,0.0029212493323408795,0.049816519787085546,0.04954644836327128,0.05007447673779431,0,0,0,1,1,1,2.9208226890031774e-4,0,0,0
TUR.10.4_1,2065,7,aegypti,23.685365732978372,84.68359692208978,0.0034305231878271874,0.18518563407535624,0.18432815039516373,0.18595685590647243,0.008834347652477413,0.008047379113311146,0.009580529556460025,0.9911656523475226,0.9904194704435401,0.9919526208866889,3.319310136585818e-4,3.0305974396070634e-5,2.760633958736325e-5,3.286568870654594e-5
TUR.10.4_1,2065,8,aegypti,25.300423622131348,89.55908455066759,0.004073530043044008,0.2864119552834796,0.28540723512009103,0.28734760134380516,0.30170923554673706,0.2992538828305213,0.3039846522506398,0.6982907644532629,0.6960153477493601,0.7007461171694787,3.9413489323902873e-4,0.001228266684643029,0.0012182769795352488,0.001237524248105823
TUR.10.4_1,2065,9,aegypti,21.05531078226426,80.02177842317425,0.003246800153917575,0.07379201439325968,0.07341391685836533,0.07417572362691728,1.7521795125929884e-13,1.509903313490213e-13,2.0250745524919013e-13,0.9999999999998248,0.9999999999997975,0.999999999999849,3.2462731253957156e-4,5.686562332130052e-16,4.440892098500626e-16,6.661338147750939e-16
TUR.10.4_1,2065,10,aegypti,16.756168421577,80.10471104423415,0.0031995860485919065,0.0034574102120256303,0.0034256973559635656,0.003488914238832414,0,0,0,1,1,1,3.0958942684133905e-4,0,0,0
TUR.10.4_1,2065,11,aegypti,11.898217488737668,84.33953441255518,0.0018559186083614266,0,0,0,0,0,0,1,1,1,1.855746397321223e-4,0,0,0
TUR.10.4_1,2065,12,aegypti,6.297162689268589,82.0071181836142,0.0015265221953471577,0,0,0,0,0,0,1,1,1,1.4771704315152956e-4,0,0,0
TUR.10.4_1,2066,1,aegypti,7.10870062053094,75.93182286141541,0.0015815820387874342,0,0,0,0,0,0,1,1,1,1.5304461381226986e-4,0,0,0
TUR.10.4_1,2066,2,aegypti,10.522134075694552,70.90230516874425,0.0011830712277889636,0,0,0,0,0,0,1,1,1,1.267495981396305e-4,0,0,0
TUR.10.4_1,2066,3,aegypti,9.925933856626644,75.96129575883094,0.0014523185817184735,0,0,0,0,0,0,1,1,1,1.405370832598951e-4,0,0,0
TUR.10.4_1,2066,4,aegypti,12.3685742967269,73.4351983995869,0.0019204242049590482,0,0,0,0,0,0,1,1,1,1.9202398153062017e-4,0,0,0
TUR.10.4_1,2066,5,aegypti,14.976573831894818,80.17049275166264,0.00268424524626181,2.9462425398076597e-5,2.900960864536381e-5,2.995173726743852e-5,0,0,0,1,1,1,2.597319328129233e-4,0,0,0
TUR.10.4_1,2066,6,aegypti,18.431847179637234,87.6343344290801,0.0030191607808757637,0.019797449886567453,0.01967580758375391,0.019921365590461683,0,0,0,1,1,1,3.0187050601493404e-4,0,0,0
TUR.10.4_1,2066,7,aegypti,24.0203514660106,93.12775738351556,0.0035455039567858955,0.23318495809051215,0.232334119342874,0.23401398925389322,0.14374734479655504,0.1407408855602944,0.1466684408585548,0.856252655203445,0.8533315591414451,0.8592591144397056,3.4305442950866016e-4,5.095269122718479e-4,4.988728881549359e-4,5.198783537934431e-4
TUR.10.4_1,2066,8,aegypti,22.535468101501465,86.10748542957384,0.004210062458387413,0.13779959029122213,0.13725651849270037,0.13838879604494048,6.3350786143100414e-6,5.690239386152429e-6,7.090775940948867e-6,0.9999936649213856,0.999992909224059,0.9999943097606139,4.0734241274142935e-4,2.6671076288287133e-8,2.3956262915070247e-8,2.985260909860177e-8
TUR.10.4_1,2066,9,aegypti,21.949546393226175,84.89426835237347,0.003355623082057917,0.11154352268278561,0.1110617115210319,0.11204402591522374,1.9611970028088345e-8,1.736022884890609e-8,2.2163479337922175e-8,0.99999998038803,0.9999999778365207,0.9999999826397711,3.355060134714316e-4,6.581038025643693e-11,5.82543818739012e-11,7.437233606744086e-11
TUR.10.4_1,2066,10,aegypti,15.558487948249367,87.04374455253493,0.003306826502620047,4.1170648590223025e-4,4.066573425734751e-4,4.1670775216182826e-4,0,0,0,1,1,1,3.199642685073334e-4,0,0,0
TUR.10.4_1,2066,11,aegypti,11.925113965483273,81.22983134859034,0.0019181233908480684,0,0,0,0,0,0,1,1,1,1.9179394427426555e-4,0,0,0
TUR.10.4_1,2066,12,aegypti,2.5210618153214455,89.39214320802826,0.0015776866056261398,0,0,0,0,0,0,1,1,1,1.5266769403288194e-4,0,0,0
TUR.10.4_1,2067,1,aegypti,4.8103395575274,81.17084416268494,0.0015954869798418744,0,0,0,0,0,0,1,1,1,1.5439004642114895e-4,0,0,0
TUR.10.4_1,2067,2,aegypti,5.956097851329319,73.34249071561925,0.001193472544497278,0,0,0,0,0,0,1,1,1,1.278638830558565e-4,0,0,0
TUR.10.4_1,2067,3,aegypti,6.941984672208919,77.58033720170204,0.0014650870652848059,0,0,0,0,0,0,1,1,1,1.4177256854053244e-4,0,0,0
TUR.10.4_1,2067,4,aegypti,14.599293863072115,71.8087335558369,0.001937308176017514,0,0,0,0,0,0,1,1,1,1.9371205299867356e-4,0,0,0
TUR.10.4_1,2067,5,aegypti,17.14059627757353,81.29026661640873,0.002707844573397283,0.005607929980015395,0.0055622480666937145,0.005653494660123181,0,0,0,1,1,1,2.620151428802675e-4,0,0,0
TUR.10.4_1,2067,6,aegypti,21.27959498237161,84.61550508337697,0.0030457046158855125,0.08685512053820948,0.08646991718833867,0.08723680521895219,1.7727098455821988e-11,1.560623574814457e-11,2.0024484848057966e-11,0.9999999999822728,0.9999999999799756,0.9999999999843937,3.045240847139308e-4,5.399125591054599e-14,4.751476989639514e-14,6.095679516704421e-14
TUR.10.4_1,2067,7,aegypti,24.145071085761575,89.15971691720696,0.00357667529176463,0.2238237905211056,0.2229510973314716,0.22466514701015536,0.11020639244368206,0.10705589330755724,0.11324442740225321,0.889793607556318,0.8867555725977467,0.8929441066924427,3.460699709133541e-4,3.9409478873075676e-4,3.8283086998554814e-4,4.049565283817724e-4
TUR.10.4_1,2067,8,aegypti,24.88154697418213,90.77471412830431,0.0042470764537943595,0.2702776787865161,0.2693205606321915,0.27127151651062786,0.26004875911190745,0.257424681330049,0.2627593696239002,0.7399512408880925,0.7372406303760999,0.7425753186699511,4.109229467839093e-4,0.0011038372673856066,0.0010927048654860994,0.0011153366809163983
TUR.10.4_1,2067,9,aegypti,20.24936061746934,90.87809403596722,0.003385125023792604,0.06121320504774019,0.060917059909442565,0.06149498898852268,8.527623052145827e-16,7.771561172376096e-16,9.992007221626409e-16,0.9999999999999991,0.999999999999999,0.9999999999999992,3.3845521348663254e-4,0,0,0
TUR.10.4_1,2067,10,aegypti,15.090745028327492,85.06554936210524,0.0033358994349552205,6.625856340504345e-5,6.531450150915207e-5,6.725249813215251e-5,0,0,0,1,1,1,3.227768739089143e-4,0,0,0
TUR.10.4_1,2067,11,aegypti,11.45696478030261,77.04691661470362,0.0019349871336263652,0,0,0,0,0,0,1,1,1,1.9347999369401236e-4,0,0,0
TUR.10.4_1,2067,12,aegypti,9.46370331197977,74.1428603711142,0.001591557298840657,0,0,0,0,0,0,1,1,1,1.540098133522294e-4,0,0,0
TUR.10.4_1,2068,1,aegypti,8.569174157976008,76.02067479012635,0.001603153156129524,0,0,0,0,0,0,1,1,1,1.551318196336693e-4,0,0,0
TUR.10.4_1,2068,2,aegypti,6.320393333964817,75.5205302664005,0.001242035900514497,0,0,0,0,0,0,1,1,1,1.284782184337585e-4,0,0,0
TUR.10.4_1,2068,3,aegypti,9.655198115965023,75.29256406937782,0.0014721266813149795,0,0,0,0,0,0,1,1,1,1.4245372488974617e-4,0,0,0
TUR.10.4_1,2068,4,aegypti,13.051989709629732,76.53265628532908,0.001946616773447953,0,0,0,0,0,0,1,1,1,1.9464273198976922e-4,0,0,0
TUR.10.4_1,2068,5,aegypti,15.593988306382123,79.2100587917017,0.002720855531256228,3.967088601867556e-4,3.9162133118886955e-4,4.015046878247044e-4,0,0,0,1,1,1,2.6327393713199143e-4,0,0,0
TUR.10.4_1,2068,6,aegypti,21.890133465037625,80.31211458044729,0.0030603389618880103,0.10135725475934247,0.10090840264668158,0.1018305776235279,1.3608511247875654e-9,1.1995812509990602e-9,1.5471926156918058e-9,0.9999999986391489,0.9999999984528073,0.9999999988004188,3.0598707259266167e-4,4.1646638360148816e-12,3.6710884332435965e-12,4.734898584324299e-12
TUR.10.4_1,2068,7,aegypti,23.205108698676614,88.52283794992181,0.0035938609057224857,0.17453850174074612,0.17387504158437195,0.17519965464983053,0.0024979090166411975,0.002288767042341802,0.0027182066460885754,0.9975020909833588,0.9972817933539114,0.9977112329576583,3.4773251790498616e-4,8.977097186753547e-6,8.225476566312007e-6,9.768808883919844e-6
TUR.10.4_1,2068,8,aegypti,24.248549461364746,91.17632545642931,0.004267483287076786,0.2376348951031943,0.2367669189705348,0.2385251042767444,0.1592739306228333,0.15627632154674362,0.1623366333468346,0.8407260693771667,0.8376633666531654,0.8437236784532564,4.1289698815527576e-4,6.794678729609836e-4,6.666842575941134e-4,6.925289607375568e-4
TUR.10.4_1,2068,9,aegypti,20.63305621988633,86.58617814241254,0.0034013902553588935,0.06843343040008733,0.06810386953793555,0.06874032639794297,2.0513368781394092e-14,1.7871815138903457e-14,2.3206436772227332e-14,0.9999999999999795,0.9999999999999768,0.9999999999999821,3.4008118481565486e-4,1.1091128016005314e-16,1.1102230246251565e-16,1.1102230246251565e-16
TUR.10.4_1,2068,10,aegypti,19.38749223596909,80.50980900565993,0.003351928141844933,0.033148842361167205,0.032949371228146944,0.033335848196424094,0,0,0,1,1,1,3.243275372089016e-4,0,0,0
TUR.10.4_1,2068,11,aegypti,10.52434759280261,85.00657237642237,0.0019442845786498176,0,0,0,0,0,0,1,1,1,1.944095578773064e-4,0,0,0
TUR.10.4_1,2068,12,aegypti,5.088627018034458,83.63105006837982,0.0015992045933525918,0,0,0,0,0,0,1,1,1,1.5474975986107253e-4,0,0,0
TUR.10.4_1,2069,1,aegypti,2.071140246986247,79.20053776620057,0.0015344300464309151,0,0,0,0,0,0,1,1,1,1.4848220572571957e-4,0,0,0
TUR.10.4_1,2069,2,aegypti,4.1095347505144995,78.07315782987706,0.0011478001105646612,0,0,0,0,0,0,1,1,1,1.2297102171876517e-4,0,0,0
TUR.10.4_1,2069,3,aegypti,8.135191459318294,77.2133862129325,0.00140902034426699,0,0,0,0,0,0,1,1,1,1.3634751134272705e-4,0,0,0
TUR.10.4_1,2069,4,aegypti,12.530862008824068,75.42444858269236,0.0018631702496075275,0,0,0,0,0,0,1,1,1,1.862996690217278e-4,0,0,0
TUR.10.4_1,2069,5,aegypti,16.989387400010052,79.54204426533451,0.0026042193555835145,0.004583245230526155,0.004542700449550444,0.004624056490354211,0,0,0,1,1,1,2.519894732776473e-4,0,0,0
TUR.10.4_1,2069,6,aegypti,18.390772426829617,88.07969270544729,0.002929149992581721,0.01933803410330191,0.019214097024211813,0.019453491612167573,0,0,0,1,1,1,2.9287210384809637e-4,0,0,0
TUR.10.4_1,2069,7,aegypti,24.281959589789896,89.98857433908196,0.003439801203864809,0.23442158344575667,0.23355395852503147,0.23527068215221505,0.14809785967277225,0.1450497662831786,0.15107157155485212,0.8519021403272278,0.8489284284451478,0.8549502337168214,3.3282858774363877e-4,5.09297445551524e-4,4.988179096403866e-4,5.1952117581964e-4
TUR.10.4_1,2069,8,aegypti,24.653414726257324,93.13521827869494,0.004084547102250372,0.26919189837361296,0.26824003240384725,0.2702126698346915,0.2570676519203861,0.2544372222814746,0.25987348052874293,0.7429323480796138,0.7401265194712571,0.7455627777185254,3.952006394772889e-4,0.0010494538544869585,0.0010387209744784076,0.0010609023166455649
TUR.10.4_1,2069,9,aegypti,22.65025287515977,85.94555314241254,0.0032555812821157145,0.142331554081907,0.14171281073408107,0.14291298846716813,1.501205128979144e-5,1.3352161834881417e-5,1.6700710270181607e-5,0.9999849879487102,0.9999832992897298,0.9999866478381652,3.2550513991458363e-4,4.887295198818809e-8,4.346904716734379e-8,5.437051829315642e-8
TUR.10.4_1,2069,10,aegypti,12.6623716915355,89.68144749442946,0.0032082394839564954,0,0,0,0,0,0,1,1,1,3.104265964604114e-4,0,0,0
TUR.10.4_1,2069,11,aegypti,8.569315721006955,79.307994495563,0.0018609380300852025,0,0,0,0,0,0,1,1,1,1.8607648863078197e-4,0,0,0
TUR.10.4_1,2069,12,aegypti,7.551741279661655,70.79404445314545,0.0015306507485254228,0,0,0,0,0,0,1,1,1,1.4811652145751975e-4,0,0,0
TUR.10.4_1,2070,1,aegypti,5.45976697146783,83.3528662574115,0.0016601308934630324,0,0,0,0,0,0,1,1,1,1.6064492362177774e-4,0,0,0
TUR.10.4_1,2070,2,aegypti,3.725788841777317,80.48292498075597,0.0012418281481784514,0,0,0,0,0,0,1,1,1,1.3304416471626723e-4,0,0,0
TUR.10.4_1,2070,3,aegypti,8.78729202236761,74.69683805619422,0.0015244476009032995,0,0,0,0,0,0,1,1,1,1.475163055838502e-4,0,0,0
TUR.10.4_1,2070,4,aegypti,14.149382745518404,74.42068729118846,0.0020158015664182623,0,0,0,0,0,0,1,1,1,2.0155984072711686e-4,0,0,0
TUR.10.4_1,2070,5,aegypti,17.022520906784955,75.42404042011967,0.0028175575782126297,0.0044640253119533025,0.0044220821482746225,0.004506192966162544,0,0,0,1,1,1,2.7262969217722866e-4,0,0,0
TUR.10.4_1,2070,6,aegypti,20.143108928904812,86.43806825476369,0.0031691066044898806,0.054305744272994144,0.05402032389704946,0.05460121295431632,0,0,0,1,1,1,3.168604495699112e-4,0,0,0
TUR.10.4_1,2070,7,aegypti,25.286203440497903,82.48326428048821,0.0037215904753624784,0.24962703985773965,0.24863713000163884,0.2506164799605088,0.19905942589081896,0.19590064017517236,0.20220036721250764,0.8009405741091811,0.7977996327874923,0.8040993598248276,3.6008906933393536e-4,7.405433071825519e-4,7.287962554946015e-4,7.522238983764223e-4
TUR.10.4_1,2070,8,aegypti,24.91747760772705,84.58586372547228,0.004419154099610526,0.24261263374046846,0.24168440942715103,0.2435604893077138,0.17617446772338102,0.1730656359421556,0.1793344401951334,0.823825532276619,0.8206655598048666,0.8269343640578444,4.2756864062099e-4,7.782391113601392e-4,7.645113267591124e-4,7.921925762337633e-4
TUR.10.4_1,2070,9,aegypti,21.46254306681016,86.71239884553754,0.0035222792170888457,0.09636097726306429,0.09595255222999348,0.09677527511680534,3.299892774588642e-10,2.923958186684672e-10,3.7157959209555e-10,0.9999999996700107,0.9999999996284203,0.9999999997076041,3.5216589673703336e-4,1.162314022806754e-12,1.0299289199267038e-12,1.3088585770759666e-12
TUR.10.4_1,2070,10,aegypti,15.661577280829933,85.28925846855056,0.003471059168407566,5.268031922208353e-4,5.208005935798637e-4,5.324178255425916e-4,0,0,0,1,1,1,3.358525406859103e-4,0,0,0
TUR.10.4_1,2070,11,aegypti,13.371408750029172,79.72393382661768,0.002013386482981502,0,0,0,0,0,0,1,1,1,2.0131838103276678e-4,0,0,0
TUR.10.4_1,2070,12,aegypti,7.877468265593052,75.04777522707123,0.0016560419946415438,0,0,0,0,0,0,1,1,1,1.602492872248007e-4,0,0,0
TUR.10.4_1,2071,1,aegypti,4.673655616639949,79.70401677010682,0.0016081591807923842,0,0,0,0,0,0,1,1,1,1.556161983616855e-4,0,0,0
TUR.10.4_1,2071,2,aegypti,6.923350105815403,74.22164110624425,0.0012029517343019385,0,0,0,0,0,0,1,1,1,1.2887938015715417e-4,0,0,0
TUR.10.4_1,2071,3,aegypti,7.495834846159115,81.68299833451454,0.0014767235611859641,0,0,0,0,0,0,1,1,1,1.4289852076132536e-4,0,0,0
TUR.10.4_1,2071,4,aegypti,13.949836885227876,76.58653506950877,0.0019526953015909184,0,0,0,0,0,0,1,1,1,1.9525046630530785e-4,0,0,0
TUR.10.4_1,2071,5,aegypti,15.986773378708783,79.34133778340092,0.0027293517063356146,9.913404626604617e-4,0.00097981037312590215,0.0010034888285763816,0,0,0,1,1,1,2.640959308191082e-4,0,0,0
TUR.10.4_1,2071,6,aegypti,21.491571987376492,79.86493287878713,0.0030698952118703325,0.0872216215891572,0.08679070690084686,0.08764649459489961,1.9972491105413325e-11,1.732627374906315e-11,2.2855362047380366e-11,0.9999999999800275,0.9999999999771446,0.9999999999826737,3.069424047255076e-4,6.131495311478829e-14,5.3179682879545e-14,7.016609515630989e-14
TUR.10.4_1,2071,7,aegypti,23.180334147285013,88.83288128488275,0.0036050831375224533,0.17427505787482422,0.17360894720766795,0.1749500109350828,0.0024139272509148776,0.0022101237655444803,0.0026322329278526124,0.9975860727490852,0.9973677670721475,0.9977898762344555,3.4881816210241556e-4,8.702370480663025e-6,7.96764817711515e-6,9.489373517795885e-6
TUR.10.4_1,2071,8,aegypti,26.579970359802246,84.94170631580431,0.004280808979947594,0.3194347281920889,0.31809765255594125,0.3207772613956184,0.3738915500839903,0.3712625913970119,0.37651467360092,0.6261084499160098,0.62348532639908,0.6287374086029881,4.1418603804010967e-4,0.0015992780790579123,0.0015880419599966693,0.0016104891641129354
TUR.10.4_1,2071,9,aegypti,20.653287466834573,87.59990342317425,0.0034120114760708606,0.07013468052850173,0.06980424593949798,0.07046707476420203,4.1274317297279597e-14,3.597122599785507e-14,4.70762318016682e-14,0.9999999999999587,0.9999999999999529,0.999999999999964,3.4114294511533583e-4,1.1191048088221578e-16,1.1102230246251565e-16,1.1102230246251565e-16
TUR.10.4_1,2071,10,aegypti,19.450741823981787,84.76526402274978,0.003362394911586834,0.03669152948437865,0.036502760591203436,0.03689568378440148,0,0,0,1,1,1,3.253401213813012e-4,0,0,0
TUR.10.4_1,2071,11,aegypti,12.813576032133664,81.26222575777003,0.0019503558242542224,0,0,0,0,0,0,1,1,1,1.9501656422260538e-4,0,0,0
TUR.10.4_1,2071,12,aegypti,5.99882522970438,79.87046046877045,0.0016041982881874696,0,0,0,0,0,0,1,1,1,1.5523294575026103e-4,0,0,0
TUR.10.4_1,2072,1,aegypti,2.7315112227190506,86.08270939705994,0.0015787014075559034,0,0,0,0,0,0,1,1,1,1.5276588567347815e-4,0,0,0
TUR.10.4_1,2072,2,aegypti,3.182041178279392,76.71658281767003,0.0012230920151828466,0,0,0,0,0,0,1,1,1,1.2651875601843443e-4,0,0,0
TUR.10.4_1,2072,3,aegypti,6.149906177183285,77.62209287797157,0.0014496733858563365,0,0,0,0,0,0,1,1,1,1.402811325064146e-4,0,0,0
TUR.10.4_1,2072,4,aegypti,12.85249820877524,78.06342563347361,0.00191692641995206,0,0,0,0,0,0,1,1,1,1.9167427013466742e-4,0,0,0
TUR.10.4_1,2072,5,aegypti,16.465049631455365,81.69165669209232,0.0026793562676948827,0.0023561723516953184,0.0023319671980559227,0.0023817226046201007,0,0,0,1,1,1,2.592589286291025e-4,0,0,0
TUR.10.4_1,2072,6,aegypti,21.582985485301297,87.24110017615041,0.0030136618003454387,0.10164588427701159,0.10118282284249465,0.10212137482921972,1.473608998714404e-9,1.2942838439888861e-9,1.675602304129775e-9,0.999999998526391,0.9999999983243977,0.9999999987057162,3.013207738087331e-4,4.4409589339267085e-12,3.900521572397508e-12,5.049657914035776e-12
TUR.10.4_1,2072,7,aegypti,22.962099131415872,85.97257549874993,0.003539046315526095,0.15609800094030335,0.15546576809637733,0.15673538675607843,1.6632445836145125e-4,1.4977165909157986e-4,1.8423301325985741e-4,0.9998336755416386,0.9998157669867401,0.9998502283409084,3.4242971067444117e-4,5.886297877983892e-7,5.300486977749542e-7,6.520089541633966e-7
TUR.10.4_1,2072,8,aegypti,24.5914945602417,85.95181526355822,0.0042023944164478215,0.23301693117301878,0.23212215876009834,0.2339446233928471,0.1431539749937607,0.1399898006299303,0.1464245975586975,0.8568460250062393,0.8535754024413026,0.8600101993700697,4.066006461674876e-4,6.01408522414438e-4,5.881193465069046e-4,6.151446321254528e-4
TUR.10.4_1,2072,9,aegypti,21.257964667151956,89.39822037874066,0.00334951128234449,0.09289037508812052,0.09247826377472944,0.09330580293757107,1.1773391106473242e-10,1.0369237135599007e-10,1.3322693503958758e-10,0.9999999998822661,0.9999999998667731,0.9999999998963076,3.3489503836792167e-4,3.943503301684359e-13,3.4726665987250267e-13,4.46201409154412e-13
TUR.10.4_1,2072,10,aegypti,18.0149050319896,80.873593795699,0.0033008035790744535,0.012904673714776636,0.012815537057682156,0.013000399081754923,0,0,0,1,1,1,3.193815912641007e-4,0,0,0
TUR.10.4_1,2072,11,aegypti,12.307630826445187,77.29606212251612,0.0019146297964532794,0,0,0,0,0,0,1,1,1,1.9144465177878267e-4,0,0,0
TUR.10.4_1,2072,12,aegypti,5.954947151243687,80.0096587719931,0.001574813069383139,0,0,0,0,0,0,1,1,1,1.5238965229613655e-4,0,0,0
TUR.10.4_1,2073,1,aegypti,6.600151407121516,76.47374638436463,0.0017121936730996727,0,0,0,0,0,0,1,1,1,1.6568243506198677e-4,0,0,0
TUR.10.4_1,2073,2,aegypti,8.754529724650851,62.97957186185948,0.0012807726829014488,0,0,0,0,0,0,1,1,1,1.3721622958851043e-4,0,0,0
TUR.10.4_1,2073,3,aegypti,8.162805099149837,79.89394346390907,0.0015722552646399066,0,0,0,0,0,0,1,1,1,1.5214216049519447e-4,0,0,0
TUR.10.4_1,2073,4,aegypti,13.606665765537935,74.77818546013377,0.0020790184086304487,0,0,0,0,0,0,1,1,1,2.0788023077289441e-4,0,0,0
TUR.10.4_1,2073,5,aegypti,15.19381607280058,78.97969685322514,0.002905918008035145,9.869707668105797e-5,9.727703703719683e-5,1.0008672796703015e-4,0,0,0,1,1,1,2.811783337060003e-4,0,0,0
TUR.10.4_1,2073,6,aegypti,19.83088549445657,84.90694032507619,0.003268491839379645,0.04526807764182319,0.045041159719916554,0.04549269992242874,0,0,0,1,1,1,3.2679577456251607e-4,0,0,0
TUR.10.4_1,2073,7,aegypti,24.05628209955552,87.71010143869134,0.0038383019621371387,0.21366144622007152,0.21287323156254415,0.21446495594905182,0.07415838565739413,0.0714743523336992,0.07691373933935551,0.9258416143426058,0.9230862606606445,0.9285256476663007,3.713795984993107e-4,2.846017564686141e-4,2.7430251898733214e-4,2.951745840293812e-4
TUR.10.4_1,2073,8,aegypti,26.864829063415527,87.3682428758629,0.004557741633264844,0.3479939598092755,0.34655571443255573,0.3492976692205951,0.42527515429274637,0.42289224618673904,0.42742248370507385,0.5747248457072536,0.5725775162949263,0.577107753813261,4.409745131073173e-4,0.0019364169836435018,0.001925577289522748,0.0019461849702679585
TUR.10.4_1,2073,9,aegypti,22.262044485877542,87.555897075518,0.003632740173764066,0.12939604601867088,0.12882889231155367,0.12991729974681554,1.1595974355879114e-6,1.0275183193714233e-6,1.2913815569781662e-6,0.9999988404025644,0.9999987086184431,0.9999989724816807,3.6320804135991924e-4,4.212516179435966e-9,3.732707112846789e-9,4.691253677191476e-9
TUR.10.4_1,2073,10,aegypti,18.82938676721909,79.96278904716384,0.003579913831194773,0.023271168281626557,0.02311948496601176,0.02341665990980893,0,0,0,1,1,1,3.4638326944513853e-4,0,0,0
TUR.10.4_1,2073,11,aegypti,10.762046147795285,88.83708537691065,0.002076527586613515,0,0,0,0,0,0,1,1,1,2.0763120031952464e-4,0,0,0
TUR.10.4_1,2073,12,aegypti,9.269567169249058,72.45203395509857,0.0017079765437638687,0,0,0,0,0,0,1,1,1,1.6527439330471516e-4,0,0,0
TUR.10.4_1,2074,1,aegypti,5.16813026606927,82.78810032723572,0.0015739023081697283,0,0,0,0,0,0,1,1,1,1.5230152754175386e-4,0,0,0
TUR.10.4_1,2074,2,aegypti,2.7576331000857275,75.30213121854894,0.001177326556878346,0,0,0,0,0,0,1,1,1,1.261341755099954e-4,0,0,0
TUR.10.4_1,2074,3,aegypti,7.42986776318182,79.15320554887,0.0014452665191601267,0,0,0,0,0,0,1,1,1,1.3985472127076015e-4,0,0,0
TUR.10.4_1,2074,4,aegypti,13.92111507584067,71.66853580193064,0.0019110991492843428,0,0,0,0,0,0,1,1,1,1.9109165459185729e-4,0,0,0
TUR.10.4_1,2074,5,aegypti,15.329636461594525,80.56531391865482,0.002671211284129215,1.7644832745444776e-4,1.741179799065334e-4,1.7894577753404687e-4,0,0,0,1,1,1,2.584709084566539e-4,0,0,0
TUR.10.4_1,2074,6,aegypti,20.553951824412625,87.47284303503713,0.003004500560337065,0.06695633705558544,0.06664242041369012,0.0672740904886734,1.1017631251775128e-14,9.658940314238862e-15,1.254829573582583e-14,0.999999999999989,0.9999999999999875,0.9999999999999903,3.004049254355934e-4,0,0,0
TUR.10.4_1,2074,7,aegypti,23.35366445429185,83.37740643136712,0.003528287957473586,0.16622897454676858,0.16552489727002237,0.16692221687800726,7.949880290621347e-4,7.163633558438437e-4,8.779434728383411e-4,0.9992050119709379,0.9991220565271616,0.9992836366441562,3.4138893522250857e-4,2.8049427449826638e-6,2.527533007409821e-6,3.0976325848863783e-6
TUR.10.4_1,2074,8,aegypti,24.170506477355957,85.21515907459337,0.00418961954441191,0.2097805913270226,0.20896291367030712,0.2105770403963583,0.06125048908360194,0.058630190908929236,0.0638307254899899,0.938749510916398,0.9361692745100101,0.9413698090910707,4.0536487013598244e-4,2.565833068064377e-4,2.4560802713346764e-4,2.673906997797848e-4
TUR.10.4_1,2074,9,aegypti,22.760457571815042,83.9990351980766,0.003339329092436918,0.14236886465961762,0.1417774964411006,0.1429549681969798,1.5115956054482793e-5,1.3515032380995163e-5,1.6831182522977772e-5,0.9999848840439455,0.9999831688174771,0.999986484967619,3.3387715985544464e-4,5.047715053319024e-8,4.513113985027406e-8,5.620485592772173e-8
TUR.10.4_1,2074,10,aegypti,17.411454256843115,84.87824772636306,0.0032907694558676178,0.007902677362596328,0.007845824877255441,0.007960867394595275,0,0,0,1,1,1,3.184108567451105e-4,0,0,0
TUR.10.4_1,2074,11,aegypti,8.999558736296262,86.29898418062159,0.0019088095072985769,0,0,0,0,0,0,1,1,1,1.9086273412027843e-4,0,0,0
TUR.10.4_1,2074,12,aegypti,5.759232200682163,80.16388698244232,0.0015700257901684347,0,0,0,0,0,0,1,1,1,1.519264377034535e-4,0,0,0
TUR.10.4_1,2075,1,aegypti,9.02692114055047,71.17470463631776,0.0017517928060173165,0,0,0,0,0,0,1,1,1,1.6951396694986354e-4,0,0,0
TUR.10.4_1,2075,2,aegypti,6.538350353770725,81.70220903837316,0.0013103940326963496,0,0,0,0,0,0,1,1,1,1.4038950511707782e-4,0,0,0
TUR.10.4_1,2075,3,aegypti,6.768683929105892,79.34648100053016,0.0016086179414697003,0,0,0,0,0,0,1,1,1,1.5566058764659996e-4,0,0,0
TUR.10.4_1,2075,4,aegypti,12.746912156834322,79.05940494255564,0.0021271013606907396,0,0,0,0,0,0,1,1,1,2.126875148720231e-4,0,0,0
TUR.10.4_1,2075,5,aegypti,16.702078707077924,78.65650044209232,0.002973125261078919,0.003142355489926765,0.0031129036328514104,0.0031711675162184377,0,0,0,1,1,1,2.87680411511837e-4,0,0,0
TUR.10.4_1,2075,6,aegypti,21.694704616771023,83.86130891638479,0.0033440845978515974,0.10026464611008737,0.0998074484677259,0.10071843624695255,1.0049565156711182e-9,8.823912600597338e-10,1.1379652165022235e-9,0.9999999989950434,0.9999999988620348,0.9999999991176087,3.3435255150837673e-4,3.3606587512835517e-12,2.950745203733618e-12,3.805419868108117e-12
TUR.10.4_1,2075,7,aegypti,24.076576289008646,85.59058697335931,0.003927073128603115,0.2066889039601602,0.20586364306270713,0.20749800316806716,0.05159801130720169,0.04913024693804807,0.05405422378401343,0.9484019886927983,0.9459457762159865,0.9508697530619519,3.799671292252782e-4,2.0260862358242458e-4,1.9291946119901206e-4,2.1225236098937063e-4
TUR.10.4_1,2075,8,aegypti,27.247010231018066,88.19239296131212,0.004663151797766384,0.3699501558610844,0.368518197669762,0.37136804443150107,0.4593845804836887,0.4572859646291123,0.4614507049087389,0.5406154195163113,0.538549295091261,0.5427140353708877,4.5117094638802424e-4,0.0021398871901600106,0.002130121931424181,0.0021495011906584095
TUR.10.4_1,2075,9,aegypti,23.769023474525003,83.24438126741254,0.003716757165098768,0.18425204463708442,0.18351874163844517,0.18496477418203575,0.007986358702179822,0.0073628163394413,0.008621251814972216,0.9920136412978202,0.9913787481850278,0.9926371836605588,3.7160665364732726e-4,2.968291463799244e-5,2.7365425944803066e-5,3.20425860807938e-5
TUR.10.4_1,2075,10,aegypti,17.079634722541357,88.044980514449,0.003662709069760603,0.005809234068854445,0.0057643092381432235,0.0058551993925443175,0,0,0,1,1,1,3.5439290442251803e-4,0,0,0
TUR.10.4_1,2075,11,aegypti,13.699590970488156,82.04816020601221,0.0021245529316439053,0,0,0,0,0,0,1,1,1,2.1243272613680197e-4,0,0,0
TUR.10.4_1,2075,12,aegypti,10.292761005461216,58.94161220216888,0.0017474781441022705,0,0,0,0,0,0,1,1,1,1.6909648971563662e-4,0,0,0
TUR.39.3_1,2025,1,albopictus,1.555623628308668,81.00240771282235,9.720891464377896e-5,0,0,0,0,0,0,1,1,1,9.407270071704055e-6,0,0,0
TUR.39.3_1,2025,2,albopictus,1.7358007032205078,69.84412308796925,7.271520994751566e-5,0,0,0,0,0,0,1,1,1,7.790885002467718e-6,0,0,0
TUR.39.3_1,2025,3,albopictus,8.737331535228911,63.79694840767563,8.926398351999726e-5,0,0,0,0,0,0,1,1,1,8.638412706707399e-6,0,0,0
TUR.39.3_1,2025,4,albopictus,9.108116963330438,62.939964820444644,1.1803520022447692e-4,0,0,0,0,0,0,1,1,1,1.180345036122521e-5,0,0,0
TUR.39.3_1,2025,5,albopictus,14.235955182243796,63.643213018430714,1.6498199943322905e-4,0.003938185502168916,0.0038981201834241415,0.003980232189128454,0,0,0,1,1,1,1.5965872489198674e-5,0,0,0
TUR.39.3_1,2025,6,albopictus,21.768963140599865,38.74567384713179,1.8556694211639455e-4,0.07803928901070516,0.07764083380105762,0.07842760249659207,8.580687271830812e-13,7.401634860570994e-13,9.852674232035952e-13,0.9999999999991419,0.9999999999990148,0.9999999999992599,1.855652203730518e-5,1.4022116801015726e-16,1.1102230246251565e-16,2.220446049250313e-16
TUR.39.3_1,2025,7,albopictus,24.232003941255456,39.259093491248706,2.1791761859449297e-4,0.10914489432350187,0.10864898875409458,0.10965478807208039,1.0727499386575801e-8,9.43101555461734e-9,1.2184442840790232e-8,0.9999999892725007,0.9999999878155572,0.9999999905689845,2.1088579432282373e-5,2.337711579869506e-12,2.055236536513405e-12,2.6552343657115783e-12
TUR.39.3_1,2025,8,albopictus,25.251696586608887,37.219930490366416,2.587634356774358e-4,0.11259953082221268,0.11201011042883639,0.11318257690440856,2.5482948584953923e-8,2.1978217398799238e-8,2.933018489192918e-8,0.9999999745170514,0.999999970669815,0.9999999780217826,2.5041309268725165e-5,6.594053081343531e-12,5.687117443642364e-12,7.58957341417954e-12
TUR.39.3_1,2025,9,albopictus,20.673405478982364,42.51436082640991,2.0624695384790186e-4,0.06636714433396482,0.06604821345510098,0.0666852763805702,8.565037568075696e-15,7.438494264988549e-15,9.769962616701378e-15,0.9999999999999915,0.9999999999999902,0.9999999999999926,2.0624482697240154e-5,0,0,0
TUR.39.3_1,2025,10,albopictus,12.127994859919829,40.25222628445064,2.0324776543455785e-4,5.9244010237584195e-5,5.747093653905185e-5,6.112528682280027e-5,0,0,0,1,1,1,1.9668945154149853e-5,0,0,0
TUR.39.3_1,2025,11,albopictus,6.20813252163284,78.55356013486357,1.1789378508631755e-4,0,0,0,0,0,0,1,1,1,1.1789309014131888e-5,0,0,0
TUR.39.3_1,2025,12,albopictus,1.8241061092737842,81.95597820298956,9.696948929600051e-5,0,0,0,0,0,0,1,1,1,9.384100094433911e-6,0,0,0
TUR.39.3_1,2026,1,albopictus,3.3625133411191843,78.77988879192391,9.399083515088616e-5,0,0,0,0,0,0,1,1,1,9.095845905249256e-6,0,0,0
TUR.39.3_1,2026,2,albopictus,3.2987437445451233,77.88075181111378,7.030798909939698e-5,0,0,0,0,0,0,1,1,1,7.532970459078747e-6,0,0,0
TUR.39.3_1,2026,3,albopictus,5.1959153670160205,75.67703721382797,8.630891920442209e-5,0,0,0,0,0,0,1,1,1,8.352441170256242e-6,0,0,0
TUR.39.3_1,2026,4,albopictus,8.56395612043493,73.8479619517923,1.1412767118072793e-4,0,0,0,0,0,0,1,1,1,1.1412701992674634e-5,0,0,0
TUR.39.3_1,2026,5,albopictus,12.998258534599753,66.39563153649712,1.5952030704608438e-4,8.326306453389811e-4,8.192714651042706e-4,8.454574022735302e-4,0,0,0,1,1,1,1.543732991216018e-5,0,0,0
TUR.39.3_1,2026,6,albopictus,18.767623228185315,54.240455341272416,1.7942378978132411e-4,0.04638065887917657,0.04617435045295953,0.04661161850270727,0,0,0,1,1,1,1.7942218014654898e-5,0,0,0
TUR.39.3_1,2026,7,albopictus,22.12260414572323,54.11184617679558,2.1070350431177733e-4,0.10714024447584503,0.10674773105857167,0.10755785816434492,6.3997855186404e-9,5.7697963962155546e-9,7.121842196533557e-9,0.9999999936002145,0.9999999928781578,0.9999999942302037,2.039045381940774e-5,1.3484575678290866e-12,1.2157524986733392e-12,1.5005802156409231e-12
TUR.39.3_1,2026,8,albopictus,23.73623561859131,46.62299140345235,2.5019712970729375e-4,0.11901124922594875,0.11850416243291521,0.11954189072668055,1.1759761525087509e-7,1.0435425735200177e-7,1.3266413927959242e-7,0.9999998824023848,0.9999998673358608,0.9999998956457427,2.421233233229625e-5,2.942258547911081e-11,2.610910654343712e-11,3.319215180486168e-11
TUR.39.3_1,2026,9,albopictus,15.786793540505801,79.97370378295288,1.9941919432521068e-4,0.016632308535451366,0.016533085858188624,0.016732149947161698,0,0,0,1,1,1,1.9941720593719126e-5,0,0,0
TUR.39.3_1,2026,10,albopictus,12.704949701533598,74.15557711452877,1.9651929337705104e-4,5.606622648011047e-4,5.501500596647196e-4,5.706097986395921e-4,0,0,0,1,1,1,1.9017815292343698e-5,0,0,0
TUR.39.3_1,2026,11,albopictus,8.214595572475126,77.34172236630889,1.1399093755925624e-4,0,0,0,0,0,0,1,1,1,1.1399028786551746e-5,0,0,0
TUR.39.3_1,2026,12,albopictus,2.2756002367857624,81.25118236558721,9.375933592598018e-5,0,0,0,0,0,0,1,1,1,9.073442957974187e-6,0,0,0
TUR.39.3_1,2027,1,albopictus,1.274469174554243,86.93597094524422,9.614109346767842e-5,0,0,0,0,0,0,1,1,1,9.30393350528913e-6,0,0,0
TUR.39.3_1,2027,2,albopictus,4.562722702675006,72.67661973103566,7.191644739275317e-5,0,0,0,0,0,0,1,1,1,7.705303963212451e-6,0,0,0
TUR.39.3_1,2027,3,albopictus,5.4543591994134815,67.57674119332016,8.82834358797419e-5,0,0,0,0,0,0,1,1,1,8.543521814896593e-6,0,0,0
TUR.39.3_1,2027,4,albopictus,8.229949334088495,71.7722554698587,1.1673860631859043e-4,0,0,0,0,0,0,1,1,1,1.1673792492561397e-5,0,0,0
TUR.39.3_1,2027,5,albopictus,15.135695401360007,55.775171026243214,1.6316970399390864e-4,0.007632296597504193,0.0075634375143577475,0.007704930622903488,0,0,0,1,1,1,1.5790491844414056e-5,0,0,0
TUR.39.3_1,2027,6,albopictus,20.932443899266858,41.47788591378218,1.835285250524634e-4,0.06918032454963563,0.0688504538884782,0.06949672256249591,2.794287023988318e-14,2.4313884239290928e-14,3.175237850427948e-14,0.999999999999972,0.9999999999999682,0.9999999999999757,1.8352684092670657e-5,0,0,0
TUR.39.3_1,2027,7,albopictus,25.68974281759823,29.92088624637566,2.1552383558978282e-4,0.09842649732364044,0.09782910263607203,0.09896937626707274,5.991335297883537e-10,5.035022038191172e-10,6.967505489230418e-10,0.9999999994008665,0.9999999993032495,0.9999999994964978,2.0856927870904762e-5,1.2912826363731256e-13,1.0846601394831623e-13,1.5021317523178368e-13
TUR.39.3_1,2027,8,albopictus,24.667180061340332,40.315606912485556,2.5592096925108556e-4,0.11541194639395523,0.11486755742501309,0.11599381447274937,5.042867564153397e-8,4.414885604597796e-8,5.7812469553275564e-8,0.9999999495713243,0.9999999421875304,0.999999955851144,2.4766238723050726e-5,1.2905754798175906e-11,1.1298575963714087e-11,1.4795473179951556e-11
TUR.39.3_1,2027,9,albopictus,19.726118873147403,45.32383577147827,2.039813708442024e-4,0.054560744618337424,0.05431783268267398,0.054814357489765604,0,0,0,1,1,1,2.0397929043847185e-5,0,0,0
TUR.39.3_1,2027,10,albopictus,14.403704012141509,64.15508120388424,2.0101512793704597e-4,0.004665778481220618,0.004619611855901134,0.004710292631286951,0,0,0,1,1,1,1.9452887687232412e-5,0,0,0
TUR.39.3_1,2027,11,albopictus,5.511018769267728,77.95655238339873,1.1659874459844528e-4,0,0,0,0,0,0,1,1,1,1.1659806483765855e-5,0,0,0
TUR.39.3_1,2027,12,albopictus,0.12037203921114692,75.93258647935674,9.590429816116101e-5,0,0,0,0,0,0,1,1,1,9.281018043427736e-6,0,0,0
TUR.39.3_1,2028,1,albopictus,1.3509207741521738,73.9626738261036,9.312414817207419e-5,0,0,0,0,0,0,1,1,1,9.011973731154477e-6,0,0,0
TUR.39.3_1,2028,2,albopictus,3.695609589271686,76.79575272664113,7.21475267614436e-5,0,0,0,0,0,0,1,1,1,7.463509399063817e-6,0,0,0
TUR.39.3_1,2028,3,albopictus,4.250155355343047,74.07453629830063,8.551306696723615e-5,0,0,0,0,0,0,1,1,1,8.275423852066588e-6,0,0,0
TUR.39.3_1,2028,4,albopictus,9.75137934965246,59.79390006214386,1.1307530297508654e-4,0,0,0,0,0,0,1,1,1,1.130746636768265e-5,0,0,0
TUR.39.3_1,2028,5,albopictus,14.857706967522116,60.32788251305962,1.580493745583478e-4,0.006555434159135235,0.006497392193559736,0.006615003815842121,0,0,0,1,1,1,1.5294983794267303e-5,0,0,0
TUR.39.3_1,2028,6,albopictus,21.23130826389088,46.22844667428023,1.777693278112508e-4,0.07951643171748862,0.07920680444727878,0.07985613525295626,1.4591777786066018e-12,1.303940289076877e-12,1.6433965299711417e-12,0.9999999999985408,0.9999999999983566,0.9999999999986962,1.7776774772437776e-5,2.37698749572246e-16,2.220446049250313e-16,3.3306690738754696e-16
TUR.39.3_1,2028,7,albopictus,22.106981053071863,52.342257706336596,2.0876061293003873e-4,0.10379376214806862,0.10337137650992796,0.10417159810954585,2.6417006995238524e-9,2.354044167929281e-9,2.9196102813155985e-9,0.9999999973582993,0.9999999970803898,0.9999999976459559,2.0202435888960757e-5,5.514833034681032e-13,4.913791595839712e-13,6.095485227675112e-13
TUR.39.3_1,2028,8,albopictus,23.95432758331299,37.01782401453634,2.4789006866133813e-4,0.10200502699779644,0.10148146785089904,0.1024844062503153,1.6266892305383252e-9,1.405508670559996e-9,1.8503338305997374e-9,0.9999999983733108,0.9999999981496661,0.9999999985944913,2.398907374090431e-5,4.032396638820046e-13,3.483879851273741e-13,4.586497848180215e-13
TUR.39.3_1,2028,9,albopictus,17.197322677163516,58.332613389886475,1.975803552642599e-4,0.026464997221511473,0.026309207380869615,0.02661441954110294,0,0,0,1,1,1,1.9757840337697452e-5,0,0,0
TUR.39.3_1,2028,10,albopictus,12.809509599910063,58.66853182644283,1.947071942252369e-4,5.10618321179818e-4,5.002263010244095e-4,5.211933787641106e-4,0,0,0,1,1,1,1.8842454177936396e-5,0,0,0
TUR.39.3_1,2028,11,albopictus,7.220285193446805,75.8256624908206,1.1293983017068393e-4,0,0,0,0,0,0,1,1,1,1.1293919240262795e-5,0,0,0
TUR.39.3_1,2028,12,albopictus,-0.41130234585965386,76.35507183091924,9.289478359533373e-5,0,0,0,0,0,0,1,1,1,8.989777358969775e-6,0,0,0
TUR.39.3_1,2029,1,albopictus,4.412470139672651,77.92220751750985,1.057667299080703e-4,0,0,0,0,0,0,1,1,1,1.0235437608696607e-5,0,0,0
TUR.39.3_1,2029,2,albopictus,1.6774968106080506,82.41467972859425,7.911671474689902e-5,0,0,0,0,0,0,1,1,1,8.47675493786948e-6,0,0,0
TUR.39.3_1,2029,3,albopictus,7.591412212261382,69.09226701119125,9.712236444646066e-5,0,0,0,0,0,0,1,1,1,9.398894324941232e-6,0,0,0
TUR.39.3_1,2029,4,albopictus,8.29259906095617,68.27658896595246,1.284264636379848e-4,0,0,0,0,0,0,1,1,1,1.2842563897330628e-5,0,0,0
TUR.39.3_1,2029,5,albopictus,13.65713399999282,67.56438611413384,1.7950623806151566e-4,0.002205112379448253,0.002178507688366391,0.0022325418222380595,0,0,0,1,1,1,1.7371420540479576e-5,0,0,0
TUR.39.3_1,2029,6,albopictus,19.745632452123303,54.66675539010054,2.0190338220124612e-4,0.06307979431515201,0.06279297276104015,0.06335573508584359,2.0103918529912335e-15,1.7763568394002505e-15,2.220446049250313e-15,0.999999999999998,0.9999999999999978,0.9999999999999982,2.019013439658046e-5,0,0,0
TUR.39.3_1,2029,7,albopictus,27.766868366914636,36.73816224735222,2.3710205995565692e-4,0.1130905265954076,0.11241967618336673,0.11373991685105053,2.8773088386890856e-8,2.4318359190256267e-8,3.360348442837946e-8,0.9999999712269116,0.9999999663965156,0.9999999756816408,2.2945097398086034e-5,6.822158060693084e-12,5.765982136196613e-12,7.967490556204381e-12
TUR.39.3_1,2029,8,albopictus,26.028250694274902,36.640035470835166,2.8154375050551156e-4,0.11451421228418333,0.11393656185749583,0.11509579067983142,4.0648135221976744e-8,3.5249181234986436e-8,4.663942287097544e-8,0.9999999593518648,0.9999999533605771,0.9999999647508188,2.7245798230213225e-5,1.1444229341961431e-11,9.92415039036132e-12,1.3131074005912069e-11
TUR.39.3_1,2029,9,albopictus,21.356743644265567,39.048826616204835,2.2440396482082629e-4,0.07259263103954239,0.07226478146128354,0.07291916537008149,1.0993062016240174e-13,9.647560528236454e-14,1.2457257447806568e-13,0.9999999999998901,0.9999999999998754,0.9999999999999035,2.244014469832134e-5,0,0,0
TUR.39.3_1,2029,10,albopictus,13.60891183684854,62.989843777126424,2.2114074197732473e-4,0.001926976204778854,0.00190331279278589,0.0019503158049207748,0,0,0,1,1,1,2.140048797183436e-5,0,0,0
TUR.39.3_1,2029,11,albopictus,8.579536692622831,77.33580958554717,1.2827259897673e-4,0,0,0,0,0,0,1,1,1,1.2827177628738085e-5,0,0,0
TUR.39.3_1,2029,12,albopictus,2.2499497355345417,70.39674358384893,1.0550622667969432e-4,0,0,0,0,0,0,1,1,1,1.021022787650594e-5,0,0,0
TUR.39.3_1,2030,1,albopictus,3.1162032262586497,87.94994036663094,1.0273749295249908e-4,0,0,0,0,0,0,1,1,1,9.942288602737825e-6,0,0,0
TUR.39.3_1,2030,2,albopictus,1.8516543704797241,73.70556565388722,7.685075383156202e-5,0,0,0,0,0,0,1,1,1,8.233975439697616e-6,0,0,0
TUR.39.3_1,2030,3,albopictus,6.530357028850737,69.42257401802719,9.434070847724056e-5,0,0,0,0,0,0,1,1,1,9.129704305665953e-6,0,0,0
TUR.39.3_1,2030,4,albopictus,9.76910624784582,64.20652060657746,1.2474823523796105e-4,0,0,0,0,0,0,1,1,1,1.2474745713531021e-5,0,0,0
TUR.39.3_1,2030,5,albopictus,15.420928898979636,56.2705895748272,1.7436504734337458e-4,0.009447416269846978,0.009377952717529402,0.009516015395771415,0,0,0,1,1,1,1.6873894473912188e-5,0,0,0
TUR.39.3_1,2030,6,albopictus,20.907688421361584,51.28388185494429,1.961207207976986e-4,0.08031181298829278,0.07999204257147564,0.0806350638445977,1.9340413714985514e-12,1.7245482819561174e-12,2.163622059292436e-12,0.999999999998066,0.9999999999978364,0.9999999999982754,1.9611879764291906e-5,3.69038133385402e-16,3.3306690738754696e-16,4.440892098500626e-16
TUR.39.3_1,2030,7,albopictus,25.252488865571863,36.6411850134655,2.3031128252608136e-4,0.11129151101428778,0.11073765265723136,0.11189780243367112,1.843312112759232e-8,1.6007832548403656e-8,2.137529241108549e-8,0.9999999815668789,0.9999999786247076,0.9999999839921675,2.228794025171954e-5,4.245356510779174e-12,3.68677588458155e-12,4.922939833562623e-12
TUR.39.3_1,2030,8,albopictus,22.432860374450684,46.570298990122275,2.734801303635e-4,0.09957862265473395,0.09916432229659436,0.10001361982394462,8.289973516539817e-10,7.362449566672425e-10,9.34880725611542e-10,0.9999999991710027,0.9999999990651193,0.999999999263755,2.646546885076706e-5,2.2671264865437025e-13,2.0139168110944182e-13,2.5568436257117355e-13
TUR.39.3_1,2030,9,albopictus,19.69473917344037,48.864290635980225,2.1797687017771126e-4,0.05704086783866295,0.05678034828461697,0.057326422818870036,1.1102230246251565e-16,1.1102230246251565e-16,1.1102230246251565e-16,0.9999999999999999,0.9999999999999999,0.9999999999999999,2.179744944996731e-5,0,0,0
TUR.39.3_1,2030,10,albopictus,14.131652200923247,60.42501681179439,2.1480710843715196e-4,0.00337304657548866,0.0033343418694412705,0.0034122081169618286,0,0,0,1,1,1,2.0787568623004127e-5,0,0,0
TUR.39.3_1,2030,11,albopictus,7.085893885615994,78.05191218564482,1.2459877737380052e-4,0,0,0,0,0,0,1,1,1,1.2459800113440167e-5,0,0,0
TUR.39.3_1,2030,12,albopictus,5.543430072200649,85.1297681810169,1.0248445072823213e-4,0,0,0,0,0,0,1,1,1,9.917800888770145e-6,0,0,0
TUR.39.3_1,2031,1,albopictus,3.7822114602826975,80.61799303997078,1.002007480593737e-4,0,0,0,0,0,0,1,1,1,9.696799572078696e-6,0,0,0
TUR.39.3_1,2031,2,albopictus,4.002129336052081,77.63030930623097,7.495319188302208e-5,0,0,0,0,0,0,1,1,1,8.030666884373261e-6,0,0,0
TUR.39.3_1,2031,3,albopictus,6.266834403881255,74.86557481148422,9.201129295846671e-5,0,0,0,0,0,0,1,1,1,8.904279030108597e-6,0,0,0
TUR.39.3_1,2031,4,albopictus,7.937139370862177,73.35765128284699,1.2166801165480807e-4,0,0,0,0,0,0,1,1,1,1.2166727150209056e-5,0,0,0
TUR.39.3_1,2031,5,albopictus,13.169038716484518,65.53759168054009,1.7005970923674607e-4,0.0010836191497049874,0.0010674331218712089,0.001099970225390012,0,0,0,1,1,1,1.645725579435542e-5,0,0,0
TUR.39.3_1,2031,6,albopictus,20.67141751682057,41.387401294641556,1.9127820203826526e-4,0.065166028735414,0.06485945243902518,0.06547323837176883,5.086819854227542e-15,4.440892098500626e-15,5.773159728050814e-15,0.9999999999999949,0.9999999999999942,0.9999999999999956,1.9127637268190334e-5,0,0,0
TUR.39.3_1,2031,7,albopictus,24.091047062593347,43.368006912879565,2.2462454681755753e-4,0.11639500116499901,0.11590205472485443,0.11689596776152038,6.370834097857436e-8,5.6562483727318206e-8,7.159928178679386e-8,0.9999999362916591,0.9999999284007182,0.9999999434375163,2.1737623103867953e-5,1.4310456930566318e-11,1.2705314578198568e-11,1.6082918330440065e-11
TUR.39.3_1,2031,8,albopictus,24.215798377990723,48.38423331629415,2.667274901721375e-4,0.12927824427753098,0.12875295191406724,0.1298045977899593,1.1311941074738651e-6,1.0111752964281353e-6,1.2613105288605818e-6,0.9999988688058925,0.9999987386894711,0.9999989888247036,2.581200462303812e-5,3.017205663091715e-10,2.697081974423199e-10,3.3642620356211235e-10
TUR.39.3_1,2031,9,albopictus,18.713019202737247,52.39371339598999,2.1259468986211392e-4,0.04432958181600888,0.04411246224467334,0.04453630337492594,0,0,0,1,1,1,2.1259243005333772e-5,0,0,0
TUR.39.3_1,2031,10,albopictus,15.081730211482329,44.71166079372799,2.0950319435792758e-4,0.006215996317352978,0.0061549962436957895,0.006272388028885513,0,0,0,1,1,1,2.02742971534553e-5,0,0,0
TUR.39.3_1,2031,11,albopictus,8.685507552150419,74.49852168271514,1.215222441325349e-4,0,0,0,0,0,0,1,1,1,1.2152150575261977e-5,0,0,0
TUR.39.3_1,2031,12,albopictus,3.331795913112514,79.8002775193958,9.995395383232479e-5,0,0,0,0,0,0,1,1,1,9.672916491121342e-6,0,0,0
TUR.39.3_1,2032,1,albopictus,5.717662848641767,81.60643450725594,1.0580209680447808e-4,0,0,0,0,0,0,1,1,1,1.0238860176481346e-5,0,0,0
TUR.39.3_1,2032,2,albopictus,4.696244736366412,75.06272812947316,8.196971205055272e-5,0,0,0,0,0,0,1,1,1,8.479589432619505e-6,0,0,0
TUR.39.3_1,2032,3,albopictus,5.779665614971343,73.69443986275375,9.715484078949635e-5,0,0,0,0,0,0,1,1,1,9.402037167260957e-6,0,0,0
TUR.39.3_1,2032,4,albopictus,9.216269829693964,72.82199912220246,1.284694076284008e-4,0,0,0,0,0,0,1,1,1,1.2846858241211123e-5,0,0,0
TUR.39.3_1,2032,5,albopictus,18.28885072820327,42.945283636106495,1.7956626240500808e-4,0.03329175425748214,0.033099176282442896,0.03348342305835865,0,0,0,1,1,1,1.7377229246995363e-5,0,0,0
TUR.39.3_1,2032,6,albopictus,22.972929281346936,23.804908466272416,2.0197089583250713e-4,0.07176196273057532,0.07137851906316442,0.07216842117195918,7.933897983036786e-14,6.794287354949802e-14,9.281742041622465e-14,0.9999999999999206,0.9999999999999072,0.999999999999932,2.019688562338029e-5,0,0,0
TUR.39.3_1,2032,7,albopictus,25.710653080659753,25.973136154822924,2.3718134352620704e-4,0.09046930853982577,0.08991353438769337,0.09102646132043837,5.607236963633966e-11,4.696360800249266e-11,6.641766026049823e-11,0.9999999999439276,0.9999999999335824,0.9999999999530363,2.2952769825668184e-5,1.3300582857311838e-14,1.1102230246251565e-14,1.5765166949677223e-14
TUR.39.3_1,2032,8,albopictus,24.549742698669434,44.55161078821798,2.816378947479122e-4,0.12403598878848918,0.12345361238113048,0.12456375552228235,3.6592863911821815e-7,3.210963200162009e-7,4.1024150413404567e-7,0.9999996340713608,0.9999995897584958,0.99999967890368,2.725490871513525e-5,1.0305937026000578e-10,9.043285842391669e-11,1.155395695784378e-10
TUR.39.3_1,2032,9,albopictus,20.0100658641142,47.62156526366577,2.2447900232821838e-4,0.06100288442698092,0.060731264808862116,0.06127283622654729,7.743805596760466e-16,6.661338147750939e-16,8.881784197001252e-16,0.9999999999999992,0.9999999999999991,0.9999999999999993,2.2447648280632393e-5,0,0,0
TUR.39.3_1,2032,10,albopictus,11.815842951045317,66.39880221218502,2.2121468830921804e-4,3.7122770817239256e-5,3.5902556861782546e-5,3.841854478902195e-5,0,0,0,1,1,1,2.140764391533878e-5,0,0,0
TUR.39.3_1,2032,11,albopictus,6.626499907497098,73.1387957305667,1.2831549151698257e-4,0,0,0,0,0,0,1,1,1,1.2831466827734062e-5,0,0,0
TUR.39.3_1,2032,12,albopictus,2.843392592800014,81.64366893785284,1.055415064675123e-4,0,0,0,0,0,0,1,1,1,1.021364201470032e-5,0,0,0
TUR.39.3_1,2033,1,albopictus,1.9799744152628325,79.79973284709969,1.0215077329742561e-4,0,0,0,0,0,0,1,1,1,9.885509844265172e-6,0,0,0
TUR.39.3_1,2033,2,albopictus,2.2374607521821472,73.46009751423878,7.641186977390803e-5,0,0,0,0,0,0,1,1,1,8.186952533906222e-6,0,0,0
TUR.39.3_1,2033,3,albopictus,4.704371358761016,74.50158402779282,9.380194170041504e-5,0,0,0,0,0,0,1,1,1,9.077566059945141e-6,0,0,0
TUR.39.3_1,2033,4,albopictus,10.314694741192987,65.00165610462433,1.2403581526890768e-4,0,0,0,0,0,0,1,1,1,1.2403504602742643e-5,0,0,0
TUR.39.3_1,2033,5,albopictus,17.169111195732565,49.19045804406548,1.7336927260239006e-4,0.022985762643910376,0.022852161520154648,0.023121870665852206,0,0,0,1,1,1,1.6777530797873474e-5,0,0,0
TUR.39.3_1,2033,6,albopictus,22.377682012670178,36.48326845162398,1.9500070240565564e-4,0.08308098712075723,0.08267928854076179,0.08346294961500716,5.0529952444478e-12,4.395220298825109e-12,5.739608788246642e-12,0.999999999994947,0.9999999999942604,0.9999999999956048,1.949988011540338e-5,9.849898674474389e-16,8.881784197001252e-16,1.1102230246251565e-15
TUR.39.3_1,2033,7,albopictus,25.925443424898035,35.192198959998706,2.2899600655077888e-4,0.11076071092925492,0.11018468722617748,0.11133553594137684,1.6142612985103887e-8,1.393049606224217e-8,1.8587888156451626e-8,0.999999983857387,0.9999999814121118,0.9999999860695039,2.216065830873415e-5,3.696592032476076e-12,3.190037123346201e-12,4.2565312385889346e-12
TUR.39.3_1,2033,8,albopictus,23.50369167327881,44.8449762667336,2.719183230510468e-4,0.11217816574841359,0.11168714770518318,0.11266680299094879,2.2951385991287765e-8,2.0286955407233798e-8,2.5844174772471362e-8,0.999999977048614,0.9999999741558252,0.9999999797130447,2.6314330196286484e-5,6.240901462284398e-12,5.516398449145754e-12,7.027450843466454e-12
TUR.39.3_1,2033,9,albopictus,20.725220511941348,54.683016221917725,2.1673203433045354e-4,0.08117604339392961,0.08083950378236845,0.0814942837132897,2.61924359978849e-12,2.324407333276213e-12,2.921018982249279e-12,0.9999999999973808,0.999999999997079,0.9999999999976755,2.1672968570918272e-5,5.652145418366672e-16,5.551115123125783e-16,6.661338147750939e-16
TUR.39.3_1,2033,10,albopictus,13.39562066863565,74.35018771023189,2.1358037466209434e-4,0.0017509144274731202,0.0017294733927276525,0.001773294264735061,0,0,0,1,1,1,2.0668854911920498e-5,0,0,0
TUR.39.3_1,2033,11,albopictus,8.824021117213896,79.45767390439482,1.2388721093799959e-4,0,0,0,0,0,0,1,1,1,1.2388644353933387e-5,0,0,0
TUR.39.3_1,2033,12,albopictus,1.657922354472034,70.9618223192005,1.0189917616240772e-4,0,0,0,0,0,0,1,1,1,9.86116197476683e-6,0,0,0
TUR.39.3_1,2034,1,albopictus,2.2300642357372187,79.49764697063485,9.82552013572038e-5,0,0,0,0,0,0,1,1,1,9.508522667012187e-6,0,0,0
TUR.39.3_1,2034,2,albopictus,0.880297857501051,75.4520942793755,7.349786407250801e-5,0,0,0,0,0,0,1,1,1,7.874740144742098e-6,0,0,0
TUR.39.3_1,2034,3,albopictus,5.104265357860747,77.29723832466782,9.022475671951907e-5,0,0,0,0,0,0,1,1,1,8.731389950833446e-6,0,0,0
TUR.39.3_1,2034,4,albopictus,9.35046611112707,65.66347556263214,1.1930564606953001e-4,0,0,0,0,0,0,1,1,1,1.1930493438061518e-5,0,0,0
TUR.39.3_1,2034,5,albopictus,12.250689450432272,69.69375775720025,1.6675774679748888e-4,1.765089578729875e-4,1.7210310999786718e-4,1.8087655893431485e-4,0,0,0,1,1,1,1.6137716249975398e-5,0,0,0
TUR.39.3_1,2034,6,albopictus,20.18704251682057,49.7965313910771,1.8756425097123306e-4,0.066034232325409975,0.06573988237286219,0.06630487005218538,7.417066960613284e-15,6.5503158452884236e-15,8.326672684688674e-15,0.9999999999999926,0.9999999999999917,0.9999999999999934,1.8756249196449915e-5,0,0,0
TUR.39.3_1,2034,7,albopictus,23.93195702047909,39.19056626956902,2.202631268206893e-4,0.10601226597829477,0.10552472464555777,0.10650527394883141,4.769029532281088e-9,4.184956042818655e-9,5.4156374357239294e-9,0.9999999952309705,0.9999999945843626,0.999999995815044,2.1315559286749775e-5,1.0504407343958633e-12,9.218042995584597e-13,1.1928985577114305e-12
TUR.39.3_1,2034,8,albopictus,24.815791130065918,48.43908484827657,2.615485788472942e-4,0.13646641677692956,0.1359213039078911,0.13703032349175964,4.88080371373878e-6,4.376795806446121e-6,5.444030437115611e-6,0.9999951191962863,0.9999945559695629,0.9999956232041936,2.531083246715138e-5,1.2765672753323188e-9,1.1447447323398306e-9,1.4238783901943108e-9
TUR.39.3_1,2034,9,albopictus,21.172953437356387,39.79246751586304,2.0846684744805347e-4,0.0708264845837336,0.07050990567552654,0.07116702467932091,5.4568127794141216e-14,4.796163466380676e-14,6.23945339839338e-14,0.9999999999999454,0.9999999999999376,0.999999999999952,2.0846467454149753e-5,0,0,0
TUR.39.3_1,2034,10,albopictus,16.10363420318155,50.46925204128658,2.0543537793169087e-4,0.013451726290487548,0.013357025785613723,0.013549817350191175,0,0,0,1,1,1,1.9880645403036468e-5,0,0,0
TUR.39.3_1,2034,11,albopictus,7.3286922140156525,70.91741358945342,1.1916270884072007e-4,0,0,0,0,0,0,1,1,1,1.191619988560877e-5,0,0,0
TUR.39.3_1,2034,12,albopictus,3.8294093431357075,76.72436504380987,9.801319900749959e-5,0,0,0,0,0,0,1,1,1,9.485103307116383e-6,0,0,0
TUR.39.3_1,2035,1,albopictus,0.6676944867872141,74.27439562786141,9.574588816081208e-5,0,0,0,0,0,0,1,1,1,9.26568818560014e-6,0,0,0
TUR.39.3_1,2035,2,albopictus,2.6111483771134827,77.6444999800591,7.162082186327918e-5,0,0,0,0,0,0,1,1,1,7.673630042948076e-6,0,0,0
TUR.39.3_1,2035,3,albopictus,4.746445562252227,75.39631364205063,8.792053089177442e-5,0,0,0,0,0,0,1,1,1,8.50840227673011e-6,0,0,0
TUR.39.3_1,2035,4,albopictus,10.043489792767694,69.5498891368509,1.1625873121972027e-4,0,0,0,0,0,0,1,1,1,1.1625805541815026e-5,0,0,0
TUR.39.3_1,2035,5,albopictus,15.004808369804831,63.3893525447979,1.624989654926882e-4,0.00770360582993719,0.007643534063914317,0.0077690203095379445,0,0,0,1,1,1,1.572558268969626e-5,0,0,0
TUR.39.3_1,2035,6,albopictus,21.284391683690686,34.342891406946244,1.8277409794490744e-4,0.06623169807349008,0.06590732469278858,0.06658037628676927,8.08375588690069e-15,6.994405055138486e-15,9.325873406851315e-15,0.9999999999999919,0.9999999999999907,0.999999999999993,1.8277242763709012e-5,0,0,0
TUR.39.3_1,2035,7,albopictus,24.433650746065027,35.070529190711596,2.146378859868702e-4,0.10243924353666493,0.10189977637729745,0.10296330871964073,1.8324229476007757e-9,1.576862548868796e-9,2.1077949829972907e-9,0.999999998167577,0.9999999978922051,0.9999999984231375,2.0771192597135446e-5,3.9330882994903503e-13,3.384986735355255e-13,4.524436381103669e-13
TUR.39.3_1,2035,8,albopictus,24.21468448638916,41.18995078455587,2.548689599433236e-4,0.11304983886282803,0.11250984295206697,0.11357199389110252,2.8454749531725553e-8,2.4864766318133392e-8,3.225677203677612e-8,0.9999999715452504,0.999999967743228,0.9999999751352338,2.4664433886933956e-5,7.2522333693925136e-12,6.3372113112691865e-12,8.221248681827831e-12
TUR.39.3_1,2035,9,albopictus,20.38124735215131,54.598761003411866,2.0314286862468475e-4,0.0745964011248096,0.07430458800833359,0.07491368213598561,2.382404273859606e-13,2.127104048454953e-13,2.6823543386456097e-13,0.9999999999997617,0.9999999999997318,0.9999999999997873,2.0314080528716083e-5,1.6653345369377347e-18,0,0
TUR.39.3_1,2035,10,albopictus,14.399374330745024,56.90652315945064,2.001888189940564e-4,0.004167340437851239,0.0041238864269371985,0.004214440099362479,0,0,0,1,1,1,1.9372923858007596e-5,0,0,0
TUR.39.3_1,2035,11,albopictus,6.929529444698026,74.81603419492217,1.1611944442640435e-4,0,0,0,0,0,0,1,1,1,1.161187702425348e-5,0,0,0
TUR.39.3_1,2035,12,albopictus,1.4792915777686764,79.05776195543096,9.551006624411582e-5,0,0,0,0,0,0,1,1,1,9.242866920944337e-6,0,0,0
TUR.39.3_1,2036,1,albopictus,1.6155338362954996,88.50418536174813,9.840743867115566e-5,0,0,0,0,0,0,1,1,1,9.523255170118539e-6,0,0,0
TUR.39.3_1,2036,2,albopictus,4.748920221977374,73.6359550581841,7.624073298295581e-5,0,0,0,0,0,0,1,1,1,7.88694127551448e-6,0,0,0
TUR.39.3_1,2036,3,albopictus,4.4104727763025195,64.48756120064438,9.036455160493185e-5,0,0,0,0,0,0,1,1,1,8.744918369885113e-6,0,0,0
TUR.39.3_1,2036,4,albopictus,9.242530682507685,67.00698905140167,1.1949049909355352e-4,0,0,0,0,0,0,1,1,1,1.1948978519749076e-5,0,0,0
TUR.39.3_1,2036,5,albopictus,13.927332822014304,57.973047002805714,1.670161224468433e-4,0.002602576772027787,0.002569354387120624,0.0026337558867978645,0,0,0,1,1,1,1.6162719941203996e-5,0,0,0
TUR.39.3_1,2036,6,albopictus,20.79437665378346,55.34028596871382,1.8785486436743835e-4,0.08333672635780459,0.08300191528059915,0.08364750607601015,5.507349909450454e-12,4.90721907553393e-12,6.109579508972729e-12,0.9999999999944926,0.9999999999938904,0.9999999999950928,1.878530999055439e-5,1.0345058143457208e-15,8.881784197001252e-16,1.1102230246251565e-15
TUR.39.3_1,2036,7,albopictus,22.468656315523035,51.76217576663933,2.2060440408974618e-4,0.10930092045318364,0.10884183315441028,0.10972714093618759,1.1155536719487102e-8,9.907755940674612e-9,1.2409811120384084e-8,0.9999999888444633,0.9999999875901888,0.999999990092244,2.134858541469331e-5,2.460961212591428e-12,2.1856905174644222e-12,2.7376156896963266e-12
TUR.39.3_1,2036,8,albopictus,24.210213661193848,44.220296701303916,2.619538240919391e-4,0.11960424222107256,0.11905447762241655,0.12012862044009372,1.3483247987611248e-7,1.1855484779998982e-7,1.5178876685839617e-7,0.9999998651675202,0.9999998482112331,0.9999998814451523,2.5350048755479193e-5,3.531988257421403e-11,3.105589674312626e-11,3.9761610670652197e-11
TUR.39.3_1,2036,9,albopictus,19.99663050034467,47.23282472411499,2.087898474772135e-4,0.060442363437514,0.06015514037941452,0.06071985580206081,5.889733145636455e-16,5.551115123125783e-16,6.661338147750939e-16,0.9999999999999994,0.9999999999999993,0.9999999999999994,2.0878766783249958e-5,0,0,0
TUR.39.3_1,2036,10,albopictus,13.167101228938384,49.70507281155025,2.0575368098023187e-4,8.098698326410086e-4,7.960618687298456e-4,8.235116752197665e-4,0,0,0,1,1,1,1.9911448310927504e-5,0,0,0
TUR.39.3_1,2036,11,albopictus,7.106809870723416,73.47686946103545,1.1934734039677569e-4,0,0,0,0,0,0,1,1,1,1.1934662821011521e-5,0,0,0
TUR.39.3_1,2036,12,albopictus,5.025681239498012,85.19553356187627,9.816506136127448e-5,0,0,0,0,0,0,1,1,1,9.499799524470554e-6,0,0,0
TUR.39.3_1,2037,1,albopictus,3.687677659203901,77.7059599589161,9.988292237601795e-5,0,0,0,0,0,0,1,1,1,9.666042545708464e-6,0,0,0
TUR.39.3_1,2037,2,albopictus,2.2959488827516052,72.7675239668755,7.47154486536422e-5,0,0,0,0,0,0,1,1,1,8.005194599758347e-6,0,0,0
TUR.39.3_1,2037,3,albopictus,5.403511669048491,68.06836411812485,9.171944332034184e-5,0,0,0,0,0,0,1,1,1,8.876035767824142e-6,0,0,0
TUR.39.3_1,2037,4,albopictus,9.771180489484003,64.50251822620636,1.2128209418716792e-4,0,0,0,0,0,0,1,1,1,1.2128135872258028e-5,0,0,0
TUR.39.3_1,2037,5,albopictus,18.34684938542983,38.82718442346001,1.6952029866001647e-4,0.031997441047528205,0.03180505374529883,0.03218659507116396,0,0,0,1,1,1,1.640505562849892e-5,0,0,0
TUR.39.3_1,2037,6,albopictus,21.14585141574635,39.863841724329056,1.9067148875067736e-4,0.07050362948041983,0.07017297082624586,0.0708269218283363,4.791211871690848e-14,4.185263247080684e-14,5.440370376419423e-14,0.999999999999952,0.9999999999999456,0.9999999999999581,1.9066967098191334e-5,0,0,0
TUR.39.3_1,2037,7,albopictus,26.733310475068933,26.677779404334643,2.2391206261486015e-4,0.09206563346923168,0.09144442620204861,0.09266250126457753,9.18224750678931e-11,7.556350545279145e-11,1.0966507979492945e-10,0.9999999999081776,0.999999999890335,0.9999999999244364,2.1668674516139852e-5,2.0558887925403723e-14,1.687538997430238e-14,2.453870440177752e-14
TUR.39.3_1,2037,8,albopictus,25.022753715515137,35.043403467050986,2.6588146009276633e-4,0.10648037579705626,0.10595623227954346,0.10700965071440413,5.394504843159176e-9,4.689200944207883e-9,6.177368336302003e-9,0.9999999946054952,0.9999999938226317,0.9999999953107991,2.573013285445125e-5,1.434299123914684e-12,1.2467776810964893e-12,1.6424639426304564e-12
TUR.39.3_1,2037,9,albopictus,22.259840796975528,36.64784471312866,2.1192036303430232e-4,0.08181391832956052,0.08141118578619516,0.08218926142549318,3.2709094321958787e-12,2.8377827865355697e-12,3.7146563602874495e-12,0.9999999999967291,0.9999999999962853,0.9999999999971623,2.119181175386231e-5,6.91779966643935e-16,5.551115123125783e-16,7.771561172376096e-16
TUR.39.3_1,2037,10,albopictus,14.269396150813384,63.02545016140377,2.0883867341171103e-4,0.004033219495070087,0.003990782600857231,0.004074833995618707,0,0,0,1,1,1,2.0209989976538445e-5,0,0,0
TUR.39.3_1,2037,11,albopictus,7.423191802028348,81.2630404205081,1.2113678902334292e-4,0,0,0,0,0,0,1,1,1,1.2113605531993699e-5,0,0,0
TUR.39.3_1,2037,12,albopictus,1.6106112719896961,76.77394084947393,9.963691095294386e-5,0,0,0,0,0,0,1,1,1,9.642235218487727e-6,0,0,0
TUR.39.3_1,2038,1,albopictus,1.885924600174322,83.90821520793953,1.0301037662421557e-4,0,0,0,0,0,0,1,1,1,9.96869643710152e-6,0,0,0
TUR.39.3_1,2038,2,albopictus,5.4344089228440735,71.28118058308644,7.705487907617384e-5,0,0,0,0,0,0,1,1,1,8.255845821314445e-6,0,0,0
TUR.39.3_1,2038,3,albopictus,6.338613654979888,65.13975236275375,9.459128923584937e-5,0,0,0,0,0,0,1,1,1,9.153953834828421e-6,0,0,0
TUR.39.3_1,2038,4,albopictus,9.988282540265253,62.168854285776675,1.250795822028673e-4,0,0,0,0,0,0,1,1,1,1.2507879996070947e-5,0,0,0
TUR.39.3_1,2038,5,albopictus,17.010635319878073,42.04680798913384,1.7482818278663557e-4,0.019263423355626634,0.019138239975148446,0.01939277449373367,0,0,0,1,1,1,1.6918713275693165e-5,0,0,0
TUR.39.3_1,2038,6,albopictus,20.3702719632317,45.19422883980757,1.9664164203933048e-4,0.06442843691684921,0.06413096652060263,0.06473627469204343,3.677391724465906e-15,3.219646771412954e-15,4.218847493575595e-15,0.9999999999999963,0.9999999999999958,0.9999999999999968,1.96639708655022e-5,0,0,0
TUR.39.3_1,2038,7,albopictus,24.908326878267175,41.32652589481316,2.3092301818954073e-4,0.11972889552536294,0.11913484905822684,0.12032488800294354,1.3880162680868225e-7,1.2077786784858714e-7,1.587564706639899e-7,0.9999998611983731,0.9999998412435294,0.9999998792221322,2.2347139156053686e-5,3.20524919938947e-11,2.7890439957545254e-11,3.666048298267555e-11
TUR.39.3_1,2038,8,albopictus,23.435681343078613,43.59135230433126,2.7420652790319467e-4,0.10880015339244183,0.10835497190858667,0.10928592123652224,9.82060700349674e-9,8.746323437724968e-9,1.1095251400972118e-8,0.999999990179393,0.9999999889047486,0.9999999912536767,2.6535763523960476e-5,2.6928738128262353e-12,2.3983093289103866e-12,3.0424385233374094e-12
TUR.39.3_1,2038,9,albopictus,22.328402350930606,41.3134903124939,2.185558440943793e-4,0.08958483851886884,0.08919564446004671,0.08998928570480899,4.244513451823195e-11,3.746475629728963e-11,4.809149189988204e-11,0.9999999999575548,0.9999999999519085,0.9999999999625353,2.1855345577859175e-5,9.277023593767808e-15,8.215650382226158e-15,1.0547118733938987e-14
TUR.39.3_1,2038,10,albopictus,14.24125989745645,54.70421450466549,2.1537766306892824e-4,0.0034512706108130982,0.003413749320426573,0.0034919689570956933,0,0,0,1,1,1,2.0842782437968665e-5,0,0,0
TUR.39.3_1,2038,11,albopictus,8.922069804195097,70.96349513242217,1.2492972735986713e-4,0,0,0,0,0,0,1,1,1,1.2492894699178692e-5,0,0,0
TUR.39.3_1,2038,12,albopictus,3.917420846355312,82.20491771714971,1.0275666228805185e-4,0,0,0,0,0,0,1,1,1,9.944143681273054e-6,0,0,0
TUR.39.3_1,2039,1,albopictus,3.6193755046628855,73.82128588665047,1.0661669149549706e-4,0,0,0,0,0,0,1,1,1,1.0317691110484084e-5,0,0,0
TUR.39.3_1,2039,2,albopictus,1.802643736057422,82.82926102742238,7.975251173633713e-5,0,0,0,0,0,0,1,1,1,8.54487546408933e-6,0,0,0
TUR.39.3_1,2039,3,albopictus,3.634612228283111,73.29996201851547,9.790285826650508e-5,0,0,0,0,0,0,1,1,1,9.474425272215647e-6,0,0,0
TUR.39.3_1,2039,4,albopictus,10.077444413129022,58.0889401927591,1.2945852316177103e-4,0,0,0,0,0,0,1,1,1,1.2945768518957124e-5,0,0,0
TUR.39.3_1,2039,5,albopictus,19.224221173454733,34.28055737878228,1.809487843819738e-4,0.039901947672951035,0.0396690680919735,0.04013139784325218,0,0,0,1,1,1,1.751101936242616e-5,0,0,0
TUR.39.3_1,2039,6,albopictus,22.694013876073498,36.478667926721634,2.035259162381003e-4,0.08702551671068308,0.08660064868309718,0.08744300556885354,1.8742970064877795e-11,1.628632229078164e-11,2.1404247818601616e-11,0.999999999981257,0.9999999999785958,0.9999999999837137,2.0352384511257426e-5,3.8157255133342005e-15,3.3306690738754696e-15,4.3298697960381105e-15
TUR.39.3_1,2039,7,albopictus,25.8717420241412,33.286856857947924,2.390074572714029e-4,0.10621550990981059,0.10564104890794325,0.10681639058237839,5.0348669794475494e-9,4.315506263452562e-9,5.874065761579672e-9,0.999999994965133,0.9999999941259342,0.9999999956844937,2.312948643878876e-5,1.2033694041235776e-12,1.0314082921070167e-12,1.4039047702141259e-12
TUR.39.3_1,2039,8,albopictus,26.790268898010254,41.96142753016134,2.838062897115336e-4,0.12973095874464544,0.12906688304096955,0.13040292709129062,1.245095170083421e-6,1.080388292351575e-6,1.4289766643416078e-6,0.9999987549048299,0.9999985710233357,0.9999989196117076,2.7464747647698573e-5,3.533658394783146e-10,3.0662102579182e-10,4.0555257208030323e-10
TUR.39.3_1,2039,9,albopictus,21.200249503640567,44.70735017577515,2.2620731782540298e-4,0.07709714608814194,0.07674178018017577,0.07743304908023246,6.076475989047481e-13,5.318995244252278e-13,6.860068069158842e-13,0.9999999999993924,0.999999999999314,0.9999999999994681,2.2620475935708484e-5,1.1102230246251565e-16,1.1102230246251565e-16,1.1102230246251565e-16
TUR.39.3_1,2039,10,albopictus,13.912242258296294,68.07197420925533,2.229178711015697e-4,0.0029985016292010903,0.0029672734479447055,0.00303318134017883,0,0,0,1,1,1,2.157246451439665e-5,0,0,0
TUR.39.3_1,2039,11,albopictus,8.320870654109648,77.65382563779326,1.2930342201479102e-4,0,0,0,0,0,0,1,1,1,1.293025860493735e-5,0,0,0
TUR.39.3_1,2039,12,albopictus,2.423661571872585,77.8643873216419,1.063540948135586e-4,0,0,0,0,0,0,1,1,1,1.0292278790235976e-5,0,0,0
TUR.39.3_1,2040,1,albopictus,2.682937421014204,75.41186205852547,9.744818886348924e-5,0,0,0,0,0,0,1,1,1,9.430425423229138e-6,0,0,0
TUR.39.3_1,2040,2,albopictus,-2.0931818288038757,71.32595749959034,7.549755838723613e-5,0,0,0,0,0,0,1,1,1,7.810061748214636e-6,0,0,0
TUR.39.3_1,2040,3,albopictus,6.557428504833403,70.37878892281235,8.94837017431998e-5,0,0,0,0,0,0,1,1,1,8.659675576727643e-6,0,0,0
TUR.39.3_1,2040,4,albopictus,9.93808303159826,59.332359839975894,1.1832573716273567e-4,0,0,0,0,0,0,1,1,1,1.183250371161737e-5,0,0,0
TUR.39.3_1,2040,5,albopictus,13.662033024956198,61.17335675622368,1.6538809325009025e-4,0.0020006764907202065,0.0019748854549833444,0.0020266397351014686,0,0,0,1,1,1,1.6005171262656326e-5,0,0,0
TUR.39.3_1,2040,6,albopictus,21.35187177097096,42.55951662056929,1.8602370459997575e-4,0.07680973296658114,0.07647249066100026,0.07718620694240978,5.466348484972628e-13,4.813871523623447e-13,6.266182017711231e-13,0.9999999999994533,0.9999999999993734,0.9999999999995186,1.8602197436989876e-5,1.1102230246251565e-16,1.1102230246251565e-16,1.1102230246251565e-16
TUR.39.3_1,2040,7,albopictus,25.294936909395105,27.45197984378777,2.1845401042996812e-4,0.09226461308313195,0.09167518291790681,0.09279573238619528,9.752234542137473e-11,8.112037985785746e-11,1.1418901102455692e-10,0.9999999999024777,0.999999999885811,0.9999999999188796,2.114048722356987e-5,2.130451370874198e-14,1.776079283644094e-14,2.4980018054066022e-14
TUR.39.3_1,2040,8,albopictus,24.3827543258667,44.9526651705422,2.5940036717068585e-4,0.12319392679464615,0.12267632294062318,0.12372445543376163,3.0364092658563546e-7,2.7006890337966105e-7,3.4095472692952097e-7,0.9999996963590734,0.9999996590452731,0.9999997299310965,2.5102946254906833e-5,7.87645684230398e-11,7.005600266563051e-11,8.84438078330163e-11
TUR.39.3_1,2040,9,albopictus,21.62672502854291,44.8145889453064,2.0675461900526346e-4,0.08404981627334951,0.08369853666082148,0.08441960615439519,7.010177882627034e-12,6.215944425846942e-12,7.922140721206004e-12,0.9999999999929898,0.9999999999920779,0.9999999999937841,2.0675248164625515e-5,1.4497292255555294e-15,1.3322676295501878e-15,1.6653345369377348e-15
TUR.39.3_1,2040,10,albopictus,15.713732088313384,44.310923031276815,2.0374804826006236e-4,0.009673678914234237,0.00958987216975752,0.009750206717172447,0,0,0,1,1,1,1.971735866779234e-5,0,0,0
TUR.39.3_1,2040,11,albopictus,7.806973235133817,57.158067581152636,1.1818397393924933e-4,0,0,0,0,0,0,1,1,1,1.1818327556922803e-5,0,0,0
TUR.39.3_1,2040,12,albopictus,3.51896260393893,79.35289745347784,9.720817418382206e-5,0,0,0,0,0,0,1,1,1,9.407198415023466e-6,0,0,0
TUR.39.3_1,2041,1,albopictus,1.9876613878809355,80.58233324993172,1.025306183701212e-4,0,0,0,0,0,0,1,1,1,9.922268680795376e-6,0,0,0
TUR.39.3_1,2041,2,albopictus,0.8325485337306472,73.99110337361378,7.669600538338175e-5,0,0,0,0,0,0,1,1,1,8.21739538525712e-6,0,0,0
TUR.39.3_1,2041,3,albopictus,4.421368266948882,65.9618577704686,9.415074185350285e-5,0,0,0,0,0,0,1,1,1,9.111320606547402e-6,0,0,0
TUR.39.3_1,2041,4,albopictus,10.500497200909784,59.2644773021341,1.2449703931789746e-4,1.8333413964123983e-19,3.5623020784049297e-22,4.991778860360318e-19,0,0,0,1,1,1,1.244962643454084e-5,0,0,0
TUR.39.3_1,2041,5,albopictus,17.24287790410659,43.96596310998345,1.7401394186752713e-4,0.02206470979541363,0.021923706828804478,0.022200668017850315,0,0,0,1,1,1,1.6839917097444257e-5,0,0,0
TUR.39.3_1,2041,6,albopictus,25.044590276830334,20.681964588098587,1.9572580759663936e-4,0.07927190130391885,0.07875849156981489,0.07978347768132897,1.340314526032671e-12,1.110145309013433e-12,1.601568877518389e-12,0.9999999999986597,0.9999999999983985,0.9999999999988899,1.9572389217903385e-5,2.5068835896036035e-16,2.220446049250313e-16,3.3306690738754696e-16
TUR.39.3_1,2041,7,albopictus,27.265666737275964,26.12037583988152,2.2984752242234273e-4,0.08955442295309465,0.08892834829331939,0.09015229492038332,4.215286653064254e-11,3.442465201786149e-11,5.0607806834079836e-11,0.9999999999578472,0.9999999999493921,0.9999999999655753,2.2243061240989626e-5,9.688472246693892e-15,7.882583474838611e-15,1.1657341758564144e-14
TUR.39.3_1,2041,8,albopictus,27.546992301940918,32.88382705103536,2.729294444733571e-4,0.10410616483563222,0.10342878995577627,0.10474597559292946,2.8801512177434317e-9,2.3908353546930884e-9,3.4038193708063603e-9,0.9999999971198488,0.9999999965961807,0.9999999976091647,2.6412178076751225e-5,7.860790907088244e-13,6.525724405292977e-13,9.290540559092619e-13
TUR.39.3_1,2041,9,albopictus,20.8871410594267,48.09769670287476,2.1753794693080177e-4,0.0760583671610785,0.07570679403662901,0.0763943357059818,4.134715902992525e-13,3.618078059375307e-13,4.676259379721159e-13,0.9999999999995866,0.9999999999995324,0.9999999999996382,2.175355808098356e-5,1.1102230246251565e-16,1.1102230246251565e-16,1.1102230246251565e-16
TUR.39.3_1,2041,10,albopictus,15.337055528865141,63.783796719020955,2.1437456789549902e-4,0.009907687945627082,0.00982861035682553,0.009985095515829998,0,0,0,1,1,1,2.0745710730185607e-5,0,0,0
TUR.39.3_1,2041,11,albopictus,7.992756621364285,77.2580584258792,1.2434788240553495e-4,0,0,0,0,0,0,1,1,1,1.2434710928932446e-5,0,0,0
TUR.39.3_1,2041,12,albopictus,1.2854587109211613,79.1761320115833,1.0227808567750589e-4,0,0,0,0,0,0,1,1,1,9.897830275273911e-6,0,0,0
TUR.39.3_1,2042,1,albopictus,2.610944785287275,77.950199766045,1.1354594059956408e-4,0,0,0,0,0,0,1,1,1,1.0988256460842116e-5,0,0,0
TUR.39.3_1,2042,2,albopictus,3.388980885200641,76.23998948201222,8.493579976323532e-5,0,0,0,0,0,0,1,1,1,9.100222853053452e-6,0,0,0
TUR.39.3_1,2042,3,albopictus,6.024629260906401,66.32478806832016,1.0426577652454755e-4,0,0,0,0,0,0,1,1,1,1.009018553155272e-5,0,0,0
TUR.39.3_1,2042,4,albopictus,12.669315674725702,49.788963843882144,1.3787231225098157e-4,3.1973128984119636e-4,3.128499477560052e-4,3.263948695266761e-4,0,0,0,1,1,1,1.3787136181608872e-5,0,0,0
TUR.39.3_1,2042,5,albopictus,17.015388432671042,46.07209561730767,1.9270903678216914e-4,0.020459300796927975,0.020326104592374793,0.0205953516410924,0,0,0,1,1,1,1.864908772764018e-5,0,0,0
TUR.39.3_1,2042,6,albopictus,21.58172444736256,45.930396747522416,2.1675350521094738e-4,0.08484960114015046,0.08446075851141231,0.08520888768745628,9.16256526206638e-12,8.03205835175902e-12,1.0305523101550306e-11,0.9999999999908374,0.9999999999896945,0.999999999991968,2.1675115612351803e-5,1.9854118349371673e-15,1.7763568394002505e-15,2.220446049250313e-15
TUR.39.3_1,2042,7,albopictus,27.686536564546472,25.704583374671557,2.5454106824668955e-4,0.08690663174822094,0.08630992317332492,0.08754522452473006,1.8086453890120424e-11,1.4810938586684584e-11,2.2121746101610996e-11,0.9999999999819136,0.9999999999778783,0.9999999999851891,2.4632703214511054e-5,4.603428749305749e-15,3.774758283725532e-15,5.662137425588298e-15
TUR.39.3_1,2042,8,albopictus,26.04898738861084,39.953267892710166,3.0225147358591117e-4,0.12289053908931136,0.12225716133330967,0.12349867825849574,2.839775924918797e-7,2.458757168227743e-7,3.2432190519016134e-7,0.9999997160224076,0.9999996756780948,0.9999997541242832,2.9249714823875728e-5,8.583264443640104e-11,7.43162698046973e-11,9.802681166792836e-11
TUR.39.3_1,2042,9,albopictus,23.634369681863223,39.96391145507202,2.4090902008598453e-4,0.1042305974289625,0.1037373628965747,0.10473254135170075,2.9727295060011372e-9,2.5982373141886227e-9,3.3916601721584174e-9,0.9999999970272705,0.9999999966083398,0.9999999974017626,2.4090611825178243e-5,7.161569115510247e-13,6.25907659035363e-13,8.171324727967999e-13
TUR.39.3_1,2042,10,albopictus,17.905624712214752,50.81939928860103,2.374057851133857e-4,0.03222769577088568,0.03205045892135519,0.03241259282060407,0,0,0,1,1,1,2.2974489480409588e-5,0,0,0
TUR.39.3_1,2042,11,albopictus,8.488938109401396,67.77555262753935,1.3770713074539475e-4,0,0,0,0,0,0,1,1,1,1.3770618258690526e-5,0,0,0
TUR.39.3_1,2042,12,albopictus,5.163740378749721,79.81227855699346,1.1326627719197946e-4,0,0,0,0,0,0,1,1,1,1.0961192557168431e-5,0,0,0
TUR.39.3_1,2043,1,albopictus,3.739140190293684,73.59301440227547,1.0825852157372925e-4,0,0,0,0,0,0,1,1,1,1.0476576240314728e-5,0,0,0
TUR.39.3_1,2043,2,albopictus,3.2094609934617493,73.41441269978566,8.098065032089276e-5,0,0,0,0,0,0,1,1,1,8.67646060798144e-6,0,0,0
TUR.39.3_1,2043,3,albopictus,5.810007717022124,79.08107468941391,9.941050078656621e-5,0,0,0,0,0,0,1,1,1,9.620324768255806e-6,0,0,0
TUR.39.3_1,2043,4,albopictus,9.683740952435663,66.33489279896027,1.3145210309966932e-4,0,0,0,0,0,0,1,1,1,1.314512391203948e-5,0,0,0
TUR.39.3_1,2043,5,albopictus,13.58126157872817,49.20653699304009,1.8373528199928563e-4,0.0014725891768915334,0.001451597877860998,0.0014929340726662053,0,0,0,1,1,1,1.7780675663825463e-5,0,0,0
TUR.39.3_1,2043,6,albopictus,22.4836752835442,31.134048175745072,2.06660087504272e-4,0.07684919416253641,0.07644948222564997,0.07725091813048224,5.549919412928261e-13,4.772821027287932e-13,6.417172349060251e-13,0.999999999999445,0.9999999999993582,0.9999999999995227,2.066579520998424e-5,1.1102230246251565e-16,1.1102230246251565e-16,1.1102230246251565e-16
TUR.39.3_1,2043,7,albopictus,27.736995472627527,20.136445252112964,2.4268802198191598e-4,0.07531862137239663,0.07464451214831559,0.07590587227471834,3.146919391738834e-13,2.422478884156476e-13,3.8980207950345403e-13,0.9999999999996854,0.9999999999996102,0.9999999999997577,2.3485661818645198e-5,1.1013412404281553e-16,1.1102230246251565e-16,1.1102230246251565e-16
TUR.39.3_1,2043,8,albopictus,27.2175931930542,35.343458017221884,2.8817672830143827e-4,0.11136816022863585,0.11072977236835126,0.11201705155330514,1.8800431805021666e-8,1.597624047777746e-8,2.2016016085202315e-8,0.9999999811995682,0.9999999779839839,0.9999999840237596,2.788768161221533e-5,5.4178468378296426e-12,4.603933900781954e-12,6.344522129886343e-12
TUR.39.3_1,2043,9,albopictus,21.262888740090762,49.835333269036866,2.2969076842879808e-4,0.08477888600562285,0.08440744718624767,0.08511395824113134,8.948659702134876e-12,7.889949804607e-12,9.985931526124147e-12,0.9999999999910514,0.9999999999900141,0.9999999999921101,2.2968813055634918e-5,2.0553558854885525e-15,1.7763568394002505e-15,2.3314683517128287e-15
TUR.39.3_1,2043,10,albopictus,14.453164423213286,52.838266781276815,2.2635066629166897e-4,0.004118870386844175,0.004076038679494198,0.004161799003938805,0,0,0,1,1,1,2.1904663278893288e-5,0,0,0
TUR.39.3_1,2043,11,albopictus,8.246761576656034,74.68547999570342,1.3129461349245194e-4,0,0,0,0,0,0,1,1,1,1.3129375158293932e-5,0,0,0
TUR.39.3_1,2043,12,albopictus,5.060292703044765,79.36882762925909,1.0799188106783787e-4,0,0,0,0,0,0,1,1,1,1.0450772590431257e-5,0,0,0
TUR.39.3_1,2044,1,albopictus,3.904834665467634,78.34566180217782,1.1836221139579702e-4,0,0,0,0,0,0,1,1,1,1.1454341952932268e-5,0,0,0
TUR.39.3_1,2044,2,albopictus,3.967767735176227,74.62081071003956,9.170060593137024e-5,0,0,0,0,0,0,1,1,1,9.486224584631664e-6,0,0,0
TUR.39.3_1,2044,3,albopictus,9.483875896343413,60.37756821968735,1.0868841120325181e-4,0,0,0,0,0,0,1,1,1,1.0518178025775704e-5,0,0,0
TUR.39.3_1,2044,4,albopictus,11.051028588238886,60.163353492319644,1.4372043317540376e-4,9.139765862323279e-8,8.132639875606867e-8,1.0115012909575466e-7,0,0,0,1,1,1,1.437194004016984e-5,0,0,0
TUR.39.3_1,2044,5,albopictus,15.613973561455222,59.74992535973931,2.0088316349355334e-4,0.011312232370153224,0.011227332018436217,0.01139306302799246,0,0,0,1,1,1,1.9440117183022743e-5,0,0,0
TUR.39.3_1,2044,6,albopictus,20.567459386937756,49.762122821741166,2.2594752457981432e-4,0.0725005518656497,0.07217748041921981,0.07282393555669753,1.0601242106389464e-13,9.314216065092751e-14,1.2012613126444194e-13,0.999999999999894,0.9999999999998799,0.9999999999999069,2.259449719843598e-5,0,0,0
TUR.39.3_1,2044,7,albopictus,26.400224461274988,36.819884506873706,2.653379202254134e-4,0.11566614222269064,0.1150289039421456,0.1163116194233763,5.361942118575769e-8,4.5895897024528234e-8,6.234983456476772e-8,0.9999999463805788,0.9999999376501655,0.9999999541041029,2.567753357407554e-5,1.4227265809907408e-11,1.2177905905907948e-11,1.654381076576783e-11
TUR.39.3_1,2044,8,albopictus,25.225455284118652,44.51010688196798,3.1507205473274417e-4,0.13009587211121426,0.12952185784399675,0.13065850656951405,1.3428972944565798e-6,1.1887880662725393e-6,1.5069109659926472e-6,0.9999986571027055,0.999998493089034,0.9999988112119337,3.0490379165359904e-5,4.231094101747601e-10,3.7455392398744183e-10,4.747855636422216e-10
TUR.39.3_1,2044,9,albopictus,20.40695841172162,59.40636674682007,2.5112764236224117e-4,0.08071428143501502,0.08039819507199027,0.0810142261609543,2.2279740274910865e-12,1.9905632697714283e-12,2.4710372636960187e-12,0.999999999997772,0.9999999999975289,0.9999999999980094,2.5112448913344743e-5,5.574429806642911e-16,5.523359547510155e-16,6.661338147750939e-16
TUR.39.3_1,2044,10,albopictus,15.354820574031157,64.5825866970483,2.474758108990785e-4,0.010143539251653951,0.01007004860642064,0.010225550064402702,0,0,0,1,1,1,2.3948985240940246e-5,0,0,0
TUR.39.3_1,2044,11,albopictus,10.382078902248075,74.98407923886748,1.4354824517661042e-4,0,0,0,0,0,0,1,1,1,1.435472148769712e-5,0,0,0
TUR.39.3_1,2044,12,albopictus,6.638276797664516,80.47429637925909,1.1807068552359576e-4,0,0,0,0,0,0,1,1,1,1.142613009452731e-5,0,0,0
TUR.39.3_1,2045,1,albopictus,4.457981862237348,81.91019885051766,1.1666212665654135e-4,0,0,0,0,0,0,1,1,1,1.1289819494386677e-5,0,0,0
TUR.39.3_1,2045,2,albopictus,2.958744068794391,69.74204178914113,8.726680123772946e-5,0,0,0,0,0,0,1,1,1,9.349970707117627e-6,0,0,0
TUR.39.3_1,2045,3,albopictus,6.604376460918608,71.16747758248032,1.0712727520349681e-4,0,0,0,0,0,0,1,1,1,1.0367101926034294e-5,0,0,0
TUR.39.3_1,2045,4,albopictus,9.942674973431757,70.8062139049173,1.4165611794946003e-4,0,0,0,0,0,0,1,1,1,1.416551146316003e-5,0,0,0
TUR.39.3_1,2045,5,albopictus,17.4802064334645,46.51352857018853,1.9799779664714685e-4,0.025413796213608973,0.025259957815167537,0.02556705971070869,0,0,0,1,1,1,1.9160893522607303e-5,0,0,0
TUR.39.3_1,2045,6,albopictus,22.783157629125256,40.11708040230757,2.2270214808776633e-4,0.09393885642260803,0.0935088730936823,0.09435976409619021,1.6146293169150283e-10,1.4162682970830786e-10,1.8270398527420186e-10,0.999999999838537,0.999999999817296,0.9999999998583732,2.2269966829413512e-5,3.5956904120837405e-14,3.1527558341792885e-14,4.063693825884229e-14
TUR.39.3_1,2045,7,albopictus,27.186511769014245,23.144889084510424,2.615267634076972e-4,0.08362888971295479,0.08302169408502384,0.08421350297955081,6.10135564294012e-12,4.9403869883946075e-12,7.393130552202364e-12,0.9999999999938987,0.9999999999926069,0.9999999999950595,2.530872134898221e-5,1.5957235532937374e-15,1.3322676295501878e-15,1.887379141862766e-15
TUR.39.3_1,2045,8,albopictus,27.7760648727417,36.93387015711446,3.105465462473892e-4,0.11355454229296282,0.11288372906531925,0.11423300523572628,3.223213173986217e-8,2.725891216359688e-8,3.787712051506186e-8,0.9999999677678683,0.9999999621228794,0.9999999727410879,3.0052439988659252e-5,1.0009576945080312e-11,8.465200762586278e-12,1.1762599227971291e-11
TUR.39.3_1,2045,9,albopictus,24.361090491799747,36.19499055663452,2.4752059356389084e-4,0.10408051757522807,0.10354701497629487,0.10462584564632885,2.856882485802181e-9,2.468344323380833e-9,3.2965624452430117e-9,0.9999999971431175,0.9999999967034375,0.9999999975316556,2.4751753026741596e-5,7.071363494759453e-13,6.109390771058542e-13,8.159389830453278e-13
TUR.39.3_1,2045,10,albopictus,14.615066850886626,61.375837734645955,2.4392121484614107e-4,0.00542503797274813,0.005373160335440228,0.005478793318996057,0,0,0,1,1,1,2.3605000253668074e-5,0,0,0
TUR.39.3_1,2045,11,albopictus,8.2085573835408,71.98565852353545,1.4148640315715362e-4,0,0,0,0,0,0,1,1,1,1.414854022419032e-5,0,0,0
TUR.39.3_1,2045,12,albopictus,6.648716670406215,83.684356498888,1.1637478808939788e-4,0,0,0,0,0,0,1,1,1,1.126201284973316e-5,0,0,0
TUR.39.3_1,2046,1,albopictus,4.105010785272016,86.61351458538094,1.053264974959981e-4,0,0,0,0,0,0,1,1,1,1.0192834907107873e-5,0,0,0
TUR.39.3_1,2046,2,albopictus,2.416182418518207,77.83815690144581,7.878740758009404e-5,0,0,0,0,0,0,1,1,1,8.441472325593224e-6,0,0,0
TUR.39.3_1,2046,3,albopictus,4.707667734035674,74.06801316597641,9.671811244014845e-5,0,0,0,0,0,0,1,1,1,9.35977353000439e-6,0,0,0
TUR.39.3_1,2046,4,albopictus,12.994058945599726,64.91662650257355,1.278919147121516e-4,8.047436192405682e-4,7.915750367113038e-4,8.177091890615227e-4,0,0,0,1,1,1,1.2789109689825828e-5,0,0,0
TUR.39.3_1,2046,5,albopictus,14.278328839470358,57.71550916100884,1.7875908000687495e-4,0.0037519679215932003,0.0037123445552747886,0.003790537017855008,0,0,0,1,1,1,1.729911617565083e-5,0,0,0
TUR.39.3_1,2046,6,albopictus,19.60129575168385,56.117835712366166,2.010630006083838e-4,0.06184215930802485,0.06157429924636995,0.062105410948269345,1.142641536944211e-15,9.992007221626409e-16,1.3322676295501878e-15,0.9999999999999989,0.9999999999999987,0.999999999999999,2.0106097930572275e-5,0,0,0
TUR.39.3_1,2046,7,albopictus,24.404645695405847,35.948817459754565,2.3611517105541122e-4,0.10395420039627522,0.10343037408025929,0.10445941665528023,2.7606336273633403e-9,2.3918583391679958e-9,3.153321923021757e-9,0.9999999972393664,0.9999999968466781,0.9999999976081416,2.2849594207507984e-5,6.518272588351692e-13,5.647482481663246e-13,7.445349892165608e-13
TUR.39.3_1,2046,8,albopictus,26.920605659484863,33.416734536997275,2.803718821448596e-4,0.10713049907085696,0.10650511629700106,0.1077650019856241,6.396631070937353e-9,5.415413678599989e-9,7.51364099826901e-9,0.9999999936033689,0.999999992486359,0.9999999945845863,2.713239469809281e-5,1.7934368434779913e-12,1.5183382329198024e-12,2.106614882535496e-12
TUR.39.3_1,2046,9,albopictus,20.717125724343692,48.04766313353882,2.234699291481956e-4,0.07312900277017047,0.07282642612564554,0.0734317526952679,1.3549494859432799e-13,1.2023437800934288e-13,1.5210332993120802e-13,0.9999999999998646,0.9999999999998479,0.9999999999998798,2.2346743222656507e-5,0,0,0
TUR.39.3_1,2046,10,albopictus,14.038780534968657,61.032148769802205,2.2022028880331883e-4,0.00308674601328847,0.003049262792977606,0.0031240045653854053,0,0,0,1,1,1,2.131141376049417e-5,0,0,0
TUR.39.3_1,2046,11,albopictus,9.729430453303983,74.22315394589873,1.2773869048112485e-4,0,0,0,0,0,0,1,1,1,1.2773787462561081e-5,0,0,0
TUR.39.3_1,2046,12,albopictus,2.5418584169272114,74.13656597154424,1.0506707855910662e-4,0,0,0,0,0,0,1,1,1,1.0167730104315709e-5,0,0,0
TUR.39.3_1,2047,1,albopictus,4.326914586236372,77.54374377239266,1.0726527944596742e-4,0,0,0,0,0,0,1,1,1,1.0380457036829327e-5,0,0,0
TUR.39.3_1,2047,2,albopictus,0.4537934560109588,76.69509049519581,8.023767515124312e-5,0,0,0,0,0,0,1,1,1,8.59685681298128e-6,0,0,0
TUR.39.3_1,2047,3,albopictus,6.403172637829009,74.47617814400375,9.849843681333089e-5,0,0,0,0,0,0,1,1,1,9.532061358008548e-6,0,0,0
TUR.39.3_1,2047,4,albopictus,8.451024392071893,71.05471091419464,1.302460662474797e-4,0,0,0,0,0,0,1,1,1,1.302452180496072e-5,0,0,0
TUR.39.3_1,2047,5,albopictus,16.142714444328757,59.19854138757134,1.8204956137623425e-4,0.015554379328273863,0.015448130626688556,0.01565425770456801,0,0,0,1,1,1,1.7617544297299226e-5,0,0,0
TUR.39.3_1,2047,6,albopictus,21.56236295139088,42.65428133004195,2.0476403810278082e-4,0.08013217770598613,0.07977587866323511,0.08050863272383176,1.8161986359288562e-12,1.5972473343950356e-12,2.069461269016415e-12,0.9999999999981838,0.9999999999979305,0.9999999999984028,2.0476194170115924e-5,3.6060043839825087e-16,3.3306690738754696e-16,4.440892098500626e-16
TUR.39.3_1,2047,7,albopictus,23.68166519613827,49.73255464237175,2.4046142620144927e-4,0.1250497437847976,0.12451326355746539,0.12551698343240578,4.5704963559012323e-7,4.057176975269527e-7,5.052776182984386e-7,0.9999995429503644,0.9999994947223817,0.9999995942823026,2.327018984504825e-5,1.099028053008766e-10,9.75594494079246e-11,1.2149977968167745e-10
TUR.39.3_1,2047,8,albopictus,24.937636375427246,38.8342569674172,2.855327861652561e-4,0.11423757836622689,0.11369613019065608,0.11477715044287179,3.8000526550341365e-8,3.3247211742026826e-8,4.3198030344471224e-8,0.9999999619994735,0.9999999568019696,0.9999999667527882,2.7631823346863094e-5,1.0850395915085187e-11,9.493200670007695e-12,1.233449176130108e-11
TUR.39.3_1,2047,9,albopictus,23.412249396829043,33.11724321166382,2.2758341887104436e-4,0.08969341180869259,0.08925283236911487,0.09016204030949597,4.394149244468792e-11,3.814796811774101e-11,5.0762252734593e-11,0.9999999999560585,0.9999999999492377,0.9999999999618521,2.2758082917961886e-5,1.0001444117335722e-14,8.659739592076221e-15,1.1546319456101628e-14
TUR.39.3_1,2047,10,albopictus,12.39930089782266,70.54162447781002,2.2427396125136663e-4,2.6527153230055365e-4,2.5936196669266553e-4,2.714417406154905e-4,0,0,0,1,1,1,2.1703696205355172e-5,0,0,0
TUR.39.3_1,2047,11,albopictus,9.892825858119657,81.10704981992217,1.3009002156404568e-4,0,0,0,0,0,0,1,1,1,1.3008917539747422e-5,0,0,0
TUR.39.3_1,2047,12,albopictus,6.799827319515102,81.78847484605596,1.0700108529330134e-4,0,0,0,0,0,0,1,1,1,1.03548901257966e-5,0,0,0
TUR.39.3_1,2048,1,albopictus,4.596595801522627,81.83927599895516,1.170853450589633e-4,0,0,0,0,0,0,1,1,1,1.133077565074192e-5,0,0,0
TUR.39.3_1,2048,2,albopictus,4.404444475822589,80.57232590779347,9.071135931794328e-5,0,0,0,0,0,0,1,1,1,9.383889693626024e-6,0,0,0
TUR.39.3_1,2048,3,albopictus,6.901130344280425,69.89625260689438,1.0751590376331142e-4,0,0,0,0,0,0,1,1,1,1.0404710750977486e-5,0,0,0
TUR.39.3_1,2048,4,albopictus,10.228143074933222,66.93592887073761,1.421700077408605e-4,0,0,0,0,0,0,1,1,1,1.4216899713037634e-5,0,0,0
TUR.39.3_1,2048,5,albopictus,15.887987080742331,56.60484860803032,1.987160786944712e-4,0.012889858735452456,0.012793703249779622,0.012979751496528184,0,0,0,1,1,1,1.9230403354164594e-5,0,0,0
TUR.39.3_1,2048,6,albopictus,26.20736722385182,21.169131946497025,2.2351005078961853e-4,0.08165203353083046,0.08109133088831226,0.08220360729325527,3.0999741662540713e-12,2.538477761326874e-12,3.73307496026598e-12,0.9999999999969,0.999999999996267,0.9999999999974616,2.235075529710695e-5,6.91779966643935e-16,5.551115123125783e-16,8.881784197001252e-16
TUR.39.3_1,2048,7,albopictus,26.74288536520565,34.681334702186206,2.624755112333377e-4,0.11042211057160783,0.10976452310229946,0.11106272967314916,1.4836617214020186e-8,1.2527814313711971e-8,1.7364644741557635e-8,0.9999999851633827,0.9999999826353553,0.9999999874721857,2.5400533326780383e-5,3.8942493674198885e-12,3.2882224720864882e-12,4.557762500745354e-12
TUR.39.3_1,2048,8,albopictus,24.541401863098145,45.967611154428916,3.116731244861642e-4,0.12731385795009367,0.12676342288853037,0.12792782142712422,7.460452545938745e-7,6.616882751997455e-7,8.488941715650843e-7,0.9999992539547454,0.9999991511058285,0.9999993383117248,3.0161460406907814e-5,2.3252225545000727e-10,2.0623044105771982e-10,2.645774904719289e-10
TUR.39.3_1,2048,9,albopictus,22.37070352890912,42.661863725579835,2.484185308223385e-4,0.09228011545935665,0.09186532077052251,0.09268607664319432,9.781683962817311e-11,8.599267964370939e-11,1.1045279413313124e-10,0.9999999999021831,0.9999999998895471,0.9999999999140073,2.4841544525977532e-5,2.43003395183905e-14,2.1316282072803006e-14,2.7422508708241367e-14
TUR.39.3_1,2048,10,albopictus,13.680070245967192,68.27388613552486,2.4480609453951345e-4,0.002294507926457898,0.002268667236906137,0.002322291485399566,0,0,0,1,1,1,2.369063174734176e-5,0,0,0
TUR.39.3_1,2048,11,albopictus,10.016826407436064,73.37154566953154,1.4199967726953878e-4,0,0,0,0,0,0,1,1,1,1.4199866907871339e-5,0,0,0
TUR.39.3_1,2048,12,albopictus,4.861685496700161,83.30990581529424,1.1679696410580456e-4,0,0,0,0,0,0,1,1,1,1.130286813233461e-5,0,0,0
TUR.39.3_1,2049,1,albopictus,5.627327241113081,76.98677508342782,1.082923544674519e-4,0,0,0,0,0,0,1,1,1,1.047985035707022e-5,0,0,0
TUR.39.3_1,2049,2,albopictus,4.953790922813556,75.71706315144581,8.100595834926845e-5,0,0,0,0,0,0,1,1,1,8.679172158854165e-6,0,0,0
TUR.39.3_1,2049,3,albopictus,5.34623446644229,78.45948502876938,9.944156850169046e-5,0,0,0,0,0,0,1,1,1,9.623331292396564e-6,0,0,0
TUR.39.3_1,2049,4,albopictus,7.700377324048212,70.73477225452667,1.3149318443875596e-4,0,0,0,0,0,0,1,1,1,1.3149231991915755e-5,0,0,0
TUR.39.3_1,2049,5,albopictus,15.365930501152487,69.41896985436821,1.8379270284873581e-4,0.010933621922062644,0.010853402338653175,0.011017060077719543,0,0,0,1,1,1,1.7786232421324044e-5,0,0,0
TUR.39.3_1,2049,6,albopictus,20.53402928745045,52.653045368127884,2.0672467280135167e-4,0.07518704121279111,0.07488634638151694,0.07549953519485222,2.9800428791304514e-13,2.6556257193277587e-13,3.3473501748204627e-13,0.999999999999702,0.9999999999996653,0.9999999999997344,2.067225360613545e-5,1.0647038806155251e-16,0,1.1102230246251565e-16
TUR.39.3_1,2049,7,albopictus,28.340699925142175,19.432311264686206,2.4276386670929733e-4,0.07033455927576851,0.06971682019376448,0.07096958354065096,4.4999559634106844e-14,3.47499806707674e-14,5.76289016507303e-14,0.999999999999955,0.9999999999999424,0.99999999999996525,2.3493001458652074e-5,0,0,0
TUR.39.3_1,2049,8,albopictus,28.158692359924316,30.93614753138204,2.8826678913434296e-4,0.0961064670939317,0.09544972501579158,0.09675459801007723,3.072441057128117e-10,2.522848097097352e-10,3.6935808023219604e-10,0.9999999996927559,0.999999999630642,0.9999999997477151,2.7896396933568823e-5,8.856826383407678e-14,7.271960811294775e-14,1.0647316361911407e-13
TUR.39.3_1,2049,9,albopictus,19.951794456033145,58.1893448046814,2.2976255126163516e-4,0.07034822431774834,0.07007051767750261,0.07063862003733534,4.49748016606577e-14,4.007905118896815e-14,5.051514762044462e-14,0.999999999999955,0.9999999999999495,0.9999999999999599,2.29759911740679e-5,0,0,0
TUR.39.3_1,2049,10,albopictus,13.999087656245512,58.51758425564205,2.2642140527762012e-4,0.0028417692124711276,0.0028099066031281087,0.0028722000900038166,0,0,0,1,1,1,2.1911508837235694e-5,0,0,0
TUR.39.3_1,2049,11,albopictus,7.099762694362332,73.43560969541045,1.31335645612973e-4,0,0,0,0,0,0,1,1,1,1.3133478316440517e-5,0,0,0
TUR.39.3_1,2049,12,albopictus,4.415021163356655,80.5128477098255,1.08025630631216e-4,0,0,0,0,0,0,1,1,1,1.0454038643081809e-5,0,0,0
TUR.39.3_1,2050,1,albopictus,6.2194731609128855,80.22311083782235,1.1029019381626065e-4,0,0,0,0,0,0,1,1,1,1.0673187603948975e-5,0,0,0
TUR.39.3_1,2050,2,albopictus,4.692750712089679,76.98828812703175,8.250040264197954e-5,0,0,0,0,0,0,1,1,1,8.839289787787585e-6,0,0,0
TUR.39.3_1,2050,3,albopictus,4.534890319713774,72.94097611763657,1.0127612348423682e-4,0,0,0,0,0,0,1,1,1,9.800867147080616e-6,0,0,0
TUR.39.3_1,2050,4,albopictus,11.574480393353632,64.88191275745636,1.3391904598054072e-4,1.1023379248297623e-5,1.0556363970140678e-5,1.1494316857446277e-5,0,0,0,1,1,1,1.3391814926877466e-5,0,0,0
TUR.39.3_1,2050,5,albopictus,14.395052853752585,68.31025861169243,1.8718341584579674e-4,0.004921699451703864,0.004875415091028776,0.0049678782857694535,0,0,0,1,1,1,1.811436004706124e-5,0,0,0
TUR.39.3_1,2050,6,albopictus,19.372059148900647,63.63654298775679,2.1053844790785086e-4,0.06439821963593606,0.0641287109982886,0.06465385926037373,3.6269875991479236e-15,3.219646771412954e-15,4.107825191113079e-15,0.9999999999999963,0.9999999999999959,0.9999999999999968,2.105362316018322e-5,0,0,0
TUR.39.3_1,2050,7,albopictus,25.05703140707577,39.17704698245964,2.47242513496191e-4,0.11584440118906372,0.11526265288542022,0.11639364749537308,5.5917642993286166e-8,4.854502664575211e-8,6.357532041090241e-8,0.999999944082357,0.9999999364246795,0.9999999514549733,2.3926408613372807e-5,1.3825219524754573e-11,1.2002371319042027e-11,1.571850705150979e-11
TUR.39.3_1,2050,8,albopictus,27.040385246276855,33.964883645883994,2.935848998829687e-4,0.10829158493163181,0.10762725896456896,0.1089555220056692,8.634545757946199e-9,7.250869582531294e-9,1.0199570937841074e-8,0.9999999913654543,0.999999989800429,0.9999999927491304,2.841103832296188e-5,2.5349725651935274e-12,2.1287638318767673e-12,2.9944519086555488e-12
TUR.39.3_1,2050,9,albopictus,22.199320624856387,32.69093934813843,2.34001342338351e-4,0.0756681031499573,0.07527600466765606,0.07602590704509392,3.575149065682126e-13,3.0762337122069997e-13,4.076877724301653e-13,0.9999999999996425,0.9999999999995923,0.9999999999996924,2.3399860452855137e-5,1.1102230246251565e-16,1.1102230246251565e-16,1.1102230246251565e-16
TUR.39.3_1,2050,10,albopictus,14.698723161921782,52.23909991115963,2.3059855698053338e-4,0.00509145147637548,0.005038685639728369,0.0051439657246430265,0,0,0,1,1,1,2.2315740385359106e-5,0,0,0
TUR.39.3_1,2050,11,albopictus,9.005884425166776,79.5554217071292,1.3375860078831424e-4,0,0,0,0,0,0,1,1,1,1.3375770622436889e-5,0,0,0
TUR.39.3_1,2050,12,albopictus,1.489456959945314,68.90836315172002,1.1001854930600379e-4,0,0,0,0,0,0,1,1,1,1.0646899705868407e-5,0,0,0
TUR.39.3_1,2051,1,albopictus,3.6216462032102488,73.46030108440438,1.077536219740508e-4,0,0,0,0,0,0,1,1,1,1.0427715499417012e-5,0,0,0
TUR.39.3_1,2051,2,albopictus,0.3898409206201049,76.29957505330128,8.060297014076141e-5,0,0,0,0,0,0,1,1,1,8.635995224715032e-6,0,0,0
TUR.39.3_1,2051,3,albopictus,8.488965179332915,68.09939286568344,9.894686687284434e-5,0,0,0,0,0,0,1,1,1,9.575457400767817e-6,0,0,0
TUR.39.3_1,2051,4,albopictus,12.929926255170038,54.167538215220034,1.3083903252317236e-4,5.86427637627435e-4,5.762301399184091e-4,5.975993979089392e-4,0,0,0,1,1,1,1.3083817658410268e-5,0,0,0
TUR.39.3_1,2051,5,albopictus,13.987526837517233,68.40913556481743,1.828783714394544e-4,0.0032733084278574296,0.0032372890394475416,0.0033087672591043836,0,0,0,1,1,1,1.769775030646681e-5,0,0,0
TUR.39.3_1,2051,6,albopictus,23.64748601352467,25.174815845422806,2.0569625949393508e-4,0.07913336063439368,0.07868281528277808,0.07959211579295085,1.274198857537101e-12,1.0803385963598088e-12,1.4962087124814613e-12,0.9999999999987258,0.9999999999985038,0.9999999999989196,2.056941439609883e-5,2.465805337692473e-16,2.220446049250313e-16,3.3306690738754696e-16
TUR.39.3_1,2051,7,albopictus,27.96770264120663,24.27862092655144,2.4155616572372777e-4,0.08233992872460061,0.08171970998960161,0.08300613277943894,3.936536541182534e-12,3.1585595250405165e-12,4.914316176218847e-12,0.9999999999960635,0.9999999999950857,0.9999999999968414,2.337612990854776e-5,9.499068198692838e-16,7.771561172376096e-16,1.2212453270876722e-15
TUR.39.3_1,2051,8,albopictus,27.22667407989502,30.946458658091025,2.868327203412247e-4,0.10050822426904372,0.09988961521867425,0.10113815938857912,1.0775591907652426e-9,9.029613751154741e-10,1.2783952590966764e-9,0.9999999989224408,0.9999999987216047,0.9999999990970386,2.7757619944446255e-5,3.09080427918218e-13,2.5899837829967963e-13,3.667066650336892e-13
TUR.39.3_1,2051,9,albopictus,22.71213991501752,41.91294709960327,2.2861952918274428e-4,0.09594506305415262,0.09547998901284349,0.09636991775764031,2.923527352427513e-10,2.545411437182565e-10,3.30285260252694e-10,0.9999999997076473,0.9999999996697148,0.9999999997454588,2.286169158582929e-5,6.683797959539106e-14,5.817291093279664e-14,7.54979412320722e-14
TUR.39.3_1,2051,10,albopictus,12.524826372371,60.89650576443111,2.252950047221566e-4,2.921849644095094e-4,2.862722225648187e-4,2.985495028699776e-4,0,0,0,1,1,1,2.1802504714396598e-5,0,0,0
TUR.39.3_1,2051,11,albopictus,8.121692435268095,77.58682429501982,1.306822774210866e-4,0,0,0,0,0,0,1,1,1,1.3068142353245271e-5,0,0,0
TUR.39.3_1,2051,12,albopictus,2.172442656886928,78.30083446519659,1.0748822503478793e-4,0,0,0,0,0,0,1,1,1,1.0402032192158295e-5,0,0,0
TUR.39.3_1,2052,1,albopictus,0.9998546020292185,72.46698443401375,1.0842443023561587e-4,0,0,0,0,0,0,1,1,1,1.0492631748904024e-5,0,0,0
TUR.39.3_1,2052,2,albopictus,3.160998125724933,80.14173050984425,8.400135341441088e-5,0,0,0,0,0,0,1,1,1,8.689757424629185e-6,0,0,0
TUR.39.3_1,2052,3,albopictus,4.729532386669341,72.03044602730454,9.95628496541031e-5,0,0,0,0,0,0,1,1,1,9.635068065061425e-6,0,0,0
TUR.39.3_1,2052,4,albopictus,11.391057351056268,59.0115361705423,1.3165355645604638e-4,2.774760187240861e-6,2.6158254911247915e-6,2.943486558514298e-6,0,0,0,1,1,1,1.3165268982651135e-5,0,0,0
TUR.39.3_1,2052,5,albopictus,17.38897985570571,56.7213952388897,1.8401686052386487e-4,0.028208197431589824,0.028049751224358963,0.028367598674423303,0,0,0,1,1,1,1.7807924713508783e-5,0,0,0
TUR.39.3_1,2052,6,albopictus,20.990257543676037,45.647166919641556,2.0697679881793844e-4,0.07484961282931019,0.07448899170392927,0.07519853189710865,2.624090944536306e-13,2.282590783053706e-13,2.9877211815687587e-13,0.9999999999997375,0.9999999999997012,0.9999999999997717,2.069746568633679e-5,4.0745185003743244e-17,0,1.1102230246251565e-16
TUR.39.3_1,2052,7,albopictus,27.651777043062097,25.043193070106128,2.4305994692969484e-4,0.08562790832306867,0.08500445976040694,0.08624967131975038,1.1901315599693873e-11,9.6292085416394e-12,1.4521761571018032e-11,0.9999999999880986,0.9999999999854783,0.9999999999903707,2.3521653709557278e-5,2.892130979148533e-15,2.3314683517128287e-15,3.552713678800501e-15
TUR.39.3_1,2052,8,albopictus,27.049185752868652,37.708734353891806,2.8861836573269384e-4,0.11789092421357435,0.11723977273752995,0.11852535469762654,9.071690333717353e-8,7.764186253922389e-8,1.0486953284927214e-7,0.9999999092830967,0.9999998951304672,0.9999999223581374,2.793041952564579e-5,2.6182564005772235e-11,2.2408880306912238e-11,3.0267308104292566e-11
TUR.39.3_1,2052,9,albopictus,20.903754066018497,39.802454393304444,2.3004277478805518e-4,0.06693139891635279,0.06659870787148962,0.06724208230041696,1.0902834191028887e-14,9.43689570931383e-15,1.2434497875801753e-14,0.9999999999999891,0.9999999999999876,0.9999999999999906,2.3004012882466007e-5,0,0,0
TUR.39.3_1,2052,10,albopictus,18.20962556670694,29.60714953274166,2.2669755386796033e-4,0.026504872497728302,0.026321918832890864,0.026677712805489806,0,0,0,1,1,1,2.193823230844938e-5,0,0,0
TUR.39.3_1,2052,11,albopictus,9.855397002223661,76.40332972714873,1.3149582549240168e-4,0,0,0,0,0,0,1,1,1,1.3149496093878277e-5,0,0,0
TUR.39.3_1,2052,12,albopictus,4.070503932369106,78.31622295396612,1.0815738109704695e-4,0,0,0,0,0,0,1,1,1,1.0466788554763795e-5,0,0,0
TUR.39.3_1,2053,1,albopictus,5.312126673867597,81.97218768108407,1.2152041699803296e-4,0,0,0,0,0,0,1,1,1,1.1759971205616004e-5,0,0,0
TUR.39.3_1,2053,2,albopictus,5.60231759136214,70.86478348835988,9.09009494376359e-5,0,0,0,0,0,0,1,1,1,9.739340012027142e-6,0,0,0
TUR.39.3_1,2053,3,albopictus,5.676603462108794,72.06689927437485,1.1158849514991272e-4,0,0,0,0,0,0,1,1,1,1.0798828319669163e-5,0,0,0
TUR.39.3_1,2053,4,albopictus,11.280778267804315,60.22094779163605,1.4755526079359118e-4,1.1859860638334087e-6,1.105781226278734e-6,1.2644893235482305e-6,0,0,0,1,1,1,1.4755417217071631e-5,0,0,0
TUR.39.3_1,2053,5,albopictus,15.297648373772116,54.737973913206105,2.0624323851123544e-4,0.008468135951635179,0.008400103187790067,0.008532991327319456,0,0,0,1,1,1,1.995882390171122e-5,0,0,0
TUR.39.3_1,2053,6,albopictus,24.841488165013928,30.039745044641556,2.3197638066085787e-4,0.09526408880015469,0.09472512816104801,0.09576206644509998,2.3956935557567506e-10,2.0366463793219934e-10,2.76527159503992e-10,0.9999999997604306,0.9999999997234729,0.9999999997963354,2.3197369002914137e-5,5.557365678754422e-14,4.729550084903167e-14,6.417366638089561e-14
TUR.39.3_1,2053,7,albopictus,26.623670353608972,34.878985611610034,2.724178125006543e-4,0.11096260446726089,0.11032537633574385,0.11159347015831605,1.6987522615363738e-8,1.4433006664815728e-8,1.9820252680768922e-8,0.9999999830124774,0.9999999801797473,0.9999999855669933,2.636266661171227e-5,4.6277028875607584e-12,3.931810432789007e-12,5.399400371253194e-12
TUR.39.3_1,2053,8,albopictus,27.26712703704834,36.06820090662618,3.2347898052967366e-4,0.11313278298384483,0.11242230137120961,0.11374687739144489,2.9069512008206288e-8,2.43341031241906e-8,3.366046109620768e-8,0.999999970930488,0.9999999663395389,0.9999999756658968,3.130392749239874e-5,9.403376299843558e-12,7.87158949133726e-12,1.0888445700629745e-11
TUR.39.3_1,2053,9,albopictus,21.758663962869083,48.92830125609741,2.5782836819045847e-4,0.09213436332415788,0.09172802682820755,0.09254629864008512,9.354124230753769e-11,8.24471352300904e-11,1.0586055365635616e-10,0.9999999999064587,0.9999999998941395,0.9999999999175528,2.5782504444515908e-5,2.4118596009259365e-14,2.120525977034049e-14,2.731148640577885e-14
TUR.39.3_1,2053,10,albopictus,14.71584256957559,49.672312191433065,2.5407909655235e-4,0.004968090196960151,0.004918837130189107,0.0050163950320146625,0,0,0,1,1,1,2.4587997376590565e-5,0,0,0
TUR.39.3_1,2053,11,albopictus,11.679019705775907,73.34185969541045,1.4737847837994184e-4,2.4428143179152024e-5,2.3588809854431212e-5,2.5402375947939153e-5,0,0,0,1,1,1,1.4737739236436731e-5,0,0,0
TUR.39.3_1,2053,12,albopictus,5.848120433223598,77.34502391832159,1.2122111247222322e-4,0,0,0,0,0,0,1,1,1,1.1731006591686466e-5,0,0,0
TUR.39.3_1,2054,1,albopictus,4.917211569955244,76.2362333964161,1.1193903484174933e-4,0,0,0,0,0,0,1,1,1,1.083275114877047e-5,0,0,0
TUR.39.3_1,2054,2,albopictus,3.6470062929917786,75.26832505330128,8.373378562725248e-5,0,0,0,0,0,0,1,1,1,8.971436787907905e-6,0,0,0
TUR.39.3_1,2054,3,albopictus,6.886836673626128,71.54798600533188,1.027902039434793e-4,0,0,0,0,0,0,1,1,1,9.9473896156832e-6,0,0,0
TUR.39.3_1,2054,4,albopictus,8.761751988354852,69.4858022227884,1.35921138908901e-4,0,0,0,0,0,0,1,1,1,1.3592021518515907e-5,0,0,0
TUR.39.3_1,2054,5,albopictus,16.461691800285788,52.02798245812798,1.899818123727974e-4,0.016816812635574965,0.016699789458015386,0.016928882960210098,0,0,0,1,1,1,1.8385167671941538e-5,0,0,0
TUR.39.3_1,2054,6,albopictus,21.868763250463147,50.23798341744429,2.1368600272067044e-4,0.09607616470443696,0.09568194754888254,0.0964265513754014,3.036172810944038e-10,2.701032064678088e-10,3.357770783640746e-10,0.9999999996963828,0.9999999996642229,0.9999999997298968,2.136837196520247e-5,6.487943515764982e-14,5.773159728050814e-14,7.172040739078511e-14
TUR.39.3_1,2054,7,albopictus,27.25553299398983,36.20938035648308,2.5093879496412104e-4,0.1135186846796123,0.11288724585271107,0.11416474340618345,3.194030302711148e-8,2.728244841987415e-8,3.725581010916023e-8,0.9999999680596969,0.9999999627441898,0.9999999727175516,2.428410464905273e-5,8.015062391564242e-12,6.846245792502259e-12,9.348927187957657e-12
TUR.39.3_1,2054,8,albopictus,24.82639789581299,50.261514505258994,2.9797400113160263e-4,0.14138654212583748,0.14075483714819456,0.1419737821023059,1.2579974503071689e-5,1.1148105356664772e-5,1.4020896964420102e-5,0.9999874200254969,0.9999859791030355,0.9999888518946434,2.883577789880576e-5,3.748505331135909e-9,3.321845501447207e-9,4.177862764076501e-9
TUR.39.3_1,2054,9,albopictus,19.67825968125287,50.65691224852905,2.3749966798196785e-4,0.058320537291899566,0.05803431724154503,0.05859959581035538,2.219335826225688e-16,2.220446049250313e-16,2.220446049250313e-16,0.9999999999999998,0.9999999999999998,0.9999999999999998,2.3749684769924784e-5,0,0,0
TUR.39.3_1,2054,10,albopictus,14.214541757808012,67.51575320095455,2.340460109019711e-4,0.004086543833306273,0.0040454792729595415,0.004127183592341341,0,0,0,1,1,1,2.264935745766028e-5,0,0,0
TUR.39.3_1,2054,11,albopictus,8.512112395290067,74.37486445615264,1.357582950572277e-4,0,0,0,0,0,0,1,1,1,1.3575737354609707e-5,0,0,0
TUR.39.3_1,2054,12,albopictus,4.392464620006435,77.36225109117315,1.1166332923959153e-4,0,0,0,0,0,0,1,1,1,1.0806070250057864e-5,0,0,0
TUR.39.3_1,2055,1,albopictus,6.021202363183393,81.24036852825203,1.1823106315966994e-4,0,0,0,0,0,0,1,1,1,1.144165033351019e-5,0,0,0
TUR.39.3_1,2055,2,albopictus,3.389295836143634,65.90985032185597,8.84404132221589e-5,0,0,0,0,0,0,1,1,1,9.47571366460842e-6,0,0,0
TUR.39.3_1,2055,3,albopictus,6.979554798015776,62.28451249458969,1.0856798177523875e-4,0,0,0,0,0,0,1,1,1,1.050652368761451e-5,0,0,0
TUR.39.3_1,2055,4,albopictus,10.392780640546015,54.03630118519074,1.435611874069774e-4,0,0,0,0,0,0,1,1,1,1.4356015692107427e-5,0,0,0
TUR.39.3_1,2055,5,albopictus,16.627657834221335,51.18876431847954,2.0066058001653715e-4,0.01814209487400333,0.0180173862182078,0.01826914796751959,0,0,0,1,1,1,1.9418577265062353e-5,0,0,0
TUR.39.3_1,2055,6,albopictus,22.11776189243092,36.026309680872025,2.2569716917536156e-4,0.07909894765100317,0.07871068403141926,0.07949162877924969,1.2576283348053608e-12,1.0912187820011355e-12,1.443564712211298e-12,0.9999999999987423,0.9999999999985564,0.9999999999989088,2.2569462223342995e-5,2.8943514251977833e-16,2.220446049250313e-16,3.3306690738754696e-16
TUR.39.3_1,2055,7,albopictus,30.004407658296472,21.72499200504265,2.650439192955151e-4,0.0598371922297386,0.05922592058599932,0.06042347350556435,4.497513472756509e-16,3.3306690738754696e-16,5.551115123125783e-16,0.9999999999999996,0.9999999999999994,0.9999999999999997,2.5649082601386652e-5,0,0,0
TUR.39.3_1,2055,8,albopictus,28.424180030822754,32.032993158213095,3.147229471607933e-4,0.09695710684408416,0.09631101694599778,0.0976343314938524,3.935217971484661e-10,3.246652585664478e-10,4.761334104763648e-10,0.9999999996064782,0.9999999995238665,0.9999999996753347,3.0456595591088487e-5,1.238492641775224e-13,1.0213774270795284e-13,1.498884349970808e-13
TUR.39.3_1,2055,9,albopictus,22.341612647561465,47.8193382434021,2.5084938676909064e-4,0.10021384569300694,0.09979979109623696,0.1006412002200138,9.904247727510196e-10,8.804973861131771e-10,1.1137940042482695e-9,0.9999999990095753,0.9999999988862059,0.9999999991195025,2.5084624052484905e-5,2.484493721865988e-13,2.2082058404038206e-13,2.794459108557134e-13
TUR.39.3_1,2055,10,albopictus,18.107870424495026,45.31819765896236,2.472016016248449e-4,0.032219676449244845,0.03205144985703259,0.03239316291610718,0,0,0,1,1,1,2.392244949478428e-5,0,0,0
TUR.39.3_1,2055,11,albopictus,9.334829108241728,68.58607661435576,1.433891901967141e-4,0,0,0,0,0,0,1,1,1,1.4338816217818184e-5,0,0,0
TUR.39.3_1,2055,12,albopictus,3.4374102176550556,77.94401531236456,1.1793986030529235e-4,0,0,0,0,0,0,1,1,1,1.1413469734100623e-5,0,0,0
TUR.39.3_1,2056,1,albopictus,4.753589190652265,79.44871966350594,1.1870678201341083e-4,0,0,0,0,0,0,1,1,1,1.1487687114120071e-5,0,0,0
TUR.39.3_1,2056,2,albopictus,4.047527809791705,77.57460709675831,9.196756051128827e-5,0,0,0,0,0,0,1,1,1,9.513840313224442e-6,0,0,0
TUR.39.3_1,2056,3,albopictus,8.227461006054106,68.92129227974594,1.0900481989935615e-4,0,0,0,0,0,0,1,1,1,1.0548797899634366e-5,0,0,0
TUR.39.3_1,2056,4,albopictus,9.662389138165643,56.37938361316925,1.441388254801688e-4,0,0,0,0,0,0,1,1,1,1.4413778668509458e-5,0,0,0
TUR.39.3_1,2056,5,albopictus,16.487802449394675,60.41123364831353,2.014679653056936e-4,0.019164864703442547,0.01904804752421823,0.01928602010249362,0,0,0,1,1,1,1.949670980494478e-5,0,0,0
TUR.39.3_1,2056,6,albopictus,22.344402593724865,47.89910097115523,2.2660529260539163e-4,0.10039973734247185,0.0999783734333776,0.10082843825757055,1.0432748692723592e-9,9.256994448758605e-10,1.173263189380158e-9,0.9999999989567251,0.9999999988267368,0.9999999990743005,2.2660272512631252e-5,2.3641077984137836e-13,2.0971557823656892e-13,2.65898414397725e-13
TUR.39.3_1,2056,7,albopictus,28.254220738130456,29.909388748817065,2.6611035975632674e-4,0.09302694800307539,0.09239160485246797,0.093689403355168,1.2310225272482712e-10,1.0099245606465245e-10,1.4952039883997513e-10,0.9999999998768977,0.9999999998504796,0.9999999998990076,2.57522838645885e-5,3.2759905899126805e-14,2.6864621638367225e-14,3.9748759839142165e-14
TUR.39.3_1,2056,8,albopictus,28.916131019592285,30.976440271250205,3.1598927798509694e-4,0.09033089883668252,0.08963244900094093,0.09099726783418059,5.381322742969985e-11,4.299658684647767e-11,6.582032141544403e-11,0.9999999999461868,0.9999999999341797,0.9999999999570034,3.057913999549022e-5,1.700295459983181e-14,1.354472090042691e-14,2.0763946118051988e-14
TUR.39.3_1,2056,9,albopictus,22.472912620095645,51.76535646239624,2.518587135868173e-4,0.10937998866399558,0.10892881304161074,0.10981809105583745,1.1382222703248956e-8,1.0130281230535942e-8,1.2698791013177058e-8,0.9999999886177773,0.999999987301209,0.9999999898697187,2.51855541972823e-5,2.8667115348213203e-12,2.5513924306608258e-12,3.1983388160128357e-12
TUR.39.3_1,2056,10,albopictus,16.867774332270905,40.461286953395955,2.4819625108011585e-4,0.01756495489088575,0.01742905225252114,0.01769015718996874,0,0,0,1,1,1,2.401870358637037e-5,0,0,0
TUR.39.3_1,2056,11,albopictus,8.37561871242874,74.22677027890654,1.4396613621560502e-4,0,0,0,0,0,0,1,1,1,1.4396509990799444e-5,0,0,0
TUR.39.3_1,2056,12,albopictus,4.0771651090506245,78.55397777574346,1.1841440746451917e-4,0,0,0,0,0,0,1,1,1,1.1459393127521977e-5,0,0,0
TUR.39.3_1,2057,1,albopictus,4.3519053832792185,75.35026232708016,1.2244953128648535e-4,0,0,0,0,0,0,1,1,1,1.184988443014845e-5,0,0,0
TUR.39.3_1,2057,2,albopictus,5.357854624443195,74.2347099409966,9.159595504280728e-5,0,0,0,0,0,0,1,1,1,9.81380417031108e-6,0,0,0
TUR.39.3_1,2057,3,albopictus,8.425830032238188,71.73180863716782,1.1244167248284075e-4,0,0,0,0,0,0,1,1,1,1.088139297300561e-5,0,0,0
TUR.39.3_1,2057,4,albopictus,10.116681435528925,63.97517447620636,1.4868343089476736e-4,0,0,0,0,0,0,1,1,1,1.4868232556253247e-5,0,0,0
TUR.39.3_1,2057,5,albopictus,18.100674573112936,39.341096624387745,2.0782012200564102e-4,0.029438064250158772,0.029264872332335056,0.029627037557617947,0,0,0,1,1,1,2.0111422472823826e-5,0,0,0
TUR.39.3_1,2057,6,albopictus,25.15578107272877,27.417579364709916,2.337500132337198e-4,0.09170520143060336,0.09118103342604153,0.09227455642209617,8.214903979286703e-11,6.966834886767969e-11,9.745303730657184e-11,0.9999999999178509,0.999999999902547,0.9999999999303316,2.3374728130187705e-5,1.9202861523126557e-14,1.63202784619898e-14,2.275957200481571e-14
TUR.39.3_1,2057,7,albopictus,28.778974308687097,28.105590073279956,2.7450065000463855e-4,0.08486769217735894,0.08425164809772925,0.08553857887812327,9.25307097610073e-12,7.488351605466903e-12,1.1493686558061711e-11,0.999999999990747,0.9999999999885063,0.9999999999925115,2.6564226197400842e-5,2.5404123249472834e-15,2.1066481892262347e-15,3.1086244689504383e-15
TUR.39.3_1,2057,8,albopictus,28.46085262298584,29.557563623300986,3.259522187743136e-4,0.09075247836774113,0.09002065918045433,0.09140274034392026,6.135687924402333e-11,4.8566314858611296e-11,7.459955986277577e-11,0.9999999999386431,0.9999999999254005,0.9999999999514337,3.154326560794729e-5,2.000088983322712e-14,1.5873413694578178e-14,2.4313884239290928e-14
TUR.39.3_1,2057,9,albopictus,24.325697730569278,36.93399659911499,2.597996585034106e-4,0.10526733173608356,0.10476832324839565,0.1057761823074729,3.918512091583004e-9,3.4241391166922598e-9,4.472080383788324e-9,0.9999999960814879,0.9999999955279196,0.9999999965758609,2.5979628373917762e-5,1.0180278842142343e-12,8.895717495960297e-13,1.1618844775185267e-12
TUR.39.3_1,2057,10,albopictus,14.887402857051176,54.5576843532983,2.5602172088524445e-4,0.006171933447227641,0.006115017681024073,0.006225842550665628,0,0,0,1,1,1,2.477598863970254e-5,0,0,0
TUR.39.3_1,2057,11,albopictus,10.284175650600126,82.3894060821292,1.4850529684761867e-4,0,0,0,0,0,0,1,1,1,1.485041941617915e-5,0,0,0
TUR.39.3_1,2057,12,albopictus,4.7954010785940815,76.44562511461065,1.2214793835418065e-4,0,0,0,0,0,0,1,1,1,1.1820698362807747e-5,0,0,0
TUR.39.3_1,2058,1,albopictus,3.1828046218656443,80.58843676555672,1.1604145587668586e-4,0,0,0,0,0,0,1,1,1,1.1229755256469964e-5,0,0,0
TUR.39.3_1,2058,2,albopictus,4.245948334388873,74.81202622517628,8.68025207112894e-5,0,0,0,0,0,0,1,1,1,9.300226828878877e-6,0,0,0
TUR.39.3_1,2058,3,albopictus,8.107092525371733,72.20995042183579,1.0655733214356871e-4,0,0,0,0,0,0,1,1,1,1.0311946716412557e-5,0,0,0
TUR.39.3_1,2058,4,albopictus,11.283905365887811,61.203644324839175,1.409024730801372e-4,1.2691407517323546e-6,1.182762934452785e-6,1.353953883458735e-6,0,0,0,1,1,1,1.4090148040990513e-5,0,0,0
TUR.39.3_1,2058,5,albopictus,16.633499089409323,67.39465497399712,1.9694440039613856e-4,0.022758950015854568,0.02263544472636002,0.022875756336231252,0,0,0,1,1,1,1.905895389808787e-5,0,0,0
TUR.39.3_1,2058,6,albopictus,22.58815411960377,41.800296497278275,2.215173187014817e-4,0.09402383416321441,0.09358332360619935,0.09446453710290417,1.6561970805906155e-10,1.448323100339266e-10,1.8849238003770808e-10,0.9999999998343803,0.9999999998115077,0.9999999998551677,2.2151486522292707e-5,3.668632064801613e-14,3.2085445411667024e-14,4.1744385725905886e-14
TUR.39.3_1,2058,7,albopictus,28.932809605317956,21.245721069984057,2.6013537766110247e-4,0.06928175141214266,0.06869857749846892,0.06985628105305221,2.9277358315482615e-14,2.2870594307278225e-14,3.675115767265424e-14,0.9999999999999707,0.9999999999999633,0.9999999999999771,2.5174074514189293e-5,0,0,0
TUR.39.3_1,2058,8,albopictus,27.883652687072754,33.68064673792501,3.088943633790942e-4,0.10452046455021768,0.10378988198878697,0.10522407969940333,3.2189905777579852e-9,2.635218127045036e-9,3.864889885907274e-9,0.9999999967810094,0.99999999613511,0.9999999973647818,2.9892556116295488e-5,9.94326732062234e-13,8.140099705400416e-13,1.1938006139189382e-12
TUR.39.3_1,2058,9,albopictus,21.48767931321088,34.10552446166382,2.462037240344172e-4,0.06859309176674472,0.06825655961492001,0.06892672753366832,2.192290793345819e-14,1.8984813721090177e-14,2.5091040356528538e-14,0.9999999999999781,0.9999999999999749,0.999999999999981,2.4620069324576832e-5,0,0,0
TUR.39.3_1,2058,10,albopictus,14.32099565337686,64.75832980007564,2.4262349488353855e-4,0.004353335320344447,0.004309904184876964,0.004396223655864705,0,0,0,1,1,1,2.3479417407434866e-5,0,0,0
TUR.39.3_1,2058,11,albopictus,8.50593926143997,76.37327754209014,1.4073366121164602e-4,0,0,0,0,0,0,1,1,1,1.407326709179646e-5,0,0,0
TUR.39.3_1,2058,12,albopictus,3.8779516042593647,75.1540601732044,1.1575564602033878e-4,0,0,0,0,0,0,1,1,1,1.1202096548368345e-5,0,0,0
TUR.39.3_1,2059,1,albopictus,3.9072815553449534,76.58575121868172,1.1651792686952333e-4,0,0,0,0,0,0,1,1,1,1.1275864833737437e-5,0,0,0
TUR.39.3_1,2059,2,albopictus,4.87758614604964,71.93486710652394,8.715893543318029e-5,0,0,0,0,0,0,1,1,1,9.338413764603537e-6,0,0,0
TUR.39.3_1,2059,3,albopictus,5.840561057933989,70.96043107369125,1.0699486093409435e-4,0,0,0,0,0,0,1,1,1,1.035428777473868e-5,0,0,0
TUR.39.3_1,2059,4,albopictus,10.735882142010858,57.46023993641144,1.4148102443262188e-4,5.633151503857877e-11,3.6952991021835985e-11,8.728734444616673e-11,0,0,0,1,1,1,1.4148002359326561e-5,0,0,0
TUR.39.3_1,2059,5,albopictus,16.014960232902975,64.43468640710259,1.9775306220826068e-4,0.015513348229123269,0.015400791222049574,0.015614271041159386,0,0,0,1,1,1,1.913720999824342e-5,0,0,0
TUR.39.3_1,2059,6,albopictus,22.25960187351002,41.1471173285771,2.2242687792732037e-4,0.08833626493826098,0.0879062802437477,0.08872835491970929,2.8574473232012564e-11,2.4846094626163052e-11,3.230689882283144e-11,0.9999999999714255,0.9999999999676932,0.9999999999751539,2.2242440426034626e-5,6.356581927491334e-15,5.551115123125783e-15,7.216449660063518e-15
TUR.39.3_1,2059,7,albopictus,26.822448506074792,37.24629136722527,2.612035042261298e-4,0.11690578349437387,0.11625569834193139,0.11752039051558764,7.196866927361434e-8,6.152742121345867e-8,8.293356442146127e-8,0.9999999280313308,0.9999999170664355,0.9999999384725787,2.5277438993609458e-5,1.8798470335923412e-11,1.6071202701972708e-11,2.166257728752896e-11
TUR.39.3_1,2059,8,albopictus,27.640780448913574,35.42667945276876,3.1016269634587067e-4,0.11014781908318141,0.10946510600260166,0.11083291183161284,1.3851452550839304e-8,1.1612119374393436e-8,1.6394511984096912e-8,0.9999999861485475,0.999999983605488,0.9999999883878806,3.0015294339658105e-5,4.296204059173192e-12,3.6016023496898695e-12,5.0849796595642256e-12
TUR.39.3_1,2059,9,albopictus,20.058804343728458,51.216741960443116,2.4721464665637764e-4,0.06525196993126368,0.06495898911305367,0.06553570899063207,5.281108883536944e-15,4.6629367034256575e-15,5.995204332975845e-15,0.9999999999999947,0.999999999999994,0.9999999999999953,2.4721159092799816e-5,0,0,0
TUR.39.3_1,2059,10,albopictus,15.412556970820708,54.36888735622799,2.436197169372821e-4,0.00914137215469145,0.00906301586341797,0.009221074348766518,0,0,0,1,1,1,2.357582372503053e-5,0,0,0
TUR.39.3_1,2059,11,albopictus,9.451589362147978,81.10999476621123,1.4131151941565223e-4,0,0,0,0,0,0,1,1,1,1.4131052097354768e-5,0,0,0
TUR.39.3_1,2059,12,albopictus,5.6699316324118305,78.52609996812627,1.1623094346614529e-4,0,0,0,0,0,0,1,1,1,1.124809255903525e-5,0,0,0
TUR.39.3_1,2060,1,albopictus,2.3506849185727976,74.9775664042286,1.1666621206963942e-4,0,0,0,0,0,0,1,1,1,1.1290214852466285e-5,0,0,0
TUR.39.3_1,2060,2,albopictus,6.091326971702716,70.86145707234425,9.038663786644637e-5,0,0,0,0,0,0,1,1,1,9.350298133981028e-6,0,0,0
TUR.39.3_1,2060,3,albopictus,5.412947799572173,73.82927415230454,1.0713102671382686e-4,0,0,0,0,0,0,1,1,1,1.0367464971738904e-5,0,0,0
TUR.39.3_1,2060,4,albopictus,9.428148129407099,68.88761954456574,1.416610786318707e-4,0,0,0,0,0,0,1,1,1,1.4166007524352153e-5,0,0,0
TUR.39.3_1,2060,5,albopictus,14.904698315788718,64.95482800866509,1.9800473036946952e-4,0.007279163603498861,0.007217115801323648,0.007340528122287262,0,0,0,1,1,1,1.9161564515202123e-5,0,0,0
TUR.39.3_1,2060,6,albopictus,19.959079069249768,57.00987215035445,2.227099469364488e-4,0.06926868344636727,0.0689939053394547,0.06954771237716544,2.8956503861365946e-14,2.5865420916204584e-14,3.242128787661613e-14,0.999999999999971,0.9999999999999676,0.9999999999999741,2.227074669691742e-5,0,0,0
TUR.39.3_1,2060,7,albopictus,27.091684117036706,37.755362717322924,2.615359218629332e-4,0.1179318335938082,0.11729995972519766,0.11855894793435233,9.159889032239743e-8,7.874879719149686e-8,1.0569132442572738e-7,0.9999999084011096,0.9999998943086755,0.9999999212512029,2.5309607628698494e-5,2.3956401640212734e-11,2.0595625205288573e-11,2.7642116373627344e-11
TUR.39.3_1,2060,8,albopictus,28.03842258453369,31.114902337900595,3.1055742133568015e-4,0.09730907513280228,0.09662910149417979,0.0979226865891376,4.3547499883889173e-10,3.5614655391480455e-10,5.17184697845785e-10,0.999999999564525,0.9999999994828153,0.9999999996438534,3.0053492384940483e-5,1.3523915320945434e-13,1.1057821325266559e-13,1.6065204722082172e-13
TUR.39.3_1,2060,9,albopictus,22.896921943215762,33.58697740355835,2.475292615344137e-4,0.08498737869506374,0.08456148613160963,0.08539446765558777,9.598742023442242e-12,8.307182719491379e-12,1.0958925433790512e-11,0.9999999999904012,0.9999999999890411,0.9999999999916929,2.4752619802281828e-5,2.3767654511175353e-15,2.1094237467877974e-15,2.6645352591003757e-15
TUR.39.3_1,2060,10,albopictus,19.26092466186075,50.52638094753658,2.4392975676933924e-4,0.05149224346129986,0.05124274344680736,0.05174105791363862,0,0,0,1,1,1,2.3605826871886393e-5,0,0,0
TUR.39.3_1,2060,11,albopictus,9.68858553600662,63.09932887265654,1.4149135789628983e-4,0,0,0,0,0,0,1,1,1,1.4149035691080059e-5,0,0,0
TUR.39.3_1,2060,12,albopictus,5.997928840053432,83.56831340806768,1.1637886344013228e-4,0,0,0,0,0,0,1,1,1,1.1262407234147176e-5,0,0,0
TUR.39.3_1,2061,1,albopictus,2.9415803925298594,82.60497729290047,1.1912299244612538e-4,0,0,0,0,0,0,1,1,1,1.1527965079527469e-5,0,0,0
TUR.39.3_1,2061,2,albopictus,4.193315525703571,76.86922379597706,8.910760332052189e-5,0,0,0,0,0,0,1,1,1,9.547197638126725e-6,0,0,0
TUR.39.3_1,2061,3,albopictus,6.695970680126372,73.70896622994125,1.0938701325418196e-4,0,0,0,0,0,0,1,1,1,1.0585783962513418e-5,0,0,0
TUR.39.3_1,2061,4,albopictus,10.991036751691034,65.24076895862824,1.4464420589657408e-4,4.794679944045868e-8,4.2348399430307337e-8,5.427676367561084e-8,0,0,0,1,1,1,1.4464315980400322e-5,0,0,0
TUR.39.3_1,2061,5,albopictus,16.590675297905417,54.259824499143605,2.0217435349679567e-4,0.018582724422446524,0.018463496459105964,0.01870232864941281,0,0,0,1,1,1,1.9565068617333203e-5,0,0,0
TUR.39.3_1,2061,6,albopictus,21.843385976903576,54.106544208459916,2.273998174445878e-4,0.10179895172622734,0.10139943893174348,0.10220280739511174,1.5360307277223483e-9,1.3740752424773461e-9,1.7133594071294666e-9,0.9999999984639693,0.9999999982866405,0.9999999986259248,2.2739723192999328e-5,3.492934830262584e-13,3.1241675912951905e-13,3.8958836157121367e-13
TUR.39.3_1,2061,7,albopictus,26.629703297334558,36.747531143836596,2.6704339749945665e-4,0.11563181492794836,0.11498710823595262,0.11626741385965962,5.3180151044829314e-8,4.543707454451873e-8,6.169884538276271e-8,0.9999999468198489,0.9999999383011546,0.9999999545629255,2.5842575510304222e-5,1.4201408715663889e-11,1.2133696825067375e-11,1.6476300879197934e-11
TUR.39.3_1,2061,8,albopictus,29.303723335266113,30.495403131357627,3.1709720149117326e-4,0.08543453570356092,0.08476034395475168,0.08612199342050755,1.1179478676126564e-11,8.877468204993022e-12,1.3926734765412618e-11,0.9999999999888205,0.9999999999860733,0.9999999999911225,3.0686355114939445e-5,3.5449421176281248e-15,2.7755575615628914e-15,4.440892098500626e-15
TUR.39.3_1,2061,9,albopictus,23.86482317307416,45.19587175170288,2.5274178212247227e-4,0.11759481755996141,0.11707209858590426,0.11810310018860634,8.455217619696142e-8,7.46362108394738e-8,9.504850935482256e-8,0.9999999154478239,0.9999999049514907,0.9999999253637891,2.5273858822894013e-5,2.1369868652421077e-11,1.8863710593564063e-11,2.4022714373295173e-11
TUR.39.3_1,2061,10,albopictus,15.432786310420317,70.79983370632564,2.490664782677126e-4,0.011671601609559478,0.011591164103526565,0.011754420791107743,0,0,0,1,1,1,2.4102917094315224e-5,0,0,0
TUR.39.3_1,2061,11,albopictus,10.27538277340286,62.34255397031279,1.4447091114787273e-4,0,0,0,0,0,0,1,1,1,1.4446986756122548e-5,0,0,0
TUR.39.3_1,2061,12,albopictus,1.4277721894357134,82.27827434556768,1.1882959277183277e-4,0,0,0,0,0,0,1,1,1,1.1499571889617144e-5,0,0,0
TUR.39.3_1,2062,1,albopictus,3.659740008523359,78.36122576702157,1.2830441961439112e-4,0,0,0,0,0,0,1,1,1,1.2416479651777834e-5,0,0,0
TUR.39.3_1,2062,2,albopictus,5.992887278251788,72.30144425496144,9.597558869619233e-5,0,0,0,0,0,0,1,1,1,1.0283045917991451e-5,0,0,0
TUR.39.3_1,2062,3,albopictus,7.853196765789214,67.22377488472641,1.1781803798521037e-4,0,0,0,0,0,0,1,1,1,1.1401680611866638e-5,0,0,0
TUR.39.3_1,2062,4,albopictus,15.19832930845373,57.8086553111673,1.5579268541744955e-4,0.00823586180796442,0.008160877563923237,0.008301694498653912,0,0,0,1,1,1,1.557914718552933e-5,0,0,0
TUR.39.3_1,2062,5,albopictus,19.000893536735983,49.126008733762745,2.1775698002258207e-4,0.04649945445431629,0.04626982987744726,0.046717099008438984,0,0,0,1,1,1,2.1073034091712017e-5,0,0,0
TUR.39.3_1,2062,6,albopictus,27.319729131810803,18.100536060266556,2.449267013741421e-4,0.07342610842268445,0.07289043524441247,0.07402298764580202,1.5271772735303557e-13,1.232319801758308e-13,1.9096946246577317e-13,0.9999999999998472,0.999999999999809,0.9999999999998768,2.4492370194417745e-5,0,0,0
TUR.39.3_1,2062,7,albopictus,28.171525730806238,27.20776673953972,2.876258178581156e-4,0.08741099643414944,0.08679298792086852,0.08806478632256011,2.1298103836109307e-11,1.733919396951222e-11,2.6141644404731323e-11,0.9999999999787019,0.9999999999738584,0.9999999999826609,2.7834369183632468e-5,6.123990203832363e-15,4.9960036108132044e-15,7.549516567451064e-15
TUR.39.3_1,2062,8,albopictus,27.90920352935791,36.09892066370626,3.415375282573835e-4,0.11068393018426807,0.10998428641922464,0.11137764773449635,1.5850405501338648e-8,1.3243630961334851e-8,1.8783936947541768e-08,0.9999999841495945,0.999999981216063,0.999999986756369,3.305147265164621e-5,5.413509640561642e-12,4.523187380200966e-12,6.41546538115989e-12
TUR.39.3_1,2062,9,albopictus,24.052635978249942,39.47792283812866,2.7222190277159593e-4,0.10781723817599612,0.1072811639238745,0.10832211165449432,7.633393772854547e-9,6.629013868386657e-9,8.672836424028497e-9,0.9999999923666062,0.9999999913271636,0.9999999933709862,2.722181975667315e-5,2.0779797882397586e-12,1.8045287486501138e-12,2.3609697530346805e-12
TUR.39.3_1,2062,10,albopictus,17.39813646148233,44.38913195461666,2.682633241772516e-4,0.023784186520440544,0.02364441583267327,0.02392657427508568,0,0,0,1,1,1,2.5960629872923136e-5,0,0,0
TUR.39.3_1,2062,11,albopictus,8.431802050594023,63.286836502051074,1.55606033943223e-4,0,0,0,0,0,0,1,1,1,1.5560482328758063e-5,0,0,0
TUR.39.3_1,2062,12,albopictus,3.1781215490225483,61.97601299302862,1.2798840610472222e-4,0,0,0,0,0,0,1,1,1,1.2385898078504098e-5,0,0,0
TUR.39.3_1,2063,1,albopictus,5.181465424706831,80.70415179241219,1.2122296272471467e-4,0,0,0,0,0,0,1,1,1,1.1731185646346454e-5,0,0,0
TUR.39.3_1,2063,2,albopictus,5.563682814293048,75.39668198689503,9.067844463945578e-5,0,0,0,0,0,0,1,1,1,9.715500444151814e-6,0,0,0
TUR.39.3_1,2063,3,albopictus,7.1183325308648975,80.75449845650375,1.11315351956732e-4,0,0,0,0,0,0,1,1,1,1.0772395392488754e-5,0,0,0
TUR.39.3_1,2063,4,albopictus,10.859610894147089,62.92321829944855,1.4719407915878525e-4,3.3012987084922028e-9,2.7081895745108002e-9,3.92094724632084e-9,0,0,0,1,1,1,1.4719299585963519e-5,0,0,0
TUR.39.3_1,2063,5,albopictus,14.29324239843032,73.06028149987603,2.0573840208824027e-4,0.004790443613846283,0.004749565619976735,0.0048351971727062515,0,0,0,1,1,1,1.9909969737996747e-5,0,0,0
TUR.39.3_1,2063,6,albopictus,21.554207128636975,47.38301439278609,2.3140855537321427e-4,0.08641231956886722,0.08604828859248509,0.0867678187368388,1.534347493503674e-11,1.359398427158709e-11,1.719774322950229e-11,0.9999999999846565,0.9999999999828022,0.999999999986406,2.3140587789738376e-5,3.5511593665660258e-15,3.1086244689504383e-15,3.9968028886505635e-15
TUR.39.3_1,2063,7,albopictus,27.504951252656824,33.826800553016284,2.7175099580879216e-4,0.10661098090226599,0.105977601299023,0.10730338759831157,5.590171202829452e-9,4.715632503926593e-9,6.667354576772588e-9,0.9999999944098288,0.9999999933326454,0.9999999952843674,2.6298137663305354e-5,1.5191340407838538e-12,1.2814832528462715e-12,1.8118978539760633e-12
TUR.39.3_1,2063,8,albopictus,28.21187114715576,33.13236602198263,3.2268717774077484e-4,0.10117217426717039,0.10054142835260473,0.10184474876568173,1.2960123421112969e-9,1.0833002189736264e-9,1.5532247044092172e-9,0.9999999987039877,0.9999999984467752,0.9999999989166998,3.12273038118871e-5,4.1820547025395173e-13,3.4960645489690027e-13,5.011768777762881e-13
TUR.39.3_1,2063,9,albopictus,24.641194175271426,30.73188249389038,2.5719726313177383e-4,0.09545158789239465,0.09493781629569277,0.09593772543759164,2.5312449936087946e-10,2.1691247409361125e-10,2.9112970090228175e-10,0.9999999997468755,0.9999999997088703,0.9999999997830875,2.5719395563839065e-5,6.510203487408716e-14,5.584144258108381e-14,7.483458297485867e-14
TUR.39.3_1,2063,10,albopictus,19.834348047480866,31.601126125759237,2.534571688557756e-4,0.045453968003598105,0.04520598558188506,0.045702440021601946,0,0,0,1,1,1,2.452781230333212e-5,0,0,0
TUR.39.3_1,2063,11,albopictus,8.207893626216581,70.5242708892581,1.470177294681769e-4,0,0,0,0,0,0,1,1,1,1.4701664876271003e-5,0,0,0
TUR.39.3_1,2063,12,albopictus,3.1160481990698505,78.20650463121221,1.2092439082814063e-4,0,0,0,0,0,0,1,1,1,1.170229193037109e-5,0,0,0
TUR.39.3_1,2064,1,albopictus,1.3497733847402476,82.4972197245411,1.2652326136465398e-4,0,0,0,0,0,0,1,1,1,1.2244111623926912e-5,0,0,0
TUR.39.3_1,2064,2,albopictus,2.793955226593158,76.03821488484425,9.802334372373756e-5,0,0,0,0,0,0,1,1,1,1.014029448931364e-5,0,0,0
TUR.39.3_1,2064,3,albopictus,7.828929092296782,65.60155198433579,1.161824546517921e-4,0,0,0,0,0,0,1,1,1,1.124340014591052e-5,0,0,0
TUR.39.3_1,2064,4,albopictus,15.920030930463007,41.24046378284699,1.5362992728554754e-4,0.010536715353955737,0.010455327792440981,0.01062350422893547,0,0,0,1,1,1,1.5362874718372055e-5,0,0,0
TUR.39.3_1,2064,5,albopictus,17.35383695714614,53.48408673669243,2.1473401602359628e-4,0.02654313102181783,0.026392449077475445,0.0267010566844601,0,0,0,1,1,1,2.078049531062387e-5,0,0,0
TUR.39.3_1,2064,6,albopictus,23.577453893773693,36.08201570504195,2.415265596171817e-4,0.09644198696599007,0.09596222736166206,0.09693312708727052,3.381179984884852e-10,2.9322465844305865e-10,3.8896781351382966e-10,0.999999999661882,0.9999999996110321,0.9999999997067753,2.4152364288654304e-5,8.166367582163048e-14,7.082945341352341e-14,9.39276434408498e-14
TUR.39.3_1,2064,7,albopictus,30.040225758272058,23.82290574710808,2.836329148867676e-4,0.06334704813483519,0.06275735977388157,0.06392110589939919,2.286282274610585e-15,1.7763568394002505e-15,2.8893554215869674e-15,0.9999999999999977,0.9999999999999971,0.9999999999999982,2.7447969899507818e-5,0,0,0
TUR.39.3_1,2064,8,albopictus,26.842671394348145,45.59160407435079,3.367962076709316e-4,0.14045804370851736,0.13973632647220144,0.1411202021185179,1.0561548055989078e-5,9.186187823576053e-6,1.1944428579654941e-5,0.999989438451944,0.9999880555714203,0.9999908138121764,3.259265023558555e-5,3.5570893250902458e-9,3.093873213178e-9,4.022838256956263e-9
TUR.39.3_1,2064,9,albopictus,23.68014414170209,53.58513490477905,2.684428413071662e-4,0.1338903052264314,0.1333798299894425,0.13441344704896252,2.922027025691665e-6,2.6322236271275613e-6,3.2415794315426847e-6,0.9999970779729743,0.9999967584205685,0.9999973677763728,2.6843923826125327e-5,7.843972378296371e-10,7.066016216583648e-10,8.701787429510333e-10
TUR.39.3_1,2064,10,albopictus,16.46517690490274,60.58180849880611,2.645392168207297e-4,0.018980001207367987,0.018863950786310615,0.019092556418973925,0,0,0,1,1,1,2.5600241677969926e-5,0,0,0
TUR.39.3_1,2064,11,albopictus,9.21316172314041,73.72069728085967,1.534458669598889e-4,0,0,0,0,0,0,1,1,1,1.5344468968447877e-5,0,0,0
TUR.39.3_1,2064,12,albopictus,4.6886589349631,77.73353557603643,1.2621163484392487e-4,0,0,0,0,0,0,1,1,1,1.2213954587503295e-5,0,0,0
TUR.39.3_1,2065,1,albopictus,-0.7119428737856008,76.52009264934578,1.1990750868565947e-4,0,0,0,0,0,0,1,1,1,1.160388512788657e-5,0,0,0
TUR.39.3_1,2065,2,albopictus,4.663701792411945,81.16128464802784,8.969444520919027e-5,0,0,0,0,0,0,1,1,1,9.610072952526139e-6,0,0,0
TUR.39.3_1,2065,3,albopictus,5.939330722698394,75.48561570503891,1.1010741060594301e-4,0,0,0,0,0,0,1,1,1,1.0655499094847087e-5,0,0,0
TUR.39.3_1,2065,4,albopictus,11.72698912901037,66.51423697620636,1.4559679889436752e-4,2.5157093385053718e-5,2.4232488570396255e-5,2.6132668939306542e-5,0,0,0,1,1,1,1.4559573897843237e-5,0,0,0
TUR.39.3_1,2065,5,albopictus,17.542571965385886,49.635068639768605,2.0350582662619407e-4,0.027295126593934335,0.02713723407413395,0.027449752284115003,0,0,0,1,1,1,1.9693918326346704e-5,0,0,0
TUR.39.3_1,2065,6,albopictus,24.40626935397877,34.08225984566695,2.2889741959501272e-4,0.10027623516575647,0.09976325113374737,0.10078540799275268,1.0086446555757079e-9,8.715138721804294e-10,1.159331830535848e-9,0.9999999989913554,0.9999999988406681,0.9999999991284861,2.2889479991405892e-5,2.3087765033125153e-13,1.9950707752514063e-13,2.65346078442974e-13
TUR.39.3_1,2065,7,albopictus,29.386489643770105,24.786761490516284,2.68802083020167e-4,0.07213517938409372,0.07150465953007518,0.07276373566758557,9.238709797187994e-14,7.138734048339757e-14,1.1724510251553965e-13,0.9999999999999076,0.9999999999998828,0.9999999999999286,2.6012766470517867e-5,0,0,0
TUR.39.3_1,2065,8,albopictus,29.050068855285645,34.82668479334493,3.1918552968854583e-4,0.09865605743978678,0.09797003387650209,0.0993570426531383,6.407418068343773e-10,5.242430628493722e-10,7.774000970739437e-10,0.9999999993592582,0.9999999992225999,0.9999999994757569,3.0888445170074164e-5,2.045152935892247e-13,1.672800786778339e-13,2.4814317267640716e-13
TUR.39.3_1,2065,9,albopictus,25.281586478738223,29.766436021722413,2.544062805405551e-4,0.09678129703025563,0.0962500093858751,0.09733616113613214,3.734068740879337e-10,3.189413066984059e-10,4.369883233046323e-10,0.9999999996265931,0.9999999995630117,0.9999999996810588,2.544030444406875e-5,9.499723230277368e-14,8.115452754253738e-14,1.1113610032253973e-13
TUR.39.3_1,2065,10,albopictus,17.26534780334024,53.970190456813924,2.507067719919737e-4,0.025688984453972927,0.02553621079656625,0.02583995618777936,0,0,0,1,1,1,2.4261651358048475e-5,0,0,0
TUR.39.3_1,2065,11,albopictus,9.382215277675321,79.44625270078154,1.4542236286687699e-4,0,0,0,0,0,0,1,1,1,1.454213054885578e-5,0,0,0
TUR.39.3_1,2065,12,albopictus,5.005615931880825,79.39574413316534,1.1961217674955552e-4,0,0,0,0,0,0,1,1,1,1.1575304949107412e-5,0,0,0
TUR.39.3_1,2066,1,albopictus,5.992615260293379,79.51977984417,1.2392644597240392e-4,0,0,0,0,0,0,1,1,1,1.1992809954008976e-5,0,0,0
TUR.39.3_1,2066,2,albopictus,7.975779791526935,72.7870552168755,9.27007319231447e-5,0,0,0,0,0,0,1,1,1,9.932171953108693e-6,0,0,0
TUR.39.3_1,2066,3,albopictus,7.831613685497466,72.03767869332016,1.1379787822454034e-4,0,0,0,0,0,0,1,1,1,1.1012637253116075e-5,0,0,0
TUR.39.3_1,2066,4,albopictus,12.633518555585077,55.14318137317902,1.5047676354646596e-4,3.308512977948755e-4,3.239637489924384e-4,3.377830832720541e-4,0,0,0,1,1,1,1.5047563138970155e-5,0,0,0
TUR.39.3_1,2066,5,albopictus,16.70724100225112,57.75732587243462,2.1032672686557648e-4,0.020718274179779724,0.02059690160093561,0.020841472340136773,0,0,0,1,1,1,2.03539922287721e-5,0,0,0
TUR.39.3_1,2066,6,albopictus,22.134805959813733,41.7175633429814,2.365693692880181e-4,0.08739948705420893,0.08699593474526304,0.08779884256762338,2.1148472750809333e-11,1.85210263792257e-11,2.4003377063763766e-11,0.9999999999788515,0.9999999999759966,0.999999999981479,2.3656657105686207e-5,5.0037751719855806e-15,4.3298697960381105e-15,5.662137425588298e-15
TUR.39.3_1,2066,7,albopictus,26.02025391073788,47.06425782840691,2.778115164246784e-4,0.14235031392011557,0.14167146106930167,0.14299029791823972,1.506835851464916e-5,1.3249028028169962e-5,1.6941737177317283e-5,0.9999849316414854,0.9999830582628226,0.9999867509719718,2.688462406241765e-5,4.18616352004797e-9,3.680732515998208e-9,4.706609649240967e-9
TUR.39.3_1,2066,8,albopictus,26.84079647064209,38.48611625086446,3.298836639481561e-4,0.12016960726342425,0.11951323270348954,0.12084292307187947,1.5364046393762098e-7,1.3179183943612392e-7,1.7865099193603572e-7,0.9999998463595361,0.999999821349008,0.9999998682081606,3.1923715970716415e-5,5.068347930237138e-11,4.347602833298936e-11,5.893409649182502e-11
TUR.39.3_1,2066,9,albopictus,22.390175651101504,55.885069291986085,2.629332101553365e-4,0.11554591038331864,0.11513604264495404,0.11598593444916823,5.2020141949715715e-8,4.7092428734352154e-8,5.7704092637500536e-8,0.999999947979858,0.9999999422959074,0.9999999529075713,2.629297534917363e-5,1.3677822541247054e-11,1.2382153635748238e-11,1.5172374467908867e-11
TUR.39.3_1,2066,10,albopictus,17.520304048762604,40.625891140407674,2.5910970526147616e-4,0.0237492589742843,0.023603829300880657,0.023900246626445337,0,0,0,1,1,1,2.5074818388759468e-5,0,0,0
TUR.39.3_1,2066,11,albopictus,11.32770325374954,73.57773005673857,1.502964809505435e-4,2.901299733489062e-6,2.749664665532273e-6,3.0732116972560035e-6,0,0,0,1,1,1,1.5029535150423712e-5,0,0,0
TUR.39.3_1,2066,12,albopictus,2.3339018048170734,71.01842479722784,1.2362121540240303e-4,0,0,0,0,0,0,1,1,1,1.1963271865478298e-5,0,0,0
TUR.39.3_1,2067,1,albopictus,4.925318040063276,83.94815508831063,1.250159815665573e-4,0,0,0,0,0,0,1,1,1,1.2098247612390978e-5,0,0,0
TUR.39.3_1,2067,2,albopictus,4.085955162696979,78.11515732869191,9.351573751974532e-5,0,0,0,0,0,0,1,1,1,1.0019493110191569e-5,0,0,0
TUR.39.3_1,2067,3,albopictus,6.8926927107660205,73.34335038521469,1.1479836555306726e-4,0,0,0,0,0,0,1,1,1,1.110945753657333e-5,0,0,0
TUR.39.3_1,2067,4,albopictus,11.94970927518957,65.84088950306183,1.5179972402266153e-4,6.169070373495005e-5,5.9874124789005555e-5,6.355630590705476e-5,0,0,0,1,1,1,1.5179857187019863e-5,0,0,0
TUR.39.3_1,2067,5,albopictus,15.993198338676901,67.58555005456353,2.121758757984269e-4,0.015990819508047135,0.015888936401273285,0.01608898435620313,0,0,0,1,1,1,2.053293846715487e-5,0,0,0
TUR.39.3_1,2067,6,albopictus,21.59990529453053,61.02673311226851,2.3864923808683045e-4,0.1083990543923855,0.10799051995494,0.10881943645371785,8.858477489437356e-9,7.963721135317848e-9,9.851222071421972e-9,0.9999999911415225,0.9999999901487779,0.9999999920362789,2.3864639043691405e-5,2.1140673656105947e-12,1.900579693625559e-12,2.3510221547340393e-12
TUR.39.3_1,2067,7,albopictus,28.34311844320858,34.19233628910027,2.802539776220068e-4,0.10296535469656516,0.10224539871165791,0.10359543646110252,2.118416815966029e-9,1.7334318175299402e-9,2.5007820314559837e-9,0.9999999978815832,0.999999997499218,0.9999999982665683,2.7120984892547995e-5,5.936935387751418e-13,4.858224933457222e-13,7.009059999063538e-13
TUR.39.3_1,2067,8,albopictus,28.75468921661377,37.453931650034384,3.327839326598182e-4,0.10844786534870998,0.107741654953269,0.10911333736897647,8.994202384204896e-9,7.46846619825714e-9,1.0618364870706997e-8,0.9999999910057976,0.999999989381635,0.9999999925315338,3.220437813689081e-5,2.9931249700965167e-12,2.4853924474044223e-12,3.5336150672193865e-12
TUR.39.3_1,2067,9,albopictus,22.635176490334903,43.86775438109741,2.6524486437168543e-4,0.09812787069233296,0.09766880752908513,0.09854913234809788,5.495000181543475e-10,4.808712372739165e-10,6.184252887564412e-10,0.9999999994505,0.9999999993815747,0.9999999995191288,2.6524134666083832e-5,1.457517440073275e-13,1.2756462552943049e-13,1.6398271629469717e-13
TUR.39.3_1,2067,10,albopictus,16.047792757258698,47.65173571438228,2.6138774401630204e-4,0.012501254128494671,0.012401784101971187,0.012592072560512396,0,0,0,1,1,1,2.529526819994299e-5,0,0,0
TUR.39.3_1,2067,11,albopictus,9.936482684138944,73.35881221005889,1.516178564195703e-4,0,0,0,0,0,0,1,1,1,1.5161670702701358e-5,0,0,0
TUR.39.3_1,2067,12,albopictus,6.94410441530978,82.8715894700794,1.2470806747273038e-4,0,0,0,0,0,0,1,1,1,1.2068449834368167e-5,0,0,0
TUR.39.3_1,2068,1,albopictus,6.71583632390727,81.35168139446297,1.2561667249388645e-4,0,0,0,0,0,0,1,1,1,1.2156378287442315e-5,0,0,0
TUR.39.3_1,2068,2,albopictus,3.306489725761554,79.1535331831841,9.73209679587054e-5,0,0,0,0,0,0,1,1,1,1.006763566158142e-5,0,0,0
TUR.39.3_1,2068,3,albopictus,6.970989372142974,74.38855454781235,1.1534996172337953e-4,0,0,0,0,0,0,1,1,1,1.1162837216693866e-5,0,0,0
TUR.39.3_1,2068,4,albopictus,10.750142434064081,74.15807395130402,1.5252910850494016e-4,3.1221294059485325e-10,2.378343467972881e-10,4.2786863912323294e-10,0,0,0,1,1,1,1.5252794525411062e-5,0,0,0
TUR.39.3_1,2068,5,albopictus,18.384374562431784,45.61230634118462,2.131953624431994e-4,0.03582518763762676,0.03563460593513861,0.03601568562253328,0,0,0,1,1,1,2.063159643439505e-5,0,0,0
TUR.39.3_1,2068,6,albopictus,25.246448797338147,31.68503160470015,2.3979592693681924e-4,0.10056049831126633,0.10001995782415828,0.10114306846586481,1.0921366493388263e-9,9.365409753270272e-10,1.2801324555944404e-9,0.9999999989078634,0.9999999987198676,0.999999999063459,2.3979305185495292e-5,2.6189006518961835e-13,2.2459534232410762e-13,3.0698499298154045e-13
TUR.39.3_1,2068,7,albopictus,26.649068608003503,38.31109925907097,2.8160057362994055e-4,0.11970809549722819,0.11906922024968014,0.12034385198691121,1.3820468959768738e-7,1.1895966155472948e-7,1.5944572995807426e-7,0.9999998617953104,0.99999984055427,0.9999998810403384,2.7251297092467652e-5,3.891851863002671e-11,3.3499161777861275e-11,4.490003091550676e-11
TUR.39.3_1,2068,8,albopictus,28.152283668518066,37.01598914515157,3.343829305367676e-4,0.11172736560031157,0.11101471788937133,0.1124294538754052,2.056253415760878e-8,1.7157521800537092e-8,2.437705264868306e-8,0.9999999794374659,0.9999999756229474,0.9999999828424783,3.235911487153853e-5,6.875760738545012e-12,5.73722458430126e-12,8.151304631276445e-12
TUR.39.3_1,2068,9,albopictus,23.729306052712833,35.9262718371521,2.6651934289476846e-4,0.09772796089013307,0.09722806658499707,0.09816385838057669,4.902069528078812e-10,4.2357709006957123e-10,5.541138742293227e-10,0.999999999509793,0.9999999994458861,0.9999999995764229,2.665157912984384e-5,1.3065049042637612e-13,1.1290690604681685e-13,1.476624378327074e-13
TUR.39.3_1,2068,10,albopictus,18.10824045012979,60.3816589626733,2.626436894112676e-4,0.03989498966677162,0.03969974108602044,0.04008686569522941,0,0,0,1,1,1,2.5416808220768417e-5,0,0,0
TUR.39.3_1,2068,11,albopictus,10.201727644923857,70.92789637753935,1.523463670438207e-4,0,0,0,0,0,0,1,1,1,1.5234520657880779e-5,0,0,0
TUR.39.3_1,2068,12,albopictus,3.3092754901770283,79.02638988511846,1.2530727889959692e-4,0,0,0,0,0,0,1,1,1,1.2126437335391316e-5,0,0,0
TUR.39.3_1,2069,1,albopictus,2.8986505643628977,81.24266497600594,1.2023180434778019e-4,0,0,0,0,0,0,1,1,1,1.1635268214349459e-5,0,0,0
TUR.39.3_1,2069,2,albopictus,3.031296749763629,76.58646317585988,8.99370281784847e-5,0,0,0,0,0,0,1,1,1,9.63606373483028e-6,0,0,0
TUR.39.3_1,2069,3,albopictus,7.354306842693511,75.70810410835922,1.1040520142837146e-4,0,0,0,0,0,0,1,1,1,1.06843172540394e-5,0,0,0
TUR.39.3_1,2069,4,albopictus,8.823802330914667,70.76469473987824,1.4599057248551e-4,0,0,0,0,0,0,1,1,1,1.4598950682787049e-5,0,0,0
TUR.39.3_1,2069,5,albopictus,18.811209622551413,45.31192944909478,2.0405621798628954e-4,0.04133300010425274,0.041104846738424426,0.041535237990001736,0,0,0,1,1,1,1.974718095598682e-5,0,0,0
TUR.39.3_1,2069,6,albopictus,24.67763738071217,27.087093067102494,2.295164837475328e-4,0.08890325222728068,0.08839673420899063,0.08942386773709385,3.4265527859567155e-11,2.9068863982573136e-11,4.026347588670376e-11,0.9999999999657345,0.9999999999597365,0.9999999999709311,2.295138498764615e-5,7.865152973351997e-15,6.661338147750939e-15,9.2148511043888e-15
TUR.39.3_1,2069,7,albopictus,29.60712219687069,26.002425400428393,2.6952907126675765e-4,0.07238089144492947,0.07174463029509248,0.07306545469921667,1.0183165422006368e-13,7.848444116831387e-14,1.3190282199815327e-13,0.9999999999998982,0.9999999999998681,0.9999999999999215,2.6083118339292888e-5,0,0,0
TUR.39.3_1,2069,8,albopictus,28.360116004943848,40.37997229944845,3.200487824057801e-4,0.11987774115890494,0.11912420343534828,0.12057632958022972,1.4382116906874742e-7,1.2048116318497115e-7,1.68131822600448e-7,0.9999998561788309,0.9999998318681774,0.9999998795188368,3.097198317170147e-5,4.6029790423673945e-11,3.8559874737664754e-11,5.381034784424088e-11
TUR.39.3_1,2069,9,albopictus,24.030672858743106,48.1120628527771,2.5509433464242e-4,0.12625647943901577,0.12575189663088043,0.12678109304618668,5.941074633835086e-7,5.317501998364226e-7,6.642080863483723e-7,0.9999994058925367,0.9999993357919136,0.9999994682498002,2.550910810139584e-5,1.515534467921853e-10,1.3564648293495906e-10,1.6943569602911878e-10
TUR.39.3_1,2069,10,albopictus,15.9306519873002,40.334021023220174,2.5138482059387085e-4,0.010463850809134522,0.010375724750758047,0.01055283364297529,0,0,0,1,1,1,2.432726737056079e-5,0,0,0
TUR.39.3_1,2069,11,albopictus,10.150047080043485,71.05558192441435,1.4581566468733844e-4,0,0,0,0,0,0,1,1,1,1.458146015820283e-5,0,0,0
TUR.39.3_1,2069,12,albopictus,6.338305693996303,70.12364940660284,1.1993567367215763e-4,0,0,0,0,0,0,1,1,1,1.160661074006697e-5,0,0,0
TUR.39.3_1,2070,1,albopictus,5.258363761117353,78.80412737834969,1.300812202151696e-4,0,0,0,0,0,0,1,1,1,1.2588425947201998e-5,0,0,0
TUR.39.3_1,2070,2,albopictus,3.0575916964341614,73.58926316365284,9.730468931617078e-5,0,0,0,0,0,0,1,1,1,1.0425448081385902e-5,0,0,0
TUR.39.3_1,2070,3,albopictus,8.863809253582183,62.561886762167816,1.194496198224052e-4,0,0,0,0,0,0,1,1,1,1.1559573815600466e-5,0,0,0
TUR.39.3_1,2070,4,albopictus,12.49417720121496,63.06652121692902,1.5795015230657587e-4,2.8473934769067703e-4,2.7889322289709347e-4,2.905682807180747e-4,0,0,0,1,1,1,1.579489049008398e-5,0,0,0
TUR.39.3_1,2070,5,albopictus,18.03124231450698,51.716802343381886,2.2077254826326044e-4,0.03428519933163544,0.03409288538410885,0.0344757592299023,0,0,0,1,1,1,2.136485708403857e-5,0,0,0
TUR.39.3_1,2070,6,albopictus,24.111690801732678,37.949432086877884,2.4831852459781737e-4,0.10532573903602188,0.10478660618063745,0.10582457023604562,3.979635250450642e-9,3.4408491805804076e-9,4.529462144242658e-9,0.9999999960203647,0.9999999954705378,0.9999999965591508,2.4831544151893148e-5,9.882148432893701e-13,8.544220886363974e-13,1.1247835995931154e-12
TUR.39.3_1,2070,7,albopictus,30.801963581758386,25.01219484012566,2.916089520907915e-4,0.05654762246914082,0.05593977738500459,0.05712750871167352,1.1080025785759062e-16,1.1102230246251565e-16,1.1102230246251565e-16,0.9999999999999999,0.9999999999999999,0.9999999999999999,2.8219822983399645e-5,0,0,0
TUR.39.3_1,2070,8,albopictus,28.6920747756958,34.377576669565634,3.462672490824333e-4,0.10074713055035751,0.10004994004160998,0.1014417268783519,1.1526872536471444e-9,9.44433395377864e-10,1.3901946177563572e-9,0.9999999988473127,0.9999999986098054,0.9999999990555666,3.350917233735373e-5,3.991375008283171e-13,3.270633763818864e-13,4.814149079379604e-13
TUR.39.3_1,2070,9,albopictus,21.666733573464786,52.89308778563843,2.7599171866603907e-4,0.09654585406070089,0.0961680685917324,0.09692151936317951,3.481902284274696e-10,3.1140595935230663e-10,3.8766296839298776e-10,0.9999999996518097,0.9999999996123371,0.9999999996885941,2.7598791012994894e-5,9.609801843168952e-14,8.593126210598712e-14,1.0702827513142665e-13
TUR.39.3_1,2070,10,albopictus,14.795209253535551,65.84092562527096,2.7197832041040944e-4,0.0067465590552330534,0.006685544872222167,0.006807186696460587,0,0,0,1,1,1,2.6320136239488257e-5,0,0,0
TUR.39.3_1,2070,11,albopictus,11.236803786281278,76.79006373593779,1.577609160230922e-4,1.5269002111185467e-6,1.4320220822146765e-6,1.622518508488008e-6,0,0,0,1,1,1,1.577596716040297e-5,0,0,0
TUR.39.3_1,2070,12,albopictus,4.9596700490835834,77.30304698961065,1.297608304494409e-4,0,0,0,0,0,0,1,1,1,1.2557420875802805e-5,0,0,0
TUR.39.3_1,2071,1,albopictus,4.09581211965312,72.26847521770516,1.2600892457421105e-4,0,0,0,0,0,0,1,1,1,1.2194337704052316e-5,0,0,0
TUR.39.3_1,2071,2,albopictus,4.4316764075089905,79.72844620808644,9.425848893850197e-5,0,0,0,0,0,0,1,1,1,1.009907281890321e-5,0,0,0
TUR.39.3_1,2071,3,albopictus,6.180543567547026,74.14125535347641,1.1571015485342414e-4,0,0,0,0,0,0,1,1,1,1.1197694226638966e-5,0,0,0
TUR.39.3_1,2071,4,albopictus,12.226690628949335,62.7743535533548,1.530053976704889e-4,1.409387328053156e-4,1.3720932711140614e-4,1.4483986041941994e-4,0,0,0,1,1,1,1.5300422714359385e-5,0,0,0
TUR.39.3_1,2071,5,albopictus,17.746522847343893,46.179841741575245,2.1386108875781724e-4,0.028291859974280627,0.028109333407357304,0.028459842881926448,0,0,0,1,1,1,2.0696020230359657e-5,0,0,0
TUR.39.3_1,2071,6,albopictus,23.258648199193615,41.32018251412398,2.4054471648303903e-4,0.10221875905102809,0.10174163700217906,0.1026940706620621,1.7243372014696944e-9,1.5098456762618894e-9,1.959093345882401e-9,0.9999999982756628,0.9999999980409067,0.9999999984901543,2.405418234185941e-5,4.1478009915607573e-13,3.6315117579732713e-13,4.712952250685021e-13
TUR.39.3_1,2071,7,albopictus,29.527921452241785,24.609027115516284,2.8247990285140456e-4,0.07035162641769346,0.06974047827643298,0.0709816958377666,4.533384778682148e-14,3.5080272020593386e-14,5.796196855811785e-14,0.9999999999999547,0.999999999999942,0.9999999999999649,2.7336391146159933e-5,0,0,0
TUR.39.3_1,2071,8,albopictus,29.165865898132324,42.120435556284384,3.354270785588741e-4,0.11794316264448863,0.11720561000396555,0.11866727493979415,9.19206375948889e-8,7.702020585476088e-8,1.0838363762311065e-7,0.9999999080793625,0.9999998916163624,0.9999999229797941,3.2460158179481446e-5,3.0832671416014536e-11,2.5834681616210275e-11,3.635482470620843e-11
TUR.39.3_1,2071,9,albopictus,22.249573539285098,47.78151552001343,2.6735157928999947e-4,0.0986472778638483,0.09822818090302886,0.09909325113778591,6.370988892001605e-10,5.643838535407397e-10,7.216034131340976e-10,0.9999999993629011,0.9999999992783966,0.9999999994356161,2.6734800547822957e-5,1.7032730781352257e-13,1.5087930904655877e-13,1.929567616798522e-13
TUR.39.3_1,2071,10,albopictus,17.143315637812897,70.85706942409908,2.634638236459228e-4,0.030602761246397676,0.030446520563620964,0.03076578630106062,0,0,0,1,1,1,2.5496174029582264e-5,0,0,0
TUR.39.3_1,2071,11,albopictus,10.192472235683134,77.69811427304717,1.5282208557876076e-4,0,0,0,0,0,0,1,1,1,1.5282091785473462e-5,0,0,0
TUR.39.3_1,2071,12,albopictus,3.513426762950771,75.32877330797002,1.2569856486389103e-4,0,0,0,0,0,0,1,1,1,1.2164303259121212e-5,0,0,0
TUR.39.3_1,2072,1,albopictus,0.1498107091688059,82.09520403850594,1.2370073122481206e-4,0,0,0,0,0,0,1,1,1,1.1970966853014353e-5,0,0,0
TUR.39.3_1,2072,2,albopictus,2.6973797280122254,72.52806016072316,9.583660083484753e-5,0,0,0,0,0,0,1,1,1,9.914081976036826e-6,0,0,0
TUR.39.3_1,2072,3,albopictus,6.402233268627349,63.65162370064438,1.1359061125130962e-4,0,0,0,0,0,0,1,1,1,1.099257937964282e-5,0,0,0
TUR.39.3_1,2072,4,albopictus,12.83131156248205,57.50359397083527,1.5020269109618448e-4,5.208446530156189e-4,5.107954956583965e-4,5.303363099815782e-4,0,0,0,1,1,1,1.5020156305944887e-5,0,0,0
TUR.39.3_1,2072,5,albopictus,19.05540937535903,46.35624478722954,2.0994364604942157e-4,0.04542363364756605,0.045200147197822345,0.04565753857517717,0,0,0,1,1,1,2.0316920645635506e-5,0,0,0
TUR.39.3_1,2072,6,albopictus,25.17550115024342,34.45550508492476,2.3613849115657631e-4,0.10604875802634631,0.1054839385439925,0.1065829360789384,4.818114208160473e-9,4.140087520032586e-9,5.5267406151582324e-9,0.9999999951818858,0.9999999944732594,0.9999999958599124,2.361357031088751e-5,1.1377406794466083e-12,9.776568443697898e-13,1.3051310032707873e-12
TUR.39.3_1,2072,7,albopictus,30.084121479707605,19.65124627750359,2.7730552147085016e-4,0.05533742112012771,0.05472646694781578,0.05592638355912555,1.909583602355269e-17,0,1.1102230246251565e-16,1,0.9999999999999999,1,2.6835658124113593e-5,0,0,0
TUR.39.3_1,2072,8,albopictus,29.44619083404541,33.54340537439962,3.2928282683579907e-4,0.09125938617828898,0.09052898300184677,0.09200050240597243,7.181516592513759e-11,5.6916849011656725e-11,8.962671993462123e-11,0.9999999999281848,0.9999999999103734,0.9999999999430832,3.186557229828413e-5,2.3647306335305985e-14,1.8762769116165146e-14,2.9531932455029164e-14
TUR.39.3_1,2072,9,albopictus,24.010088752297793,45.646124284661866,2.62454313962534e-4,0.12040133085840471,0.11988316781431009,0.12089068825223709,1.618259406616085e-7,1.4348685272447259e-7,1.8060114929108195e-7,0.9999998381740594,0.9999998193988507,0.9999998565131473,2.624508698789718e-5,4.2471915540076565e-11,3.7658734464152137e-11,4.7399503766420994e-11
TUR.39.3_1,2072,10,albopictus,17.458416307673737,55.81590884060299,2.5863777304989063e-4,0.028714612998511208,0.02854823293862226,0.02887706560880827,0,0,0,1,1,1,2.50291486736387e-5,0,0,0
TUR.39.3_1,2072,11,albopictus,9.456280962947538,70.2189959258792,1.5002273685988144e-4,0,0,0,0,0,0,1,1,1,1.5002161152466442e-5,0,0,0
TUR.39.3_1,2072,12,albopictus,4.459710580242031,76.17640666978643,1.2339605658974925e-4,0,0,0,0,0,0,1,1,1,1.1941482563448957e-5,0,0,0
TUR.39.3_1,2073,1,albopictus,4.649794139077558,83.51128069866219,1.3416065149953084e-4,0,0,0,0,0,0,1,1,1,1.2983204572214468e-5,0,0,0
TUR.39.3_1,2073,2,albopictus,6.130117197685382,83.49151536091847,1.0035622737104787e-4,0,0,0,0,0,0,1,1,1,1.0752395125157577e-5,0,0,0
TUR.39.3_1,2073,3,albopictus,6.56568780125064,67.97339341499985,1.231956372352381e-4,0,0,0,0,0,0,1,1,1,1.192208737343936e-5,0,0,0
TUR.39.3_1,2073,4,albopictus,13.17199645322912,56.821510840952456,1.629035713444911e-4,9.306646140225184e-4,9.159227203404058e-4,9.454617742786123e-4,0,0,0,1,1,1,1.6290224447268464e-5,0,0,0
TUR.39.3_1,2073,5,albopictus,20.009108487297507,38.666284307493214,2.276961183114469e-4,0.05315210522452389,0.05288491167975925,0.05342305622135599,0,0,0,1,1,1,2.203486545249156e-5,0,0,0
TUR.39.3_1,2073,6,albopictus,25.16357831393971,25.38452882760054,2.561059542979319e-4,0.08791935517168264,0.08742198628528162,0.08843554390111388,2.5041797635516617e-11,2.1259558002917343e-11,2.9430927139806326e-11,0.9999999999749583,0.9999999999705691,0.9999999999787405,2.56102674812686e-5,6.413869435561992e-15,5.440092820663267e-15,7.549516567451064e-15
TUR.39.3_1,2073,7,albopictus,29.883695378023035,24.471219269446948,3.0075399762458365e-4,0.066316677208361,0.06566688379271009,0.06697944586047026,8.44302405766939e-15,6.328271240363392e-15,1.1102230246251565e-14,0.9999999999999916,0.9999999999999889,0.9999999999999937,2.9104802023560694e-5,0,0,0
TUR.39.3_1,2073,8,albopictus,29.562447547912598,38.30564673792501,3.5712641419727477e-4,0.10240019616921485,0.10159301084848131,0.10312358658082516,1.8179620308034217e-9,1.449363010164184e-9,2.2014075923282305e-9,0.999999998182038,0.9999999977985924,0.9999999985506369,3.456002351742704e-5,6.49242215544632e-13,5.175804229651248e-13,7.861850059853736e-13
TUR.39.3_1,2073,9,albopictus,24.919201682595645,38.94707719603882,2.8464699764857405e-4,0.11435859510828206,0.1137831921936711,0.11491116081847973,3.913508622699347e-8,3.395919500326361e-8,4.461458984472699e-8,0.9999999608649138,0.9999999553854102,0.999999966040805,2.8464294649088728e-05,1.113968517429953e-11,9.666367706273605e-12,1.2699410967265123e-11
TUR.39.3_1,2073,10,albopictus,19.003033960566803,50.72368471950924,2.805077366252557e-4,0.04762910224021464,0.04739347135443227,0.047847462012695914,0,0,0,1,1,1,2.7145541549145058e-5,0,0,0
TUR.39.3_1,2073,11,albopictus,10.009012953761747,72.61480891416045,1.6270840048864029e-4,0,0,0,0,0,0,1,1,1,1.6270707679511e-5,0,0,0
TUR.39.3_1,2073,12,albopictus,6.237811309230678,77.99373607652471,1.3383021410331912e-4,0,0,0,0,0,0,1,1,1,1.2951227174373692e-5,0,0,0
TUR.39.3_1,2074,1,albopictus,4.910119094064131,78.4370390604786,1.2332469298195685e-4,0,0,0,0,0,0,1,1,1,1.1934576490291171e-5,0,0,0
TUR.39.3_1,2074,2,albopictus,2.832413693123004,73.96610184773488,9.225060247568351e-5,0,0,0,0,0,0,1,1,1,9.88394427592354e-6,0,0,0
TUR.39.3_1,2074,3,albopictus,9.396063472637358,65.62397477486313,1.1324530679403713e-4,0,0,0,0,0,0,1,1,1,1.0959163186052834e-5,0,0,0
TUR.39.3_1,2074,4,albopictus,11.512839653912714,61.797516395151675,1.4974608946196065e-4,6.9495069313183226e-6,6.617527528619262e-6,7.270192336957065e-6,0,0,0,1,1,1,1.4974496827302453e-5,0,0,0
TUR.39.3_1,2074,5,albopictus,17.399938527275534,52.69953702355767,2.093054376978835e-4,0.026792311944330627,0.02664856402459813,0.026949182849494095,0,0,0,1,1,1,2.025515979997561e-5,0,0,0
TUR.39.3_1,2074,6,albopictus,23.01546697055592,48.446876239709916,2.3542065301280964e-4,0.11219615126032567,0.11171154421318663,0.11266898236361975,2.305219929721325e-8,2.0410218942723545e-8,2.5858032007275433e-8,0.9999999769478007,0.9999999741419681,0.999999979589781,2.3541788189085366e-5,5.426963545218655e-12,4.805028597232308e-12,6.087566561951973e-12
TUR.39.3_1,2074,7,albopictus,27.281259312349206,41.4502670447155,2.7646253954183926e-4,0.12788633897003188,0.12719330011000057,0.12854534658820146,8.435849328257694e-7,7.256628021951039e-7,9.67755915620705e-7,0.9999991564150672,0.9999990322440844,0.9999992743371978,2.6754081413726816e-5,2.332196322729629e-10,2.0061863281739534e-10,2.6754824744568135e-10
TUR.39.3_1,2074,8,albopictus,27.16577434539795,43.60650428187032,3.2828183893233466e-4,0.1344237213268622,0.13374183577994825,0.13511037976946566,3.2561753884905455e-6,2.83199928458322e-6,3.72607845454953e-6,0.9999967438246115,0.9999962739215454,0.9999971680007154,3.176870558319056e-5,1.0689432436983282e-9,9.296939412761773e-10,1.2232038465453952e-9
TUR.39.3_1,2074,9,albopictus,24.901995490579043,42.17876283446655,2.6165647826605065e-4,0.12169665763370519,0.1210905178999773,0.12226156282281371,2.1721468461421977e-7,1.8898329306460405e-7,2.4611860728607216e-7,0.9999997827853154,0.9999997538813927,0.999999811016707,2.6165305509029402e-5,5.683562831482192e-11,4.9448747874158986e-11,6.439857813678173e-11
TUR.39.3_1,2074,10,albopictus,18.231191004023835,63.63429110378658,2.578515392681605e-4,0.04372778797979481,0.04351368534420263,0.04393245163093286,0,0,0,1,1,1,2.495306343497372e-5,0,0,0
TUR.39.3_1,2074,11,albopictus,9.318349616054228,66.9521502227542,1.4956668226910787e-4,0,0,0,0,0,0,1,1,1,1.4956556376510832e-5,0,0,0
TUR.39.3_1,2074,12,albopictus,4.140384179485195,77.33505992906377,1.2302094452827772e-4,0,0,0,0,0,0,1,1,1,1.1905181829030553e-5,0,0,0
TUR.39.3_1,2075,1,albopictus,8.01054600637187,77.29725329387703,1.3726348125209605e-4,0,0,0,0,0,0,1,1,1,1.3283474475711543e-5,0,0,0
TUR.39.3_1,2075,2,albopictus,6.0073692995835755,72.97118302449269,1.0267723792564536e-4,0,0,0,0,0,0,1,1,1,1.1001072122707178e-5,0,0,0
TUR.39.3_1,2075,3,albopictus,7.995488311657134,57.27045533516586,1.2604487122692802e-4,0,0,0,0,0,0,1,1,1,1.21978163699632e-5,0,0,0
TUR.39.3_1,2075,4,albopictus,9.32264695448034,73.42451529651886,1.6667115924986578e-4,0,0,0,0,0,0,1,1,1,1.6666977029400343e-5,0,0,0
TUR.39.3_1,2075,5,albopictus,18.379362050224753,52.54790662194634,2.329622099899212e-4,0.03952127146053803,0.039313915118035954,0.03971208346257538,0,0,0,1,1,1,2.254447586846897e-5,0,0,0
TUR.39.3_1,2075,6,albopictus,27.35552052890553,21.250228595666947,2.620291006595722e-4,0.07922512144689176,0.07863994155575746,0.07984836898005825,1.3201925108674572e-12,1.0636880265479931e-12,1.6388390644550553e-12,0.9999999999986798,0.9999999999983612,0.9999999999989364,2.620256677265953e-5,3.433919815165609e-16,3.3306690738754696e-16,4.440892098500626e-16
TUR.39.3_1,2075,7,albopictus,29.914808048921472,23.666075913123706,3.0770975135417666e-4,0.06442758749578384,0.0637973143555651,0.06507873859373493,3.703259920939672e-15,2.7755575615628914e-15,4.884981308350689e-15,0.9999999999999963,0.9999999999999951,0.9999999999999972,2.9777919663187546e-5,0,0,0
TUR.39.3_1,2075,8,albopictus,30.956509590148926,33.972499688974814,3.653859332963015e-4,0.07246089128881154,0.07176708611581423,0.07312521609499834,1.0507283931815437e-13,7.925604617042836e-14,1.350058953519806e-13,0.999999999999895,0.999999999999865,0.9999999999999207,3.535930387377206e-5,2.220446049250313e-19,0,0
TUR.39.3_1,2075,9,albopictus,24.512875388650333,44.3105491809021,2.912302332203352e-4,0.12308434303320112,0.12255606437131239,0.1235738643806391,2.963152298401939e-7,2.6290394442574085e-7,3.2977256541610875e-7,0.9999997036847702,0.9999996702274346,0.9999997370960555,2.91225992509192e-5,8.629595404929802e-11,7.656554557033957e-11,9.603978723404794e-11
TUR.39.3_1,2075,10,albopictus,14.77376779387979,74.02334444851314,2.869952405341691e-4,0.0074433739039585275,0.007384216170675676,0.007505853578805897,0,0,0,1,1,1,2.7773347268333914e-5,0,0,0
TUR.39.3_1,2075,11,albopictus,10.425275580409696,81.01329219052764,1.6647147453744375e-4,4.22763347440663e-36,2.488428887989421e-47,5.929897782326419e-38,0,0,0,1,1,1,1.6647008890702253e-5,0,0,0
TUR.39.3_1,2075,12,albopictus,7.498413783443325,75.03954296129034,1.3692540159287455e-4,0,0,0,0,0,0,1,1,1,1.3250757523342038e-5,0,0,0
TUR.40.25_1,2025,1,albopictus,7.292712092399597,82.98202379195787,0.2602807206326946,0,0,0,0,0,0,1,1,1,0.02487387447278877,0,0,0
TUR.40.25_1,2025,2,albopictus,7.03781048339956,73.2966847366435,0.19469785580316923,0,0,0,0,0,0,1,1,1,0.020644409725905755,0,0,0
TUR.40.25_1,2025,3,albopictus,11.50215038131265,75.2146235991413,0.23900785274961134,1.004929050400386e-5,9.634727021226361e-6,1.0510721642462036e-5,0,0,0,1,1,1,0.022864349044875443,0,0,0
TUR.40.25_1,2025,4,albopictus,12.516645712011002,70.25677119604728,0.3160439254674609,3.478742087085617e-4,3.4056440952017636e-4,3.5499714103617516e-4,0,0,0,1,1,1,0.031110193700225497,0,0,0
TUR.40.25_1,2025,5,albopictus,17.11503870346967,74.3607268386646,0.4417458405050898,0.03164429858030593,0.031493375103434786,0.03180615606539476,0,0,0,1,1,1,0.04184871646197674,0,0,0
TUR.40.25_1,2025,6,albopictus,23.524976954740637,63.783699320827395,0.49686284016906995,0.1567819302144503,0.15627851037184845,0.15730383454087363,1.8579304258915918e-4,1.7105633507943918e-4,2.019537830147411e-4,0.9998142069574109,0.9997980462169853,0.9998289436649206,0.04847211281142183,9.230938991574655e-5,8.498792479811335e-5,1.0033829598805332e-4
TUR.40.25_1,2025,7,albopictus,25.477805193732767,66.85717447072821,0.583483058258435,0.2038915063886085,0.20323149858356684,0.2045551794836686,0.0434766833823456,0.04165261367662373,0.04533946396622206,0.9565233166176544,0.9546605360337779,0.9583473863233762,0.05490147948766111,0.025048700855086745,0.024010640141124653,0.026107946095385318
TUR.40.25_1,2025,8,albopictus,27.20446715635412,66.05170279585985,0.692849351917182,0.21839101268996453,0.21761076534855894,0.2191452644726065,0.09069050036681439,0.08791936686348246,0.09337757630724637,0.9093094996331856,0.9066224236927537,0.9120806331365175,0.06485149860396189,0.06090100062795417,0.05909667050871437,0.0626481808729007
TUR.40.25_1,2025,9,albopictus,22.354095290688907,67.78120340398645,0.5522343909768721,0.13930655214711732,0.13884799049824662,0.1397538731073317,8.46864347313403e-6,7.747594277099368e-6,9.217014598472684e-6,0.9999915313565269,0.9999907829854014,0.9999922524057229,0.053726310209058936,4.676665214611298e-6,4.278478854444212e-6,5.089939489594242e-6
TUR.40.25_1,2025,10,albopictus,16.179517465479236,68.26935335404939,0.544203945164376,0.01799263261551091,0.01788416852706043,0.018109924245934942,0,0,0,1,1,1,0.0513021301477079,0,0,0
TUR.40.25_1,2025,11,albopictus,9.918107607785394,78.85224246723867,0.31566528083179796,0,0,0,0,0,0,1,1,1,0.031073506512889204,0,0,0
TUR.40.25_1,2025,12,albopictus,7.979494824128993,77.41064372474264,0.2596396497773531,0,0,0,0,0,0,1,1,1,0.024813376634318707,0,0,0
TUR.40.25_1,2026,1,albopictus,7.244047999382019,81.56854875533678,0.25166418528166407,0,0,0,0,0,0,1,1,1,0.024060418392291893,0,0,0
TUR.40.25_1,2026,2,albopictus,8.208456197205713,80.06395768586225,0.18825242660188277,0,0,0,0,0,0,1,1,1,0.01996785109471766,0,0,0
TUR.40.25_1,2026,3,albopictus,8.594723547206204,80.25071826466865,0.23109555095720483,0,0,0,0,0,0,1,1,1,0.022115863279660974,0,0,0
TUR.40.25_1,2026,4,albopictus,10.916132253759049,82.02714167944572,0.30558136162620053,3.1586828594251444e-8,2.779613186891348e-8,3.565217171785322e-8,0,0,0,1,1,1,0.030095956071092278,0,0,0
TUR.40.25_1,2026,5,albopictus,16.126164268044864,71.32640219266851,0.4271219427318305,0.01818157426586112,0.018068336198397143,0.018290662571198053,0,0,0,1,1,1,0.040491765555154324,0,0,0
TUR.40.25_1,2026,6,albopictus,21.362703547758215,74.43941526321021,0.48041430638399624,0.12671143184389608,0.12632370736921594,0.12708383981385857,6.548908522370223e-7,6.01851528125863e-7,7.088330912341511e-7,0.9999993451091478,0.9999992911669087,0.9999993981484719,0.04690570104575942,3.1461888495221133e-7,2.891380426361945e-7,3.4053349986240546e-7
TUR.40.25_1,2026,7,albopictus,23.42754846460679,73.80443628103095,0.5641669814241999,0.18320093578157193,0.18267496579808823,0.1837347190337877,0.007109979932912373,0.006700608125683343,0.0075406578879145736,0.9928900200670876,0.9924593421120854,0.9932993918743166,0.05313315669603691,0.004003174555441664,0.003773125665165994,0.004245153949964026
TUR.40.25_1,2026,8,albopictus,24.89251647276037,73.75296240889696,0.6699127282624561,0.21979351188153107,0.2191663170476005,0.22035531241367157,0.09569663211586327,0.09345276338378472,0.09770993724474057,0.9043033678841368,0.9022900627552595,0.9065472366162153,0.06277346906407166,0.062096395107424006,0.060685754185478176,0.06336080097611739
TUR.40.25_1,2026,9,albopictus,19.89190466263715,79.72625650457239,0.5339527943209985,0.09432037684446339,0.09402745890087624,0.0946293787895779,1.8075332752776063e-10,1.6545502468101603e-10,1.9795816375012265e-10,0.9999999998192467,0.9999999998020418,0.999999999834545,0.05199478855000095,9.651374466290718e-11,8.834521447731448e-11,1.0570028186052126e-10
TUR.40.25_1,2026,10,albopictus,16.01679392421947,82.30646654374665,0.5261881946305653,0.019719165254759006,0.01961217506659516,0.01982441963305432,0,0,0,1,1,1,0.04964667092264685,0,0,0
TUR.40.25_1,2026,11,albopictus,12.927630999509027,78.5003213856957,0.3052152519369628,9.161653044704838e-4,9.017272528871821e-4,9.300887408630816e-4,0,0,0,1,1,1,0.0300604462942613,0,0,0
TUR.40.25_1,2026,12,albopictus,8.494317784028896,78.49582591468405,0.2510443369343675,0,0,0,0,0,0,1,1,1,0.024001874584484106,0,0,0
TUR.40.25_1,2027,1,albopictus,7.459892153739929,78.43659837691881,0.25742158712378976,0,0,0,0,0,0,1,1,1,0.02460402916391824,0,0,0
TUR.40.25_1,2027,2,albopictus,8.51837746185415,75.52571153107709,0.1925591374137103,0,0,0,0,0,0,1,1,1,0.020419966246019605,0,0,0
TUR.40.25_1,2027,3,albopictus,9.382052267298977,74.07848468312568,0.23638239759093999,0,0,0,0,0,0,1,1,1,0.022616050486480077,0,0,0
TUR.40.25_1,2027,4,albopictus,11.346293729894303,77.276355851809,0.3125722439099744,3.811290377576003e-6,3.6078246670191017e-6,4.008605225645128e-6,0,0,0,1,1,1,0.030773767618216485,0,0,0
TUR.40.25_1,2027,5,albopictus,18.134995292214786,70.34614706571539,0.4368933476583769,0.046231760784573236,0.04604052319524595,0.04642197282903219,0,0,0,1,1,1,0.041398666710792065,0,0,0
TUR.40.25_1,2027,6,albopictus,22.802183375639075,69.57721738723365,0.4914048977129257,0.15492610729656903,0.15446383500030483,0.1554125502523501,1.3714790309392623e-4,1.2694662006012267e-4,1.4846838317222056e-4,0.9998628520969061,0.9998515316168278,0.9998730533799398,0.047952632614297164,6.739287643290514e-5,6.238024511722451e-5,7.295542926953058e-5
TUR.40.25_1,2027,7,albopictus,24.577900942634134,68.68994577199774,0.5770736094153176,0.19413081838034954,0.19352588958855485,0.19477164522019488,0.02094513345747165,0.01986947153923317,0.022116241598636413,0.9790548665425284,0.9778837584013635,0.9801305284607669,0.054315082100562684,0.012014078865257577,0.011400661914038972,0.012681601494220046
TUR.40.25_1,2027,8,albopictus,23.891780236188104,72.88154440962938,0.6852385354346009,0.19249611525611915,0.19188887640885877,0.19306589533302262,0.018140177821377307,0.01716454744355456,0.019081192004664255,0.9818598221786227,0.9809188079953357,0.9828354525564454,0.06416247938083419,0.012353354843450386,0.011692909663433618,0.012990059394212529
TUR.40.25_1,2027,9,albopictus,21.143989394692813,70.97524942449427,0.5461682027160836,0.11453026202217075,0.11413495485116626,0.11487802572245727,4.0743291446876385e-8,3.698775942750921e-8,4.426024139692064e-8,0.9999999592567086,0.9999999557397586,0.9999999630122406,0.053152108631073225,2.2252690013990772e-8,2.020153787307688e-8,2.417353617556461e-8
TUR.40.25_1,2027,10,albopictus,18.245900827295642,73.49420305497712,0.5382259698017928,0.05032360315656227,0.05011784751508094,0.05052828415207659,0,0,0,1,1,1,0.050753136605524385,0,0,0
TUR.40.25_1,2027,11,albopictus,8.165648081723383,74.79819583637929,0.3121977586125949,0,0,0,0,0,0,1,1,1,0.03073747084120415,0,0,0
TUR.40.25_1,2027,12,albopictus,6.59471155615414,81.96478190833639,0.2567875583081339,0,0,0,0,0,0,1,1,1,0.02454417934534603,0,0,0
TUR.40.25_1,2028,1,albopictus,7.573842883110046,80.38896806686022,0.24934359655546753,0,0,0,0,0,0,1,1,1,0.023841224000902383,0,0,0
TUR.40.25_1,2028,2,albopictus,8.776024022523096,76.01179551545209,0.1931778615793539,0,0,0,0,0,0,1,1,1,0.019785561751953118,0,0,0
TUR.40.25_1,2028,3,albopictus,7.415939176783842,74.08440509328193,0.2289646250583716,0,0,0,0,0,0,1,1,1,0.021914184553194493,0,0,0
TUR.40.25_1,2028,4,albopictus,12.88104180728688,70.71318446509025,0.3027636040579876,7.336248767822932e-4,7.223209328328501e-4,7.455904872282964e-4,0,0,0,1,1,1,0.029822622117437803,0,0,0
TUR.40.25_1,2028,5,albopictus,18.1624096141142,72.23897696073492,0.4231834627136852,0.047924437338560534,0.047723952202526586,0.04813033264410268,0,0,0,1,1,1,0.04012598578699267,0,0,0
TUR.40.25_1,2028,6,albopictus,22.927730784696692,67.58657865432349,0.47598441890497134,0.15302664230299062,0.15253684252263705,0.15351960801193063,9.992918679701068e-5,9.192907018072127e-5,1.0846189728864476e-4,0.999900070813203,0.9998915381027114,0.9999080709298193,0.04648339746467134,4.7563602756114266e-5,4.375584773539664e-5,5.162484054636041e-5
TUR.40.25_1,2028,7,albopictus,25.57499605066636,66.02475412160712,0.558964812767106,0.20214159159819334,0.2014746143595393,0.20282710029433157,0.038740992637414706,0.037005059826353534,0.04055739901071128,0.9612590073625853,0.9594426009892887,0.9629949401736465,0.05265635013558312,0.02142194219035452,0.02047206890307712,0.022415121770880085
TUR.40.25_1,2028,8,albopictus,25.60982833189123,64.68244772994188,0.6637354809000572,0.19749651623456968,0.1968131185789002,0.19815889098264247,0.02761092345564372,0.026154006325266987,0.02905694733582644,0.9723890765443562,0.9709430526641736,0.973845993674733,0.0622130292965295,0.018159317581689344,0.017209536678226445,0.0191013394195692
TUR.40.25_1,2028,9,albopictus,19.465076278237735,70.40927804998255,0.5290292298756418,0.07293005978174713,0.07265973870127632,0.0732055123569161,1.253435133463654e-13,1.1256551246674462e-13,1.3933298959045715e-13,0.9999999999998747,0.9999999999998607,0.9999999999998874,0.051527917150550384,6.630807014573747e-14,5.950240300478527e-14,7.37188088351104e-14
TUR.40.25_1,2028,10,albopictus,15.11814375484691,82.39140459306306,0.5213362273514279,0.010912468781419268,0.010837601878279203,0.010989403107960871,0,0,0,1,1,1,0.049200332279245695,0,0,0
TUR.40.25_1,2028,11,albopictus,12.432306864682367,80.95873355610586,0.3024008702564092,3.5575975697106274e-4,3.4839139297187344e-4,3.626817929068306e-4,0,0,0,1,1,1,0.029787429866322324,0,0,0
TUR.40.25_1,2028,12,albopictus,6.539836659150966,80.30700602943014,0.24872946381321456,0,0,0,0,0,0,1,1,1,0.023783207012431307,0,0,0
TUR.40.25_1,2029,1,albopictus,9.387560725212097,81.45637376754381,0.283194610086081,0,0,0,0,0,0,1,1,1,0.02703379482856416,0,0,0
TUR.40.25_1,2029,2,albopictus,5.880579152527978,81.36432694855756,0.21183813854804795,0,0,0,0,0,0,1,1,1,0.02244130551454837,0,0,0
TUR.40.25_1,2029,3,albopictus,9.82847865890054,73.16169848927802,0.26004897905002744,0,0,0,0,0,0,1,1,1,0.02485200545934363,0,0,0
TUR.40.25_1,2029,4,albopictus,10.480633062474869,75.48541652075431,0.34386694498643333,9.222103782061223e-21,1.234355940657845e-23,5.563907791886521e-20,0,0,0,1,1,1,0.03380219098820414,0,0,0
TUR.40.25_1,2029,5,albopictus,15.253295730142032,74.65802908475835,0.4806350649210276,0.010847185417164373,0.010769098380680853,0.01092741934215999,0,0,0,1,1,1,0.04544791626980993,0,0,0
TUR.40.25_1,2029,6,albopictus,22.831791148466223,72.54999570754615,0.5406043057891691,0.16342062261966955,0.16293543006585404,0.16390553833279856,5.242486322450706e-4,4.868981003808365e-4,5.634634306410813e-4,0.9994757513677549,0.9994365365693589,0.9995131018996192,0.05262514563897469,2.833708533118663e-4,2.631845704081565e-4,3.0456436761301664e-4
TUR.40.25_1,2029,7,albopictus,26.37189012415269,70.96531732351141,0.6348501601411941,0.23399658305562254,0.2332634348248507,0.23473598958348038,0.14660605506978716,0.14402570617207344,0.1492015639895865,0.8533939449302128,0.8507984360104135,0.8559742938279266,0.05958791574051625,0.08887258239054971,0.08737913054841852,0.09037298469980193
TUR.40.25_1,2029,8,albopictus,25.418288567486933,67.87556296431688,0.7538445474856028,0.20686293866674144,0.20622227688812714,0.20756434098286144,0.052121362428942816,0.05019334413727699,0.05425825247129623,0.9478786375710572,0.9457417475287038,0.9498066558627231,0.07035519708940097,0.03852922248057118,0.03713106654746645,0.040077078434287663
TUR.40.25_1,2029,9,albopictus,23.58491308548871,64.79226602605677,0.6008505072856138,0.16082204966257113,0.16027727914932835,0.1613173356970024,3.5248622709899613e-4,3.235881890677805e-4,3.8023737754614426e-4,0.999647513772901,0.9996197626224538,0.9996764118109323,0.05831556076937605,2.1176906317439947e-4,1.9440922762947176e-4,2.2843972485846463e-4
TUR.40.25_1,2029,10,albopictus,15.725539880640367,74.90797563798493,0.5921130988246294,0.014959457828689385,0.014859323535785103,0.015052067005518126,0,0,0,1,1,1,0.05569046338595118,0,0,0
TUR.40.25_1,2029,11,albopictus,13.017712214413812,76.93882083637929,0.3434549662593993,0.0010372557739519934,0.0010230554272826372,0.0010523821658628809,0,0,0,1,1,1,0.03376238487390415,0,0,0
TUR.40.25_1,2029,12,albopictus,7.991967930513271,74.48204722816061,0.28249710237027825,0,0,0,0,0,0,1,1,1,0.02696811666657284,0,0,0
TUR.40.25_1,2030,1,albopictus,8.326739192008972,83.5936036869774,0.2750837081111691,0,0,0,0,0,0,1,1,1,0.026269788554398543,0,0,0
TUR.40.25_1,2030,2,albopictus,6.2059661535655755,76.55822801056928,0.20577093841387611,0,0,0,0,0,0,1,1,1,0.021805629898226098,0,0,0
TUR.40.25_1,2030,3,albopictus,10.612863386378567,73.11495318898506,0.2526009849758833,3.798692916777338e-13,1.3882307695131956e-13,1.0288142083217798e-12,0,0,0,1,1,1,0.024148891146521856,0,0,0
TUR.40.25_1,2030,4,albopictus,12.995452207677506,70.86952601782463,0.33401834270424446,8.980796022588218e-4,8.838644442324811e-4,9.12776669669706e-4,0,0,0,1,1,1,0.03285015245802658,0,0,0
TUR.40.25_1,2030,5,albopictus,18.02836305954877,69.54291678007085,0.4668693230656481,0.04386994624311122,0.043663806777566254,0.04406214180571758,0,0,0,1,1,1,0.044175444603441805,0,0,0
TUR.40.25_1,2030,6,albopictus,23.453327403349036,66.67543058303443,0.5251210007568509,0.16308075329095323,0.16249154411576858,0.1636156492211611,4.981222566147725e-4,4.551735848146804e-4,5.394950424489287e-4,0.9995018777433853,0.999460504957551,0.9995448264151853,0.051157160083836195,2.615401906851496e-4,2.389926450827251e-4,2.83260050888301e-4
TUR.40.25_1,2030,7,albopictus,25.06810670740464,68.46550424367743,0.6166675845049658,0.20298621150028714,0.20232588999386444,0.20361595870284133,0.04099147229740431,0.039220879379770306,0.04270754058152684,0.9590085277025957,0.9572924594184731,0.9607791206202297,0.0579317060778467,0.024961149211263363,0.02389610158017557,0.025992578628351058
TUR.40.25_1,2030,8,albopictus,23.55887732786291,72.04268485152392,0.7322538850534366,0.1812957533261854,0.18069697954453867,0.18184678465423434,0.005727166731995468,0.005339282967596945,0.006099190453703073,0.9942728332680045,0.9939008095462969,0.994660717032403,0.06841074895004551,0.004184948740859336,0.003902077727342254,0.004456197461946163
TUR.40.25_1,2030,9,albopictus,20.48796827652875,73.37034524968958,0.5836417067202063,0.10125445832552189,0.10089917997830829,0.1015830251573017,1.3216009470129463e-9,1.1965169660621555e-9,1.4453840707639997e-9,0.9999999986783991,0.999999998554616,0.999999998803483,0.05669363963274754,7.71341433059014e-10,6.983371714230912e-10,8.43586456245049e-10
TUR.40.25_1,2030,10,albopictus,16.35191698635326,79.66462847001618,0.5751545440655256,0.02305395335243332,0.022928555335282146,0.02317856299955124,0,0,0,1,1,1,0.05413943696929291,0,0,0
TUR.40.25_1,2030,11,albopictus,12.015304186764887,77.96537112934804,0.3336181633510393,1.0461749187153499e-4,1.0182454410512938e-4,1.0760350482473751e-4,0,0,0,1,1,1,0.0328114483435582,0,0,0
TUR.40.25_1,2030,12,albopictus,11.22606731863583,79.35473552161764,0.2744061775294931,1.528652236369417e-6,1.433411401894771e-6,1.6315479615046868e-6,0,0,0,1,1,1,0.026205941429349178,0,0,0
TUR.40.25_1,2031,1,albopictus,7.835821986198425,79.89978654830553,0.2682914731472924,0,0,0,0,0,0,1,1,1,0.025629532567246316,0,0,0
TUR.40.25_1,2031,2,albopictus,8.128251233521631,79.56068467560834,0.20069014111024364,0,0,0,0,0,0,1,1,1,0.021272984148817065,0,0,0
TUR.40.25_1,2031,3,albopictus,8.247802580104153,76.97874560841865,0.2463638826267703,0,0,0,0,0,0,1,1,1,0.023559698841528864,0,0,0
TUR.40.25_1,2031,4,albopictus,10.996629995458267,78.04504786841056,0.32577092201375757,9.888232776835762e-8,8.891226278989407e-8,1.1003215431005025e-7,0,0,0,1,1,1,0.03205217427382734,0,0,0
TUR.40.25_1,2031,5,albopictus,14.584830115823184,77.81963491971929,0.45534160969628196,0.006692014931426304,0.006633801685218213,0.006746329781595505,0,0,0,1,1,1,0.043108545911784035,0,0,0
TUR.40.25_1,2031,6,albopictus,21.595918879789465,71.43187742141333,0.5121549649050833,0.12728462135395785,0.12688467953021632,0.12765808041686302,7.406786454449143e-7,6.791652899240663e-7,8.01478282644319e-7,0.9999992593213546,0.9999991985217174,0.9999993208347101,0.04992608912279173,3.7934217357449285e-7,3.478378147514505e-7,4.104809974203594e-7
TUR.40.25_1,2031,7,albopictus,24.263945635627298,72.13095147878485,0.601441124321903,0.1991594354644988,0.19855193002906293,0.19972993078086526,0.03134245795133838,0.029940549162361784,0.03268434618853421,0.9686575420486616,0.9673156538114658,0.9700594508376382,0.05654251843511382,0.01867399290761718,0.0178463117734468,0.019465756982129417
TUR.40.25_1,2031,8,albopictus,24.786733010235956,74.03681403243212,0.7141734233836219,0.2185297487487634,0.21789398643740257,0.21916779256727303,0.09118370575901033,0.08892320589405289,0.09345803331846259,0.9088162942409896,0.9065419666815374,0.9110767941059471,0.06677929977697528,0.06304558031415111,0.06153206557209276,0.06456652134821766
TUR.40.25_1,2031,9,albopictus,22.439624618081485,67.19340051702356,0.5692307056689934,0.14010721684033361,0.13966910744442307,0.14053234919415517,9.868061499134662e-6,9.06899954059015e-6,1.0688204646552845e-5,0.9999901319385008,0.9999893117953534,0.9999909310004594,0.0553332607520195,5.617187804329182e-6,5.16233968330948e-6,6.084035765493989e-6
TUR.40.25_1,2031,10,albopictus,17.190284448511463,72.90049883134431,0.5609531039633161,0.032138692268120835,0.03197608072510313,0.03229378304252319,0,0,0,1,1,1,0.05283861599050599,0,0,0
TUR.40.25_1,2031,11,albopictus,13.051296809140375,75.62024783833242,0.3253806236971769,0.0010712820158122445,0.001055574889250039,0.0010876798588186252,0,0,0,1,1,1,0.03201439469587497,0,0,0
TUR.40.25_1,2031,12,albopictus,9.024859204011806,75.51692119056295,0.26763067182572975,0,0,0,0,0,0,1,1,1,0.025567221030460052,0,0,0
TUR.40.25_1,2032,1,albopictus,10.789401888847351,79.35906846969225,0.2832893063525426,1.4833777566263853e-9,1.176474885962338e-9,1.8634454519612213e-9,0,0,0,1,1,1,0.027042711200646385,0,0,0
TUR.40.25_1,2032,2,albopictus,9.61509720367544,77.8196110672099,0.21947715187187017,0,0,0,0,0,0,1,1,1,0.022448724703689416,0,0,0
TUR.40.25_1,2032,3,albopictus,8.859096372828763,76.23725238332099,0.26013593574530397,0,0,0,0,0,0,1,1,1,0.024860211455172032,0,0,0
TUR.40.25_1,2032,4,albopictus,13.031392377965592,78.11001216284416,0.34398192922232657,0.0010819168979625368,0.0010664802019450938,0.0010981125868923674,0,0,0,1,1,1,0.03381330067601118,0,0,0
TUR.40.25_1,2032,5,albopictus,19.68814737656537,68.7265944534107,0.48079578247905164,0.07609007647605365,0.07577946983924609,0.07638150711806453,4.181999191388286e-13,3.718053642742802e-13,4.654082674804271e-13,0.9999999999995818,0.9999999999995346,0.9999999999996282,0.04546276260079707,2.01069827454603e-13,1.7874313140708863e-13,2.2371271501953062e-13
TUR.40.25_1,2032,6,albopictus,23.299682841581458,61.20261411574927,0.5407850762119388,0.14539203354915767,0.14489481388851455,0.14592979029103384,2.633549249626199e-5,2.4035465830524185e-5,2.899125198571606e-5,0.9999736645075037,0.9999710087480144,0.9999759645341695,0.05264227121947873,1.4241739666521979e-5,1.2997936746989015e-5,1.5677913514813845e-5
TUR.40.25_1,2032,7,albopictus,24.524014529059915,61.38118417531806,0.6350624450427665,0.16917019028443162,0.16860246667682063,0.16974049509876965,0.0012096704416913932,0.00111594869938256,0.0013089334353874548,0.9987903295583086,0.9986910665646126,0.9988840513006174,0.05960723508594867,7.679207630643207e-4,7.084460430885369e-4,8.309090715855255e-4
TUR.40.25_1,2032,8,albopictus,25.54712424558752,71.67888480269579,0.7540966224248741,0.22453574362687234,0.22378359533751851,0.22518023032953363,0.1127771200738199,0.11006113519384281,0.11510414271081594,0.8872228799261801,0.8848958572891841,0.8899388648061572,0.07037787489252734,0.08152849389665735,0.07964584351052385,0.08313922534722462
TUR.40.25_1,2032,9,albopictus,22.903188537148868,68.10362543157434,0.6010514231848404,0.15373309172683533,0.15323613323488391,0.15421828294451578,1.1249686306323481e-4,1.0342655417569513e-4,1.2187384389781285e-4,0.9998875031369368,0.9998781261561022,0.9998965734458243,0.058334480516901044,6.76141097441817e-5,6.216274539885269e-5,7.324976442873443e-5
TUR.40.25_1,2032,10,albopictus,15.297029214746813,74.40831896073884,0.5923110930582227,0.011153710204500037,0.01107251272657544,0.01123444414206072,0,0,0,1,1,1,0.055708556874831894,0,0,0
TUR.40.25_1,2032,11,albopictus,11.422409632626703,79.5018854115746,0.3435698127354414,7.010758997228814e-6,6.677805758955813e-6,7.352042407284139e-6,0,0,0,1,1,1,0.0337734817086941,0,0,0
TUR.40.25_1,2032,12,albopictus,8.70244385214413,81.89169230872702,0.2825915654000393,0,0,0,0,0,0,1,1,1,0.02697701167814981,0,0,0
TUR.40.25_1,2033,1,albopictus,6.774407267570496,75.68241746871568,0.2735127429873273,0,0,0,0,0,0,1,1,1,0.026121742184678443,0,0,0
TUR.40.25_1,2033,2,albopictus,6.400315442506005,73.97376298371381,0.2045958089597619,0,0,0,0,0,0,1,1,1,0.021682460892754718,0,0,0
TUR.40.25_1,2033,3,albopictus,8.411511266932767,76.11657062062568,0.2511584155835701,0,0,0,0,0,0,1,1,1,0.02401264941672754,0,0,0
TUR.40.25_1,2033,4,albopictus,12.353217405431412,80.510486711184,0.33211081000914305,2.910446594358089e-4,2.849701097943873e-4,2.974652662833507e-4,0,0,0,1,1,1,0.032665647865634084,0,0,0
TUR.40.25_1,2033,5,albopictus,18.47177011826459,68.87541342313726,0.46420309674143645,0.05137275287953463,0.051142613385526677,0.051584459142570295,0,0,0,1,1,1,0.04392878911346121,0,0,0
TUR.40.25_1,2033,6,albopictus,24.043991313261145,63.90612058547583,0.5221221071340686,0.16787351903234127,0.16733184835467935,0.1684469296152181,0.0010070240243301297,9.312601728931197e-4,0.0010916799646489255,0.9989929759756698,0.9989083200353511,0.9990687398271069,0.050872569538965795,5.256510820539599e-4,4.8611333236796837e-4,5.69827829879102e-4
TUR.40.25_1,2033,7,albopictus,24.766818102668314,70.04460580617743,0.613145880966385,0.20292018792405145,0.20226575277442047,0.20352448621838654,0.040812898313596524,0.039062091034962713,0.042455348241169574,0.9591871016864035,0.9575446517588304,0.9609379089650373,0.05761058504635874,0.0247136117188191,0.0236662169649898,0.025695427937306177
TUR.40.25_1,2033,8,albopictus,23.55403647703283,69.16220313155321,0.7280720840914119,0.17254394442499973,0.17200411901049903,0.173043164705875,0.0019199395345708495,0.001784665747307665,0.0020508228395936493,0.9980800604654292,0.9979491771604063,0.9982153342526924,0.06803366741329975,0.0013968765696297577,0.0012985215004202855,0.0014920326697688612
TUR.40.25_1,2033,9,albopictus,22.26213056900922,78.6298972516427,0.5803086094154893,0.16259760927913489,0.1621299414574953,0.1630447590800172,4.628655743418231e-4,4.3075450784638977e-4,4.950192543686837e-4,0.9995371344256582,0.9995049807456313,0.9995692454921536,0.0563791740397116,2.685687578217861e-4,2.49939309412181e-4,2.872226788029397e-4
TUR.40.25_1,2033,10,albopictus,18.194423395044666,79.3180021882779,0.5718699157763762,0.05336401006689061,0.05315895694750225,0.05356869467508489,0,0,0,1,1,1,0.05383873107990966,0,0,0
TUR.40.25_1,2033,11,albopictus,13.77565822881811,77.31076907856679,0.3317129160250405,0.0029582211754520457,0.002926157182636455,0.0029907725755407063,0,0,0,1,1,1,0.03262715744795086,0,0,0
TUR.40.25_1,2033,12,albopictus,8.531849636751064,79.88989940101217,0.27283908168937393,0,0,0,0,0,0,1,1,1,0.026058250041735675,0,0,0
TUR.40.25_1,2034,1,albopictus,8.525988459587097,75.85102708785631,0.263082194764533,0,0,0,0,0,0,1,1,1,0.025138205473529185,0,0,0
TUR.40.25_1,2034,2,albopictus,5.718563714448144,79.87663316193647,0.19679344323366008,0,0,0,0,0,0,1,1,1,0.020864277034558065,0,0,0
TUR.40.25_1,2034,3,albopictus,8.203535879359524,76.34666553029365,0.24158036105970304,0,0,0,0,0,0,1,1,1,0.02310757904941574,0,0,0
TUR.40.25_1,2034,4,albopictus,11.872272771947525,77.48242579809806,0.3194455945560109,6.228024548388991e-5,6.0605440148527956e-5,6.41113928060463e-5,0,0,0,1,1,1,0.031439721900183515,0,0,0
TUR.40.25_1,2034,5,albopictus,16.725609611062442,74.01545095975835,0.4465004744326968,0.026055792952341537,0.025908530428082648,0.026198721615948446,0,0,0,1,1,1,0.04228948523678777,0,0,0
TUR.40.25_1,2034,6,albopictus,21.73125098733341,73.72651700881568,0.5022107137665528,0.13561830835382743,0.1352125087326273,0.1360434071898124,4.1253927691716765e-6,3.802629378182876e-6,4.483705697927443e-6,0.9999958746072308,0.9999955162943022,0.9999961973706217,0.04898084185488272,2.071814297147645e-6,1.9097193906997267e-6,2.251762503674426e-6
TUR.40.25_1,2034,7,albopictus,25.440363940070657,67.1057439592536,0.5897632494693072,0.20424181003475078,0.20354828916462014,0.20487963392769337,0.04445801793274237,0.04252090188646801,0.04626626328290834,0.9555419820672576,0.9537337367170917,0.9574790981135319,0.055475698468640755,0.025878791869183185,0.024765442641086197,0.02691723793881785
TUR.40.25_1,2034,8,albopictus,25.47079024595373,73.31929999434618,0.7003066831092072,0.23012213140531848,0.22945429520734556,0.23084149661734693,0.13287059185681752,0.1304829745919894,0.13543790506891867,0.8671294081431825,0.8645620949310813,0.8695170254080106,0.06552613050486356,0.08885185757837337,0.08732743505707152,0.0904888940652196
TUR.40.25_1,2034,9,albopictus,22.497274230508243,68.18200220159387,0.5581782440493263,0.1438028194330907,0.14335104996963355,0.14425538754129627,1.9699545901001536e-5,1.8110788990996497e-5,2.1387316011922675e-5,0.999980300454099,0.999978612683988,0.999981889211009,0.05428859426365895,1.0995797378197225e-5,1.01089973010976e-5,1.1937863239652734e-5
TUR.40.25_1,2034,10,albopictus,18.451305108911853,72.69188066728181,0.5500613643044354,0.05372351291996589,0.053505059654872206,0.05393519684589066,0,0,0,1,1,1,0.05183974431511085,0,0,0
TUR.40.25_1,2034,11,albopictus,11.836981394711664,74.88589572651601,0.31906287446232173,5.06801955021258e-5,4.9127534395545074e-5,5.23529854948054e-5,0,0,0,1,1,1,0.031402652442788836,0,0,0
TUR.40.25_1,2034,12,albopictus,8.880429043489345,78.29070201331686,0.26243422388442766,0,0,0,0,0,0,1,1,1,0.025077073035387865,0,0,0
TUR.40.25_1,2035,1,albopictus,5.957031607627869,78.72382219283678,0.25636340925557694,0,0,0,0,0,0,1,1,1,0.02450413929822759,0,0,0
TUR.40.25_1,2035,2,albopictus,5.660483994904687,78.65880631867475,0.19176758834507934,0,0,0,0,0,0,1,1,1,0.02033688568772618,0,0,0
TUR.40.25_1,2035,3,albopictus,7.571480596766752,78.04551043996162,0.2354107051064028,0,0,0,0,0,0,1,1,1,0.02252413810330245,0,0,0
TUR.40.25_1,2035,4,albopictus,12.071789068334244,80.1563378464379,0.31128735931883045,1.319693418889328e-4,1.285988989085624e-4,1.3543685967966126e-4,0,0,0,1,1,1,0.03064922523212621,0,0,0
TUR.40.25_1,2035,5,albopictus,17.770090888528262,69.37882376249273,0.435097418744928,0.03945965813109067,0.039271916401926496,0.039645638327194185,0,0,0,1,1,1,0.04123204773035538,0,0,0
TUR.40.25_1,2035,6,albopictus,22.33585189370548,61.685100840602786,0.4893848892400498,0.12584145532377997,0.1254260257119745,0.12630553686818566,5.428210603114492e-7,4.953702928189863e-7,5.99493868327916e-7,0.9999994571789397,0.9999994005061316,0.9999995046297071,0.04776029881428612,2.6564838910581033e-7,2.4242670653429334e-7,2.933831972612433e-7
TUR.40.25_1,2035,7,albopictus,24.600300844977884,65.44062860280829,0.5747014442498558,0.18352529471876491,0.18289508830643422,0.1841403957890461,0.007371854380792649,0.006868445454724567,0.007884158058705045,0.9926281456192073,0.992115841941295,0.9931315545452755,0.05409796161675162,0.004227642594428856,0.0039395251526469525,0.004520787361154525
TUR.40.25_1,2035,8,albopictus,26.06975684446447,68.39599829756884,0.6824217388296807,0.218704759164121,0.21796510224546725,0.21939870938069572,0.09180732781731515,0.08917554067076923,0.09428320546072522,0.9081926721826848,0.9057167945392748,0.9108244593292307,0.06390734164502143,0.06072870023234046,0.05904063914266294,0.0623147203269781
TUR.40.25_1,2035,9,albopictus,23.262819121865665,71.87627328924036,0.5439230797996522,0.17309463457594065,0.17260380836308684,0.17361046987772313,0.0020660290553436147,0.0019342456160600207,0.0022105666908336734,0.9979339709446564,0.9977894333091664,0.99806575438394,0.052939505776060436,0.0011231289139509828,0.0010515275895722237,0.0012016556754879976
TUR.40.25_1,2035,10,albopictus,17.41497965419994,73.37471147782868,0.5360134948663952,0.03578952051739983,0.03562383217811372,0.03594811770938519,0,0,0,1,1,1,0.050549871146368774,0,0,0
TUR.40.25_1,2035,11,albopictus,12.234327891293695,77.53257846577382,0.31091441341081644,2.0048968801481766e-4,1.9584983340066643e-4,2.0539540576035813e-4,0,0,0,1,1,1,0.03061307301750138,0,0,0
TUR.40.25_1,2035,12,albopictus,6.732897057252773,77.11008372718405,0.25573198672973546,0,0,0,0,0,0,1,1,1,0.024444529406649984,0,0,0
TUR.40.25_1,2036,1,albopictus,6.561928629875183,80.65445573775865,0.2634898162046836,0,0,0,0,0,0,1,1,1,0.025176660318471544,0,0,0
TUR.40.25_1,2036,2,albopictus,8.285672345582178,76.71215104523725,0.20413758342109564,0,0,0,0,0,0,1,1,1,0.020896264159914746,0,0,0
TUR.40.25_1,2036,3,albopictus,7.043254698024076,77.70211902150459,0.2419546674044384,0,0,0,0,0,0,1,1,1,0.023142964572841485,0,0,0
TUR.40.25_1,2036,4,albopictus,11.888478559606217,76.56291591040275,0.3199405458521989,6.459500684970853e-5,6.261770758247044e-5,6.653201481526446e-5,0,0,0,1,1,1,0.03148765973033729,0,0,0
TUR.40.25_1,2036,5,albopictus,17.23906214096967,71.2349944167896,0.4471922854713689,0.03214479960140534,0.03199227948671076,0.03229849951526265,0,0,0,1,1,1,0.04235360128784804,0,0,0
TUR.40.25_1,2036,6,albopictus,24.557899699491614,65.2239726057395,0.502988842649763,0.18199926344159592,0.1814149377211535,0.18256530331954507,0.006209362815545905,0.005803832513815091,0.006618264112405567,0.993790637184454,0.9933817358875944,0.9941961674861849,0.049054840523364174,0.003118362413159294,0.002915006094175568,0.0033233783185387137
TUR.40.25_1,2036,7,albopictus,25.53910737879136,67.94521768361884,0.5906770328795139,0.20910274557391656,0.2084426118972941,0.20980796448012087,0.059078263455871804,0.056988364481552985,0.0613333928331188,0.9409217365441281,0.9386666071668812,0.943011635518447,0.055559219676050486,0.03429411568070965,0.03310146634450915,0.0355798378682263
TUR.40.25_1,2036,8,albopictus,25.341039040509393,71.63791495406298,0.7013917433086311,0.22056378694507833,0.21985617998837775,0.22122635693497605,0.09845896184184355,0.09592036953889517,0.10083991215089685,0.9015410381581564,0.8991600878491032,0.9040796304611048,0.06562425055349375,0.06672739736944162,0.06506451793065188,0.06828497831106209
TUR.40.25_1,2036,9,albopictus,21.700156997231876,67.17053140691614,0.5590430894255167,0.1217562196359936,0.1212892415180339,0.12217216513734877,2.1993011103871308e-7,1.976880859344554e-7,2.412298741455432e-7,0.999999780069889,0.9999997587701259,0.9999998023119141,0.05437038014064732,1.2295040115695155e-7,1.1051615223800493e-7,1.3485788498412976e-7
TUR.40.25_1,2036,10,albopictus,14.892186838037828,75.37824388749665,0.5509136333289114,0.0083438510971793,0.00827785388160885,0.008408995173104724,0,0,0,1,1,1,0.05191794311761022,0,0,0
TUR.40.25_1,2036,11,albopictus,11.311141589108637,79.08328342182851,0.3195572327692506,3.100797407332984e-6,2.9345066890087825e-6,3.2695270765529217e-6,0,0,0,1,1,1,0.031450534673713615,0,0,0
TUR.40.25_1,2036,12,albopictus,9.038473858552821,80.56484141761374,0.26284084135384755,0,0,0,0,0,0,1,1,1,0.025115435573512257,0,0,0
TUR.40.25_1,2037,1,albopictus,8.864784121513367,81.30229051559068,0.26744048228701434,0,0,0,0,0,0,1,1,1,0.025549286002111926,0,0,0
TUR.40.25_1,2037,2,albopictus,5.647754826966454,77.93067216340131,0.2000535741935643,0,0,0,0,0,0,1,1,1,0.02120622916822612,0,0,0
TUR.40.25_1,2037,3,albopictus,9.376254881129544,74.25048938283271,0.24558244365683737,0,0,0,0,0,0,1,1,1,0.02348585458135155,0,0,0
TUR.40.25_1,2037,4,albopictus,12.192278188817642,75.89934932104728,0.32473761270308155,1.718893527483306e-4,1.6768626886929253e-4,1.7606811628301114e-4,0,0,0,1,1,1,0.03195215015606656,0,0,0
TUR.40.25_1,2037,5,albopictus,19.67255480149213,61.68979025419195,0.45389731650421644,0.06846910468811096,0.06818842388777055,0.06874817237812317,2.0805579481475434e-14,1.84297022087776e-14,2.3314683517128287e-14,0.9999999999999792,0.9999999999999767,0.9999999999999816,0.042974791550426716,9.446998738837919e-15,8.326672684688674e-15,1.0547118733938987e-14
TUR.40.25_1,2037,6,albopictus,22.52541183022892,67.69876890090552,0.5105304660379836,0.143390681962035,0.14293887977581393,0.14384980559275726,1.8259449242478578e-5,1.678106562842674e-5,1.98537515651076e-5,0.9999817405507575,0.9999801462484349,0.9999832189343715,0.0497717371867159,9.321961603120487e-6,8.56720855711146e-6,1.0135893670640274e-5
TUR.40.25_1,2037,7,albopictus,26.019429262946634,66.91470773488837,0.5995334196386746,0.21181605641490617,0.21111942718618626,0.21251096363245284,0.06792579620337806,0.06561195337796188,0.07025135425334172,0.932074203796622,0.9297486457466583,0.9343880466220381,0.0563683244603177,0.039905460898970596,0.038572922033162496,0.041243392606426
TUR.40.25_1,2037,8,albopictus,26.420094826642206,65.38375693404345,0.711908144324159,0.20988913741278636,0.2091156040981562,0.21060098968871183,0.061599883969799533,0.05911533127014418,0.06390903555640054,0.9384001160302005,0.9360909644435994,0.9408846687298558,0.06657469619209977,0.042905413825737766,0.04121141862032292,0.044477877632049044
TUR.40.25_1,2037,9,albopictus,22.250856231240665,66.82036508611536,0.5674251688689176,0.13463966753626058,0.1342148814430632,0.135073570939901,3.3950283766454037e-6,3.1149425668647313e-6,3.6988443261470882e-6,0.9999966049716233,0.9999963011556738,0.9999968850574332,0.055162682297047017,1.926422690718521e-6,1.767495250015738e-6,2.0988151638590136e-6
TUR.40.25_1,2037,10,albopictus,16.879144388086658,76.98491045243806,0.5591738227997463,0.029257099154002,0.029107132665066943,0.029401053270315634,0,0,0,1,1,1,0.05267551165087658,0,0,0
TUR.40.25_1,2037,11,albopictus,11.04543075842016,83.5557413075707,0.3243485523695657,2.5244217435984374e-7,2.326650957640163e-7,2.745048472147937e-7,0,0,0,1,1,1,0.03191448652146811,0,0,0
TUR.40.25_1,2037,12,albopictus,7.466128124910243,74.02109446937155,0.266781776954111,0,0,0,0,0,0,1,1,1,0.02548716700138909,0,0,0
TUR.40.25_1,2038,1,albopictus,5.854665160179138,78.83003862350084,0.2758143649545619,0,0,0,0,0,0,1,1,1,0.0263386373437432,0,0,0
TUR.40.25_1,2038,2,albopictus,7.429488339844872,83.310966963206,0.2063174918443057,0,0,0,0,0,0,1,1,1,0.021862910594830254,0,0,0
TUR.40.25_1,2038,3,albopictus,9.479335630641263,74.36280169972724,0.25327192488572997,0,0,0,0,0,0,1,1,1,0.024212250778733013,0,0,0
TUR.40.25_1,2038,4,albopictus,13.534031194799088,71.25139247290275,0.3349055373316229,0.002002196653600669,0.001977806776864722,0.0020273432880518957,0,0,0,1,1,1,0.03293595366671265,0,0,0
TUR.40.25_1,2038,5,albopictus,19.33011324265424,63.74596548612554,0.46810938656562906,0.06367202323024851,0.06343141796732395,0.06394939580275956,2.6219026949547696e-15,2.3314683517128287e-15,2.9976021664879227e-15,0.9999999999999973,0.999999999999997,0.9999999999999977,0.04429014254141728,1.2275735983280356e-15,1.1102230246251565e-15,1.4432899320127035e-15
TUR.40.25_1,2038,6,albopictus,22.182037577909583,66.11203031447974,0.5265157880215958,0.13145667614230175,0.1310152725010888,0.13189702628143,1.7791343378774639e-6,1.6225206461467633e-6,1.94573173861734e-6,0.9999982208656621,0.9999980542682614,0.9999983774793538,0.05128949424565743,9.367418782189052e-7,8.542823717289094e-7,1.0244579548290833e-6
TUR.40.25_1,2038,7,albopictus,24.84224038965562,66.81897027761298,0.6183055309824613,0.192814275988077,0.1921707898908578,0.19342309449643197,0.018664562470802924,0.017610555218063862,0.01969138816578636,0.981335437529197,0.9803086118342137,0.9823894447819361,0.058081022383101644,0.011474015122590027,0.010829636343490141,0.012101475214082358
TUR.40.25_1,2038,8,albopictus,24.017682412091425,72.974771796104,0.7341988432477584,0.1959937376141796,0.1953874223685502,0.1966023758666144,0.024485016293154742,0.023287547076431114,0.0257167126222842,0.9755149837068453,0.9742832873777157,0.9767124529235689,0.06858607781829362,0.017816154997461434,0.016952354104017568,0.018704047744807984
TUR.40.25_1,2038,9,albopictus,21.720794509438907,73.49097360662317,0.585191932322561,0.1348415637344794,0.13439780033254298,0.13525788888257456,3.5346205488080428e-6,3.231424910229985e-6,3.837125490951943e-6,0.9999964653794512,0.999996162874509,0.9999967685750897,0.05683986206563729,2.0684292858743627e-6,1.8910019994239357e-6,2.245452359614375e-6
TUR.40.25_1,2038,10,albopictus,16.91055079067455,72.90276476152009,0.5766822266989882,0.028153287975875702,0.028010352642913603,0.02829398171684811,0,0,0,1,1,1,0.0542792628997798,0,0,0
TUR.40.25_1,2038,11,albopictus,13.999315836850336,79.45938205464101,0.33450429505184526,0.0039126029262620005,0.003873646698250577,0.0039529288766320635,0,0,0,1,1,1,0.032897150189973856,0,0,0
TUR.40.25_1,2038,12,albopictus,7.904643788057216,81.43714061194967,0.2751350347666514,0,0,0,0,0,0,1,1,1,0.026274625153524855,0,0,0
TUR.40.25_1,2039,1,albopictus,7.451467394828796,75.31519182174303,0.2854704159141394,0,0,0,0,0,0,1,1,1,0.0272480566036144,0,0,0
TUR.40.25_1,2039,2,albopictus,6.046749272767236,80.871025556956,0.2135405101792247,0,0,0,0,0,0,1,1,1,0.022619592989075565,0,0,0
TUR.40.25_1,2039,3,albopictus,6.553226793513578,75.62677112111396,0.2621387821784232,0,0,0,0,0,0,1,1,1,0.025049198485994517,0,0,0
TUR.40.25_1,2039,4,albopictus,11.752667707555435,74.11637507788322,0.3466303252542955,3.498080556803204e-5,3.382004501048048e-5,3.6082120809199414e-5,0,0,0,1,1,1,0.034069151296890365,0,0,0
TUR.40.25_1,2039,5,albopictus,18.517325233010684,67.57064199979742,0.4844975398515499,0.05128448059766971,0.05106074209201211,0.05150039064017142,0,0,0,1,1,1,0.045804649609833326,0,0,0
TUR.40.25_1,2039,6,albopictus,22.5209581711713,68.57748441604224,0.5449487049619306,0.1453270027634784,0.14485687270290837,0.145770589408711,2.6020242478195344e-5,2.3870020944652405e-5,2.8170547526421008e-5,0.9999739797575218,0.9999718294524735,0.9999761299790553,0.053036633702440716,1.4179596732263989e-5,1.3007852398322363e-5,1.5351385558903807e-5
TUR.40.25_1,2039,7,albopictus,25.22670083887437,65.3222966936286,0.6399519369509787,0.19412411663481655,0.1935064265992168,0.1947510803478043,0.020933561631370126,0.01983566836675287,0.022077818635277007,0.9790664383686298,0.977922181364723,0.9801643316332471,0.06005210171268405,0.013307069990658974,0.012613646991465798,0.01402940052324084
TUR.40.25_1,2039,8,albopictus,26.195248940411737,67.99099951827196,0.7599025858575066,0.21853835051493395,0.21783608158136836,0.21925808283867615,0.09121460286957414,0.08871782674204512,0.09378058010653388,0.9087853971304258,0.9062194198934661,0.9112821732579548,0.07090005257481669,0.0669660810819633,0.06519460584693619,0.06878407943560298
TUR.40.25_1,2039,9,albopictus,21.688768218545352,71.20702280095911,0.6056790564089775,0.12932479148978743,0.12891965974819325,0.12972440549879635,1.1416669327203311e-6,1.0473837316865576e-6,1.2403225497864544e-6,0.9999988583330672,0.9999987596774501,0.9999989526162684,0.05877014796806612,6.914835110076734e-7,6.343781891238186e-7,7.5123710945868e-7
TUR.40.25_1,2039,10,albopictus,17.622867303736072,79.37899919755525,0.5968714324693455,0.0424064173863678,0.04223140428814882,0.042594473877864844,0,0,0,1,1,1,0.056125202622326786,0,0,0
TUR.40.25_1,2039,11,albopictus,12.59565220159643,81.96737766010976,0.34621503578773943,5.202242299520434e-4,5.106882321838995e-4,5.301518781615864e-4,0,0,0,1,1,1,0.03402903637324206,0,0,0
TUR.40.25_1,2039,12,albopictus,9.52623821707333,74.28532329017233,0.284767302893475,0,0,0,0,0,0,1,1,1,0.0271818652009983,0,0,0
TUR.40.25_1,2040,1,albopictus,8.515513300895691,77.35795457809068,0.2609213868366455,0,0,0,0,0,0,1,1,1,0.024934330374755453,0,0,0
TUR.40.25_1,2040,2,albopictus,3.955603280488183,73.52967881623334,0.2021477039945156,0,0,0,0,0,0,1,1,1,0.02069469530587198,0,0,0
TUR.40.25_1,2040,3,albopictus,10.047322118983548,74.06782641896552,0.23959615699805253,0,0,0,0,0,0,1,1,1,0.02291997840207971,0,0,0
TUR.40.25_1,2040,4,albopictus,10.928249639623306,75.8360253464379,0.3168218496314897,2.841939826487366e-8,2.4979035737104415e-8,3.2065221847160813e-8,0,0,0,1,1,1,0.031185563047865794,0,0,0
TUR.40.25_1,2040,5,albopictus,15.705531905679141,75.55112600858648,0.4428331727902455,0.014902344254218521,0.014806317422780432,0.014995734740536325,0,0,0,1,1,1,0.04194953330194362,0,0,0
TUR.40.25_1,2040,6,albopictus,21.964855418485755,74.44501523879615,0.4980858398169947,0.14377603340796286,0.14334520533301714,0.1441968370796718,1.960146653563677e-5,1.809125272519696e-5,2.1159187559624534e-5,0.9999803985334643,0.9999788408124404,0.9999819087472749,0.04858847752267892,9.76316518310727e-6,9.01095620811365e-6,1.0539036169482374e-5
TUR.40.25_1,2040,7,albopictus,24.032570895026712,69.31092889577704,0.584919268651181,0.18428719466887447,0.18373745230666383,0.18484522459954994,0.008014735512009909,0.007542930777315065,0.008511047648255648,0.9919852644879901,0.9914889523517444,0.992457069222685,0.05503282780958674,0.004676991068647679,0.004402286955334658,0.004965904688427142
TUR.40.25_1,2040,8,albopictus,25.909442284527948,71.05852347457079,0.6945547612272671,0.2279317208435016,0.22717659151556843,0.22859038577303234,0.12501963792592777,0.12230326240673212,0.1273861375968409,0.8749803620740723,0.8726138624031591,0.8776967375932679,0.06500582241341435,0.083169428329849,0.0814384023006951,0.08467551520262907
TUR.40.25_1,2040,9,albopictus,23.563056777505313,71.80933298162317,0.5535936845507421,0.18068612637062356,0.1801108647684563,0.18122509650369087,0.005334814405535444,0.004983608140674615,0.005677824982486149,0.9946651855944646,0.9943221750175139,0.9950163918593253,0.053854927841970324,0.002948958338143381,0.002755091742393415,0.0031382733454806797
TUR.40.25_1,2040,10,albopictus,19.14979525173412,68.53605409867829,0.5455434722521914,0.06438694396642346,0.06412639902897457,0.06464175997913203,3.607558696216984e-15,3.219646771412954e-15,3.9968028886505635e-15,0.9999999999999964,0.999999999999996,0.9999999999999968,0.051425103450611576,1.9656498650988395e-15,1.7763568394002505e-15,2.220446049250313e-15
TUR.40.25_1,2040,11,albopictus,12.697851756039789,69.1857233021996,0.3164422729835717,5.023569945687286e-4,4.93575827352982e-4,5.112695890149615e-4,0,0,0,1,1,1,0.031148788416287432,0,0,0
TUR.40.25_1,2040,12,albopictus,9.351379170137294,78.15474620276999,0.2602787380218211,0,0,0,0,0,0,1,1,1,0.024873687379642573,0,0,0
TUR.40.25_1,2041,1,albopictus,5.207919478416443,78.46493394820787,0.2745297932199349,0,0,0,0,0,0,1,1,1,0.026217590671757107,0,0,0
TUR.40.25_1,2041,2,albopictus,2.4248639730846184,77.49569749299116,0.20535659331233116,0,0,0,0,0,0,1,1,1,0.021762202857965263,0,0,0
TUR.40.25_1,2041,3,albopictus,7.767480695948881,74.44369616994209,0.25209234181384615,0,0,0,0,0,0,1,1,1,0.024100855126181764,0,0,0
TUR.40.25_1,2041,4,albopictus,12.579940122716568,68.79116450659416,0.3333457556752283,3.890628292256742e-4,3.8061161483773e-4,3.967027346499114e-4,0,0,0,1,1,1,0.032785101026156505,0,0,0
TUR.40.25_1,2041,5,albopictus,19.162699531106387,63.150949006633354,0.4659292242423402,0.05991942442410901,0.059673444037591714,0.060160957560541004,4.545253062815391e-16,4.440892098500626e-16,5.551115123125783e-16,0.9999999999999996,0.9999999999999994,0.9999999999999996,0.044088482305141063,2.2171153801764377e-16,2.220446049250313e-16,2.220446049250313e-16
TUR.40.25_1,2041,6,albopictus,25.32266067056095,58.039741801296145,0.5240636050135106,0.17036268367311988,0.16973298193968467,0.17098534786290265,0.0014280031669664064,0.0013075661781666915,0.0015541212407465697,0.9985719968330335,0.9984458787592535,0.9986924338218333,0.05105682454120819,7.480839848157051e-4,6.850131164220009e-4,8.141267988448691e-4
TUR.40.25_1,2041,7,albopictus,25.123408373664407,64.64215905935126,0.6154258484518054,0.19001328330789738,0.18940388740232023,0.19062912953751654,0.014407445593535677,0.013580198634563122,0.015270506435116767,0.9855925544064643,0.9847294935648833,0.9864198013654369,0.05781849280808593,0.008827484915301593,0.008322777576696532,0.009353842463305926
TUR.40.25_1,2041,8,albopictus,26.670934060040643,65.46388083541063,0.7307794017629494,0.21243314678073358,0.2117572604192592,0.21315353738571238,0.0699925593954029,0.06772655561993234,0.07242465354393628,0.9300074406045971,0.9275753464560638,0.9322734443800677,0.06827780919611048,0.04986263824453453,0.04828834340742178,0.0515502268505219
TUR.40.25_1,2041,9,albopictus,22.014085601357852,74.18759836248255,0.5824664723353077,0.14460323521847335,0.1441564685571859,0.14500710100012856,2.2808972806436235e-5,2.1003247929143875e-5,2.453147561678748e-5,0.9999771910271935,0.9999754685243832,0.9999789967520709,0.05658277251111277,1.3285373534436818e-5,1.2233612897644132e-5,1.4288659979797002e-5
TUR.40.25_1,2041,10,albopictus,18.657497125513416,76.15992876298493,0.5739963996268511,0.0606248218366516,0.060381446195558436,0.06085686133147609,6.513678485475793e-16,5.551115123125783e-16,6.661338147750939e-16,0.9999999999999993,0.9999999999999993,0.9999999999999994,0.054033420400815046,3.3562042034418484e-16,3.3306690738754696e-16,3.3306690738754696e-16
TUR.40.25_1,2041,11,albopictus,11.87959537786596,77.63450717671132,0.33294638213238686,6.421126096734189e-5,6.234875740749579e-5,6.608186296879701e-5,0,0,0,1,1,1,0.032746472250706815,0,0,0
TUR.40.25_1,2041,12,albopictus,6.599388375001796,77.57794871741842,0.2738536269294451,0,0,0,0,0,0,1,1,1,0.026153868699252292,0,0,0
TUR.40.25_1,2042,1,albopictus,7.036986231803894,79.34284074752428,0.30402375494543205,0,0,0,0,0,0,1,1,1,0.028993050541321952,0,0,0
TUR.40.25_1,2042,2,albopictus,8.247154393616846,74.16236161652631,0.22741896924680793,0,0,0,0,0,0,1,1,1,0.024071855905744677,0,0,0
TUR.40.25_1,2042,3,albopictus,9.423889005885403,73.74332538136787,0.279175747929961,0,0,0,0,0,0,1,1,1,0.026655313130686586,0,0,0
TUR.40.25_1,2042,4,albopictus,14.94561986362233,65.56841670385978,0.3691585789172056,0.007585645456946096,0.007522068839123389,0.007653495856348682,0,0,0,1,1,1,0.03624277549776134,0,0,0
TUR.40.25_1,2042,5,albopictus,18.99302370408002,68.46820211942632,0.5159860816253379,0.06113411437178292,0.06088318609252461,0.06137604952182277,8.218981051300033e-16,7.771561172376096e-16,8.881784197001252e-16,0.9999999999999992,0.9999999999999991,0.9999999999999992,0.04870792254729073,4.4375614294267506e-16,4.440892098500626e-16,4.440892098500626e-16
TUR.40.25_1,2042,6,albopictus,23.452388987821692,68.52589445022193,0.5803660985487447,0.1682564956098373,0.16769634380093498,0.1687907357451356,0.0010633826454889026,9.81166016778287e-4,0.0011459789243680406,0.9989366173545111,0.9988540210756319,0.9990188339832217,0.05638459881845892,6.169605375125817e-4,5.692733955593388e-4,6.648661958089663e-4
TUR.40.25_1,2042,7,albopictus,25.99156862146714,65.8158498552497,0.6815437958200077,0.2069703777105535,0.2063144636826967,0.20765361010109817,0.052447229760028614,0.050468231482961846,0.05453330181083147,0.9475527702399714,0.9454666981891685,0.9495317685170382,0.06382780574960467,0.03511352283561075,0.03381148146758489,0.03648462470619957
TUR.40.25_1,2042,8,albopictus,28.163550713483026,64.06185751998095,0.8092902965280607,0.2098415883423786,0.20902722463747608,0.210651244625635,0.061447342661791506,0.05883434397053942,0.06407346461956076,0.9385526573382085,0.9359265353804392,0.9411656560294606,0.07533004985241498,0.04851190981120353,0.04649829297536916,0.05053255249806563
TUR.40.25_1,2042,9,albopictus,24.07326681473676,74.23903574041223,0.6450434467319629,0.20176025030680028,0.20118049480460795,0.20234300249912665,0.03774509370706353,0.03625564733684768,0.0392661258936401,0.9622549062929364,0.9607338741063599,0.9637443526631524,0.06246795901712787,0.024053101621785634,0.023115123659555314,0.025010285396251535
TUR.40.25_1,2042,10,albopictus,19.35886736477123,69.99458452470368,0.635663396285406,0.07018702974412967,0.069937604951699,0.07046001304020043,4.212208359888336e-14,3.7969627442180354e-14,4.696243394164412e-14,0.9999999999999579,0.999999999999953,0.999999999999962,0.05966192351510469,2.6774027439557812e-14,2.4091839634365897e-14,2.986499936241671e-14
TUR.40.25_1,2042,11,albopictus,13.229306796017816,75.98050784809804,0.36871629889106927,0.001419244520931773,0.001398574727026721,0.0014399063844188877,0,0,0,1,1,1,0.03620014949809269,0,0,0
TUR.40.25_1,2042,12,albopictus,9.135934605317958,76.94048228675436,0.3032749450906213,0,0,0,0,0,0,1,1,1,0.028922683516971692,0,0,0
TUR.40.25_1,2043,1,albopictus,6.452040076255798,83.29558427779772,0.2898664810022507,0,0,0,0,0,0,1,1,1,0.027661802219770437,0,0,0
TUR.40.25_1,2043,2,albopictus,7.3697377828990716,75.54127549592084,0.21682889990146728,0,0,0,0,0,0,1,1,1,0.022963890299078416,0,0,0
TUR.40.25_1,2043,3,albopictus,8.337273443446438,79.6357890654499,0.2661755547626659,0,0,0,0,0,0,1,1,1,0.025429993907694737,0,0,0
TUR.40.25_1,2043,4,albopictus,12.31200055515065,77.8379021774926,0.3519682145289214,2.4805887939915257e-4,2.422832340902122e-4,2.5353204401155357e-4,0,0,0,1,1,1,0.03458461690146719,0,0,0
TUR.40.25_1,2043,5,albopictus,16.157856772927676,66.75206137235601,0.4919584976302986,0.017408617968561125,0.017298793115889385,0.017512828303831076,0,0,0,1,1,1,0.046493356871594393,0,0,0
TUR.40.25_1,2043,6,albopictus,23.471182093900794,65.08351926711646,0.5533405727112499,0.15912496416011687,0.15860347634664435,0.1596308950872848,2.702600190139829e-4,2.4862561000966175e-4,2.9244398895193204e-4,0.999729739980986,0.999707556011048,0.9997513743899903,0.053830979486926944,1.4953463265202348e-4,1.375651744769002e-4,1.618080320005405e-4
TUR.40.25_1,2043,7,albopictus,27.14298921472886,57.08508737356025,0.6498067947970736,0.18045210913000204,0.17972714103854137,0.18116445424442942,0.005192406236085287,0.004761774090150403,0.005638059293698816,0.9948075937639147,0.9943619407063011,0.9952382259098496,0.06094809886652064,0.003368364099265999,0.0030894509533379994,0.0036569462639239212
TUR.40.25_1,2043,8,albopictus,25.27821097654455,71.9690230473247,0.7716046083502978,0.22071576767212653,0.22004831680300208,0.2213502848299001,0.09900480464488351,0.0966088631751289,0.10128584338545667,0.9009951953551165,0.8987141566145433,0.9033911368248712,0.07195161979319586,0.07354715933407135,0.07183322140548648,0.07517673400326078
TUR.40.25_1,2043,9,albopictus,22.267871688393985,73.43231882146692,0.6150061334230824,0.1500199232900611,0.14955983483729987,0.1504721091155795,5.9793279328075876e-5,5.515463056536829e-5,6.460400527188992e-5,0.999940206720672,0.9999353959947281,0.9999448453694346,0.05964763101864079,3.6772556213281237e-05,3.391986079285814e-5,3.973107018603595e-5
TUR.40.25_1,2043,10,albopictus,17.86632891262279,76.65136858232087,0.6060628776072496,0.045245823129136296,0.04504022891618918,0.045440994555223185,0,0,0,1,1,1,0.05696440095677835,0,0,0
TUR.40.25_1,2043,11,albopictus,14.46271763128393,77.74832248432851,0.3515465298654426,0.005999887679500356,0.005949696289271274,0.0060491462704905545,0,0,0,1,1,1,0.03454390595702017,0,0,0
TUR.40.25_1,2043,12,albopictus,11.552867665010341,72.96213450843405,0.2891525404827254,1.256702404437017e-5,1.2072389632691739e-5,1.3098398406821955e-5,0,0,0,1,1,1,0.027594620063012387,0,0,0
TUR.40.25_1,2044,1,albopictus,8.791035532951355,79.1850343510399,0.3169195108357169,0,0,0,0,0,0,1,1,1,0.030204088445119015,0,0,0
TUR.40.25_1,2044,2,albopictus,6.920527615967919,80.19572495881147,0.2455320058014789,0,0,0,0,0,0,1,1,1,0.02508000003547417,0,0,0
TUR.40.25_1,2044,3,albopictus,12.037712896571438,76.71927752980537,0.29101752751866006,1.0935501718240167e-4,1.0647110313621989e-4,1.1213500931915674e-4,0,0,0,1,1,1,0.027770106493564706,0,0,0
TUR.40.25_1,2044,4,albopictus,13.429938596837662,66.85322963110588,0.38481715441034486,0.0016220021322992605,0.0015992052210387654,0.0016442491043041421,0,0,0,1,1,1,0.03775070111698864,0,0,0
TUR.40.25_1,2044,5,albopictus,19.065857718972598,67.21919394071539,0.5378726297755615,0.061518251512700434,0.06125923624013423,0.0617658545901201,9.79438752324313e-16,8.881784197001252e-16,1.1102230246251565e-15,0.999999999999999,0.9999999999999989,0.9999999999999991,0.0507206773171861,5.258016244624741e-16,4.440892098500626e-16,5.551115123125783e-16
TUR.40.25_1,2044,6,albopictus,24.191070781034583,61.26427488235083,0.6049834497002193,0.1629244397591792,0.16237173779175845,0.16347235708616564,4.8652335309577933e-4,4.469447137807975e-4,5.279979083424007e-4,0.9995134766469043,0.9994720020916577,0.9995530552862193,0.05870467311089933,2.9429517947795146e-4,2.703576015635006e-4,3.1937898369392703e-4
TUR.40.25_1,2044,7,albopictus,26.607483919929056,63.864998414820015,0.7104527947928362,0.20513916303478735,0.20439058941390043,0.20581638855561957,0.04701934985391141,0.04487272611304581,0.04899092501422689,0.9529806501460886,0.9510090749857731,0.9551272738869542,0.06644322305540362,0.032852974840743496,0.03137714528777772,0.03420698662048826
TUR.40.25_1,2044,8,albopictus,24.839948037091425,76.54868537032274,0.8436179105339968,0.229895972010982,0.22920876097998522,0.23054531005147624,0.1320624525967368,0.12960360789254477,0.13438196281883583,0.8679375474032632,0.8656180371811641,0.8703963921074552,0.07839673192170982,0.10542786698677761,0.10357076597559446,0.10717709342620714
TUR.40.25_1,2044,9,albopictus,23.00552542069379,74.25227273992395,0.6724042127654473,0.1728860809517548,0.17237981841953648,0.17340994990645697,0.0020096237843163986,0.0018771159706898188,0.0021528851988417692,0.99799037621568365,0.9978471148011583,0.9981228840293103,0.06502961246125427,0.001350365724415837,0.0012613844714921636,0.0014465617966390814
TUR.40.25_1,2044,10,albopictus,18.99372835720287,75.15722795732087,0.6626262893276201,0.0670864470504482,0.066849783556124,0.06733214916415228,1.163114049518299e-14,1.0544343176377425e-14,1.2878587085651816e-14,0.9999999999999883,0.9999999999999871,0.9999999999999895,0.0621123607900157,7.717604333379313e-15,6.9916294975769235e-15,8.548717289613705e-15
TUR.40.25_1,2044,11,albopictus,15.365542986813715,79.02369022114492,0.3843561142210324,0.012450858442139542,0.01236950014158338,0.012532173251141749,0,0,0,1,1,1,0.037706336534411355,0,0,0
TUR.40.25_1,2044,12,albopictus,12.147301449495204,77.0588523429067,0.31613893876187293,1.54768497655285e-4,1.510365402116411e-4,1.5860969035361435e-4,0,0,0,1,1,1,0.030130828038856916,0,0,0
TUR.40.25_1,2045,1,albopictus,8.793278574943542,81.72312791793443,0.3123674665845117,0,0,0,0,0,0,1,1,1,0.029776779438920653,0,0,0
TUR.40.25_1,2045,2,albopictus,6.998077550355126,75.57885026398725,0.23366031805520177,0,0,0,0,0,0,1,1,1,0.024724256456024607,0,0,0
TUR.40.25_1,2045,3,albopictus,11.091738546595852,70.17266955861396,0.28683752402298396,2.509731973699153e-7,2.2936083077947524e-7,2.741574467472587e-7,0,0,0,1,1,1,0.02737674393616507,0,0,0
TUR.40.25_1,2045,4,albopictus,12.255543989293717,75.37912379614494,0.37928986859925834,2.0275368899253277e-4,1.981495552683615e-4,2.0725327115217972e-4,0,0,0,1,1,1,0.03721869141240408,0,0,0
TUR.40.25_1,2045,5,albopictus,19.32179338791791,65.03384924467046,0.5301469457184519,0.06469221701250878,0.06444338469651281,0.06495308635424737,4.1315839638400574e-15,3.6637359812630166e-15,4.6629367034256575e-15,0.9999999999999959,0.9999999999999953,0.9999999999999963,0.05001068624906502,2.2020163470415354e-15,1.887379141862766e-15,2.4424906541753444e-15
TUR.40.25_1,2045,6,albopictus,23.896469340604895,68.92279844192115,0.5962938255523715,0.17992385186939946,0.17936377781863133,0.18044897844054572,0.004876663554924196,0.004559492970164772,0.00518626010134238,0.9951233364450758,0.9948137398986576,0.9954405070298352,0.05788636736364261,0.002903695886690092,0.0027151049230382442,0.003087757915720349
TUR.40.25_1,2045,7,albopictus,25.449061449836282,61.390152528589546,0.7002482714053007,0.18330755788650033,0.18268284900371268,0.18394894525864836,0.007196232589801475,0.006706559949298874,0.007720500104318636,0.9928037674101985,0.9922794998956814,0.9932934400507012,0.06552084814693615,0.005026457111054715,0.004685246838795893,0.005391679291699753
TUR.40.25_1,2045,8,albopictus,27.2077096490299,70.82103186690478,0.8315006822518586,0.2412870888898057,0.2405309363855766,0.24207103715835246,0.1717263147532773,0.16917309123189594,0.17436388243447584,0.8282736852467227,0.8256361175655241,0.83082690876810406,0.07731539379445795,0.13306381438890927,0.13122190301767567,0.13496359582013412
TUR.40.25_1,2045,9,albopictus,24.433204482583438,65.06362070134973,0.6627461966870628,0.17910877097329087,0.17850592879316268,0.17967419933671286,0.004424434431131781,0.004110784403294868,0.004731835884950206,0.9955755655688682,0.9952681641150498,0.9958892155967052,0.06412618035982465,0.002927976511647967,0.0027206989005958194,0.0031310941046526317
TUR.40.25_1,2045,10,albopictus,16.786029535181385,74.33709093339509,0.6531087175533951,0.02697875023137307,0.026845485625681256,0.02711601227318161,0,0,0,1,1,1,0.061248116430836386,0,0,0
TUR.40.25_1,2045,11,albopictus,11.618275263730219,77.30767917378164,0.37883545051830964,2.0279671178945067e-5,1.9493918856206794e-5,2.109060225134697e-5,0,0,0,1,1,1,0.037174939894875414,0,0,0
TUR.40.25_1,2045,12,albopictus,11.233206524568446,82.86104503089499,0.311598106185872,1.8559644044339807e-6,1.7486395747863416e-6,1.9661159564165416e-6,0,0,0,1,1,1,0.02970453952479224,0,0,0
TUR.40.25_1,2046,1,albopictus,8.838723063468933,81.82406480758287,0.2820158703595867,0,0,0,0,0,0,1,1,1,0.026922800699474836,0,0,0
TUR.40.25_1,2046,2,albopictus,6.540374436799218,75.65949296418256,0.21095640556090783,0,0,0,0,0,0,1,1,1,0.022348949822010966,0,0,0
TUR.40.25_1,2046,3,albopictus,7.02112182448892,73.0301753569538,0.25896657828559416,0,0,0,0,0,0,1,1,1,0.02474985485763015,0,0,0
TUR.40.25_1,2046,4,albopictus,14.412750524633072,80.47111903540275,0.3424356690572745,0.0059568540694865365,0.005906694412014313,0.006008786881556026,0,0,0,1,1,1,0.033663891524521095,0,0,0
TUR.40.25_1,2046,5,albopictus,16.94277078965131,70.89378500516851,0.47863451962535136,0.0278418172997758,0.027698942771435087,0.027990773142476385,0,0,0,1,1,1,0.04526309599123357,0,0,0
TUR.40.25_1,2046,6,albopictus,21.877336726469153,74.54229001906958,0.5383541507761416,0.14150268948999037,0.1410900919625058,0.1419160236637054,1.2845854162987558e-5,1.1876809990310489e-5,1.3870201775420532e-5,0.999987154145837,0.9999861297982245,0.9999881231900097,0.052411947625669586,6.915594957027538e-6,6.393909515137186e-6,7.467052819343234e-6
TUR.40.25_1,2046,7,albopictus,24.419163760016946,69.47543008596259,0.6322077260076411,0.19352350216083236,0.19292289194002818,0.19411080071135592,0.019870334725787815,0.018840645287522856,0.02090395510123387,0.9801296652742122,0.9790960448987661,0.9811593547124772,0.05934740334568489,0.012483547540041424,0.0118405439695633,0.013128698744156321
TUR.40.25_1,2046,8,albopictus,25.76983008665197,67.83582907759813,0.7507068235174372,0.21220481231735353,0.21150744875821154,0.21287254302512051,0.06922543735793604,0.06689586811696528,0.07147202215300487,0.9307745626420639,0.928527977846995,0.9331041318830346,0.0700728669254056,0.050640392039416754,0.048979047542382526,0.05224053205707955
TUR.40.25_1,2046,9,albopictus,22.50764829972211,74.01292337468958,0.5983495897631844,0.15820315481729788,0.1577479947439133,0.1586716297633511,2.3343509325848122e-4,2.1689551298576527e-4,2.513312355425263e-4,0.9997665649067415,0.9997486687644574,0.9997831044870142,0.05808002380621069,1.3966602362378865e-4,1.297709202420505e-4,1.5037263458343166e-4
TUR.40.25_1,2046,10,albopictus,15.458900171167711,80.41401811845368,0.5896485489804425,0.013519904561331047,0.013429670745139398,0.013608125965587182,0,0,0,1,1,1,0.05546521414602068,0,0,0
TUR.40.25_1,2046,11,albopictus,13.66111622137182,74.74833774311757,0.34202540510755164,0.0024830897612666838,0.0024550139307802734,0.0025102255656207282,0,0,0,1,1,1,0.033624245424396126,0,0,0
TUR.40.25_1,2046,12,albopictus,8.443874134736904,74.77448192054342,0.28132126587719614,0,0,0,0,0,0,1,1,1,0.026857388457354525,0,0,0
TUR.40.25_1,2047,1,albopictus,8.75757110118866,81.34480913131334,0.28720703585029167,0,0,0,0,0,0,1,1,1,0.027411523552699157,0,0,0
TUR.40.25_1,2047,2,albopictus,5.094014325562646,78.58779191437787,0.2148395544460916,0,0,0,0,0,0,1,1,1,0.02275561856699726,0,0,0
TUR.40.25_1,2047,3,albopictus,8.994986379847806,77.81577411183662,0.2637334673359445,0,0,0,0,0,0,1,1,1,0.025199645545177396,0,0,0
TUR.40.25_1,2047,4,albopictus,12.105568212621353,74.2796517502465,0.34873900307081784,1.281972814024642e-4,1.2489392079642747e-4,1.315766277519718e-4,0,0,0,1,1,1,0.03427281351853073,0,0,0
TUR.40.25_1,2047,5,albopictus,18.837584327248965,68.24217367704351,0.4874449138693746,0.057866160330129264,0.057630953980697994,0.058103258756629333,1.8429702208777598e-16,1.1102230246251565e-16,2.220446049250313e-16,0.9999999999999998,0.9999999999999998,0.9999999999999999,0.04607677569395552,7.327471962526034e-17,0,1.1102230246251565e-16
TUR.40.25_1,2047,6,albopictus,21.952512965482825,69.22994260696021,0.5482638253122716,0.13223162762275,0.13180418092210744,0.13268194795672442,2.085831642683389e-6,1.908999866193084e-6,2.2844252970805057e-6,0.9999979141683574,0.999997715574703,0.9999980910001338,0.053350511425108826,1.1435853801365913e-6,1.0466350214149989e-6,1.252466967688326e-6
TUR.40.25_1,2047,7,albopictus,24.980864580939798,70.19830377370673,0.6438449963712676,0.20785199738315158,0.20719951511913812,0.20850290286835618,0.05515019393027084,0.05314009815852555,0.05717770364894117,0.9448498060697291,0.9428222963510589,0.9468599018414744,0.060406158208998084,0.03488495673902952,0.03363530629928141,0.03614419784597697
TUR.40.25_1,2047,8,albopictus,24.094674447003534,74.54558783614306,0.7645253485206988,0.2033855482358359,0.2028129750555434,0.2039463789655766,0.042077450252410144,0.040519414513045096,0.043624692037241376,0.9579225497475898,0.9563753079627587,0.9594805854869549,0.07131560560457795,0.031657173721922,0.030503214082801485,0.03280213092612893
TUR.40.25_1,2047,9,albopictus,23.013870070962344,68.02023996404505,0.6093636214834406,0.15624425100320377,0.15574222978248534,0.15674631902093927,1.7024472264223368e-4,1.5671636889983133e-4,1.8455964505021126e-4,0.9998297552773577,0.9998154403549497,0.9998432836311002,0.05911688634912082,1.0373555035994553e-4,9.549269438083319e-5,1.1245760985632847e-4
TUR.40.25_1,2047,10,albopictus,13.875506120569566,77.69338365800446,0.6005024175773006,0.003333094095667111,0.0032981334312543686,0.003369551180130629,0,0,0,1,1,1,0.056456808422643,0,0,0
TUR.40.25_1,2047,11,albopictus,12.925135233822992,82.01919650776601,0.3483211872480207,9.700172459645323e-4,9.551155486669115e-4,9.846176854977117e-4,0,0,0,1,1,1,0.03423246306568195,0,0,0
TUR.40.25_1,2047,12,albopictus,11.161158337312587,80.55173411780905,0.286499645538458,8.51635185883587e-7,7.94996342827145e-7,9.092741086284678e-7,0,0,0,1,1,1,0.027344940660884554,0,0,0
TUR.40.25_1,2048,1,albopictus,8.73155391216278,80.13084276168443,0.31350065062602755,0,0,0,0,0,0,1,1,1,0.029883171166834477,0,0,0
TUR.40.25_1,2048,2,albopictus,8.921506085816553,75.65202378693647,0.24288325879746428,0,0,0,0,0,0,1,1,1,0.02481282725104761,0,0,0
TUR.40.25_1,2048,3,albopictus,10.030757749781888,77.01735034474677,0.2878780923903777,0,0,0,0,0,0,1,1,1,0.02747468232684258,0,0,0
TUR.40.25_1,2048,4,albopictus,12.47303800021901,72.49023066870353,0.3806658288774041,3.2977737644246315e-4,3.2345396633844814e-4,3.368283946972659e-4,0,0,0,1,1,1,0.037351157182529016,0,0,0
TUR.40.25_1,2048,5,albopictus,17.791096519021426,76.16525412137945,0.5320701743603949,0.04359922966784454,0.04340262685372145,0.043778386317185385,0,0,0,1,1,1,0.05018748076303292,0,0,0
TUR.40.25_1,2048,6,albopictus,24.783996806425208,61.991001414333255,0.59845701704782,0.17548122581991005,0.17486807270898166,0.17607751847305042,0.002819951780643277,0.0026045404214958875,0.0030404046121678407,0.9971800482193567,0.9969595953878322,0.9973954595785042,0.05809014254239786,0.001686194603466864,0.0015574913409399816,0.001817897094593182
TUR.40.25_1,2048,7,albopictus,25.29866128809312,70.69449670583563,0.7027885813003482,0.2159310885050083,0.21525616750289642,0.2165912961001702,0.08200828120672819,0.07965327861050185,0.08432171778830799,0.9179917187932718,0.915678282211692,0.9203467213894981,0.065750548940673,0.05600474185125564,0.054441399674618585,0.057538623571694224
TUR.40.25_1,2048,8,albopictus,26.71312079710119,68.81590872847704,0.8345171401241844,0.22776961546137975,0.22703320665554766,0.22851325893299868,0.12443665904398137,0.1217869049020022,0.12710929767214738,0.8755633409560186,0.8728907023278527,0.8782130950979978,0.07758470021851205,0.09863393216306447,0.09663921015880127,0.10064270511975515
TUR.40.25_1,2048,9,albopictus,23.787294219521915,65.03390802434778,0.6651504592752024,0.16585442719546284,0.16533064043482676,0.16639628443953958,7.52377643585742e-4,6.961975973226371e-4,8.135769431769718e-4,0.9992476223564143,0.999186423056823,0.9993038024026774,0.06435116195417745,5.003189239812489e-4,4.6296894839202297e-4,5.410046815697372e-4
TUR.40.25_1,2048,10,albopictus,16.803220468408924,84.13484331376618,0.6554780179936706,0.030925293578704775,0.03077305671962597,0.031070771622541543,0,0,0,1,1,1,0.06146333549038474,0,0,0
TUR.40.25_1,2048,11,albopictus,14.555700877133539,79.0150918935082,0.380209762291497,0.006633678699511077,0.006579461771833214,0.006689256095446367,0,0,0,1,1,1,0.03730725298425752,0,0,0
TUR.40.25_1,2048,12,albopictus,9.753139271455654,80.49158397132467,0.3127284991975299,0,0,0,0,0,0,1,1,1,0.029810677126540952,0,0,0
TUR.40.25_1,2049,1,albopictus,9.795392870903015,81.75321062057115,0.28995706991574177,0,0,0,0,0,0,1,1,1,0.027670326349588437,0,0,0
TUR.40.25_1,2049,2,albopictus,7.890648999634911,74.27115678254194,0.21689666315021408,0,0,0,0,0,0,1,1,1,0.022970983895570507,0,0,0
TUR.40.25_1,2049,3,albopictus,8.533853376612942,78.90105548390693,0.2662587398008961,0,0,0,0,0,0,1,1,1,0.02543783932545962,0,0,0
TUR.40.25_1,2049,4,albopictus,10.6490977231194,76.61455928198478,0.352078211442077,4.698167893476659e-12,2.5142644030000625e-12,9.409431164544684e-12,0,0,0,1,1,1,0.0345952361142684,0,0,0
TUR.40.25_1,2049,5,albopictus,17.749287436990176,81.32542563016851,0.49211224422986716,0.04587983578637105,0.045696241517135125,0.046061268387918776,0,0,0,1,1,1,0.046507543708380394,0,0,0
TUR.40.25_1,2049,6,albopictus,23.495516047758215,66.90969114211646,0.5535135024032207,0.16470345599841563,0.16415933879444572,0.16525888621057663,6.350858212109546e-4,5.852494073766201e-4,6.888814816379235e-4,0.999364914178789,0.9993111185183621,0.9994147505926234,0.05384734141718028,3.51466693543947e-4,3.238909852425948e-4,3.812325140526901e-4
TUR.40.25_1,2049,7,albopictus,26.114468630622415,65.31359536916571,0.6500098720598056,0.20639943976870634,0.20569313916226473,0.2070668110179607,0.050727081259573585,0.04862838002802291,0.05273576419055995,0.9492729187404264,0.9472642358094401,0.9513716199719772,0.06096655353256364,0.03243518395650486,0.031114587152859297,0.03369790637069578
TUR.40.25_1,2049,8,albopictus,26.63232932371252,68.47940665328173,0.7718457497988482,0.22546793414536936,0.2247105003405947,0.22615831817025817,0.11614244963436933,0.11340819232616099,0.11863356801952246,0.8838575503656306,0.8813664319804775,0.8865918076738389,0.07197327672734355,0.08574296767794365,0.0838119413995722,0.08749965483114738
TUR.40.25_1,2049,9,albopictus,22.32981855729047,69.81150735906458,0.6151983348022292,0.1432730588542207,0.14283481008280915,0.14372288398692576,1.7867449988029027e-5,1.646028804222488e-5,1.9395690813200917e-5,0.999982132550012,0.9999806043091868,0.9999835397119577,0.05966570454717257,1.0991964955476386e-5,1.0126290522710634e-5,1.1932125502245317e-5
TUR.40.25_1,2049,10,albopictus,14.980725961572984,79.82097765214509,0.6062522840449992,0.00950348902051444,0.009435943298179594,0.009574813388383839,0,0,0,1,1,1,0.0569816863157947,0,0,0
TUR.40.25_1,2049,11,albopictus,12.06879387182348,78.50936984760976,0.35165639499393875,1.2590463024455775e-4,1.2273285171195676e-4,1.2912893958884268e-4,0,0,0,1,1,1,0.03455451289453648,0,0,0
TUR.40.25_1,2049,12,albopictus,9.286732449251064,79.21076121741842,0.2892429062759172,0,0,0,0,0,0,1,1,1,0.027603123785519323,0,0,0
TUR.40.25_1,2050,1,albopictus,10.821970820426941,78.9877687260399,0.29530636393184945,3.498047422469221e-9,2.862886171097306e-9,4.266981587444108e-9,0,0,0,1,1,1,0.028173545503318742,0,0,0
TUR.40.25_1,2050,2,albopictus,8.742794194642237,78.87719010773725,0.22089809695777857,0,0,0,0,0,0,1,1,1,0.02338977093148198,0,0,0
TUR.40.25_1,2050,3,albopictus,9.739834631190579,72.88974872121162,0.2711708334565783,0,0,0,0,0,0,1,1,1,0.02590100090318892,0,0,0
TUR.40.25_1,2050,4,albopictus,12.683811468236588,75.6750603806176,0.35857355183924794,5.531510849195868e-4,5.43787739117626e-4,5.638496303415389e-4,0,0,0,1,1,1,0.03522209576513746,0,0,0
TUR.40.25_1,2050,5,albopictus,16.828720878152286,75.42977285917242,0.5011910126285034,0.027963306868318633,0.027811779587035297,0.028102563506339617,0,0,0,1,1,1,0.047344905210155774,0,0,0
TUR.40.25_1,2050,6,albopictus,22.725828395170325,73.05766324905005,0.5637250363627162,0.1618614119111434,0.161369794121256,0.16235540413806787,4.136949310964474e-4,3.8332499471245004e-4,4.458335604017927e-4,0.9995863050689036,0.9995541664395983,0.9996166750052875,0.05481301528309168,2.331829583706767e-4,2.160665508406462e-4,2.512959599286463e-4
TUR.40.25_1,2050,7,albopictus,26.49316125757554,66.53401239187079,0.6620016262875295,0.21550421482866836,0.21476952641257016,0.21625217448745138,0.08051877900576916,0.07796571513546978,0.08313096663585787,0.9194812209942308,0.9168690333641422,0.9220342848645302,0.06205566258494177,0.05190747311165276,0.050304080359300674,0.05354592947625142
TUR.40.25_1,2050,8,albopictus,27.994799950543573,66.33215170943407,0.7860852020458894,0.22104835955968818,0.22017957557899157,0.22181806357095604,0.1002005523552101,0.09707949121212976,0.1029702096027025,0.8997994476447899,0.8970297903972975,0.9029205087878702,0.07325122751386703,0.07574331785714761,0.07347361124097031,0.0777540721995931
TUR.40.25_1,2050,9,albopictus,24.70047933915082,62.14857019475794,0.6265478658622352,0.17458286641194223,0.17399119113654893,0.17520394349577229,0.00251194328640471,0.0023238642416978763,0.002719704959355951,0.9974880567135953,0.997280295040644,0.9976761357583022,0.060732334474505656,0.0015726128297643867,0.001454952709717,0.001702574311194402
TUR.40.25_1,2050,10,albopictus,17.718099313623767,72.27187486894196,0.617436773239334,0.040152888278259705,0.039979831150318924,0.04033054500795078,0,0,0,1,1,1,0.05800182878909399,0,0,0
TUR.40.25_1,2050,11,albopictus,12.243209460202387,79.65400027973867,0.3581439534797992,2.1493272198117494e-4,2.0998724516524715e-4,2.1965786308349947e-4,0,0,0,1,1,1,0.03518064817436384,0,0,0
TUR.40.25_1,2050,12,albopictus,8.069918408113368,75.22685923987936,0.2945790249923637,0,0,0,0,0,0,1,1,1,0.02810513852589791,0,0,0
TUR.40.25_1,2051,1,albopictus,9.042219996452332,80.30213792770006,0.28851459231865584,0,0,0,0,0,0,1,1,1,0.027534584897561443,0,0,0
TUR.40.25_1,2051,2,albopictus,5.908907094422509,76.409599775706,0.2158176462544792,0,0,0,0,0,0,1,1,1,0.022858024064398186,0,0,0
TUR.40.25_1,2051,3,albopictus,10.415628278956692,75.54839435109443,0.2649341565882753,8.985378797768134e-47,1.5550501481919997e-64,7.33308190315767e-50,0,0,0,1,1,1,0.02531290660760732,0,0,0
TUR.40.25_1,2051,4,albopictus,14.593118948094986,68.77581416479728,0.3503266937688751,0.005926659263559088,0.0058751664049120226,0.005981890038441783,0,0,0,1,1,1,0.03442612895441788,0,0,0
TUR.40.25_1,2051,5,albopictus,17.684357474831973,72.15871573026617,0.4896640856532905,0.039536524569889486,0.0393573957645944,0.03971260598303258,0,0,0,1,1,1,0.04628161687521826,0,0,0
TUR.40.25_1,2051,6,albopictus,25.14761947183048,56.32981138137427,0.5507598850241611,0.1627504609695715,0.16216571058091284,0.16335165158845474,4.739189678300483e-4,4.3311483136680706e-4,5.184888471784777e-4,0.99952608103217,0.9994815111528216,0.9995668851686332,0.05358677130291534,2.609814198407235e-4,2.3851382577881052e-4,2.85522088666268e-4
TUR.40.25_1,2051,7,albopictus,26.01889711267808,67.74348123342352,0.6467762048186398,0.21526433372192919,0.21456370647285788,0.21593709299500555,0.07968372170364842,0.07725445442761512,0.08202755662478814,0.9203162782963515,0.9179724433752119,0.9227455455723849,0.060672650610478884,0.05023170114272351,0.04873855927763442,0.05167069771368402
TUR.40.25_1,2051,8,albopictus,26.227277138653925,70.09468298995165,0.7680059737836804,0.22821053183978304,0.2275042691517473,0.22896197605950977,0.12602154565534335,0.12348275611285311,0.12871911321530208,0.8739784543446567,0.871280886784698,0.8765172438871468,0.07162836605937883,0.09224865112706712,0.09047745623161098,0.0941278048835321
TUR.40.25_1,2051,9,albopictus,23.632055114297305,70.7721091657052,0.6121378478964448,0.1792715079393345,0.1787159230792709,0.1797917115872139,0.004511380411641209,0.0042169742556859785,0.00479850596986148,0.9954886195883588,0.9952014940301386,0.995783025744314,0.05937787242426773,0.0027577729343412466,0.0025780406761014203,0.002933037334001357
TUR.40.25_1,2051,10,albopictus,15.744727807886461,73.53116747148103,0.6032363019267802,0.014870207618520754,0.01477856172074726,0.014967925198676995,0,0,0,1,1,1,0.0567064081092038,0,0,0
TUR.40.25_1,2051,11,albopictus,11.959693530026605,85.01249789936757,0.3499069757719893,1.0245264392566919e-4,9.973277049037616e-5,1.0515719059866009e-4,0,0,0,1,1,1,0.03438560123081302,0,0,0
TUR.40.25_1,2051,12,albopictus,7.544294132905849,77.24567332679342,0.28780398149805175,0,0,0,0,0,0,1,1,1,0.027467707329013824,0,0,0
TUR.40.25_1,2052,1,albopictus,7.175515532493591,80.2241197392235,0.29031070801819153,0,0,0,0,0,0,1,1,1,0.02770360185961762,0,0,0
TUR.40.25_1,2052,2,albopictus,8.523378529969385,75.7298893875224,0.22491695212259782,0,0,0,0,0,0,1,1,1,0.022998675157674398,0,0,0
TUR.40.25_1,2052,3,albopictus,7.741061056361478,75.74710193166084,0.26658347489196055,0,0,0,0,0,0,1,1,1,0.02546846541184211,0,0,0
TUR.40.25_1,2052,4,albopictus,13.775637907140396,70.60934840551994,0.3525076138727351,0.002668560297281508,0.0026374630769190523,0.0026998802062683726,0,0,0,1,1,1,0.03463668993946145,0,0,0
TUR.40.25_1,2052,5,albopictus,19.04234773972455,73.02745962675054,0.4927124352867444,0.06620452577706068,0.0659571960216451,0.06646858143912038,7.979950034098237e-15,7.105427357601002e-15,8.881784197001252e-15,0.999999999999992,0.9999999999999911,0.9999999999999929,0.04656292380763061,3.918754210019415e-15,3.552713678800501e-15,4.3298697960381105e-15
TUR.40.25_1,2052,6,albopictus,23.68948768166935,63.316047953639895,0.5541885798025307,0.15895262920870185,0.15841690934775512,0.15949625374995277,2.630069745060523e-4,2.4135738356891867e-4,2.863181482416377e-4,0.9997369930254939,0.9997136818517584,0.9997586426164311,0.05391121188889114,1.4574482004791844e-4,1.3374856048853356e-4,1.5866165984934621e-4
TUR.40.25_1,2052,7,albopictus,26.488080080817728,64.09095056325751,0.6508026385814003,0.20510407178664256,0.2043506714591869,0.20585128532814517,0.046918404459108075,0.044759877451949995,0.04909379536732122,0.9530815955408919,0.9509062046326788,0.95524012254805,0.061038592796127555,0.03007290458124868,0.02870966222470775,0.031445351249846966
TUR.40.25_1,2052,8,albopictus,28.120040276471308,66.40841895186571,0.7727871100713263,0.22124279708988007,0.2204145414385859,0.22202753588508656,0.100899855526828,0.09792250325618004,0.10372500142139994,0.899100144473172,0.8962749985786,0.90207749674382,0.07205781553680268,0.0750109993846295,0.07288090518759315,0.07702888908820445
TUR.40.25_1,2052,9,albopictus,23.921428512124454,59.493559971369265,0.615948644397415,0.15304671317887586,0.15251441924418932,0.1536095251621641,1.0028930639910439e-4,9.15811020122309e-5,1.1010664106627376e-4,0.9998997106936008,0.9998898933589337,0.9999084188979878,0.059736256084820694,6.177115020021707e-5,5.6407664664676065e-5,6.781773657725254e-5
TUR.40.25_1,2052,10,albopictus,18.714591699488025,73.59504839189118,0.6069916828373717,0.059730837226017235,0.05949121663395392,0.05997808676128432,4.356515148629114e-16,3.3306690738754696e-16,4.440892098500626e-16,0.9999999999999996,0.9999999999999996,0.9999999999999997,0.05704916131481652,2.2237767183241887e-16,2.220446049250313e-16,2.220446049250313e-16
TUR.40.25_1,2052,11,albopictus,13.537016489926508,77.01379489643789,0.352085282967859,0.002203697510666612,0.002174905566899229,0.00223023674216836,0,0,0,1,1,1,0.034595918802494796,0,0,0
TUR.40.25_1,2052,12,albopictus,10.278871311860927,76.61418834144186,0.28959567336848097,0,0,0,0,0,0,1,1,1,0.02763631963361024,0,0,0
TUR.40.25_1,2053,1,albopictus,10.045361399650574,79.73432023971178,0.325375731472152,0,0,0,0,0,0,1,1,1,0.03099739040396532,0,0,0
TUR.40.25_1,2053,2,albopictus,10.51012722534292,74.63056992951459,0.24339089385500262,7.861914305078719e-18,1.1630230200028618e-19,3.5562811629884934e-17,0,0,0,1,1,1,0.025740511739730798,0,0,0
TUR.40.25_1,2053,3,albopictus,9.291116560206692,71.92748370656318,0.2987826171948312,0,0,0,0,0,0,1,1,1,0.028500424215742393,0,0,0
TUR.40.25_1,2053,4,albopictus,14.485954565160416,70.48806392065666,0.3950850573040416,0.0055209364816478194,0.005467850919964021,0.0055700895402209264,0,0,0,1,1,1,0.038738222277703405,0,0,0
TUR.40.25_1,2053,5,albopictus,16.921271155862247,62.67124319608648,0.5522244430157363,0.024652884092745568,0.024508854409823238,0.024799743377721877,0,0,0,1,1,1,0.05203820211671362,0,0,0
TUR.40.25_1,2053,6,albopictus,23.989671931547278,63.35991697219458,0.6211259507364166,0.16518095427815718,0.16460915825654182,0.16573903342155463,6.815750173940072e-4,6.257762438443365e-4,7.392124195581467e-4,0.999318424982606,0.9992607875804418,0.9993742237561556,0.060222933434234016,4.232541727184166e-4,3.886103358414661e-4,4.590386264066465e-4
TUR.40.25_1,2053,7,albopictus,27.97974687464097,60.88937433034736,0.7294094868838273,0.19600008722689055,0.195214462654954,0.19679620103000317,0.024501867455741275,0.02295448306450717,0.026118728474898656,0.9754981325442588,0.9738812715251013,0.9770455169354928,0.06815428035393101,0.01771296296247334,0.01660382906619728,0.018870920276964576
TUR.40.25_1,2053,8,albopictus,25.61834082883947,68.5216124638286,0.8661277874598826,0.21268750616350007,0.2120067950057958,0.21335961601006898,0.07084921269374256,0.06855942915446521,0.07312546565406507,0.9291507873062574,0.9268745343459349,0.9314405708455348,0.08040214454899508,0.059519139180186635,0.057652547321845334,0.06137195623080515
TUR.40.25_1,2053,9,albopictus,21.68996031144086,74.92896188787317,0.6903456716709565,0.13697385355248473,0.1365596740727746,0.1373750947165,5.388549184925595e-6,4.963886622660896e-6,5.823511078778543e-6,0.999994611450815,0.9999941764889212,0.9999950361133774,0.06670558182349862,3.719954675546977e-6,3.4267917731811703e-6,4.02022758599907e-6
TUR.40.25_1,2053,10,albopictus,17.64329119289623,73.42421861894196,0.6803068483038747,0.03952194302059834,0.039316324841542245,0.039703953368160405,0,0,0,1,1,1,0.06371573492555649,0,0,0
TUR.40.25_1,2053,11,albopictus,15.766564944211176,77.04898929341054,0.3946117153869093,0.01579957219137961,0.015696790886260477,0.015895941983462204,0,0,0,1,1,1,0.038692720651547274,0,0,0
TUR.40.25_1,2053,12,albopictus,11.639542355256923,79.39362254554342,0.32457433174506056,2.3952732426096688e-5,2.309362825780484e-5,2.4838627235076946e-5,0,0,0,1,1,1,0.030922236674231662,0,0,0
TUR.40.25_1,2054,1,albopictus,9.481950640678406,79.10790117232897,0.2997212011090323,0,0,0,0,0,0,1,1,1,0.028588662196176284,0,0,0
TUR.40.25_1,2054,2,albopictus,8.16720501464956,74.53505753937787,0.2242005287707387,0,0,0,0,0,0,1,1,1,0.023735265735322697,0,0,0
TUR.40.25_1,2054,3,albopictus,10.646422231898587,76.53337970265693,0.27522484387806734,4.197848247701526e-12,2.1677479527949293e-12,8.710915751892946e-12,0,0,0,1,1,1,0.02628308796294343,0,0,0
TUR.40.25_1,2054,4,albopictus,12.84230832492604,71.37345515600822,0.363934234983143,6.919358320488564e-4,6.804218048094079e-4,7.034879208362546e-4,0,0,0,1,1,1,0.035739144031042724,0,0,0
TUR.40.25_1,2054,5,albopictus,18.81212313034955,69.68077230985601,0.5086838302094101,0.058523905333850795,0.058283730778855264,0.05875739901391932,2.221556272274938e-16,2.220446049250313e-16,2.220446049250313e-16,0.9999999999999998,0.9999999999999998,0.9999999999999998,0.04803543587338066,1.1113332476497816e-16,1.1102230246251565e-16,1.1102230246251565e-16
TUR.40.25_1,2054,6,albopictus,24.463316188139075,66.71060209182349,0.5721527390884765,0.1850811225441865,0.18445893902821714,0.18574843271277672,0.00873354283583436,0.008162683850594562,0.009372269275188133,0.9912664571641656,0.9906277307248118,0.9918373161494054,0.055609255205040675,0.004984442589764561,0.004659413021461714,0.0053480176984849635
TUR.40.25_1,2054,7,albopictus,25.500392016242532,67.49342019826727,0.6718985663743476,0.20671887890094484,0.20607040482194502,0.20743189084727584,0.051686055346723624,0.04974192116532746,0.053851200915715554,0.9483139446532763,0.9461487990842845,0.9502580788346726,0.06295356596767487,0.034131473433751953,0.03286919665812139,0.03553578041124186
TUR.40.25_1,2054,8,albopictus,28.157832482281854,67.85653906905321,0.7978371945468921,0.22833385084840102,0.2274901881224125,0.22911567307766817,0.1264642899266113,0.12343208677196976,0.12927004925316032,0.8735357100733887,0.8707299507468397,0.8765679132280302,0.07430461013763945,0.09597401112038009,0.09378501410053994,0.09799611644212644
TUR.40.25_1,2054,9,albopictus,22.22517187455121,67.74066080144739,0.635914771385922,0.1359940193122983,0.13555188126670104,0.13643244510393066,4.444413368613009e-6,4.067944531682688e-6,4.841192633758817e-6,0.9999955555866313,0.9999951588073662,0.9999959320554683,0.061611725699925124,2.826264109360599e-6,2.586862670952983e-6,3.0785811680478226e-6
TUR.40.25_1,2054,10,albopictus,17.494968133814197,79.85050340898103,0.6266674677112143,0.040381548315896604,0.04018944384404502,0.040560671741430035,0,0,0,1,1,1,0.058842933441693224,0,0,0
TUR.40.25_1,2054,11,albopictus,11.577677348080805,78.27349948628164,0.3634982141179842,1.6883291806793712e-5,1.623193940958922e-5,1.7541736449406168e-5,0,0,0,1,1,1,0.035697099329165205,0,0,0
TUR.40.25_1,2054,12,albopictus,9.947827114778407,79.36161723548483,0.29898298843507054,0,0,0,0,0,0,1,1,1,0.028519262153251623,0,0,0
TUR.40.25_1,2055,1,albopictus,10.697906374931335,83.48351152389147,0.31656835623704715,8.537404191191743e-11,5.7072888162106316e-11,1.2959744526936254e-10,0,0,0,1,1,1,0.03017113159861362,0,0,0
TUR.40.25_1,2055,2,albopictus,7.813695111695458,79.38618516388959,0.23680271064511854,0,0,0,0,0,0,1,1,1,0.025052561821223063,0,0,0
TUR.40.25_1,2055,3,albopictus,10.131750906214993,72.05100360402412,0.290695072953423,0,0,0,0,0,0,1,1,1,0.02773976731365191,0,0,0
TUR.40.25_1,2055,4,albopictus,13.754801077001236,65.2289696823754,0.3843907675556452,0.0023921556426886345,0.00236423443228713,0.00242115526905211,0,0,0,1,1,1,0.03770967119706514,0,0,0
TUR.40.25_1,2055,5,albopictus,19.06403429367963,67.65753317411382,0.5372766536965052,0.06187255106266642,0.061633141974907144,0.06212746045271681,1.1580736369865007e-15,9.992007221626409e-16,1.3322676295501878e-15,0.9999999999999989,0.9999999999999987,0.999999999999999,0.05066592595424191,6.042943923034727e-16,5.551115123125783e-16,6.661338147750939e-16
TUR.40.25_1,2055,6,albopictus,24.42474578408634,62.61736326125708,0.6043131131850547,0.1712383904162804,0.17062374882445364,0.17179261599996712,0.0016099326251576276,0.0014789589713876698,0.0017344298878886055,0.9983900673748424,0.9982655701121114,0.9985210410286124,0.058641572533075115,9.724295007303494e-4,8.933550208564788e-4,0.001047589619619846
TUR.40.25_1,2055,7,albopictus,27.922837313483743,61.098953798120796,0.70966559565394,0.19702928803816092,0.19623072856269147,0.19782576093386392,0.026615614130366623,0.02495700843381512,0.028320642109458113,0.9733843858696334,0.9716793578905419,0.9750429915661849,0.0663721014666302,0.018710751731843257,0.01755521005073773,0.0198975631203413
TUR.40.25_1,2055,8,albopictus,27.174144127789667,64.84008627974657,0.8426831611775342,0.2127896911417428,0.21204525989737624,0.21353426496891578,0.07119527032644515,0.06868808502241758,0.07372079064099268,0.9288047296735549,0.9262792093590073,0.9313119149775825,0.07831336027393954,0.058230217406320936,0.05623897145892336,0.06023296439746159
TUR.40.25_1,2055,9,albopictus,23.435357879189883,71.25559915593958,0.671659172389565,0.17574658870194354,0.17520688513751914,0.17628326265906752,0.0029167958788355814,0.002720733063503522,0.0031205756773423966,0.9970832041211645,0.9968794243226576,0.9972792669364965,0.06495995079735184,0.0019571725758633775,0.0018257366292110887,0.0020937682796061813
TUR.40.25_1,2055,10,albopictus,18.561893182642322,80.3522047639615,0.6618920831309638,0.062009726114589346,0.06178491711193599,0.062234650741699316,1.2331247134511613e-15,1.1102230246251565e-15,1.3322676295501878e-15,0.9999999999999988,0.9999999999999987,0.9999999999999989,0.06204571943061876,8.057998712729386e-16,7.771561172376096e-16,8.881784197001252e-16
TUR.40.25_1,2055,11,albopictus,14.287224390927484,79.39453220112539,0.3839302382101815,0.005219070183395286,0.005171546324280704,0.005264385530688873,0,0,0,1,1,1,0.03766535388307479,0,0,0
TUR.40.25_1,2055,12,albopictus,8.353951229768642,77.98851695472311,0.3157886490562248,0,0,0,0,0,0,1,1,1,0.03009794988287262,0,0,0
TUR.40.25_1,2056,1,albopictus,9.770206332206726,80.91010911910631,0.3178421123171759,0,0,0,0,0,0,1,1,1,0.030290671851873396,0,0,0
TUR.40.25_1,2056,2,albopictus,8.526358762208154,76.86873673859662,0.24624678726665503,0,0,0,0,0,0,1,1,1,0.025152085792326417,0,0,0
TUR.40.25_1,2056,3,albopictus,10.978178823695462,71.94490924367256,0.29186472433942773,5.482934573907383e-8,4.8703583501869655e-8,6.154134275391428e-8,0,0,0,1,1,1,0.02784981323331226,0,0,0
TUR.40.25_1,2056,4,albopictus,13.438917440526627,63.60764705053947,0.38593741638416157,0.0015554506243533862,0.0015329718913328458,0.001577388714849208,0,0,0,1,1,1,0.0378584922090498,0,0,0
TUR.40.25_1,2056,5,albopictus,18.8303726420683,70.21935415800054,0.5394384597989595,0.0593297039688905,0.05910569054778703,0.05956878177691741,3.3650859876388496e-16,3.3306690738754696e-16,4.440892098500626e-16,0.9999999999999997,0.9999999999999996,0.9999999999999997,0.050864512554325225,2.220446049250313e-16,2.220446049250313e-16,2.220446049250313e-16
TUR.40.25_1,2056,6,albopictus,25.44713233498966,69.72656278518286,0.6067446496512093,0.21470569501662656,0.21403925934924853,0.2153604142339184,0.07774715363693817,0.07544912126056341,0.08001581590764194,0.9222528463630618,0.919984184092358,0.9245508787394365,0.05887043944144654,0.046077071818437884,0.04474632991345442,0.04738949997917412
TUR.40.25_1,2056,7,albopictus,26.87476640589097,62.77739007741767,0.7125210322429513,0.20237388345374663,0.2015908492024145,0.20307812957091878,0.039354665945606,0.03730353175321951,0.04123549736182362,0.960645334054394,0.9587645026381764,0.9626964682467805,0.06663005762369223,0.027651274762840742,0.02622942362110709,0.02895372924302155
TUR.40.25_1,2056,8,albopictus,26.723450997296503,71.35885077559618,0.8460738121349795,0.23986564268754204,0.2391389734511405,0.24059724803016952,0.16691345683068984,0.16443782416621508,0.16939764674899657,0.8330865431693102,0.8306023532510034,0.8355621758337849,0.0786157414053893,0.13170218175258058,0.12988208040152183,0.1335257718613525
TUR.40.25_1,2056,9,albopictus,24.89417059281293,75.1709357648263,0.6743616849362227,0.22555547120945638,0.2248970752343809,0.226229360115326,0.11645840194008701,0.11408186223768188,0.11888977536717296,0.883541598059913,0.8811102246328271,0.8859181377623181,0.06521261240121612,0.07553006528000823,0.07404758823515424,0.07704491647956004
TUR.40.25_1,2056,10,albopictus,18.192735391504627,70.30301805741853,0.6645552964580907,0.047226818802984336,0.04701931656112441,0.04742121585105921,0,0,0,1,1,1,0.062287427540260065,0,0,0
TUR.40.25_1,2056,11,albopictus,13.568079569760492,77.14000034077382,0.3854750340358872,0.0022973858656391965,0.002270815712065322,0.0023263808257746,0,0,0,1,1,1,0.03781400345554253,0,0,0
TUR.40.25_1,2056,12,albopictus,8.926162495332607,81.71769633704733,0.31705926787786665,0,0,0,0,0,0,1,1,1,0.03021720472494538,0,0,0
TUR.40.25_1,2057,1,albopictus,8.877755045890808,80.93440874068834,0.32786347179344566,0,0,0,0,0,0,1,1,1,0.031230648795114058,0,0,0
TUR.40.25_1,2057,2,albopictus,9.67881790680044,78.17221879426069,0.24525179890080695,0,0,0,0,0,0,1,1,1,0.025934742847101844,0,0,0
TUR.40.25_1,2057,3,albopictus,11.45664199660806,74.08705249318427,0.3010670333088856,7.324980563058567e-6,7.008255637860172e-6,7.650673085367371e-6,0,0,0,1,1,1,0.028715172343771966,0,0,0
TUR.40.25_1,2057,4,albopictus,13.53851537143483,68.81925593725822,0.3981057774510203,0.001936441714505532,0.001910753451219801,0.001959146633127776,0,0,0,1,1,1,0.03902854870759964,0,0,0
TUR.40.25_1,2057,5,albopictus,19.67946512558881,65.2189040237232,0.5564466110522965,0.0721837854602558,0.07191004693577079,0.07246200379521464,9.356326824416784e-14,8.382183835919932e-14,1.0425271756986376e-13,0.9999999999999064,0.9999999999998956,0.9999999999999162,0.05242545725404579,5.206468589591395e-14,4.6629367034256575e-14,5.806466418789569e-14
TUR.40.25_1,2057,6,albopictus,24.117132411283606,68.85822324660865,0.625874922226262,0.18475892810603645,0.18417330520675357,0.18534944576881043,0.008435810671354514,0.007912571572564489,0.008983641873714957,0.9915641893286455,0.9910163581262851,0.9920874284274355,0.060669124927907325,0.005265834171612372,0.0049400377955581476,0.0056068587244360755
TUR.40.25_1,2057,7,albopictus,26.943970736335306,66.00141198903876,0.7349863668282688,0.21676351644440478,0.21598973050970655,0.21753288280931285,0.08492964388670131,0.08221168987909919,0.08764363720715553,0.9150703561132987,0.9123563627928445,0.9177883101209008,0.06865705999343974,0.06051329938677953,0.058635133551028895,0.06238595307057898
TUR.40.25_1,2057,8,albopictus,27.06880698484533,64.8920844181743,0.8727499808561384,0.21254551832857924,0.21178031168340908,0.21334740413832104,0.07037131005353173,0.06780336501595148,0.07308388665227024,0.9296286899464683,0.9269161133477297,0.9321966349840485,0.08099128686480617,0.059567957906769324,0.05745855345945806,0.06179233261058848
TUR.40.25_1,2057,9,albopictus,25.049560378579532,66.88357843450403,0.6956238795916151,0.19680186544850597,0.19615330809521425,0.19744404157669065,0.026136161811835937,0.0248005937774599,0.027491239633543774,0.973863838188164,0.9725087603664563,0.9751994062225401,0.0671980640399209,0.01801655239054238,0.01710392356854147,0.018941867503430992
TUR.40.25_1,2057,10,albopictus,18.072072702295642,75.33194872148103,0.6855083019271072,0.04825721089610017,0.04805254426732033,0.04845737211637424,0,0,0,1,1,1,0.06418691044310565,0,0,0
TUR.40.25_1,2057,11,albopictus,14.742427447262934,83.06823825581289,0.3976288164816383,0.008218101338298442,0.008151489146682372,0.008280556337042664,0,0,0,1,1,1,0.038982713027021054,0,0,0
TUR.40.25_1,2057,12,albopictus,11.456653370576747,79.10071483069967,0.3270559447672912,8.614666359317044e-6,8.230760188015647e-6,8.98374301322598e-6,0,0,0,1,1,1,0.031154938665907794,0,0,0
TUR.40.25_1,2058,1,albopictus,8.450946688652039,78.59283311812975,0.3107055959788328,0,0,0,0,0,0,1,1,1,0.02962072958907702,0,0,0
TUR.40.25_1,2058,2,albopictus,8.29018036407583,79.27911424103803,0.23241718854963764,0,0,0,0,0,0,1,1,1,0.024594348442027014,0,0,0
TUR.40.25_1,2058,3,albopictus,10.656052435145657,80.18823352345771,0.2853114788973769,9.298853912866905e-12,5.280713007587776e-12,1.658643438107577e-11,0,0,0,1,1,1,0.027233094589329987,0,0,0
TUR.40.25_1,2058,4,albopictus,13.92494992648854,72.9500847946801,0.37727195460024593,0.003277456469033688,0.003242871803042169,0.0033135366669908577,0,0,0,1,1,1,0.03702439082091058,0,0,0
TUR.40.25_1,2058,5,albopictus,19.219462226418887,78.90133810575445,0.5273264355180352,0.07603031108413985,0.07576729942549054,0.07630970263349993,4.088762661780265e-13,3.7014280529490404e-13,4.531930386519889e-13,0.9999999999995911,0.9999999999995468,0.9999999999996299,0.04975134880406129,2.1560908614048914e-13,1.9517443217154095e-13,2.390310172017962e-13
TUR.40.25_1,2058,6,albopictus,24.660961375517005,66.36124448684302,0.5931213979245245,0.1877837927892047,0.18711730779339295,0.1883957355644725,0.011571016015922418,0.010807805875933451,0.01229806423399648,0.9884289839840776,0.9877019357660035,0.9891921941240666,0.05758744121839687,0.0068394952130593325,0.006389838526605556,0.007267706609972507
TUR.40.25_1,2058,7,albopictus,26.26631265528062,63.60103662282783,0.6965227809384147,0.20105774954974007,0.20034609104062526,0.20171916330226192,0.035951426516878285,0.03417573335143498,0.03763453028700182,0.9640485734831217,0.9623654697129982,0.965824266648565,0.0651838783898887,0.024729877109367814,0.0235230921641275,0.025872721398275754
TUR.40.25_1,2058,8,albopictus,26.44582686704748,67.67515402877001,0.8270768971581491,0.22000802102704264,0.21925264766690117,0.22077577205144736,0.09646540969697737,0.09376116012342375,0.0992197942550125,0.9035345903030226,0.9007802057449875,0.9062388398765763,0.07692030035100483,0.0766839287433772,0.07461710760009643,0.07878552648300866
TUR.40.25_1,2058,9,albopictus,21.541381667642032,71.65890420965052,0.6592202263440478,0.126275154440527,0.1258577137142779,0.1266357577203678,5.961340842887131e-7,5.441039370501777e-7,6.437530502861887e-7,0.9999994038659157,0.9999993562469497,0.999999455896063,0.06379613584359978,3.929835686059535e-7,3.5868425620200207e-7,4.2437494150171504e-7
TUR.40.25_1,2058,10,albopictus,17.055011468775135,82.32918688066071,0.649634020934434,0.03415114164841876,0.03399039632954537,0.03429448719527544,0,0,0,1,1,1,0.06093239773937098,0,0,0
TUR.40.25_1,2058,11,albopictus,13.614186861935785,79.43647098286367,0.37681995413358876,0.0025209381671975127,0.0024933603483190247,0.002550225114621361,0,0,0,1,1,1,0.036980863294722055,0,0,0
TUR.40.25_1,2058,12,albopictus,10.924414410310634,77.13471141273092,0.3099403287639221,2.8458413868678902e-8,2.4921820709108202e-8,3.217216253049237e-8,0,0,0,1,1,1,0.02954886246584043,0,0,0
TUR.40.25_1,2059,1,albopictus,9.483457446098328,78.52883012740709,0.31198136594119447,0,0,0,0,0,0,1,1,1,0.029740526780066112,0,0,0
TUR.40.25_1,2059,2,albopictus,9.3695127157604,75.38828324738569,0.23337150308959329,0,0,0,0,0,0,1,1,1,0.02469407660725631,0,0,0
TUR.40.25_1,2059,3,albopictus,10.144215429530423,75.96483722218818,0.2864829795700557,0,0,0,0,0,0,1,1,1,0.02734337192686287,0,0,0
TUR.40.25_1,2059,4,albopictus,12.20677594577565,70.58352290503166,0.3788210487702566,1.591194915065722e-4,1.5555700988241565e-4,1.6285015332982171e-4,0,0,0,1,1,1,0.037173553257483394,0,0,0
TUR.40.25_1,2059,5,albopictus,18.105465720681583,72.63204336698492,0.5294916595613093,0.04714286590327089,0.04695731136160876,0.04735980856052981,0,0,0,1,1,1,0.04995044096659962,0,0,0
TUR.40.25_1,2059,6,albopictus,24.88955520181095,63.887249278102786,0.5955567787908467,0.1835031571705167,0.18286796649051124,0.18413588282583299,0.007353976688421495,0.006847580793464025,0.007880268127265985,0.9926460233115785,0.9921197318727341,0.993152419206536,0.05781692662442817,0.004370121440409618,0.004069818907919914,0.004682151494996204
TUR.40.25_1,2059,7,albopictus,27.166089114020853,64.69138009816962,0.6993827321382715,0.21209795887639826,0.21135075154326355,0.21285195112387492,0.06886788440886607,0.06637643333729332,0.07140234768606665,0.931132115591134,0.9285976523139333,0.9336235666627066,0.06544257115252505,0.04702310505444841,0.04536148768597581,0.048711187419052664
TUR.40.25_1,2059,8,albopictus,27.651141503277948,71.04897147261767,0.8304729089313957,0.24455506026182275,0.24373140769196847,0.24536695327523456,0.18262393609424052,0.17990166798689117,0.18529636322617615,0.8173760639057595,0.8147036367738238,0.8200983320131088,0.07722361723477134,0.14072267515385825,0.13877842497819998,0.14262819510088642
TUR.40.25_1,2059,9,albopictus,23.415658782510196,63.753321781672,0.6619270117197715,0.15435631590618373,0.153832042609572,0.15487788565541694,1.2481510303616995e-4,1.1427823471741872e-4,1.359518458858039e-4,0.9998751848969638,0.9998640481541141,0.9998857217652826,0.06404951184314966,8.261506873058644e-5,7.564098948714959e-5,8.998615008846133e-5
TUR.40.25_1,2059,10,albopictus,17.4458901461433,75.97573229081696,0.6523014449562816,0.037559555850670605,0.037389432627073685,0.037733447047360556,0,0,0,1,1,1,0.06117477530756066,0,0,0
TUR.40.25_1,2059,11,albopictus,13.269896128598383,81.18479251606679,0.3783671923710838,0.0016406388398455224,0.0016200867658753063,0.0016609196774400531,0,0,0,1,1,1,0.03712985377141165,0,0,0
TUR.40.25_1,2059,12,albopictus,11.269034161287196,75.78879466468405,0.3112129565076093,1.947176140341532e-6,1.8342895649662984e-6,2.0583532492613416e-6,0,0,0,1,1,1,0.029668373465206677,0,0,0
TUR.40.25_1,2060,1,albopictus,8.308916926383972,77.87962968795397,0.31237840543995665,0,0,0,0,0,0,1,1,1,0.029777806515624672,0,0,0
TUR.40.25_1,2060,2,albopictus,10.432326474610498,81.39450883332319,0.24201380424475963,1.4372795670338351e-31,1.0291334362321563e-40,1.2707945874418742e-32,0,0,0,1,1,1,0.02472511148632861,0,0,0
TUR.40.25_1,2060,3,albopictus,8.320810163722317,76.02499499806709,0.2868475688405374,0,0,0,0,0,0,1,1,1,0.027377689402462546,0,0,0
TUR.40.25_1,2060,4,albopictus,12.627630514257095,73.81819545141838,0.3793031510229682,4.7589665127719343e-4,4.670465954522295e-4,4.8534847716174363e-4,0,0,0,1,1,1,0.03721997021848289,0,0,0
TUR.40.25_1,2060,5,albopictus,18.3640697703642,74.72209311063726,0.5301655110347033,0.05347766961056107,0.053247062853753115,0.0537021963898402,0,0,0,1,1,1,0.05001239303966509,0,0,0
TUR.40.25_1,2060,6,albopictus,22.87858222512638,70.52763395217505,0.5963147072787298,0.1593340870972777,0.15881454473471876,0.1598428003857362,2.7932421974890284e-4,2.5709420229977353e-4,3.0233274013763135e-4,0.9997206757802511,0.9996976672598624,0.9997429057977002,0.0578883346574961,1.6655124501662366e-4,1.5329730275493448e-4,1.802692089891117e-4
TUR.40.25_1,2060,7,albopictus,27.852065142463236,64.9781690385993,0.7002727935320773,0.21472574345627957,0.21388886581423558,0.21549469401731755,0.07781730315697269,0.07493334493806708,0.08048331809072352,0.9221826968430273,0.9195166819092765,0.9250666550619329,0.06552306576523048,0.05303471298973182,0.05112080225206952,0.0548014596583434
TUR.40.25_1,2060,8,albopictus,27.095578530255487,67.17580634200243,0.8315298007316573,0.2230031657756612,0.22221509469888254,0.22377158358541813,0.10724408818922877,0.10440107570787792,0.11001776347448172,0.8927559118107712,0.8899822365255182,0.8955989242921222,0.07731799383980098,0.08531534787625382,0.08315110818901945,0.08742321483368197
TUR.40.25_1,2060,9,albopictus,22.82902510025922,68.75242151311731,0.6627694055215856,0.1535291121736688,0.15304498018842635,0.15400054047256725,1.0872224994916802e-4,1.0015612303580224e-4,1.1753543618071571e-4,0.9998912777500508,0.9998824645638194,0.9998998438769642,0.06412835241136561,7.205518040348069e-5,6.637821099288731e-5,7.789585712537905e-5
TUR.40.25_1,2060,10,albopictus,19.905782419092517,81.96363970048493,0.6531315888912117,0.0977128928100408,0.09739746770004451,0.09801086658668544,4.875025780837206e-10,4.4477518612584533e-10,5.304038902531615e-10,0.9999999995124974,0.9999999994695962,0.9999999995552248,0.061250194219968024,3.184033334768799e-10,2.9049668781588876e-10,3.464235703853902e-10
TUR.40.25_1,2060,11,albopictus,15.301087954465082,75.32418918354726,0.3788487170286667,0.011321761674104376,0.011240044983380146,0.011401691889858529,0,0,0,1,1,1,0.03717621722689135,0,0,0
TUR.40.25_1,2060,12,albopictus,11.126214756685146,78.85961833411764,0.31160901809893954,5.476225547641564e-7,5.067484000794774e-7,5.897158226269914e-7,0,0,0,1,1,1,0.029705564148094665,0,0,0
TUR.40.25_1,2061,1,albopictus,8.660520434379578,77.29800279586412,0.3189565322421259,0,0,0,0,0,0,1,1,1,0.030395246541446874,0,0,0
TUR.40.25_1,2061,2,albopictus,8.039696851197412,78.75524949494428,0.23858913856931957,0,0,0,0,0,0,1,1,1,0.02523915182030334,0,0,0
TUR.40.25_1,2061,3,albopictus,10.541421735987942,75.78880420216865,0.29288806219048413,7.434605049062492e-16,7.319089563078102e-17,3.0960991605472286e-15,0,0,0,1,1,1,0.027946083119496867,0,0,0
TUR.40.25_1,2061,4,albopictus,13.777179044835709,75.70957576147697,0.38729059247359376,0.00289231978608777,0.0028592881704731727,0.002922546596334058,0,0,0,1,1,1,0.03798867808892947,0,0,0
TUR.40.25_1,2061,5,albopictus,17.466454337624942,75.7934660964771,0.5413298421696014,0.03780670709898487,0.037625889675836154,0.03798079054199221,0,0,0,1,1,1,0.05103822357171062,0,0,0
TUR.40.25_1,2061,6,albopictus,23.127254710477942,74.83436612990943,0.6088720213893298,0.17796915507400152,0.1774475509292733,0.17848967766763016,0.003851481444021894,0.0036098357863607435,0.004102662945691634,0.9961485185559781,0.9958973370543084,0.9963901642136392,0.059070631389461115,0.0023423088703296855,0.0021955143370262693,0.0024948792833897034
TUR.40.25_1,2061,7,albopictus,27.03636842615464,68.53291375905829,0.7150192777696016,0.22901614742329163,0.22826636012378101,0.22977639447324671,0.12891250223437917,0.12622270237001623,0.13163553676565456,0.8710874977656209,0.8683644632343454,0.8737772976299838,0.06685568718171264,0.08805391038266222,0.0862987907122431,0.08982823672078782
TUR.40.25_1,2061,8,albopictus,27.866336205426386,70.94276267134813,0.8490403212213546,0.2444543695714711,0.2436485831576268,0.24522177044982313,0.18229184171863902,0.17962687893433,0.18481993273874434,0.817708158281361,0.8151800672612557,0.8203731210656701,0.07888021583830773,0.1433899385429278,0.14145008896470906,0.14522719889455232
TUR.40.25_1,2061,9,albopictus,25.744338820962344,67.18998636297083,0.676726135929947,0.20920429311993663,0.2085189448456994,0.20988074918258776,0.05940177718805203,0.057228122737789704,0.06156826045405718,0.9405982228119479,0.9384317395459428,0.9427718772622103,0.06543361216978327,0.03940120187965496,0.03798743432159038,0.0408088013128655
TUR.40.25_1,2061,10,albopictus,19.526839929468494,81.08212419755525,0.6668853642335808,0.08626847348543011,0.08598531806220726,0.08657942390600758,1.4627568822866976e-11,1.3315706870464795e-11,1.6174073191876915e-11,0.9999999999853725,0.9999999999838259,0.9999999999866842,0.06249884891368962,9.7549124333795592e-12,8.88009665800382e-12,1.078626910011593e-11
TUR.40.25_1,2061,11,albopictus,15.57600937170141,76.15039920551992,0.3868265889175502,0.013811037363344865,0.013719690491184867,0.01390375539640724,0,0,0,1,1,1,0.037944039385879536,0,0,0
TUR.40.25_1,2061,12,albopictus,7.801090969758876,80.11437144691061,0.3181709429889374,0,0,0,0,0,0,1,1,1,0.03032152976441349,0,0,0
TUR.40.25_1,2062,1,albopictus,8.655359148979187,79.43743761031725,0.34354016727755476,0,0,0,0,0,0,1,1,1,0.03269925406257168,0,0,0
TUR.40.25_1,2062,2,albopictus,9.52935043853872,81.24288224640912,0.25697844154039956,0,0,0,0,0,0,1,1,1,0.027157815248183614,0,0,0
TUR.40.25_1,2062,3,albopictus,11.965432966456692,73.3136455107624,0.3154624649672832,7.888921546837041e-5,7.665922317609352e-5,8.111128966027845e-5,0,0,0,1,1,1,0.030067333275464958,0,0,0
TUR.40.25_1,2062,4,albopictus,16.400831503026627,73.6551629196801,0.41714108812294526,0.021871904438547786,0.021751831432377074,0.021999115459559213,0,0,0,1,1,1,0.04085604781733643,0,0,0
TUR.40.25_1,2062,5,albopictus,20.9335220561308,65.99019384916265,0.5830529421172191,0.10121453521937375,0.10085831257970472,0.1015727662496401,1.3072283928661222e-9,1.1830297547144042e-09,1.441307118099644e-9,0.9999999986927716,0.9999999985586928,0.9999999988169702,0.05486213975324372,7.621833620907737e-10,6.897689919238559e-10,8.403583939831094e-10
TUR.40.25_1,2062,6,albopictus,25.97282050637638,61.49751691726294,0.6558009475721502,0.18994218695625445,0.18928525323741496,0.19061784467872517,0.014310607223204309,0.01342430131984757,0.015254262272742935,0.9856893927767957,0.984745737727257,0.9865756986801525,0.06347596690948931,0.009340960393916676,0.008765030698304348,0.009953888487209456
TUR.40.25_1,2062,7,albopictus,27.49470811731675,59.52905328542548,0.7701295238097742,0.19065886019981976,0.18989634046476603,0.19144133415224432,0.015320786471171279,0.014241886484276737,0.016473233235060634,0.9846792135288287,0.9835267667649394,0.9857581135157233,0.07181913132235485,0.011729564014274961,0.010908166984706584,0.012606388565224246
TUR.40.25_1,2062,8,albopictus,27.7311528710758,72.5438292607036,0.9144802645281885,0.25270770496445155,0.25188735169737697,0.2534943915657866,0.2087568890228664,0.20619797336659199,0.21120031202552378,0.7912431109771336,0.7887996879744762,0.7938020266334079,0.08469514113922905,0.17378755860282125,0.1718524808394202,0.1756322228269937
TUR.40.25_1,2062,9,albopictus,24.581327270059024,64.52141489080286,0.7288849308218128,0.18015584245592559,0.1795507772249614,0.18076249393360275,0.0050129474831513395,0.004662661568214654,0.0053803352645461705,0.9949870525168487,0.9946196647354538,0.9953373384317853,0.07029550727140255,0.0036471859470353467,0.0033927752413450305,0.003913965688234597
TUR.40.25_1,2062,10,albopictus,18.798209863550525,68.7145971894986,0.718285679786115,0.05746509805351157,0.057217667807276246,0.057709044586179536,1.1102230246251565e-16,1.1102230246251565e-16,1.1102230246251565e-16,0.9999999999999999,0.9999999999999999,0.9999999999999999,0.06715061067561878,1.1102230246251565e-16,1.1102230246251565e-16,1.1102230246251565e-16
TUR.40.25_1,2062,11,albopictus,12.367766001645258,74.33830356343007,0.41664132140507926,2.6560935612709356e-4,2.600553018069221e-4,2.712257854275901e-4,0,0,0,1,1,1,0.040808111797010715,0,0,0
TUR.40.25_1,2062,12,albopictus,8.577689900117763,76.11178508216452,0.3426940285841262,0,0,0,0,0,0,1,1,1,0.03262004398835705,0,0,0
TUR.40.25_1,2063,1,albopictus,9.445466876029968,81.59992082564928,0.3245792858694183,0,0,0,0,0,0,1,1,1,0.03092270128041885,0,0,0
TUR.40.25_1,2063,2,albopictus,9.327503362122705,78.13275193635053,0.24279512844164747,0,0,0,0,0,0,1,1,1,0.025678320814858324,0,0,0
TUR.40.25_1,2063,3,albopictus,11.34385951827554,77.25740161427802,0.29805126547243493,3.742451092270272e-6,3.5578911629184063e-6,3.956663414097007e-6,0,0,0,1,1,1,0.028431662954572,0,0,0
TUR.40.25_1,2063,4,albopictus,14.075530332677506,74.1779900681176,0.3941179791658783,0.003919912953942815,0.00387929206385257,0.0039576426708351495,0,0,0,1,1,1,0.038645256257476834,0,0,0
TUR.40.25_1,2063,5,albopictus,18.361664603738223,77.09629202421148,0.550872723490214,0.0551686512284354,0.054943663798784126,0.05539304667384358,0,0,0,1,1,1,0.05191418963753314,0,0,0
TUR.40.25_1,2063,6,albopictus,23.945860133451575,65.27027540114966,0.6196055760300131,0.1699110299861252,0.16936250195274322,0.1704782881377889,0.0013412054062485197,0.001241723450484944,0.0014496572818979425,0.9986587945937515,0.9985503427181021,0.998758276549515,0.06008004124385924,8.306726411985099e-4,7.690828778468911e-4,8.978124601919074e-4
TUR.40.25_1,2063,7,albopictus,27.186713274787454,68.63733346731024,0.7276240587703278,0.2304451754014602,0.22963699584051217,0.2312008882954542,0.13402369511895193,0.1311368738466666,0.13671761855062334,0.865976304881048,0.8632823814493766,0.8688631261533335,0.06799325900355846,0.09291427756192507,0.0910074170431805,0.09469106465391294
TUR.40.25_1,2063,8,albopictus,27.95309768003576,64.95792990767626,0.864007704119288,0.21453661054794013,0.2137395262239414,0.21536242508875553,0.07716396749297635,0.07442206354985816,0.08002281251620678,0.9228360325070236,0.9199771874837932,0.9255779364501419,0.08021345189332152,0.0644956825215901,0.06227751903242152,0.06680428121632255
TUR.40.25_1,2063,9,albopictus,22.664838622598086,72.41187204412317,0.6886558628702788,0.15849452537134426,0.15798362027472196,0.15896391492378695,2.4453852595400505e-4,2.252351676926251e-4,2.632489538949928e-4,0.999755461474046,0.999736751046105,0.9997747648323074,0.06654785958570686,1.683886880924662e-4,1.5509748989623318e-4,1.8127150382919732e-4
TUR.40.25_1,2063,10,albopictus,19.685937600977283,69.5100187898404,0.6786416122538786,0.07690624005138284,0.07660922930332414,0.07721070810379715,5.660419910569204e-13,5.064754171613116e-13,6.322831147542728e-13,0.999999999999434,0.9999999999993677,0.9999999999994935,0.06356483880168184,3.8413927594405093e-13,3.4371949730882537e-13,4.2910952569030767e-13
TUR.40.25_1,2063,11,albopictus,11.901012995663812,79.11344241841054,0.39364579588183396,7.218953353562915e-5,7.008375417205994e-5,7.437707549964643e-5,0,0,0,1,1,1,0.03859986162175266,0,0,0
TUR.40.25_1,2063,12,albopictus,8.642210735994228,77.10760417396139,0.3237798477861341,0,0,0,0,0,0,1,1,1,0.030847725738450404,0,0,0
TUR.40.25_1,2064,1,albopictus,5.773485541343689,77.13685472457506,0.33877104548968867,0,0,0,0,0,0,1,1,1,0.03225271472890745,0,0,0
TUR.40.25_1,2064,2,albopictus,7.021895566407372,78.32222794953412,0.2624613867641153,0,0,0,0,0,0,1,1,1,0.026785898101705286,0,0,0
TUR.40.25_1,2064,3,albopictus,10.985027158961575,69.7980205107624,0.3110831257859237,5.4942732069899314e-8,4.869549549704252e-8,6.139644057489265e-8,0,0,0,1,1,1,0.02965618188648733,0,0,0
TUR.40.25_1,2064,4,albopictus,17.139164251439713,60.23043071142814,0.4113502175305874,0.02644357260223864,0.02628603965603152,0.02658531378696275,0,0,0,1,1,1,0.04030045911509539,0,0,0
TUR.40.25_1,2064,5,albopictus,19.370859931497012,67.07907248075445,0.5749588362321159,0.06761378766570227,0.06735430858047907,0.06788064640899164,1.454159015423784e-14,1.2989609388114332e-14,1.6209256159527285e-14,0.9999999999999855,0.9999999999999838,0.999999999999987,0.05412152270402126,8.356315639446165e-15,7.438494264988549e-15,9.325873406851315e-15
TUR.40.25_1,2064,6,albopictus,23.242536769193762,70.42619352248755,0.6466969332952908,0.16844191757135055,0.16791664058474334,0.16890762935272016,0.0010915521092219045,0.0010124968122774748,0.0011649910208317044,0.9989084478907782,0.9988350089791683,0.9989875031877226,0.06262296586493321,7.056539866535347e-4,6.545642627509618e-4,7.531123888890323e-4
TUR.40.25_1,2064,7,albopictus,28.04329019434312,61.74820764333564,0.7594383678946269,0.19959282707097395,0.19878533796763462,0.20039369582385275,0.03236580096124708,0.030472867344300096,0.03429254358930161,0.9676341990387529,0.9657074564106983,0.9695271326556999,0.0708583124548402,0.02427995446554268,0.02287653623203023,0.02570687733401078
TUR.40.25_1,2064,8,albopictus,27.082841256085565,74.34638434493212,0.9017851907943176,0.2584558768964207,0.25769591727266467,0.2591952457681033,0.2262751084118085,0.22400313597974,0.22847661285134108,0.7737248915881915,0.771523387148659,0.77599686402026,0.08356994725993183,0.18457920830544747,0.1829072869667671,0.18619689330709185
TUR.40.25_1,2064,9,albopictus,25.29719335892621,73.66140665105677,0.7187663440144044,0.228097112460561,0.22742512977863663,0.22880905673735033,0.1256141093966224,0.12319796088875189,0.12817072447624775,0.8743858906033776,0.8718292755237522,0.8768020391112482,0.06935430160665534,0.08633088926033396,0.08474315477905801,0.08800867684782783
TUR.40.25_1,2064,10,albopictus,19.489854532129627,78.79159685380525,0.7083142347800571,0.08263157671567288,0.08235374520858214,0.08292322535463373,4.329411606995848e-12,3.9309139276966214e-12,4.7772924505196095e-12,0.9999999999956706,0.9999999999952227,0.999999999996069,0.06624999655873254,3.0665829875431428e-12,2.7842922412091297e-12,3.3838487567550146e-12
TUR.40.25_1,2064,11,albopictus,14.301328280392816,74.03656863911367,0.41085738871568017,0.004897287851692142,0.004854354758135316,0.004941750822773303,0,0,0,1,1,1,0.04025316119087585,0,0,0
TUR.40.25_1,2064,12,albopictus,10.305289997774013,79.6935187857778,0.33793665313297055,0,0,0,0,0,0,1,1,1,0.03217456825729115,0,0,0
TUR.40.25_1,2065,1,albopictus,5.805530905723572,78.17356737105943,0.3210571055580842,0,0,0,0,0,0,1,1,1,0.030592329012934405,0,0,0
TUR.40.25_1,2065,2,albopictus,8.689253964844873,81.07882737580366,0.24016043097845488,0,0,0,0,0,0,1,1,1,0.025403241684725186,0,0,0
TUR.40.25_1,2065,3,albopictus,8.350117529139798,76.20364490041084,0.29481695464387037,0,0,0,0,0,0,1,1,1,0.02812751658494428,0,0,0
TUR.40.25_1,2065,4,albopictus,14.79332379733815,77.5199853073754,0.3898411979694365,0.007940416234305487,0.007876565780386563,0.008005797358881926,0,0,0,1,1,1,0.03823401793581427,0,0,0
TUR.40.25_1,2065,5,albopictus,18.851710151223575,68.87925863798101,0.5448949142300482,0.05865825426083081,0.058414771099526364,0.05888586862373858,2.281508315604697e-16,2.220446049250313e-16,3.3306690738754696e-16,0.9999999999999998,0.9999999999999997,0.9999999999999998,0.051365565531373836,1.17128529097954e-16,1.1102230246251565e-16,2.220446049250313e-16
TUR.40.25_1,2065,6,albopictus,24.488538966459387,68.66074399856177,0.6128819104860458,0.19218965795442564,0.19159321817332986,0.1927756002630216,0.01764543387324975,0.016705554347617904,0.01859511630831183,0.9823545661267502,0.9814048836916882,0.9832944456523821,0.05944785799416119,0.010756256489108997,0.010186296717596606,0.011331915046640917
TUR.40.25_1,2065,7,albopictus,28.283021029304056,62.17596490651923,0.7197282279350694,0.2007003421884438,0.19985363112000903,0.2014872143391427,0.035058628327996486,0.03298068860479143,0.037037351488259304,0.9649413716720036,0.9629626485117406,0.9670193113952086,0.06728082869833696,0.024916740760499306,0.02345762278430877,0.02630467020123506
TUR.40.25_1,2065,8,albopictus,27.268918374005487,69.88141089522509,0.8546319027148994,0.23699342145565488,0.23617561961426523,0.2377552933330855,0.15705895693383656,0.15422450544864572,0.15969077317896388,0.8429410430661635,0.840309226821036,0.8457754945513543,0.07937851807031193,0.12560836295379538,0.12348826175625457,0.1275734652651861
TUR.40.25_1,2065,9,albopictus,24.021301101235782,67.87600626043177,0.681182896396188,0.1794689336104289,0.17891105272245192,0.18002149893174044,0.004619711059645193,0.004317743571770024,0.00493117859808482,0.9953802889403548,0.9950688214019152,0.9956822564282299,0.06585003322148242,0.0031419158143025355,0.0029368520598783035,0.003353399274908919
TUR.40.25_1,2065,10,albopictus,19.67450876796947,77.84372850663728,0.6712773156730603,0.08622113401132397,0.08592789904129441,0.0865119080870017,1.4403521264583219e-11,1.3066828175034574e-11,1.5821630117152095e-11,0.9999999999855965,0.9999999999841784,0.9999999999869331,0.06289722807211828,9.668757239289504e-12,8.771430803911073e-12,1.0620659907090157e-11
TUR.40.25_1,2065,11,albopictus,13.397198298398187,77.7923135731957,0.38937413859421444,0.0018558331690052565,0.0018330535403858908,0.001880343065280991,0,0,0,1,1,1,0.038189096704909,0,0,0
TUR.40.25_1,2065,12,albopictus,9.809809460359462,78.8823615592153,0.3202663425973345,0,0,0,0,0,0,1,1,1,0.030518141818229427,0,0,0
TUR.40.25_1,2066,1,albopictus,10.846676707267761,83.05159624068834,0.33181796938425384,8.013687745752231e-9,6.827754204913938e-9,9.260560455134211e-9,0,0,0,1,1,1,0.03160131941872035,0,0,0
TUR.40.25_1,2066,2,albopictus,12.124490895692041,77.74646806183881,0.2482098827720886,1.4695641937207567e-4,1.4335688707101807e-4,1.5083632384155958e-4,0,0,0,1,1,1,0.026243411793708482,0,0,0
TUR.40.25_1,2066,3,albopictus,10.095105970607083,75.47472491750068,0.30469832791874013,0,0,0,0,0,0,1,1,1,0.029056437025066773,0,0,0
TUR.40.25_1,2066,4,albopictus,14.352580350988053,71.71786891333244,0.4029074966825201,0.004971565045180174,0.00492595234939727,0.005017966660168931,0,0,0,1,1,1,0.03948986945196076,0,0,0
TUR.40.25_1,2066,5,albopictus,18.39427454331342,69.74514151151617,0.5631581448830795,0.05053490647729828,0.050328947585308724,0.05074839015895358,0,0,0,1,1,1,0.05304071019583889,0,0,0
TUR.40.25_1,2066,6,albopictus,23.502546534818762,67.74638395217505,0.6334238597719801,0.16723951676477183,0.16670205588909565,0.16776203481547117,9.195984273739102e-4,8.504532335266435e-4,9.904150321758452e-4,0.9990804015726261,0.9990095849678241,0.9991495467664734,0.061377952360613386,5.823257223658788e-4,5.385522983589047e-4,6.271557680112144e-4
TUR.40.25_1,2066,7,albopictus,27.06630044824937,67.5859914568122,0.7438513428531988,0.22475754842914264,0.22401511365922872,0.2254931320021061,0.11357798007512332,0.11089712692975381,0.11623359795774085,0.8864220199248767,0.8837664020422591,0.8891028730702462,0.06945571731172906,0.08101419090886935,0.07918025339366405,0.08282824007992667
TUR.40.25_1,2066,8,albopictus,26.41490302366369,70.29194480025438,0.8832765810833445,0.23143015142318185,0.23067007875399215,0.23218194359931174,0.1375319802520317,0.13482691804269598,0.14020171750379087,0.8624680197479683,0.859798282496209,0.865173081957304,0.08192700733396674,0.11438948736867284,0.11227161826717505,0.11647606254707366
TUR.40.25_1,2066,9,albopictus,24.514648269204532,69.69930185369348,0.7040140882992405,0.1963274209099067,0.19569540995600448,0.19697806426974535,0.025158327565196915,0.023888500497112747,0.026499548783029826,0.9748416724348031,0.9735004512169702,0.9761114995028872,0.06798037609851404,0.017555788384712258,0.016677210482357627,0.018483108643081368
TUR.40.25_1,2066,10,albopictus,20.126760202295642,72.46826311357087,0.6937765024485656,0.09084223764140087,0.09051137893824254,0.0911588892126768,6.281369457905583e-11,5.660588109357434e-11,6.919340933553286e-11,0.9999999999371864,0.9999999999308066,0.9999999999433942,0.06493540033312095,4.3578665342991486e-11,3.927182468110857e-11,4.8004802910561745e-11
TUR.40.25_1,2066,11,albopictus,14.948637583676508,83.4493951771996,0.40242478288866507,0.009736068602538214,0.009665203032758215,0.009807147654152169,0,0,0,1,1,1,0.039443503183972606,0,0,0
TUR.40.25_1,2066,12,albopictus,8.307008518892177,72.25297465735983,0.33100070243903496,0,0,0,0,0,0,1,1,1,0.03152472539969775,0,0,0
TUR.40.25_1,2067,1,albopictus,8.358434557914734,80.59855516402818,0.3347352441078777,0,0,0,0,0,0,1,1,1,0.03187467615221817,0,0,0
TUR.40.25_1,2067,2,albopictus,7.933705487672021,82.96449326935834,0.2503920925496614,0,0,0,0,0,0,1,1,1,0.02647105744579381,0,0,0
TUR.40.25_1,2067,3,albopictus,9.799414480433743,78.40867724904365,0.30737717238282175,0,0,0,0,0,0,1,1,1,0.029308114735195012,0,0,0
TUR.40.25_1,2067,4,albopictus,13.821345609777115,75.62378321997306,0.40644977577672237,0.003038684636414537,0.0030066323768948564,0.0030717098568786337,0,0,0,1,1,1,0.03983004869343387,0,0,0
TUR.40.25_1,2067,5,albopictus,18.243080924539004,75.32419729764898,0.5681093144189517,0.05152477076435596,0.051307981557907126,0.05173693487523284,0,0,0,1,1,1,0.05349433273616089,0,0,0
TUR.40.25_1,2067,6,albopictus,25.727638469022864,67.94168119338599,0.6389927908906958,0.2120103619680998,0.21134575477940182,0.21271349228715752,0.06857432422015296,0.06635989103530499,0.07093434984742829,0.931425675779847,0.9290656501525717,0.933640108964695,0.06190051899321025,0.04287207167330779,0.041517037597517965,0.044314636881592026
TUR.40.25_1,2067,7,albopictus,27.632811602424173,67.00648172170477,0.75039112948581,0.22426014883745848,0.22346965358312998,0.22500335226981094,0.1117819692505599,0.10892763930139941,0.11446557469842478,0.8882180307494401,0.8855344253015752,0.8910723606986005,0.07004445625473366,0.08045808438899811,0.07848694447407176,0.08230845448140833
TUR.40.25_1,2067,8,albopictus,28.090089180890253,66.88197165572313,0.8910421654751272,0.22360084777168085,0.22277947871158565,0.22441065696445203,0.10940145993908933,0.10643662908177245,0.11232546458359358,0.8905985400609107,0.8876745354164065,0.8935633709182276,0.08261668750320972,0.09287988420088981,0.09048112171058306,0.09524105076688903
TUR.40.25_1,2067,9,albopictus,23.643165420083438,68.89032281926966,0.710203634057361,0.173879188561484,0.17333277766846084,0.17439279532935775,0.002291292782482864,0.002131044178502006,0.00244891261917925,0.9977087072175171,0.9975510873808208,0.9978689558214979,0.06855707541572242,0.001625959483493413,0.0015123305936576821,0.001737715063426859
TUR.40.25_1,2067,10,albopictus,18.102117257959705,70.96608110673493,0.6998760414765247,0.046027666365992564,0.04582586627397212,0.046233900110569534,0,0,0,1,1,1,0.06548718549791466,0,0,0
TUR.40.25_1,2067,11,albopictus,14.573501208249262,77.94799899800039,0.40596281806337087,0.006638913359458624,0.006581699255163275,0.0066970419015452455,0,0,0,1,1,1,0.039783291338608695,0,0,0
TUR.40.25_1,2067,12,albopictus,11.85512711020077,79.67734446937155,0.3339107919212864,6.162021609418048e-5,5.967055002594831e-5,6.353004244889523e-5,0,0,0,1,1,1,0.031797430518439196,0,0,0
TUR.40.25_1,2068,1,albopictus,11.025296092033386,81.04503496139147,0.33634361786676276,1.7194213062844383e-7,1.566030424251121e-7,1.8842413895739556e-7,0,0,0,1,1,1,0.03202535223524883,0,0,0
TUR.40.25_1,2068,2,albopictus,7.232087293091943,77.98568009797162,0.2605807478232586,0,0,0,0,0,0,1,1,1,0.026596541992675915,0,0,0
TUR.40.25_1,2068,3,albopictus,10.829520071254056,76.81819262990302,0.30885409298453015,3.7021865052344867e-9,3.07525517733893e-9,4.507560947097838e-9,0,0,0,1,1,1,0.02944684367664685,0,0,0
TUR.40.25_1,2068,4,albopictus,13.304062170140885,83.40744410864494,0.4084027316281633,0.0017848049596162388,0.00176312912699547,0.0018093841901392386,0,0,0,1,1,1,0.04001754733648755,0,0,0
TUR.40.25_1,2068,5,albopictus,19.892470191506778,68.97816610868414,0.570839030305084,0.08097500972197057,0.08066777285719534,0.08127115378274591,2.4405991672082905e-12,2.188577097328448e-12,2.702785217856274e-12,0.9999999999975594,0.9999999999972973,0.9999999999978114,0.05374433438046644,1.3931906739372834e-12,1.2493311940531271e-12,1.5429074684547572e-12
TUR.40.25_1,2068,6,albopictus,26.65027831582462,60.13980893996802,0.6420630957213821,0.1903475664935476,0.18958992047424839,0.1910803404277654,0.014875836229320613,0.013827397561652176,0.01593045817517323,0.9851241637706794,0.9840695418248268,0.9861726024383478,0.06218849991830655,0.009505701117392153,0.008838768064234193,0.01017622751696654
TUR.40.25_1,2068,7,albopictus,25.85281473047593,71.4832082536872,0.7539966936527435,0.22888063024796412,0.22820858985190526,0.22955505313366076,0.12842680637436596,0.12601517340330345,0.13084364119257724,0.871573193625634,0.8691563588074227,0.8739848265966966,0.07036888491381588,0.0922923639950594,0.09064072793499713,0.09394536646518391
TUR.40.25_1,2068,8,albopictus,26.798064568463495,71.9763587101665,0.8953235456471786,0.24365310060579512,0.24292743952891474,0.24437764001289936,0.17964021236170455,0.1772278564385056,0.18204040489264503,0.8203597876382954,0.8179595951073549,0.8227721435614944,0.08299670555165328,0.1485678433283574,0.1467274582125861,0.15039611923724003
TUR.40.25_1,2068,9,albopictus,24.102453063516055,71.36394418767786,0.7136161008011215,0.19265977558516842,0.19206917006144616,0.19319885092118372,0.018408026695148072,0.017448842424706325,0.019306755448130635,0.9815919733048519,0.9806932445518693,0.9825511575752937,0.06887487298934147,0.013050302537481398,0.012374572314202897,0.013683134638289353
TUR.40.25_1,2068,10,albopictus,21.664100366480213,73.80735155351228,0.7032388850354193,0.13391248742627973,0.13350410291213208,0.134328612632559,2.9335584425433936e-6,2.699237683570499e-6,3.1868858096473217e-6,0.9999970664415575,0.9999968131141903,0.9999973007623164,0.0657912605714086,2.062990236646911e-6,1.8982070974615795e-6,2.2411395121546553e-6
TUR.40.25_1,2068,11,albopictus,14.833350756589105,75.90002536518789,0.40791343412531655,0.008019592436395261,0.007954750142331577,0.008084105069156694,0,0,0,1,1,1,0.039970574485625465,0,0,0
TUR.40.25_1,2068,12,albopictus,8.239608540254482,76.93712535316061,0.3355152042590612,0,0,0,0,0,0,1,1,1,0.03194774750807827,0,0,0
TUR.40.25_1,2069,1,albopictus,7.667696833610535,80.0766359135399,0.32192542004286306,0,0,0,0,0,0,1,1,1,0.030673785337807846,0,0,0
TUR.40.25_1,2069,2,albopictus,6.032454648438622,76.46357774201459,0.2408099564905187,0,0,0,0,0,0,1,1,1,0.02547106348103778,0,0,0
TUR.40.25_1,2069,3,albopictus,8.481426084742825,82.78079333791084,0.2956143013701815,0,0,0,0,0,0,1,1,1,0.02820250588621087,0,0,0
TUR.40.25_1,2069,4,albopictus,12.107775014989517,80.13862239233634,0.39089554236207036,1.4743503002562645e-4,1.4398852435077065e-4,1.5102874319641624e-4,0,0,0,1,1,1,0.038335415847325915,0,0,0
TUR.40.25_1,2069,5,albopictus,20.81962282517377,70.65953970487554,0.5463686089046633,0.10565724746037189,0.10529282092863455,0.10601051149007028,4.338998102704217e-9,3.935927678222484e-9,4.756619284562725e-9,0.999999995661002,0.9999999952433807,0.9999999960640724,0.05150084596661597,2.3706923545363525e-9,2.150467290351621e-9,2.5988675073085334e-9
TUR.40.25_1,2069,6,albopictus,24.117492900175208,69.44987516311255,0.6145394792833753,0.18668112510814516,0.18608074758651036,0.1872738606499367,0.010336931594215006,0.00970605197840066,0.01098236934202991,0.989663068405785,0.9890176306579701,0.9902939480215993,0.05960374806216373,0.006332298173740602,0.005946998309847101,0.006726375515435326
TUR.40.25_1,2069,7,albopictus,28.160420473884134,66.59178216726141,0.72167476777051065,0.2220475716674235,0.22121343654111453,0.2229860159783083,0.10379783063872346,0.10079342849329971,0.10718190667482208,0.8962021693612765,0.8928180933251779,0.8992065715067004,0.06745651295917343,0.07217080647123275,0.07015751123096156,0.07443459318452189
TUR.40.25_1,2069,8,albopictus,27.02138266843908,73.60224371993212,0.8569432960696471,0.25401959396491103,0.2532274447992032,0.25479928018786013,0.21282070618742424,0.2103734351441575,0.2152190295215071,0.7871792938125758,0.7847809704784929,0.7896265648558426,0.07958442262548815,0.16671098974562873,0.16496204904407485,0.16842227121928244
TUR.40.25_1,2069,9,albopictus,25.794616530923282,72.38269723943567,0.6830251885164521,0.23189461427022814,0.23120664771020652,0.2325061992031363,0.13918186848502767,0.136738112257847,0.14135015043208082,0.8608181315149723,0.8586498495679192,0.8632618877421531,0.06602211508203704,0.0906855992574374,0.08916687369699092,0.09203160943942423
TUR.40.25_1,2069,10,albopictus,18.178043084986072,71.56012102372712,0.6730928176707165,0.047780761588596406,0.047571711010140176,0.04798505998424329,0,0,0,1,1,1,0.06306185670195041,0,0,0
TUR.40.25_1,2069,11,albopictus,14.463724711362055,73.02964877827382,0.3904272198021571,0.0056143513163950005,0.005560299357865165,0.005669451640765884,0,0,0,1,1,1,0.0382903778707363,0,0,0
TUR.40.25_1,2069,12,albopictus,11.683308376985439,81.45530620032858,0.3211325184254042,3.127272871461291e-5,3.0242641612275495e-5,3.235523187949646e-5,0,0,0,1,1,1,0.03059940374312553,0,0,0
TUR.40.25_1,2070,1,albopictus,10.1383455991745,78.97685869186022,0.34829762128767233,0,0,0,0,0,0,1,1,1,0.03314449563902189,0,0,0
TUR.40.25_1,2070,2,albopictus,8.060726323548487,75.14841508332319,0.2605371611128693,0,0,0,0,0,0,1,1,1,0.027528680881591105,0,0,0
TUR.40.25_1,2070,3,albopictus,11.818025434718411,72.20549884328193,0.31983108998395454,4.379600779845384e-5,4.242290852998696e-5,4.5260163214528424e-5,0,0,0,1,1,1,0.030477305198926996,0,0,0
TUR.40.25_1,2070,4,albopictus,15.306015295140885,68.76393519751213,0.422917791203118,0.010388064655754186,0.010314962009049628,0.010460220723072094,0,0,0,1,1,1,0.041409956795838254,0,0,0
TUR.40.25_1,2070,5,albopictus,19.510369132546817,63.67057943876226,0.5911272455664148,0.0671758885988019,0.06691492809784048,0.06746055541083401,1.2086553979884229e-14,1.0769163338864018e-14,1.3655743202889425e-14,0.9999999999999879,0.9999999999999863,0.9999999999999892,0.05560036709141014,7.143508007345645e-15,6.328271240363392e-15,8.104628079763643e-15
TUR.40.25_1,2070,6,albopictus,24.468361125272864,66.46381406692115,0.6648826886465363,0.18436598300317586,0.18378939000089156,0.18498081739202607,0.008084260354672666,0.007586226443996141,0.008636127767536276,0.9919157396453273,0.9913638722324638,0.9924137735560038,0.06432610769098179,0.005360648747658453,0.005031251276375734,0.005725558006952447
TUR.40.25_1,2070,7,albopictus,28.31347375757554,63.42808969289619,0.7807945235400637,0.20630340481429513,0.20543464908804943,0.20712002109294353,0.050442242145765905,0.04787197090684271,0.05289773440439186,0.9495577578542341,0.9471022655956082,0.9521280290931573,0.07277660958846233,0.03861904400895895,0.03668823177035514,0.04046094544068016
TUR.40.25_1,2070,8,albopictus,28.00339637083166,64.47308188521532,0.9271442794412921,0.21216743584812003,0.21132273111368896,0.2130018009852298,0.06910138719021153,0.06628368246209733,0.07190980644463565,0.9308986128097885,0.9280901935553644,0.9337163175379027,0.08581620575308802,0.06205701275849005,0.05960430202116325,0.06449684961633556
TUR.40.25_1,2070,9,albopictus,22.316110442666446,69.74583353093958,0.738978762249248,0.14276482169039756,0.14232208387724668,0.14320680829033958,1.626168183798915e-5,1.496312327239624e-5,1.763445405135178e-5,0.999983738318162,0.9999823655459487,0.9999850368767276,0.07123346185668555,1.2016965182878648e-5,1.1057369182040921e-5,1.303140211836029e-5
TUR.40.25_1,2070,10,albopictus,17.26121302211986,73.72973009355134,0.7282327293983593,0.033566044634164245,0.0333970818842334,0.03371952434632917,0,0,0,1,1,1,0.06804815594753866,0,0,0
TUR.40.25_1,2070,11,albopictus,15.893787005368402,75.39049625141836,0.42241110355604927,0.016720555054446373,0.01662253765838342,0.01682184896104461,0,0,0,1,1,1,0.04136138499196251,0,0,0
TUR.40.25_1,2070,12,albopictus,10.640921368318446,79.50730052405905,0.3474397649952449,3.8850981320717446e-12,1.997155259782342e-12,7.830884090859906e-12,0,0,0,1,1,1,0.03306422555761179,0,0,0
TUR.40.25_1,2071,1,albopictus,9.102800250053406,79.03591783492662,0.3373938883538955,0,0,0,0,0,0,1,1,1,0.03212373128766721,0,0,0
TUR.40.25_1,2071,2,albopictus,8.546485104981592,78.20949601594037,0.2523808389031555,0,0,0,0,0,0,1,1,1,0.026678474861174584,0,0,0
TUR.40.25_1,2071,3,albopictus,9.919881666407864,76.02845874318427,0.3098185243620279,0,0,0,0,0,0,1,1,1,0.02953742318354513,0,0,0
TUR.40.25_1,2071,4,albopictus,13.374061864965103,76.21252070776603,0.40967801474075494,0.0017514226497231161,0.0017297008650410156,0.0017728392633987282,0,0,0,1,1,1,0.040139964471523015,0,0,0
TUR.40.25_1,2071,5,albopictus,19.031582664040958,68.69593954618414,0.5726215388903083,0.06210534865554417,0.06186997701580361,0.06235234548550892,1.287081552447944e-15,1.1102230246251565e-15,1.4432899320127035e-15,0.9999999999999987,0.9999999999999986,0.9999999999999989,0.053907550191125475,7.271960811294775e-16,6.661338147750939e-16,7.771561172376096e-16
TUR.40.25_1,2071,6,albopictus,24.3138162949506,67.26303129104224,0.6440680094004053,0.18381695056607486,0.1832688064988299,0.18438391610143343,0.0076125136946634765,0.007161305827703526,0.008096380066415262,0.9923874863053366,0.9919036199335848,0.9928386941722964,0.06237650418154683,0.004890964090794316,0.004601747354860831,0.005201046867119371
TUR.40.25_1,2071,7,albopictus,26.9706049526439,64.42146737844305,0.7563511324845599,0.20993699045868952,0.20918441881755886,0.21065945099271538,0.061754332057029196,0.05933445803936789,0.06410032812284885,0.9382456679429708,0.9358996718771512,0.9406655419606321,0.07058067622952291,0.04563350820875823,0.043885577732139094,0.047325851630861435
TUR.40.25_1,2071,8,albopictus,27.84772239011877,69.86495810591845,0.8981192933482716,0.23880687825101102,0.23798572950564378,0.2396373028649576,0.16330025602185463,0.16048404704521416,0.1661377740041362,0.8366997439781454,0.8338622259958638,0.8395159529547859,0.08324477294550381,0.13641441989834516,0.13422811635634468,0.13861312231670472
TUR.40.25_1,2071,9,albopictus,22.923152755288516,73.72554697088098,0.7158444467247568,0.1691112430902456,0.16860607785379444,0.1696033747302246,0.001199477673500328,0.0011165179265475917,0.0012841816551683427,0.9988005223264996,0.9987158183448317,0.9988834820734525,0.06908233676154729,8.582704402083926e-4,7.989338396601486e-4,9.188519032502867e-4
TUR.40.25_1,2071,10,albopictus,20.712259012110096,80.06237169511384,0.7054348269445934,0.1181506150941254,0.11779027785787094,0.11850766070424118,9.61937335475227e-8,8.83481189900559e-8,1.0443915221258758e-7,0.9999999038062665,0.9999998955608478,0.999999911651881,0.06598976865131201,6.78584074714772e-8,6.232383812920795e-8,7.367501252408814e-8
TUR.40.25_1,2071,11,albopictus,14.024501421872309,83.60718631489492,0.4091871893518435,0.0042680050671984405,0.004226609512202786,0.004306432507078551,0,0,0,1,1,1,0.04009285094778281,0,0,0
TUR.40.25_1,2071,12,albopictus,9.989947094636806,77.74497142249655,0.3365628879322421,0,0,0,0,0,0,1,1,1,0.03204589213323239,0,0,0
TUR.40.25_1,2072,1,albopictus,6.081567168235779,81.61555345504381,0.3312136092041621,0,0,0,0,0,0,1,1,1,0.03154467954295204,0,0,0
TUR.40.25_1,2072,2,albopictus,7.1796695379649895,80.53182267609662,0.2566062960345826,0,0,0,0,0,0,1,1,1,0.02619624469528714,0,0,0
TUR.40.25_1,2072,3,albopictus,9.23750194381265,70.84565845021552,0.3041433623854499,0,0,0,0,0,0,1,1,1,0.0290042897977717,0,0,0
TUR.40.25_1,2072,4,albopictus,14.750360769384049,71.55525599829338,0.402173656837417,0.007051537156248088,0.006995502944550837,0.0071123681088529405,0,0,0,1,1,1,0.03941938080508134,0,0,0
TUR.40.25_1,2072,5,albopictus,19.593376945046817,72.12615347440679,0.5621324308191509,0.07766691971474,0.07737697846483713,0.07794875677676706,7.483899056026644e-13,6.721012635324541e-13,8.281209051830274e-13,0.9999999999992516,0.9999999999991718,0.9999999999993279,0.05294670784063005,4.2069392414134653e-13,3.7779501749213296e-13,4.655192897828897e-13
TUR.40.25_1,2072,6,albopictus,24.58104918984806,69.37969999221411,0.632270166502515,0.1966329210956063,0.19597787975835781,0.19723636279836404,0.025784917592880215,0.02444852371519261,0.02704642998637005,0.9742150824071197,0.9729535700136299,0.9755514762848074,0.0612696579199119,0.016170777957135507,0.015339209413726712,0.01695526457400397
TUR.40.25_1,2072,7,albopictus,27.450718935798196,62.258213594263374,0.742496521315467,0.20222577918097365,0.2014818588465393,0.20292984180812487,0.038963754008177205,0.03702362435120377,0.040834235175975064,0.9610362459918228,0.9591657648240249,0.9629763756487962,0.06933370401295658,0.02851569575403587,0.02711550331661761,0.02986425847268469
TUR.40.25_1,2072,8,albopictus,28.423226693097284,69.33108740889696,0.8816678159082548,0.23513900092486645,0.23425864325156148,0.23600435209756185,0.15060976987340713,0.14752781994339298,0.1536289589757326,0.8493902301265929,0.8463710410242674,0.852472180056607,0.08178406422073203,0.12434830270910568,0.12196649961669727,0.1266769176103251
TUR.40.25_1,2072,9,albopictus,24.789743255166446,66.96235574773645,0.7027318247678795,0.19231507193745226,0.19172484492128283,0.19293582467447912,0.017847040733259063,0.016908793247448498,0.01886231163081566,0.982152959266741,0.9811376883691844,0.9830912067525515,0.06786085895863014,0.012463302367082981,0.011812030828178647,0.013167684084605223
TUR.40.25_1,2072,10,albopictus,19.54189272487865,74.84578844316071,0.6925128852528445,0.07945055509268378,0.07917050440416719,0.07973766854533748,1.4244434520804815e-12,1.2870676746601362e-12,1.5757090077173073e-12,0.9999999999985756,0.9999999999984243,0.9999999999987129,0.06482104846657877,9.864442596096979e-13,8.912787174963909e-13,1.0911826997528351e-12
TUR.40.25_1,2072,11,albopictus,14.39474830907934,74.3215875600121,0.40169182223945343,0.005367871235213436,0.005317075108163836,0.00541796393464841,0,0,0,1,1,1,0.03937309559235336,0,0,0
TUR.40.25_1,2072,12,albopictus,9.553456082063564,77.27213969642233,0.33039783079676754,0,0,0,0,0,0,1,1,1,0.03146822056308063,0,0,0
TUR.40.25_1,2073,1,albopictus,8.44167411327362,83.60096605270006,0.35922046018939285,0,0,0,0,0,0,1,1,1,0.034165969242577754,0,0,0
TUR.40.25_1,2073,2,albopictus,10.205664792481592,81.97547959748334,0.26870777516480104,0,0,0,0,0,0,1,1,1,0.02837963205170635,0,0,0
TUR.40.25_1,2073,3,albopictus,9.921659315333645,74.08638873586006,0.32986120003391967,0,0,0,0,0,0,1,1,1,0.031417921455640374,0,0,0
TUR.40.25_1,2073,4,albopictus,15.882639211766861,62.67169200293205,0.4361807669446829,0.013979409365985053,0.01389187499987155,0.014075179078164652,0,0,0,1,1,1,0.04268048970614624,0,0,0
TUR.40.25_1,2073,5,albopictus,20.30170519211713,63.78152227933843,0.609665378700568,0.083858779401790845,0.08355211670521343,0.08418608793562417,6.570854083065569e-12,5.915595790995098e-12,7.325351436548998e-12,0.9999999999934291,0.9999999999926746,0.9999999999940844,0.05729311334214848,4.006023179847773e-12,3.606490106555782e-12,4.4660442011235094e-12
TUR.40.25_1,2073,6,albopictus,24.3040506699506,63.86922483352271,0.6857338402271285,0.17286215532055654,0.1722906594780103,0.17341123805794442,0.0020034050174822095,0.001854797605140268,0.002153251500641981,0.9979965949825178,0.9978467484993581,0.9981452023948597,0.06627506290268481,0.0013728579588160525,0.0012710889658309825,0.0014754678458225978
TUR.40.25_1,2073,7,albopictus,28.267573412726907,61.83153970510322,0.805280745307653,0.1991804163310296,0.19839421175526278,0.20002196203121805,0.03139604145654574,0.02958404852083396,0.033386432523384406,0.9686039585434543,0.9666135674766155,0.970415951479166,0.07497118879598386,0.024965385333102594,0.023541926081126447,0.026527254791088237
TUR.40.25_1,2073,8,albopictus,28.171933510724237,67.5066321476665,0.9562201243050865,0.22654630394909825,0.22573399029472274,0.22735184656227853,0.1200320366015011,0.11710280160154192,0.12293419878191755,0.8799679633984989,0.8770658012180824,0.882897198398458,0.08838491268890647,0.10843421015778022,0.10593433480347086,0.1109058600257513
TUR.40.25_1,2073,9,albopictus,25.82735617020551,67.74186243108606,0.7621536146700016,0.2126668884631972,0.2119865171954422,0.2133376567217624,0.07077971633760674,0.06849163371905845,0.0730507031329629,0.9292202836623933,0.9269492968670371,0.9315083662809416,0.07338337244691673,0.05251542690336439,0.05086206785539436,0.05415432495911689
TUR.40.25_1,2073,10,albopictus,21.61764498317943,70.95848985917634,0.7510705792716109,0.12693212681918267,0.12651528747989665,0.12729739875281337,6.86756781084763e-7,6.27255960372608e-7,7.420223603171739e-7,0.9999993132432189,0.9999992579776397,0.9999993727440397,0.07010560180203462,5.158026801053151e-7,4.7111338655758674e-7,5.573110086698474e-7
TUR.40.25_1,2073,11,albopictus,14.324996569577387,78.13249301655507,0.43565818924495747,0.005313511215449623,0.005266524486383995,0.005363853522479469,0,0,0,1,1,1,0.04263046101620449,0,0,0
TUR.40.25_1,2073,12,albopictus,12.362727894502529,77.50612559730124,0.3583357009682335,2.8020633685011314e-4,2.7469032871300204e-4,2.8628781396830105e-4,0,0,0,1,1,1,0.03408326919588922,0,0,0
TUR.40.25_1,2074,1,albopictus,9.981964945793152,79.96156175582506,0.3302067519092887,0,0,0,0,0,0,1,1,1,0.03145031078701732,0,0,0
TUR.40.25_1,2074,2,albopictus,7.916386762086083,76.03643845978803,0.2470046433411936,0,0,0,0,0,0,1,1,1,0.026117659763506107,0,0,0
TUR.40.25_1,2074,3,albopictus,12.06541999648599,72.02597918996162,0.30321879601922813,1.0709757808336527e-4,1.0412746472149473e-4,1.0998743404551367e-4,0,0,0,1,1,1,0.028917406881064145,0,0,0
TUR.40.25_1,2074,4,albopictus,13.200835508458756,74.57266627661369,0.4009510878700198,0.0013287651335500731,0.0013096849032649988,0.0013462901601545851,0,0,0,1,1,1,0.03930193602043908,0,0,0
TUR.40.25_1,2074,5,albopictus,18.4098461375517,73.12103415067632,0.5604236026704069,0.05322778297823997,0.05300221143406874,0.05343993587734383,0,0,0,1,1,1,0.052790080245939563,0,0,0
TUR.40.25_1,2074,6,albopictus,24.492401347440833,68.22631864455786,0.6303481264299362,0.19078114400925084,0.19020103922926965,0.19140973232126668,0.015494978833744563,0.014663152775538674,0.01642519026950131,0.9845050211662555,0.9835748097304986,0.9853368472244614,0.06108921284585189,0.009719649610835207,0.009200306664953167,0.010300174022045127
TUR.40.25_1,2074,7,albopictus,27.037386950324564,72.4870916155036,0.7402394037993696,0.24842940311623535,0.24764572387707334,0.24915301098435297,0.19523254063167075,0.1927115675544599,0.19755118807055336,0.8047674593683293,0.8024488119294467,0.80728843244554,0.06913039569340707,0.13456099814248582,0.13294485155173683,0.1360455000635842
TUR.40.25_1,2074,8,albopictus,27.18848166746252,71.6137641056743,0.8789876311349442,0.2451571022907749,0.24435269026306242,0.2459076747742491,0.18460582962842473,0.18195800662260256,0.18706658492720935,0.8153941703715752,0.8129334150727907,0.8180419933773975,0.08154587316712825,0.1497846439603384,0.14780408994495556,0.15162219220103912
TUR.40.25_1,2074,9,albopictus,24.366775344399844,70.58275522283411,0.7005955880781877,0.19614110534192075,0.19549379139008005,0.19674773804677279,0.024780806750018793,0.023493957641173673,0.02601783770813988,0.9752191932499812,0.9739821622918602,0.9765060423588263,0.06766171070469806,0.017211395697701536,0.01632504134505158,0.018062857459680864
TUR.40.25_1,2074,10,albopictus,20.231185632593494,77.55041643388337,0.6904077131496027,0.10053000185597848,0.10019900571175315,0.10084820729738522,1.0809819839252554e-9,9.846320536688324e-10,1.1797173821159746e-9,0.999999998919018,0.9999999988202827,0.999999999015368,0.06463050848013718,7.463183002709428e-10,6.797975904415666e-10,8.144860064174253e-10
TUR.40.25_1,2074,11,albopictus,14.034561732236078,74.78330325825429,0.40047071800256967,0.00378859314973103,0.0037530194617212513,0.0038272268488138126,0,0,0,1,1,1,0.039255785871825544,0,0,0
TUR.40.25_1,2074,12,albopictus,9.772362484651454,76.24098887855124,0.3293934533892468,0,0,0,0,0,0,1,1,1,0.03137407681647819,0,0,0
TUR.40.25_1,2075,1,albopictus,11.84846580028534,84.85208757369615,0.3675284097941972,6.834331255563454e-5,6.63922394056812e-5,7.039141280046618e-5,0,0,0,1,1,1,0.034942183015121864,0,0,0
TUR.40.25_1,2075,2,albopictus,10.296590962830713,79.23568009797162,0.274922372889305,0,0,0,0,0,0,1,1,1,0.02902636989780749,0,0,0
TUR.40.25_1,2075,3,albopictus,10.624717558131497,72.78378406056709,0.3374901369408464,8.266250450733855e-13,3.3968136040483663e-13,2.0449365779333125e-12,0,0,0,1,1,1,0.03213274641244401,0,0,0
TUR.40.25_1,2075,4,albopictus,12.65506581699147,76.89091884009025,0.4462686328431085,5.339004196003775e-4,5.242684714653532e-4,5.434394384138012e-4,0,0,0,1,1,1,0.04364573384579651,0,0,0
TUR.40.25_1,2075,5,albopictus,20.468882392434512,70.83304739530523,0.6237655478261457,0.09710705289448113,0.09675777343901555,0.09743751762242833,4.0952885282941055e-10,3.6969844408041295e-10,4.4993394565651103e-10,0.9999999995904711,0.999999999550066,0.9999999996303016,0.05857859028622914,2.55449989272627e-10,2.3060518494766314e-10,2.806532561905328e-10
TUR.40.25_1,2075,6,albopictus,26.035658107084387,61.84583692458716,0.7015932993011251,0.1919044475148352,0.1912737042638098,0.19256069210214682,0.017195021185990533,0.01621955032888345,0.018240925658612295,0.9828049788140095,0.9817590743413876,0.9837804496711166,0.06775472650195613,0.011991363525056413,0.011315025899201614,0.012716168730523083
TUR.40.25_1,2075,7,albopictus,30.51666742212632,59.236282899683296,0.8239050515239748,0.15988920816654137,0.1589543139200124,0.16080986277925538,3.0528317716994424e-4,2.6284925383247e-4,3.5153670564369295e-4,0.9996947168228301,0.9996484632943563,0.9997371507461675,0.07663691495877634,2.514925557473469e-4,2.1653937998514504e-4,2.8959092802602896e-4
TUR.40.25_1,2075,8,albopictus,28.6052926568424,68.59096366011767,0.9783353139566948,0.23039517872341372,0.229549745244249,0.23121159033075336,0.13384514903780373,0.1308246442514792,0.13675569921572586,0.8661548509621962,0.863244300784274,0.8691753557485208,0.09033384646356457,0.12273338351782566,0.1201381473031286,0.12522881521460041
TUR.40.25_1,2075,9,albopictus,24.81895429947797,72.73706735662317,0.7797804887585751,0.2141949630488331,0.21356981570497524,0.21478450860091688,0.07598593003471389,0.073842126585492,0.0780175484318257,0.9240140699652861,0.9219824515681743,0.9261578734145081,0.07501526922465673,0.05753074988052654,0.05595424955725833,0.05902298143409421
TUR.40.25_1,2075,10,albopictus,17.29374285305248,81.71575304277009,0.7684411280397682,0.03785065254696642,0.03768667316611517,0.0380111237031876,0,0,0,1,1,1,0.07166746054598672,0,0,0
TUR.40.25_1,2075,11,albopictus,13.962346651974848,80.37117862446523,0.44573396911356283,0.0038119527586710773,0.0037715718204118123,0.0038536614876513503,0,0,0,1,1,1,0.04359459968495871,0,0,0
TUR.40.25_1,2075,12,albopictus,13.901382221895107,73.8618537467153,0.36662318811102246,0.0032367612863204473,0.003203423211420256,0.003270807384360817,0,0,0,1,1,1,0.03485763822220733,0,0,0
TUR.59.4_1,2025,1,albopictus,5.2761454906533745,75.124508335343,0.08047900365531951,0,0,0,0,0,0,1,1,1,0.007758040523761722,0,0,0
TUR.59.4_1,2025,2,albopictus,4.355545538313249,65.41531101963587,0.060200730237635135,0,0,0,0,0,0,1,1,1,0.006429321137386257,0,0,0
TUR.59.4_1,2025,3,albopictus,11.784421345766852,64.30715121479798,0.07390141616455115,3.0610015713928e-5,2.953053090947762e-5,3.1758940651853606e-5,0,0,0,1,1,1,0.00712623704459836,0,0,0
TUR.59.4_1,2025,4,albopictus,12.52401431869058,54.947321071006385,0.09772103047474949,2.5694289358202654e-4,2.5161697397915386e-4,2.623907734310395e-4,0,0,0,1,1,1,0.009724511198799912,0,0,0
TUR.59.4_1,2025,5,albopictus,16.270817896899054,61.83173755993958,0.13658816152926237,0.017352732312344788,0.017238311867813966,0.01746234252328375,0,0,0,1,1,1,0.01313123230123625,0,0,0
TUR.59.4_1,2025,6,albopictus,23.274103248820584,40.992733517757024,0.15363038120133485,0.10183539433163596,0.10138812813875528,0.10228392305354325,1.5524394102461869e-9,1.369794422334536e-9,1.7517823552859468e-9,0.9999999984475606,0.9999999982482176,0.9999999986302056,0.015245628674227074,2.3850185737472883e-10,2.1044205267273242e-10,2.691270095667164e-10
TUR.59.4_1,2025,7,albopictus,25.804128198062674,43.8240285810431,0.18041342080293538,0.13209884094308239,0.13150749459153682,0.13272366556702186,2.031969770217801e-6,1.7960123010196671e-6,2.303918355106571e-6,0.9999979680302298,0.9999976960816449,0.999998203987699,0.01730783178291273,3.6659454973542173e-7,3.2402467050884897e-7,4.1565770530216375e-7
TUR.59.4_1,2025,8,albopictus,26.548595316269818,44.012536669262225,0.21422956487129263,0.1353416877485146,0.13471009035237583,0.13603891312328506,3.9100081089434855e-6,3.439956735384886e-6,4.479727089259921e-6,0.999996089991891,0.9999955202729107,0.9999965600432646,0.020518465141618147,8.376389834159337e-7,7.369401630819006e-7,9.596895245184145e-7
TUR.59.4_1,2025,9,albopictus,23.13782512440401,46.20955193240204,0.17075130828740365,0.10973587330646674,0.10924118365320569,0.11019937791102961,1.2458976490492547e-8,1.0969693137186098e-8,1.3982171567783475e-8,0.9999999875410235,0.9999999860178285,0.9999999890303068,0.0169301769902106,2.127386533823383e-9,1.873089403026107e-9,2.3874741267304597e-9
TUR.59.4_1,2025,10,albopictus,15.787257755503935,40.21283500275607,0.16826828812238062,0.009549089312551547,0.009466577652766825,0.009627875460884807,0,0,0,1,1,1,0.01615215985192464,0,0,0
TUR.59.4_1,2025,11,albopictus,8.784019876928891,71.84285884578493,0.09760395325541679,0,0,0,0,0,0,1,1,1,0.009712917260870535,0,0,0
TUR.59.4_1,2025,12,albopictus,5.457223162931554,72.31593716777105,0.08028078404233803,0,0,0,0,0,0,1,1,1,0.007739006616958588,0,0,0
TUR.59.4_1,2026,1,albopictus,6.168673547751763,73.94707150672971,0.0778147641437409,0,0,0,0,0,0,1,1,1,0.007502178163296458,0,0,0
TUR.59.4_1,2026,2,albopictus,6.134770887739519,70.0213748624093,0.05820779845617426,0,0,0,0,0,0,1,1,1,0.006217142922686714,0,0,0
TUR.59.4_1,2026,3,albopictus,8.539179226931402,70.92635287495423,0.07145492622351673,0,0,0,0,0,0,1,1,1,0.006891139311253847,0,0,0
TUR.59.4_1,2026,4,albopictus,11.095159376368803,71.26952184615287,0.09448599750120454,2.74554153652601e-7,2.5213675681596067e-7,2.993892725553377e-7,0,0,0,1,1,1,0.009404101988959801,0,0,0
TUR.59.4_1,2026,5,albopictus,14.401186129626105,68.53938679089661,0.13206644082905727,0.0049679305303804155,0.004916184689636022,0.005017923829846234,0,0,0,1,1,1,0.01269929797150049,0,0,0
TUR.59.4_1,2026,6,albopictus,21.37080773185281,49.228390256038274,0.14854448161032488,0.08583580225201135,0.08547048807480179,0.0862022331021568,1.2700166140966473e-11,1.1237993868817853e-11,1.4297907302562861e-11,0.9999999999872998,0.999999999985702,0.9999999999887621,0.0147446651070684,1.886536593609378e-12,1.6693285642688239e-12,2.1238621972230475e-12
TUR.59.4_1,2026,7,albopictus,24.4906764310949,49.702061265369274,0.17444087464442604,0.13598024644862122,0.13542980913060151,0.13656951368614093,4.435430647724226e-6,3.970539697822906e-6,4.973498126076281e-6,0.9999955645693522,0.9999950265018739,0.9999960294603021,0.01673968299404749,7.737201012458783e-7,6.926241778310027e-7,8.675809867964013e-7
TUR.59.4_1,2026,8,albopictus,25.23431194529814,48.397538805492694,0.20713754278659002,0.1405028911534102,0.1399254156592957,0.1410821885845346,1.0644894785075354e-5,9.523621601403854e-6,1.1859122377402831e-5,0.9999893551052149,0.9999881408776227,0.9999904763783986,0.019845992012474833,2.2049549103076993e-6,1.9726976311668085e-6,2.456466451758454e-6
TUR.59.4_1,2026,9,albopictus,17.51841365589815,77.26077950198211,0.1650986242141588,0.03942502837887937,0.039249551491881994,0.03961415577501309,0,0,0,1,1,1,0.016374321588121132,0,0,0
TUR.59.4_1,2026,10,albopictus,14.990127170787138,69.51482551178927,0.16269780387929314,0.008304648298916664,0.00823472004049383,0.008369645983146004,0,0,0,1,1,1,0.015621645041868804,0,0,0
TUR.59.4_1,2026,11,albopictus,10.995920111151303,73.21497493465212,0.09437279609717131,7.751364063456891e-8,6.947908278582033e-8,8.681592740348331e-8,0,0,0,1,1,1,0.009392888240840835,0,0,0
TUR.59.4_1,2026,12,albopictus,5.701531634611242,71.48968136943121,0.07762310654694862,0,0,0,0,0,0,1,1,1,0.007483769629933468,0,0,0
TUR.59.4_1,2027,1,albopictus,4.946930679328301,80.14500851844846,0.07959495732428559,0,0,0,0,0,0,1,1,1,0.0076731477442959495,0,0,0
TUR.59.4_1,2027,2,albopictus,6.360260027296404,70.24054447910852,0.0595394368284861,0,0,0,0,0,0,1,1,1,0.006358921313959431,0,0,0
TUR.59.4_1,2027,3,albopictus,8.746053120669195,65.01837100239564,0.07308962336330958,0,0,0,0,0,0,1,1,1,0.007048233228369671,0,0,0
TUR.59.4_1,2027,4,albopictus,10.680791700587553,70.25063909468803,0.09664758380503112,1.4662272934119444e-11,8.864557073813468e-12,2.572938376896575e-11,0,0,0,1,1,1,0.009618204700628463,0,0,0
TUR.59.4_1,2027,5,albopictus,16.95223917680628,56.24349979748841,0.1350877669222445,0.022909878419215688,0.022777166611305716,0.023042829663805192,0,0,0,1,1,1,0.012987929067689086,0,0,0
TUR.59.4_1,2027,6,albopictus,23.327230537638943,44.3277745638996,0.15194278109860412,0.10878288055278247,0.10830367095781762,0.10924619244012909,9.777234755037335e-9,8.63185681820866e-9,1.0983682369181125e-8,0.9999999902227652,0.9999999890163176,0.9999999913681431,0.015079427492743602,1.4855802389357465e-9,1.3115483754599922e-9,1.6688912501949814e-9
TUR.59.4_1,2027,7,albopictus,27.37584259930779,31.838257401843883,0.17843161417653622,0.10217015164049442,0.10148517605004964,0.10282606456809816,1.7051453921057557e-9,1.4069459014498521e-9,2.0306877651643517e-9,0.9999999982948546,0.9999999979693122,0.9999999985930541,0.017119345400671393,3.0425184383009453e-10,2.5104366085937356e-10,3.6233889222359035e-10
TUR.59.4_1,2027,8,albopictus,25.861581690171185,45.1216370110591,0.2118762944253191,0.1359552036641549,0.1353224149303479,0.1365596795264975,4.414968303348754e-6,3.88669010816245e-6,4.963891925699459e-6,0.9999955850316966,0.9999950361080743,0.9999961133098919,0.020295376680443566,9.354266847872994e-7,8.234971585863172e-7,1.0517304740415013e-6
TUR.59.4_1,2027,9,albopictus,21.81878864063936,47.642909171171574,0.16887563810319978,0.09124124642467821,0.09086777189628693,0.0916132271273008,7.109987865128175e-11,6.323242762729108e-11,7.959098935472753e-11,0.9999999999289001,0.999999999920409,0.9999999999367676,0.01674576822064866,1.2007036032102292e-11,1.0678402606600912e-11,1.344100941658155e-11
TUR.59.4_1,2027,10,albopictus,17.4004903681138,54.76071326813693,0.16641989343572355,0.027587931185899913,0.027427714204985236,0.027741653069334713,0,0,0,1,1,1,0.015976156454127977,0,0,0
TUR.59.4_1,2027,11,albopictus,8.348328520269956,70.66110377986696,0.096531792656369,0,0,0,0,0,0,1,1,1,0.009606736889665846,0,0,0
TUR.59.4_1,2027,12,albopictus,5.1719543793622185,68.13390744364996,0.07939891511551685,0,0,0,0,0,0,1,1,1,0.007654321312684509,0,0,0
TUR.59.4_1,2028,1,albopictus,5.94674781227813,64.31090207313596,0.0770972362833443,0,0,0,0,0,0,1,1,1,0.007433258528056763,0,0,0
TUR.59.4_1,2028,2,albopictus,6.4534979041884935,66.57150761387415,0.05973074682742657,0,0,0,0,0,0,1,1,1,0.006159991749672411,0,0,0
TUR.59.4_1,2028,3,albopictus,7.238798043307136,72.06717623921205,0.0707960422586017,0,0,0,0,0,0,1,1,1,0.006827813727485421,0,0,0
TUR.59.4_1,2028,4,albopictus,12.120408857569975,59.873136653281776,0.09361474464359458,9.536731088657138e-5,9.275447462435978e-5,9.83411402787527e-5,0,0,0,1,1,1,0.009317792278447423,0,0,0
TUR.59.4_1,2028,5,albopictus,16.470927378710577,61.669338267947396,0.1308486597079422,0.019326194583262218,0.019204752173163992,0.01944545749081028,0,0,0,1,1,1,0.012582937938765526,0,0,0
TUR.59.4_1,2028,6,albopictus,23.002702797160428,51.243229428401555,0.14717475691557808,0.11753288091365204,0.11702090821576024,0.11799818055725354,8.330723793492645e-8,7.374105088220339e-8,9.274867322217605e-8,0.9999999166927621,0.9999999072513268,0.9999999262589492,0.014609703007949948,1.2260722418111492e-8,1.0852821200058039e-8,1.3650263366860039e-8
TUR.59.4_1,2028,7,albopictus,24.96006348553826,47.740669816394664,0.17283236000165056,0.13612113441005258,0.13554322432587762,0.13674899121745024,4.561042240948776e-6,4.060962513199873e-6,5.1519570209435095e-6,0.999995438957759,0.9999948480429791,0.9999959390374867,0.016586614117808596,7.882953827159645e-7,7.01865488764164e-7,8.904244941682071e-7
TUR.59.4_1,2028,8,albopictus,26.963035471299115,35.167565966137225,0.2052275330407669,0.11142079362136176,0.11074158715039908,0.11201518847603101,1.904683225784076e-8,1.6023630095007847e-8,2.2005860481066897e-8,0.9999999809531678,0.9999999779941395,0.9999999839763699,0.019664803941072506,3.908934387619744e-9,3.288490085795459e-9,4.516208446103676e-9
TUR.59.4_1,2028,9,albopictus,20.318124883315143,48.84643852908173,0.16357625421290836,0.0672746327375465,0.06698744168539991,0.067588446330349,1.2607470623038353e-14,1.1102230246251565e-14,1.432187701766452e-14,0.9999999999999873,0.9999999999999857,0.9999999999999889,0.016224565966709625,2.060240866796903e-15,1.7763568394002505e-15,2.3314683517128287e-15
TUR.59.4_1,2028,10,albopictus,15.808963382945342,53.29825751862521,0.16119757177818322,0.011707957678431882,0.011615555024738052,0.011794059306002972,0,0,0,1,1,1,0.015478718924159751,0,0,0
TUR.59.4_1,2028,11,albopictus,10.603726316900815,65.3008590288904,0.09350258706668238,9.2910143808768e-14,2.9360393448548784e-14,2.889853090778405e-13,0,0,0,1,1,1,0.009306680964545788,0,0,0
TUR.59.4_1,2028,12,albopictus,4.3322961190167595,67.94166196025152,0.07690734595612955,0,0,0,0,0,0,1,1,1,0.007415018474335455,0,0,0
TUR.59.4_1,2029,1,albopictus,7.90774110222564,74.06277127479612,0.08756399630707654,0,0,0,0,0,0,1,1,1,0.008438132539201448,0,0,0
TUR.59.4_1,2029,2,albopictus,4.2723596271346604,71.84460179112024,0.06550051915140931,0,0,0,0,0,0,1,1,1,0.0069933447221507405,0,0,0
TUR.59.4_1,2029,3,albopictus,10.443493268069098,68.19451846333314,0.08040734897558285,2.9871244545443262e-28,3.863451300933711e-36,2.0672316203309578e-29,0,0,0,1,1,1,0.007751159972825716,0,0,0
TUR.59.4_1,2029,4,albopictus,11.119223440394682,64.57254613814506,0.10632393000617234,2.726130846063466e-7,2.501279373107987e-7,2.9754911769619733e-7,0,0,0,1,1,1,0.010576068906868463,0,0,0
TUR.59.4_1,2029,5,albopictus,15.789462229784796,62.24435810437318,0.14861274032370753,0.013115541791063553,0.013026276599118371,0.013205824811220655,0,0,0,1,1,1,0.014278952897071706,0,0,0
TUR.59.4_1,2029,6,albopictus,22.638504112468045,47.55231908904609,0.16715527679472286,0.10457931683727414,0.1041500891865027,0.10501337606523531,3.261323250125514e-9,2.902829959738895e-9,3.6547410042775396e-9,0.9999999967386768,0.999999996345259,0.99999999709717,0.016576598415731558,5.451473912287952e-10,4.852233115304472e-10,6.109091926775889e-10
TUR.59.4_1,2029,7,albopictus,28.055797128116385,42.60697230662904,0.19629616912996015,0.12845281274711998,0.12775038757716,0.12914593755619724,9.515837415877693e-7,8.174118330761537e-7,1.0985187998580059e-6,0.9999990484162584,0.9999989014812001,0.9999991825881669,0.01881710890413557,1.8679222553541486e-7,1.6045479857840216e-7,2.1563500892385345e-7
TUR.59.4_1,2029,8,albopictus,27.251312143662396,42.88482823420363,0.23308932734304003,0.13214741403565516,0.13145309486403137,0.1328174598993122,2.0532288766214048e-6,1.776000597722427e-6,2.3483266279239467e-6,0.9999979467711234,0.9999976516733721,0.9999982239994022,0.02230452401064542,4.78585622622818e-7,4.139666989533275e-7,5.473697242880382e-7
TUR.59.4_1,2029,9,albopictus,23.41736614002901,48.78265679080048,0.185783449709972,0.11905012556679835,0.11856126171823955,0.11953687349009741,1.1863500830788799e-7,1.0574816365627182e-7,1.3251102245204204e-7,0.9999998813649917,0.9999998674889776,0.9999998942518363,0.018406831309096594,2.2040420857849517e-8,1.9646258442307382e-8,2.4618354566019463e-8
TUR.59.4_1,2029,10,albopictus,16.29921969245462,55.47327582917209,0.18308183613767098,0.016148558026412404,0.0160342617970529,0.016258524078868394,0,0,0,1,1,1,0.017561563296386362,0,0,0
TUR.59.4_1,2029,11,albopictus,11.496680189581479,70.63723903377321,0.10619654585955444,8.417337114174383e-6,8.031598257056331e-6,8.821006238463787e-6,0,0,0,1,1,1,0.01056346513428208,0,0,0
TUR.59.4_1,2029,12,albopictus,6.898381934446447,63.54741299784918,0.0873483263724258,0,0,0,0,0,0,1,1,1,0.008417437153894758,0,0,0
TUR.59.4_1,2030,1,albopictus,6.786617311484673,79.88387723182737,0.08505609903331714,0,0,0,0,0,0,1,1,1,0.00819745153014484,0,0,0
TUR.59.4_1,2030,2,albopictus,4.947645204908708,71.43188969395227,0.06362453609515893,0,0,0,0,0,0,1,1,1,0.0067937321269333495,0,0,0
TUR.59.4_1,2030,3,albopictus,9.59321727472193,64.83129061909486,0.07810442334643601,0,0,0,0,0,0,1,1,1,0.007529999011533395,0,0,0
TUR.59.4_1,2030,4,albopictus,11.731344068751616,64.29289068160209,0.1032787344298677,2.409425564535945e-5,2.3171025356362198e-5,2.500145085738615e-5,0,0,0,1,1,1,0.010274724088696341,0,0,0
TUR.59.4_1,2030,5,albopictus,17.81333079057581,54.31266025891419,0.1443563621086623,0.03263523082076576,0.03246165621808532,0.032815794867373564,0,0,0,1,1,1,0.013872843302586313,0,0,0
TUR.59.4_1,2030,6,albopictus,22.59666451285867,49.24406103240546,0.16236782669368052,0.10691170362681092,0.10649303160902703,0.10734206289251985,6.0314682724937895e-9,5.398320088167985e-9,6.7345872656332516e-9,0.9999999939685317,0.9999999932654128,0.9999999946016799,0.016105676652675815,9.793163960880592e-10,8.765134784649575e-10,1.0934802452400304e-9
TUR.59.4_1,2030,7,albopictus,26.75071289960076,36.709629624744274,0.1906741024339172,0.11552432720744465,0.11487910649009879,0.11616325106811859,5.1830464426250164e-8,4.4271756391434104e-8,6.019058746420391e-8,0.9999999481695355,0.9999999398094126,0.9999999557282435,0.01828313052836128,9.882727234122868e-9,8.441477364340422e-9,1.1476786210273815e-8
TUR.59.4_1,2030,8,albopictus,24.647367365220013,46.46494069147902,0.2264134775275973,0.1296584724948107,0.12908383875662408,0.130208699595787,1.2253729489942745e-6,1.084252678587583e-6,1.3723427254835885e-6,0.999998774627051,0.9999986276572745,0.9999989157473215,0.02167267978634624,2.774409120274157e-7,2.45489389308351e-7,3.107168406180083e-7
TUR.59.4_1,2030,9,albopictus,21.226097219130573,51.52802956301728,0.18046247503216822,0.08640195115583751,0.08602806206814065,0.08675781011090258,1.529053084148302e-11,1.350398126653829e-11,1.7141862929115347e-11,0.9999999999847095,0.9999999999828582,0.999999999986496,0.017884389086880392,2.759366957150178e-12,2.436970070185396e-12,3.0934282913008815e-12
TUR.59.4_1,2030,10,albopictus,17.166716182933136,56.38236396393771,0.1778382376601147,0.025397753256322476,0.025255046899335158,0.02554254407465947,0,0,0,1,1,1,0.017062903299597365,0,0,0
TUR.59.4_1,2030,11,albopictus,10.448315550299252,70.39262538631228,0.10315499865892357,5.085547612395289e-27,2.0035336332317648e-33,2.2781262408320982e-27,0,0,0,1,1,1,0.010262477570926132,0,0,0
TUR.59.4_1,2030,12,albopictus,8.234334216398352,80.04088223613043,0.08484660604425995,0,0,0,0,0,0,1,1,1,0.00817734400240755,0,0,0
TUR.59.4_1,2031,1,albopictus,6.644005331046441,74.99016232704221,0.0829559346371342,0,0,0,0,0,0,1,1,1,0.007995855392820661,0,0,0
TUR.59.4_1,2031,2,albopictus,6.875572698957781,74.48720280430383,0.062053549570390526,0,0,0,0,0,0,1,1,1,0.006626541592665736,0,0,0
TUR.59.4_1,2031,3,albopictus,9.515294453677008,71.41460360737611,0.07617590639161621,0,0,0,0,0,0,1,1,1,0.007344756381829298,0,0,0
TUR.59.4_1,2031,4,albopictus,10.264001692042632,71.64817632613334,0.10072862546181499,0,0,0,0,0,0,1,1,1,0.010022301174566484,0,0,0
TUR.59.4_1,2031,5,albopictus,14.52275862413294,67.28647999158021,0.14079198406277577,0.005450830986564465,0.0054032722550863225,0.005501941416081914,0,0,0,1,1,1,0.013532630114476252,0,0,0
TUR.59.4_1,2031,6,albopictus,22.619014824137967,41.51057485686835,0.15835871820430464,0.09399219314183381,0.09354545660428538,0.09440384519264411,1.6405867409030604e-10,1.4319328223155734e-10,1.8511815413901898e-10,0.9999999998359413,0.9999999998148819,0.9999999998568067,0.01571114366324433,2.5980120055280052e-11,2.2675888944334588e-11,2.9315103122762307e-11
TUR.59.4_1,2031,7,albopictus,25.493926553165213,46.725601762195446,0.18596606896239634,0.13804595869441563,0.13744404232579957,0.13864643642636443,6.646737893799881e-6,5.9023656171525165e-6,7.452463749768601e-6,0.9999933532621063,0.9999925475362502,0.9999940976343829,0.017835742564508594,1.23606695084566e-6,1.0976391289885257e-6,1.3859044272174215e-6
TUR.59.4_1,2031,8,albopictus,25.512195474961224,53.80005040217238,0.22082298455033103,0.15894334647761807,0.1582821237832826,0.1596166845192312,2.6273107420965523e-4,2.3623029704351872e-4,2.917917348968596e-4,0.9997372689257903,0.9997082082651032,0.9997637697029564,0.021143246388617865,5.801537233330434e-5,5.216371866031411e-5,6.443224592063979e-5
TUR.59.4_1,2031,9,albopictus,21.46980106129366,49.42403328616181,0.17600658216596524,0.08784819228440123,0.08748577447366858,0.08819923858044981,2.4428325251513173e-11,2.1701671015783574e-11,2.7291396920148254e-11,0.9999999999755717,0.9999999999727086,0.9999999999782984,0.01744667137851663,4.299544831276592e-12,3.8196695806291815e-12,4.8034326516344085e-12
TUR.59.4_1,2031,10,albopictus,17.751419628367707,48.32021873078342,0.17344714120426388,0.029231243912266783,0.02906439041403388,0.029388609690174643,0,0,0,1,1,1,0.01664512051260325,0,0,0
TUR.59.4_1,2031,11,albopictus,11.863087583990659,68.55265956599978,0.10060794491517135,4.7624698092543573e-5,4.609434755178159e-5,4.917584382071707e-5,0,0,0,1,1,1,0.010010353997491062,0,0,0
TUR.59.4_1,2031,12,albopictus,6.57406686334049,73.07960904277105,0.08275161434846967,0,0,0,0,0,0,1,1,1,0.007976240369235166,0,0,0
TUR.59.4_1,2032,1,albopictus,8.442473443991997,76.32059140419065,0.08759327646719056,0,0,0,0,0,0,1,1,1,0.008440942189115175,0,0,0
TUR.59.4_1,2032,2,albopictus,7.189547556288103,72.83869663975305,0.06786250808288492,0,0,0,0,0,0,1,1,1,0.0069956749988278055,0,0,0
TUR.59.4_1,2032,3,albopictus,8.967713257845709,68.77223147602845,0.08043423605419554,0,0,0,0,0,0,1,1,1,0.0077537417764892425,0,0,0
TUR.59.4_1,2032,4,albopictus,11.634715879664702,71.33787359175834,0.10635948322240078,1.851574865644818e-5,1.7832848010431578e-5,1.9203446429754016e-5,0,0,0,1,1,1,0.01057958662091163,0,0,0
TUR.59.4_1,2032,5,albopictus,20.268670222338507,47.33625034680482,0.14866243431913004,0.0649276410484318,0.06463281768957134,0.06523474830339802,4.584443935584659e-15,3.9968028886505635e-15,5.218048215738236e-15,0.9999999999999954,0.9999999999999948,0.999999999999996,0.014283693313144274,6.845635169838716e-16,5.551115123125783e-16,7.771561172376096e-16
TUR.59.4_1,2032,6,albopictus,23.971622551188748,31.573288479915227,0.16721117115170595,0.09213001322689279,0.0916519052242139,0.09259037707841028,9.349646346024087e-11,8.054241995569811e-11,1.0728847532615048e-10,0.9999999999065036,0.9999999998927115,0.9999999999194575,0.016582095182237078,1.5633652039603873e-11,1.3467607584694008e-11,1.7939882912543226e-11
TUR.59.4_1,2032,7,albopictus,28.180003671085135,27.464813798328258,0.19636180778859033,0.08792123601843692,0.08725922545003577,0.08856406187645234,2.5099668898853623e-11,2.0170168313349277e-11,3.066155107589452e-11,0.9999999999749003,0.9999999999693384,0.9999999999798298,0.018823341483905853,4.928615404686809e-12,3.9606096180477834e-12,6.020753340330032e-12
TUR.59.4_1,2032,8,albopictus,26.04546917186064,46.88951268244582,0.23316726911264063,0.14197144362726039,0.14133165905505923,0.14265629600312535,1.4040842328400082e-5,1.2429715714881718e-5,1.5923571094741962e-5,0.9999859591576716,0.9999840764289052,0.9999875702842852,0.02231189849723947,3.273859481534247e-6,2.8981986692849794e-6,3.7128486940707362e-6
TUR.59.4_1,2032,9,albopictus,22.143917195937213,50.04008782107392,0.1858455730641296,0.10058321374188987,0.10018918190302728,0.1009905650796328,1.0975934638945971e-9,9.819329460647452e-10,1.2272131311164002e-9,0.9999999989024065,0.9999999987727869,0.999999999018067,0.018412929276161005,2.0398288647083263e-10,1.824879330980522e-10,2.2807213617692668e-10
TUR.59.4_1,2032,10,albopictus,14.452939594493193,61.314141918039276,0.1831430561105155,0.004683746120584546,0.004639971031185883,0.004728136076745834,0,0,0,1,1,1,0.017567383748926968,0,0,0
TUR.59.4_1,2032,11,albopictus,10.00388996741351,66.32995753963259,0.10623205648032853,0,0,0,0,0,0,1,1,1,0.01056697867860068,0,0,0
TUR.59.4_1,2032,12,albopictus,6.102257476133459,75.89577878154059,0.0873775344155684,0,0,0,0,0,0,1,1,1,0.008420239942153684,0,0,0
TUR.59.4_1,2033,1,albopictus,4.967984470374444,70.63647885536253,0.08457035538070731,0,0,0,0,0,0,1,1,1,0.008150828325376946,0,0,0
TUR.59.4_1,2033,2,albopictus,5.220468538648943,70.5874149014718,0.06326118514314359,0,0,0,0,0,0,1,1,1,0.006755065398247995,0,0,0
TUR.59.4_1,2033,3,albopictus,8.143733403261969,69.40142001362611,0.0776583797550597,0,0,0,0,0,0,1,1,1,0.0074871576143007434,0,0,0
TUR.59.4_1,2033,4,albopictus,12.633642996058745,66.48627294478568,0.10268892381935246,4.169553882810073e-4,4.0870473808598536e-4,4.2529674541042254e-4,0,0,0,1,1,1,0.010216347320228691,0,0,0
TUR.59.4_1,2033,5,albopictus,19.345612666186163,47.81204609265443,0.14353196283094957,0.05074153292734319,0.050471587724769014,0.05098478089365048,0,0,0,1,1,1,0.013794166372339323,0,0,0
TUR.59.4_1,2033,6,albopictus,24.39573677848367,40.6251378451496,0.16144056642544727,0.11361418032224371,0.11310265738571926,0.11416332175310004,3.265537261121221e-8,2.8761935144672177e-8,3.7242974643136867e-8,0.9999999673446274,0.9999999627570253,0.9999999712380648,0.016014439811308234,5.271901838410642e-9,4.643343062826766e-9,6.012526868048873e-9
TUR.59.4_1,2033,7,albopictus,28.373837975894705,34.314610093494274,0.18958518892827816,0.10309695566083384,0.10238140106620636,0.10381056789491981,2.195467735055523e-9,1.7990519296517959e-9,2.6499209770936005e-9,0.9999999978045323,0.9999999973500789,0.9999999982009481,0.018179673004002583,4.1622816604469645e-10,3.410736304498841e-10,5.023857302388635e-10
TUR.59.4_1,2033,8,albopictus,25.39615047679228,48.08410038996535,0.22512046137914607,0.14106004647796733,0.14045574148598505,0.1416278088364476,1.1828001979854897e-5,1.053407048465793e-5,1.3140972913400218e-5,0.9999881719980201,0.9999868590270866,0.9999894659295153,0.02155025344717143,2.6627217063613926e-6,2.37143199587897e-6,2.958297509436658e-6
TUR.59.4_1,2033,9,albopictus,21.736488454482135,58.213587882109074,0.17943187872246916,0.10652892594818794,0.10613765922691365,0.10692480830049894,5.4565377153315e-9,4.918211321536248e-9,6.042407874051747e-9,0.9999999945434623,0.9999999939575921,0.9999999950817887,0.017783167398604527,9.790768135120587e-10,8.824839498045022e-10,1.0842005626621187e-9
TUR.59.4_1,2033,10,albopictus,15.738681400523467,70.64260261139864,0.1768226280081733,0.01424806429748092,0.01414955290410807,0.014344230220131976,0,0,0,1,1,1,0.016966290771000758,0,0,0
TUR.59.4_1,2033,11,albopictus,11.466423918219174,72.91160731990603,0.10256589468633343,7.507365563163876e-6,7.157261100865893e-6,7.885844861553998e-6,0,0,0,1,1,1,0.01020417002285412,0,0,0
TUR.59.4_1,2033,12,albopictus,5.758235678953283,65.66911709941168,0.084362058777222207,0,0,0,0,0,0,1,1,1,0.008130834690287303,0,0,0
TUR.59.4_1,2034,1,albopictus,5.5301761951516655,73.73585171913206,0.0813452216615877,0,0,0,0,0,0,1,1,1,0.007841214249059925,0,0,0
TUR.59.4_1,2034,2,albopictus,4.1604659732650315,66.8021594693429,0.06084868752032806,0,0,0,0,0,0,1,1,1,0.006498296388508407,0,0,0
TUR.59.4_1,2034,3,albopictus,7.90739717203028,75.74161471577455,0.07469683775854379,0,0,0,0,0,0,1,1,1,0.007202661835160495,0,0,0
TUR.59.4_1,2034,4,albopictus,12.56173690627603,60.5557843583599,0.09877282923397428,3.1588066034484135e-4,3.0946010723743113e-4,3.2306452816253744e-4,0,0,0,1,1,1,0.009828662774420183,0,0,0
TUR.59.4_1,2034,5,albopictus,15.491000315722296,59.36725620617982,0.1380582980814797,0.010360211375468963,0.010287062971721144,0.010442162797693024,0,0,0,1,1,1,0.01327162539607607,0,0,0
TUR.59.4_1,2034,6,albopictus,21.9196701891282,49.03007177459296,0.15528394792634545,0.09506614444543401,0.09464662526590722,0.09546023042764284,2.2570395263876718e-10,1.9897455627582162e-10,2.5306579609640776e-10,0.9999999997742961,0.9999999997469342,0.9999999998010254,0.015408450918057204,3.50481992317242e-11,3.0897517877548357e-11,3.9297007314864627e-11
TUR.59.4_1,2034,7,albopictus,27.403094796573416,33.92221888866029,0.18235526086772122,0.10723147263650662,0.10659011813589446,0.10786625990918516,6.568310234378316e-9,5.537124939114513e-9,7.712618235733437e-9,0.9999999934316898,0.9999999922873817,0.9999999944628751,0.017492481951051464,1.1977659246653616e-9,1.0097238434259026e-9,1.4064365339017115e-9
TUR.59.4_1,2034,8,albopictus,26.410373575547162,49.565339708813006,0.2165353775446364,0.1517779654100624,0.15108785547313613,0.152426718953278,8.094999961980043e-5,7.182412302927654e-5,9.023202711961054e-5,0.9999190500003802,0.9999097679728804,0.9999281758769707,0.020737005364579897,1.752838457597028e-5,1.5552342657979e-5,1.9538235185179164e-5
TUR.59.4_1,2034,9,albopictus,23.426183812758502,47.19190514285126,0.17258915233509925,0.11587739504914572,0.11538230468083262,0.11634050767385465,5.632741395222851e-8,4.9957238748565835e-8,6.277881365868155e-8,0.999999943672586,0.9999999372211863,0.9999999500427612,0.01711083329106544,9.721500580428533e-9,8.622077474207401e-9,1.0834942210102837e-8
TUR.59.4_1,2034,10,albopictus,18.644030178294464,54.40290229401584,0.17007940673015798,0.044563357199681894,0.04434736704269747,0.04478434965134825,0,0,0,1,1,1,0.016324583302211093,0,0,0
TUR.59.4_1,2034,11,albopictus,10.84922974249896,62.692552144124775,0.09865449187981258,2.53567615613993e-9,2.046708678723708e-9,3.1290910064168084e-9,0,0,0,1,1,1,0.00981694527946797,0,0,0
TUR.59.4_1,2034,12,albopictus,7.217491851133459,72.2097970310523,0.08114486855551908,0,0,0,0,0,0,1,1,1,0.00782197708568455,0,0,0
TUR.59.4_1,2035,1,albopictus,5.043039831168511,67.32532162880003,0.07926776789466948,0,0,0,0,0,0,1,1,1,0.007641726712321439,0,0,0
TUR.59.4_1,2035,2,albopictus,5.225029962904314,74.16936222813196,0.05929468923353222,0,0,0,0,0,0,1,1,1,0.006332864765436597,0,0,0
TUR.59.4_1,2035,3,albopictus,8.117536923464606,71.94901217671205,0.07278917528238825,0,0,0,0,0,0,1,1,1,0.007019362119670913,0,0,0
TUR.59.4_1,2035,4,albopictus,12.976052129969878,65.80367864546928,0.0962502964782711,7.926412661133983e-4,7.806332084043407e-4,8.06134584696467e-4,0,0,0,1,1,1,0.009578857305429844,0,0,0
TUR.59.4_1,2035,5,albopictus,17.154949328478644,60.25275806775208,0.1345324642888462,0.02664551509381639,0.026494356089066695,0.02678890166115641,0,0,0,1,1,1,0.0129348866358161,0,0,0
TUR.59.4_1,2035,6,albopictus,22.938316429362576,35.50545171844062,0.15131819288908488,0.08842497794797162,0.08799694020784513,0.08884537410313066,2.940105370274892e-11,2.5579327544988925e-11,3.3530353493738114e-11,0.999999999970599,0.9999999999664697,0.9999999999744206,0.01501790859387453,4.448912571675123e-12,3.8706621241502145e-12,5.073780284803319e-12
TUR.59.4_1,2035,7,albopictus,27.050553826724784,31.9539228376349,0.17769813884052912,0.10336721580571903,0.1027193229554693,0.10400910793356576,2.3599812979391287e-9,1.972600383037815e-9,2.795117301501726e-9,0.9999999976400187,0.9999999972048826,0.9999999980273997,0.017049576596968263,4.1936428440969563e-10,3.505274709381112e-10,4.96687135864704e-10
TUR.59.4_1,2035,8,albopictus,26.639896280625287,43.29282536555129,0.2110053386983155,0.13341393984526279,0.1327484593062128,0.13406098099077662,2.6564265357421625e-6,2.3155786859047066e-6,3.0200538662983333e-6,0.9999973435734643,0.9999969799461338,0.9999976844213141,0.020212797779163294,5.605200230712759e-7,4.885993455105986e-7,6.372472858701128e-7
TUR.59.4_1,2035,9,albopictus,22.905239217421588,51.87742150027314,0.1681814443305726,0.11715681210595925,0.11671636381320084,0.11760405245875638,7.625255623333605e-8,6.862471815805016e-8,8.457701830277831e-8,0.9999999237474437,0.9999999154229817,0.9999999313752819,0.01667750895495712,1.2824264960298315e-8,1.1541404149051359e-8,1.4224284983210821e-8
TUR.59.4_1,2035,10,albopictus,17.605573261485382,53.13611762604709,0.16573579444452535,0.029454376514937684,0.029299207739257822,0.029626715129489816,0,0,0,1,1,1,0.015911008841017038,0,0,0
TUR.59.4_1,2035,11,albopictus,10.325682569952573,65.96222835262087,0.09613498131001226,0,0,0,0,0,0,1,1,1,0.009567436181506905,0,0,0
TUR.59.4_1,2035,12,albopictus,5.4856798508588005,67.83568204081793,0.07907253155276246,0,0,0,0,0,0,1,1,1,0.007622977077214599,0,0,0
TUR.59.4_1,2036,1,albopictus,5.775790246970513,81.2271465799719,0.08147125853167216,0,0,0,0,0,0,1,1,1,0.007853315651515036,0,0,0
TUR.59.4_1,2036,2,albopictus,7.548009413130144,66.38155094883508,0.0631195014459737,0,0,0,0,0,0,1,1,1,0.006508332059705579,0,0,0
TUR.59.4_1,2036,3,albopictus,7.89152803140528,59.65985812397767,0.07481257357490752,0,0,0,0,0,0,1,1,1,0.007213781341639747,0,0,0
TUR.59.4_1,2036,4,albopictus,11.856971586451811,64.32738317427787,0.09892586856427232,4.152874835667693e-5,4.0136606088418965e-5,4.290131130838896e-5,0,0,0,1,1,1,0.009843816174299524,0,0,0
TUR.59.4_1,2036,5,albopictus,15.938477656420538,61.20390705456849,0.1382722065990785,0.014171980989019662,0.01407949206522331,0.014267650005385737,0,0,0,1,1,1,0.013292051275357597,0,0,0
TUR.59.4_1,2036,6,albopictus,23.069812858805935,53.8459744845539,0.1555245459894058,0.12408803525604065,0.12362772177004897,0.12458430454852647,3.7000095716122063e-7,3.337307619893925e-7,4.120963817549894e-7,0.9999996299990428,0.9999995879036183,0.999999666269238,0.015432139715043536,5.75442292169992e-8,5.190332391380448e-8,6.409110062666201e-8
TUR.59.4_1,2036,7,albopictus,25.867312936221854,43.57606181468568,0.18263780341728628,0.13172955833880198,0.1310871713564516,0.13230929285652884,1.8836209362527167e-6,1.6468238319022887e-6,2.117147322511226e-6,0.9999981163790638,0.9999978828526775,0.999998353176168,0.017519346117241485,3.440203308535672e-7,3.0077224206503936e-7,3.866710617722591e-7
TUR.59.4_1,2036,8,albopictus,26.028842813828412,44.840207720287616,0.21687087901221883,0.1360256390651794,0.13538960684783252,0.13667973064399908,4.477053243939877e-6,3.938951335921703e-6,5.082378044737878e-6,0.9999955229467561,0.9999949176219552,0.9999960610486641,0.02076879944570953,9.709419990252544e-7,8.542434737551785e-7,1.1022191865495136e-6
TUR.59.4_1,2036,9,albopictus,22.60315715565401,46.90324318606415,0.17285656320603326,0.10286525289426175,0.10242229134060987,0.10333161626825635,2.05609385117711e-9,1.8192438361319673e-9,2.32888505147244e-9,0.9999999979439061,0.9999999976711149,0.9999999981807561,0.017137116464453706,3.5540931575539505e-10,3.1446825143888193e-10,4.0256303290853165e-10
TUR.59.4_1,2036,10,albopictus,16.215239132151886,51.39325110993381,0.17034292898324457,0.014537211621084838,0.014435532431046108,0.014644588068248851,0,0,0,1,1,1,0.01634966882383726,0,0,0
TUR.59.4_1,2036,11,albopictus,10.410263945074643,65.69037776668337,0.09880734785736503,1.0656280500830507e-60,5.037632648204204e-83,3.419830928790637e-63,0,0,0,1,1,1,0.009832080703669255,0,0,0
TUR.59.4_1,2036,12,albopictus,7.609024272245519,76.41192258036871,0.081270594997063475,0,0,0,0,0,0,1,1,1,0.007834048916651404,0,0,0
TUR.59.4_1,2037,1,albopictus,7.095963987357476,72.49015469764768,0.08269280759342353,0,0,0,0,0,0,1,1,1,0.007970594769470818,0,0,0
TUR.59.4_1,2037,2,albopictus,5.078838842756609,70.41637913487024,0.06185672257878791,0,0,0,0,0,0,1,1,1,0.006605592510056213,0,0,0
TUR.59.4_1,2037,3,albopictus,8.571244141634772,63.96751345845033,0.0759342848471362,0,0,0,0,0,0,1,1,1,0.007321545120804185,0,0,0
TUR.59.4_1,2037,4,albopictus,12.2517288572648,64.14848913130912,0.10040912540976034,1.5625682249725955e-4,1.5231274890954952e-4,1.599780778751265e-4,0,0,0,1,1,1,0.009990670876644292,0,0,0
TUR.59.4_1,2037,5,albopictus,19.792147776659796,42.943847697879036,0.14034540747115945,0.05359173933766263,0.05332145667039777,0.053855085919269366,0,0,0,1,1,1,0.013489996944617944,0,0,0
TUR.59.4_1,2037,6,albopictus,22.919542396769803,44.34940008269843,0.15785642187614948,0.10310229748750928,0.10264402913145283,0.103552126000176,2.193026563346301e-9,1.9325905320499714e-9,2.4717490026970877e-9,0.9999999978069735,0.999999997528251,0.9999999980674095,0.015661701953696983,3.4618332711566777e-10,3.0507184001216104e-10,3.901815065487924e-10
TUR.59.4_1,2037,7,albopictus,28.873267678653495,29.255791276355602,0.18537620517301692,0.08667571579273788,0.08602923511470069,0.08729875146002702,1.6790406953681724e-11,1.3509224294772081e-11,2.042964963866467e-11,0.9999999999832095,0.9999999999795703,0.9999999999864908,0.017779675500009362,3.1125428900935505e-12,2.50430232107135e-12,3.787220537176949e-12
TUR.59.4_1,2037,8,albopictus,27.102123148301068,42.14535298395949,0.22012255848241608,0.1301764039391089,0.12951200536881757,0.13083148469145375,1.3664336324866744e-6,1.1863342063878068e-6,1.5619448452769412e-6,0.9999986335663675,0.9999984380551548,0.9999988136657937,0.02107689412821645,3.007828217140851e-7,2.611388865897402e-7,3.4381923647019974e-7
TUR.59.4_1,2037,9,albopictus,24.29349147572237,45.58320915896454,0.17544830876646067,0.12365695438777856,0.12311050167222543,0.12422763385360265,3.3655481710326283e-7,2.9752625439194433e-7,3.810127125858375e-7,0.9999996634451829,0.9999996189872874,0.9999997024737456,0.01739181650863375,5.904797171685239e-8,5.220047681053774e-8,6.684803381118432e-8
TUR.59.4_1,2037,10,albopictus,16.784158313975617,63.31726234040256,0.1728969860682296,0.023249115934651985,0.023104329582434253,0.023380018004965555,0,0,0,1,1,1,0.016592764499119506,0,0,0
TUR.59.4_1,2037,11,albopictus,10.267491270514096,75.16919856746462,0.1002888276484546,0,0,0,0,0,0,1,1,1,0.009978761214412657,0,0,0
TUR.59.4_1,2037,12,albopictus,5.365352855009191,69.17251217997809,0.08248913538610195,0,0,0,0,0,0,1,1,1,0.007951041465285247,0,0,0
TUR.59.4_1,2038,1,albopictus,5.314736398703912,77.4432110330969,0.08528201870430643,0,0,0,0,0,0,1,1,1,0.008219135264600053,0,0,0
TUR.59.4_1,2038,2,albopictus,7.956201094038347,66.00815312168665,0.06379353084597432,0,0,0,0,0,0,1,1,1,0.006811715533311058,0,0,0
TUR.59.4_1,2038,3,albopictus,10.23165836053736,63.7091821596222,0.07831187849457681,0,0,0,0,0,0,1,1,1,0.00754992394162779,0,0,0
TUR.59.4_1,2038,4,albopictus,13.209909284816069,60.09892858443412,0.10355305570685744,0.0010482252963989476,0.0010316681931250586,0.0010660594331884932,0,0,0,1,1,1,0.010301873986460652,0,0,0
TUR.59.4_1,2038,5,albopictus,20.276398798998663,40.074115794802864,0.14473979071876142,0.058137034203260905,0.057858832547020705,0.058429214973202886,2.2104540420286868e-16,2.220446049250313e-16,2.220446049250313e-16,0.9999999999999998,0.9999999999999998,0.9999999999999998,0.013909433852595798,0,0,0
TUR.59.4_1,2038,6,albopictus,22.611744011149685,45.87698797332343,0.16279909601360917,0.10120187501060376,0.10077400853914519,0.10162313734369584,1.3033976522525137e-9,1.1556679418989192e-9,1.4614316645733537e-9,0.9999999986966024,0.9999999985385684,0.999999998844332,0.01614810808127165,2.121919598918609e-10,1.8814168001313193e-10,2.3791973946529765e-10
TUR.59.4_1,2038,7,albopictus,26.802852181827323,45.17723903026185,0.1911805567737897,0.13917152663363566,0.13846746462190201,0.13984218472041857,8.263130315509293e-6,7.199402301955038e-6,9.373665605341697e-6,0.9999917368696845,0.9999906263343946,0.9999928005976981,0.018331244972079275,1.5797486007647077e-6,1.3763847932835026e-6,1.7920610036997742e-6
TUR.59.4_1,2038,8,albopictus,24.972963220932904,43.581723833568866,0.22701486013192457,0.12567090906320347,0.12508581531632473,0.1262410932814922,5.235325450769768e-7,4.5993702735280806e-7,5.912031288551889e-7,0.9999994764674549,0.9999994087968712,0.9999995400629726,0.02172961513262872,1.1884966040409673e-7,1.0441253452952991e-7,1.3421188664597405e-7
TUR.59.4_1,2038,9,albopictus,23.580692403456744,49.66697991091767,0.18094180600841261,0.1234015818711081,0.12288702130072586,0.12388389156457733,3.178933476982726e-7,2.8307551648010246e-7,3.5318910497905694e-7,0.9999996821066524,0.999999646810895,0.9999997169244835,0.017931463802109304,5.7520194789328904e-8,5.122019386960552e-8,6.390667252054172e-8
TUR.59.4_1,2038,10,albopictus,16.36029967139749,54.5959107168674,0.17831059833263682,0.016500315659602263,0.016389686838965592,0.016603955897591414,0,0,0,1,1,1,0.017107834610829986,0,0,0
TUR.59.4_1,2038,11,albopictus,12.138928343268002,63.80693965633181,0.1034289912781806,1.1106495595602942e-4,1.080612077843722e-4,1.1405070996414044e-4,0,0,0,1,1,1,0.010289595277036545,0,0,0
TUR.59.4_1,2038,12,albopictus,7.827893004697912,78.89394009745855,0.08507196927558529,0,0,0,0,0,0,1,1,1,0.008198974768980904,0,0,0
TUR.59.4_1,2039,1,albopictus,7.307010206229546,67.68512387489378,0.08826767726012562,0,0,0,0,0,0,1,1,1,0.008505653775613853,0,0,0
TUR.59.4_1,2039,2,albopictus,5.342533129103044,77.22108952305383,0.06602689379950137,0,0,0,0,0,0,1,1,1,0.0070493460210530046,0,0,0
TUR.59.4_1,2039,3,albopictus,7.270816704806159,67.69924105854798,0.08105351774751585,0,0,0,0,0,0,1,1,1,0.007813205795551559,0,0,0
TUR.59.4_1,2039,4,albopictus,12.161722028956694,59.58800329146537,0.10717836935971999,1.0778686529283401e-4,1.0471115109192443e-4,1.1079079158124572e-4,0,0,0,1,1,1,0.010660605569651316,0,0,0
TUR.59.4_1,2039,5,albopictus,20.924409052904913,39.34091572156068,0.14980702061191506,0.06672808300290645,0.06642048361681577,0.06704569992883246,9.998113448261848e-15,8.770761894538737e-15,1.1435297153639112e-14,0.99999999999999,0.9999999999999886,0.9999999999999912,0.014392871528316253,1.4962475702873235e-15,1.3322676295501878e-15,1.6653345369377348e-15
TUR.59.4_1,2039,6,albopictus,24.591447914347928,37.816776791682805,0.16849856843789549,0.10934093326795048,0.10881542740609446,0.10986980148216108,1.1277386707586601e-8,9.841135148458413e-9,1.2865963897046306e-8,0.9999999887226133,0.999999987134036,0.9999999901588649,0.01670869198722824,1.9002235139842225e-9,1.6582171885604069e-9,2.167896465121721e-9
TUR.59.4_1,2039,7,albopictus,28.23947480145623,34.0690236982306,0.1978736425345413,0.10336566763605298,0.10258782042812369,0.10407015734718587,2.3612861337340973e-9,1.9032317388756326e-9,2.8412796893029225e-9,0.9999999976387138,0.9999999971587202,0.9999999980967682,0.018966883592516304,4.672362889923676e-10,3.765993461524175e-10,5.622143084416109e-10
TUR.59.4_1,2039,8,albopictus,28.324531442978802,42.70416417170363,0.234962477575187,0.12709076850758735,0.12636083662228623,0.12785476567312817,7.121194302264211e-7,6.066968177870224e-7,8.3579375083076e-7,0.9999992878805698,0.9999991642062491,0.9999993933031822,0.02248173735218073,1.6732133156549534e-7,1.425509773306244e-7,1.963801511822849e-7
TUR.59.4_1,2039,9,albopictus,23.390997045180377,49.562613608427434,0.18727644089888706,0.120294338996029,0.11976768338256384,0.12080210851790231,1.5790880845067966e-7,1.3973312956716555e-7,1.770006219592446e-7,0.9999998420911915,0.9999998229993781,0.9999998602668705,0.01855337136486923,2.9572599195559768e-8,2.616872288307981e-8,3.31480459220268e-8
TUR.59.4_1,2039,10,albopictus,17.44112929175882,57.89827125153537,0.18455311664533006,0.029337984271519443,0.029172455124890327,0.029490301528809902,0,0,0,1,1,1,0.017701434872930966,0,0,0
TUR.59.4_1,2039,11,albopictus,11.357659269781674,74.00518947322634,0.10704996152983642,3.7000344609362096e-6,3.5044037036483913e-6,3.8979135410312575e-6,0,0,0,1,1,1,0.010647901595621234,0,0,0
TUR.59.4_1,2039,12,albopictus,6.565683589262121,69.88319790995855,0.08805027416080037,0,0,0,0,0,0,1,1,1,0.00848479349709419,0,0,0
TUR.59.4_1,2040,1,albopictus,6.4675259914468315,74.22941251014768,0.08067709814977254,0,0,0,0,0,0,1,1,1,0.00777706205137163,0,0,0
TUR.59.4_1,2040,2,albopictus,1.7760558303664715,65.81112400791712,0.06250422916128007,0,0,0,0,0,0,1,1,1,0.00644509543811711,0,0,0
TUR.59.4_1,2040,3,albopictus,10.300460240420172,66.40872897358705,0.07408332030115278,0,0,0,0,0,0,1,1,1,0.007143715069269696,0,0,0
TUR.59.4_1,2040,4,albopictus,12.829029882655425,58.24808324752006,0.09796156523847785,5.259924665880563e-4,5.164784103060315e-4,5.355803187013244e-4,0,0,0,1,1,1,0.009748330480402911,0,0,0
TUR.59.4_1,2040,5,albopictus,15.675358912524054,58.49094776501771,0.13692436552754111,0.011568259711337674,0.011485343449252238,0.011649602428326637,0,0,0,1,1,1,0.013163340413624325,0,0,0
TUR.59.4_1,2040,6,albopictus,23.642953956828396,38.98210577117499,0.1540085336549493,0.10247550380615533,0.1020129734811239,0.1029706468597062,1.849930496455876e-9,1.6265802732506884e-9,2.1119959003890186e-9,0.9999999981500695,0.9999999978880041,0.9999999983734198,0.01528286669831258,2.8490508385825566e-10,2.50507237176123e-10,3.252653452134879e-10
TUR.59.4_1,2040,7,albopictus,28.519370583926932,27.326473801990367,0.18085749818664112,0.08522981163267268,0.0845719149523996,0.08591290628501193,1.0441453479614892e-11,8.336292767197052e-12,1.3002629528635622e-11,0.9999999999895586,0.9999999999869974,0.9999999999916637,0.017350062298090996,1.8884147579001366e-12,1.5076773163258395e-12,2.3516272262824597e-12
TUR.59.4_1,2040,8,albopictus,26.9461191962747,45.33962025690871,0.21475687877209373,0.13975804632433653,0.13904065772147997,0.14046525055446782,9.245636160707615e-6,8.040090978914116e-6,1.0553090572301692e-5,0.9999907543638393,0.9999894469094277,0.9999919599090211,0.020568447178781257,1.98556198333677e-6,1.72666335302718e-6,2.2663462245386954e-6
TUR.59.4_1,2040,9,albopictus,23.081018560072955,51.18159401614228,0.171171602930181,0.11872280696998298,0.11824837664113784,0.11919651887569124,1.0995631949928253e-7,9.832342773297142e-8,1.2251066122959118e-7,0.9999998900436805,0.9999998774893387,0.9999999016765723,0.01697149401994691,1.8821399284996155e-8,1.6830178578564058e-8,2.09703459902455e-8
TUR.59.4_1,2040,10,albopictus,18.22375162910013,46.37349097809787,0.168682470952114,0.034165980638255086,0.03399184857883355,0.03434311714348804,0,0,0,1,1,1,0.016191593856695108,0,0,0
TUR.59.4_1,2040,11,albopictus,11.214489866705502,56.86231380183962,0.09784419984022243,5.512075891457613e-7,5.119423226868165e-7,5.949564205051808e-7,0,0,0,1,1,1,0.009736708284044271,0,0,0
TUR.59.4_1,2040,12,albopictus,7.165027365965002,70.77592862284918,0.08047839063047711,0,0,0,0,0,0,1,1,1,0.007757981659020863,0,0,0
TUR.59.4_1,2041,1,albopictus,4.886561664588311,78.5444073221594,0.08488482811302764,0,0,0,0,0,0,1,1,1,0.0081810126582446685,0,0,0
TUR.59.4_1,2041,2,albopictus,3.6492719825576336,69.94010655186243,0.06349642026367998,0,0,0,0,0,0,1,1,1,0.00678009859262918,0,0,0
TUR.59.4_1,2041,3,albopictus,7.631243130739997,64.29441775532533,0.0779471504804422,0,0,0,0,0,0,1,1,1,0.007514893548052237,0,0,0
TUR.59.4_1,2041,4,albopictus,12.747357214198393,59.49491704878959,0.10307076999118342,4.591673543566525e-4,4.497068810161566e-4,4.6821028322356894e-4,0,0,0,1,1,1,0.010254141108525072,0,0,0
TUR.59.4_1,2041,5,albopictus,18.70958246904261,47.83693699231263,0.1440656828126566,0.041454944425383174,0.04124940773224858,0.04166177493078179,0,0,0,1,1,1,0.013845102904575746,0,0,0
TUR.59.4_1,2041,6,albopictus,26.106086815104764,30.48383382903632,0.1620408790976905,0.10042283335296529,0.0998345169949417,0.10099268726260291,1.0514865204092061e-9,8.8911741580322e-10,1.227934887104709e-9,0.9999999989485134,0.9999999987720651,0.9999999991108826,0.016073507938431764,1.7038379995781837e-10,1.4407336157429286e-10,1.9897562208992525e-10
TUR.59.4_1,2041,7,albopictus,28.07538559857537,33.79618129100404,0.19029015666905869,0.10372314553271712,0.10303649931950956,0.1044126466870148,2.599569099204224e-9,2.1500580205113806e-9,3.1141577760962493e-9,0.9999999974004309,0.9999999968858422,0.999999997849942,0.018246653137688695,4.9467241092227e-10,4.091348232426739e-10,5.925935436801311e-10
TUR.59.4_1,2041,8,albopictus,28.111087686875287,40.36635365534621,0.22595756613378995,0.12145450612327019,0.12072835690599094,0.12213783240417828,2.0588683557287713e-7,1.7405540746195935e-7,2.3937722181122113e-7,0.9999997941131644,0.9999997606227782,0.9999998259445926,0.02162951458520046,4.6521687175449244e-8,3.932913541782046e-8,5.408909292126118e-8
TUR.59.4_1,2041,9,albopictus,21.70286762013155,58.13347161013642,0.18009909163547175,0.10570218839089142,0.1053033548905105,0.10608845875780606,4.391805071501942e-9,3.946923907149901e-9,4.8550662989921275e-9,0.999999995608195,0.9999999951449337,0.9999999960530761,0.017848699987778827,7.909601028588398e-10,7.108374305841991e-10,8.743930079990747e-10
TUR.59.4_1,2041,10,albopictus,17.474320018992707,61.47616736969943,0.17748013848824015,0.03127095096816087,0.031113708542424047,0.03142777585820755,0,0,0,1,1,1,0.01702883926158605,0,0,0
TUR.59.4_1,2041,11,albopictus,10.866690565558041,71.52713924129274,0.10294728337743794,6.4803528754671316e-09,5.466768326549747e-9,7.807149521904634e-9,0,0,0,1,1,1,0.010241918996603538,0,0,0
TUR.59.4_1,2041,12,albopictus,4.703143582624548,71.82084286845465,0.08467575696387891,0,0,0,0,0,0,1,1,1,0.008160945287291943,0,0,0
TUR.59.4_1,2042,1,albopictus,5.004846128470757,73.2933086893469,0.09400438428970583,0,0,0,0,0,0,1,1,1,0.009055944163906426,0,0,0
TUR.59.4_1,2042,2,albopictus,5.465781706220964,74.3415881802804,0.07031812426526617,0,0,0,0,0,0,1,1,1,0.007505774667701748,0,0,0
TUR.59.4_1,2042,3,albopictus,8.927647015627691,64.75606478901673,0.0863213609656406,0,0,0,0,0,0,1,1,1,0.008318885064155679,0,0,0
TUR.59.4_1,2042,4,albopictus,14.672416532740874,52.69479574141654,0.11414412312157414,0.00500870884697412,0.004957419897916856,0.005058490338729196,0,0,0,1,1,1,0.011349515063950655,0,0,0
TUR.59.4_1,2042,5,albopictus,19.310265681322882,44.21368793835755,0.15954330250921916,0.04759154466673738,0.04734789494516483,0.047827355075958734,0,0,0,1,1,1,0.015321093729930402,0,0,0
TUR.59.4_1,2042,6,albopictus,24.77080544303445,40.52513555633124,0.1794496544077145,0.116778402238679,0.11621951237735491,0.11730095929772395,6.978010123726009e-8,6.100080045812195e-8,7.876730788725083e-8,0.9999999302198987,0.9999999212326921,0.9999999389991995,0.01778491335477872,1.2522014974369888e-8,1.0946572540082577e-8,1.4134766038176316e-8
TUR.59.4_1,2042,7,albopictus,28.67186882916619,32.63496074046693,0.21073387802880117,0.09648587558583285,0.09583275833464758,0.09719015237067423,3.432533346447997e-10,2.823169087395883e-10,4.1896768276927786e-10,0.9999999996567467,0.9999999995810324,0.9999999997176832,0.020187058051723605,7.233510612714156e-11,5.9493757142981e-11,8.829068587346e-11
TUR.59.4_1,2042,8,albopictus,26.850114710190716,47.290864611156756,0.250233196581657,0.14576092035513383,0.14501684533482223,0.1464693751618657,2.8177420510069106e-5,2.4574974747459955e-5,3.1944673120085086e-5,0.9999718225794899,0.9999680553268799,0.9999754250252525,0.023925258209974043,7.050901043900382e-6,6.149455578990937e-6,7.993585719701101e-6
TUR.59.4_1,2042,9,albopictus,24.811227910658893,47.13035881716767,0.19944794136573735,0.13305532104842205,0.1324863667119758,0.1336041707853924,2.4685870855734036e-6,2.1951188109908814e-6,2.754379632541326e-6,0.9999975314129145,0.9999972456203675,0.9999978048811891,0.01974721248545852,4.923544906880739e-7,4.3781183202418195e-7,5.493551965746191e-7
TUR.59.4_1,2042,10,albopictus,20.132273281321808,50.56934516510959,0.196547622385751,0.06587382305677607,0.06559181830575396,0.06616587507803323,6.921907491630464e-15,6.106226635438361e-15,7.882583474838611e-15,0.9999999999999931,0.9999999999999921,0.9999999999999939,0.018840984900648228,1.3627987627273797e-15,1.2212453270876722e-15,1.5543122344752192e-15
TUR.59.4_1,2042,11,albopictus,12.173427511663999,60.09015804012087,0.11400736978942733,1.1307235513843495e-4,1.0987614829815081e-4,1.1601431125450273e-4,0,0,0,1,1,1,0.01133599484668979,0,0,0
TUR.59.4_1,2042,12,albopictus,8.302973494810217,75.6321603123023,0.09377285169330003,0,0,0,0,0,0,1,1,1,0.00903374044578642,0,0,0
TUR.59.4_1,2043,1,albopictus,7.075089963919976,71.0041241190344,0.08962694404498442,0,0,0,0,0,0,1,1,1,0.008636068294600285,0,0,0
TUR.59.4_1,2043,2,albopictus,6.668326872236589,68.18384281895227,0.06704366648951532,0,0,0,0,0,0,1,1,1,0.0071575121049465285,0,0,0
TUR.59.4_1,2043,3,albopictus,9.315402409609625,74.71554507466126,0.0823016910074225,0,0,0,0,0,0,1,1,1,0.007933045753616419,0,0,0
TUR.59.4_1,2043,4,albopictus,12.934338415370268,64.58453954634818,0.10882884892424577,7.207362510712394e-4,7.097777884385915e-4,7.334275360228328e-4,0,0,0,1,1,1,0.010823880540469233,0,0,0
TUR.59.4_1,2043,5,albopictus,16.312989375170538,52.25930790295716,0.15211395462872782,0.015552925182539618,0.015448774074750055,0.01566225693195166,0,0,0,1,1,1,0.014612885414479138,0,0,0
TUR.59.4_1,2043,6,albopictus,24.16572960685281,36.801701108089055,0.17109334055021605,0.10356433711644984,0.10307153768883834,0.10405343306924317,2.485589322587245e-9,2.170577942384178e-9,2.8285612380107846e-9,0.9999999975144107,0.9999999971714387,0.9999999978294221,0.016963800574796406,4.2526778087914607e-10,3.71371480789584e-10,4.839479733620421e-10
TUR.59.4_1,2043,7,albopictus,29.487247018253104,25.830105393787242,0.20092077233612865,0.07326488124261395,0.07259502634088368,0.07392457049769081,1.4370116208084483e-13,1.0979828157786642e-13,1.8386958622329529e-13,0.9999999999998563,0.999999999999816,0.9999999999998902,0.019256131450820058,2.8870794643864885e-14,2.2093438190040615e-14,3.6973202277579273e-14
TUR.59.4_1,2043,8,albopictus,29.028785593369427,38.63749089289504,0.2385807521392143,0.10917714088058031,0.10838821760330393,0.10990893828018528,1.0840788124633071e-8,8.821280442217194e-9,1.2993891299051262e-8,0.9999999891592118,0.9999999870061087,0.9999999911787196,0.022823960929604592,2.586403382576208e-9,2.1045877540704083e-9,3.1000924077817514e-9
TUR.59.4_1,2043,9,albopictus,22.69697391285616,51.573302390165715,0.19016038045187023,0.1129672067374159,0.11250437960072529,0.11338108537150823,2.7864797719767686e-8,2.4831325579066643e-8,3.07886451639261e-8,0.9999999721352023,0.9999999692113548,0.9999999751686743,0.018836373829953956,5.298780520468504e-9,4.721934346307855e-9,5.854780441016949e-9
TUR.59.4_1,2043,10,albopictus,17.65726527045755,45.483689952707245,0.1873951187154524,0.02699666342590612,0.0268452791465878,0.027155352774746788,0,0,0,1,1,1,0.017971561713652218,0,0,0
TUR.59.4_1,2043,11,albopictus,11.198192526312436,70.45780330379274,0.1086984636944408,8.235515530489983e-7,7.691646236510708e-7,8.8269148993886e-7,0,0,0,1,1,1,0.010810983060822066,0,0,0
TUR.59.4_1,2043,12,albopictus,8.713275656980628,72.07276547587652,0.08940619307449033,0,0,0,0,0,0,1,1,1,0.008614889563538175,0,0,0
TUR.59.4_1,2044,1,albopictus,7.200727018363335,72.4012417337805,0.09799176215968232,0,0,0,0,0,0,1,1,1,0.009438251210514004,0,0,0
TUR.59.4_1,2044,2,albopictus,7.457743662245134,68.24653355381555,0.07591868942256576,0,0,0,0,0,0,1,1,1,0.007822898135448453,0,0,0
TUR.59.4_1,2044,3,albopictus,12.781175038393805,61.1490014955597,0.08998284853370862,5.071142415328353e-4,4.971593874661637e-4,5.166121130991005e-4,0,0,0,1,1,1,0.008670212629809049,0,0,0
TUR.59.4_1,2044,4,albopictus,13.748856390223784,58.39375509200248,0.1189857669870367,0.002126834000305619,0.0020988453801243363,0.002153275597372524,0,0,0,1,1,1,0.011828068560869931,0,0,0
TUR.59.4_1,2044,5,albopictus,17.65210833269007,57.19065479626771,0.16631064042154128,0.03179356067162698,0.03162179545246176,0.031955803566005976,0,0,0,1,1,1,0.01596575244065046,0,0,0
TUR.59.4_1,2044,6,albopictus,23.53712853263406,44.48358968841132,0.18706135875711055,0.11189987369000581,0.11139938513726425,0.11236846909437732,2.1424065107966682e-8,1.8885909230936805e-8,2.4013197924555032e-8,0.9999999785759349,0.9999999759868021,0.9999999811140907,0.018532261973564834,4.0076147207468435e-9,3.5328238640053297e-9,4.491941449358272e-9
TUR.59.4_1,2044,7,albopictus,28.098113564883963,37.81423625316224,0.21967256326200027,0.11427498932837123,0.1135342510193739,0.11502527394670056,3.842211141691365e-8,3.196129285953919e-8,4.585587298766569e-8,0.9999999615778886,0.999999954144127,0.9999999680387072,0.021034263130416453,8.440283667088266e-9,7.021019118869099e-9,1.0073277154076798e-8
TUR.59.4_1,2044,8,albopictus,26.51074016795439,48.23591008234816,0.260847321847434,0.14795690313730125,0.14727529473008305,0.14865940379831297,4.1712087043991985e-5,3.6891486779269674e-5,4.711937295124314e-5,0.999958287912956,0.9999528806270487,0.9999631085132208,0.024927341488905408,1.0880426763272722e-5,9.622999224023765e-6,1.229088670785805e-5
TUR.59.4_1,2044,9,albopictus,22.637428395888385,58.98661339480439,0.2079079117556631,0.12669161005403007,0.12622667291459516,0.12712838930867218,6.522717612802431e-7,5.893629909270449e-7,7.15637084824916e-7,0.9999993477282387,0.9999992843629152,0.999999410637009,0.020576152751214716,1.3561245056936676e-7,1.225332211696184e-7,1.4878660084260974e-7
TUR.59.4_1,2044,10,albopictus,17.292543972239777,64.89048926911349,0.2048845701336579,0.030238470685727065,0.030076306097408415,0.030394154822227407,0,0,0,1,1,1,0.01963226611639013,0,0,0
TUR.59.4_1,2044,11,albopictus,13.083141256781186,73.5207076617029,0.11884321299767192,0.0010871063583483298,0.0010713316067915638,0.0011029592729689937,0,0,0,1,1,1,0.011813981675362628,0,0,0
TUR.59.4_1,2044,12,albopictus,10.064096198362463,73.80321133769293,0.09775040866015523,0,0,0,0,0,0,1,1,1,0.009415114597293828,0,0,0
TUR.59.4_1,2045,1,albopictus,7.537030729300835,75.51084561561643,0.09658426649484243,0,0,0,0,0,0,1,1,1,0.009303318340474931,0,0,0
TUR.59.4_1,2045,2,albopictus,6.297049063093523,66.18219486973352,0.07224795422863749,0,0,0,0,0,0,1,1,1,0.007710968999052992,0,0,0
TUR.59.4_1,2045,3,albopictus,9.52806892114527,69.86758364888001,0.08869038816326694,0,0,0,0,0,0,1,1,1,0.00854621250769616,0,0,0
TUR.59.4_1,2045,4,albopictus,12.185087049708647,70.46842016158256,0.11727672586438599,1.4886499829229712e-4,1.4525406532743125e-4,1.5242309109517811e-4,0,0,0,1,1,1,0.011659171481970487,0,0,0
TUR.59.4_1,2045,5,albopictus,19.183673045214483,49.545124095584114,0.1639218528311251,0.04955461625178553,0.049315801799427544,0.049795897807836775,0,0,0,1,1,1,0.015738244002910684,0,0,0
TUR.59.4_1,2045,6,albopictus,25.139677131877225,41.729366818538274,0.18437452013203662,0.12248525048697749,0.1218983199341622,0.12307965308164719,2.5932878941514745e-7,2.2682689164443826e-7,2.954902938057113e-7,0.9999997406712106,0.9999997045097062,0.9999997731731083,0.018268522001034904,4.7813619957093326e-8,4.182109847594706e-8,5.448087961601455e-8
TUR.59.4_1,2045,7,albopictus,28.511134652530448,29.232845872302867,0.2165173165998197,0.08960505270924171,0.08894454104662833,0.09027070731416816,4.285615506915974e-11,3.4601832510361416e-11,5.251477031009699e-11,0.9999999999571438,0.9999999999474852,0.9999999999653981,0.02073529377454464,9.27909848957853e-12,7.491887665800334e-12,1.1370379637831717e-11
TUR.59.4_1,2045,8,albopictus,29.50033748851103,40.129548693188006,0.25710066532658193,0.1082906587285644,0.10751747251363264,0.10896943290119925,8.64007208345452e-9,7.047777386692822e-9,1.0235838321381862e-8,0.9999999913599279,0.9999999897641617,0.9999999929522226,0.024573735871452396,2.221368278432223e-9,1.811988256661401e-9,2.6316408135995673e-9
TUR.59.4_1,2045,9,albopictus,25.464975469252643,47.58900368411103,0.20492164558356224,0.1402249935484946,0.13960892551990703,0.140854847006992,1.0100038832062896e-5,8.965287940748691e-6,1.1360911397878536e-5,0.9999898999611679,0.9999886390886021,0.9999910347120593,0.020283627045088792,2.0697144282015855e-6,1.8371798702870868e-6,2.328093948966714e-6
TUR.59.4_1,2045,10,albopictus,17.171732509837433,56.53714912018771,0.20194172945093006,0.025508662353210993,0.025369865330090762,0.025657223082819203,0,0,0,1,1,1,0.019353026415346863,0,0,0
TUR.59.4_1,2045,11,albopictus,11.297727514715756,65.67186122615603,0.11713621943613878,1.6987338907012258e-6,1.5997015225217235e-6,1.8017633499480242e-6,0,0,0,1,1,1,0.011645284560440006,0,0,0
TUR.59.4_1,2045,12,albopictus,9.593310103696936,75.7009087864234,0.0963463796541119,0,0,0,0,0,0,1,1,1,0.009280510945329667,0,0,0
TUR.59.4_1,2046,1,albopictus,7.512968572623589,79.41759152626096,0.08719952905600006,0,0,0,0,0,0,1,1,1,0.008403158519700415,0,0,0
TUR.59.4_1,2046,2,albopictus,5.4370889839004075,70.35835758946008,0.06522788661787945,0,0,0,0,0,0,1,1,1,0.006964337949902588,0,0,0
TUR.59.4_1,2046,3,albopictus,8.465522667940924,70.83972110005189,0.08007266980739247,0,0,0,0,0,0,1,1,1,0.007719022192731018,0,0,0
TUR.59.4_1,2046,4,albopictus,15.090154493556303,64.38770879683646,0.10588137836249106,0.008342336476626477,0.008278914667969806,0.008412083423301785,0,0,0,1,1,1,0.010532280819250839,0,0,0
TUR.59.4_1,2046,5,albopictus,17.23430361467249,54.91664890637513,0.14799417014389551,0.02566888009982767,0.02552746596180601,0.025809379114742768,0,0,0,1,1,1,0.014219944262007789,0,0,0
TUR.59.4_1,2046,6,albopictus,21.25505837272195,57.31697515594062,0.16645952709386805,0.09520193295416021,0.0948514371471772,0.09556893072426083,2.348549947850387e-10,2.1143509998378107e-10,2.6128523233914795e-10,0.999999999765145,0.9999999997387148,0.9999999997885649,0.016508174381712593,3.909385071221294e-11,3.5195404923804577e-11,4.3493433854457915e-11
TUR.59.4_1,2046,7,albopictus,27.159314660465018,36.00284633006654,0.1954791264163231,0.11319217255600503,0.1125177391319506,0.11384639580091671,2.9497988098037274e-8,2.4913174184737487e-8,3.448521178894826e-8,0.999999970502012,0.9999999655147882,0.9999999750868258,0.018739525030635473,5.766240926852184e-9,4.870005479440387e-9,6.741139052524048e-9
TUR.59.4_1,2046,8,albopictus,27.797292597153607,43.35346379328566,0.23211914062275762,0.13198052622854298,0.13127118430866305,0.1327264195961583,1.9846584228158104e-6,1.7106182783971358e-6,2.3052107774784724e-6,0.9999980153415772,0.9999976947892225,0.9999982893817216,0.022212724814087204,4.606771008228705e-7,3.9706716590259813e-7,5.35083401487224e-7
TUR.59.4_1,2046,9,albopictus,23.18994151844698,44.489440085478215,0.1850101640438651,0.10719418342976669,0.10673345893668472,0.10765646294068958,6.492929624402066e-9,5.748346465495047e-9,7.305833069071177e-9,0.9999999935070704,0.999999992694167,0.9999999942516535,0.018330923181471337,1.2012579730935613e-9,1.0635024833005602e-9,1.3516533198254522e-9
TUR.59.4_1,2046,10,albopictus,16.76131972144632,53.41323249421115,0.18231979538629725,0.020042434288856006,0.01991121170166356,0.020161230317083133,0,0,0,1,1,1,0.017489109838606853,0,0,0
TUR.59.4_1,2046,11,albopictus,12.160255362005795,68.0624328203943,0.10575452442636729,1.311056704652951e-4,1.275820406673959e-4,1.3474036977398032e-4,0,0,0,1,1,1,0.010519728952153806,0,0,0
TUR.59.4_1,2046,12,albopictus,6.7773668625775505,67.56083310282965,0.08698475680340516,0,0,0,0,0,0,1,1,1,0.00838254854868159,0,0,0
TUR.59.4_1,2047,1,albopictus,7.546937021262505,72.65311093544065,0.08880464151106884,0,0,0,0,0,0,1,1,1,0.008557174729132533,0,0,0
TUR.59.4_1,2047,2,albopictus,4.011657017118791,67.68403355381555,0.06642855930913832,0,0,0,0,0,0,1,1,1,0.007092077319113987,0,0,0
TUR.59.4_1,2047,3,albopictus,9.386106869753668,72.50557650776673,0.08154659565320657,0,0,0,0,0,0,1,1,1,0.00786054905824407,0,0,0
TUR.59.4_1,2047,4,albopictus,10.512551153407378,71.2504865067974,0.1078303742000757,7.259386259664515e-18,1.1063810899559683e-19,3.340016348668952e-17,0,0,0,1,1,1,0.01072510887419742,0,0,0
TUR.59.4_1,2047,5,albopictus,18.417975565966437,57.33930210461732,0.1507183509777505,0.04290453537230088,0.04269958053432903,0.04309794237944072,0,0,0,1,1,1,0.014479791602309167,0,0,0
TUR.59.4_1,2047,6,albopictus,23.4512921221116,45.422569790950384,0.16952360625915389,0.1126338185645828,0.11216534853248092,0.11313027985480126,2.568186691098706e-8,2.2838556151816294e-8,2.8957132428009125e-8,0.999999974318133,0.9999999710428675,0.9999999771614438,0.01680947789967424,4.353682686475402e-9,3.8716744449329715e-9,4.908917466961427e-9
TUR.59.4_1,2047,7,albopictus,27.30334618512322,39.12404689158998,0.19907737957105404,0.12122530743726118,0.12053402427055541,0.12192045609899124,1.9546108760670755e-7,1.6651813007362292e-7,2.279598363408297e-7,0.9999998045389124,0.9999997720401637,0.9999998334818699,0.019081158152194022,3.891188036586613e-8,3.314999243442252e-8,4.538164578571368e-8
TUR.59.4_1,2047,8,albopictus,27.262920267441693,38.5272881035884,0.23639183942866723,0.11971985495232253,0.11905009136822242,0.12040397824169159,1.3862591042579365e-7,1.1843466317107421e-7,1.6165005675694563e-7,0.9999998613740896,0.9999998383499433,0.9999998815653368,0.02261694354742516,3.277003341695117e-8,2.7996987481127e-8,3.821275349480402e-8
TUR.59.4_1,2047,9,albopictus,25.342952840468463,39.77651894290009,0.18841571131958965,0.11913321838288515,0.11851028432073067,0.11972315681322525,1.2103203154933962e-7,1.0450285622964905e-7,1.3831115214801847e-7,0.9999998789679685,0.9999998616888479,0.9999998954971439,0.018665178307181507,2.2804336054838003e-8,1.9689979752213203e-8,2.605999372684575e-8
TUR.59.4_1,2047,10,albopictus,15.304602230296416,55.530809093332245,0.185675820098222,0.008611345699801326,0.008540115509786516,0.008688269163749074,0,0,0,1,1,1,0.017808154558331735,0,0,0
TUR.59.4_1,2047,11,albopictus,12.616938520880307,72.5264449663904,0.1077011852188542,4.5364583686733473e-4,4.4576724448414307e-4,4.628532542086033e-4,0,0,0,1,1,1,0.010712328450109831,0,0,0
TUR.59.4_1,2047,12,albopictus,9.537152037901038,76.35927975810309,0.08858591586994793,0,0,0,0,0,0,1,1,1,0.008536188639195585,0,0,0
TUR.59.4_1,2048,1,albopictus,7.353328260428765,75.00517697547971,0.09693464789227219,0,0,0,0,0,0,1,1,1,0.00933691019235261,0,0,0
TUR.59.4_1,2048,2,albopictus,6.822972792036394,77.47568241856165,0.07509969476441383,0,0,0,0,0,0,1,1,1,0.0077388337730333046,0,0,0
TUR.59.4_1,2048,3,albopictus,10.747759244021246,68.05779971333314,0.08901213272137144,1.8885093679718818e-10,1.3546939770472134e-10,2.6237497730548857e-10,0,0,0,1,1,1,0.008577082497494892,0,0,0
TUR.59.4_1,2048,4,albopictus,13.31884368728189,62.84580816207084,0.11770217386524172,0.001294930372383437,0.0012751827315103776,0.0013142420729641271,0,0,0,1,1,1,0.011701219350470748,0,0,0
TUR.59.4_1,2048,5,albopictus,18.857789179858038,49.36920933117982,0.16451651664075612,0.04453520725456397,0.04431162332409072,0.044754803032200925,0,0,0,1,1,1,0.015794884777513007,0,0,0
TUR.59.4_1,2048,6,albopictus,27.149007881388943,28.23043493377265,0.18504338064481746,0.09454337649147959,0.09393556823430432,0.09518747939631488,1.93785899993415e-10,1.6096880217641995e-10,2.335222709648477e-10,0.9999999998062141,0.9999999997664777,0.9999999998390312,0.018334183947054994,3.585879870815489e-11,2.978618740545613e-11,4.3211767497552955e-11
TUR.59.4_1,2048,7,albopictus,28.50029137555291,36.03765925731263,0.21730278241854115,0.10666653084238069,0.10599029359004362,0.10733072084983425,5.671326613221339e-9,4.731399566582085e-9,6.714804340335333e-9,0.9999999943286734,0.9999999932851957,0.9999999952686004,0.020809727618534724,1.2323950531190064e-9,1.0281462570205237e-9,1.4591456320989237e-9
TUR.59.4_1,2048,8,albopictus,26.76941478953642,45.82924428034621,0.25803335647459674,0.14112324547548719,0.14045696799730617,0.14178400306451994,1.1974349140968621e-5,1.0536521609527672e-5,1.3531519368120693e-5,0.999988025650859,0.9999864684806319,0.9999894634783905,0.024661774295821393,3.089776707741687e-6,2.7187703406011953e-6,3.4915772652410746e-6
TUR.59.4_1,2048,9,albopictus,24.660127751967487,43.99384606082001,0.2056650454679213,0.12382892188487468,0.12330742708603666,0.12439058129942965,3.495509886660697e-7,3.108432947124262e-7,3.949242377926376e-7,0.9999996504490113,0.9999996050757622,0.9999996891567052,0.020356456441822934,7.189041738453473e-8,6.392959827350441e-8,8.122210805594498e-8
TUR.59.4_1,2048,10,albopictus,16.891344631419464,58.37701575837131,0.20267431901165497,0.022908405023725716,0.02277513587916691,0.02304058607053734,0,0,0,1,1,1,0.01942254766728546,0,0,0
TUR.59.4_1,2048,11,albopictus,13.654115606756772,65.33760982234743,0.11756115771796405,0.0021191595492651857,0.002091769716280405,0.002146379849713058,0,0,0,1,1,1,0.011687282643565333,0,0,0
TUR.59.4_1,2048,12,albopictus,8.210540519041174,77.10094845927496,0.09669589806291305,0,0,0,0,0,0,1,1,1,0.009314020833380177,0,0,0
TUR.59.4_1,2049,1,albopictus,8.72414449120269,75.05992551063596,0.08965495420832748,0,0,0,0,0,0,1,1,1,0.008638755542473509,0,0,0
TUR.59.4_1,2049,2,albopictus,7.794394033796648,73.29573551914758,0.06706461893935617,0,0,0,0,0,0,1,1,1,0.007159740939847614,0,0,0
TUR.59.4_1,2049,3,albopictus,8.554480454500982,76.77481784077455,0.08232741188670822,0,0,0,0,0,0,1,1,1,0.007935515121611614,0,0,0
TUR.59.4_1,2049,4,albopictus,10.469156110987944,66.51081670699271,0.10886286005635884,7.539592122848427e-22,4.645578070638935e-27,4.920075816980012e-22,0,0,0,1,1,1,0.01082724483471631,0,0,0
TUR.59.4_1,2049,5,albopictus,17.354549548205206,67.71822742810365,0.15216149319830988,0.03229492648083624,0.032129254147369814,0.03245738990164677,0,0,0,1,1,1,0.014617418684107486,0,0,0
TUR.59.4_1,2049,6,albopictus,23.568979347453396,48.03314260589179,0.17114681054706563,0.11969653535732314,0.11922275563152053,0.12019488552121983,1.3767229288463855e-7,1.2325506131005692e-7,1.5410779722058178e-7,0.9999998623277071,0.9999998458922028,0.9999998767449386,0.016969056854992393,2.35621735500402e-8,2.1094710445090927e-8,2.6375057615712903e-8
TUR.59.4_1,2049,7,albopictus,30.574201135074393,27.593060105701305,0.20098356398558315,0.06429268953952277,0.06360417117871961,0.06495630868463874,3.4912073232362674e-15,2.55351295663786e-15,4.6629367034256575e-15,0.9999999999999966,0.9999999999999953,0.9999999999999974,0.019262091031925777,6.971090371621358e-16,5.551115123125783e-16,8.881784197001252e-16
TUR.59.4_1,2049,8,albopictus,29.102746851303998,42.636865282543475,0.23865531326487954,0.12017222561445472,0.11938880445721384,0.12093705514067489,1.538915710402877e-7,1.2806784457641828e-7,1.8251372835842438e-7,0.999999846108429,0.9999998174862716,0.9999998719321553,0.022831011808564394,3.672704041546293e-8,3.0564071148986294e-8,4.35578700191952e-8
TUR.59.4_1,2049,9,albopictus,22.32734500660616,53.075282218046574,0.19021980926956109,0.10912945719393811,0.10868273089438339,0.10954144657790801,1.0678501471961255e-8,9.512809542866486e-9,1.1839284788650595e-8,0.9999999893214986,0.9999999881607152,0.9999999904871905,0.018842204752054115,2.0312625111928996e-9,1.8095248688343445e-9,2.2520665166059215e-9
TUR.59.4_1,2049,10,albopictus,16.255289638743683,62.16330878815646,0.18745368333506363,0.01728221003391912,0.017172442157123102,0.017390346322078802,0,0,0,1,1,1,0.0179771273871,0,0,0
TUR.59.4_1,2049,11,albopictus,10.278204847784604,64.162942463949,0.10873243407863346,0,0,0,0,0,0,1,1,1,0.010814343368208967,0,0,0
TUR.59.4_1,2049,12,albopictus,7.559338317197912,73.13602841532965,0.0894341342488613,0,0,0,0,0,0,1,1,1,0.00861757025000165,0,0,0
TUR.59.4_1,2050,1,albopictus,8.911707433707573,75.52457089637815,0.09130896012789476,0,0,0,0,0,0,1,1,1,0.008797425169216555,0,0,0
TUR.59.4_1,2050,2,albopictus,7.672514932997087,70.65340153477258,0.068301865421703,0,0,0,0,0,0,1,1,1,0.007291345229431645,0,0,0
TUR.59.4_1,2050,3,albopictus,7.962138077791999,69.23207797261048,0.08384623511076404,0,0,0,0,0,0,1,1,1,0.008081320913553847,0,0,0
TUR.59.4_1,2050,4,albopictus,13.853605116114897,63.80565465865287,0.1108712244188663,0.002625064920561992,0.0025948343424397474,0.0026548458386783822,0,0,0,1,1,1,0.01102588681775829,0,0,0
TUR.59.4_1,2050,5,albopictus,17.08263411241419,66.88579944958802,0.15496865553197625,0.02820359665154205,0.028060149012983607,0.028349290472410416,0,0,0,1,1,1,0.014885072217273865,0,0,0
TUR.59.4_1,2050,6,albopictus,22.221885765300076,56.463017026057805,0.1743042248836134,0.11330557680560217,0.11287017677821269,0.11372746192525697,3.026642831571724e-8,2.7168391703025208e-8,3.3501773327726525e-8,0.9999999697335716,0.9999999664982268,0.9999999728316084,0.017279391458983384,5.2755663119130604e-9,4.735565400926234e-9,5.839500583082468e-9
TUR.59.4_1,2050,7,albopictus,28.209369210635916,34.67736491527162,0.2046914238300646,0.10515857930822543,0.10444624171106823,0.10583090290405237,3.8148857955944135e-9,3.142241908338228e-9,4.537024017592373e-9,0.9999999961851143,0.9999999954629759,0.9999999968577581,0.019613941325392847,7.808744043602545e-10,6.431899401970753e-10,9.286899332883181e-10
TUR.59.4_1,2050,8,albopictus,29.572486765244427,35.10874333430129,0.2430581631058271,0.09378359935493306,0.09307286109574543,0.09446841648278183,1.5463871072540768e-10,1.2418155115323516e-10,1.8871007256837658e-10,0.9999999998453613,0.99999999981129,0.9999999998758184,0.023247277474521044,3.75862002632843e-11,3.018333083470992e-11,4.586756530144953e-11
TUR.59.4_1,2050,9,albopictus,24.74635898365694,39.410513999052434,0.19372909320516749,0.11406436543206128,0.11348537991523572,0.11459481000041676,3.644335201735682e-8,3.158255152402312e-8,4.1339762330006017e-8,0.999999963556648,0.9999999586602376,0.9999999684174485,0.019186460472883526,7.060137515280118e-9,6.1184591004792566e-9,8.008714638685354e-9
TUR.59.4_1,2050,10,albopictus,18.030029857859894,46.466565776681854,0.19091193619591987,0.03179047519177194,0.03160200086654319,0.03197062861537651,0,0,0,1,1,1,0.018305725631200476,0,0,0
TUR.59.4_1,2050,11,albopictus,12.021938253851499,72.5511031695154,0.11073839226803951,9.401570639417178e-5,9.142501632295895e-5,9.657058320133585e-5,0,0,0,1,1,1,0.01101274997465218,0,0,0
TUR.59.4_1,2050,12,albopictus,5.928898558897131,64.13964474833746,0.09108406635540463,0,0,0,0,0,0,1,1,1,0.008775852487397762,0,0,0
TUR.59.4_1,2051,1,albopictus,7.1187100734780815,71.81123776649534,0.08920893900010768,0,0,0,0,0,0,1,1,1,0.008595964729459782,0,0,0
TUR.59.4_1,2051,2,albopictus,4.055850046522478,69.65736881992883,0.06673098606603034,0,0,0,0,0,0,1,1,1,0.007124249861042986,0,0,0
TUR.59.4_1,2051,3,albopictus,11.719843289431402,67.83754672261048,0.08191784971494552,2.52698992175674e-5,2.4323649179225263e-5,2.6212433529292837e-5,0,0,0,1,1,1,0.007896193818015318,0,0,0
TUR.59.4_1,2051,4,albopictus,15.262803877101225,53.41362585005912,0.10832128941339565,0.008101088949613046,0.008034985447274517,0.008169032870319993,0,0,0,1,1,1,0.0107736726915727,0,0,0
TUR.59.4_1,2051,5,albopictus,16.506086489733526,64.81653980603333,0.15140452063978085,0.020550652580342398,0.02043495595159167,0.020670759853507543,0,0,0,1,1,1,0.014545231436179251,0,0,0
TUR.59.4_1,2051,6,albopictus,25.871656501994412,30.511436978450384,0.1702953898864189,0.10010742574437348,0.09948691456019511,0.10068758325060022,9.629706756442147e-10,8.063723411222413e-10,1.1282498268982975e-9,0.9999999990370293,0.9999999988717502,0.9999999991936277,0.016885356006306473,1.6398946867113296e-10,1.37321451432193e-10,1.9213571844645116e-10
TUR.59.4_1,2051,7,albopictus,28.700767068301932,36.13517817821107,0.19998371152978361,0.10530432163371532,0.1046222310101153,0.106004521302849,3.964372617071277e-9,3.2933859001049724e-9,4.749133614145862e-9,0.9999999960356274,0.9999999952508664,0.9999999967066141,0.019167190323922778,7.928099505782882e-10,6.586234918559696e-10,9.497493624888165e-10
TUR.59.4_1,2051,8,albopictus,29.191375620224896,36.03664174128371,0.23746805149916317,0.10041931869173645,0.0996726376482162,0.10109564356026467,1.052312342375572e-9,8.496149145331699e-10,1.2634450291537647e-9,0.9999999989476877,0.9999999987365549,0.9999999991503851,0.02271873225730736,2.498905611325597e-10,2.0175641435304924e-10,3.000278331333206e-10
TUR.59.4_1,2051,9,albopictus,24.112064473769244,47.83612358767548,0.18927350430975087,0.1266731635552872,0.1261318285671334,0.1271781796652928,6.500351768700119e-7,5.773962669264332e-7,7.233155635749666e-7,0.9999993499648231,0.9999992766844364,0.9999994226037331,0.01874935291001556,1.2303442825722933e-7,1.092858088719284e-7,1.3690446209746464e-7
TUR.59.4_1,2051,10,albopictus,15.373428905711455,58.044725108957245,0.18652113929059305,0.009374734948370291,0.0092946175689545309,0.009452425825541896,0,0,0,1,1,1,0.017888499557540793,0,0,0
TUR.59.4_1,2051,11,albopictus,11.23122208258685,72.099954182699,0.10819151227844895,1.2081119883903998e-6,1.1309957140087693e-6,1.28941577269692e-6,0,0,0,1,1,1,0.01076083471241196,0,0,0
TUR.59.4_1,2051,12,albopictus,6.597419963163488,71.71320737040777,0.08898921757514046,0,0,0,0,0,0,1,1,1,0.008574883920754117,0,0,0
TUR.59.4_1,2052,1,albopictus,6.0911550846169975,68.49042172645628,0.08976429938791104,0,0,0,0,0,0,1,1,1,0.00864924586503224,0,0,0
TUR.59.4_1,2052,2,albopictus,5.861512678511003,77.14829746983118,0.06954449860142327,0,0,0,0,0,0,1,1,1,0.00716844174634057,0,0,0
TUR.59.4_1,2052,3,albopictus,8.690027615603277,64.38897647114564,0.08242782023242534,0,0,0,0,0,0,1,1,1,0.007945154902561202,0,0,0
TUR.59.4_1,2052,4,albopictus,13.915471876368803,58.37893117842826,0.1089956316258494,0.002584204098032684,0.002554687002342526,0.00261443627257568,0,0,0,1,1,1,0.010840378149449603,0,0,0
TUR.59.4_1,2052,5,albopictus,19.37549700456507,58.92643360486146,0.15234707274543463,0.06025417607110689,0.05999124306315455,0.06049952082615825,5.46007683510652e-16,4.440892098500626e-16,5.551115123125783e-16,0.9999999999999994,0.9999999999999994,0.9999999999999996,0.014635115317440994,1.1102230246251565e-16,1.1102230246251565e-16,1.1102230246251565e-16
TUR.59.4_1,2052,6,albopictus,23.382467354045193,44.41757635222968,0.17135554501020459,0.10971133119912999,0.10919319041099039,0.11017196426017895,1.2383125052584099e-8,1.083651561539778e-8,1.3885890165488135e-8,0.9999999876168749,0.9999999861141099,0.9999999891634844,0.01698957588445682,2.121917140662788e-9,1.856896997276536e-9,2.379424240972483e-9
TUR.59.4_1,2052,7,albopictus,28.80955651227166,35.0748945173224,0.20122868801795152,0.10154594556641804,0.10082380597020818,0.10227784078274725,1.4379184197776951e-9,1.1717558007218187e-9,1.7488726383740882e-9,0.9999999985620815,0.9999999982511273,0.9999999988282442,0.019285355507370094,2.8935043761002533e-10,2.3579084795777304e-10,3.5192330716249383e-10
TUR.59.4_1,2052,8,albopictus,29.140432245591107,39.06241765070754,0.23894638260196135,0.10926325167363561,0.10850915263483128,0.11001550909541487,1.1079868330932108e-8,9.09918957125999e-9,1.3348464458773355e-8,0.9999999889201316,0.9999999866515356,0.9999999909008105,0.022858536317321265,2.647494453111854e-9,2.174218405315287e-9,3.1895673185955427e-9
TUR.59.4_1,2052,9,albopictus,23.904598348280963,35.90857994753876,0.19045180558687108,0.09941184252014422,0.09891023407745807,0.09989288873895583,7.91337601668829e-10,6.851772788030175e-10,9.037903231368105e-10,0.9999999992086624,0.9999999990962097,0.9999999993148228,0.018864966987535148,1.5071167613900372e-10,1.304932106815926e-10,1.7212852254644416e-10
TUR.59.4_1,2052,10,albopictus,20.41807612250833,42.76719443879123,0.18768230602355715,0.06276090608505637,0.06246468988888722,0.06306925501773057,1.7414958364270205e-15,1.5543122344752192e-15,1.9984014443252818e-15,0.9999999999999982,0.999999999999998,0.9999999999999984,0.01799885418313263,3.3195668436292183e-16,3.3306690738754696e-16,3.3306690738754696e-16
TUR.59.4_1,2052,11,albopictus,12.231885839911069,73.86771541316774,0.1088650465776958,1.8392098183341965e-4,1.7950081606889014e-4,1.8828764263339865e-4,0,0,0,1,1,1,0.010827461119426118,0,0,0
TUR.59.4_1,2052,12,albopictus,8.035087809843176,69.30517972148199,0.08954321011150262,0,0,0,0,0,0,1,1,1,0.008628034958679809,0,0,0
TUR.59.4_1,2053,1,albopictus,8.575620683677055,75.9271206400305,0.10060643223534357,0,0,0,0,0,0,1,1,1,0.009688863905425005,0,0,0
TUR.59.4_1,2053,2,albopictus,8.38766052091823,67.18516270420618,0.07525665592370329,0,0,0,0,0,0,1,1,1,0.008030792627992667,0,0,0
TUR.59.4_1,2053,3,albopictus,9.15341129022486,67.5729745790558,0.0923838203725501,0,0,0,0,0,0,1,1,1,0.00890052344337855,0,0,0
TUR.59.4_1,2053,4,albopictus,13.763683164820952,60.10174383101615,0.1221606106424007,0.002226297260145099,0.0021973293428406704,0.0022549052080785338,0,0,0,1,1,1,0.012141747902785549,0,0,0
TUR.59.4_1,2053,5,albopictus,18.17200007158167,55.14675144543763,0.1707482323699916,0.03798532237767504,0.037801178106402634,0.038174324246302,0,0,0,1,1,1,0.016388249694037627,0,0,0
TUR.59.4_1,2053,6,albopictus,27.117542350993435,32.532040158382024,0.1920526327813263,0.10460496955796077,0.10393005690638427,0.10524478735371674,3.2906306718372138e-9,2.7364117416439627e-9,3.886158395083328e-9,0.9999999967093693,0.9999999961138416,0.9999999972635882,0.019022017180916673,6.319742845706244e-10,5.255350876698373e-10,7.463469453572457e-10
TUR.59.4_1,2053,7,albopictus,29.020436791812674,35.328602403064586,0.22553398737507,0.10024550532236395,0.09950494426725952,0.10098185440287707,1.0029295560709528e-9,8.104756699101045e-10,1.2242548613761172e-9,0.9999999989970705,0.9999999987757452,0.9999999991895243,0.02158940889652161,2.2619470163576237e-10,1.8278978330954487e-10,2.7611105624103514e-10
TUR.59.4_1,2053,8,albopictus,28.35656536326689,42.20285954523879,0.2678073935077381,0.1253462733773877,0.12460368283576452,0.12606667764229854,4.883480918744798e-7,4.138529404257296e-7,5.693111580551412e-7,0.9999995116519081,0.999999430688842,0.9999995861470596,0.02558388573309156,1.3078322100257278e-7,1.1083287116409047e-7,1.524657257279127e-7
TUR.59.4_1,2053,9,albopictus,22.814170949599323,53.30154335696259,0.2134554249688137,0.11841468493256252,0.11796438177157753,0.11887819343881417,1.0235231753263907e-7,9.201924414392604e-8,1.1381552843248155e-7,0.9999998976476825,0.9999998861844716,0.9999999079807559,0.021119338744099436,2.1847657197038294e-8,1.9642006671150017e-8,2.429454171448686e-8
TUR.59.4_1,2053,10,albopictus,17.770216549144074,49.35328071198459,0.21035141288336004,0.029890913857047844,0.02972517172560887,0.030052921685545984,0,0,0,1,1,1,0.020150791803214663,0,0,0
TUR.59.4_1,2053,11,albopictus,13.843284536810483,69.03408199031618,0.12201425294911286,0.002815043680683037,0.0027829155740246637,0.0028466243211705206,0,0,0,1,1,1,0.012127289731475366,0,0,0
TUR.59.4_1,2053,12,albopictus,9.415241942686194,75.97911465800543,0.1003586388090414,0,0,0,0,0,0,1,1,1,0.009665115950734715,0,0,0
TUR.59.4_1,2054,1,albopictus,8.650345357901909,72.09809537147581,0.0926740312574677,0,0,0,0,0,0,1,1,1,0.008928358006330184,0,0,0
TUR.59.4_1,2054,2,albopictus,6.866076486952165,69.94389073154993,0.06932297993721767,0,0,0,0,0,0,1,1,1,0.007399946704658156,0,0,0
TUR.59.4_1,2054,3,albopictus,10.346287152346441,69.99989260884095,0.08509973832351309,0,0,0,0,0,0,1,1,1,0.008201640059290471,0,0,0
TUR.59.4_1,2054,4,albopictus,11.837855184779448,65.21799291548881,0.11252875186570842,3.938840201561546e-5,3.804623923270655e-5,4.076487795925903e-5,0,0,0,1,1,1,0.011189798406666784,0,0,0
TUR.59.4_1,2054,5,albopictus,18.81040110307581,56.73323063244935,0.1572854406246893,0.048759532229936016,0.04852664980857994,0.04899441444704278,0,0,0,1,1,1,0.015105915160523953,0,0,0
TUR.59.4_1,2054,6,albopictus,24.31264694999246,46.77154592620429,0.176910077198851,0.12663950287458803,0.12614109221240308,0.1271317808397425,6.452557983929186e-7,5.785547595366092e-7,7.161576171393902e-7,0.9999993547442017,0.9999992838423828,0.9999994214452405,0.017535440573525407,1.1415224656841084e-7,1.0235216194587338e-7,1.2669549127597434e-7
TUR.59.4_1,2054,7,albopictus,28.001508263980643,42.50081691112123,0.20775156549360155,0.12842762949981523,0.1277277185978786,0.1291375251100083,9.46450443955138e-7,8.134709570090104e-7,1.0965757378217367e-6,0.9999990535495561,0.9999989034242621,0.999999186529043,0.019904232554725287,1.9662654195518048e-7,1.6899985053331344e-7,2.278153002355232e-7
TUR.59.4_1,2054,8,albopictus,27.430917627671185,46.944238329418475,0.24669188843571874,0.14446291585801643,0.14377304629608786,0.1451470515215945,2.2260936155020894e-5,1.9575515445796608e-5,2.516328607701512e-5,0.999977739063845,0.999974836713923,0.9999804244845542,0.023590693003565533,5.4915772336642246e-6,4.829109212248217e-6,6.207559294596487e-6
TUR.59.4_1,2054,9,albopictus,22.510225408217487,43.434134604521184,0.19662534776465768,0.09556522222540152,0.09512172294691237,0.09599380916995714,2.6152107879262587e-10,2.2903254293105135e-10,2.959463091256609e-10,0.999999999738479,0.9999999997040536,0.9999999997709674,0.019470487908696765,5.1421672253582076e-11,4.503356021423599e-11,5.819056347888818e-11
TUR.59.4_1,2054,10,albopictus,16.280972088084503,61.00705115876193,0.19376607419099612,0.017258181650558927,0.017146513277150957,0.01736673439530134,0,0,0,1,1,1,0.018576838922765737,0,0,0
TUR.59.4_1,2054,11,albopictus,11.789341856451596,69.92049556453493,0.11239393387106171,3.652978321371774e-5,3.517825451703807e-5,3.781837389403398e-5,0,0,0,1,1,1,0.011176467375957344,0,0,0
TUR.59.4_1,2054,12,albopictus,8.322131858152503,70.00821316874762,0.09244577531772022,0,0,0,0,0,0,1,1,1,0.008906465701086774,0,0,0
TUR.59.4_1,2055,1,albopictus,9.356113466269829,76.17901272987424,0.09788318488142203,0,0,0,0,0,0,1,1,1,0.009427842849512036,0,0,0
TUR.59.4_1,2055,2,albopictus,6.79605724180446,64.81353489658899,0.07321958449043948,0,0,0,0,0,0,1,1,1,0.007814264127742332,0,0,0
TUR.59.4_1,2055,3,albopictus,10.307107350405524,61.16892947407533,0.08988314532837208,0,0,0,0,0,0,1,1,1,0.008660647542630295,0,0,0
TUR.59.4_1,2055,4,albopictus,13.448904836879057,51.70493520674857,0.11885392783600568,0.0012847032064344068,0.001266048117076925,0.0013045055111207853,0,0,0,1,1,1,0.011815040500138374,0,0,0
TUR.59.4_1,2055,5,albopictus,19.31700434404261,51.56501011242982,0.16612636414887594,0.053175800044993844,0.052907458649219835,0.053423052841288635,0,0,0,1,1,1,0.01594820381675932,0,0,0
TUR.59.4_1,2055,6,albopictus,25.17399033378152,33.505550900569524,0.18685409017908028,0.10401940288514526,0.10347872532894616,0.10456416834102562,2.8103193152606564e-9,2.423283518293573e-9,3.242764026745171e-9,0.9999999971896807,0.999999996757236,0.9999999975767164,0.018511919020498424,5.251196595335018e-10,4.5280041938156047e-10,6.059237167566067e-10
TUR.59.4_1,2055,7,albopictus,31.60905793133904,25.383663743396617,0.21942916066874368,0.04677759385031898,0.046228175056146376,0.0473293193867769,0,0,0,1,1,1,0.021011203233112674,0,0,0
TUR.59.4_1,2055,8,albopictus,29.669855005600873,38.56688847590285,0.26055829661078683,0.10181261205252674,0.1011002763749906,0.10250830906507706,1.547059710893528e-9,1.2650658798296631e-9,1.8624333741890098e-9,0.9999999984529403,0.9999999981375666,0.9999999987349341,0.024900068145628174,4.030992433179392e-10,3.296234285521393e-10,4.852725138393411e-10
TUR.59.4_1,2055,9,albopictus,23.86695110096651,51.828246237821965,0.20767754468510846,0.13264398384367543,0.13215736007172374,0.13314810732132484,2.269754728583151e-6,2.052361716686768e-6,2.5114870371767405e-6,0.9999977302452714,0.9999974885129628,0.9999979476382833,0.020553589791075355,4.713769776704124e-7,4.262293513412896e-7,5.215793253660061e-7
TUR.59.4_1,2055,10,albopictus,21.128656948313996,43.83744590363498,0.2046575529998463,0.07490075182962982,0.07455822948770618,0.07523185740767525,2.6752300374965896e-13,2.3434865159543964e-13,3.025524275557245e-13,0.9999999999997324,0.9999999999996975,0.9999999999997656,0.01961072778886075,5.475175868241422e-14,4.79588591062452e-14,6.19532203316453e-14
TUR.59.4_1,2055,11,albopictus,12.804332663031186,63.080186421468525,0.11871153179996098,5.508268247207444e-4,5.400662708383145e-4,5.604312732835089e-4,0,0,0,1,1,1,0.011800969037841336,0,0,0
TUR.59.4_1,2055,12,albopictus,6.934045539182775,70.80555356181402,0.09764209880749788,0,0,0,0,0,0,1,1,1,0.009404731629687024,0,0,0
TUR.59.4_1,2056,1,albopictus,8.2854795780252,74.97159238075315,0.09827703126381826,0,0,0,0,0,0,1,1,1,0.0094655969616948,0,0,0
TUR.59.4_1,2056,2,albopictus,7.124211805708269,74.08423344395227,0.07613970041411686,0,0,0,0,0,0,1,1,1,0.007845582225622705,0,0,0
TUR.59.4_1,2056,3,albopictus,11.636147877749274,68.48446597309876,0.09024480245741684,1.7127100184227857e-05,1.640511352266129e-5,1.7863168581848017e-5,0,0,0,1,1,1,0.008695342897808045,0,0,0
TUR.59.4_1,2056,4,albopictus,12.473095739589018,55.4860936540142,0.11933215287096444,2.2994657150887164e-4,2.2454691415741825e-4,2.3550076329231497e-4,0,0,0,1,1,1,0.011862296848851095,0,0,0
TUR.59.4_1,2056,5,albopictus,19.121113917406866,59.76173023572083,0.1667947962970527,0.05634468397019336,0.05609258959606875,0.05659191844356046,1.1102230246251565e-16,1.1102230246251565e-16,1.1102230246251565e-16,0.9999999999999999,0.9999999999999999,0.9999999999999999,0.01601185709887487,0,0,0
TUR.59.4_1,2056,6,albopictus,24.38039597342996,47.168453732600774,0.18760592316798555,0.1283832177358741,0.12779509880664305,0.12893630203131362,9.366488904236636e-7,8.252379421119782e-7,1.051065721882627e-6,0.9999990633511096,0.9999989489342781,0.9999991747620579,0.018585707758373093,1.7572086427952714e-7,1.5481951393669926e-7,1.9718613557817565e-7
TUR.59.4_1,2056,7,albopictus,29.167544869815604,33.384895890613414,0.2203120639092371,0.09383824068286539,0.09313756147224861,0.09452442682276936,1.5720129986629418e-10,1.266328486515533e-10,1.9187987865265652e-10,0.9999999998427987,0.9999999998081202,0.9999999998733672,0.02109484666434025,3.46333413059341e-11,2.7898716670193834e-11,4.2273468059406126e-11
TUR.59.4_1,2056,8,albopictus,28.997819788315716,42.00191273737746,0.26160668855520297,0.11930960213409261,0.11857333949621587,0.12003040881737195,1.2619846819883485e-7,1.0604527882485115e-7,1.4841315603975057e-7,0.9999998738015318,0.9999998515868439,0.9999998939547212,0.02499899411879747,3.301436281843984e-8,2.7742153840826234e-8,3.8825873560632826e-8
TUR.59.4_1,2056,9,albopictus,23.919628255507526,60.71785652834931,0.20851316369135806,0.156338995026867,0.1557818391476989,0.15687584372523397,1.7291296376600795e-4,1.5773572109228917e-4,1.8847101372777565e-4,0.999827087036234,0.9998115289862722,0.9998422642789077,0.020635430775231,3.605397784082387e-5,3.288943336287042e-5,3.9297915153199694e-5
TUR.59.4_1,2056,10,albopictus,19.156242931590363,51.04379432282443,0.2054810206564892,0.05022387707523415,0.04997896736193542,0.05044589434897132,0,0,0,1,1,1,0.019688852307214177,0,0,0
TUR.59.4_1,2056,11,albopictus,11.969165731878842,68.90686946590212,0.11918918388499242,7.159483531686102e-5,6.948747876637403e-5,7.376775372170704e-5,0,0,0,1,1,1,0.011848169443320344,0,0,0
TUR.59.4_1,2056,12,albopictus,7.797955737394445,72.67560208476324,0.098034975147101,0,0,0,0,0,0,1,1,1,0.009442393634018886,0,0,0
TUR.59.4_1,2057,1,albopictus,7.903422388083794,69.90700192665159,0.10137564350048914,0,0,0,0,0,0,1,1,1,0.009762579724458376,0,0,0
TUR.59.4_1,2057,2,albopictus,8.428576486952165,72.39717594883508,0.07583204922836079,0,0,0,0,0,0,1,1,1,0.008091944933012796,0,0,0
TUR.59.4_1,2057,3,albopictus,11.378162762698004,64.99331607075501,0.09309016363280523,3.1236075877527346e-6,2.96269991661058e-6,3.3066710335690294e-6,0,0,0,1,1,1,0.008968268524952139,0,0,0
TUR.59.4_1,2057,4,albopictus,12.802231634364409,62.62290777144584,0.12309461968909251,5.441035856225923e-4,5.348449610112823e-4,5.536955620083647e-4,0,0,0,1,1,1,0.01223401044844663,0,0,0
TUR.59.4_1,2057,5,albopictus,21.324233195360968,39.12525181164857,0.17205373004965732,0.07221166133113684,0.07185942048804311,0.07258027514675305,9.467637784865701e-14,8.215372826470002e-14,1.0913769887821445e-13,0.9999999999999053,0.9999999999998909,0.9999999999999178,0.016512509862940283,1.6291301641047085e-14,1.4099832412739488e-14,1.8762769116165146e-14
TUR.59.4_1,2057,6,albopictus,26.851392830119412,37.65739492522773,0.1935210185033315,0.11795128448908766,0.11728959944212168,0.11861220039362937,9.199690576366937e-8,7.85571823092024e-8,1.0700672222196948e-7,0.9999999080030942,0.9999998929932777,0.9999999214428177,0.01916605201208066,1.7803334743438093e-8,1.5202465794561525e-8,2.070804964726669e-8
TUR.59.4_1,2057,7,albopictus,29.934541253482596,33.436722367664196,0.22725836304278357,0.08526877718674927,0.08458744486878421,0.08596074807295377,1.0584703336036228e-11,8.379577587369624e-12,1.3208711902024105e-11,0.9999999999894152,0.9999999999867912,0.9999999999916204,0.02175266760485184,2.405461274612719e-12,1.904312818545861e-12,3.0017738295029518e-12
TUR.59.4_1,2057,8,albopictus,29.42107380137724,39.631669664867694,0.26985498091739335,0.10780272377697898,0.10704327352747856,0.10854796929278082,7.622145420493886e-9,6.231649682386653e-9,9.190156596838862e-9,0.9999999923778545,0.9999999908098435,0.9999999937683504,0.02577695068491037,2.0568739049764416e-9,1.6816417203191492e-9,2.480009489436163e-9
TUR.59.4_1,2057,9,albopictus,25.900064580580768,43.96751702029267,0.21508745101172477,0.13296929899009416,0.13236552289788447,0.13359608253582317,2.4267831297871688e-6,2.1416159687537296e-6,2.749883415217868e-6,0.9999975732168702,0.9999972501165848,0.9999978583840312,0.02127908158172842,5.219704607440922e-7,4.6063461369427735e-7,5.914652393967933e-7
TUR.59.4_1,2057,10,albopictus,17.17106684516458,59.158860851144745,0.21195970643710285,0.02644601474993351,0.026295641443747974,0.026587065144008767,0,0,0,1,1,1,0.02030328495177547,0,0,0
TUR.59.4_1,2057,11,albopictus,12.546972204657163,76.61003261287478,0.1229471429820009,4.2290576705264916e-4,4.146715598133836e-4,4.3085235257639865e-4,0,0,0,1,1,1,0.012219443093478,0,0,0
TUR.59.4_1,2057,12,albopictus,8.961752162260169,70.47188962138434,0.10112595550849464,0,0,0,0,0,0,1,1,1,0.00973865197797874,0,0,0
TUR.59.4_1,2058,1,albopictus,6.55074647331939,72.15999264930784,0.09607041479570778,0,0,0,0,0,0,1,1,1,0.009254052163296222,0,0,0
TUR.59.4_1,2058,2,albopictus,7.860719698316911,73.22005955479212,0.07186357760719914,0,0,0,0,0,0,1,1,1,0.007670102510563548,0,0,0
TUR.59.4_1,2058,3,albopictus,11.621132275637457,70.47158755513001,0.08821853380946243,1.683313895789752e-5,1.6135591842082718e-5,1.75356626300337e-5,0,0,0,1,1,1,0.008500938397934643,0,0,0
TUR.59.4_1,2058,4,albopictus,13.845867002711577,59.39305700240287,0.11665278526783364,0.002424837090630655,0.0023967738238155982,0.002454428895368815,0,0,0,1,1,1,0.011597502961501527,0,0,0
TUR.59.4_1,2058,5,albopictus,18.242945811327765,67.02925495495911,0.16304974885747148,0.04603156044242529,0.04582097181059891,0.04623818575407967,0,0,0,1,1,1,0.015655171601759332,0,0,0
TUR.59.4_1,2058,6,albopictus,25.489620292887967,39.44723943816718,0.1833936030128696,0.11917910399664768,0.11857904860124155,0.11976988917008932,1.223028868877485e-7,1.0618599866618616e-7,1.3980393507306843e-7,0.9999998776971131,0.9999998601960649,0.9999998938140013,0.018172217556458703,2.242956683373709e-8,1.9473832715832804e-8,2.5639147013811758e-8
TUR.59.4_1,2058,7,albopictus,31.607862023746268,27.995052903552867,0.2153653920155725,0.05117537480084834,0.050560081983888505,0.051753451810173774,0,0,0,1,1,1,0.020626122616458686,0,0,0
TUR.59.4_1,2058,8,albopictus,29.719188577988568,39.14516224909621,0.25573282749417714,0.10281323459272013,0.10206542576717165,0.10355500838731609,2.0340589251821584e-9,1.6501261912438281e-9,2.473671115166276e-9,0.9999999979659411,0.9999999975263288,0.9999999983498737,0.024444608782035582,5.201756390071921e-10,4.2199138627907473e-10,6.325989315714153e-10
TUR.59.4_1,2058,9,albopictus,23.742349736830768,39.903433920927434,0.20383141277863429,0.1053333661243427,0.1048432339989255,0.10581080532999058,3.9864565969383035e-9,3.493105135699004e-9,4.513067100586632e-9,0.9999999960135434,0.999999995486933,0.9999999965068949,0.02017680932945365,8.125650786672268e-10,7.120045331099334e-10,9.199048189856285e-10
TUR.59.4_1,2058,10,albopictus,16.69178160499124,59.942865062570526,0.20086735052183097,0.021180347061966538,0.0210470133963474,0.02130505183850145,0,0,0,1,1,1,0.0192510611360861,0,0,0
TUR.59.4_1,2058,11,albopictus,11.499131132574643,67.8942428179529,0.11651302636782798,7.810245742080002e-6,7.4487089739298336e-6,8.179219383688352e-6,0,0,0,1,1,1,0.011583689060396085,0,0,0
TUR.59.4_1,2058,12,albopictus,8.27671168832218,72.05660641825934,0.09583379357060748,0,0,0,0,0,0,1,1,1,0.00923136498225774,0,0,0
TUR.59.4_1,2059,1,albopictus,7.303022893912652,68.05780453895628,0.09646488387207533,0,0,0,0,0,0,1,1,1,0.00929187260001374,0,0,0
TUR.59.4_1,2059,2,albopictus,8.58340837324367,69.21558110020227,0.07215865241397977,0,0,0,0,0,0,1,1,1,0.007701474681010567,0,0,0
TUR.59.4_1,2059,3,albopictus,9.983437916811774,61.48693789692689,0.08858076273940216,0,0,0,0,0,0,1,1,1,0.00853569420593181,0,0,0
TUR.59.4_1,2059,4,albopictus,14.103390539393706,55.089994563438026,0.11713176640430688,0.003011743422366006,0.002978009733544805,0.0030452795302122596,0,0,0,1,1,1,0.011644844442841085,0,0,0
TUR.59.4_1,2059,5,albopictus,17.776927134569952,65.54000477185365,0.16371923783563957,0.037561480433400025,0.03737444042820512,0.03773414136210385,0,0,0,1,1,1,0.015718944504869437,0,0,0
TUR.59.4_1,2059,6,albopictus,24.68777092765359,41.441986600032415,0.18414662469333215,0.11815667795779147,0.11759758170603252,0.11868732385565178,9.644333469815969e-8,8.444880179869774e-8,1.0888905925543478e-7,0.9999999035566653,0.9999998911109407,0.9999999155511982,0.018246148533508366,1.7759714397325156e-8,1.5550961654509087e-8,2.0051552473976386e-8
TUR.59.4_1,2059,7,albopictus,28.75720360699822,37.88948497142396,0.21624969117729226,0.10960858699555698,0.10888014673597708,0.11033439054624417,1.2092682043496339e-8,1.000519074811912e-8,1.4465789996420675e-8,0.9999999879073179,0.99999998553421,0.9999999899948092,0.020709931239907498,2.615038754760768e-9,2.1636194558194433e-9,3.128222592074792e-9
TUR.59.4_1,2059,8,albopictus,28.793403513291302,41.293508196361834,0.2567828770070579,0.1191166780452083,0.11842250109726712,0.11983127748075575,1.2068340222781692e-7,1.023913403230825e-7,1.4178839039535873e-7,0.9999998793165977,0.9999998582116096,0.9999998976086597,0.024543737435337887,3.0989430745309576e-8,2.629234261142255e-8,3.6408830186851475e-8
TUR.59.4_1,2059,9,albopictus,22.57419215931612,48.497042777128605,0.2046683529469937,0.10520701675520594,0.10479762732473716,0.10564311773494647,3.853513940721421e-9,3.450960397999303e-9,4.317862362102076e-9,0.999999996146486,0.9999999956821377,0.9999999965490396,0.02025881123648754,7.886923498734432e-10,7.063024165532283e-10,8.837297560404522e-10
TUR.59.4_1,2059,10,albopictus,17.493097866282746,56.1034790762424,0.20169212012859525,0.029264687678027642,0.029110401173298755,0.02942595369397534,0,0,0,1,1,1,0.01932933787506097,0,0,0
TUR.59.4_1,2059,11,albopictus,11.945440222235288,75.18034511287478,0.11699143364850682,7.694826740469453e-5,7.472141218133688e-5,7.915871984915145e-5,0,0,0,1,1,1,0.011630974485252077,0,0,0
TUR.59.4_1,2059,12,albopictus,9.18323491601383,73.58819211161871,0.09622729107048798,0,0,0,0,0,0,1,1,1,0.00926909313301505,0,0,0
TUR.59.4_1,2060,1,albopictus,6.2929277744363334,67.08242459510862,0.09658764879755469,0,0,0,0,0,0,1,1,1,0.009303642614880592,0,0,0
TUR.59.4_1,2060,2,albopictus,9.125844972975115,70.58688084385462,0.07483085873247433,0,0,0,0,0,0,1,1,1,0.007711237987109487,0,0,0
TUR.59.4_1,2060,3,albopictus,9.369088551577399,67.05731143208314,0.08869349402875952,0,0,0,0,0,0,1,1,1,0.008546510506564853,0,0,0
TUR.59.4_1,2060,4,albopictus,11.869586790309233,64.85668004927787,0.11728083280025009,4.431366816600525e-5,4.289278169698391e-5,4.567205141063119e-5,0,0,0,1,1,1,0.01165957738712664,0,0,0
TUR.59.4_1,2060,5,albopictus,17.450907847460577,61.34299091687318,0.1639275932415206,0.03089707340307188,0.030735668491663055,0.031059029826066856,0,0,0,1,1,1,0.015738790783379697,0,0,0
TUR.59.4_1,2060,6,albopictus,22.297203148112576,53.83488897429999,0.1843809767782601,0.10994441466793883,0.10952744359317225,0.11038388039568456,1.3131314343994838e-8,1.1797298951621294e-8,1.4647055540661924e-8,0.9999999868686856,0.9999999853529445,0.9999999882027011,0.01826915587011424,2.4211645623939405e-9,2.175197516551819e-9,2.700638407349132e-9
TUR.59.4_1,2060,7,albopictus,28.633218316470877,39.99959620799623,0.21652489886071746,0.11667655180301559,0.1159490012844268,0.11738884166201813,6.823772274633377e-8,5.719873251708307e-8,8.041120883872655e-8,0.9999999317622773,0.9999999195887912,0.9999999428012675,0.020736012326586617,1.4775165904756805e-8,1.2384949657495702e-8,1.7411028718772315e-8
TUR.59.4_1,2060,8,albopictus,30.227880365708295,37.444055223949725,0.25710966878345143,0.0914445977321703,0.09078025775054485,0.0921526083290382,7.601649676391986e-11,6.153924592133819e-11,9.38925132087931e-11,0.9999999999239835,0.9999999999061076,0.9999999999384608,0.024574585762207724,1.95445754025414e-11,1.5822385068808842e-11,2.4140681120776718e-11
TUR.59.4_1,2060,9,albopictus,25.457260244032916,38.423800589628605,0.20492882177346156,0.11654511868752905,0.11593208735032409,0.11711116475749557,6.60718439999819e-8,5.696871835936257e-8,7.532635064866344e-8,0.999999933928156,0.9999999246736493,0.9999999430312816,0.02028433010791053,1.3540025049496584e-8,1.167453223538395e-8,1.543654016833429e-8
TUR.59.4_1,2060,10,albopictus,21.29442461799173,57.19583289704318,0.2019488012865822,0.09582128363175788,0.09545959161426175,0.09618974538482564,2.8177085786840194e-10,2.530183451643353e-10,3.133825976497917e-10,0.9999999997182292,0.9999999996866173,0.9999999997469817,0.019353697541655612,5.690328608309869e-11,5.109677403414281e-11,6.328718937798072e-11
TUR.59.4_1,2060,11,albopictus,14.041884352179135,60.949998433187275,0.11714032145158167,0.0030929981550053606,0.003059914171126219,0.0031292199776992127,0,0,0,1,1,1,0.011645689984987495,0,0,0
TUR.59.4_1,2060,12,albopictus,9.225465522092932,76.14842618144293,0.09634975362621982,0,0,0,0,0,0,1,1,1,0.009280834428495144,0,0,0
TUR.59.4_1,2061,1,albopictus,6.561203512198785,75.60618252967893,0.09862161078163885,0,0,0,0,0,0,1,1,1,0.009498627172293328,0,0,0
TUR.59.4_1,2061,2,albopictus,7.698409574873308,70.50342289707727,0.07377194941048527,0,0,0,0,0,0,1,1,1,0.007872981882494967,0,0,0
TUR.59.4_1,2061,3,albopictus,9.674036404665777,72.25096072407533,0.0905612193263098,0,0,0,0,0,0,1,1,1,0.008725697160394619,0,0,0
TUR.59.4_1,2061,4,albopictus,13.45448478530435,65.43335546431693,0.11975055598273923,0.0016376738082451326,0.0016153382963139643,0.0016585821217770787,0,0,0,1,1,1,0.011903639972926539,0,0,0
TUR.59.4_1,2061,5,albopictus,18.730191371020148,54.49678043713685,0.16737961321453504,0.045960999847509704,0.045737195392030854,0.046181843044341246,0,0,0,1,1,1,0.016067544514579257,0,0,0
TUR.59.4_1,2061,6,albopictus,23.45684059928445,57.35472540008124,0.1882637081836112,0.13904454523916296,0.13855357668409288,0.13953569899122456,8.055048244666518e-6,7.320123589646399e-6,8.84061890294996e-6,0.9999919449517554,0.9999911593810971,0.9999926798764104,0.018650261596778184,1.5164720996153624e-6,1.3781126617457006e-6,1.6643663122012375e-6
TUR.59.4_1,2061,7,albopictus,27.92430451337029,41.61985835399232,0.22108452339214635,0.12617152523777533,0.1253970639258225,0.1268712821749069,5.842271135816368e-7,4.922555693065434e-7,6.77212771524327e-7,0.9999994157728864,0.9999993227872285,0.9999995077444307,0.021168021145570926,1.2916356456349477e-7,1.0883008201290068e-7,1.4972125166323736e-7
TUR.59.4_1,2061,8,albopictus,29.554586298325482,42.820363665111834,0.26252393549929315,0.11562642957168003,0.11486036992512166,0.11637037905714932,5.3182437135035345e-8,4.407253556548696e-8,6.322536205694007e-8,0.9999999468175629,0.9999999367746379,0.9999999559274645,0.025085537054467255,1.396166259892695e-8,1.157009541230547e-8,1.659817069898928e-8
TUR.59.4_1,2061,9,albopictus,25.429908864638385,49.54645073611298,0.209244253799393,0.1454757383448929,0.14486655303974355,0.1460857041433531,2.6751716504358925e-5,2.391212839765733e-5,2.9816933867629623e-5,0.9999732482834957,0.9999701830661324,0.9999760878716024,0.020707028532850447,5.597627237187264e-6,5.0034629459877465e-6,6.239002615046619e-6
TUR.59.4_1,2061,10,albopictus,17.475869739756867,69.58125464997286,0.2062014794463872,0.034941228488560794,0.034768821751601495,0.03510892458436765,0,0,0,1,1,1,0.019757199000351222,0,0,0
TUR.59.4_1,2061,11,albopictus,14.147625853033627,64.33526759822634,0.11960708571804911,0.0036403679730482655,0.003601002337337726,0.003680698015430576,0,0,0,1,1,1,0.011889463626601371,0,0,0
TUR.59.4_1,2061,12,albopictus,5.355248198789709,69.99439633525152,0.09837870596630999,0,0,0,0,0,0,1,1,1,0.009475343264461866,0,0,0
TUR.59.4_1,2062,1,albopictus,6.634190114981988,71.82961697792112,0.1062228900814196,0,0,0,0,0,0,1,1,1,0.010226979659740176,0,0,0
TUR.59.4_1,2062,2,albopictus,9.20027448499904,69.12279240391321,0.07945793636115467,0,0,0,0,0,0,1,1,1,0.008477214376241271,0,0,0
TUR.59.4_1,2062,3,albopictus,11.154449841555426,68.33935488911439,0.09754124243049685,4.792172682259673e-7,4.4718654552087755e-7,5.151582537532148e-7,0,0,0,1,1,1,0.009395063080905541,0,0,0
TUR.59.4_1,2062,4,albopictus,17.66497691939859,55.104459895469276,0.12898035272925817,0.03104890375025163,0.030883503785525717,0.031218448756105306,0,0,0,1,1,1,0.012815212083850502,0,0,0
TUR.59.4_1,2062,5,albopictus,21.34611239152796,49.20417408337708,0.18028042855357865,0.08537093663259801,0.08501749513755032,0.08573199926568816,1.0893521640298331e-11,9.67099456072873e-12,1.2250958580928284e-11,0.9999999999891065,0.9999999999877491,0.9999999999903291,0.01729518423940757,1.9638893844486915e-12,1.7434970134289074e-12,2.2085833162321934e-12
TUR.59.4_1,2062,6,albopictus,29.123691642985623,22.93832830535468,0.20277416909145995,0.07088752930289631,0.07023524205479381,0.07152760205397007,5.627576182831717e-14,4.2851833192969476e-14,7.20645765284189e-14,0.9999999999999437,0.999999999999928,0.9999999999999571,0.020073212664915796,1.1411538380912134e-14,8.659739592076221e-15,1.4654943925052066e-14
TUR.59.4_1,2062,7,albopictus,30.684525994693534,27.793575852771617,0.23812465483842254,0.0632873652437623,0.06266403955272887,0.0639575119798865,2.2265522758857514e-15,1.6653345369377348e-15,2.9976021664879227e-15,0.9999999999999978,0.999999999999997,0.9999999999999983,0.022780828943481657,5.346834086594754e-16,4.440892098500626e-16,6.661338147750939e-16
TUR.59.4_1,2062,8,albopictus,29.13188350901884,43.601071978100116,0.2827580174696849,0.12287351385591302,0.122128618861324,0.12359670387125703,2.8319885847871706e-7,2.388823709814636e-7,3.3144563392761835e-7,0.9999997168011415,0.9999996685543661,0.999999761117629,0.026992685263869,8.007674454368896e-8,6.754590333168941e-8,9.371890591913788e-8
TUR.59.4_1,2062,9,albopictus,25.605892293593463,43.875670554228215,0.22537179422788,0.13109110378123265,0.13047265253446363,0.13164679500305126,1.6514202082975604e-6,1.4498472246021744e-6,1.8482426308530365e-6,0.9999983485797918,0.9999981517573692,0.9999985501527754,0.022285114357523672,3.721834658247936e-7,3.267546169583024e-7,4.165416711693348e-7
TUR.59.4_1,2062,10,albopictus,19.960613811717316,48.43928687653537,0.22209449746624502,0.060965682156645384,0.06067413503852402,0.061240706381912105,7.606137941706947e-16,6.661338147750939e-16,8.881784197001252e-16,0.9999999999999992,0.9999999999999991,0.9999999999999993,0.021263686946612737,1.9639845305619018e-16,1.1102230246251565e-16,2.220446049250313e-16
TUR.59.4_1,2062,11,albopictus,12.494763304205502,59.8748336382654,0.12882582446678767,2.664645275071279e-4,2.610052150817718e-4,2.7230854790503116e-4,0,0,0,1,1,1,0.012799957170983589,0,0,0
TUR.59.4_1,2062,12,albopictus,8.047624812406653,62.255031711228085,0.10596126333151734,0,0,0,0,0,0,1,1,1,0.010201919558775585,0,0,0
TUR.59.4_1,2063,1,albopictus,8.828202756888725,74.81937070106565,0.10036017062819164,0,0,0,0,0,0,1,1,1,0.009665262758524529,0,0,0
TUR.59.4_1,2063,2,albopictus,8.917935388929704,71.63723484776087,0.07507244478903846,0,0,0,0,0,0,1,1,1,0.008011214030506864,0,0,0
TUR.59.4_1,2063,3,albopictus,10.069287678774664,78.73407687397767,0.09215768584442607,0,0,0,0,0,0,1,1,1,0.008878833998396618,0,0,0
TUR.59.4_1,2063,4,albopictus,13.282772863612456,62.99925817427787,0.12186158932100957,0.001231711702408865,0.001215128119172402,0.0012508947991637753,0,0,0,1,1,1,0.012112208393151636,0,0,0
TUR.59.4_1,2063,5,albopictus,16.083996913012335,70.38079456677552,0.17033027962892405,0.017516657959639054,0.01740436067258864,0.0176269190444282,0,0,0,1,1,1,0.01634846470617446,0,0,0
TUR.59.4_1,2063,6,albopictus,24.81414612601785,42.568459073176946,0.191582531725602,0.12187314871504507,0.1212928249746872,0.12244524584815511,2.2603302071155796e-7,1.9784852800797113e-7,2.5646295643833027e-7,0.9999997739669793,0.9999997435370436,0.999999802151472,0.018975900218406894,4.3303977419251184e-8,3.7904321151249756e-8,4.913382128102217e-8
TUR.59.4_1,2063,7,albopictus,30.239226846133963,32.2863088544806,0.22498193159727992,0.07867062490989597,0.07792097874288728,0.07932388598412513,1.0840843778225917e-12,8.198608458798163e-13,1.359698464931114e-12,0.9999999999989159,0.9999999999986403,0.9999999999991802,0.02153713615634667,2.43898012897148e-13,1.843997177175538e-13,3.058692188417922e-13
TUR.59.4_1,2063,8,albopictus,30.237613565781537,38.7774101739009,0.2671518620703633,0.09485263736088435,0.09407430023011214,0.0955598469246759,2.1272528172300299e-10,1.677878058714555e-10,2.605886589845951e-10,0.9999999997872747,0.9999999997394113,0.9999999998322122,0.02552206825011505,5.682995618538911e-11,4.48248577145094e-11,6.961670961924681e-11
TUR.59.4_1,2063,9,albopictus,26.09577190174776,40.80211174685517,0.21293293475779865,0.1252450878827914,0.12457114521586683,0.12586588659885273,4.773397257098466e-7,4.1090761916939834e-7,5.450695883563171e-7,0.9999995226602743,0.9999994549304116,0.9999995890923808,0.021068191851597695,1.0164134348022991e-7,8.749576140831828e-8,1.1606326031643465e-7
TUR.59.4_1,2063,10,albopictus,22.528076732859894,38.927137065744354,0.20983652058619398,0.08866242821288119,0.08822949653597273,0.08907748803478693,3.170705775712435e-11,2.7556737447476112e-11,3.609031684614905e-11,0.9999999999682929,0.9999999999639098,0.9999999999724433,0.020101966379392322,6.653298689762721e-12,5.782394008058134e-12,7.57309215337898e-12
TUR.59.4_1,2063,11,albopictus,11.342225004644956,64.76879268367556,0.12171558987798434,2.355831935534306e-6,2.214042878712635e-6,2.4931652821865355e-6,0,0,0,1,1,1,0.012097785181128251,0,0,0
TUR.59.4_1,2063,12,albopictus,7.338633761686437,68.01968014872809,0.10011298374369845,0,0,0,0,0,0,1,1,1,0.009641572369530671,0,0,0
TUR.59.4_1,2064,1,albopictus,5.361617836005547,73.4063686869055,0.10474827387140852,0,0,0,0,0,0,1,1,1,0.01008572422557974,0,0,0
TUR.59.4_1,2064,2,albopictus,6.58050777281032,69.9617053677804,0.08115326733929513,0,0,0,0,0,0,1,1,1,0.008360024591126392,0,0,0
TUR.59.4_1,2064,3,albopictus,11.312584302004645,62.18048800679017,0.09618714730916866,1.6818232774698703e-6,1.5810353132838952e-6,1.7879884270286739e-6,0,0,0,1,1,1,0.009265244254726857,0,0,0
TUR.59.4_1,2064,4,albopictus,18.076687658534333,41.89351858077201,0.12718981098480253,0.03028338711122198,0.030106913737250725,0.03045404065040945,0,0,0,1,1,1,0.012638436700912137,0,0,0
TUR.59.4_1,2064,5,albopictus,19.34348787980921,54.670333903933724,0.1777777246440062,0.056094400484466664,0.055835865396177915,0.05635007510538451,1.1102230246251565e-16,1.1102230246251565e-16,1.1102230246251565e-16,0.9999999999999999,0.9999999999999999,0.9999999999999999,0.017057147106449455,0,0,0
TUR.59.4_1,2064,6,albopictus,26.20902260612039,33.42692998992499,0.199959200712379,0.10721221642443009,0.10658104135439803,0.10782313875917884,6.5323722316934505e-9,5.524003890422512e-9,7.627271311760885e-9,0.9999999934676278,0.9999999923727287,0.9999999944759961,0.019797327544326837,1.3062079287085027e-9,1.1045754061411728e-9,1.5251430784957165e-9
TUR.59.4_1,2064,7,albopictus,31.094546822940604,28.75366648997865,0.23481894101573442,0.059663837794581766,0.05905026233621241,0.060272511180109296,4.142242104876459e-16,3.3306690738754696e-16,5.551115123125783e-16,0.9999999999999996,0.9999999999999994,0.9999999999999997,0.022468158908691582,1.1035616864774056e-16,1.1102230246251565e-16,1.1102230246251565e-16
TUR.59.4_1,2064,8,albopictus,28.350446588852826,49.18156590510207,0.2788326906804044,0.14822995200337769,0.14750169994348938,0.1489949038064813,4.37849851389096e-5,3.8406609880617394e-5,4.997447216558981e-5,0.9999562150148611,0.9999500255278344,0.9999615933901194,0.02662299843771765,1.2208610345273763e-5,1.0708961031610785e-5,1.3934419454311729e-5
TUR.59.4_1,2064,9,albopictus,24.628227346083698,57.88471901614228,0.2222431192239051,0.16031046988464404,0.1597014743157959,0.1609430982839594,3.2561465942919685e-4,2.957037020940023e-4,3.588707433569483e-4,0.9996743853405708,0.9996411292566431,0.9997042962979059,0.021979171287825228,7.236299322141804e-5,6.571595373147665e-5,7.975337293248675e-5
TUR.59.4_1,2064,10,albopictus,18.842007244334503,58.58241431794162,0.21901131882304525,0.0505923288193213,0.050375913466759355,0.05081180923476656,0,0,0,1,1,1,0.020971615740561833,0,0,0
TUR.59.4_1,2064,11,albopictus,12.323901106329526,62.58431392390993,0.12703742792738687,1.8395087044913332e-4,1.793399076441789e-4,1.8848987832692553e-4,0,0,0,1,1,1,0.012623390868896855,0,0,0
TUR.59.4_1,2064,12,albopictus,8.750913367551917,68.70489895976324,0.10449027909806126,0,0,0,0,0,0,1,1,1,0.01006100849356717,0,0,0
TUR.59.4_1,2065,1,albopictus,5.321925434119561,68.56596799110471,0.0992711097040421,0,0,0,0,0,0,1,1,1,0.009560882916476499,0,0,0
TUR.59.4_1,2065,2,albopictus,7.54045011366115,74.4599734952218,0.07425779425996544,0,0,0,0,0,0,1,1,1,0.007924625517096051,0,0,0
TUR.59.4_1,2065,3,albopictus,9.17193641382105,70.37000216694642,0.09115763439089634,0,0,0,0,0,0,1,1,1,0.008782909470011924,0,0,0
TUR.59.4_1,2065,4,albopictus,14.050273740992827,68.08479894576224,0.12053920520932901,0.0034843321099370674,0.0034495480143057373,0.0035206345675387156,0,0,0,1,1,1,0.01198156304320086,0,0,0
TUR.59.4_1,2065,5,albopictus,20.078122279223273,57.47518162121888,0.16848193630126515,0.07201684487684543,0.07170928315752129,0.07231873013422237,8.761991132644198e-14,7.749356711883593e-14,9.849066007205919e-14,0.9999999999999124,0.9999999999999015,0.9999999999999225,0.016172501315767973,1.476241351383578e-14,1.3100631690576847e-14,1.6545098624476393e-14
TUR.59.4_1,2065,6,albopictus,25.553575599894803,41.43531087981757,0.1895035690480178,0.12445029959218894,0.12378821728288666,0.1250349805376394,4.0103007625758023e-7,3.457979735443928e-7,4.548555670974563e-7,0.9999995989699237,0.9999995451444329,0.9999996542020264,0.018771927767660346,7.599662784474326e-8,6.552994800956835e-8,8.619674961296563e-8
TUR.59.4_1,2065,7,albopictus,30.587209252750174,31.913555711170055,0.22254053448915806,0.07316537447909842,0.0724533260770175,0.07381167934272702,1.38293820839408e-13,1.0391687510491465e-13,1.7609524949335764e-13,0.9999999999998617,0.9999999999998239,0.9999999999998961,0.021305933063666682,3.077538224260934e-14,2.3092638912203256e-14,3.9193648326829586e-14
TUR.59.4_1,2065,8,albopictus,29.872894174912396,40.385697985180194,0.2642528568975593,0.10432378141152641,0.10352401310834652,0.10508054094681327,3.0564023277834808e-9,2.453077299624518e-9,3.7205070330115216e-9,0.9999999969435976,0.999999996279493,0.9999999975469227,0.025248641197249122,8.076630472197977e-10,6.482326342371891e-10,9.831545660921036e-10
TUR.59.4_1,2065,9,albopictus,26.395090215346393,40.97246849734345,0.2106222876429355,0.1265094029980367,0.12588263645366954,0.12716723212055744,6.279444028682857e-7,5.470532608020662e-7,7.216204532312086e-7,0.9999993720555971,0.9999992783795468,0.9999994529467392,0.02084196912074454,1.3225907785585634e-7,1.1522160257015913e-7,1.5198933908944224e-7
TUR.59.4_1,2065,10,albopictus,20.02550371955423,51.41919868073459,0.20755947428785168,0.06487380759962504,0.06461303313446812,0.06516346627125141,4.474975945356619e-15,3.9968028886505635e-15,5.10702591327572e-15,0.9999999999999956,0.9999999999999949,0.999999999999996,0.01988601292301928,9.345857421294567e-16,7.771561172376096e-16,1.1102230246251565e-15
TUR.59.4_1,2065,11,albopictus,12.671815802069272,68.26823573787478,0.12039479008294404,4.6834183533920384e-4,4.597463198546875e-4,4.775864159080666e-4,0,0,0,1,1,1,0.011967294459426792,0,0,0
TUR.59.4_1,2065,12,albopictus,8.86792205361759,69.91081631816168,0.09902660517426372,0,0,0,0,0,0,1,1,1,0.009537447137541455,0,0,0
TUR.59.4_1,2066,1,albopictus,9.161338361747124,74.55999417518674,0.10259837726767707,0,0,0,0,0,0,1,1,1,0.0098797466694166,0,0,0
TUR.59.4_1,2066,2,albopictus,10.366750734693865,69.99313847324915,0.07674669108931358,0,0,0,0,0,0,1,1,1,0.008189144523432113,0,0,0
TUR.59.4_1,2066,3,albopictus,10.905638119753668,68.51758517475892,0.09421296278392807,1.2439296804325683e-8,1.0868439077249183e-8,1.4420594308967497e-8,0,0,0,1,1,1,0.009075946183231154,0,0,0
TUR.59.4_1,2066,4,albopictus,14.842721784816069,58.65252508101615,0.12457931505432865,0.006321292679146236,0.006259873276127666,0.006379183851033758,0,0,0,1,1,1,0.012380652720884622,0,0,0
TUR.59.4_1,2066,5,albopictus,18.7487956495846,58.64656833996888,0.17412894159197753,0.04907447720252753,0.048839420995792096,0.049301916126650955,0,0,0,1,1,1,0.016710000798424107,0,0,0
TUR.59.4_1,2066,6,albopictus,24.40712364982156,41.71172384368476,0.19585515593332947,0.11610235649988399,0.11555216872926717,0.1166705299338955,5.9445476520259e-8,5.202997162834233e-8,6.78848302015922e-8,0.9999999405545235,0.9999999321151698,0.9999999479700283,0.019394965418334964,1.1642703006242706e-8,1.0190338159410395e-8,1.3295593945250594e-8
TUR.59.4_1,2066,7,albopictus,28.498181847965018,42.50365886058412,0.22999942060624973,0.12523825043988746,0.12448696330680095,0.12594386135215907,4.769585596459125e-7,4.033802890018867e-7,5.543636315247236e-7,0.9999995230414404,0.9999994456363684,0.999999596619711,0.0220121266342983,1.0970018631717426e-7,9.277722848310965e-8,1.2750330590505232e-7
TUR.59.4_1,2066,8,albopictus,28.889028436997357,40.64988484431105,0.27310981399186807,0.11633402544244684,0.11560553915923358,0.11707287375336115,6.291989886786364e-8,5.269807762109391e-8,7.464984069227576e-8,0.9999999370801012,0.9999999253501594,0.9999999473019223,0.02608376688415459,1.7184041727902333e-8,1.439236209654915e-8,2.038760392730765e-8
TUR.59.4_1,2066,9,albopictus,24.532596700331744,54.66243279177704,0.21768171014704796,0.14971543601240084,0.14915365887313828,0.15028317116816842,5.673453775018733e-5,5.1381730214652974e-5,6.252962136357176e-5,0.9999432654622498,0.9999374703786365,0.9999486182697854,0.021532954218088096,1.2349994750668781e-5,1.1184800353042369e-5,1.3611462276513775e-5
TUR.59.4_1,2066,10,albopictus,21.107105816111847,38.47153632721896,0.21451624054524526,0.06837879939224663,0.06804348107652011,0.06871557728455206,2.005517973913129e-14,1.7427725929053394e-14,2.298161660974074e-14,0.9999999999999799,0.999999999999977,0.9999999999999826,0.020545638332021277,4.302003198120019e-15,3.7719827261639695e-15,4.884981308350689e-15
TUR.59.4_1,2066,11,albopictus,14.07443325659808,67.88695674617556,0.12443005956938266,0.003561401633905519,0.003526480503747747,0.0036000271959851474,0,0,0,1,1,1,0.012365911850415134,0,0,0
TUR.59.4_1,2066,12,albopictus,7.1345774987164665,59.27496731913824,0.10234567768504274,0,0,0,0,0,0,1,1,1,0.009855533182242637,0,0,0
TUR.59.4_1,2067,1,albopictus,7.90007451439605,77.50984616493284,0.1035004009080581,0,0,0,0,0,0,1,1,1,0.00996617307865133,0,0,0
TUR.59.4_1,2067,2,albopictus,7.327603357679704,71.81305424473352,0.07742143206989428,0,0,0,0,0,0,1,1,1,0.008260843584832367,0,0,0
TUR.59.4_1,2067,3,albopictus,10.33616103845484,69.51760043354798,0.09504126360041878,0,0,0,0,0,0,1,1,1,0.009155373632344754,0,0,0
TUR.59.4_1,2067,4,albopictus,14.218714559779448,61.397001399375526,0.12567459053795837,0.0037419653168570873,0.003702456897348738,0.003782777837760379,0,0,0,1,1,1,0.012488818323043271,0,0,0
TUR.59.4_1,2067,5,albopictus,18.509080073412726,65.81291584363099,0.17565984710894006,0.04990529142415528,0.04969390122526722,0.05012628661566679,0,0,0,1,1,1,0.01685566653212356,0,0,0
TUR.59.4_1,2067,6,albopictus,24.229894722209256,56.3272977267414,0.19757707381787315,0.14972497035615723,0.14911839889601042,0.15027457428288032,5.68352297707716e-5,5.106597369036736e-5,6.24367463427672e-5,0.9999431647702293,0.9999375632536571,0.9999489340263096,0.019563803016365844,1.1229275167286001e-5,1.008941475496572e-5,1.2335993552134438e-5
TUR.59.4_1,2067,7,albopictus,29.666194466983573,40.053719132800914,0.2320215277797336,0.10604967351016664,0.10525768836789458,0.10678962239920753,4.829002265061e-9,3.8994658391189315e-9,5.833200200644484e-9,0.9999999951709977,0.9999999941667997,0.9999999961005342,0.022203488196673393,1.1204324825708766e-9,9.04759986375403e-10,1.3534280668414665e-9
TUR.59.4_1,2067,8,albopictus,29.725446588852826,44.51784291315871,0.2755109387971659,0.11868517938984081,0.11793083776872927,0.11942071255176523,1.0926042050651841e-7,9.130074485330653e-8,1.2901307386847804e-7,0.9999998907395795,0.9999998709869261,0.9999999086992551,0.026310046505343965,3.010244057144451e-8,2.51543536361476e-8,3.55445124777809e-8
TUR.59.4_1,2067,9,albopictus,24.240917318007526,48.466979147978215,0.21959552256650686,0.12979622059361384,0.12924829586919134,0.13033723732681526,1.2610913097337307e-6,1.122426413133204e-6,1.4095769755084754e-6,0.9999987389086903,0.9999985904230244,0.9999988775735869,0.021720196538607572,2.7692996669248513e-7,2.464797844103916e-7,3.095367446692698e-7
TUR.59.4_1,2067,10,albopictus,19.645271862254425,46.84734122834201,0.21640222281290472,0.05458428432357475,0.05431176102602137,0.05483763698977882,0,0,0,1,1,1,0.020724386557340768,0,0,0
TUR.59.4_1,2067,11,albopictus,13.54191773078021,69.7598205157068,0.1255240228297642,0.001975081639491841,0.0019495947419321945,0.0019986236747979182,0,0,0,1,1,1,0.012473949481560997,0,0,0
TUR.59.4_1,2067,12,albopictus,9.827665076536292,77.99762356913824,0.10324547964313675,0,0,0,0,0,0,1,1,1,0.009941748841045817,0,0,0
TUR.59.4_1,2068,1,albopictus,10.01920417214141,74.67909665321409,0.10399771134006312,0,0,0,0,0,0,1,1,1,0.010013819107938748,0,0,0
TUR.59.4_1,2068,2,albopictus,5.810650366194109,74.50785557529993,0.08057177229875723,0,0,0,0,0,0,1,1,1,0.008300371031990217,0,0,0
TUR.59.4_1,2068,3,albopictus,10.020830533083746,72.56533755513001,0.09549792861277383,0,0,0,0,0,0,1,1,1,0.009199161446082238,0,0,0
TUR.59.4_1,2068,4,albopictus,12.851371610865874,72.33668340621146,0.12627844602416086,7.163328210357982e-4,7.047374963435031e-4,7.282858751921471e-4,0,0,0,1,1,1,0.012548447927116069,0,0,0
TUR.59.4_1,2068,5,albopictus,20.394131800707648,53.36099247326966,0.17650387740916362,0.07344344779535324,0.07315121692111645,0.07375298345471462,1.5302770162151093e-13,1.3644363416887017e-13,1.7219559111936178e-13,0.999999999999847,0.9999999999998278,0.9999999999998636,0.016935966827465898,2.701183721143252e-14,2.4091839634365897e-14,3.042011087472929e-14
TUR.59.4_1,2068,6,albopictus,27.393652046428006,34.60787634002265,0.19852641448778943,0.10896730138509027,0.10832693293931431,0.1095591717079154,1.026323245112426e-8,8.683581029234056e-9,1.1892638010491118e-8,0.9999999897367675,0.999999988107362,0.999999991316419,0.019656875394031714,2.037522737752262e-9,1.7239201760554932e-9,2.3610028321296993e-9
TUR.59.4_1,2068,7,albopictus,28.452580956851737,37.63365992869935,0.23313637105765586,0.11137747727721772,0.11065374314635566,0.11207692877994478,1.885569116399921e-8,1.567449954276157e-8,2.2344646408156698e-8,0.9999999811443089,0.9999999776553536,0.9999999843255005,0.022308975074089576,4.3959474027577274e-9,3.6542959880314642e-9,5.209349759893733e-9
TUR.59.4_1,2068,8,albopictus,28.789928324082318,43.51215901423293,0.2768347449157243,0.1259550678108318,0.1252050208919501,0.12665076559407543,5.574113498335587e-7,4.7206687264766956e-7,6.458370645584521e-7,0.9999994425886501,0.9999993541629354,0.9999995279331274,0.026434778197856557,1.5431081686267945e-7,1.3068450374076335e-7,1.7879012303989583e-7
TUR.59.4_1,2068,9,albopictus,25.391584508559284,42.16327202517548,0.22065065996922023,0.12530555309442618,0.12472188807811777,0.12596440861972255,4.83561360084317e-7,4.2472397790149773e-7,5.568379208009677e-7,0.9999995164386399,0.9999994431620792,0.9999995752760221,0.021823413054226637,1.0669812751995522e-7,9.371562158522195e-8,1.2286664717864325e-7
TUR.59.4_1,2068,10,albopictus,20.06257304023294,60.80427711091037,0.21744201668780513,0.07534229842233739,0.07506197288703036,0.07565504018481681,3.159779105033067e-13,2.837563517488206e-13,3.548300542277616e-13,0.999999999999684,0.9999999999996452,0.9999999999997162,0.020822921417585905,6.87055967674155e-14,6.172284905403558e-14,7.716050021144838e-14
TUR.59.4_1,2068,11,albopictus,13.880458761663999,63.43899684627321,0.12612715485121337,0.0026916237964735613,0.002659150367874531,0.002723507672393226,0,0,0,1,1,1,0.012533508543752347,0,0,0
TUR.59.4_1,2068,12,albopictus,6.906356559080236,70.49695218241949,0.10374156520061695,0,0,0,0,0,0,1,1,1,0.009989278693619985,0,0,0
TUR.59.4_1,2069,1,albopictus,6.439761671073296,71.23807950233518,0.09953959322608176,0,0,0,0,0,0,1,1,1,0.009586616444991813,0,0,0
TUR.59.4_1,2069,2,albopictus,5.765800493604997,70.15242497227258,0.07445862805945908,0,0,0,0,0,0,1,1,1,0.007945972673155222,0,0,0
TUR.59.4_1,2069,3,albopictus,10.52237643915064,72.2194360658722,0.09140417462616761,2.8327513351171426e-17,1.2312625707743956e-18,2.0790584578675918e-16,0,0,0,1,1,1,0.008806558371252882,0,0,0
TUR.59.4_1,2069,4,albopictus,11.149405325160307,69.39666570601615,0.12086520932527924,4.739864074910766e-7,4.3667585962237305e-7,5.120138821188928e-7,0,0,0,1,1,1,0.012013772325888294,0,0,0
TUR.59.4_1,2069,5,albopictus,21.070183894213507,46.422504466677864,0.16893760385442425,0.07710360157700807,0.07676573154079823,0.07745317806005886,6.090781212719776e-13,5.366679323159929e-13,6.911277106169678e-13,0.9999999999993909,0.9999999999993089,0.9999999999994633,0.016215884062696584,1.0289735730140137e-13,9.070244555431373e-14,1.1679546219056647e-13
TUR.59.4_1,2069,6,albopictus,27.10213097404031,32.31079916106757,0.19001609062462538,0.10411685660756406,0.10351571287367312,0.10470841532766466,2.886709671301446e-9,2.447590755072504e-9,3.3699286222654833e-9,0.9999999971132904,0.9999999966300713,0.9999999975524092,0.018822216534804648,5.485212853928445e-10,4.650816592954854e-10,6.403406166421988e-10
TUR.59.4_1,2069,7,albopictus,31.28269532147576,29.856365769763805,0.2231424061381642,0.059142081383984586,0.05851322251679434,0.05978718984872462,3.2385205628315814e-16,2.220446049250313e-16,4.440892098500626e-16,0.9999999999999997,0.9999999999999996,0.9999999999999998,0.021362936069233673,9.048317650695025e-17,0,1.1102230246251565e-16
TUR.59.4_1,2069,8,albopictus,29.677640802720013,46.58770909357863,0.2649675415418673,0.12598285784376217,0.12520678764272025,0.1268003206907686,5.611678191954628e-7,4.7224893460207087e-7,6.669603622166953e-7,0.9999994388321808,0.9999993330396378,0.9999995277510654,0.025316055623492595,1.4869124630290108e-7,1.251306314120626e-7,1.767228318488856e-7
TUR.59.4_1,2069,9,albopictus,26.040271871230182,46.43479073245087,0.21119192581636798,0.14061739399224218,0.13998462752830196,0.141279536976894,1.0882771814601066e-5,9.631689741304571e-6,1.230838626946895e-5,0.9999891172281854,0.9999876916137305,0.9999903683102587,0.020897744111372463,2.2983508858140934e-6,2.034133036427077e-6,2.599428421415362e-6
TUR.59.4_1,2069,10,albopictus,19.843290889964386,41.67292182526584,0.20812082893429054,0.05328895763029107,0.05303089375191438,0.053538132041434046,0,0,0,1,1,1,0.01993925581945244,0,0,0
TUR.59.4_1,2069,11,albopictus,13.476848532171811,60.843431050374775,0.12072040362119363,0.0015634802295279803,0.0015421591799785516,0.0015859521485967595,0,0,0,1,1,1,0.011999465618171445,0,0,0
TUR.59.4_1,2069,12,albopictus,10.465824828428381,68.75286496318121,0.09929442742196581,2.3088260798797216e-23,8.697392244848752e-28,3.973486127525229e-23,0,0,0,1,1,1,0.009563117892659956,0,0,0
TUR.59.4_1,2070,1,albopictus,8.721383604056694,71.35026211952268,0.10769389860536854,0,0,0,0,0,0,1,1,1,0.010367869426405996,0,0,0
TUR.59.4_1,2070,2,albopictus,6.68900157774196,66.86400334141321,0.08055829525360299,0,0,0,0,0,0,1,1,1,0.008594103655121699,0,0,0
TUR.59.4_1,2070,3,albopictus,11.915842434939215,63.4771264955597,0.09889202472367163,5.1208361459943196e-5,4.956490229773461e-5,5.290540300482366e-5,0,0,0,1,1,1,0.0095245473538621,0,0,0
TUR.59.4_1,2070,4,albopictus,14.26593669723062,61.28404058394584,0.13076651386779672,0.0039144181258376305,0.003875659946009093,0.00395420474832944,0,0,0,1,1,1,0.012991523447829612,0,0,0
TUR.59.4_1,2070,5,albopictus,19.45832934099085,53.538044017459114,0.1827770095343843,0.05710452213105505,0.05684347249206217,0.05735440350778791,1.1102230246251565e-16,1.1102230246251565e-16,1.1102230246251565e-16,0.9999999999999999,0.9999999999999999,0.9999999999999999,0.017532581574891903,0,0,0
TUR.59.4_1,2070,6,albopictus,25.866056526408475,38.97324041472968,0.20558225057880766,0.11974889603294119,0.11911710325186205,0.12035482112814186,1.394748796352818e-7,1.2028361854321545e-7,1.5984575895411354e-7,0.9999998605251204,0.999999840154241,0.9999998797163815,0.02034834546038955,2.867355924096593e-8,2.472817670629013e-8,3.2861450324772605e-8
TUR.59.4_1,2070,7,albopictus,31.51121666852166,34.727879136463024,0.2414222811481683,0.06553471631853282,0.06489484348667685,0.06620678576751957,6.022182752474237e-15,4.549138843401579e-15,7.993605777301127e-15,0.999999999999994,0.999999999999992,0.9999999999999954,0.02309263438018616,1.454836251468805e-15,1.1102230246251565e-15,1.887379141862766e-15
TUR.59.4_1,2070,8,albopictus,30.274988062241498,38.42104878474074,0.2866737408471414,0.09337120701830842,0.0926459612436998,0.09411365135365578,1.366793790369414e-10,1.0911561099113954e-10,1.6977208250334997e-10,0.9999999998633207,0.9999999998302279,0.9999999998908844,0.027361327750207498,3.9182389111047656e-11,3.128057535217721e-11,4.8669185348515497e-11
TUR.59.4_1,2070,9,albopictus,24.29901134266573,49.69522774416962,0.2284928148488852,0.13354249956940517,0.1330087810525905,0.1340890126042466,2.724599702289554e-6,2.441457791502177e-6,3.0371291286496183e-6,0.9999972754002977,0.9999969628708714,0.9999975585422085,0.02259021357595492,6.225512608806216e-7,5.578554074958663e-7,6.939619429130461e-7
TUR.59.4_1,2070,10,albopictus,17.64960631202249,59.237847972726776,0.22517013303447883,0.03267571608618801,0.032505260574174626,0.03284150851134571,0,0,0,1,1,1,0.021554956779599732,0,0,0
TUR.59.4_1,2070,11,albopictus,14.589908529730405,67.49720912654665,0.1306098456485701,0.005801276926781137,0.005749642491518764,0.005851055426337319,0,0,0,1,1,1,0.012976060040660431,0,0,0
TUR.59.4_1,2070,12,albopictus,8.456973300260657,73.36585629618902,0.10742864876463433,0,0,0,0,0,0,1,1,1,0.010342465897295039,0,0,0
TUR.59.4_1,2071,1,albopictus,7.916507276542046,65.96035428260862,0.10432245580122632,0,0,0,0,0,0,1,1,1,0.010044930799277929,0,0,0
TUR.59.4_1,2071,2,albopictus,7.158223169691423,75.74679295322962,0.07803635400749802,0,0,0,0,0,0,1,1,1,0.008326181664246368,0,0,0
TUR.59.4_1,2071,3,albopictus,9.545035740908453,67.66170443745423,0.0957961315536842,0,0,0,0,0,0,1,1,1,0.009227753910022285,0,0,0
TUR.59.4_1,2071,4,albopictus,14.38915332625894,64.44903387007865,0.12667276456619636,0.004623659063357809,0.004577875642992995,0.004669101598374015,0,0,0,1,1,1,0.012587384205080654,0,0,0
TUR.59.4_1,2071,5,albopictus,20.284176966723273,46.015773814822396,0.17705503046651336,0.06386822439037723,0.06357361673571313,0.06415507712506896,2.8665958495821542e-15,2.55351295663786e-15,3.219646771412954e-15,0.9999999999999971,0.9999999999999968,0.9999999999999974,0.01698839950147668,5.07038855346309e-16,4.440892098500626e-16,5.551115123125783e-16
TUR.59.4_1,2071,6,albopictus,25.727132881388943,38.93355993377265,0.19914633537517018,0.11908218162453156,0.11852723579068938,0.11971020703537213,1.1959635871772178e-7,1.0491538491863573e-7,1.3790018054404828e-7,0.9999998804036413,0.9999998620998195,0.9999998950846151,0.019717647028306362,2.381717627741864e-8,2.0893514224296084e-8,2.7462315174697772e-8
TUR.59.4_1,2071,7,albopictus,30.87553742352654,31.718994706531383,0.23386436539734953,0.06871578473504449,0.06800793844387913,0.06943527875128562,2.3252955116959127e-14,1.709743457922741e-14,3.097799794460343e-14,0.9999999999999768,0.999999999999969,0.9999999999999829,0.022377852021909672,5.439093619941104e-15,3.9968028886505635e-15,7.216449660063518e-15
TUR.59.4_1,2071,8,albopictus,29.007015116074506,53.03778233576613,0.27769919230509943,0.15697941467185966,0.15619814343815872,0.15774160463601378,1.920589913286026e-4,1.6883178098756337e-4,2.1667341249232973e-4,0.9998079410086714,0.9997833265875077,0.9998311682190124,0.026516219557178866,5.333319806141834e-5,4.688335015706757e-5,6.016822146302503e-5
TUR.59.4_1,2071,9,albopictus,24.061054341933307,49.662970664091496,0.22133966628247168,0.13028004912943458,0.12972085080498036,0.13082048451010403,1.3950687415996699e-6,1.2394000190429908e-6,1.5583886288195182e-6,0.9999986049312584,0.9999984416113712,0.9999987605999809,0.021890807716820615,3.087840018757282e-7,2.74328348995323e-7,3.4493315952954793e-7
TUR.59.4_1,2071,10,albopictus,19.002356136546418,65.8738419302463,0.21812100365428383,0.05913892348924853,0.05889802639537367,0.05939689451612448,3.3195668436292183e-16,3.3306690738754696e-16,3.3306690738754696e-16,0.9999999999999997,0.9999999999999997,0.9999999999999997,0.020887259478712394,1.099120794378905e-16,1.1102230246251565e-16,1.1102230246251565e-16
TUR.59.4_1,2071,11,albopictus,13.11293594977435,72.59060054500368,0.12652100096967528,0.001121907464557911,0.0011056662114305768,0.001137845769212809,0,0,0,1,1,1,0.012572398762386361,0,0,0
TUR.59.4_1,2071,12,albopictus,7.919333682340734,66.79957211650152,0.10406550981687045,0,0,0,0,0,0,1,1,1,0.01002031452744856,0,0,0
TUR.59.4_1,2072,1,albopictus,5.211082967765191,75.29984708046018,0.1024115086243734,0,0,0,0,0,0,1,1,1,0.009861841111213132,0,0,0
TUR.59.4_1,2072,2,albopictus,6.225206869490007,67.77351109287805,0.07934286867788504,0,0,0,0,0,0,1,1,1,0.008174290266427797,0,0,0
TUR.59.4_1,2072,3,albopictus,9.948551556643316,63.51740206929017,0.094041367004288,0,0,0,0,0,0,1,1,1,0.009059490718964835,0,0,0
TUR.59.4_1,2072,4,albopictus,15.579136694178862,56.48132528243217,0.12435241119670559,0.010553552174410244,0.010476197029107275,0.010629280177401158,0,0,0,1,1,1,0.012358243002666969,0,0,0
TUR.59.4_1,2072,5,albopictus,20.999638697680304,48.855651897097786,0.17381178999619448,0.07891074698298053,0.0785831288080932,0.07926158258862787,1.174854880048315e-12,1.042163577658073e-12,1.3297363210540424e-12,0.9999999999988252,0.9999999999986702,0.9999999999989578,0.01667982111022015,2.0420176660707057e-13,1.8118562206126397e-13,2.3115120928451916e-13
TUR.59.4_1,2072,6,albopictus,26.341692054972928,44.009769955745305,0.19549843306647746,0.1348117176418945,0.13416493394686835,0.13548585266551733,3.5181763946455778e-6,3.0838393755949765e-6,4.014978992192275e-6,0.9999964818236053,0.9999959850210078,0.9999969161606245,0.019359984370493133,6.877977347931053e-7,6.028855840639614e-7,7.849217936839458e-7
TUR.59.4_1,2072,7,albopictus,32.133883981143725,23.53517588939271,0.22958050872056576,0.0372623924061607,0.036742314001291874,0.03778984757089681,0,0,0,1,1,1,0.021972478339260637,0,0,0
TUR.59.4_1,2072,8,albopictus,30.610111124375287,40.14257206965285,0.27261238253366454,0.0929506042868698,0.09222740763993129,0.09368054052422133,1.20365264422162e-10,9.606133666295591e-11,1.4912319989957012e-10,0.9999999998796347,0.9999999998508768,0.9999999999039386,0.026036882861634525,3.281306237834514e-11,2.618750494232103e-11,4.0652825550324676e-11
TUR.59.4_1,2072,9,albopictus,25.125471227309284,49.77361595828095,0.2172852332540356,0.14327273430594606,0.14265921610334228,0.1438510594907581,1.787726325611738e-5,1.5932214176006543e-5,1.9858327745889136e-5,0.9999821227367439,0.9999801416722541,0.9999840677858239,0.021494159491609932,3.88445774844437e-6,3.4618288813847987e-6,4.314912067093779e-6
TUR.59.4_1,2072,10,albopictus,19.59258898566751,55.588311839914276,0.21412552911388696,0.06120675985585372,0.060936663909209134,0.06147021241179492,8.496536807456323e-16,7.771561172376096e-16,9.992007221626409e-16,0.9999999999999991,0.999999999999999,0.9999999999999992,0.020508603694878058,1.7841284005726265e-16,1.1102230246251565e-16,2.220446049250313e-16
TUR.59.4_1,2072,11,albopictus,13.34370701453265,63.848863179281025,0.12420342755982114,0.0013663048690661748,0.0013466693092678158,0.001386401481655906,0,0,0,1,1,1,0.012343528646967639,0,0,0
TUR.59.4_1,2072,12,albopictus,8.384894118589514,67.40451443827887,0.10215926929880578,0,0,0,0,0,0,1,1,1,0.009837671288984606,0,0,0
TUR.59.4_1,2073,1,albopictus,7.661504777915337,76.62269253944456,0.11107124898983498,0,0,0,0,0,0,1,1,1,0.010691268295239253,0,0,0
TUR.59.4_1,2073,2,albopictus,9.015477198011736,77.21152226231165,0.08308465554856917,0,0,0,0,0,0,1,1,1,0.008862422534658965,0,0,0
TUR.59.4_1,2073,3,albopictus,10.664522549685309,63.24127902241517,0.10199334264461564,3.6223481977120984e-12,1.8501471975768036e-12,7.862714869574306e-12,0,0,0,1,1,1,0.00982177171078591,0,0,0
TUR.59.4_1,2073,4,albopictus,15.370323026881499,57.37193120894584,0.13486743640478363,0.009263235738479713,0.009188841038507768,0.009337934211271753,0,0,0,1,1,1,0.013396204994343464,0,0,0
TUR.59.4_1,2073,5,albopictus,22.068553111132452,41.51206211438294,0.18850901488860225,0.08613174642328528,0.08575430422343687,0.08651043647670863,1.3999448378321233e-11,1.2341333510690332e-11,1.5813991782742675e-11,0.9999999999860005,0.999999999984186,0.9999999999876586,0.018077415142369158,2.6390213347937673e-12,2.3264085102780995e-12,2.981095925669308e-12
TUR.59.4_1,2073,6,albopictus,27.60137184928445,29.84940008269843,0.21202944305696353,0.09656674792713107,0.0959749213878055,0.09719341773296591,3.5119067309796747e-10,2.9431566628268514e-10,4.1936274730591807e-10,0.9999999996488094,0.9999999995806372,0.9999999997056843,0.020979742179546013,7.446276384381889e-11,6.240363503717816e-11,8.891722080850427e-11
TUR.59.4_1,2073,7,albopictus,31.79447510663201,26.977593034168102,0.24899344018887076,0.046884011606903614,0.046319171118217366,0.047434840439959006,0,0,0,1,1,1,0.023808145226557498,0,0,0
TUR.59.4_1,2073,8,albopictus,30.70908535228056,44.24424519587355,0.2956640149611316,0.10286255414045248,0.1021705362454488,0.10368148984257247,2.0625253503991912e-9,1.698299684216309e-9,2.559443390559579e-9,0.9999999979374746,0.9999999974405566,0.9999999983017003,0.02820718118558785,6.098145257649179e-10,5.021260796045369e-10,7.567352605653e-10
TUR.59.4_1,2073,9,albopictus,26.313629262587604,48.513495566435246,0.23565849745552483,0.14809963824361294,0.14744561961669675,0.14882442017815065,4.27720261025154e-5,3.8025922159881655e-5,4.8503819764550424e-5,0.9999572279738975,0.9999514961802355,0.99996197407784,0.023290343531158664,1.0079540414167586e-5,8.96109152973834e-6,1.14302719604914e-5
TUR.59.4_1,2073,10,albopictus,20.55299624274759,52.92701881012912,0.23223161418821658,0.07585502754750872,0.07553708800511828,0.07616749155787748,3.8311653849376623e-13,3.395006498152497e-13,4.297673328323981e-13,0.9999999999996169,0.9999999999995702,0.9999999999996605,0.022223367519498938,8.897260705964527e-14,7.882583474838611e-14,9.980904991380157e-14
TUR.59.4_1,2073,11,albopictus,13.47580330512103,63.98464351375368,0.13470585496877044,0.001645853602132547,0.0016238494983686679,0.0016698144418612428,0,0,0,1,1,1,0.013380263179751384,0,0,0
TUR.59.4_1,2073,12,albopictus,9.83191655663883,71.62173092997809,0.11079768074236478,0,0,0,0,0,0,1,1,1,0.010665076646349747,0,0,0
TUR.59.4_1,2074,1,albopictus,8.587743314750053,71.71467251991331,0.10210018755642213,0,0,0,0,0,0,1,1,1,0.00983200993257849,0,0,0
TUR.59.4_1,2074,2,albopictus,6.23871614301906,69.37188450596399,0.07637403010878165,0,0,0,0,0,0,1,1,1,0.008149542746481386,0,0,0
TUR.59.4_1,2074,3,albopictus,12.436599156435797,62.48381747456361,0.09375549035623709,2.45111699217572e-4,2.3950458748616155e-4,2.506030782264957e-4,0,0,0,1,1,1,0.009032075492847458,0,0,0
TUR.59.4_1,2074,4,albopictus,13.593724096522612,62.416830195762245,0.12397439190984919,0.001872595061288094,0.001846865124301659,0.0018974944741538993,0,0,0,1,1,1,0.012320907533730052,0,0,0
TUR.59.4_1,2074,5,albopictus,19.894484660204718,53.58871464123841,0.17328341898778946,0.0646967107551354,0.06443922978904983,0.06498049208320364,4.139799614222283e-15,3.6637359812630166e-15,4.6629367034256575e-15,0.9999999999999959,0.9999999999999953,0.9999999999999963,0.016629540030421053,7.138734048339756e-16,6.661338147750939e-16,7.771561172376096e-16
TUR.59.4_1,2074,6,albopictus,25.734727943644803,40.088749447932805,0.19490413676342924,0.12201474875641671,0.1214032346131664,0.1225657736481639,2.3336128917417209e-7,2.0285346161164064e-7,2.6347559289596755e-7,0.9999997666387108,0.9999997365244071,0.9999997971465384,0.019301703565115957,4.548307958140985e-8,3.953697801928335e-8,5.1352481628130775e-8
TUR.59.4_1,2074,7,albopictus,29.30632355633904,41.025494187732555,0.22888260620828235,0.11314994773710588,0.11243523617331525,0.11386155453733261,2.921371030351061e-8,2.4411821358816255e-8,3.4612529603572635e-8,0.9999999707862897,0.9999999653874704,0.9999999755881787,0.021906421153945033,6.6865101271407214e-9,5.587441245791247e-9,7.92220597178872e-9
TUR.59.4_1,2074,8,albopictus,28.865909464219037,43.444596910961444,0.27178366729250536,0.12502534739749815,0.12424635807652544,0.125822831007704,4.555444956955146e-7,3.82587075520302e-7,5.400014394557617e-7,0.9999995444555043,0.9999994599985605,0.9999996174129245,0.025958769592676956,1.23809545931719e-7,1.0398091302432633e-7,1.467635608237705e-7
TUR.59.4_1,2074,9,albopictus,25.71717654957491,48.21905815798798,0.21662470718840757,0.14386961447145166,0.1432243588728678,0.1444767488174179,1.9959378313771037e-5,1.7691769733674254e-5,2.22710678071808e-5,0.9999800406216862,0.9999777289321928,0.9999823082302663,0.021429524495675922,4.323685102990083e-6,3.832467094275205e-6,4.82445190484182e-6
TUR.59.4_1,2074,10,albopictus,20.877468670115753,62.114495921945526,0.2134746082428365,0.09421405912980571,0.09386148443285582,0.09453903533896824,1.7517732464611413e-10,1.5743752135310984e-10,1.9271509388296693e-10,0.9999999998248227,0.9999999998072849,0.9999999998425625,0.020446901294134623,3.739591170059953e-11,3.360888234382742e-11,4.113976104225259e-11
TUR.59.4_1,2074,11,albopictus,13.631858755560483,62.8214889117029,0.12382586116879221,0.001979093013963048,0.0019535452308614945,0.0020048315245445626,0,0,0,1,1,1,0.012306237354028693,0,0,0
TUR.59.4_1,2074,12,albopictus,8.82091163186466,72.06988919413824,0.10184871501397556,0,0,0,0,0,0,1,1,1,0.009807912859180812,0,0,0
TUR.59.4_1,2075,1,albopictus,11.186807664878227,73.30984921669065,0.11364007354582967,8.249478263516426e-7,7.69490400765841e-7,8.887312500743513e-7,0,0,0,1,1,1,0.01093717584720999,0,0,0
TUR.59.4_1,2075,2,albopictus,9.172895449049333,69.25289646885462,0.08500621405574917,0,0,0,0,0,0,1,1,1,0.009066458192210192,0,0,0
TUR.59.4_1,2075,3,albopictus,11.906882664736578,55.475337402542124,0.10435221594005725,3.989149043825599e-5,3.85465228680481e-5,4.126827728188615e-5,0,0,0,1,1,1,0.01004778187907196,0,0,0
TUR.59.4_1,2075,4,albopictus,12.162491644130034,69.16470159468803,0.13798661247952435,1.3539642868787668e-4,1.3187760041081782e-4,1.3870325352772822e-4,0,0,0,1,1,1,0.013703896099975021,0,0,0
TUR.59.4_1,2075,5,albopictus,19.985528132494757,58.55768589367982,0.19286879827878028,0.07139126494779709,0.07109226448152262,0.07166917883103625,6.83587630945226e-14,6.061540158697199e-14,7.627232179174825e-14,0.9999999999999316,0.9999999999999237,0.9999999999999394,0.01849161515539266,1.3184231484331121e-14,1.1657341758564144e-14,1.4765966227514582e-14
TUR.59.4_1,2075,6,albopictus,28.47864350150613,27.726662198176946,0.21693320028371849,0.08642612372139064,0.08579073353655223,0.08708446817579893,1.546842975930218e-11,1.2490292133904291e-11,1.9060514278024244e-11,0.9999999999845316,0.9999999999809395,0.9999999999875098,0.021459712253534602,3.3556150080826796e-12,2.709552027191364e-12,4.134834141744648e-12
TUR.59.4_1,2075,7,albopictus,32.38616517010857,26.091419785877086,0.25475209032791174,0.03754715160212184,0.037017128806097144,0.03805347745893308,0,0,0,1,1,1,0.024352014378688502,0,0,0
TUR.59.4_1,2075,8,albopictus,30.674981958725873,44.162831926830584,0.30250204900561817,0.10320177438848332,0.10248627241151145,0.10395953861420623,2.2605536884601207e-9,1.8512757521405022e-9,2.7581655764885583e-9,0.9999999977394464,0.9999999972418344,0.9999999981487243,0.02885004771770483,6.838221233707032e-10,5.600146596451694e-10,8.343507218455669e-10
TUR.59.4_1,2075,9,albopictus,26.002508275649127,49.54239952761689,0.241108740795707,0.14965895167292784,0.14897097683649047,0.1503306609117002,5.620725100066604e-5,4.976554649530618e-5,6.304502412015356e-5,0.9999437927489994,0.9999369549758799,0.9999502344535047,0.023822529021009786,1.3551967361566942e-5,1.1998836263912848e-5,1.5200590848921115e-5
TUR.59.4_1,2075,10,albopictus,17.559027279124543,65.99787299714083,0.2376026015376032,0.03449501928098094,0.03432712370960531,0.034663308534328675,0,0,0,1,1,1,0.022731457325958382,0,0,0
TUR.59.4_1,2075,11,albopictus,13.005693365545834,71.48135524471071,0.13782129403357923,9.24040592080512e-4,9.102110372881367e-4,9.386662758914005e-4,0,0,0,1,1,1,0.013687590671282113,0,0,0
TUR.59.4_1,2075,12,albopictus,11.679448828977698,67.08002103007574,0.11336017828900076,2.0437288690771352e-5,1.9658238464605132e-5,2.121284332367883e-5,0,0,0,1,1,1,0.010910385097938624,0,0,0
TUR.81.6_1,2025,1,aegypti,4.572239679448744,82.0864690459668,1.6771288971749335e-4,0,0,0,0,0,0,1,1,1,1.6230147939833017e-5,0,0,0
TUR.81.6_1,2025,2,aegypti,4.049488841610797,77.99371562174719,1.2545431693586475e-4,0,0,0,0,0,0,1,1,1,1.344144362036559e-5,0,0,0
TUR.81.6_1,2025,3,aegypti,10.707058573470396,73.80749804591444,1.540056349635575e-4,0,0,0,0,0,0,1,1,1,1.4903660064846669e-5,0,0,0
TUR.81.6_1,2025,4,aegypti,10.500013393514298,77.18409693150622,2.0364412657596542e-4,0,0,0,0,0,0,1,1,1,2.0364205304379546e-5,0,0,0
TUR.81.6_1,2025,5,aegypti,16.03374108146219,78.32205289884993,2.846406420410276e-4,0.0010685533832442598,0.001056651607674653,0.0010810151876547193,0,0,0,1,1,1,2.754548920069766e-5,0,0,0
TUR.81.6_1,2025,6,aegypti,21.818410901462332,70.26724150793822,3.201554940966626e-4,0.08359995033675592,0.08312681689536308,0.08405752705500119,6.0308221749849625e-12,5.120490143006861e-12,7.015560354872718e-12,0.9999999999939692,0.9999999999929845,0.9999999999948795,3.201503691740992e-5,1.9314549959403847e-15,1.6653345369377348e-15,2.220446049250313e-15
TUR.81.6_1,2025,7,aegypti,23.55538003584918,71.26188022168758,3.759695668732157e-4,0.14103081319985566,0.14037451948580917,0.14170380451309997,1.1769150837966146e-5,1.0372962938698382e-5,1.3329633808262242e-5,0.999988230849162,0.9999866703661917,0.9999896270370614,3.638348973766803e-5,4.4248425348225594e-9,3.8999183965549026e-9,5.011536627352875e-9
TUR.81.6_1,2025,8,aegypti,25.792954108294317,64.00171865703449,4.464401614782025e-4,0.18685322052133022,0.18579626564920754,0.18789944374262488,0.010530235857316939,0.009419744088324104,0.011701867640903309,0.9894697641426831,0.9882981323590967,0.9905802559116759,4.3202953320164994e-5,4.701109114132796e-6,4.205343229352065e-6,5.22417003321618e-6
TUR.81.6_1,2025,9,aegypti,19.47648738412296,76.17290610097966,3.5583436716702164e-4,0.03260409806497084,0.0324041147536619,0.03280468168875287,0,0,0,1,1,1,3.5582803633693594e-5,0,0,0
TUR.81.6_1,2025,10,aegypti,12.194750785827637,78.34098290784614,3.5065991832709375e-4,0,0,0,0,0,0,1,1,1,3.393425502595804e-5,0,0,0
TUR.81.6_1,2025,11,aegypti,7.4914772300159225,82.12379857186826,2.0340014543948824e-4,0,0,0,0,0,0,1,1,1,2.033980768723076e-5,0,0,0
TUR.81.6_1,2025,12,aegypti,5.410618624266456,77.82774693571073,1.6729981323068463e-4,0,0,0,0,0,0,1,1,1,1.6190173443897393e-5,0,0,0
TUR.81.6_1,2026,1,aegypti,5.6242192212273086,80.21717583307617,1.6216079181503832e-4,0,0,0,0,0,0,1,1,1,1.5692856718874104e-5,0,0,0
TUR.81.6_1,2026,2,aegypti,6.704197703915485,77.7552436368839,1.2130117968394076e-4,0,0,0,0,0,0,1,1,1,1.299647051122843e-5,0,0,0
TUR.81.6_1,2026,3,aegypti,7.135202074752135,81.28645617579726,1.4890731268023315e-4,0,0,0,0,0,0,1,1,1,1.4410281269028324e-5,0,0,0
TUR.81.6_1,2026,4,aegypti,9.399626773946427,85.73882257847887,1.9690253307105208e-4,0,0,0,0,0,0,1,1,1,1.9690059455346187e-5,0,0,0
TUR.81.6_1,2026,5,aegypti,13.958633506999297,81.74126524015853,2.7521767691120674e-4,0,0,0,0,0,0,1,1,1,2.663361405230713e-5,0,0,0
TUR.81.6_1,2026,6,aegypti,18.656032590305106,80.98265746252807,3.095568176906468e-4,0.02101692086196892,0.0208900127966968,0.021156781706223236,0,0,0,1,1,1,3.095520264684293e-5,0,0,0
TUR.81.6_1,2026,7,aegypti,21.27481668135699,85.72172671826961,3.6352317800507393e-4,0.08822770355780674,0.08785219299172665,0.08862570146459416,2.759464579060733e-11,2.4418342348120348e-11,3.1269167810599185e-11,0.9999999999724054,0.9999999999687308,0.9999999999755816,3.517904359051638e-5,1.0030309915975977e-14,8.881784197001252e-15,1.1324274851176597e-14
TUR.81.6_1,2026,8,aegypti,22.98298515993006,79.94927801372394,4.3166085925348943e-4,0.1416180294408108,0.1409944119804308,0.142271063092557,1.3141448159411095e-5,1.1664348776299627e-5,1.4821436063613969e-5,0.9999868585518406,0.9999851785639363,0.9999883356512238,4.177275903460842e-5,5.6726487862590604e-9,5.035042777157273e-9,6.39783380163017e-9
TUR.81.6_1,2026,9,aegypti,18.258925662321204,89.27978628896794,3.440545496056088e-4,0.01781209487151385,0.017702168824891094,0.01792287866338604,0,0,0,1,1,1,3.440486309969071e-5,0,0,0
TUR.81.6_1,2026,10,aegypti,14.706103324890137,86.14329766614692,3.390513997433499e-4,3.6638466009219233e-7,3.5991523386083284e-7,3.7252819201373064e-7,0,0,0,1,1,1,3.281088749262917e-5,0,0,0
TUR.81.6_1,2026,11,aegypti,11.145589569035698,74.51335545663389,1.9666662887581868e-4,0,0,0,0,0,0,1,1,1,1.966646950002371e-5,0,0,0
TUR.81.6_1,2026,12,aegypti,6.508317789610694,82.89932591520292,1.617613901334269e-4,0,0,0,0,0,0,1,1,1,1.5654205549053835e-5,0,0,0
TUR.81.6_1,2027,1,aegypti,5.68993501102223,75.35738121637695,1.6587059597517954e-4,0,0,0,0,0,0,1,1,1,1.605186432629413e-5,0,0,0
TUR.81.6_1,2027,2,aegypti,6.864497005062946,74.31943736246984,1.2407622546402547e-4,0,0,0,0,0,0,1,1,1,1.3293792936464044e-5,0,0,0
TUR.81.6_1,2027,3,aegypti,7.392005587325377,77.27359301661757,1.5231391277063395e-4,0,0,0,0,0,0,1,1,1,1.4739947440500778e-5,0,0,0
TUR.81.6_1,2027,4,aegypti,10.120988887899063,79.14617121129137,2.0140713512777186e-4,0,0,0,0,0,0,1,1,1,2.014051068999212e-5,0,0,0
TUR.81.6_1,2027,5,aegypti,15.936419571147246,78.13435453459212,2.8151391949439637e-4,8.769532951499063e-4,8.660892252944826e-4,8.883450337006941e-4,0,0,0,1,1,1,2.7242911436853312e-5,0,0,0
TUR.81.6_1,2027,6,aegypti,20.34191515866448,75.7584219278601,3.1663864775089155e-4,0.05055271660942468,0.05027142517077741,0.05082422402655446,0,0,0,1,1,1,3.1663363480261e-5,0,0,0
TUR.81.6_1,2027,7,aegypti,22.53730790755328,74.9801724580157,3.7183961370433464e-4,0.11418147358078654,0.11360561931826821,0.11470325036300233,3.748677543924384e-8,3.25222241776002e-8,4.243543462456589e-8,0.9999999625132245,0.9999999575645654,0.9999999674777759,3.598383131198091e-5,1.3939066456636339e-11,1.2093009926772425e-11,1.5779130779769445e-11
TUR.81.6_1,2027,8,aegypti,22.85079064088709,77.55411352397785,4.4153610242111816e-4,0.13087381937060769,0.13027975268025077,0.13150853746250657,1.5789165780678571e-6,1.3928072582936046e-6,1.7963980079971352e-6,0.999998421083422,0.999998203601992,0.9999986071927417,4.272838735075446e-5,6.971486716800257e-10,6.149746684114277e-10,7.931745649170097e-10
TUR.81.6_1,2027,9,aegypti,18.68005298165714,85.00949209951482,3.519255952829032e-4,0.022712777535645153,0.022584842362379322,0.02284708883926758,0,0,0,1,1,1,3.519194027745698e-5,0,0,0
TUR.81.6_1,2027,10,aegypti,15.65639591217041,84.32655572278755,3.4680798676534866e-4,5.112865601464324e-4,5.050078487904171e-4,5.173924478642037e-4,0,0,0,1,1,1,3.356150003563929e-5,0,0,0
TUR.81.6_1,2027,11,aegypti,6.224012592259575,80.04207249764951,2.0116583407701574e-4,0,0,0,0,0,0,1,1,1,2.011638107057845e-5,0,0,0
TUR.81.6_1,2027,12,aegypti,3.889237722929786,82.36886937223417,1.654620570538974e-4,0,0,0,0,0,0,1,1,1,1.6012328935555153e-5,0,0,0
TUR.81.6_1,2028,1,aegypti,4.954250616185805,81.57593285211914,1.6066551148782008e-4,0,0,0,0,0,0,1,1,1,1.5548154431499484e-5,0,0,0
TUR.81.6_1,2028,2,aegypti,7.419823466854938,72.12491069010656,1.2447490277483778e-4,0,0,0,0,0,0,1,1,1,1.287663117566229e-5,0,0,0
TUR.81.6_1,2028,3,aegypti,5.2581449992516465,82.37585742091444,1.475342423298882e-4,0,0,0,0,0,0,1,1,1,1.4277405399165666e-5,0,0,0
TUR.81.6_1,2028,4,aegypti,11.169330638997696,74.35576593785387,1.9508690007626251e-4,0,0,0,0,0,0,1,1,1,1.9508499714326888e-5,0,0,0
TUR.81.6_1,2028,5,aegypti,16.357348526225373,78.24378294035384,2.726799020682137e-4,0.0018838779899540076,0.0018643841041031208,0.0019039786391027709,0,0,0,1,1,1,2.6388029449320172e-05,0,0,0
TUR.81.6_1,2028,6,aegypti,20.948341397678153,72.47005370276244,3.067024025483165e-4,0.06252940248985135,0.06223002323860697,0.0628585052565733,1.5654144647214707e-15,1.3322676295501878e-15,1.7763568394002505e-15,0.9999999999999984,0.9999999999999982,0.9999999999999987,3.0669769927826884e-5,0,0,0
TUR.81.6_1,2028,7,aegypti,22.85614221236285,73.27308017285945,3.6017114049665544e-4,0.12166604079186978,0.12106670162432742,0.12220241690995418,2.1568889047651751e-7,1.8796505460161316e-7,2.4287370799236374e-7,0.9999997843111095,0.9999997571262921,0.9999998120349455,3.485466422303851e-5,7.768491261384014e-11,6.769955152030606e-11,8.747610413806228e-11
TUR.81.6_1,2028,8,aegypti,23.323773047503302,70.40396703960285,4.276805260074106e-4,0.13110024116517038,0.13041570370755642,0.13172356866399215,1.654844713052994e-6,1.4327793800561484e-6,1.877645898423763e-6,0.999998345155287,0.9999981223541016,0.99999856722062,4.1387581511176386e-5,7.077448580528056e-10,6.12771880459384e-10,8.030325737706789e-10
TUR.81.6_1,2028,9,aegypti,16.608686671537512,85.46238821767888,3.4088203179931934e-4,0.003081981326878707,0.0030527117956778245,0.0031103718793493084,0,0,0,1,1,1,3.408762218370942e-5,0,0,0
TUR.81.6_1,2028,10,aegypti,13.124846458435059,90.95115899427192,3.3592501584822003e-4,0,0,0,0,0,0,1,1,1,3.250834409374015e-5,0,0,0
TUR.81.6_1,2028,11,aegypti,9.9983670501148,85.51383610848936,1.9485317114730825e-4,0,0,0,0,0,0,1,1,1,1.948512727711904e-5,0,0,0
TUR.81.6_1,2028,12,aegypti,3.5749736638630134,81.81146580778105,1.6026979267843992e-4,0,0,0,0,0,0,1,1,1,1.5509859657480973e-5,0,0,0
TUR.81.6_1,2029,1,aegypti,7.386855405919691,75.63947807916992,1.824775430715839e-4,0,0,0,0,0,0,1,1,1,1.7658961150135433e-5,0,0,0
TUR.81.6_1,2029,2,aegypti,4.250436126309284,84.28165660075109,1.364987244614424e-4,0,0,0,0,0,0,1,1,1,1.4624756392356275e-5,0,0,0
TUR.81.6_1,2029,3,aegypti,8.679267550216002,77.05050189112929,1.6756356613178045e-4,0,0,0,0,0,0,1,1,1,1.621569750465124e-5,0,0,0
TUR.81.6_1,2029,4,aegypti,9.33999733363881,81.62318384556872,2.2157199688787417e-4,0,0,0,0,0,0,1,1,1,2.2156954219809677e-5,0,0,0
TUR.81.6_1,2029,5,aegypti,14.081097686991972,81.43235105558821,3.096990643083961e-4,0,0,0,0,0,0,1,1,1,2.997042806884842e-5,0,0,0
TUR.81.6_1,2029,6,aegypti,20.851587323581473,79.22624114172729,3.4834047676381033e-4,0.06697684154816658,0.06662519290943984,0.06731784377175724,1.1117995413201242e-14,9.547918011776346e-15,1.277034034075086e-14,0.9999999999999889,0.9999999999999872,0.9999999999999905,3.483344097798824e-5,0,0,0
TUR.81.6_1,2029,7,aegypti,26.078468491049374,68.04224521192195,4.0906815778009927e-4,0.21113516779738822,0.21005195991850711,0.21217965779512765,0.065671848495989,0.062121974004446724,0.06913817448942158,0.934328151504011,0.9308618255105784,0.9378780259955533,3.958645751100942e-5,2.686390096801483e-5,2.541179857847575e-5,2.8281825732270892e-5
TUR.81.6_1,2029,8,aegypti,24.53747048097498,69.37930120708332,4.857426518155468e-4,0.16893622451261453,0.16814749306987425,0.16973948643702103,0.001171509004618196,0.0010463028924278112,0.0013087498030652316,0.9988284909953818,0.9986912501969348,0.9989536971075722,4.7006248573233655e-5,5.690517280632079e-7,5.082338123685304e-7,6.357153978037156e-7
TUR.81.6_1,2029,9,aegypti,21.227711901945227,67.60283011221013,3.871603498720067e-4,0.06447528530954802,0.06413473574140204,0.06481679430522456,3.757105737633992e-15,3.219646771412954e-15,4.3298697960381105e-15,0.9999999999999962,0.9999999999999957,0.9999999999999968,3.871528553123227e-5,0,0,0
TUR.81.6_1,2029,10,aegypti,13.847553253173828,81.54679345472114,3.815303669133315e-4,0,0,0,0,0,0,1,1,1,3.692161195278931e-5,0,0,0
TUR.81.6_1,2029,11,aegypti,11.245794036809135,73.68976231698545,2.2130653680060733e-4,0,0,0,0,0,0,1,1,1,2.213040879894823e-5,0,0,0
TUR.81.6_1,2029,12,aegypti,5.332079252775977,79.23610264860136,1.8202810127530654e-4,0,0,0,0,0,0,1,1,1,1.7615467549858543e-5,0,0,0
TUR.81.6_1,2030,1,aegypti,6.663497251622816,79.4468969024121,1.7725125199200974e-4,0,0,0,0,0,0,1,1,1,1.715319984918473e-5,0,0,0
TUR.81.6_1,2030,2,aegypti,3.9731448283966855,77.20420298746984,1.3258930057279304e-4,0,0,0,0,0,0,1,1,1,1.4205895585206463e-5,0,0,0
TUR.81.6_1,2030,3,aegypti,8.9446121699669785,72.84982592677382,1.6276442232375241e-4,0,0,0,0,0,0,1,1,1,1.5751271656205823e-5,0,0,0
TUR.81.6_1,2030,4,aegypti,11.819975895040177,74.45980799107653,2.1522601188979544e-4,0,0,0,0,0,0,1,1,1,2.1522369579418665e-5,0,0,0
TUR.81.6_1,2030,5,aegypti,15.895093048320097,79.01843351408431,3.008290552656259e-4,8.158758782418552e-4,8.070840738425829e-4,8.245407100923008e-4,0,0,0,1,1,1,2.9112065454861558e-5,0,0,0
TUR.81.6_1,2030,6,aegypti,21.374597577487723,76.51121428625854,3.3836374924040686e-4,0.07901603531889421,0.0786427657647528,0.07939303455996126,1.2205982891089207e-12,1.0647593917667564e-12,1.393687942830013e-12,0.9999999999987794,0.9999999999986063,0.9999999999989353,3.3835802480397525e-5,4.2177372705509696e-16,3.3306690738754696e-16,4.440892098500626e-16
TUR.81.6_1,2030,7,aegypti,23.573574234457578,75.17344790967586,3.9735214479594104e-4,0.15204076044634282,0.15136013303388776,0.15278681623193116,8.466675311564376e-5,7.525367642044478e-5,9.589340240318545e-5,0.9999153332468843,0.9999041065975968,0.9999247463235795,3.845269404356699e-5,3.364251537651963e-8,2.990220929754983e-8,3.810344844090708e-8
TUR.81.6_1,2030,8,aegypti,21.081467291888067,86.02507604839191,4.7183062491393284e-4,0.08206516718462072,0.08169956944445832,0.08244850692762437,3.5670030262835438e-12,3.136621518073923e-12,4.0609876572617054e-12,0.999999999996433,0.9999999999959389,0.9999999999968634,4.565998576855357e-5,1.6840973060539e-15,1.4432899320127035e-15,1.887379141862766e-15
TUR.81.6_1,2030,9,aegypti,18.832238421720618,81.18502920888982,3.7607179262358337e-4,0.023750609989949708,0.023604289360654118,0.02390769611366251,0,0,0,1,1,1,3.760647212125434e-5,0,0,0
TUR.81.6_1,2030,10,aegypti,14.421724319458008,83.39236688001411,3.706030565187391e-4,0,0,0,0,0,0,1,1,1,3.5864168786536865e-5,0,0,0
TUR.81.6_1,2030,11,aegypti,9.95817921442144,80.37401219491514,2.1496815477472296e-4,0,0,0,0,0,0,1,1,1,2.1496584422631138e-5,0,0,0
TUR.81.6_1,2030,12,aegypti,9.115231833037207,78.79388768278105,1.768146825394254e-4,0,0,0,0,0,0,1,1,1,1.711095191625489e-5,0,0,0
TUR.81.6_1,2031,1,aegypti,5.438591283910414,85.3219197905957,1.728746491047006e-4,0,0,0,0,0,0,1,1,1,1.6729664809700395e-5,0,0,0
TUR.81.6_1,2031,2,aegypti,5.799798785763629,80.72838053873937,1.2931546916572717e-4,0,0,0,0,0,0,1,1,1,1.385513285590001e-5,0,0,0
TUR.81.6_1,2031,3,aegypti,6.814697409377379,80.59982592677382,1.5874552128532446e-4,0,0,0,0,0,0,1,1,1,1.536235179966372e-5,0,0,0
TUR.81.6_1,2031,4,aegypti,10.046568912618302,82.0281368484984,2.0991175444746508e-4,0,0,0,0,0,0,1,1,1,2.0990955131527933e-5,0,0,0
TUR.81.6_1,2031,5,aegypti,13.380848968730254,82.075913372482745,2.934011285397748e-4,0,0,0,0,0,0,1,1,1,2.8393254504543997e-5,0,0,0
TUR.81.6_1,2031,6,aegypti,19.056722669040457,81.26170256750854,3.300090338562071e-4,0.027473954398196963,0.027311477533345223,0.027640068936313322,0,0,0,1,1,1,3.300035886177888e-5,0,0,0
TUR.81.6_1,2031,7,aegypti,21.898311783285703,80.41294986280086,3.8754091624523503e-4,0.1018267099351507,0.10138254750922014,0.10227638128307875,1.5485475665100168e-9,1.3676869525802716e-9,1.748175118554407e-9,0.9999999984514525,0.999999998251825,0.999999998632313,3.750325637197349e-5,6.001240615560732e-13,5.300038186106804e-13,6.77480294086763e-13
TUR.81.6_1,2031,8,aegypti,22.62410607057459,82.40057195903644,4.6018040945924996e-4,0.1330206666504772,0.132460821150733,0.13358119841024077,2.451215933963802e-6,2.1837032241983635e-6,2.7416265732188584e-6,0.999997548784066,0.9999972583734268,0.9999978162967758,4.453259640668783e-5,1.1280015508319252e-9,1.0048974929954825e-9,1.2616428041178906e-9
TUR.81.6_1,2031,9,aegypti,18.766494021696204,83.91069906972966,3.667860083205981e-4,0.02369075269233968,0.023546651604646158,0.023828641706101314,0,0,0,1,1,1,3.667792818040638e-5,0,0,0
TUR.81.6_1,2031,10,aegypti,13.725408554077148,83.30076836927192,3.6145230362431873e-4,0,0,0,0,0,0,1,1,1,3.4978643422389766e-5,0,0,0
TUR.81.6_1,2031,11,aegypti,11.353561141911674,75.4872095215753,2.0966026421658472e-4,0,0,0,0,0,0,1,1,1,2.0965806636019657e-5,0,0,0
TUR.81.6_1,2031,12,aegypti,6.759343466337989,76.84513432584745,1.7244885921561843e-4,0,0,0,0,0,0,1,1,1,1.6688460025005014e-5,0,0,0
TUR.81.6_1,2032,1,aegypti,8.618620199315687,77.11847435602539,1.8253856097738634e-4,0,0,0,0,0,0,1,1,1,1.7664866004518665e-5,0,0,0
TUR.81.6_1,2032,2,aegypti,7.6878936878022035,77.79896006754797,1.4142095226231212e-4,0,0,0,0,0,0,1,1,1,1.4629646667985163e-5,0,0,0
TUR.81.6_1,2032,3,aegypti,7.148221636519713,79.72848803614882,1.6761959701493484e-4,0,0,0,0,0,0,1,1,1,1.62211197601847e-5,0,0,0
TUR.81.6_1,2032,4,aegypti,11.418006939046524,82.03818476109606,2.216460874253013e-4,0,0,0,0,0,0,1,1,1,2.2164363109422602e-5,0,0,0
TUR.81.6_1,2032,5,aegypti,18.681531990275666,69.23856443449446,3.098026232889423e-4,0.017817686976733697,0.01768634911159132,0.01795002404254642,0,0,0,1,1,1,2.9980449605337967e-5,0,0,0
TUR.81.6_1,2032,6,aegypti,20.251232175266043,73.57308104651244,3.48456956885367e-4,0.04677180218780274,0.046524145647606666,0.047034595131064144,0,0,0,1,1,1,3.484508858431212e-5,0,0,0
TUR.81.6_1,2032,7,aegypti,21.903907944174374,71.44905215772273,4.092049443780447e-4,0.08780053539204269,0.08734883104741718,0.08824957468222322,2.4077770888197847e-11,2.0763116226341082e-11,2.7734220475750248e-11,0.9999999999759223,0.9999999999722657,0.9999999999792369,3.9599694399594654e-5,9.851564009011326e-15,8.545941732052142e-15,1.1324274851176597e-14
TUR.81.6_1,2032,8,aegypti,23.98782028871424,77.12731756450519,4.859050772782848e-4,0.1737830458487643,0.1729596510845865,0.1745219472742461,0.0022640089123675336,0.002028194152300897,0.002490369933908823,0.9977359910876324,0.9975096300660912,0.9979718058476992,4.7021966427363004e-5,1.1000928187892001e-6,9.855093506982992e-7,1.2100826630306871e-6
TUR.81.6_1,2032,9,aegypti,19.71354793099796,81.10175436758122,3.8728981080928844e-4,0.040113362277596855,0.03989990822573512,0.04032675203064482,0,0,0,1,1,1,3.8728231123608126e-5,0,0,0
TUR.81.6_1,2032,10,aegypti,13.039313316345215,83.59377526624458,3.816579452640546e-4,0,0,0,0,0,0,1,1,1,3.693395778880948e-5,0,0,0
TUR.81.6_1,2032,11,aegypti,9.059825637761284,80.29145451669248,2.2138053857194125e-4,0,0,0,0,0,0,1,1,1,2.2137808812328075e-5,0,0,0
TUR.81.6_1,2032,12,aegypti,6.708268484648536,78.61796147428495,1.8208896889413816e-4,0,0,0,0,0,0,1,1,1,1.7621357860875264e-5,0,0,0
TUR.81.6_1,2033,1,aegypti,4.643563551061293,78.86713921198242,1.7623899453427544e-4,0,0,0,0,0,0,1,1,1,1.7055241125607523e-5,0,0,0
TUR.81.6_1,2033,2,aegypti,3.728993712979205,77.9439872281925,1.3183210136087078e-4,0,0,0,0,0,0,1,1,1,1.4124768247469888e-5,0,0,0
TUR.81.6_1,2033,3,aegypti,6.009040499434752,81.72510058497694,1.6183489715256512e-4,0,0,0,0,0,0,1,1,1,1.5661319020199294e-5,0,0,0
TUR.81.6_1,2033,4,aegypti,11.692542118184708,80.79096949009997,2.1399688581488524e-4,0,0,0,0,0,0,1,1,1,2.1399459609772187e-5,0,0,0
TUR.81.6_1,2033,5,aegypti,16.13122757743387,79.17583555265853,2.991110620143877e-4,0.0013020040005316594,0.0012881701270338302,0.0013157112406731479,0,0,0,1,1,1,2.8945812869718424e-5,0,0,0
TUR.81.6_1,2033,6,aegypti,22.10791972104241,63.269392997196036,3.364314005277953e-4,0.08160454626524244,0.08114861550465396,0.08204006858363308,3.04455483046695e-12,2.589767289506995e-12,3.528477510172934e-12,0.9999999999969554,0.9999999999964715,0.9999999999974102,3.364257412874494e-5,1.0240697179142444e-15,8.881784197001252e-16,1.2212453270876722e-15
TUR.81.6_1,2033,7,aegypti,23.159650970907773,75.40073520215633,3.9508292149062675e-4,0.13727350598750168,0.13665878538370005,0.13788453269394402,5.719297751720975e-6,5.0615134563281036e-6,6.430682743008287e-6,0.9999942807022483,0.9999935693172569,0.9999949384865436,3.8233100208340254e-5,2.259596862730362e-9,1.999717474943097e-9,2.5406528797455865e-9
TUR.81.6_1,2033,8,aegypti,21.545454642351935,76.33184637309894,4.6913606527901363e-4,0.08396462893867077,0.08354347211928856,0.08438180414254087,6.8159100585774015e-12,5.898317945174369e-12,7.822389958000995e-12,0.9999999999931841,0.9999999999921776,0.9999999999941016,4.539923380542099e-5,3.1963320878958256e-15,2.7755575615628914e-15,3.6637359812630166e-15
TUR.81.6_1,2033,9,aegypti,21.160899386686438,82.82257193349919,3.7392409847503155e-4,0.08053105008399042,0.08014762474826613,0.0808956403046873,2.090782103003619e-12,1.8221202324752995e-12,2.3705537532947573e-12,0.9999999999979092,0.9999999999976295,0.9999999999981778,3.739171076000414e-5,7.83484388477973e-16,6.661338147750939e-16,8.881784197001252e-16
TUR.81.6_1,2033,10,aegypti,16.11387062072754,85.05618523938911,3.6848659356796047e-4,0.0013896195666796205,0.0013756775438026987,0.0014039038951945697,0,0,0,1,1,1,3.5659357115913615e-5,0,0,0
TUR.81.6_1,2033,11,aegypti,12.079685905400444,77.3637735474542,2.1374050128623927e-4,0,0,0,0,0,0,1,1,1,2.1373821705195084e-5,0,0,0
TUR.81.6_1,2033,12,aegypti,5.329762301024268,81.50596959196073,1.7580491826963324e-4,0,0,0,0,0,0,1,1,1,1.7013234460683258e-5,0,0,0
TUR.81.6_1,2034,1,aegypti,5.562175077550551,75.27706658014648,1.6951803041703235e-4,0,0,0,0,0,0,1,1,1,1.640483612475041e-5,0,0,0
TUR.81.6_1,2034,2,aegypti,3.172340928631671,83.62847361735265,1.26804616807361e-4,0,0,0,0,0,0,1,1,1,1.3586116651476132e-5,0,0,0
TUR.81.6_1,2034,3,aegypti,6.778891230330748,78.58134753321913,1.5566324064967594e-4,0,0,0,0,0,0,1,1,1,1.506407111473429e-5,0,0,0
TUR.81.6_1,2034,4,aegypti,9.977211040609024,81.68592035679919,2.0583600521882688e-4,0,0,0,0,0,0,1,1,1,2.0583388681050252e-5,0,0,0
TUR.81.6_1,2034,5,aegypti,14.5914345629075,78.80974668547103,2.877043088143846e-4,0,0,0,0,0,0,1,1,1,2.7841964871155866e-5,0,0,0
TUR.81.6_1,2034,6,aegypti,19.84763148251702,80.57485106604369,3.2360141714735005e-4,0.04272156928958524,0.042489321699066364,0.042937099917298736,0,0,0,1,1,1,3.2359618130972656e-5,0,0,0
TUR.81.6_1,2034,7,aegypti,22.315021683188046,78.65773898633601,3.800162323864873e-4,0.11350091883566052,0.11299226076151908,0.11401543050953894,3.176625798095856e-8,2.799434288824898e-8,3.5930728028987776e-8,0.999999968233742,0.9999999640692719,0.999999972005657,3.6775088204321627e-5,1.207169442185574e-11,1.0638337433199752e-11,1.3654286035169605e-11
TUR.81.6_1,2034,8,aegypti,24.23864807802088,79.47453130962238,4.512453216942751e-4,0.19184645607634312,0.1910648985370742,0.19265299747182074,0.017106434565423562,0.015907534373078496,0.01839246599533986,0.9828935654345764,0.9816075340046602,0.9840924656269215,4.3667948626868736e-5,7.719168735243253e-6,7.178174702363038e-6,8.299479793916209e-6
TUR.81.6_1,2034,9,aegypti,19.600018725675696,73.41099661611638,3.5966431189905676e-4,0.03345779944949966,0.03326791375329241,0.03366439020328673,0,0,0,1,1,1,3.596578440556719e-5,0,0,0
TUR.81.6_1,2034,10,aegypti,16.580500602722168,73.24551629407661,3.544341690202606e-4,0.00243161918044104,0.002407379730007952,0.0024567456199943278,0,0,0,1,1,1,3.4299492631895134e-5,0,0,0
TUR.81.6_1,2034,11,aegypti,9.818531730595756,75.54606267098936,2.05589398045197e-4,0,0,0,0,0,0,1,1,1,2.055872847095408e-5,0,0,0
TUR.81.6_1,2034,12,aegypti,7.0446699472034675,78.31776005826933,1.6910050787256157e-4,0,0,0,0,0,0,1,1,1,1.6364431379201072e-5,0,0,0
TUR.81.6_1,2035,1,aegypti,2.9330964509178608,80.14960991510742,1.6518875497027654e-4,0,0,0,0,0,0,1,1,1,1.598588077000862e-5,0,0,0
TUR.81.6_1,2035,2,aegypti,3.2661069026764706,82.17336497477453,1.2356618775808016e-4,0,0,0,0,0,0,1,1,1,1.3239146764321141e-5,0,0,0
TUR.81.6_1,2035,3,aegypti,5.689252520308775,81.7633238515785,1.5168779895743118e-4,0,0,0,0,0,0,1,1,1,1.4679356672431254e-5,0,0,0
TUR.81.6_1,2035,4,aegypti,11.039211315267227,84.25227320103747,2.005792147685136e-4,0,0,0,0,0,0,1,1,1,2.0057720318100714e-5,0,0,0
TUR.81.6_1,2035,5,aegypti,15.944062317118926,77.01275724455306,2.803567057481398e-4,8.738433564973676e-4,8.641787715378517e-4,8.845405760640092e-4,0,0,0,1,1,1,2.7130926054441673e-5,0,0,0
TUR.81.6_1,2035,6,aegypti,21.17524149838616,61.326006919315176,3.1533704747325163e-4,0.05684785017426678,0.05651611718058606,0.05720510978190211,1.1102230246251565e-16,1.1102230246251565e-16,1.1102230246251565e-16,0.9999999999999999,0.9999999999999999,0.9999999999999999,3.153320756532629e-5,0,0,0
TUR.81.6_1,2035,7,aegypti,22.50760476729449,75.23524600537898,3.703110998988568e-4,0.11368261161632975,0.11312081781529124,0.11422991124132335,3.321238058129339e-8,2.8890125255975897e-8,3.7848736139656224e-8,0.9999999667876194,0.9999999621512639,0.9999999711098748,3.583591593292468e-5,1.229891255505322e-11,1.0698344987680741e-11,1.4015752447527062e-11
TUR.81.6_1,2035,8,aegypti,23.376341483172247,78.60404028179035,4.3972108862674544e-4,0.153797277770246,0.15309364718055402,0.15447450764728718,1.1380933620107082e-4,1.0097940896344748e-4,1.2717153533203516e-4,0.9998861906637989,0.999872828464668,0.9998990205910365,4.2552748344193425e-5,5.00443639559478e-8,4.440277465156406e-8,5.5920004393694715e-8
TUR.81.6_1,2035,9,aegypti,21.736785159391516,71.87677878164372,3.504789416422863e-4,0.08350412108088177,0.08309981424028517,0.08394287096433248,5.836286898208698e-12,5.0736026491193794e-12,6.749989456267258e-12,0.9999999999941637,0.9999999999932501,0.9999999999949265,3.5047279993927205e-5,2.044697744452151e-15,1.7763568394002505e-15,2.3314683517128287e-15
TUR.81.6_1,2035,10,aegypti,14.5374116897583,81.97602319104926,3.4538236997767006e-4,0,0,0,0,0,0,1,1,1,3.342354174140638e-5,0,0,0
TUR.81.6_1,2035,11,aegypti,9.866165855351616,83.30149479989561,2.0033890562925309e-4,0,0,0,0,0,0,1,1,1,2.003368988590104e-5,0,0,0
TUR.81.6_1,2035,12,aegypti,3.9837830873096687,86.57249791227323,1.6478189542192359e-4,0,0,0,0,0,0,1,1,1,1.5946507893938033e-5,0,0,0
TUR.81.6_1,2036,1,aegypti,4.735696596257826,82.12311302790039,1.6978068286963157e-4,0,0,0,0,0,0,1,1,1,1.6430253686694485e-5,0,0,0
TUR.81.6_1,2036,2,aegypti,6.299050628262409,77.15143046549719,1.315368419615374e-4,0,0,0,0,0,0,1,1,1,1.3607166934881398e-5,0,0,0
TUR.81.6_1,2036,3,aegypti,4.946576262221617,84.3228941640785,1.5590442639160318e-4,0,0,0,0,0,0,1,1,1,1.5087411318503996e-5,0,0,0
TUR.81.6_1,2036,4,aegypti,10.406201404683731,79.55331385045153,2.0615492900216098e-4,0,0,0,0,0,0,1,1,1,2.0615280402425107e-5,0,0,0
TUR.81.6_1,2036,5,aegypti,15.058338249430937,77.49447721525618,2.881500799347047e-4,4.7846577627050834e-5,4.703757842460767e-5,4.859253312141004e-5,0,0,0,1,1,1,2.7885102809932505e-5,0,0,0
TUR.81.6_1,2036,6,aegypti,22.128656415378348,72.79445555823119,3.2410280750487855e-4,0.09679834976434777,0.09631697961804474,0.09724367146800246,3.749181862744422e-10,3.2523008453022587e-10,4.2548845280432345e-10,0.9999999996250818,0.9999999995745116,0.9999999996747699,3.240975554297254e-5,1.2151368800061846e-13,1.0545730955158206e-13,1.3788969965844444e-13
TUR.81.6_1,2036,7,aegypti,22.91076676985797,76.20439273389461,3.8060503226351673e-4,0.13004118059599395,0.1294051175742283,0.13062892289717476,1.3279525764785526e-6,1.160022389631865e-6,1.4976861877791236e-6,0.9999986720474235,0.9999985023138123,0.9999988399776103,3.683206674054418e-5,5.054254328396013e-10,4.415103810329057e-10,5.700269478658982e-10
TUR.81.6_1,2036,8,aegypti,22.819944998797247,82.40782751323566,4.5194448443333803e-4,0.1409982558653912,0.14037064486876763,0.14159795809080408,1.1691785539668653e-5,1.0365336312462281e-5,1.3067564706731316e-5,0.9999883082144604,0.9999869324352932,0.9999896346636876,4.3735606580108666e-5,5.284037975394895e-9,4.684556542677854e-9,5.905813821316385e-9
TUR.81.6_1,2036,9,aegypti,19.15110705880558,75.73705405019841,3.6022157836446047e-4,0.026755542235509522,0.026581623795665123,0.026922754155539318,0,0,0,1,1,1,3.6021509046357814e-5,0,0,0
TUR.81.6_1,2036,10,aegypti,13.019452095031738,79.42692040784614,3.5498333186476225e-4,0,0,0,0,0,0,1,1,1,3.435263559903312e-5,0,0,0
TUR.81.6_1,2036,11,aegypti,8.749646881047417,81.42530461434873,2.0590793973360692e-4,0,0,0,0,0,0,1,1,1,2.059058198444763e-5,0,0,0
TUR.81.6_1,2036,12,aegypti,7.82646592574961,82.25154454313261,1.693625134127347e-4,0,0,0,0,0,0,1,1,1,1.6389786338777412e-5,0,0,0
TUR.81.6_1,2037,1,aegypti,6.1900971356560195,79.81903587946289,1.7232630985024685e-4,0,0,0,0,0,0,1,1,1,1.66766006068908e-5,0,0,0
TUR.81.6_1,2037,2,aegypti,4.114113151150592,80.45065531901281,1.2890529480922726e-4,0,0,0,0,0,0,1,1,1,1.3811186211354354e-5,0,0,0
TUR.81.6_1,2037,3,aegypti,7.897123957381529,75.93256671046522,1.5824199806060488e-4,0,0,0,0,0,0,1,1,1,1.5313624493029643e-5,0,0,0
TUR.81.6_1,2037,4,aegypti,10.62047485744252,79.7734218826781,2.09245937593861e-4,0,0,0,0,0,0,1,1,1,2.092437484157994e-5,0,0,0
TUR.81.6_1,2037,5,aegypti,18.16742142509012,66.04529279753157,2.924704926315454e-4,0.011575787634396909,0.011477969469654702,0.01166893140892657,0,0,0,1,1,1,2.8303195518164515e-5,0,0,0
TUR.81.6_1,2037,6,aegypti,20.495996503268973,73.95746520178588,3.2896228172381016e-4,0.05270959430640999,0.052421212446672846,0.052988777817245515,0,0,0,1,1,1,3.289568709741175e-5,0,0,0
TUR.81.6_1,2037,7,aegypti,23.85528009078082,71.8654263642657,3.863116793491096e-4,0.15308911452438223,0.15233374558469276,0.15382810743571443,1.0109310114208592e-4,8.882228084622079e-5,1.1420318804285511e-4,0.999898906898858,0.9998857968119572,0.9999111777191538,3.7384302416842985e-5,3.9053444906955726e-8,3.4313083935311185e-8,4.411802438375467e-8
TUR.81.6_1,2037,8,aegypti,24.51235069948084,66.1420308518587,4.5872076812985944e-4,0.157991121155447,0.15721350455545252,0.15877879873045408,2.2597486427978518e-4,1.990352337910256e-4,2.5564133288108747e-4,0.9997740251357202,0.999744358667119,0.999800964766209,4.439134707467929e-5,1.0365935792455706e-7,9.130159111525592e-8,1.1726798166966644e-7
TUR.81.6_1,2037,9,aegypti,20.090707049650305,69.92127341054997,3.656226036954076e-4,0.04083335485511025,0.04058721244989898,0.04106916656826845,0,0,0,1,1,1,3.656159197829023e-5,0,0,0
TUR.81.6_1,2037,10,aegypti,15.532163619995117,77.0911202369477,3.6030581692012936e-4,3.208852703111836e-4,3.16470306086937e-4,3.251987911566739e-4,0,0,0,1,1,1,3.4867696970919404e-5,0,0,0
TUR.81.6_1,2037,11,aegypti,9.21861622614019,83.86404820565733,2.089952450621599e-4,0,0,0,0,0,0,1,1,1,2.0899306112709404e-5,0,0,0
TUR.81.6_1,2037,12,aegypti,4.340147814329932,83.57596928678495,1.719018705195695e-4,0,0,0,0,0,0,1,1,1,1.6635526517094767e-5,0,0,0
TUR.81.6_1,2038,1,aegypti,3.7334821644951313,77.77358757624023,1.777220535569485e-4,0,0,0,0,0,0,1,1,1,1.7198760508319033e-5,0,0,0
TUR.81.6_1,2038,2,aegypti,6.338653384762653,80.90311656168859,1.3294147439104413e-4,0,0,0,0,0,0,1,1,1,1.4243627957655214e-5,0,0,0
TUR.81.6_1,2038,3,aegypti,7.882183695540709,72.23533923243788,1.631967450514352e-4,0,0,0,0,0,0,1,1,1,1.5793108679607037e-5,0,0,0
TUR.81.6_1,2038,4,aegypti,11.39434246455922,74.04788935093981,2.157976791817016e-4,0,0,0,0,0,0,1,1,1,2.1579535076643452e-5,0,0,0
TUR.81.6_1,2038,5,aegypti,16.84679802726297,70.19015592619368,3.0162809498132e-4,0.0033096823608305143,0.0032775290368474257,0.0033437851364346988,0,0,0,1,1,1,2.918938962481743e-5,0,0,0
TUR.81.6_1,2038,6,aegypti,19.331127194797293,77.15286162512572,3.392624858127619e-4,0.030460017764492052,0.03027711201783335,0.030649874728593932,0,0,0,1,1,1,3.3925673092571884e-5,0,0,0
TUR.81.6_1,2038,7,aegypti,23.11535661360797,70.92249805005672,3.9840756194814344e-4,0.12530630491942774,0.12465420764715478,0.12595976461684294,4.837760604501362e-7,4.1846656856081576e-7,5.562777750378611e-7,0.9999995162239396,0.9999994437222249,0.9999995815334314,3.8554827254677626e-5,1.9274004015024104e-10,1.6672023483987886e-10,2.216252709130728e-10
TUR.81.6_1,2038,8,aegypti,22.090283057268927,82.40272344829425,4.7308386625411554e-4,0.11229830976836917,0.1118358600038242,0.1128031258317937,2.364423802558857e-8,2.1049583406873573e-8,2.6724769341957e-8,0.999999976355762,0.9999999732752306,0.9999999789504166,4.5781261643562665e-5,1.1185706139116292e-11,9.95825089056268e-12,1.264307269988052e-11
TUR.81.6_1,2038,9,aegypti,20.77790568856632,75.34038656972966,3.770706864903782e-4,0.060998074200013186,0.06069072475405968,0.06131854309704874,7.703837567873961e-16,6.661338147750939e-16,8.881784197001252e-16,0.9999999999999992,0.9999999999999991,0.9999999999999993,3.77063577464698e-5,0,0,0
TUR.81.6_1,2038,10,aegypti,15.226212501525879,75.24514245374458,3.715874247362791e-4,1.0615509348419046e-4,1.0456793153514716e-4,1.0784346232205735e-4,0,0,0,1,1,1,3.5959426805898254e-5,0,0,0
TUR.81.6_1,2038,11,aegypti,12.326086738530327,76.02211400155576,2.1553913716577827e-4,0,0,0,0,0,0,1,1,1,2.1553681432640026e-5,0,0,0
TUR.81.6_1,2038,12,aegypti,5.657654127653907,85.50274998746855,1.772843245211219e-4,0,0,0,0,0,0,1,1,1,1.715640036159538e-5,0,0,0
TUR.81.6_1,2039,1,aegypti,5.305311006658217,76.5515569365918,1.8394396736506134e-4,0,0,0,0,0,0,1,1,1,1.7800870662498802e-5,0,0,0
TUR.81.6_1,2039,2,aegypti,3.965861617642291,81.99797282389562,1.375956542107673e-4,0,0,0,0,0,0,1,1,1,1.4742282854030009e-5,0,0,0
TUR.81.6_1,2039,3,aegypti,4.557674074874205,81.70029742335585,1.6891013886583445e-4,0,0,0,0,0,0,1,1,1,1.634600887345794e-5,0,0,0
TUR.81.6_1,2039,4,aegypti,10.635138553731583,76.67579615025622,2.2335259165872344e-4,0,0,0,0,0,0,1,1,1,2.233500973580771e-5,0,0,0
TUR.81.6_1,2039,5,aegypti,16.885299766764923,73.98798460051009,3.121878649790129e-4,0.003696101612957618,0.003660665548162172,0.003732436994651742,0,0,0,1,1,1,3.02112724992476e-5,0,0,0
TUR.81.6_1,2039,6,aegypti,20.480236081516043,77.34039977209838,3.5113980718513003e-4,0.0552420093863431,0.05494376762703858,0.055534020739928004,1.1102230246251566e-19,0,0,1,1,1,3.5113364229899524e-5,0,0,0
TUR.81.6_1,2039,7,aegypti,24.292036224814023,64.73415118726375,4.1235550741315245e-4,0.14715385738651116,0.14639502073028238,0.14794663819213635,3.6188072604020574e-5,3.152140301612982e-5,4.155738426391552e-5,0.999963811927396,0.9999584426157361,0.9999684785969839,3.990457547642379e-5,1.4922350928481265e-8,1.2998024020993704e-8,1.7136416155527633e-8
TUR.81.6_1,2039,8,aegypti,24.20737709718592,76.74275793315753,4.896461722872195e-4,0.1812011354867229,0.18039205224701468,0.1820169084541007,0.005667617332728118,0.005151661946963904,0.006218929938589665,0.9943323826672719,0.9937810700614104,0.9948483380530361,4.7383990790406116e-5,2.7751232733070896e-6,2.522488371786702e-6,3.0450706039603093e-6
TUR.81.6_1,2039,9,aegypti,19.652381167692297,78.86934775137028,3.9027164418782735e-4,0.03749331953150113,0.0372717502970092,0.03770330045363186,0,0,0,1,1,1,3.9026402868902466e-5,0,0,0
TUR.81.6_1,2039,10,aegypti,15.222813606262207,85.29348992688911,3.84596417613727e-4,1.2577434841261426e-4,1.2416086898822868e-4,1.2759654282113125e-4,0,0,0,1,1,1,3.7218315537490554e-5,0,0,0
TUR.81.6_1,2039,11,aegypti,10.363227584782768,81.38087864999326,2.2308499828363191e-4,0,0,0,0,0,0,1,1,1,2.230825099558409e-5,0,0,0
TUR.81.6_1,2039,12,aegypti,6.602924189146827,81.10088688932402,1.8349091376890182e-4,0,0,0,0,0,0,1,1,1,1.775702754558406e-5,0,0,0
TUR.81.6_1,2040,1,aegypti,5.663658422582289,73.63235222467773,1.681257054656124e-4,0,0,0,0,0,0,1,1,1,1.627009720173156e-5,0,0,0
TUR.81.6_1,2040,2,aegypti,0.03470677049721038,81.27952799967687,1.3025465545148815e-4,0,0,0,0,0,0,1,1,1,1.3474528747225989e-5,0,0,0
TUR.81.6_1,2040,3,aegypti,8.489582682357115,76.44775683497694,1.5438471108298474e-4,0,0,0,0,0,0,1,1,1,1.494034430316038e-5,0,0,0
TUR.81.6_1,2040,4,aegypti,9.419710201375626,80.2312618484984,2.0414538502189715e-4,0,0,0,0,0,0,1,1,1,2.041433012689442e-5,0,0,0
TUR.81.6_1,2040,5,aegypti,13.818104828105254,84.74808591886946,2.8534126880732556e-4,0,0,0,0,0,0,1,1,1,2.7613289920958017e-5,0,0,0
TUR.81.6_1,2040,6,aegypti,19.82770731869866,81.0552969278601,3.2094353865324117e-4,0.042597236197882145,0.04237499936430313,0.04284826323824443,0,0,0,1,1,1,3.209383884705819e-5,0,0,0
TUR.81.6_1,2040,7,aegypti,22.027342010946835,74.54275638135555,3.7689499459842035e-4,0.09642860619405352,0.09591273158077346,0.09689310677743122,3.368575305362498e-10,2.8900760118411026e-10,3.8448672301516494e-10,0.9999999996631425,0.9999999996155132,0.9999999997109924,3.647304399700957e-5,1.2695933193640485e-13,1.0891287871572786e-13,1.4488688027114448e-13
TUR.81.6_1,2040,8,aegypti,24.213104865130255,73.33746923686847,4.475390485676889e-4,0.1703338507413903,0.169565008679495,0.17111139591988903,0.001423073941753278,0.0012773322698577338,0.001581117553629316,0.9985769260582468,0.9984188824463707,0.9987226677301423,4.330929263207661e-5,6.368809544953225e-7,5.716559053514647e-7,7.07611595265889e-7
TUR.81.6_1,2040,9,aegypti,21.623971209806555,76.54528158926091,3.5671023324228854e-4,0.08670772726044484,0.08630482395242349,0.08713169146289017,1.6902396593465595e-11,1.478631661555596e-11,1.9354454150466437e-11,0.9999999999830976,0.9999999999806456,0.9999999999852137,3.5670387120823044e-5,6.0293992021343e-15,5.326294960639189e-15,6.8833827526759706e-15
TUR.81.6_1,2040,10,aegypti,16.867892265319824,68.46033715589301,3.515230477905679e-4,0.003303157313313709,0.003268356845125314,0.003334837669945484,0,0,0,1,1,1,3.4017780845774226e-5,0,0,0
TUR.81.6_1,2040,11,aegypti,9.595114448491264,76.15961857919248,2.0390080333971617e-4,0,0,0,0,0,0,1,1,1,2.038987245767121e-5,0,0,0
TUR.81.6_1,2040,12,aegypti,6.516300043639014,81.08157689176542,1.677116122145036e-4,0,0,0,0,0,0,1,1,1,1.6230024312502422e-5,0,0,0
TUR.81.6_1,2041,1,aegypti,2.2098484460045307,86.28292595514648,1.7689433478799778e-4,0,0,0,0,0,0,1,1,1,1.7118660066484104e-5,0,0,0
TUR.81.6_1,2041,2,aegypti,0.014622389393694757,82.93097911051672,1.3232231570295148e-4,0,0,0,0,0,0,1,1,1,1.4177290469485904e-5,0,0,0
TUR.81.6_1,2041,3,aegypti,5.4837943560936875,79.0212813100746,1.6243667613366608e-4,0,0,0,0,0,0,1,1,1,1.5719554781967737e-5,0,0,0
TUR.81.6_1,2041,4,aegypti,11.23461059963002,73.0038448563109,2.1479262783450078e-4,0,0,0,0,0,0,1,1,1,2.1479032105697904e-5,0,0,0
TUR.81.6_1,2041,5,aegypti,17.79223831962137,67.5384759335179,3.002232989503147e-4,0.008643914923132802,0.008571138894084954,0.008713871822678439,0,0,0,1,1,1,2.905344558079559e-5,0,0,0
TUR.81.6_1,2041,6,aegypti,23.963939694797293,53.30412581579955,3.3768241220069253e-4,0.11030181790430527,0.1096105963329081,0.11098731046906961,1.4402037386562761e-8,1.2048732173086663e-8,1.704035210714494e-8,0.9999999855979627,0.999999982959648,0.9999999879512678,3.376767107943213e-5,4.863314528869012e-12,4.0686648494769885e-12,5.75423875215364e-12
TUR.81.6_1,2041,7,aegypti,24.355421234579648,64.10864764722469,3.965520273641324e-4,0.1472969437472749,0.14649684548108485,0.14804861943367426,3.712313179636373e-5,3.2102408560744086e-5,4.2313224517470655e-5,0.9999628768682036,0.9999576867754826,0.9999678975914392,3.837526629879573e-5,1.4721253067784268e-8,1.2730275161798588e-8,1.6779394823585035e-8
TUR.81.6_1,2041,8,aegypti,25.77756752687342,62.38795675517902,4.708805358989391e-4,0.18033525809593834,0.17929531890228756,0.18133034256192274,0.005125401611945426,0.00452221304534795,0.005747396514138756,0.9948745983880546,0.9942526034858613,0.995477786954652,4.556804586430818e-5,2.413448934546425e-6,2.1294198350174653e-6,2.706333488483592e-6
TUR.81.6_1,2041,9,aegypti,20.50258182076847,80.35875052236638,3.7531452579910404e-4,0.058535207135070544,0.05821532841214672,0.05883869572647958,2.2370993946196906e-16,2.220446049250313e-16,2.220446049250313e-16,0.9999999999999998,0.9999999999999998,0.9999999999999998,3.7530748283720605e-5,0,0,0
TUR.81.6_1,2041,10,aegypti,17.60387134552002,75.19400262220161,3.6985680166725336e-4,0.008207251962981835,0.008137523920723175,0.008275085335096126,0,0,0,1,1,1,3.579195316250061e-5,0,0,0
TUR.81.6_1,2041,11,aegypti,10.011393287602592,80.00778599862608,2.14535289946455e-4,0,0,0,0,0,0,1,1,1,2.14532988693783e-5,0,0,0
TUR.81.6_1,2041,12,aegypti,3.8869384141529304,85.34563023649198,1.7645864442171957e-4,0,0,0,0,0,0,1,1,1,1.7076497203505347e-05,0,0,0
TUR.81.6_1,2042,1,aegypti,4.971719068639418,78.56443535456054,1.9589888317781396e-4,0,0,0,0,0,0,1,1,1,1.8957776735661902e-5,0,0,0
TUR.81.6_1,2042,2,aegypti,6.6306732288178285,70.87272868327062,1.4653829302547618e-4,0,0,0,0,0,0,1,1,1,1.5700408142915734e-5,0,0,0
TUR.81.6_1,2042,3,aegypti,7.665470743880553,73.63912493800429,1.798879736868798e-4,0,0,0,0,0,0,1,1,1,1.7408362055326698e-5,0,0,0
TUR.81.6_1,2042,4,aegypti,13.636343044393204,67.97552835850817,2.3786875909867462e-4,0,0,0,0,0,0,1,1,1,2.3786593004393453e-5,0,0,0
TUR.81.6_1,2042,5,aegypti,15.94248207877664,77.51153654142806,3.324776287426707e-4,8.784871050051031e-4,8.679296471430117e-4,8.893086076154101e-4,0,0,0,1,1,1,3.2174736776524604e-5,0,0,0
TUR.81.6_1,2042,6,aegypti,20.599721936618582,78.83784392493041,3.7396114182054773e-4,0.05968488264898438,0.05935895994456163,0.05998508331255762,4.226619054747971e-16,3.3306690738754696e-16,4.440892098500626e-16,0.9999999999999996,0.9999999999999996,0.9999999999999997,3.739541495606513e-5,0,0,0
TUR.81.6_1,2042,7,aegypti,24.45251481673297,70.19923526319148,4.391553826505149e-4,0.1687578962174892,0.1679708525322302,0.1695923473079204,0.001142529724834405,0.0010203451781555933,0.0012822095632911783,0.9988574702751656,0.9987177904367088,0.9989796548218444,4.24980049326118e-5,5.017479521763901e-7,4.4808997672340923e-7,5.630890728580695e-7
TUR.81.6_1,2042,8,aegypti,26.776690146502325,63.243463652151675,5.214693348055796e-4,0.20605268414464442,0.20484104343271312,0.20721315838110285,0.0497037570499864,0.0461555660323602,0.053181740629839526,0.9502962429500136,0.9468182593701604,0.9538444339676398,5.046350101067798e-5,2.591864879299266e-5,2.406842266730047e-5,2.7732262363688864e-5
TUR.81.6_1,2042,9,aegypti,22.596383319181555,80.10739249013982,4.156362414464609e-4,0.12688243084831524,0.1263043381271101,0.12746931455850724,6.801600498889115e-7,5.993386275465751e-7,7.69814989717843e-7,0.9999993198399502,0.9999992301850102,0.9999994006613725,4.1562760389135534e-05,2.826991671867063e-10,2.491068684662423e-10,3.199629616812416e-10
TUR.81.6_1,2042,10,aegypti,16.77400493621826,74.78702782972114,4.095921696371318e-4,0.0032484575996129133,0.0032170634150360555,0.0032823135205520214,0,0,0,1,1,1,3.9637166327155526e-5,0,0,0
TUR.81.6_1,2042,11,aegypti,10.493549087468315,82.58891698007139,2.375837742520546e-4,0,0,0,0,0,0,1,1,1,2.3758095197168316e-5,0,0,0
TUR.81.6_1,2042,12,aegypti,6.781395754393409,82.3354297360037,1.9541638464970948e-4,0,0,0,0,0,0,1,1,1,1.8911084213812934e-5,0,0,0
TUR.81.6_1,2043,1,aegypti,4.706991476171156,82.17137657770508,1.8677658891890197e-4,0,0,0,0,0,0,1,1,1,1.8074990411731662e-5,0,0,0
TUR.81.6_1,2043,2,aegypti,5.066577254849323,79.06879649332922,1.3971454085551764e-4,0,0,0,0,0,0,1,1,1,1.4969303050560434e-5,0,0,0
TUR.81.6_1,2043,3,aegypti,6.7588187701561875,84.34792620753554,1.7151124890421915e-4,0,0,0,0,0,0,1,1,1,1.6597725053468793e-5,0,0,0
TUR.81.6_1,2043,4,aegypti,11.015975040547989,79.60502588658434,2.2679208127233513e-4,0,0,0,0,0,0,1,1,1,2.2678950955978827e-5,0,0,0
TUR.81.6_1,2043,5,aegypti,12.970989311442656,77.2391824154515,3.1699536200027696e-4,0,0,0,0,0,0,1,1,1,3.067649998267363e-5,0,0,0
TUR.81.6_1,2043,6,aegypti,20.63667300168206,74.27427580969604,3.565471396488799e-4,0.05640114974079032,0.05609400220727421,0.056712050443184656,1.1102230246251565e-16,1.1102230246251565e-16,1.1102230246251565e-16,0.9999999999999999,0.9999999999999999,0.9999999999999999,3.5654078343161366e-5,0,0,0
TUR.81.6_1,2043,7,aegypti,25.35563867232379,55.39436847242,4.1870552320804515e-4,0.14687989248704766,0.14587057977409126,0.14774172776785013,3.4492305365739105e-5,2.868340304333916e-5,4.0077111814570965e-5,0.9999655076946342,0.9999599228881854,0.9999713165969566,4.051906842306163e-5,1.4442118659863113e-8,1.2009899191811614e-8,1.678050794984287e-8
TUR.81.6_1,2043,8,aegypti,24.863489768084357,68.69976248027668,4.971864157713871e-4,0.17727490297719956,0.17642028499998166,0.1781543914893555,0.003538011116554054,0.0031749851986091287,0.003938150772289375,0.996461988883446,0.9960618492277107,0.9968250148013909,4.811365693035974e-5,1.7590495141209805e-6,1.5785582650584829e-6,1.957993150392134e-6
TUR.81.6_1,2043,9,aegypti,21.21412395028507,74.25269430898747,3.962815823609301e-4,0.07160502355359437,0.0712189975641442,0.07195379574056211,7.451006478476074e-14,6.372402605592241e-14,8.526790384877358e-14,0.9999999999999255,0.9999999999999147,0.9999999999999363,3.962737305096553e-5,0,0,0
TUR.81.6_1,2043,10,aegypti,15.106546401977539,83.72653436048286,3.9051896086245684e-4,7.035679514388238e-5,6.934134172058167e-5,7.137998229161965e-5,0,0,0,1,1,1,3.7791443388224266e-5,0,0,0
TUR.81.6_1,2043,11,aegypti,12.124029853764702,77.8894083130792,2.265203671273548e-4,0,0,0,0,0,0,1,1,1,2.2651780157256773e-5,0,0,0
TUR.81.6_1,2043,12,aegypti,8.83247884231455,78.0264926632498,1.8631655858194517e-4,0,0,0,0,0,0,1,1,1,1.8030472150543098e-5,0,0,0
TUR.81.6_1,2044,1,aegypti,6.292524618261,80.94023644098633,2.042083133968241e-4,0,0,0,0,0,0,1,1,1,1.9761899575976294e-5,0,0,0
TUR.81.6_1,2044,2,aegypti,4.751098453122028,84.70575938395422,1.5820949823329238e-4,0,0,0,0,0,0,1,1,1,1.636636588675522e-5,0,0,0
TUR.81.6_1,2044,3,aegypti,11.149539614424986,72.92292315577772,1.8751827019670465e-4,0,0,0,0,0,0,1,1,1,1.814676471934007e-5,0,0,0
TUR.81.6_1,2044,4,aegypti,11.570233387105606,72.48283350377184,2.4795842282186644e-4,0,0,0,0,0,0,1,1,1,2.4795534867783076e-5,0,0,0
TUR.81.6_1,2044,5,aegypti,16.952371681437775,74.9482659725804,3.465803107518965e-4,0.004075368127390758,0.0040366313176344966,0.0041121097003417,0,0,0,1,1,1,3.353946761219806e-5,0,0,0
TUR.81.6_1,2044,6,aegypti,21.361360577976004,68.73223784582885,3.8982342731279666e-4,0.06912496699236681,0.06873557290596011,0.06951227826818943,2.7335023133900903e-14,2.3203661214665772e-14,3.197442310920451e-14,0.9999999999999727,0.999999999999968,0.9999999999999768,3.898158292958698e-5,0,0,0
TUR.81.6_1,2044,7,aegypti,25.090627838583554,68.37952548535945,4.5778300802663764e-4,0.18334366747570788,0.18240942486669842,0.1842875672270125,0.007229425538963023,0.006502656813329225,0.008011868592051765,0.992770574461037,0.9919881314079483,0.9934973431866707,4.430060012139414e-5,3.309502677859788e-6,2.9768013655284696e-6,3.6676905780436137e-6
TUR.81.6_1,2044,8,aegypti,23.723433157976935,79.79292883159503,5.435884657502289e-4,0.1713558259342263,0.17063868814416325,0.17206066913059515,0.001636539652283554,0.0014819983649609792,0.0017983159678154558,0.9983634603477164,0.9982016840321845,0.998518001635039,5.260395175876731e-5,8.89603682014295e-7,8.055968929332468e-7,9.775433400999177e-7
TUR.81.6_1,2044,9,aegypti,20.987067446989172,84.24131888174138,4.3326625693591197e-4,0.07676366720863805,0.07640494851906994,0.07710140143844539,5.374002354230356e-13,4.694994393261709e-13,6.074141190026693e-13,0.9999999999994627,0.9999999999993926,0.9999999999995305,4.332568710885276e-5,2.221556272274938e-16,2.220446049250313e-16,2.220446049250313e-16
TUR.81.6_1,2044,10,aegypti,17.44446849822998,75.60727166517036,4.269658141247497e-4,0.007071279716085269,0.007014817527993599,0.007134451368925602,0,0,0,1,1,1,4.131841870524955e-5,0,0,0
TUR.81.6_1,2044,11,aegypti,13.550887802067924,77.30295964364561,2.4766134979149545e-4,0,0,0,0,0,0,1,1,1,2.476582830091001e-5,0,0,0
TUR.81.6_1,2044,12,aegypti,10.047584852751562,77.43385655485136,2.0370534875995463e-4,0,0,0,0,0,0,1,1,1,1.971322653948615e-5,0,0,0
TUR.81.6_1,2045,1,aegypti,6.4913714352776015,83.89231621393554,2.0127518606554985e-4,0,0,0,0,0,0,1,1,1,1.947805411306458e-5,0,0,0
TUR.81.6_1,2045,2,aegypti,4.299541770535358,80.35964427164953,1.5055993028637705e-4,0,0,0,0,0,0,1,1,1,1.613129099142796e-5,0,0,0
TUR.81.6_1,2045,3,aegypti,8.9147659785607285,74.70549304103163,1.8482486876618396e-4,0,0,0,0,0,0,1,1,1,1.788611766406767e-5,0,0,0
TUR.81.6_1,2045,4,aegypti,11.125538868062637,79.2385097733031,2.443968948169552e-4,0,0,0,0,0,0,1,1,1,2.4439390834962715e-5,0,0,0
TUR.81.6_1,2045,5,aegypti,16.853109443888947,75.03586668058821,3.4160223632858695e-4,0.0036092456458209133,0.0035743774654495154,0.0036440338425767476,0,0,0,1,1,1,3.30577345161176e-5,0,0,0
TUR.81.6_1,2045,6,aegypti,21.885841397678153,76.56010344641479,3.842242343612331e-4,0.09509536610541709,0.09463953523477013,0.09554211435419147,2.2777502450832543e-10,1.9855612709562818e-10,2.5923398982996556e-10,0.999999999772225,0.999999999740766,0.9999999998014438,3.842168530421297e-5,8.751566138442967e-14,7.6261219561502e-14,9.958700530887654e-14
TUR.81.6_1,2045,7,aegypti,23.364471603842343,68.72846728833797,4.512076838867892e-4,0.12850557199279442,0.12785895314589535,0.129130847812538,9.61795526745135e-7,8.365394453119235e-7,1.0950357647337982e-6,0.9999990382044732,0.9999989049642353,0.9999991634605546,4.3664306417445786e-5,4.339695319766079e-10,3.774530660249908e-10,4.9408860058886e-10
TUR.81.6_1,2045,8,aegypti,26.266674658831427,69.0160657334505,5.357806828087033e-4,0.22063072218651986,0.21951976509749777,0.22176395534909907,0.09870057475196248,0.09471612841006644,0.10277529140721092,0.9012994252480375,0.897224708592789,0.9052838715899336,5.184839932292906e-5,5.288046249004741e-5,5.074578434161592e-5,5.5063499755833584e-5
TUR.81.6_1,2045,9,aegypti,23.18579600839054,62.764611423245285,4.270430768958902e-4,0.11017245996411883,0.1095525268116609,0.11081003087949495,1.393264989479892e-8,1.187260906532206e-8,1.6300816338410404e-8,0.9999999860673501,0.9999999836991836,0.999999988127391,4.270339587364447e-5,5.949842729613408e-12,5.070119324379618e-12,6.961187182241702e-12
TUR.81.6_1,2045,10,aegypti,14.487485885620117,81.19618462903755,4.2083312991568185e-4,0,0,0,0,0,0,1,1,1,4.072495748241867e-5,0,0,0
TUR.81.6_1,2045,11,aegypti,10.224694946232963,76.14883824471983,2.4410408876773823e-4,0,0,0,0,0,0,1,1,1,2.4410110945116692e-5,0,0,0
TUR.81.6_1,2045,12,aegypti,9.767674765166113,79.69413334928495,2.0077944571499136e-4,0,0,0,0,0,0,1,1,1,1.943008017368797e-5,0,0,0
TUR.81.6_1,2046,1,aegypti,6.761406702153822,82.57365929254883,1.8171801756668052e-4,0,0,0,0,0,0,1,1,1,1.7585459977209617e-5,0,0,0
TUR.81.6_1,2046,2,aegypti,5.141919910031207,80.41592631510656,1.3593057639856224e-4,0,0,0,0,0,0,1,1,1,1.4563884274010341e-5,0,0,0
TUR.81.6_1,2046,3,aegypti,4.513392592177672,79.96998126124647,1.668661170099467e-4,0,0,0,0,0,0,1,1,1,1.6148203520582882e-5,0,0,0
TUR.81.6_1,2046,4,aegypti,14.012926143758438,79.2852627029906,2.2064974870338004e-4,0,0,0,0,0,0,1,1,1,2.20647314406186e-5,0,0,0
TUR.81.6_1,2046,5,aegypti,14.49740609000711,79.46067136808821,3.084100052043141e-4,0,0,0,0,0,0,1,1,1,2.9845684144658158e-5,0,0,0
TUR.81.6_1,2046,6,aegypti,19.55976298276116,84.78958037512572,3.4689058067227576e-4,0.039029868165633023,0.03881826594727308,0.03923875794806715,0,0,0,1,1,1,3.468845640886009e-5,0,0,0
TUR.81.6_1,2046,7,aegypti,21.96380059859332,80.9601529267657,4.073654951189962e-4,0.10507435717832643,0.10459123508325804,0.10554027047139145,3.7215941276480535e-9,3.2662683308037895e-9,4.202180642343123e-9,0.9999999962784059,0.9999999957978194,0.9999999967337316,3.9421690214314076e-5,1.5160485089538157e-12,1.3305606616498267e-12,1.7117779416153666e-12
TUR.81.6_1,2046,8,aegypti,24.71929421144373,65.84781851055011,4.8372084723256545e-4,0.16332528838362062,0.16249231793246402,0.16417040066641914,5.17458575609498e-4,4.552271875390007e-4,5.86216444712187e-4,0.9994825414243905,0.9994137835552878,0.999544772812461,4.681059924316333e-5,2.5030546914051043e-7,2.2020285657675666e-7,2.8356507514037953e-7
TUR.81.6_1,2046,9,aegypti,21.17225955514347,75.47599905752263,3.855488739870001e-4,0.07185440058264682,0.07150829242309356,0.07220078683506774,8.224576575344144e-14,7.149836278586008e-14,9.403589018575076e-14,0.9999999999999177,0.999999999999906,0.9999999999999285,3.855414416853442e-5,0,0,0
TUR.81.6_1,2046,10,aegypti,14.00725269317627,83.40181969983833,3.7994232468255604e-4,0,0,0,0,0,0,1,1,1,3.676793610896123e-5,0,0,0
TUR.81.6_1,2046,11,aegypti,12.206143119755913,71.68980809335264,2.2038539353951047e-4,0,0,0,0,0,0,1,1,1,2.2038296507154165e-5,0,0,0
TUR.81.6_1,2046,12,aegypti,5.477879843291114,79.32233006559355,1.8127044648008885e-4,0,0,0,0,0,0,1,1,1,1.7542147407012543e-5,0,0,0
TUR.81.6_1,2047,1,aegypti,6.308532518499037,80.81790672907226,1.8506296514225024e-4,0,0,0,0,0,0,1,1,1,1.790915883637112e-5,0,0,0
TUR.81.6_1,2047,2,aegypti,2.9040434947785214,82.11446604899328,1.3843269841188062e-4,0,0,0,0,0,0,1,1,1,1.4831964835204658e-5,0,0,0
TUR.81.6_1,2047,3,aegypti,7.896369600997252,79.26478106593397,1.6993768041907503e-4,0,0,0,0,0,0,1,1,1,1.6445446748170056e-5,0,0,0
TUR.81.6_1,2047,4,aegypti,10.843926471822403,77.56233179478747,2.2471132637112346e-4,0,0,0,0,0,0,1,1,1,2.247088016305021e-5,0,0,0
TUR.81.6_1,2047,5,aegypti,16.942152107463166,73.39025205656478,3.1408701683477094e-4,0.00392358949855326,0.0038857265034133045,0.003959114675580956,0,0,0,1,1,1,3.039505581914348e-5,0,0,0
TUR.81.6_1,2047,6,aegypti,20.795030621921317,71.48841765539916,3.532759178135525e-4,0.05771520410775807,0.05740403611793437,0.05804411571273013,1.4110934642985739e-16,1.1102230246251565e-16,2.220446049250313e-16,0.9999999999999999,0.9999999999999998,0.9999999999999999,3.5326967769311324e-5,0,0,0
TUR.81.6_1,2047,7,aegypti,23.14451234480914,77.05834323438289,4.14864015318123e-4,0.1407627964317725,0.1400890214955569,0.1413502679024043,1.1185729725188497e-5,9.82506601036326e-6,1.2473308423543995e-5,0.9999888142702749,0.9999875266915765,0.9999901749339896,4.0147324589234756e-5,4.640556737656177e-9,4.076066284497415e-9,5.174726797063656e-9
TUR.81.6_1,2047,8,aegypti,22.45235314088709,79.39089788677082,4.926248673009626e-4,0.11996221503584689,0.11943750897141175,0.12048657244840633,1.4637789903637622e-7,1.2951333197286362e-7,1.6472578550918992e-7,0.999999853622101,0.9999998352742144,0.999999870486668,4.767223789770014e-5,7.21093945665885e-11,6.380150574525345e-11,8.114802996228576e-11
TUR.81.6_1,2047,9,aegypti,21.332238421720618,68.48544043325505,3.9264580795411876e-4,0.06810965220019881,0.06774615874164373,0.0684965281295161,1.7937873408868653e-14,1.532107773982716e-14,2.098321516541546e-14,0.999999999999982,0.999999999999979,0.9999999999999847,3.9263809951894935e-5,0,0,0
TUR.81.6_1,2047,10,aegypti,12.159482955932617,87.1172661720063,3.869360569212257e-4,0,0,0,0,0,0,1,1,1,3.744472379219044e-5,0,0,0
TUR.81.6_1,2047,11,aegypti,11.418191650334526,81.39985295419248,2.2444210512861007e-4,0,0,0,0,0,0,1,1,1,2.2443958643481032e-5,0,0,0
TUR.81.6_1,2047,12,aegypti,10.006904921110937,78.42665440641386,1.846071554569712e-4,0,0,0,0,0,0,1,1,1,1.7865049010690193e-5,0,0,0
TUR.81.6_1,2048,1,aegypti,6.810819429509779,78.87747704157226,2.0200535758852086e-4,0,0,0,0,0,0,1,1,1,1.9548714494499464e-5,0,0,0
TUR.81.6_1,2048,2,aegypti,7.1072590938385805,76.25580058268469,1.5650276784967424e-4,0,0,0,0,0,0,1,1,1,1.618981044526624e-5,0,0,0
TUR.81.6_1,2048,3,aegypti,8.002864504561705,78.872332640641,1.854953630210792e-4,0,0,0,0,0,0,1,1,1,1.7951003042138147e-5,0,0,0
TUR.81.6_1,2048,4,aegypti,10.652806324117325,80.15544855504137,2.45283500147628e-4,0,0,0,0,0,0,1,1,1,2.452804919728102e-5,0,0,0
TUR.81.6_1,2048,5,aegypti,15.99681958030252,82.47767728849837,3.428414761475933e-4,0.0010660927710046408,0.0010538199479047173,0.001077690903927211,0,0,0,1,1,1,3.3177656978522485e-5,0,0,0
TUR.81.6_1,2048,6,aegypti,22.374034909641043,69.92973235266479,3.856180951736362e-4,0.09959449018219636,0.09908102607331014,0.10009582614970737,8.333141140459688e-10,7.19113324443299e-10,9.566364478352795e-10,0.9999999991666859,0.9999999990433635,0.9999999992808867,3.8561066020292856e-5,3.2134006566764126e-13,2.773170582059947e-13,3.6885217102877725e-13
TUR.81.6_1,2048,7,aegypti,23.122190643759335,78.55787021192195,4.528445423995546e-4,0.14364095036391222,0.14297952426514365,0.14429043182482293,1.9138698396700015e-5,1.6907950290967477e-5,2.152497199371106e-5,0.9999808613016034,0.9999784750280063,0.999983092049709,4.382270515068676e-5,8.666855079497716e-9,7.656673026157355e-9,9.747466048204423e-9
TUR.81.6_1,2048,8,aegypti,23.669167182024786,81.88163580180988,5.377243491134879e-4,0.17549122708886425,0.17476144860948406,0.17630890606370983,0.002824798449884324,0.0025688888513006993,0.003130696030985233,0.9971752015501156,0.9968693039690147,0.9974311111486993,5.2036486291817674e-5,1.518961751340475e-6,1.3813531314632588e-6,1.6834500685625196e-6
TUR.81.6_1,2048,9,aegypti,21.56563113717472,70.30608481191716,4.285922727998987e-4,0.07652568874133547,0.07611407834414967,0.07692801483894204,4.924394225724882e-13,4.2130465782719285e-13,5.69769231795192e-13,0.9999999999995075,0.9999999999994302,0.9999999999995787,4.285830883643538e-5,2.219335826225688e-16,2.220446049250313e-16,2.220446049250313e-16
TUR.81.6_1,2048,10,aegypti,15.497873306274414,86.02611016614692,4.2235979782439826e-4,3.392652532458021e-4,3.352832621769575e-4,3.4353437903964184e-4,0,0,0,1,1,1,4.087269351038536e-5,0,0,0
TUR.81.6_1,2048,11,aegypti,12.643666961613823,78.8897745240167,2.4498963187786083e-4,0,0,0,0,0,0,1,1,1,2.4498663090621875e-5,0,0,0
TUR.81.6_1,2048,12,aegypti,7.14268382507212,83.72863347135527,2.0150781882707108e-4,0,0,0,0,0,0,1,1,1,1.9500566522112628e-5,0,0,0
TUR.81.6_1,2049,1,aegypti,7.523986143224379,81.36558281549804,1.868349602359208e-4,0,0,0,0,0,0,1,1,1,1.808063914676694e-5,0,0,0
TUR.81.6_1,2049,2,aegypti,5.36258250387276,81.39421305827062,1.3975820436711522e-4,0,0,0,0,0,0,1,1,1,1.497398121386162e-5,0,0,0
TUR.81.6_1,2049,3,aegypti,6.666046286330504,84.96612078761366,1.7156484950555807e-4,0,0,0,0,0,0,1,1,1,1.6602912122243296e-5,0,0,0
TUR.81.6_1,2049,4,aegypti,8.705888790242813,82.68398249058825,2.2686295820905367e-4,0,0,0,0,0,0,1,1,1,2.268603848887274e-5,0,0,0
TUR.81.6_1,2049,5,aegypti,16.267151916728302,86.80524534269759,3.170944292167623e-4,0.001868833540308391,0.0018498999827134867,0.0018885571307960946,0,0,0,1,1,1,3.068608683853835e-5,0,0,0
TUR.81.6_1,2049,6,aegypti,20.46138003293206,78.76953795569213,3.5665856756519996e-4,0.056021205802444324,0.05574397199550314,0.05630841905659614,1.1091128016005314e-16,1.1102230246251565e-16,1.1102230246251565e-16,0.9999999999999999,0.9999999999999999,0.9999999999999999,3.566522073739087e-5,0,0,0
TUR.81.6_1,2049,7,aegypti,25.17530839583453,61.82643634351375,4.188363768282669e-4,0.1630849562778036,0.16216282984999808,0.16401075937428752,4.992036401428387e-4,4.329242971585906e-4,5.724032182642502e-4,0.9995007963598571,0.9994275967817358,0.9995670757028414,4.053173116347342e-5,2.09084621967226e-7,1.8132442764218216e-7,2.397432613127082e-7
TUR.81.6_1,2049,8,aegypti,26.027063986834357,61.3244153428255,4.973417961970627e-4,0.18208526344769974,0.18106027660413268,0.18311183636575423,0.006276811987730675,0.005570290598747036,0.0070370742691164,0.9937231880122693,0.9929629257308836,0.994429709401253,4.812869302217582e-5,3.1217160585432777e-6,2.7703344943119656e-6,3.499825032576842e-6
TUR.81.6_1,2049,9,aegypti,20.64420436410343,74.46086233877263,3.9640542806347026e-4,0.05675555187478404,0.05646082301331323,0.057062626323836296,1.1102230246251565e-16,1.1102230246251565e-16,1.1102230246251565e-16,0.9999999999999999,0.9999999999999999,0.9999999999999999,3.963975713039414e-5,0,0,0
TUR.81.6_1,2049,10,aegypti,13.776092529296875,81.72828912122505,3.9064100563369024e-4,0,0,0,0,0,0,1,1,1,3.780325372615412e-5,0,0,0
TUR.81.6_1,2049,11,aegypti,9.816973426762749,85.62587376718076,2.2659115914811791e-4,0,0,0,0,0,0,1,1,1,2.265885919894295e-5,0,0,0
TUR.81.6_1,2049,12,aegypti,7.519205412443946,81.47369725309355,1.8637478613053567e-4,0,0,0,0,0,0,1,1,1,1.803610697304059e-5,0,0,0
TUR.81.6_1,2050,1,aegypti,8.970911306493422,77.01557671198242,1.902817985388467e-4,0,0,0,0,0,0,1,1,1,1.841419805714839e-5,0,0,0
TUR.81.6_1,2050,2,aegypti,6.727222262936481,82.53479991129797,1.423365437279738e-4,0,0,0,0,0,0,1,1,1,1.525022768500417e-5,0,0,0
TUR.81.6_1,2050,3,aegypti,7.80843701432733,74.91314227198866,1.747299760641248e-4,0,0,0,0,0,0,1,1,1,1.690920955998987e-5,0,0,0
TUR.81.6_1,2050,4,aegypti,12.044712108724259,77.31501734166247,2.3104825593321963e-4,0,0,0,0,0,0,1,1,1,2.3104558678932463e-5,0,0,0
TUR.81.6_1,2050,5,aegypti,14.907270515666289,83.321640911545245,3.229443687724463e-4,1.774395687670033e-5,1.746839991328827e-5,1.8007253026671036e-5,0,0,0,1,1,1,3.125219248900635e-5,0,0,0
TUR.81.6_1,2050,6,aegypti,20.59571841183831,81.86812499182494,3.632384089942242e-4,0.0625085386737924,0.062188679565036965,0.06281460600778471,1.5523138330308938e-15,1.3322676295501878e-15,1.7763568394002505e-15,0.9999999999999984,0.9999999999999982,0.9999999999999987,3.632318119672906e-5,0,0,0
TUR.81.6_1,2050,7,aegypti,23.850029159994687,74.97611362012508,4.265633100772019e-4,0.16185295714921183,0.1610886970347446,0.16258148598238137,4.1352524905891854e-4,3.670475459170958e-4,4.6144304743342965e-4,0.9995864747509411,0.9995385569525665,0.9996329524540829,4.127946830934093e-5,1.7639468342822706e-7,1.5656900383687055e-7,1.9683465434239268e-7
TUR.81.6_1,2050,8,aegypti,26.038790366228888,69.9064694810091,5.065170423641256e-4,0.2183645844113913,0.21722769983445034,0.21949128748830402,0.09059800784467206,0.08656455075584561,0.09461426576769538,0.9094019921553279,0.9053857342323046,0.9134354492441544,4.901657694167394e-5,4.588838156614006e-5,4.3845458982219586e-5,4.79225897380725e-5
TUR.81.6_1,2050,9,aegypti,21.133269534391516,73.86765402578435,4.03718542328657e-4,0.06891958708588347,0.06855127386107114,0.06925560832532099,2.510702756808314e-14,2.1535551120166473e-14,2.8754776337791554e-14,0.9999999999999749,0.9999999999999712,0.9999999999999785,4.037103930054631e-5,0,0,0
TUR.81.6_1,2050,10,aegypti,15.076292991638184,80.81908654554145,3.978477745339617e-4,5.650752718994925e-5,5.560819028791688e-5,5.7384275926169295e-5,0,0,0,1,1,1,3.850065636623601e-5,0,0,0
TUR.81.6_1,2050,11,aegypti,10.831207969609428,79.54843541268858,2.3077144256761228e-4,0,0,0,0,0,0,1,1,1,2.3076877981531574e-5,0,0,0
TUR.81.6_1,2050,12,aegypti,5.932724794920753,73.1530795773123,1.898131348781318e-4,0,0,0,0,0,0,1,1,1,1.8368844343474855e-5,0,0,0
TUR.81.6_1,2051,1,aegypti,6.338232797734877,76.53803002008789,1.859054942133435e-4,0,0,0,0,0,0,1,1,1,1.7990692444236345e-5,0,0,0
TUR.81.6_1,2051,2,aegypti,2.3756065955933408,85.44244609049719,1.3906293565417403e-4,0,0,0,0,0,0,1,1,1,1.4899489250153053e-5,0,0,0
TUR.81.6_1,2051,3,aegypti,8.472739840255064,78.53184039210585,1.707113491859035e-4,0,0,0,0,0,0,1,1,1,1.652031668508691e-5,0,0,0
TUR.81.6_1,2051,4,aegypti,13.444758457296036,73.13886988072497,2.2573436101733737e-4,0,0,0,0,0,0,1,1,1,2.2573181323592983e-5,0,0,0
TUR.81.6_1,2051,5,aegypti,15.411556328044218,80.83326047941634,3.155169487627115e-4,2.3589502383010737e-4,2.3269274781204046e-4,2.3911030813446858e-4,0,0,0,1,1,1,3.053343211267823e-5,0,0,0
TUR.81.6_1,2051,6,aegypti,21.81872179928948,63.46159651892455,3.548842635495364e-4,0.07443905082364345,0.07401554842122479,0.0748721621539871,2.246954844409288e-13,1.9039769760809123e-13,2.640415663890394e-13,0.9999999999997753,0.9999999999997359,0.9999999999998096,3.548779664819257e-5,1.1102230246251565e-16,1.1102230246251565e-16,1.1102230246251565e-16
TUR.81.6_1,2051,7,aegypti,25.118177582235898,66.4589322236407,4.1675275082599366e-4,0.17730808318751387,0.17639706836230978,0.17828384206156975,0.0035534566804606023,0.0031657085408554526,0.004000982652810151,0.9964465433195394,0.9959990173471899,0.9968342914591446,4.033009809001342e-5,1.4809117460105048e-6,1.3193168724667804e-6,1.6674191364335344e-6
TUR.81.6_1,2051,8,aegypti,24.70322098451502,73.8351575303255,4.948676216604074e-4,0.18993089698756582,0.18907706512926262,0.19079840896034353,0.014299003083745947,0.01315398388615344,0.015515705312264018,0.985700996916254,0.984484294687736,0.9868460161138466,4.788926827181683e-5,7.076088566352002e-6,6.5094595345038805e-6,7.67819070877085e-6
TUR.81.6_1,2051,9,aegypti,21.847235904020422,80.08244437002263,3.9443339148056863e-4,0.09947827806735386,0.09898188688050454,0.0999310563317182,8.061484668697716e-10,6.992227880031621e-10,9.135099926504963e-10,0.9999999991938515,0.99999999908649,0.9999999993007772,3.944256126975354e-5,3.1797253718934825e-13,2.7575997041395797e-13,3.6028402483623263e-13
TUR.81.6_1,2051,10,aegypti,13.038206100463867,83.30609368665473,3.886976458829056e-4,0,0,0,0,0,0,1,1,1,3.7615193745343944e-5,0,0,0
TUR.81.6_1,2051,11,aegypti,10.227763870183159,85.20549412850889,2.2546391410158787e-4,0,0,0,0,0,0,1,1,1,2.2546137242174247e-5,0,0,0
TUR.81.6_1,2051,12,aegypti,4.586473307188819,83.34493596158964,1.8544760938077375e-4,0,0,0,0,0,0,1,1,1,1.794638180507846e-5,0,0,0
TUR.81.6_1,2052,1,aegypti,4.2078583661247695,80.5959447539746,1.8706282831593802e-4,0,0,0,0,0,0,1,1,1,1.810269049751234e-5,0,0,0
TUR.81.6_1,2052,2,aegypti,6.349562942105182,76.97404704264562,1.4492610860780626e-4,0,0,0,0,0,0,1,1,1,1.4992243678069173e-5,0,0,0
TUR.81.6_1,2052,3,aegypti,5.367653513655943,84.06517321681288,1.7177409381832434e-4,0,0,0,0,0,0,1,1,1,1.6623161235518324e-5,0,0,0
TUR.81.6_1,2052,4,aegypti,12.417714161031387,76.36721002965075,2.2713964532718644e-4,0,0,0,0,0,0,1,1,1,2.2713706572585757e-5,0,0,0
TUR.81.6_1,2052,5,aegypti,17.682285392985627,76.44542783781478,3.174811646472114e-4,0.009006684081090328,0.008934736221504654,0.009080512918679088,0,0,0,1,1,1,3.0723511698749206e-5,0,0,0
TUR.81.6_1,2052,6,aegypti,20.815732983981864,72.46861174719604,3.5709355630023196e-4,0.059160172462547796,0.0588119483556122,0.059498203950712786,3.2962521601120896e-16,2.220446049250313e-16,3.3306690738754696e-16,0.9999999999999997,0.9999999999999997,0.9999999999999998,3.5708718058580224e-5,0,0,0
TUR.81.6_1,2052,7,aegypti,25.28136079451617,60.37294131787898,4.193471990047414e-4,0.16097805264513754,0.16006779601727683,0.16188931863804998,3.617102389085161e-4,3.131722346732785e-4,4.1518320063672616e-4,0.9996382897610915,0.9995848167993633,0.9996868277653267,4.058116356275843e-5,1.5168216396943546e-7,1.3132789081493624e-7,1.7410589704947023e-7
TUR.81.6_1,2052,8,aegypti,25.815365454729864,73.48715032817707,4.979483653320287e-4,0.22773258554064402,0.22665874500961816,0.22876396435356408,0.12430294368235811,0.12043777373438153,0.12800897234081712,0.8756970563176419,0.8719910276591829,0.8795622262656184,4.81873904341068e-5,6.189453159089209e-5,5.996999428324323e-5,6.373982705579484e-5
TUR.81.6_1,2052,9,aegypti,20.066104159635657,72.86925619863591,3.9688889295508994e-4,0.04228948626627026,0.04203485149927697,0.042528375552191376,0,0,0,1,1,1,3.968810170196235e-5,0,0,0
TUR.81.6_1,2052,10,aegypti,17.70390224456787,63.00991677625434,3.9111744010728847e-4,0.007411838503096993,0.0073403977484992194,0.007478811748198798,0,0,0,1,1,1,3.7849358544006506e-5,0,0,0
TUR.81.6_1,2052,11,aegypti,11.46401188654058,79.65226384286436,2.2686751477406054e-4,0,0,0,0,0,0,1,1,1,2.2686494135060187e-5,0,0,0
TUR.81.6_1,2052,12,aegypti,7.533686956938575,82.35274083219511,1.866020929719617e-4,0,0,0,0,0,0,1,1,1,1.8058104012230736e-5,0,0,0
TUR.81.6_1,2053,1,aegypti,7.967160982244154,79.92995964655273,2.0965711189245535e-4,0,0,0,0,0,0,1,1,1,2.0289192096623054e-5,0,0,0
TUR.81.6_1,2053,2,aegypti,9.050679980831989,74.27079997233312,1.5682986446372506e-4,0,0,0,0,0,0,1,1,1,1.6803058590975084e-5,0,0,0
TUR.81.6_1,2053,3,aegypti,7.201411867842955,79.35810381984022,1.925217357831702e-4,0,0,0,0,0,0,1,1,1,1.8630962162369258e-5,0,0,0
TUR.81.6_1,2053,4,aegypti,12.685808223836563,76.67063105015856,2.5457458579181087e-4,0,0,0,0,0,0,1,1,1,2.545713454082943e-5,0,0,0
TUR.81.6_1,2053,5,aegypti,14.617677772746367,70.82888883634993,3.558279571597616e-4,0,0,0,0,0,0,1,1,1,3.4434370719593765e-5,0,0,0
TUR.81.6_1,2053,6,aegypti,23.485189465915457,56.116065055301505,4.0022491033261975e-4,0.10475636802626444,0.10411985243613464,0.10534599495325105,3.4248486290300308e-9,2.8793973400054184e-9,3.9917377958609274e-9,0.9999999965751514,0.9999999960082622,0.9999999971206026,4.002169014405421e-5,1.370710323023161e-12,1.1523837439852969e-12,1.5976081568780385e-12
TUR.81.6_1,2053,7,aegypti,25.32053201338824,69.29874164136531,4.69997825944525e-4,0.1940075211814706,0.1930359383544695,0.19497695210946087,0.020731431519485345,0.01903062439630764,0.022502293306641937,0.9792685684805147,0.977497706693358,0.9809693756036925,4.548262620929222e-5,9.743680187537795e-6,8.94431209200186e-6,1.0575973006846094e-5
TUR.81.6_1,2053,8,aegypti,24.71807350831873,70.55855001689777,5.58092792068554e-4,0.1789202768294163,0.1779810428820924,0.1797221331202306,0.004327851019344889,0.0038553417798228794,0.004758935794293603,0.9956721489806551,0.9952410642057063,0.9961446582201772,5.4007521418930615e-5,2.415339533787253e-6,2.1516361435408583e-6,2.65592423773775e-6
TUR.81.6_1,2053,9,aegypti,21.360652194303626,75.26488608144841,4.4482690542142506e-4,0.07700699576181706,0.07659545132339259,0.07742140062421016,5.882186959738079e-13,5.03819208574896e-13,6.831285537245436e-13,0.9999999999994118,0.9999999999993169,0.9999999999994962,4.448170120197048e-5,2.454703107446221e-16,2.220446049250313e-16,3.3306690738754696e-16
TUR.81.6_1,2053,10,aegypti,15.366390228271484,79.22377251966255,0.00043835835073107317,1.964671098956297e-4,1.938091285981515e-4,1.9909023229201355e-4,0,0,0,1,1,1,4.2420876086413095e-5,0,0,0
TUR.81.6_1,2053,11,aegypti,14.579065063420463,74.21656437997373,2.542695860955072e-4,0,0,0,0,0,0,1,1,1,2.5426635347214344e-5,0,0,0
TUR.81.6_1,2053,12,aegypti,9.265638670500586,79.01097447477323,2.0914072687660548e-4,0,0,0,0,0,0,1,1,1,2.023922036586967e-5,0,0,0
TUR.81.6_1,2054,1,aegypti,6.695215028875014,82.07139336237304,1.9312651596093506e-4,0,0,0,0,0,0,1,1,1,1.868948818428695e-5,0,0,0
TUR.81.6_1,2054,2,aegypti,5.388614474850543,80.60338053873937,1.4446447844822583e-4,0,0,0,0,0,0,1,1,1,1.5478217187725463e-5,0,0,0
TUR.81.6_1,2054,3,aegypti,8.96948781083612,77.23907000636366,1.7734219336965564e-4,0,0,0,0,0,0,1,1,1,1.7162000476633743e-5,0,0,0
TUR.81.6_1,2054,4,aegypti,10.26351742183461,78.63780939488512,2.3450243286471522e-4,0,0,0,0,0,0,1,1,1,2.344996833170132e-5,0,0,0
TUR.81.6_1,2054,5,aegypti,16.21086224387674,79.25264066740462,3.277723947805396e-4,0.001501501350153769,0.0014849262550323426,0.0015175870465083871,0,0,0,1,1,1,3.171940610136037e-5,0,0,0
TUR.81.6_1,2054,6,aegypti,21.676403073703543,77.76868346350463,3.6866883186373783e-4,0.09016069627357463,0.08972655949872863,0.09054615017388958,5.084750609452016e-11,4.428744870832446e-11,5.722170515198854e-11,0.9999999999491525,0.9999999999427783,0.9999999999557125,3.686620361120774e-5,1.8745116570073606e-14,1.63202784619898e-14,2.1094237467877974e-14
TUR.81.6_1,2054,7,aegypti,23.984310318441953,76.48394137891414,4.329404417267778e-4,0.1716110258083822,0.17087103286059965,0.17236489558113596,0.0016943840678242989,0.0015299967563505656,0.0018733638293820215,0.9983056159321757,0.9981266361706179,0.9984700032436494,4.189658441622335e-5,7.33567116983469e-7,6.62397252162994e-7,8.110546348555348e-7
TUR.81.6_1,2054,8,aegypti,25.779226920183966,75.58410467388019,5.140894842164857e-4,0.23624691608954537,0.23508292648407514,0.23733076523980806,0.15446894477553696,0.15041551132772274,0.15822655632998436,0.845531055224463,0.8417734436700156,0.8495844886722773,4.974935770640787e-5,7.940770663224894e-5,7.732404297861317e-5,8.133930051262561e-5
TUR.81.6_1,2054,9,aegypti,19.089459643644446,83.19934958242497,4.0975414415605924e-4,0.02888824373126934,0.02870668844435039,0.029065643697258864,0,0,0,1,1,1,4.0974574934793395e-5,0,0,0
TUR.81.6_1,2054,10,aegypti,15.817390441894531,84.95593499524848,4.037956082429478e-4,7.608907678316277e-4,7.522181083410287e-4,7.69471608269194e-4,0,0,0,1,1,1,3.907623085031009e-5,0,0,0
TUR.81.6_1,2054,11,aegypti,9.627203681889702,79.66108342294248,2.3422148113269627e-4,0,0,0,0,0,0,1,1,1,2.342187381687566e-5,0,0,0
TUR.81.6_1,2054,12,aegypti,7.254341444548438,78.11923558317167,1.9265084576732544e-4,0,0,0,0,0,0,1,1,1,1.8643456444200623e-5,0,0,0
TUR.81.6_1,2055,1,aegypti,8.609420103185316,82.78451286920898,2.0398204557207965e-4,0,0,0,0,0,0,1,1,1,1.9740003122215022e-5,0,0,0
TUR.81.6_1,2055,2,aegypti,4.969220458584674,83.28472361735265,1.5258474311385305e-4,0,0,0,0,0,0,1,1,1,1.6348231699825355e-5,0,0,0
TUR.81.6_1,2055,3,aegypti,8.047449732528014,75.92558581446913,1.8731049534958174e-4,0,0,0,0,0,0,1,1,1,1.812665784073353e-5,0,0,0
TUR.81.6_1,2055,4,aegypti,11.426964801900528,72.16046869664294,2.476836788017738e-4,0,0,0,0,0,0,1,1,1,2.4768061146707154e-5,0,0,0
TUR.81.6_1,2055,5,aegypti,17.02733239005594,70.81353086515853,3.461962912587199e-4,0.004167349332847341,0.00412576420157313,0.004210113913447118,0,0,0,1,1,1,3.3502305681221145e-5,0,0,0
TUR.81.6_1,2055,6,aegypti,21.040721921359793,72.56170561926635,3.8939149338481255e-4,0.0650035875896856,0.06465573838293533,0.06535823969283336,4.742428671988819e-15,4.107825191113079e-15,5.551115123125783e-15,0.9999999999999952,0.9999999999999944,0.9999999999999959,3.893839121960063e-5,0,0,0
TUR.81.6_1,2055,7,aegypti,26.480880905600156,62.59721499951961,4.572757732147528e-4,0.1971732567793447,0.19605180761116917,0.19826852507030937,0.026929143375402215,0.02459649206120777,0.029301802111146413,0.9730708566245978,0.9706981978888536,0.9754035079387923,4.4251515054938295e-5,1.2313968889303917e-5,1.1247316674106721e-5,1.339891445068797e-5
TUR.81.6_1,2055,8,aegypti,26.284487387713263,64.13954748393878,5.429861563845837e-4,0.1994331738566177,0.19838881230240915,0.20053877928529243,0.03199572353136837,0.02957189090600469,0.03464993291528048,0.9680042764686316,0.9653500670847195,0.9704281090939954,5.254566682011408e-5,1.737308377014668e-5,1.605699846508879e-5,1.8814256902285886e-5
TUR.81.6_1,2055,9,aegypti,21.931084857267493,74.9815837743195,4.327861872861443e-4,0.094059592136906775,0.09360256134332602,0.09452872116623107,1.6745086350855588e-10,1.4567184680736035e-10,1.9212504365206937e-10,0.9999999998325492,0.9999999998078749,0.9999999998543282,4.327768222267547e-5,7.247080713312926e-14,6.305789224114733e-14,8.315570454442422e-14
TUR.81.6_1,2055,10,aegypti,17.06009578704834,84.25545739515083,4.2649272552029835e-4,0.0053613900081818525,0.005320199203785618,0.00540525877740305,0,0,0,1,1,1,4.1272637827716174e-5,0,0,0
TUR.81.6_1,2055,11,aegypti,11.908319213811088,81.1232950318292,2.4738693493561384e-4,0,0,0,0,0,0,1,1,1,2.47383874946161e-5,0,0,0
TUR.81.6_1,2055,12,aegypti,5.8402255387867195,85.58967930875761,2.0347963823237603e-4,0,0,0,0,0,0,1,1,1,1.9691384015585456e-5,0,0,0
TUR.81.6_1,2056,1,aegypti,7.1563847485710586,82.34713493952148,2.0480279523219406e-4,0,0,0,0,0,0,1,1,1,1.981942893758415e-5,0,0,0
TUR.81.6_1,2056,2,aegypti,6.194092094021686,78.70572123698156,1.58670070436834e-4,0,0,0,0,0,0,1,1,1,1.641401050622715e-5,0,0,0
TUR.81.6_1,2056,3,aegypti,9.376514101729674,75.95566088771132,1.880641647471156e-4,0,0,0,0,0,0,1,1,1,1.8199592264123154e-5,0,0,0
TUR.81.6_1,2056,4,aegypti,11.068419498555802,74.33712732701403,2.486802679605025e-4,0,0,0,0,0,0,1,1,1,2.486771758924977e-5,0,0,0
TUR.81.6_1,2056,5,aegypti,16.69548424552469,77.68270963713118,3.4758925938778527e-4,0.003066781868346098,0.003037697634971042,0.0030969529356368888,0,0,0,1,1,1,3.363710452319868e-5,0,0,0
TUR.81.6_1,2056,6,aegypti,23.92576220456292,71.49864104407104,3.9095826331767946e-4,0.1545400376458,0.15379285947621513,0.1552898824495038,1.2881321855147832e-4,1.135330450569655e-4,1.4550471199920034e-4,0.9998711867814485,0.9998544952880009,0.999886466954943,3.909506209986979e-5,5.036059094365442e-8,4.438668118889044e-8,5.688626789623896e-8
TUR.81.6_1,2056,7,aegypti,25.383524109335507,69.94899112256648,4.5911568483242483e-4,0.1985037964580499,0.19757585039523787,0.19948770258965262,0.029844866140954395,0.027775906488712112,0.032108548201568596,0.9701551338590456,0.9678914517984314,0.9722240935112879,4.442956312278312e-5,1.370215214204018e-5,1.2752273018462602e-5,1.4741429440642828e-5
TUR.81.6_1,2056,8,aegypti,27.416983267840216,63.61541570903644,5.451709354520238e-4,0.21905804379866697,0.2177149014292416,0.22029612225341716,0.09306995396243549,0.08828825703257735,0.09749755325461854,0.9069300460375646,0.9025024467453815,0.9117117429674226,5.2757085920340785e-5,5.073774581560819e-5,4.813103334052049e-5,5.315141972535298e-5
TUR.81.6_1,2056,9,aegypti,23.698161349577063,74.412125766507,4.345275617052561e-4,0.15458315373454687,0.15383513105633112,0.15530457788837715,1.297196057787332e-4,1.1433716804981897e-4,1.4585680401822397e-4,0.9998702803942212,0.9998541431959818,0.9998856628319501,4.3451812113182164e-5,5.636674241005224e-8,4.968264959714919e-8,6.337879935869317e-8
TUR.81.6_1,2056,10,aegypti,16.007171630859375,75.35547112806098,4.282087773352036e-4,9.647678761448707e-4,9.518625003588757e-4,9.762531502450903e-4,0,0,0,1,1,1,4.1438700490337155e-5,0,0,0
TUR.81.6_1,2056,11,aegypti,11.376001098576713,77.06347294930967,2.483823301048098e-4,0,0,0,0,0,0,1,1,1,2.4837924544107715e-5,0,0,0
TUR.81.6_1,2056,12,aegypti,6.312697252806495,87.14739567838652,2.0429836638784213e-4,0,0,0,0,0,0,1,1,1,1.9770614209213555e-5,0,0,0
TUR.81.6_1,2057,1,aegypti,6.0890839520622695,84.0068334258496,2.112600969969098e-4,0,0,0,0,0,0,1,1,1,2.0444316527923334e-5,0,0,0
TUR.81.6_1,2057,2,aegypti,7.753063975888141,78.25415263346594,1.5802894583234525e-4,0,0,0,0,0,0,1,1,1,1.6931529427832714e-5,0,0,0
TUR.81.6_1,2057,3,aegypti,10.647116327986998,73.83071429347304,1.9399370814775395e-4,0,0,0,0,0,0,1,1,1,1.8773408436811856e-5,0,0,0
TUR.81.6_1,2057,4,aegypti,12.212711376302384,72.09024011998278,2.5652099850976466e-4,0,0,0,0,0,0,1,1,1,2.5651770838686083e-5,0,0,0
TUR.81.6_1,2057,5,aegypti,16.357753837809845,76.4008035092015,3.585485274753928e-4,0.001829058952405795,0.0018098122870989716,0.0018492451062970974,0,0,0,1,1,1,3.469764261732067e-5,0,0,0
TUR.81.6_1,2057,6,aegypti,22.447454480563895,71.9168463053015,4.032849284922894e-4,0.10541787929225638,0.10490181988546245,0.10597766791884411,4.078245705363415e-9,3.5479705368102187e-9,4.715715079539606e-9,0.9999999959217543,0.999999995284285,0.9999999964520294,4.032767966644091e-5,1.644694269664626e-12,1.430808249658355e-12,1.9017537544741006e-12
TUR.81.6_1,2057,7,aegypti,25.851051498861874,67.94717151197078,4.735913101212103e-4,0.20440116778319503,0.20340973084512523,0.20547912181858935,0.044914166675122984,0.04214002075839292,0.04800172587497635,0.9550858333248771,0.9519982741250237,0.957859979241607,4.583036686511832e-5,2.127073257102474e-5,1.99569484969464e-5,2.273294184793051e-5
TUR.81.6_1,2057,8,aegypti,26.019716879900763,63.51480306865558,5.623598280136459e-4,0.19058944920277943,0.1894222009703102,0.19161076922084394,0.015228999450586197,0.013604385237424006,0.016732552411921196,0.9847710005494138,0.9832674475880788,0.986395614762576,5.442043799430696e-5,8.564140738151815e-6,7.650530476852046e-6,9.409671025401022e-6
TUR.81.6_1,2057,9,aegypti,23.906497226041907,70.01233786367497,4.4822793912362006e-4,0.14969432620604037,0.14898585919676327,0.15041336634203722,5.657237803700954e-5,4.9895393345800175e-5,6.395220173306682e-5,0.999943427621963,0.999936047798267,0.9999501046066542,4.482178938591819e-5,2.5357320095453773e-8,2.2364509116856723e-8,2.8665163151475605e-8
TUR.81.6_1,2057,10,aegypti,15.99832534790039,76.6260552345063,4.4170992750465563e-4,9.686791490421861e-4,9.574049565562712e-4,9.79431385496203e-4,0,0,0,1,1,1,4.2745208414074476e-5,0,0,0
TUR.81.6_1,2057,11,aegypti,12.851749160710503,81.6917993653253,2.562136668631368e-4,0,0,0,0,0,0,1,1,1,2.5621038461931533e-5,0,0,0
TUR.81.6_1,2057,12,aegypti,8.923555693205664,78.82426030240995,2.107397638321939e-4,0,0,0,0,0,0,1,1,1,2.0393962733789017e-5,0,0,0
TUR.81.6_1,2058,1,aegypti,5.898848337285658,81.6776097930371,2.0020435330875763e-4,0,0,0,0,0,0,1,1,1,1.937442714972093e-5,0,0,0
TUR.81.6_1,2058,2,aegypti,5.614595710354694,81.12703166178625,1.4975891497811893e-4,0,0,0,0,0,0,1,1,1,1.6045469303449522e-5,0,0,0
TUR.81.6_1,2058,3,aegypti,9.436715746627135,81.20514208888319,1.8384155568316836e-4,0,0,0,0,0,0,1,1,1,1.7790960030961145e-5,0,0,0
TUR.81.6_1,2058,4,aegypti,12.83551792537465,74.6674419632445,2.4309664412165555e-4,0,0,0,0,0,0,1,1,1,2.4309368934716247e-5,0,0,0
TUR.81.6_1,2058,5,aegypti,18.52141197989969,81.11858457609603,3.3978482966458317e-4,0.019153793373833855,0.01903428395731275,0.019267343140483284,0,0,0,1,1,1,3.2881862250477845e-5,0,0,0
TUR.81.6_1,2058,6,aegypti,22.96696093503167,66.71238616125854,3.821800683408205e-4,0.11169788132890053,0.1110929599404511,0.11230282326626555,2.0396117030196947e-8,1.7496287293972124e-8,2.362736639394125e-8,0.999999979603883,0.9999999763726336,0.9999999825037127,3.8217276535412736e-5,7.794988210463316e-12,6.686740050554363e-12,9.02994623519504e-12
TUR.81.6_1,2058,7,aegypti,25.086879898520078,62.60170489820125,4.488071496854944e-4,0.1633266399015609,0.16247157322079242,0.16416129817762076,5.175626605360003e-4,4.5379223073813976e-4,5.854205783824313e-4,0.999482437339464,0.9994145794216175,0.9995462077692618,4.34320067725924e-5,2.3228579536471726e-7,2.0366517692327334e-7,2.6274090668132465e-7
TUR.81.6_1,2058,8,aegypti,25.281077048357794,67.49991430522785,5.329301997619693e-4,0.18595353404794476,0.18492720015822198,0.18695933041780638,0.009587798230929414,0.008586493301375024,0.010633853675738367,0.9904122017690706,0.9893661463242617,0.991413506698625,5.157256038934577e-5,5.109614135991425e-6,4.575991120508993e-6,5.667085705612918e-6
TUR.81.6_1,2058,9,aegypti,19.970263705534094,71.57436484121403,4.247711042586247e-4,0.039486543411832525,0.039256475917675886,0.03971353773050867,0,0,0,1,1,1,4.2476208286235106e-5,0,0,0
TUR.81.6_1,2058,10,aegypti,15.627808570861816,82.64289330823676,4.185941957009578e-4,4.6118997714612403e-4,4.554460106367282e-4,4.667704317619005e-4,0,0,0,1,1,1,4.0508295229835234e-5,0,0,0
TUR.81.6_1,2058,11,aegypti,11.145301559392143,82.42262669686826,2.4280539587156433e-4,0,0,0,0,0,0,1,1,1,2.4280244817265206e-5,0,0,0
TUR.81.6_1,2058,12,aegypti,7.981614431914161,76.14393193326933,1.997112504169769e-4,0,0,0,0,0,0,1,1,1,1.9326708438405227e-5,0,0,0
TUR.81.6_1,2059,1,aegypti,6.73374776279225,84.65250145563476,2.010264006216833e-4,0,0,0,0,0,0,1,1,1,1.9453978570949104e-5,0,0,0
TUR.81.6_1,2059,2,aegypti,6.836166678982623,75.52935252360265,1.5037383124547185e-4,0,0,0,0,0,0,1,1,1,1.6111352129977163e-5,0,0,0
TUR.81.6_1,2059,3,aegypti,7.5815445430138535,83.68618304347304,1.8459641667572805e-4,0,0,0,0,0,0,1,1,1,1.7864009792423197e-5,0,0,0
TUR.81.6_1,2059,4,aegypti,10.158537906758927,75.75783502965075,2.4409480894564044e-4,0,0,0,0,0,0,1,1,1,2.4409182985629663e-5,0,0,0
TUR.81.6_1,2059,5,aegypti,16.639767730937287,78.61255735441634,3.4118000015704447e-4,0.002884773174592617,0.002853989547453713,0.0029123427362614646,0,0,0,1,1,1,3.3016874301017296e-5,0,0,0
TUR.81.6_1,2059,6,aegypti,22.64155009213616,65.68131545203002,3.837493154278147e-4,0.10011479290015116,0.09954660709507568,0.10063550715677463,9.645144849468324e-10,8.200345680275944e-10,1.1120320414503836e-9,0.9999999990354855,0.999999998887968,0.9999999991799654,3.837419523455843e-5,3.701314810200529e-13,3.147399008085472e-13,4.267808328961564e-13
TUR.81.6_1,2059,7,aegypti,25.025949646444882,70.12028247388484,4.5064997031013786e-4,0.18763642911901984,0.18671176775093207,0.1885090790589807,0.011404732686616289,0.010365666174657872,0.012437426123011587,0.9885952673133838,0.9875625738769884,0.9896343338253422,4.361033649102897e-5,5.139529210283045e-6,4.671276243450873e-6,5.604910005543861e-6
TUR.81.6_1,2059,8,aegypti,27.442747733172247,66.4053708481966,5.351184330918193e-4,0.23382288724156725,0.23250371979171544,0.23516914634966882,0.1459925693390302,0.14134137506178093,0.15071686190311143,0.8540074306609697,0.8492831380968886,0.8586586249382191,5.17843139614671e-5,7.812026258440308e-5,7.563151494686393e-5,8.064811874759214e-5
TUR.81.6_1,2059,9,aegypti,20.50480578927433,74.36191672109685,4.265152318916825e-4,0.053268223261261245,0.052971694272378134,0.05355635777185235,0,0,0,1,1,1,4.2650613625849765e-5,0,0,0
TUR.81.6_1,2059,10,aegypti,15.184165000915527,82.31107568128364,4.203129606933032e-4,1.0042823858279514e-4,9.891837724873998e-5,1.0195512812991562e-4,0,0,0,1,1,1,4.067462057422144e-5,0,0,0
TUR.81.6_1,2059,11,aegypti,12.035167434636284,81.51118870858701,2.4380236481824977e-4,0,0,0,0,0,0,1,1,1,2.4379939286278685e-5,0,0,0
TUR.81.6_1,2059,12,aegypti,9.194158873137305,75.39931065641386,2.0053127302913817e-4,0,0,0,0,0,0,1,1,1,1.940606392858424e-5,0,0,0
TUR.81.6_1,2060,1,aegypti,5.548990530126234,77.87118279108398,2.0128223455939301e-4,0,0,0,0,0,0,1,1,1,1.9478736212108494e-5,0,0,0
TUR.81.6_1,2060,2,aegypti,8.385337649899371,76.41227183512609,1.5594253144354448e-4,0,0,0,0,0,0,1,1,1,1.613185589166566e-5,0,0,0
TUR.81.6_1,2060,3,aegypti,5.956915999160094,82.5521422109535,1.8483134118325148e-4,0,0,0,0,0,0,1,1,1,1.7886744015815914e-5,0,0,0
TUR.81.6_1,2060,4,aegypti,11.394775432698868,77.29052698521716,2.444054533980802e-4,0,0,0,0,0,0,1,1,1,2.444024667214162e-5,0,0,0
TUR.81.6_1,2060,5,aegypti,16.11106404136209,83.01767820402571,3.4161419896196784e-4,0.001336924461408475,0.001322511607817608,0.0013511505816742964,0,0,0,1,1,1,3.3058892151993646e-5,0,0,0
TUR.81.6_1,2060,6,aegypti,20.560443906223075,79.45654967444213,3.842376895824317e-4,0.059227372633837455,0.05893596319734842,0.059522365414852445,3.340661081097096e-16,3.3306690738754696e-16,3.3306690738754696e-16,0.9999999999999997,0.9999999999999997,0.9999999999999997,3.842303077472575e-5,0,0,0
TUR.81.6_1,2060,7,aegypti,25.569708038778867,72.89338809522273,4.5122348481408693e-4,0.2168148427095295,0.21582964425613607,0.21779343676788673,0.08511200970166816,0.08165194377390082,0.08856661901044469,0.9148879902983319,0.9114333809895553,0.9183480562260992,4.366583547266156e-5,3.840379981839614e-5,3.6842595906383385e-5,3.996253994450749e-5
TUR.81.6_1,2060,8,aegypti,25.8418508978451,65.63500799419269,5.357994454138603e-4,0.19463340560363265,0.19357348732454754,0.19561146715402378,0.021872942969504563,0.01995230636457932,0.023723710011259867,0.9781270570304954,0.97627628998874,0.9800476936354207,5.1850214964788144e-5,1.1719441907806494e-5,1.069037754241331e-5,1.2711069880808057e-5
TUR.81.6_1,2060,9,aegypti,20.767592654508704,74.06236380361638,4.2705803159824124e-4,0.05949203436837107,0.05917252467118397,0.059798284565488476,3.72257780156815e-16,3.3306690738754696e-16,4.440892098500626e-16,0.9999999999999997,0.9999999999999996,0.9999999999999997,4.270489127999877e-5,0,0,0
TUR.81.6_1,2060,10,aegypti,18.79737377166748,82.0159478126313,4.208478671507241e-4,0.023508682954837025,0.023361822107374097,0.023659321256471733,0,0,0,1,1,1,4.072638360841374e-5,0,0,0
TUR.81.6_1,2060,11,aegypti,12.75108406824224,71.24639531259092,2.4411263709503287e-4,0,0,0,0,0,0,1,1,1,2.4410965757004632e-5,0,0,0
TUR.81.6_1,2060,12,aegypti,9.088170370634863,80.2101855953787,2.0078647684840934e-4,0,0,0,0,0,0,1,1,1,1.9430760592742402e-5,0,0,0
TUR.81.6_1,2061,1,aegypti,6.128311914556166,82.23183952936523,2.0552087602403215e-4,0,0,0,0,0,0,1,1,1,1.9888919247423864e-5,0,0,0
TUR.81.6_1,2061,2,aegypti,5.646940528469928,84.68954692057531,1.5373583486091554e-4,0,0,0,0,0,0,1,1,1,1.6471560934538942e-5,0,0,0
TUR.81.6_1,2061,3,aegypti,9.16905942033319,75.4545088491371,1.8872355645212075e-4,0,0,0,0,0,0,1,1,1,1.8263403201213002e-5,0,0,0
TUR.81.6_1,2061,4,aegypti,12.272296947591446,82.50192987828356,2.49552192210995e-4,0,0,0,0,0,0,1,1,1,2.495490784215626e-5,0,0,0
TUR.81.6_1,2061,5,aegypti,16.012862289653107,80.542771282639,3.4880797893862257e-4,0.0010652076071739703,0.0010535207123698032,0.0010772140372702415,0,0,0,1,1,1,3.375504115077366e-5,0,0,0
TUR.81.6_1,2061,6,aegypti,21.08843615475823,81.55146697180541,3.9232904353081336e-4,0.07664265689428428,0.07627434706588157,0.0770127655873248,5.139094705342018e-13,4.471867320887668e-13,5.878936226721975e-13,0.9999999999994861,0.999999999999412,0.9999999999995528,3.923213475276466e-5,2.219335826225688e-16,2.220446049250313e-16,2.220446049250313e-16
TUR.81.6_1,2061,7,aegypti,24.78793923995074,76.22689181836726,4.6072543900660965e-4,0.20206594778453524,0.20115065416928393,0.2029587618323962,0.038546812534322177,0.03618008357840932,0.04091233419809423,0.9614531874656779,0.9590876658019057,0.9638199164215906,4.4585338851321765e-5,1.7759339276777307e-5,1.6668945961489933e-5,1.8849175486310154e-5
TUR.81.6_1,2061,8,aegypti,27.610327384051153,67.03943838359699,5.470824170632619e-4,0.24006003644156165,0.23867614212370816,0.2414306946973848,0.16757027326872026,0.1628543365961965,0.1722119183483421,0.8324297267312797,0.827788081651658,0.8371456634038035,5.294205823558329e-5,9.167054723548785e-5,8.909077527541886e-5,9.420967452694883e-5
TUR.81.6_1,2061,9,aegypti,24.20725368050968,68.84521216177068,4.360511048543182e-4,0.1563576350151587,0.15555733766671948,0.15713461814666008,1.736293471995828e-4,1.5203929071362643e-4,1.9651873363755456e-4,0.9998263706528004,0.9998034812663624,0.9998479607092864,4.360415979642873e-5,7.571126580230291e-8,6.629689854598108e-8,8.569220722176585e-8
TUR.81.6_1,2061,10,aegypti,18.151040077209473,84.10433434827583,4.297101655245214e-4,0.015143970240699437,0.015044421664391993,0.01524581522092382,0,0,0,1,1,1,4.1583990090132694e-5,0,0,0
TUR.81.6_1,2061,11,aegypti,13.030761459294487,69.65961094979795,2.4925320972380154e-4,0,0,0,0,0,0,1,1,1,2.4925010339127418e-5,0,0,0
TUR.81.6_1,2061,12,aegypti,5.722921690520118,84.62397343717558,2.0501467854823371e-4,0,0,0,0,0,0,1,1,1,1.9839933367959972e-5,0,0,0
TUR.81.6_1,2062,1,aegypti,6.154613775365492,82.50545250543945,2.213614364064137e-4,0,0,0,0,0,0,1,1,1,2.1421845039948373e-5,0,0,0
TUR.81.6_1,2062,2,aegypti,8.10141068609322,79.88877329996984,1.6558505340339298e-4,0,0,0,0,0,0,1,1,1,1.7741098346624185e-05,0,0,0
TUR.81.6_1,2062,3,aegypti,10.079898501143736,74.17155749415663,2.032694602522196e-4,0,0,0,0,0,0,1,1,1,1.967104461142455e-5,0,0,0
TUR.81.6_1,2062,4,aegypti,16.226074260823868,75.7662960281859,2.6878647461455824e-4,0.0014549968506530752,0.0014372292227060029,0.0014704220253605334,0,0,0,1,1,1,2.687828623382238e-5,0,0,0
TUR.81.6_1,2062,5,aegypti,19.615831459269806,68.36527341886946,3.756924198729227e-4,0.031147177318764426,0.030945331869907382,0.03133831777155696,0,0,0,1,1,1,3.635667003565324e-5,0,0,0
TUR.81.6_1,2062,6,aegypti,23.712352780734793,65.43028166907104,4.2256787874814255e-4,0.13152688794071318,0.13088202109606223,0.13224127066823935,1.8077834428350537e-6,1.578382510189491e-6,2.0879041108812224e-6,0.9999981922165572,0.9999979120958891,0.9999984216174899,4.225589506934302e-5,7.639112137303172e-10,6.669737317999136e-10,8.822812647135691e-10
TUR.81.6_1,2062,7,aegypti,25.319349457235898,65.17055636914851,4.962359393386054e-4,0.17854277116159564,0.17762878079519323,0.17951017987231635,0.004135271664749496,0.003691676047096734,0.004640096651813067,0.9958647283352505,0.9953599033481869,0.9963083239529033,4.802167976147853e-5,2.0520683063023347e-6,1.8319406529548887e-6,2.302580069687976e-6
TUR.81.6_1,2062,8,aegypti,26.877579352434942,72.0525762009798,5.892488978085877e-4,0.2522162048408241,0.2509323639157693,0.2535023642442917,0.20722175433098494,0.2031974452560136,0.21122498303741816,0.7927782456690151,0.7887750169625818,0.7968025547439864,5.7022461042333106e-5,1.2209773511550725e-4,1.197267028408333e-4,1.2445634311114285e-4
TUR.81.6_1,2062,9,aegypti,23.04308818368351,67.13768500112614,4.696598262157497e-4,0.11487870263448632,0.11424770235588051,0.11547002422015672,4.4390707831132305e-8,3.801217179077998e-8,5.1017522700869114e-8,0.9999999556092922,0.9999999489824773,0.9999999619878283,4.6964879737099174e-5,2.0848534121320485e-11,1.7852772038473575e-11,2.3960930461974783e-11
TUR.81.6_1,2062,10,aegypti,15.81372356414795,80.73642205579536,4.628301577880733e-4,7.025317310324117e-4,6.944129402533678e-4,7.10611569634844e-4,0,0,0,1,1,1,4.4789012212054224e-5,0,0,0
TUR.81.6_1,2062,11,aegypti,9.791840293828178,79.8942911255792,2.684644479956285e-4,0,0,0,0,0,0,1,1,1,2.684608443703773e-5,0,0,0
TUR.81.6_1,2062,12,aegypti,5.507111868437598,79.46173436246855,2.2081622366444903e-4,0,0,0,0,0,0,1,1,1,2.136908364536172e-5,0,0,0
TUR.81.6_1,2063,1,aegypti,6.740685743444105,82.60719048151367,2.0914391908580964e-4,0,0,0,0,0,0,1,1,1,2.0239529283094804e-5,0,0,0
TUR.81.6_1,2063,2,aegypti,7.309642612057575,77.39244303873937,1.5644598071380824e-4,0,0,0,0,0,0,1,1,1,1.6761928879449606e-5,0,0,0
TUR.81.6_1,2063,3,aegypti,9.73087182115106,79.15908343409804,1.920504864702561e-4,0,0,0,0,0,0,1,1,1,1.8585358238842886e-5,0,0,0
TUR.81.6_1,2063,4,aegypti,12.583043140523575,79.89120447545153,2.5395144525055326e-4,0,0,0,0,0,0,1,1,1,2.5394822071089784e-5,0,0,0
TUR.81.6_1,2063,5,aegypti,16.53374584983377,83.77497953459212,3.549569714518621e-4,0.002696057794595829,0.0026726776848953536,0.0027212375173702058,0,0,0,1,1,1,3.435008467900236e-5,0,0,0
TUR.81.6_1,2063,6,aegypti,20.564443616306082,77.99945738928588,3.992452510061644e-4,0.05797671241969741,0.05767831856999846,0.05827005548404918,2.0550228185811647e-16,1.1102230246251565e-16,2.220446049250313e-16,0.9999999999999998,0.9999999999999998,0.9999999999999999,3.992372812733347e-5,0,0,0
TUR.81.6_1,2063,7,aegypti,24.862926651449765,75.39037448438289,4.688473784293576e-4,0.20171502330537774,0.20082333972681427,0.20266720808878033,0.03763519290937455,0.03535696370370222,0.040128502841958236,0.9623648070906254,0.9598714971580418,0.9646430362962979,4.537129763626524e-5,1.764500568214e-5,1.6576882343649626e-5,1.8813966372877022e-5
TUR.81.6_1,2063,8,aegypti,26.050980231341192,67.04266180278644,5.567267081625746e-4,0.20603597167520238,0.20501877204577773,0.20710304400277335,0.04965146921777358,0.0466664133430477,0.052846034404185026,0.9503485307822265,0.947153965595815,0.9533335866569522,5.3875326881724916e-5,2.7641916562629266e-5,2.59801011935179e-5,2.942036598583275e-5
TUR.81.6_1,2063,9,aegypti,21.47144816903507,74.18406027578435,4.4373807058055475e-4,0.07887456985759932,0.07847492077047036,0.07925313382621517,1.1603698002460306e-12,1.0021677931959517e-12,1.3257533959531996e-12,0.9999999999988396,0.9999999999986743,0.9999999999989979,4.437282255520536e-5,5.172529071728604e-16,4.440892098500626e-16,5.551115123125783e-16
TUR.81.6_1,2063,10,aegypti,17.655787467956543,68.78286599500434,4.372853494372098e-4,0.0077820693762412916,0.007716242686851394,0.007847999102379993,0,0,0,1,1,1,4.2317041651029896e-5,0,0,0
TUR.81.6_1,2063,11,aegypti,9.56312535089605,83.68988438729795,2.5364719212396406e-4,0,0,0,0,0,0,1,1,1,2.536439753064723e-5,0,0,0
TUR.81.6_1,2063,12,aegypti,5.728409609373878,86.77973515592558,2.0862879806273922e-4,0,0,0,0,0,0,1,1,1,2.0189679869164756e-5,0,0,0
TUR.81.6_1,2064,1,aegypti,3.176188511006972,83.58505760797851,2.1828843432422567e-4,0,0,0,0,0,0,1,1,1,2.1124464067989734e-5,0,0,0
TUR.81.6_1,2064,2,aegypti,5.045355617123493,77.84354624918859,1.6911801037921819e-4,0,0,0,0,0,0,1,1,1,1.7494813554952415e-5,0,0,0
TUR.81.6_1,2064,3,aegypti,8.857006693587584,74.36630541896132,2.0044761610112964e-4,0,0,0,0,0,0,1,1,1,1.9397968253898057e-5,0,0,0
TUR.81.6_1,2064,4,aegypti,15.485904735677384,65.7689930191527,2.6505510473566913e-4,2.2704665965342748e-4,2.237735483797016e-4,2.3037073927290928e-4,0,0,0,1,1,1,2.6505159205658657e-5,0,0,0
TUR.81.6_1,2064,5,aegypti,17.3440037615159,74.98426908537337,3.7047695141882345e-4,0.006320398387770798,0.006267602998403824,0.006376730599203247,0,0,0,1,1,1,3.585196550470737e-5,0,0,0
TUR.81.6_1,2064,6,aegypti,20.593606976901786,79.93437102453979,4.16701671913115e-4,0.06056507828539558,0.060249020316136666,0.060885905977849854,6.300515664747763e-16,5.551115123125783e-16,7.771561172376096e-16,0.9999999999999993,0.9999999999999992,0.9999999999999994,4.166929900195626e-5,0,0,0
TUR.81.6_1,2064,7,aegypti,26.393152405233945,66.80923587354305,4.893470516461514e-4,0.21380323825483236,0.21269036321350887,0.21485964856117337,0.07464657300835376,0.07085625638509754,0.07827762604581207,0.9253534269916462,0.9217223739541879,0.9291437436149025,4.735504500275045e-5,3.652741281806482e-5,3.467269904086079e-5,3.8304191891033734e-5
TUR.81.6_1,2064,8,aegypti,25.87641777711756,75.56739629985675,5.810687779137733e-4,0.23962840922017362,0.23845563772898412,0.24069424738208828,0.16610400115395157,0.1620983699666393,0.16972595203065477,0.8338959988460485,0.8302740479693452,0.8379016300333607,5.623088136352816e-5,9.65131906115142e-5,9.418586597114975e-5,9.861758849259161e-5
TUR.81.6_1,2064,9,aegypti,23.509909854215735,82.64338797353825,4.631398756439109e-4,0.1708808182170141,0.1701760918329566,0.1715959032655893,0.0015337764089842674,0.0013904474376354836,0.0016888465482864407,0.9984662235910158,0.9983111534517135,0.9986095525623645,4.631291508827573e-5,7.103527623880667e-7,6.439714459738344e-7,7.821718744888128e-7
TUR.81.6_1,2064,10,aegypti,17.848631858825684,84.22094201429145,4.5640501860542493e-4,0.01178806209804811,0.01170510728224984,0.011868100814120885,0,0,0,1,1,1,4.4167252205129515e-5,0,0,0
TUR.81.6_1,2064,11,aegypti,12.067939498845268,75.11543675546201,2.64737548581363e-4,0,0,0,0,0,0,1,1,1,2.6473404431404113e-5,0,0,0
TUR.81.6_1,2064,12,aegypti,8.063050589140722,80.01020390592558,2.177507903797828e-4,0,0,0,0,0,0,1,1,1,2.1072435106628262e-5,0,0,0
TUR.81.6_1,2065,1,aegypti,2.9489832345177143,83.16939293512695,2.0687438857012647e-4,0,0,0,0,0,0,1,1,1,2.0019901718737465e-5,0,0,0
TUR.81.6_1,2065,2,aegypti,6.845325290280231,78.52545390299719,1.5474830320619547e-4,0,0,0,0,0,0,1,1,1,1.6580037893176858e-5,0,0,0
TUR.81.6_1,2065,3,aegypti,6.724937105880064,81.99511248683241,1.899664457699515e-4,0,0,0,0,0,0,1,1,1,1.8383680608691222e-5,0,0,0
TUR.81.6_1,2065,4,aegypti,14.576997799031876,72.71875727086169,2.5119568473398046e-4,0,0,0,0,0,0,1,1,1,2.5119252979655116e-5,0,0,0
TUR.81.6_1,2065,5,aegypti,16.55145653556375,74.665329876389,3.5110514691885257e-4,0.002387227554138257,0.0023628890533562703,0.0024115219531769157,0,0,0,1,1,1,3.397734020083032e-5,0,0,0
TUR.81.6_1,2065,6,aegypti,21.960626630222098,76.60476592200072,3.9491283108996164e-4,0.09763515833261231,0.0971656949325822,0.09809945778229034,4.773088174703233e-10,4.16019857452099e-10,5.440116718213873e-10,0.9999999995226911,0.9999999994559884,0.9999999995839801,3.9490503338512895e-5,1.8849599658921078e-13,1.643102320869616e-13,2.1483093082252936e-13
TUR.81.6_1,2065,7,aegypti,26.447357346029843,66.85929614575984,4.6375966927102006e-4,0.21535651750007684,0.2142400091312806,0.21650992733871938,0.08000787768199144,0.07613895499363785,0.0840357201877024,0.9199921223180085,0.9159642798122977,0.9238610450063621,4.4878960903327325e-5,3.7103738080775826e-5,3.5309553189583066e-5,3.897161838796459e-5
TUR.81.6_1,2065,8,aegypti,25.990488669451544,74.97320379497394,5.50685374240012e-4,0.240674674549238,0.2395782374037491,0.24180145487952726,0.16965616113064536,0.16593655618994563,0.17345900515450793,0.8303438388693547,0.826540994845492,0.8340634438100544,5.329071299042809e-5,9.342280182728057e-5,9.137465962702762e-5,9.551677515118872e-5
TUR.81.6_1,2065,9,aegypti,22.30078624276554,68.28077429555974,4.3892283570996906e-4,0.09461196483171412,0.09413372010346568,0.09511173151133576,1.974733458975919e-10,1.707926938765425e-10,2.2835766888551489e-10,0.9999999998025266,0.9999999997716423,0.9999999998292073,4.389132031878962e-5,8.667599971090567e-14,7.494005416219807e-14,1.0025313912365164e-13
TUR.81.6_1,2065,10,aegypti,17.92756938934326,77.4563775001313,4.3254013643294483e-4,0.011374530292669433,0.011287417857921199,0.011461313498390765,0,0,0,1,1,1,4.185784681653981e-5,0,0,0
TUR.81.6_1,2065,11,aegypti,11.335330703679253,81.03576298837217,2.5089473321787225e-4,0,0,0,0,0,0,1,1,1,2.508915858356886e-5,0,0,0
TUR.81.6_1,2065,12,aegypti,7.031130632933448,83.79091221891386,2.0636485739583692e-4,0,0,0,0,0,0,1,1,1,1.9970593236218193e-5,0,0,0
TUR.81.6_1,2066,1,aegypti,9.009872717015883,79.93819176325195,2.138081928248418e-4,0,0,0,0,0,0,1,1,1,2.0690901375020054e-5,0,0,0
TUR.81.6_1,2066,2,aegypti,10.7178762546357,73.79841838053625,1.5993499862362927e-4,0,0,0,0,0,0,1,1,1,1.7135745891128096e-5,0,0,0
TUR.81.6_1,2066,3,aegypti,8.600278521285338,78.4651289663246,1.9633354688399944e-4,0,0,0,0,0,0,1,1,1,1.899984016695555e-5,0,0,0
TUR.81.6_1,2066,4,aegypti,12.5760574761559,77.02140009312731,2.596150048809216e-4,0,0,0,0,0,0,1,1,1,2.5961163491294847e-5,0,0,0
TUR.81.6_1,2066,5,aegypti,16.051452720866486,77.98825925871321,3.628731302752512e-4,0.001099694277228697,0.0010874649412482883,0.0011120977010098407,0,0,0,1,1,1,3.511613795681434e-5,0,0,0
TUR.81.6_1,2066,6,aegypti,20.734796552097098,77.14028838293822,4.081491156169128e-4,0.061637470371861305,0.06131020606104744,0.061959898983687214,1.0408340855860843e-15,8.881784197001252e-16,1.2212453270876722e-15,0.999999999999999,0.9999999999999988,0.9999999999999991,4.0814078644535456e-5,0,0,0
TUR.81.6_1,2066,7,aegypti,24.63187043807086,78.70763522657039,4.79303491733445e-4,0.2053909105575035,0.20445464055270168,0.20626925523561024,0.047752721281961355,0.04505408495590081,0.05033334473432679,0.9522472787180386,0.9496666552656732,0.9549459150440992,4.638313314664355e-5,2.2887783924519733e-5,2.159434707494079e-5,2.4124656877599902e-5
TUR.81.6_1,2066,8,aegypti,24.644909522112677,73.89415563823566,5.691426836116867e-4,0.18804929492808506,0.1871763677983602,0.18894800252780997,0.011888424992042243,0.01087340474121533,0.012988481882579828,0.9881115750079578,0.9870115181174202,0.9891265952587847,5.507680743743748e-5,6.766187168349868e-6,6.188499605538911e-6,7.392272111766962e-6
TUR.81.6_1,2066,9,aegypti,22.71947978524601,75.92052572988591,4.536342025774334e-4,0.1225175105931339,0.1219766518391784,0.12309548188142022,2.611596145929429e-7,2.3086038024588971e-7,2.965332945220611e-7,0.9999997388403854,0.9999997034667054,0.9999997691396197,4.5362391353331866e-5,1.184709325086075e-10,1.0472614164758198e-10,1.3451761926575045e-10
TUR.81.6_1,2066,10,aegypti,17.12787914276123,77.69469689710395,4.470375745114977e-4,0.0052240451358729675,0.005179471682181767,0.0052702810712286375,0,0,0,1,1,1,4.326076498528675e-5,0,0,0
TUR.81.6_1,2066,11,aegypti,13.288354614201713,84.47917576913389,2.593039663795792e-4,0,0,0,0,0,0,1,1,1,2.5930060448153824e-5,0,0,0
TUR.81.6_1,2066,12,aegypti,4.859965166624854,82.74614293180448,2.1328158370557986e-4,0,0,0,0,0,0,1,1,1,2.0639940255362532e-5,0,0,0
TUR.81.6_1,2067,1,aegypti,6.165955824010512,82.78571068415039,2.1568795008388678e-4,0,0,0,0,0,0,1,1,1,2.087280958740223e-5,0,0,0
TUR.81.6_1,2067,2,aegypti,6.167053042965778,85.95854411295812,1.6134111393972667e-4,0,0,0,0,0,0,1,1,1,1.728639851061864e-5,0,0,0
TUR.81.6_1,2067,3,aegypti,7.702610636458678,80.09921557521132,1.9805967068249947e-4,0,0,0,0,0,0,1,1,1,1.9166881217724807e-5,0,0,0
TUR.81.6_1,2067,4,aegypti,13.392757457845352,80.18393671422106,2.6189748612513524e-4,0,0,0,0,0,0,1,1,1,2.6189405664012178e-5,0,0,0
TUR.81.6_1,2067,5,aegypti,16.59403046439676,82.92113584562728,3.660634355284558e-4,0.002900932619064983,0.0028739097324071614,0.0029275543088681986,0,0,0,1,1,1,3.542486628538288e-5,0,0,0
TUR.81.6_1,2067,6,aegypti,23.150564221774832,75.66060546057494,4.1173747793697696e-4,0.13759166598563607,0.13693290382966472,0.13827167880748673,6.087560968355166e-6,5.341149438528591e-6,6.93194612209902e-6,0.9999939124390317,0.9999930680538779,0.9999946588505615,4.1172900166586146e-5,2.506476997066187e-9,2.1991513970975873e-9,2.8541419561101123e-9
TUR.81.6_1,2067,7,aegypti,26.40443437239703,68.87152606519344,4.835174285614395e-4,0.22364652401245053,0.2224512052103344,0.22472079612879642,0.10956653150242095,0.10525245330079165,0.11344536874582721,0.8904334684975791,0.8865546312541728,0.8947475466992084,4.679091448667183e-5,5.297592374551907e-5,5.089010062472587e-5,5.485130859012311e-5
TUR.81.6_1,2067,8,aegypti,27.616579672869513,58.224733488577456,5.741464679700713e-4,0.19567512544949164,0.1943973344320317,0.19688721557330505,0.02387123235223499,0.02142390742148361,0.02630887508832202,0.976128767647765,0.973691124911678,0.9785760925785164,5.556101784598422e-5,1.3705489549504347e-5,1.2300385125824099e-5,1.5105033626092167e-5
TUR.81.6_1,2067,9,aegypti,21.657443270963782,74.60776633047185,4.5762246034239466e-4,0.08498414826459486,0.0845304602312505,0.08540008773319786,9.588749905198313e-12,8.221451297529825e-12,1.0979320230752876e-11,0.9999999999904112,0.9999999999890207,0.9999999999917785,4.5761198958604865e-5,4.3878234379235435e-15,3.774758283725532e-15,4.9960036108132044e-15
TUR.81.6_1,2067,10,aegypti,16.54698657989502,67.35884713514106,4.5096783609152173e-4,0.0020998550624911324,0.002075899224543698,0.0021222252507855726,0,0,0,1,1,1,4.364109635368596e-5,0,0,0
TUR.81.6_1,2067,11,aegypti,12.350570419255424,77.27595158700498,2.6158371303783973e-4,0,0,0,0,0,0,1,1,1,2.6158029176603925e-5,0,0,0
TUR.81.6_1,2067,12,aegypti,9.999121985014746,77.35452611051542,2.151567111265371e-4,0,0,0,0,0,0,1,1,1,2.0821400437465165e-5,0,0,0
TUR.81.6_1,2068,1,aegypti,9.44858102237477,78.06825005182617,2.1672431194039578e-4,0,0,0,0,0,0,1,1,1,2.0973100571808345e-5,0,0,0
TUR.81.6_1,2068,2,aegypti,5.191174804287799,80.40833506754797,1.6790621339894384e-4,0,0,0,0,0,0,1,1,1,1.736945743191498e-5,0,0,0
TUR.81.6_1,2068,3,aegypti,9.391279841170592,76.6863203725746,1.990113301884118e-4,0,0,0,0,0,0,1,1,1,1.9258975529568012e-5,0,0,0
TUR.81.6_1,2068,4,aegypti,12.115373653524063,84.19829523472887,2.6315588078663633e-4,0,0,0,0,0,0,1,1,1,2.6315241826613267e-5,0,0,0
TUR.81.6_1,2068,5,aegypti,18.188287819133087,71.47866910978743,3.678223385246444e-4,0.012829029975397203,0.012733440667920344,0.012924364312798198,0,0,0,1,1,1,3.559507666006656e-5,0,0,0
TUR.81.6_1,2068,6,aegypti,24.723869351779715,60.89934828894408,4.1371584073778776e-4,0.14830932106636596,0.14749784631172344,0.14917805097055103,4.441574788409552e-5,3.838033543915598e-5,5.160125024857298e-5,0.999955584252116,0.9999483987497514,0.9999616196645609,4.137072828158672e-5,1.83754983096307e-8,1.5878552606096717e-8,2.134825441424404e-8
TUR.81.6_1,2068,7,aegypti,23.780794311972226,82.16484195264461,4.85840687787203e-4,0.18128470656052093,0.18054003268461744,0.1820273059604026,0.005721807659730665,0.005242007690598841,0.00622631099894369,0.9942781923402694,0.9937736890010562,0.9947579923094012,4.701573547927218e-5,2.779883097380753e-6,2.546777378706344e-6,3.0249906428442276e-6
TUR.81.6_1,2068,8,aegypti,25.79892410951502,74.25130285503253,5.769051918543778e-4,0.23068395196620994,0.2295767207643223,0.23177416732395062,0.13487453140379468,0.1309211863786257,0.1387552371066531,0.8651254685962053,0.861244762893347,0.8690788136213743,5.582797625613978e-5,7.780678970913656e-5,7.552625989398765e-5,8.00454128788236e-5
TUR.81.6_1,2068,9,aegypti,22.168128238004797,72.64968222402653,4.598212964961816e-4,0.09779803084072898,0.09729031749598147,0.09824360713837357,5.001965158735188e-10,4.3125137627608725e-10,5.668740227227076e-10,0.9999999994998034,0.9999999994331259,0.9999999995687486,4.598107248765526e-5,2.3000057414179765e-13,1.982830566404914e-13,2.6068036618198676e-13
TUR.81.6_1,2068,10,aegypti,20.24879550933838,71.34823083265083,4.5313469735408133e-4,0.04508241203547661,0.04481607731259516,0.04534396212080106,0,0,0,1,1,1,4.3850783431498286e-5,0,0,0
TUR.81.6_1,2068,11,aegypti,12.246293762150932,80.8972208130792,2.6284060004692385e-4,0,0,0,0,0,0,1,1,1,2.6283714581798456e-5,0,0,0
TUR.81.6_1,2068,12,aegypti,5.508357367094825,86.05061680875761,2.1619052042602156e-4,0,0,0,0,0,0,1,1,1,2.0921444410570977e-5,0,0,0
TUR.81.6_1,2069,1,aegypti,4.951820177190443,83.21487175592773,2.0743389036907584e-4,0,0,0,0,0,0,1,1,1,2.0074045968709875e-5,0,0,0
TUR.81.6_1,2069,2,aegypti,4.461995898800739,79.03153453043859,1.551668274837857e-4,0,0,0,0,0,0,1,1,1,1.662487903553167e-5,0,0,0
TUR.81.6_1,2069,3,aegypti,8.437423372969908,83.42556292628554,1.9048021921906202e-4,0,0,0,0,0,0,1,1,1,1.843339970464264e-5,0,0,0
TUR.81.6_1,2069,4,aegypti,11.112572712056778,82.89545404820544,2.5187505562405726e-4,0,0,0,0,0,0,1,1,1,2.518718835986533e-5,0,0,0
TUR.81.6_1,2069,5,aegypti,18.580211723552033,74.67018217131087,3.520547277861569e-4,0.01807963364194228,0.01794536957081046,0.01819648859820065,0,0,0,1,1,1,3.40692319968916e-5,0,0,0
TUR.81.6_1,2069,6,aegypti,21.761217145358817,71.92316344397338,3.959808919598944e-4,0.08428219303626808,0.08384785182037643,0.08472612530372792,7.58604956629938e-12,6.537206886925162e-12,8.77677097665952e-12,0.999999999992414,0.9999999999912232,0.9999999999934628,3.959730520197713e-5,3.002154080888886e-15,2.55351295663786e-15,3.4416913763379853e-15
TUR.81.6_1,2069,7,aegypti,26.881054092856015,70.17120868238094,4.6501392974777954e-4,0.24222197655011826,0.2409674181583613,0.24351072378093028,0.174864986733377,0.17064944120069725,0.17916916029669303,0.825135013266623,0.820830839703307,0.8293505587993029,4.500033549459381e-5,8.131134817561492e-5,7.935121878745455e-5,8.331268462469232e-5
TUR.81.6_1,2069,8,aegypti,25.679669043597052,75.67301000835285,5.521747294940479e-4,0.23315608992530007,0.23204051571012665,0.23418683687418204,0.1436444662370505,0.13970031756333193,0.1472756975948124,0.8563555337629495,0.8527243024051876,0.860299682436668,5.343483645281477e-5,7.931369819886348e-5,7.713600992570457e-5,8.131861194284329e-5
TUR.81.6_1,2069,9,aegypti,23.809834704679602,75.10366171621403,4.401099237679789e-4,0.1607494601658405,0.16004055370875184,0.16147805047326164,3.487957703001671e-4,3.1184082949079487e-4,3.897704050695144e-4,0.9996512042296999,0.9996102295949305,0.9996881591705092,4.40100239073038e-5,1.535084680547305e-7,1.372442342967295e-7,1.7154180858292011e-7
TUR.81.6_1,2069,10,aegypti,15.375518798828125,72.66520928724067,4.337099621717651e-4,1.7990075661818248e-4,1.771163270547765e-4,1.8262986598101632e-4,0,0,0,1,1,1,4.1971051013889316e-5,0,0,0
TUR.81.6_1,2069,11,aegypti,11.684690216008354,75.06270238046201,2.515732901700043e-4,0,0,0,0,0,0,1,1,1,2.5157012574106297e-5,0,0,0
TUR.81.6_1,2069,12,aegypti,8.54749520736582,80.36501652799589,2.0692298114305835e-4,0,0,0,0,0,0,1,1,1,2.0024604131640977e-5,0,0,0
TUR.81.6_1,2070,1,aegypti,7.814213556401869,83.2170613921582,2.244269203108511e-4,0,0,0,0,0,0,1,1,1,2.171849837362405e-5,0,0,0
TUR.81.6_1,2070,2,aegypti,5.464316665249713,81.36324534586828,1.6787812813340864e-4,0,0,0,0,0,0,1,1,1,1.798678053588354e-5,0,0,0
TUR.81.6_1,2070,3,aegypti,9.936928415999693,75.18935687159804,2.060844006898251e-4,0,0,0,0,0,0,1,1,1,1.994345280631471e-5,0,0,0
TUR.81.6_1,2070,4,aegypti,13.637484592549942,75.76645624547106,2.7250871560213763e-4,0,0,0,0,0,0,1,1,1,2.725050025853548e-5,0,0,0
TUR.81.6_1,2070,5,aegypti,18.16334732841043,69.407578411545245,3.8089512855080256e-4,0.01217344819045264,0.012074670771426915,0.012273239944565941,0,0,0,1,1,1,3.686013954040668e-5,0,0,0
TUR.81.6_1,2070,6,aegypti,21.8636913580053,76.95667174475463,4.2841973375895126e-4,0.09498712792004559,0.09450237040118703,0.09543764176586761,2.2062054383376052e-10,1.906256014150287e-10,2.513892677358242e-10,0.9999999997793795,0.9999999997486106,0.9999999998093744,4.284105567164964e-5,9.451839311225285e-14,8.170963905484996e-14,1.0769440894620174e-13
TUR.81.6_1,2070,7,aegypti,27.62088601729449,63.22289020093562,5.031079731921127e-4,0.22001231761953188,0.2186840855964316,0.22127453824820476,0.09648269398929606,0.09173242684573847,0.10101326726100256,0.9035173060107039,0.8989867327389974,0.9082675731542615,4.868668313839919e-5,4.8540033824590155e-5,4.6150250390750164e-5,5.081928881335851e-5
TUR.81.6_1,2070,8,aegypti,26.36307778077967,69.37427725078449,5.97409004832032e-4,0.22495395020918868,0.2238095057945591,0.22610415127252123,0.1142868878624379,0.11015469263251895,0.11843820343104638,0.8857131121375621,0.8815617965689537,0.889845307367481,5.781210347710619e-5,6.827368434008951e-5,6.580524004335676e-5,7.075354609559215e-5
TUR.81.6_1,2070,9,aegypti,21.002606616300696,73.25047415517888,4.7616382556269084e-4,0.06475648854569534,0.0644215535947339,0.0650921888950453,4.25393054115375e-15,3.6637359812630166e-15,4.884981308350689e-15,0.9999999999999958,0.9999999999999951,0.9999999999999963,4.761524891427893e-5,0,0,0
TUR.81.6_1,2070,10,aegypti,15.179813385009766,81.71897363050239,4.692395777042988e-4,9.736568212784412e-5,9.589069572966532e-5,9.887694722880316e-5,0,0,0,1,1,1,4.540925068208246e-5,0,0,0
TUR.81.6_1,2070,11,aegypti,13.911859252873588,74.01369114999326,2.7218222945568963e-4,0,0,0,0,0,0,1,1,1,2.7217852533123477e-5,0,0,0
TUR.81.6_1,2070,12,aegypti,8.409178099211523,80.05605656705839,2.238741572886203e-4,0,0,0,0,0,0,1,1,1,2.166500633826729e-5,0,0,0
TUR.81.6_1,2071,1,aegypti,6.332462591283461,81.34859978327148,2.1740105779369546e-4,0,0,0,0,0,0,1,1,1,2.1038590730326767e-5,0,0,0
TUR.81.6_1,2071,2,aegypti,6.905954181271442,80.99893412760656,1.626225703497476e-4,0,0,0,0,0,0,1,1,1,1.742369502888419e-5,0,0,0
TUR.81.6_1,2071,3,aegypti,8.2399422175744,78.88449389552382,1.9963276527919065e-4,0,0,0,0,0,0,1,1,1,1.9319113249260944e-5,0,0,0
TUR.81.6_1,2071,4,aegypti,12.690455478780411,79.82303583531481,2.639776143960284e-4,0,0,0,0,0,0,1,1,1,2.639741302179477e-5,0,0,0
TUR.81.6_1,2071,5,aegypti,17.255764091716095,73.83319944426009,3.689709048304681e-4,0.005655771069728963,0.005600285062411671,0.005706526163741648,0,0,0,1,1,1,3.570622427540027e-5,0,0,0
TUR.81.6_1,2071,6,aegypti,21.779846219455496,76.58949187414916,4.150077146265866e-4,0.09171465604435242,0.09125660887391172,0.09216958212262243,8.230311721035832e-11,7.131297219409305e-11,9.438050618815197e-11,0.9999999999176968,0.9999999999056195,0.9999999999286869,4.1499910317543964e-5,3.415778770943234e-14,2.964017919993012e-14,3.9190872769268026e-14
TUR.81.6_1,2071,7,aegypti,24.944471527548398,70.46967059644344,4.873577795609892e-4,0.1861930096172154,0.18532248350785868,0.1871102267781457,0.009829976697173204,0.0089578508659646245,0.01079996163744032,0.9901700233028268,0.9892000383625597,0.9910421491340354,4.7162543898804365e-5,4.790704113911693e-6,4.365668778130716e-6,5.2634314710781055e-6
TUR.81.6_1,2071,8,aegypti,27.617396018084357,66.15722097637043,5.787066427061027e-4,0.23535893185275178,0.2340143401437653,0.236698054688187,0.15137520998090898,0.14666967413992846,0.15603770783205032,0.8486247900190911,0.8439622921679497,0.8533303258600715,5.6002300461655e-5,8.759800162469045e-5,8.48751126121372e-5,9.029598110752712e-5
TUR.81.6_1,2071,9,aegypti,21.481459842008704,79.11160391592107,4.6125713981655755e-4,0.08583939595394434,0.08542267119275149,0.08628445809629592,1.2723284426030545e-11,1.1061704330295185e-11,1.4688031346743457e-11,0.9999999999872767,0.999999999985312,0.9999999999889383,4.6124650207257645e-5,5.867972774353802e-15,5.10702591327572e-15,6.772360450213455e-15
TUR.81.6_1,2071,10,aegypti,19.15504550933838,83.17416619642036,4.545496610223241e-4,0.03006906883248578,0.029891375264457735,0.03025301892650035,0,0,0,1,1,1,4.398770938551788e-5,0,0,0
TUR.81.6_1,2071,11,aegypti,12.11161873621099,86.7867700684503,2.6366134915701666e-4,0,0,0,0,0,0,1,1,1,2.6365787332172097e-5,0,0,0
TUR.81.6_1,2071,12,aegypti,7.186033091124366,79.78939396940214,2.168655994557395e-4,0,0,0,0,0,0,1,1,1,2.0986773270337267e-5,0,0,0
TUR.81.6_1,2072,1,aegypti,3.3464849415947406,84.79050194391601,2.134187710037135e-4,0,0,0,0,0,0,1,1,1,2.0653216171395705e-5,0,0,0
TUR.81.6_1,2072,2,aegypti,5.093083678799518,86.1760200040714,1.65345260006386e-4,0,0,0,0,0,0,1,1,1,1.710453578540605e-5,0,0,0
TUR.81.6_1,2072,3,aegypti,7.486627245650572,73.278826781266,1.9597595269471232e-4,0,0,0,0,0,0,1,1,1,1.896523493460922e-5,0,0,0
TUR.81.6_1,2072,4,aegypti,13.170670551412247,76.12992060093981,2.5914215233651154e-4,0,0,0,0,0,0,1,1,1,2.5913879463268508e-5,0,0,0
TUR.81.6_1,2072,5,aegypti,17.921012962565705,77.75031370207259,3.6221220744828505e-4,0.011363237761588783,0.011279519160884391,0.011451193619816195,0,0,0,1,1,1,3.505217992716414e-5,0,0,0
TUR.81.6_1,2072,6,aegypti,23.819116620456473,69.67677214758666,4.0740572889353473e-4,0.14581936636098836,0.14509077203835982,0.14650777670942788,2.8481253881417202e-5,2.4907377748398243e-5,3.216538143016312e-5,0.9999715187461186,0.9999678346185699,0.9999750926222516,4.07397430034484e-5,1.1603425929429534e-8,1.0147408369132195e-8,1.3104360563342965e-8
TUR.81.6_1,2072,7,aegypti,26.762191940756406,57.06464892896297,0.00047843050723197237,0.1792909124405733,0.17812957080944145,0.18043930208550069,0.004529594128495457,0.003926200785823142,0.005180365344495211,0.9954704058715046,0.9948196346555047,0.9960737992141769,4.629865469052419e-5,2.16709365640122e-6,1.8784124692527992e-6,2.478441748113291e-6
TUR.81.6_1,2072,8,aegypti,27.962595603045294,64.08951391460285,5.681060695446314e-4,0.22870564054533804,0.2272147828323999,0.2301611465121275,0.12779706588463668,0.12244077344801593,0.13301070399660972,0.8722029341153633,0.8669892960033903,0.877559226551984,5.497649546726269e-5,7.259965218274489e-5,6.955692736034247e-5,7.556133335347437e-5
TUR.81.6_1,2072,9,aegypti,23.27856181649601,70.14607733511052,4.528079711081907e-4,0.12897617558832702,0.12833953989781022,0.12957698642244003,1.0622471863613869e-6,9.264763510652418e-7,1.2026079829530189e-6,0.9999989377528137,0.999998797392017,0.9999990735236489,4.527977195101229e-5,4.809939930794371e-10,4.1951584983657143e-10,5.445504713819105e-10
TUR.81.6_1,2072,10,aegypti,18.025017738342285,75.77257012708442,4.4622335788079237e-4,0.012026435330412246,0.011931400853492884,0.012118249932354767,0,0,0,1,1,1,4.318197323316397e-5,0,0,0
TUR.81.6_1,2072,11,aegypti,12.082347610417534,75.3357202637628,2.5883168034844447e-4,0,0,0,0,0,0,1,1,1,2.5882833068591182e-5,0,0,0
TUR.81.6_1,2072,12,aegypti,6.773947557982276,84.41166264615995,2.1289312102955977e-4,0,0,0,0,0,0,1,1,1,2.0602347868381443e-5,0,0,0
TUR.81.6_1,2073,1,aegypti,6.777924818151137,85.62694298395508,2.314650938323981e-4,0,0,0,0,0,0,1,1,1,2.239959691552329e-5,0,0,0
TUR.81.6_1,2073,2,aegypti,8.760484515744098,79.4164985196964,1.731428949209173e-4,0,0,0,0,0,0,1,1,1,1.8550852386667316e-5,0,0,0
TUR.81.6_1,2073,3,aegypti,7.917074824080748,79.08015734767226,2.1254734092056928e-4,0,0,0,0,0,0,1,1,1,2.0568885966021355e-5,0,0,0
TUR.81.6_1,2073,4,aegypti,14.089599651448868,68.8830410233031,2.8105476535358995e-4,0,0,0,0,0,0,1,1,1,2.810508158013203e-5,0,0,0
TUR.81.6_1,2073,5,aegypti,18.13754853080301,67.5931634335179,3.9284024638488123e-4,0.011586011188671863,0.01149290604111126,0.011677611570230482,0,0,0,1,1,1,3.801607540798724e-5,0,0,0
TUR.81.6_1,2073,6,aegypti,22.81925585690667,62.455462485721426,4.418552539811868e-4,0.09938267435473237,0.0988632606653145,0.0999213395070019,7.854380473792944e-10,6.761173315661395e-10,9.1102609345306e-10,0.999999999214562,0.999999999088974,0.9999999993238827,4.418454923216242e-5,3.470493892265836e-13,2.987582403690681e-13,4.0258074651688953e-13
TUR.81.6_1,2073,7,aegypti,27.416149307699765,59.270566287361405,5.188857649583382e-4,0.19813538485587115,0.19685023211878727,0.19947845738509645,0.029027459192586435,0.026231503979947113,0.032086689795599976,0.9709725408074136,0.9679133102044,0.9737684960200529,5.0213490708106434e-5,1.506182164537484e-5,1.3611061377252765e-5,1.6649187980341538e-5
TUR.81.6_1,2073,8,aegypti,27.60481896119959,66.14451040508136,6.16144138003751e-4,0.23508330701584773,0.23358852508096456,0.23641720617738654,0.15041213365718228,0.14517151623458457,0.15506362418216021,0.8495878663428177,0.8449363758178399,0.8548284837654154,5.9625074419478175e-5,9.267125897836482e-5,8.944257850709015e-5,9.553697910954783e-5
TUR.81.6_1,2073,9,aegypti,23.760501132291907,72.27414053701482,4.910966314148229e-4,0.15090798176450923,0.1501659980415421,0.15162097321237,6.977112435246923e-5,6.127490911462253e-5,7.868346235633539e-5,0.9999302288756475,0.9999213165376436,0.9999387250908854,4.91084572816769e-5,3.426436355102869e-8,3.009190097380543e-8,3.864118260366034e-8
TUR.81.6_1,2073,10,aegypti,18.76937770843506,77.11711358411567,4.8395523466062974e-4,0.021398241020348416,0.02125627566285491,0.021531517287294574,0,0,0,1,1,1,4.6833280835434365e-5,0,0,0
TUR.81.6_1,2073,11,aegypti,11.968898513737846,84.68180485848936,2.8071804039021256e-4,0,0,0,0,0,0,1,1,1,2.8071410029584243e-5,0,0,0
TUR.81.6_1,2073,12,aegypti,9.825935682829687,79.62802464567167,2.308949958039151e-4,0,0,0,0,0,0,1,1,1,2.2344427372811282e-5,0,0,0
TUR.81.6_1,2074,1,aegypti,7.432425779454848,81.30711113581054,2.1276999860887045e-4,0,0,0,0,0,0,1,1,1,2.0590433040812428e-5,0,0,0
TUR.81.6_1,2074,2,aegypti,5.286811172085651,81.28465495280187,1.591583979316321e-4,0,0,0,0,0,0,1,1,1,1.7052540096429425e-5,0,0,0
TUR.81.6_1,2074,3,aegypti,10.428846979842467,74.7909117422035,1.9538020477824069e-4,0,0,0,0,0,0,1,1,1,1.8907583002159e-5,0,0,0
TUR.81.6_1,2074,4,aegypti,12.200538677327774,79.27059900670153,2.5835438529059774e-4,0,0,0,0,0,0,1,1,1,2.5835104797033992e-5,0,0,0
TUR.81.6_1,2074,5,aegypti,16.903575981364533,76.87860960051009,3.611111174168767e-4,0.003959383525023962,0.003925597813148278,0.003997326926921403,0,0,0,1,1,1,3.494562655670386e-5,0,0,0
TUR.81.6_1,2074,6,aegypti,21.835226087009207,78.48676970618041,4.061672549337984e-4,0.0964811431719081,0.0960019859735361,0.09694774645622005,3.419372480717442e-10,2.9665481737772834e-10,3.906172413303821e-10,0.9999999996580627,0.9999999996093828,0.9999999997033452,4.061590064530218e-5,1.3888401539929872e-13,1.2045919817182948e-13,1.5865642133405797e-13
TUR.81.6_1,2074,7,aegypti,24.887815643759335,79.83244449170711,4.769761248246373e-4,0.2205512517225181,0.21960355634736273,0.22145368311230185,0.098414564578962,0.09501591540864547,0.10165800521052458,0.901585435421038,0.8983419947894754,0.9049840845913545,4.615791451245688e-5,4.6940295585191416e-5,4.531929617800079e-5,4.8487265837290906e-5
TUR.81.6_1,2074,8,aegypti,25.423159262713263,77.1378919053255,5.663790821126922e-4,0.23036687575667156,0.22935214243642668,0.23139321569395163,0.1337435252576342,0.13011720013992023,0.13740172772376016,0.8662564747423658,0.8625982722762398,0.8698827998600798,5.480937682533771e-5,7.574666557910336e-5,7.369294492381995e-5,7.781843641707918e-5
TUR.81.6_1,2074,9,aegypti,23.293839679044837,74.19675558828435,4.5143147872920143e-4,0.13921554041527473,0.138513757979627,0.13986905095107907,8.331785776296119e-6,7.264063630821327e-6,9.421822561075932e-6,0.9999916682142237,0.999990578177439,0.9999927359363692,4.5142128936359605e-5,3.761230365384449e-9,3.2792269316628264e-9,4.2533072480699374e-9
TUR.81.6_1,2074,10,aegypti,18.35792064666748,81.89200066907661,4.44866882088313e-4,0.017180639009830696,0.01706052747370405,0.017297263939100124,0,0,0,1,1,1,4.3050707042247005e-5,0,0,0
TUR.81.6_1,2074,11,aegypti,11.063556411687065,80.04468937997373,2.580448571073061e-4,0,0,0,0,0,0,1,1,1,2.5804152777864076e-5,0,0,0
TUR.81.6_1,2074,12,aegypti,6.599479040678809,79.41498906217558,2.1224594655973043e-4,0,0,0,0,0,0,1,1,1,2.053971936932797e-5,0,0,0
TUR.81.6_1,2075,1,aegypti,10.288253110997816,77.78193413385742,2.368183533149371e-4,0,0,0,0,0,0,1,1,1,2.291764254636064e-5,0,0,0
TUR.81.6_1,2075,2,aegypti,7.459920703488239,82.76001200846594,1.771472950173776e-4,0,0,0,0,0,0,1,1,1,1.8979887202896784e-5,0,0,0
TUR.81.6_1,2075,3,aegypti,8.029337549910826,80.82501513575819,2.1746307594321319e-4,0,0,0,0,0,0,1,1,1,2.1044592360408565e-5,0,0,0
TUR.81.6_1,2075,4,aegypti,10.768898052327774,84.91370355992419,2.87554920788825e-4,0,0,0,0,0,0,1,1,1,2.8755078643638576e-5,0,0,0
TUR.81.6_1,2075,5,aegypti,18.500927055583283,78.46904844328353,4.019257449335546e-4,0.018115210263178444,0.017989517483513094,0.018231635084471773,0,0,0,1,1,1,3.8895283391182645e-5,0,0,0
TUR.81.6_1,2075,6,aegypti,23.823987988864676,67.400366813114,4.52074357817194e-4,0.13995929208558136,0.13926114266066303,0.14070821471613984,9.607822579334901e-6,8.387718903538066e-6,1.105020106643706e-5,0.9999903921774207,0.9999889497989335,0.9999916122810965,4.5206413941012435e-5,4.343450212385136e-9,3.79187266585923e-9,4.995512514760492e-9
TUR.81.6_1,2075,7,aegypti,27.80051820418414,64.9555256989825,5.308864087514323e-4,0.23148658399938976,0.23009398515622548,0.23290534908315658,0.13772995599640492,0.13277078613889817,0.1427616091352568,0.8622700440035951,0.8572383908647432,0.8672292138611019,5.1374784343249935e-5,7.311628765720668e-5,7.048372174617568e-5,7.578732597690318e-5
TUR.81.6_1,2075,8,aegypti,28.717558524187872,64.7641354966341,6.303941460493171e-4,0.23837205855716045,0.23683048208843344,0.23989854947107586,0.16180541947633295,0.1564964850085876,0.16702687819738257,0.838194580523667,0.8329731218026175,0.8435035149914124,6.100402428033114e-5,1.0199598587889103e-4,9.864960183468552e-5,1.052872231598001e-4
TUR.81.6_1,2075,9,aegypti,23.64092753915226,75.363297641507,5.024545759559897e-4,0.15510780050847145,0.15442205407003445,0.1557413870065639,1.414307902449695e-4,1.260697138118605e-4,1.566947658716039e-4,0.999858569209755,0.9998433052341283,0.9998739302861881,5.0244195313742246e-5,7.10625452060576e-8,6.334430263377211e-8,7.873199901198279e-8
TUR.81.6_1,2075,10,aegypti,15.724357604980469,85.87570428235786,4.951480149895173e-4,6.221644623991114e-4,6.149917801889024e-4,6.295242713732058e-4,0,0,0,1,1,1,4.7916401810232934e-5,0,0,0
TUR.81.6_1,2075,11,aegypti,12.154226043645073,82.83379765634092,2.8721040814535577e-4,0,0,0,0,0,0,1,1,1,2.872062836933864e-5,0,0,0
TUR.81.6_1,2075,12,aegypti,12.157369932707617,66.43883854948027,2.362350702198575e-4,0,0,0,0,0,0,1,1,1,2.2861197087276075e-5,0,0,0
