district_id,year,month,temp_c,rh,province_name.x,district_name.x,lambda_import,q_import_month,days_in_month,province_name.y,district_name.y,species,p_local_major,p_establishment,q_extinction,lambda_local_i1,p_month_major
TUR.10.4_1,2025,1,1.9657135480631363,81.5102606665912,Artvin,Hopa,0.001126005959446217,1.0896238182445117e-4,31,Artvin,Hopa,aegypti,0,0,1,0,0
TUR.10.4_1,2025,2,3.5756135087542456,70.99600939237706,Artvin,Hopa,8.422865335275644e-4,9.024091377884957e-5,28,Artvin,Hopa,aegypti,0,0,1,0,0
TUR.10.4_1,2025,3,6.340497035642757,78.78458372269813,Artvin,Hopa,0.0010339769534075157,1.0005727975004319e-4,31,Artvin,Hopa,aegypti,0,0,1,0,0
TUR.10.4_1,2025,4,12.522296106114107,66.99001559929393,Artvin,Hopa,0.001367244345482404,1.3671508818868805e-4,30,Artvin,Hopa,aegypti,0,0,1,0,0
TUR.10.4_1,2025,5,15.194339640000287,82.29067097431889,Artvin,Hopa,0.0019110460727179512,1.849228421840765e-4,31,Artvin,Hopa,aegypti,0,0,1,1.0497351726063096e-4,0
TUR.10.4_1,2025,6,18.075207317576687,86.63648591833791,Artvin,Hopa,0.0021494888968256118,2.1492578982507116e-4,30,Artvin,Hopa,aegypti,0,0,1,0.014856096689612209,0
TUR.10.4_1,2025,7,20.67627721674302,85.82045300119134,Artvin,Hopa,0.0025242184639639948,2.4424937245404177e-4,31,Artvin,Hopa,aegypti,2.520015862650382e-13,2.520015862650382e-13,0.999999999999748,0.06839969505760861,6.661338147750939e-16
TUR.10.4_1,2025,8,23.336569786071777,85.56484474353869,Artvin,Hopa,0.002997350312235147,2.900240941274834e-4,31,Artvin,Hopa,aegypti,0.005264696554385861,0.005264696554385861,0.9947353034456141,0.17238492758909202,1.578001535540441e-5
TUR.10.4_1,2025,9,21.33476978189805,80.64357407747113,Artvin,Hopa,0.0023890329400486593,2.38874758885399e-4,30,Artvin,Hopa,aegypti,5.3194527449562655e-11,5.3194527449562655e-11,0.9999999999468054,0.08311316586109345,1.2712053631958042e-13
TUR.10.4_1,2025,10,16.77194219477036,82.89293431083571,Artvin,Hopa,0.002354292257681175,2.2780878225214796e-4,31,Artvin,Hopa,aegypti,0,0,1,0.0036828965891716942,0
TUR.10.4_1,2025,11,9.891834546537961,73.60925639741846,Artvin,Hopa,0.00136560628287357,1.3655130430922924e-4,30,Artvin,Hopa,aegypti,0,0,1,0,0
TUR.10.4_1,2025,12,5.2754260674119,73.84113307619232,Artvin,Hopa,0.0011232326091888982,1.0869402229818359e-4,31,Artvin,Hopa,aegypti,0,0,1,0,0
TUR.10.4_1,2026,1,5.386256086229182,74.13976200936463,Artvin,Hopa,0.0010668487846904398,1.0323810135692835e-4,31,Artvin,Hopa,aegypti,0,0,1,0,0
TUR.10.4_1,2026,2,1.5337925952010076,80.52215532743566,Artvin,Hopa,7.980351765606498e-4,8.550011357411069e-5,28,Artvin,Hopa,aegypti,0,0,1,0,0
TUR.10.4_1,2026,3,6.737254161497249,72.80940214310829,Artvin,Hopa,9.79654722860657e-4,9.480080188062345e-5,31,Artvin,Hopa,aegypti,0,0,1,0,0
TUR.10.4_1,2026,4,10.405821000828462,76.2376886339619,Artvin,Hopa,0.0012954131868628445,1.2953292857198484e-4,30,Artvin,Hopa,aegypti,0,0,1,0,0
TUR.10.4_1,2026,5,14.795085794785443,84.62063465840092,Artvin,Hopa,0.0018106451063272246,1.752083691877182e-4,31,Artvin,Hopa,aegypti,0,0,1,4.646709656248695e-6,0
TUR.10.4_1,2026,6,16.16892966102151,88.49244294958791,Artvin,Hopa,0.0020365608175038534,2.0363534525824623e-4,30,Artvin,Hopa,aegypti,0,0,1,0.0015957595923405713,0
TUR.10.4_1,2026,7,19.954179819892435,83.88656170480462,Artvin,Hopa,0.0023916031509261157,2.314186847829358e-4,31,Artvin,Hopa,aegypti,7.88258347483861e-18,7.88258347483861e-18,1,0.04768566472151904,0
TUR.10.4_1,2026,8,21.21584415435791,89.36805977039415,Artvin,Hopa,0.002839877987388498,2.747891405516789e-4,31,Artvin,Hopa,aegypti,5.183889295046207e-10,5.183889295046207e-10,0.9999999994816111,0.09120043473114263,1.4721557306529576e-12
TUR.10.4_1,2026,9,20.747897681067972,81.0951045340141,Artvin,Hopa,0.002263519892851934,2.263263736064225e-4,30,Artvin,Hopa,aegypti,1.0321116183931167e-13,1.0321116183931167e-13,0.9999999999998967,0.06601710755377074,2.220446049250313e-16
TUR.10.4_1,2026,10,12.93986135370591,88.65097569267165,Artvin,Hopa,0.0022306043878742386,2.1584164360211044e-4,31,Artvin,Hopa,aegypti,0,0,1,0,0
TUR.10.4_1,2026,11,12.600487042875852,70.11733592622706,Artvin,Hopa,0.0012938611834397533,1.2937774832111337e-4,30,Artvin,Hopa,aegypti,0,0,1,0,0
TUR.10.4_1,2026,12,4.658952631056309,78.27014918947357,Artvin,Hopa,0.0010642211384273626,1.029838392287985e-4,31,Artvin,Hopa,aegypti,0,0,1,0,0
TUR.10.4_1,2027,1,1.3178260797251236,78.31272038338807,Artvin,Hopa,0.0010547005395436801,0.00010206258540934598,31,Artvin,Hopa,aegypti,0,0,1,0,0
TUR.10.4_1,2027,2,2.4267673593096655,84.70047716581456,Artvin,Hopa,7.889479215534563e-4,8.452656188095986e-5,28,Artvin,Hopa,aegypti,0,0,1,0,0
TUR.10.4_1,2027,3,4.539976615568294,78.74471250687782,Artvin,Hopa,9.684993596046118e-4,9.37213523575231e-5,31,Artvin,Hopa,aegypti,0,0,1,0,0
TUR.10.4_1,2027,4,8.463714277043062,78.48745975212596,Artvin,Hopa,0.0012806622707197274,1.280580269428233e-4,30,Artvin,Hopa,aegypti,0,0,1,0,0
TUR.10.4_1,2027,5,15.688494570115033,74.57418690449467,Artvin,Hopa,0.0017900272259480236,1.732134380406647e-4,31,Artvin,Hopa,aegypti,0,0,1,4.585392731189361e-4,0
TUR.10.4_1,2027,6,18.603863323436062,86.30595002966604,Artvin,Hopa,0.002013370426867095,2.013167757445311e-4,30,Artvin,Hopa,aegypti,0,0,1,0.022066424678576748,0
TUR.10.4_1,2027,7,20.820234354804544,89.60231335275384,Artvin,Hopa,0.002364369880580644,2.2878381343427456e-4,31,Artvin,Hopa,aegypti,6.5683865568821884e-12,6.5683865568821884e-12,0.9999999999934316,0.07771595702602675,1.554312234475219e-14
TUR.10.4_1,2027,8,24.242478370666504,92.88365425281603,Artvin,Hopa,0.0028075401954982516,2.716605318675569e-4,31,Artvin,Hopa,aegypti,0.18111721266579217,0.18111721266579217,0.8188827873342078,0.24461093398134157,5.083645935660686e-4
TUR.10.4_1,2027,9,17.628123816321878,83.52886613069379,Artvin,Hopa,0.0022377451111326007,2.23749475464885e-4,30,Artvin,Hopa,aegypti,0,0,1,0.009553935395553024,0
TUR.10.4_1,2027,10,13.965504702399757,84.82090519706618,Artvin,Hopa,0.002205204416183596,2.1338410935722862e-4,31,Artvin,Hopa,aegypti,0,0,1,0,0
TUR.10.4_1,2027,11,9.297504712553586,73.05932201021143,Artvin,Hopa,0.001279127940014947,1.2790461350886684e-4,30,Artvin,Hopa,aegypti,0,0,1,0,0
TUR.10.4_1,2027,12,4.361113466322422,74.93762965822357,Artvin,Hopa,0.001052102814382282,1.0181121827790296e-4,31,Artvin,Hopa,aegypti,0,0,1,0,0
TUR.10.4_1,2028,1,2.2980104857672226,76.63059147713807,Artvin,Hopa,0.0010439410373659112,1.0102144899293286e-4,31,Artvin,Hopa,aegypti,0,0,1,0,0
TUR.10.4_1,2028,2,4.838685761027805,71.61239580595128,Artvin,Hopa,8.087887557538202e-4,8.36643022663619e-5,29,Artvin,Hopa,aegypti,0,0,1,0,0
TUR.10.4_1,2028,3,8.946312446256771,71.02184263383094,Artvin,Hopa,9.58619236689967e-4,9.276530058399679e-5,31,Artvin,Hopa,aegypti,0,0,1,0,0
TUR.10.4_1,2028,4,11.199972306980806,80.21775302605174,Artvin,Hopa,0.0012675976253780673,1.2675172885856512e-4,30,Artvin,Hopa,aegypti,0,0,1,0,0
TUR.10.4_1,2028,5,13.215268976548138,84.72950611836185,Artvin,Hopa,0.0017717663062710633,1.7144655680456644e-4,31,Artvin,Hopa,aegypti,0,0,1,0,0
TUR.10.4_1,2028,6,17.455156887278836,89.76124177771291,Artvin,Hopa,0.0019928310768996577,1.9926325213048823e-4,30,Artvin,Hopa,aegypti,0,0,1,0.008864516387031675,0
TUR.10.4_1,2028,7,20.706586893867044,90.41083843820306,Artvin,Hopa,0.0023402498181312914,2.2645014514588446e-4,31,Artvin,Hopa,aegypti,2.588531444747133e-12,2.588531444747133e-12,0.9999999999974115,0.07501245450366603,6.106226635438361e-15
TUR.10.4_1,2028,8,20.22187900543213,91.71339668445665,Artvin,Hopa,0.0027788991417440675,2.688895661134838e-4,31,Artvin,Hopa,aegypti,9.078127138906212e-15,9.078127138906212e-15,0.9999999999999909,0.061158638037947285,0
TUR.10.4_1,2028,9,19.721629675696878,79.587879497393,Artvin,Hopa,0.002214916808222146,2.2146715335080724e-4,30,Artvin,Hopa,aegypti,0,0,1,0.03950534242173033,0
TUR.10.4_1,2028,10,12.535780962775734,84.63954685966384,Artvin,Hopa,0.002182708076389725,2.112075063976926e-4,31,Artvin,Hopa,aegypti,0,0,1,0,0
TUR.10.4_1,2028,11,5.703599263640012,79.05849803560206,Artvin,Hopa,0.0012660789471110557,1.2659988026986202e-4,30,Artvin,Hopa,aegypti,0,0,1,0,0
TUR.10.4_1,2028,12,3.9574791565537453,77.44739528322357,Artvin,Hopa,0.001041369812835245,1.007726459185676e-4,31,Artvin,Hopa,aegypti,0,0,1,0,0
TUR.10.4_1,2029,1,2.585593270658351,80.35810765145447,Artvin,Hopa,0.001044550913477506,1.0108046329770914e-4,31,Artvin,Hopa,aegypti,0,0,1,0,0
TUR.10.4_1,2029,2,2.635614882045261,71.76618914091222,Artvin,Hopa,7.813556941019398e-4,8.37131773673283e-5,28,Artvin,Hopa,aegypti,0,0,1,0,0
TUR.10.4_1,2029,3,6.635465163847103,75.03612486039344,Artvin,Hopa,9.591792673350385e-4,9.281949206907392e-5,31,Artvin,Hopa,aegypti,0,0,1,0,0
TUR.10.4_1,2029,4,11.801244889988618,74.38216647820018,Artvin,Hopa,0.0012683381629018946,1.2682577322176147e-4,30,Artvin,Hopa,aegypti,0,0,1,0,0
TUR.10.4_1,2029,5,14.94385326609892,77.22593556172123,Artvin,Hopa,0.00177280138191887,1.71546708237158e-4,31,Artvin,Hopa,aegypti,0,0,1,2.1476762280487663e-5,0
TUR.10.4_1,2029,6,17.30479201148538,84.78430543738088,Artvin,Hopa,0.001993995299805687,1.993796512156365e-4,30,Artvin,Hopa,aegypti,0,0,1,0.007073571586383222,0
TUR.10.4_1,2029,7,20.031726893256693,86.75939495675775,Artvin,Hopa,0.00234161700498204,2.2658242358075675e-4,31,Artvin,Hopa,aegypti,9.39803790345195e-17,9.39803790345195e-17,0.9999999999999999,0.051623431197114635,0
TUR.10.4_1,2029,8,22.319058418273926,87.42350258045275,Artvin,Hopa,0.002780522589948918,2.6904663174731613e-4,31,Artvin,Hopa,aegypti,1.0088071422569067e-5,1.0088071422569067e-5,0.9999899119285774,0.13186777201329322,2.8050110123523098e-8
TUR.10.4_1,2029,9,19.67801814920762,87.48245652376019,Artvin,Hopa,0.0022162107748372657,2.2159652134678964e-4,30,Artvin,Hopa,aegypti,0,0,1,0.043372986288563835,0
TUR.10.4_1,2029,10,13.797747668098,79.45858525077712,Artvin,Hopa,0.00218398322648607,2.1133088194902339e-4,31,Artvin,Hopa,aegypti,0,0,1,0,0
TUR.10.4_1,2029,11,6.741824437590207,82.15520061128565,Artvin,Hopa,0.0012668185974146636,1.2667383593345516e-4,30,Artvin,Hopa,aegypti,0,0,1,0,0
TUR.10.4_1,2029,12,4.041211761534214,73.41589351320404,Artvin,Hopa,0.0010419781868232882,1.0083151488593511e-4,31,Artvin,Hopa,aegypti,0,0,1,0,0
TUR.10.4_1,2030,1,3.8657716387499343,80.45009526131776,Artvin,Hopa,0.001028455282916217,9.952297786464115e-5,31,Artvin,Hopa,aegypti,0,0,1,0,0
TUR.10.4_1,2030,2,4.000797043376438,76.83013109647862,Artvin,Hopa,7.693156753465541e-4,8.242328251595321e-5,28,Artvin,Hopa,aegypti,0,0,1,0,0
TUR.10.4_1,2030,3,4.194285888334408,82.18651548539344,Artvin,Hopa,9.443991403638459e-4,9.138928894103504e-5,31,Artvin,Hopa,aegypti,0,0,1,0,0
TUR.10.4_1,2030,4,10.523950731053072,76.62612399773143,Artvin,Hopa,0.0012487941634343259,1.2487161923369072e-4,30,Artvin,Hopa,aegypti,0,0,1,0,0
TUR.10.4_1,2030,5,15.22605598674101,83.02466450459232,Artvin,Hopa,0.0017454840384234606,1.6890354435994404e-4,31,Artvin,Hopa,aegypti,0,0,1,1.2285886052149778e-4,0
TUR.10.4_1,2030,6,17.150930965647976,85.53833375769338,Artvin,Hopa,0.0019632695484109847,1.9630768396561304e-4,30,Artvin,Hopa,aegypti,0,0,1,0.006067573237367343,0
TUR.10.4_1,2030,7,19.945283945868997,88.26723797433587,Artvin,Hopa,0.0023055347022987297,2.2309137293075043e-4,31,Artvin,Hopa,aegypti,4.807265696626928e-17,4.807265696626928e-17,1,0.0507307868187274,0
TUR.10.4_1,2030,8,22.577738761901855,89.98900856189806,Artvin,Hopa,0.0027376771299548797,2.6490140387280814e-4,31,Artvin,Hopa,aegypti,2.040975854985996e-4,2.040975854985996e-4,0.9997959024145014,0.1491097445650348,5.587531359818598e-7
TUR.10.4_1,2030,9,18.48817211038926,77.98440964876019,Artvin,Hopa,0.002182060874226895,2.181822822059365e-4,30,Artvin,Hopa,aegypti,0,0,1,0.01781446998896815,0
TUR.10.4_1,2030,10,15.079580363105324,83.56203984062087,Artvin,Hopa,0.0021503299246584525,2.080747937585059e-4,31,Artvin,Hopa,aegypti,0,0,1,6.042215002675881e-5,0
TUR.10.4_1,2030,11,6.812552262755002,80.84498942964503,Artvin,Hopa,0.001247298013143406,1.2472202287605594e-4,30,Artvin,Hopa,aegypti,0,0,1,0,0
TUR.10.4_1,2030,12,6.22461811453104,84.68695827150482,Artvin,Hopa,0.0010259221997654677,9.927786515229187e-5,31,Artvin,Hopa,aegypti,0,0,1,0,0
TUR.10.4_1,2031,1,5.147630321382381,75.82160099862244,Artvin,Hopa,0.001165958846219597,1.1282836145509734e-4,31,Artvin,Hopa,aegypti,0,0,1,0,0
TUR.10.4_1,2031,2,5.627388248973362,70.73110918485753,Artvin,Hopa,8.721725019120657e-4,9.344268773636699e-5,28,Artvin,Hopa,aegypti,0,0,1,0,0
TUR.10.4_1,2031,3,6.691677112241878,74.0686108223075,Artvin,Hopa,0.001070664471621089,1.0360732319258936e-4,31,Artvin,Hopa,aegypti,0,0,1,0,0
TUR.10.4_1,2031,4,11.058575784458833,73.54623660759471,Artvin,Hopa,0.0014157568405259188,1.415656626884143e-4,30,Artvin,Hopa,aegypti,0,0,1,0,0
TUR.10.4_1,2031,5,13.835385210373822,82.16825733906498,Artvin,Hopa,0.0019788537132739248,1.9148363692000903e-4,31,Artvin,Hopa,aegypti,0,0,1,0,0
TUR.10.4_1,2031,6,18.071501339183133,81.07728181677541,Artvin,Hopa,0.002225756953664092,2.2255092723399983e-4,30,Artvin,Hopa,aegypti,0,0,1,0.013619809794636367,0
TUR.10.4_1,2031,7,20.612855967353372,96.36520702951165,Artvin,Hopa,0.002613782656440941,2.529147203662596e-4,31,Artvin,Hopa,aegypti,8.531167161596187e-12,8.531167161596187e-12,0.9999999999914688,0.07891590680615385,2.2315482794965646e-14
TUR.10.4_1,2031,8,22.410330772399902,93.288797990609,Artvin,Hopa,0.003103702145136442,3.0031316907996874e-4,31,Artvin,Hopa,aegypti,1.9289662099991034e-4,1.9289662099991034e-4,0.9998071033790001,0.14914534362558352,5.986934771273766e-7
TUR.10.4_1,2031,9,18.623706396888284,87.24718888460004,Artvin,Hopa,0.002473800486570866,2.473494527358566e-4,30,Artvin,Hopa,aegypti,0,0,1,0.022669291116888507,0
TUR.10.4_1,2031,10,14.984412249396827,83.5919318083943,Artvin,Hopa,0.0024378271370603583,2.3589092855813565e-4,31,Artvin,Hopa,aegypti,0,0,1,3.305785028648967e-5,0
TUR.10.4_1,2031,11,10.085946370573605,80.6823841440005,Artvin,Hopa,0.0014140606562620531,1.4139606825969153e-4,30,Artvin,Hopa,aegypti,0,0,1,0,0
TUR.10.4_1,2031,12,8.595172084867954,74.16262813234466,Artvin,Hopa,0.00116308709208805,1.1255048108271826e-4,31,Artvin,Hopa,aegypti,0,0,1,0,0
TUR.10.4_1,2032,1,2.606942283510066,78.78694065926697,Artvin,Hopa,0.00112443308760628,1.0881018499453443e-4,31,Artvin,Hopa,aegypti,0,0,1,0,0
TUR.10.4_1,2032,2,4.4002266030840795,83.46768145048253,Artvin,Hopa,8.711496198561128e-4,9.011486560350779e-5,29,Artvin,Hopa,aegypti,0,0,1,0,0
TUR.10.4_1,2032,3,7.028916854520931,76.14108244095985,Artvin,Hopa,0.0010325326331359266,9.991752079607785e-5,31,Artvin,Hopa,aegypti,0,0,1,0,0
TUR.10.4_1,2032,4,11.548327600254732,74.91903171257518,Artvin,Hopa,0.0013653344975714926,1.365241294898345e-4,30,Artvin,Hopa,aegypti,0,0,1,0,0
TUR.10.4_1,2032,5,17.480913050034466,77.2991472316431,Artvin,Hopa,0.001908376610334219,1.8466455485344202e-4,31,Artvin,Hopa,aegypti,0,0,1,0.007567587095017552,0
TUR.10.4_1,2032,6,18.103119457469266,86.58011995154104,Artvin,Hopa,0.0021464863633774436,2.146256009674108e-4,30,Artvin,Hopa,aegypti,0,0,1,0.01515133338697082,0
TUR.10.4_1,2032,7,20.01651388056138,87.89496929757806,Artvin,Hopa,0.0025206924860537447,2.439082320707664e-4,31,Artvin,Hopa,aegypti,1.1302070390684094e-16,1.1302070390684094e-16,0.9999999999999999,0.052133424417418237,0
TUR.10.4_1,2032,8,21.08690357208252,92.6809870164879,Artvin,Hopa,0.0029931634357261996,2.896190299602752e-4,31,Artvin,Hopa,aegypti,5.028708117138514e-10,5.028708117138514e-10,0.9999999994971291,0.09153819941327555,1.5051293544843247e-12
TUR.10.4_1,2032,9,17.385322150062112,92.10760911165082,Artvin,Hopa,0.0023856957972879476,2.3854112426957563e-4,30,Artvin,Hopa,aegypti,0,0,1,0.008483718740323774,0
TUR.10.4_1,2032,10,15.291791971992042,84.32378147880446,Artvin,Hopa,0.002351003642763978,2.2749060164584112e-4,31,Artvin,Hopa,aegypti,0,0,1,1.6281022196876e-4,0
TUR.10.4_1,2032,11,8.88283329150256,80.55071605318018,Artvin,Hopa,0.0013636987231055657,1.3636057436217097e-4,30,Artvin,Hopa,aegypti,0,0,1,0,0
TUR.10.4_1,2032,12,5.51247850805521,72.78430171632904,Artvin,Hopa,0.0011216636113289215,1.0854220028799766e-4,31,Artvin,Hopa,aegypti,0,0,1,0,0
TUR.10.4_1,2033,1,4.185930835603572,76.3559409034076,Artvin,Hopa,0.0011042902768190258,1.0686109092927776e-4,31,Artvin,Hopa,aegypti,0,0,1,0,0
TUR.10.4_1,2033,2,5.100694428019993,76.33489183866612,Artvin,Hopa,8.260425457495271e-4,8.850064206022967e-5,28,Artvin,Hopa,aegypti,0,0,1,0,0
TUR.10.4_1,2033,3,6.643027324339046,73.06095091019813,Artvin,Hopa,0.001014036103915857,9.812771134654064e-5,31,Artvin,Hopa,aegypti,0,0,1,0,0
TUR.10.4_1,2033,4,11.741853868260103,73.51462802605174,Artvin,Hopa,0.0013408762396733371,1.3407863462366887e-4,30,Artvin,Hopa,aegypti,0,0,1,0,0
TUR.10.4_1,2033,5,14.054036028244916,88.00001393086185,Artvin,Hopa,0.0018741904329649492,1.8135682056952263e-4,31,Artvin,Hopa,aegypti,0,0,1,0,0
TUR.10.4_1,2033,6,16.06953581641702,90.19427858191213,Artvin,Hopa,0.0021080347479354115,2.107812573022283e-4,30,Artvin,Hopa,aegypti,0,0,1,0.001390239601523941,0
TUR.10.4_1,2033,7,21.30666166193345,83.30437023751946,Artvin,Hopa,0.00247553743649226,2.3953944486021506e-4,31,Artvin,Hopa,aegypti,1.2468462512460476e-10,1.2468462512460476e-10,0.9999999998753154,0.08618479645498682,3.086420008457935e-13
TUR.10.4_1,2033,8,20.35909938812256,92.10675300769884,Artvin,Hopa,0.0029395446607135313,2.844316055989893e-4,31,Artvin,Hopa,aegypti,5.71440672558765e-14,5.71440672558765e-14,0.9999999999999428,0.06523667132445099,2.220446049250313e-16
TUR.10.4_1,2033,9,16.903460081885843,87.76627000032269,Artvin,Hopa,0.002342959044367399,2.3426845929475082e-4,30,Artvin,Hopa,aegypti,0,0,1,0.004728321134470805,0
TUR.10.4_1,2033,10,11.805398997138527,85.18183659355056,Artvin,Hopa,0.0023088883563513797,2.2341584764085098e-4,31,Artvin,Hopa,aegypti,0,0,1,0,0
TUR.10.4_1,2033,11,10.988128949614133,74.92185557954737,Artvin,Hopa,0.0013392697680587055,1.339180089886538e-4,30,Artvin,Hopa,aegypti,0,0,1,0,0
TUR.10.4_1,2033,12,6.25970283895731,73.29360957765716,Artvin,Hopa,0.001101570412241331,1.0659790632083777e-4,31,Artvin,Hopa,aegypti,0,0,1,0,0
TUR.10.4_1,2034,1,3.74089490115533,76.55995854256776,Artvin,Hopa,0.0011220584417567104,1.0858040553618498e-4,31,Artvin,Hopa,aegypti,0,0,1,0,0
TUR.10.4_1,2034,2,4.4527707200579565,80.18448595487706,Artvin,Hopa,8.393336708336864e-4,8.992456413325911e-5,28,Artvin,Hopa,aegypti,0,0,1,0,0
TUR.10.4_1,2034,3,9.568304080625667,74.43638578568641,Artvin,Hopa,0.0010303520682282885,9.970651944823938e-5,31,Artvin,Hopa,aegypti,0,0,1,0,0
TUR.10.4_1,2034,4,10.762887155308443,76.01148471550486,Artvin,Hopa,0.001362451101544047,1.362358292108512e-4,30,Artvin,Hopa,aegypti,0,0,1,0,0
TUR.10.4_1,2034,5,15.776381380417767,79.59984455830326,Artvin,Hopa,0.0019043463851059726,1.842746050042532e-4,31,Artvin,Hopa,aegypti,0,0,1,6.319972366051725e-4,0
TUR.10.4_1,2034,6,19.933710659251492,85.77368532019338,Artvin,Hopa,0.0021419532835613713,2.141723901746273e-4,30,Artvin,Hopa,aegypti,1.2712053631958043e-17,1.2712053631958043e-17,1,0.04853623289202088,0
TUR.10.4_1,2034,7,22.12612539179185,88.44474346749993,Artvin,Hopa,0.0025153691350993613,2.4339319459509845e-4,31,Artvin,Hopa,aegypti,2.5337484483395344e-6,2.5337484483395344e-6,0.9999974662515516,0.12469898573069275,6.3733126554055275e-9
TUR.10.4_1,2034,8,22.42187213897705,89.86120857410509,Artvin,Hopa,0.002986842292024477,2.8900748335591864e-4,31,Artvin,Hopa,aegypti,6.16545723654075e-5,6.16545723654075e-5,0.9999383454276346,0.1419149551280246,1.841524672752115e-7
TUR.10.4_1,2034,9,18.438585814307718,90.14223893342816,Artvin,Hopa,0.0023806575405114364,2.3803741864814043e-4,30,Artvin,Hopa,aegypti,0,0,1,0.020612205485492977,0
TUR.10.4_1,2034,10,12.646494921515968,88.02747105399978,Artvin,Hopa,0.0023460386509790974,2.2701022775983848e-4,31,Artvin,Hopa,aegypti,0,0,1,0,0
TUR.10.4_1,2034,11,8.366699983091916,79.92814220064112,Artvin,Hopa,0.0013608187816056406,1.3607261944181825e-4,30,Artvin,Hopa,aegypti,0,0,1,0,0
TUR.10.4_1,2034,12,7.566662468016148,73.33470912599701,Artvin,Hopa,0.0011192948142269739,1.083129867145427e-4,31,Artvin,Hopa,aegypti,0,0,1,0,0
TUR.10.4_1,2035,1,3.120018946527339,77.97828587411072,Artvin,Hopa,9.942445975914425e-4,9.62125903936073e-5,31,Artvin,Hopa,aegypti,0,0,1,0,0
TUR.10.4_1,2035,2,1.037916655474178,80.27610735380284,Artvin,Hopa,7.43725047419524e-4,7.968165175775699e-5,28,Artvin,Hopa,aegypti,0,0,1,0,0
TUR.10.4_1,2035,3,2.672528524061336,84.89140287553016,Artvin,Hopa,9.12984510725926e-4,8.834943670632533e-5,31,Artvin,Hopa,aegypti,0,0,1,0,0
TUR.10.4_1,2035,4,11.577551996006685,70.14223727898143,Artvin,Hopa,0.0012072540937100233,1.2071812235203705e-4,30,Artvin,Hopa,aegypti,0,0,1,0,0
TUR.10.4_1,2035,5,14.04234016642851,80.6007829738306,Artvin,Hopa,0.0016874220048379064,1.6328557115374842e-4,31,Artvin,Hopa,aegypti,0,0,1,0,0
TUR.10.4_1,2035,6,15.828699672923367,86.45721803503713,Artvin,Hopa,0.001897963066112646,1.8977829643174182e-4,30,Artvin,Hopa,aegypti,0,0,1,7.857607363312826e-4,0
TUR.10.4_1,2035,7,20.96928602106431,91.61894543283196,Artvin,Hopa,0.0022288430624035657,2.1567122952592666e-4,31,Artvin,Hopa,aegypti,9.45202122126787e-11,9.45202122126787e-11,0.9999999999054798,0.0858131379457864,2.107203300738547e-13
TUR.10.4_1,2035,8,21.117440223693848,92.42210640125353,Artvin,Hopa,0.002646610641825081,2.560908136473028e-4,31,Artvin,Hopa,aegypti,6.004899968381494e-10,6.004899968381494e-10,0.99999999939951,0.09195860422633913,1.5892842597509116e-12
TUR.10.4_1,2035,9,18.075335081885843,89.38460953889691,Artvin,Hopa,0.002109476485612538,2.1092540067046972e-4,30,Artvin,Hopa,aegypti,0,0,1,0.015427653150623246,0
TUR.10.4_1,2035,10,14.92783456690171,85.9254507903279,Artvin,Hopa,0.00207880103894128,2.01154059899733e-4,31,Artvin,Hopa,aegypti,0,0,1,2.2589207736599532e-5,0
TUR.10.4_1,2035,11,10.26396875521716,78.77483714693018,Artvin,Hopa,0.0012058077115788392,1.2057350158889424e-4,30,Artvin,Hopa,aegypti,0,0,1,0,0
TUR.10.4_1,2035,12,8.734985508024693,63.07344051027435,Artvin,Hopa,9.917957752850984e-4,9.59756303623438e-5,31,Artvin,Hopa,aegypti,0,0,1,0,0
TUR.10.4_1,2036,1,6.489383565782405,70.27297123788026,Artvin,Hopa,0.0011002702992775509,1.0647210234115967e-4,31,Artvin,Hopa,aegypti,0,0,1,0,0
TUR.10.4_1,2036,2,3.9846267800860327,78.11795000517003,Artvin,Hopa,8.524296052111804e-4,8.817848500175529e-5,29,Artvin,Hopa,aegypti,0,0,1,0,0
TUR.10.4_1,2036,3,1.5435117372476,81.88947263871376,Artvin,Hopa,0.0010103446810630465,9.777051186776742e-5,31,Artvin,Hopa,aegypti,0,0,1,0,0
TUR.10.4_1,2036,4,11.160260354771333,72.63022861198924,Artvin,Hopa,0.001335995011899684,1.3359057717399203e-4,30,Artvin,Hopa,aegypti,0,0,1,0,0
TUR.10.4_1,2036,5,14.429431803086224,83.3465105128931,Artvin,Hopa,0.0018673677672156237,1.8069668211817547e-4,31,Artvin,Hopa,aegypti,0,0,1,0,0
TUR.10.4_1,2036,6,18.41525706122903,87.62165437536916,Artvin,Hopa,0.0021003608124483043,2.1001402521136914e-4,30,Artvin,Hopa,aegypti,0,0,1,0.019646511301519776,0
TUR.10.4_1,2036,7,20.97821813471177,88.63077862374993,Artvin,Hopa,0.0024665256711016914,2.3866754705581528e-4,31,Artvin,Hopa,aegypti,2.7661336887696565e-11,2.7661336887696565e-11,0.9999999999723387,0.08183623724121608,6.827871601444713e-14
TUR.10.4_1,2036,8,23.866389274597168,82.42006172351915,Artvin,Hopa,0.0029288437573674747,2.8339632832052875e-4,31,Artvin,Hopa,aegypti,0.01942460695420267,0.01942460695420267,0.9805753930457973,0.1858610687188184,5.6890020518562956e-5
TUR.10.4_1,2036,9,19.224856909583597,81.93979294954144,Artvin,Hopa,0.002334429907657001,2.3341574507085294e-4,30,Artvin,Hopa,aegypti,0,0,1,0.030777852567910286,0
TUR.10.4_1,2036,10,14.306251581977394,88.41743992607009,Artvin,Hopa,0.0023004832480812585,2.2260263146145487e-4,31,Artvin,Hopa,aegypti,0,0,1,0,0
TUR.10.4_1,2036,11,9.462164689512814,78.076060901813,Artvin,Hopa,0.0013343943883668001,1.334305361907484e-4,30,Artvin,Hopa,aegypti,0,0,1,0,0
TUR.10.4_1,2036,12,5.037474073469639,77.47128291750091,Artvin,Hopa,0.0010975603358958984,1.0620987570875151e-4,31,Artvin,Hopa,aegypti,0,0,1,0,0
TUR.10.4_1,2037,1,5.126077997087337,81.86920079110291,Artvin,Hopa,0.0010899631208966605,1.0547473917077443e-4,31,Artvin,Hopa,aegypti,0,0,1,0,0
TUR.10.4_1,2037,2,0.5765988331370275,74.10700182401769,Artvin,Hopa,8.153253995426874e-4,8.735247735824903e-5,28,Artvin,Hopa,aegypti,0,0,1,0,0
TUR.10.4_1,2037,3,3.6890888401471513,80.07656065140907,Artvin,Hopa,0.0010008799133048524,9.685465573383567e-5,31,Artvin,Hopa,aegypti,0,0,1,0,0
TUR.10.4_1,2037,4,10.19764105011435,75.58273563103221,Artvin,Hopa,0.0013234795973577562,1.3233920213095995e-4,30,Artvin,Hopa,aegypti,0,0,1,0,0
TUR.10.4_1,2037,5,15.710514910080853,79.17830525166264,Artvin,Hopa,0.001849874526970882,1.7900409236859538e-4,31,Artvin,Hopa,aegypti,0,0,1,5.415246097223233e-4,0
TUR.10.4_1,2037,6,17.732834423289578,85.70231996374807,Artvin,Hopa,0.002080684925920829,2.0804684784447858e-4,30,Artvin,Hopa,aegypti,0,0,1,0.010847661470083422,0
TUR.10.4_1,2037,7,19.680830057929544,90.78211529367181,Artvin,Hopa,0.002443419603356536,2.3643200716183532e-4,31,Artvin,Hopa,aegypti,6.106226635438361e-19,6.106226635438361e-19,1,0.045685750576631344,0
TUR.10.4_1,2037,8,22.69395160675049,88.13784279041369,Artvin,Hopa,0.002901406758407523,2.807418838208786e-4,31,Artvin,Hopa,aegypti,2.3891060155872097e-4,2.3891060155872097e-4,0.9997610893984413,0.149596813521932,6.931765937912004e-7
TUR.10.4_1,2037,9,17.34151512033799,89.35256608186566,Artvin,Hopa,0.0023125612945610148,2.3122939181852153e-4,30,Artvin,Hopa,aegypti,0,0,1,0.007914662320749692,0
TUR.10.4_1,2037,10,15.234284457038429,76.1408820037068,Artvin,Hopa,0.002278932642547516,2.2051755106344828e-4,31,Artvin,Hopa,aegypti,0,0,1,1.1162269314716886e-4,0
TUR.10.4_1,2037,11,7.674769689055051,82.55065501802393,Artvin,Hopa,0.001321893968242412,1.3218066019093921e-4,30,Artvin,Hopa,aegypti,0,0,1,0,0
TUR.10.4_1,2037,12,4.93737880140543,61.257476765157165,Artvin,Hopa,0.0010872785440732007,1.0521496878201919e-4,31,Artvin,Hopa,aegypti,0,0,1,0,0
TUR.10.4_1,2038,1,4.543249236940242,79.9327002417865,Artvin,Hopa,0.001130907470004825,1.0943666975826716e-4,31,Artvin,Hopa,aegypti,0,0,1,0,0
TUR.10.4_1,2038,2,4.666197071605198,78.28155474149816,Artvin,Hopa,8.4595301175783e-4,9.063371520501295e-5,28,Artvin,Hopa,aegypti,0,0,1,0,0
TUR.10.4_1,2038,3,6.6992316433392904,74.15722623978797,Artvin,Hopa,0.0010384778611620157,1.004928077913414e-4,31,Artvin,Hopa,aegypti,0,0,1,0,0
TUR.10.4_1,2038,4,10.76769367386313,80.16279849724314,Artvin,Hopa,0.0013731959681531005,1.373101689110534e-4,30,Artvin,Hopa,aegypti,0,0,1,0,0
TUR.10.4_1,2038,5,12.650344736435834,74.69463215595951,Artvin,Hopa,0.0019193648675030345,1.8572773764558015e-4,31,Artvin,Hopa,aegypti,0,0,1,0,0
TUR.10.4_1,2038,6,17.650762165293973,82.99174867468557,Artvin,Hopa,0.00215884563462528,2.158612620669631e-4,30,Artvin,Hopa,aegypti,0,0,1,0.009683809057023903,0
TUR.10.4_1,2038,7,20.37558942682603,87.10162670724603,Artvin,Hopa,0.0025352064017715695,2.453124609866908e-4,31,Artvin,Hopa,aegypti,1.1150746992427684e-14,1.1150746992427684e-14,0.9999999999999889,0.06132094307118818,0
TUR.10.4_1,2038,8,21.97766399383545,86.88101448230822,Artvin,Hopa,0.003010397795758675,2.912863868246296e-4,31,Artvin,Hopa,aegypti,4.1464145305109e-7,4.1464145305109e-7,0.9999995853585469,0.11665575085231618,1.2482357369947295e-09
TUR.10.4_1,2038,9,17.708932455848245,87.72401841340863,Artvin,Hopa,0.002399432414476193,2.3991445737026051e-4,30,Artvin,Hopa,aegypti,0,0,1,0.010967851279963437,0
TUR.10.4_1,2038,10,14.125068720649269,82.84425877372634,Artvin,Hopa,0.0023645405057142045,2.2880032176619824e-4,31,Artvin,Hopa,aegypti,0,0,1,0,0
TUR.10.4_1,2038,11,8.86325960299548,85.95483745210596,Artvin,Hopa,0.0013715507750481036,1.3714567217715246e-4,30,Artvin,Hopa,aegypti,0,0,1,0,0
TUR.10.4_1,2038,12,4.020701088011265,77.27646632814545,Artvin,Hopa,0.001128122047337538,1.0916714218911494e-4,31,Artvin,Hopa,aegypti,0,0,1,0,0
TUR.10.4_1,2039,1,3.5281927460421096,76.286337937099,Artvin,Hopa,0.0010911803216947522,1.0559252036523858e-4,31,Artvin,Hopa,aegypti,0,0,1,0,0
TUR.10.4_1,2039,2,1.9953875046305578,81.32396654569737,Artvin,Hopa,8.162359025753142e-4,8.745002272836366e-5,28,Artvin,Hopa,aegypti,0,0,1,0,0
TUR.10.4_1,2039,3,5.986389178892269,79.84755674515907,Artvin,Hopa,0.0010019976316990918,9.696281154780717e-5,31,Artvin,Hopa,aegypti,0,0,1,0,0
TUR.10.4_1,2039,4,7.654845868839937,77.81900272087596,Artvin,Hopa,0.001324957574356498,1.3248698026047112e-4,30,Artvin,Hopa,aegypti,0,0,1,0,0
TUR.10.4_1,2039,5,12.952532656052533,86.18750630146732,Artvin,Hopa,0.0018519403480132914,1.7920397472781513e-4,31,Artvin,Hopa,aegypti,0,0,1,0,0
TUR.10.4_1,2039,6,18.372128093943875,84.64994417029104,Artvin,Hopa,0.0020830085011903526,2.0827915700316613e-4,30,Artvin,Hopa,aegypti,0,0,1,0.01810666504311767,0
TUR.10.4_1,2039,7,20.648468073676614,87.32780010812493,Artvin,Hopa,0.002446148257413043,2.3669600798981172e-4,31,Artvin,Hopa,aegypti,3.844837781485921e-13,3.844837781485921e-13,0.9999999999996155,0.06991039546881614,8.881784197001252e-16
TUR.10.4_1,2039,8,22.800393104553223,91.35941566639025,Artvin,Hopa,0.002904646863099338,2.810553542612615e-4,31,Artvin,Hopa,aegypti,0.0015861626456645415,0.0015861626456645415,0.9984138373543354,0.16295982215620533,4.607231739783835e-6
TUR.10.4_1,2039,9,20.332374152015237,80.6851924246391,Artvin,Hopa,0.0023151438144641285,2.3148758405999725e-4,30,Artvin,Hopa,aegypti,4.673483822159597e-16,4.673483822159597e-16,0.9999999999999996,0.05423844229782585,0
TUR.10.4_1,2039,10,15.582872446845558,80.85351322929274,Artvin,Hopa,0.0022814776081322456,2.2076378371460592e-4,31,Artvin,Hopa,aegypti,0,0,1,3.9502049793720514e-4,0
TUR.10.4_1,2039,11,8.799225617857541,77.51311839693018,Artvin,Hopa,0.001323370174512413,1.323282612943899e-4,30,Artvin,Hopa,aegypti,0,0,1,0,0
TUR.10.4_1,2039,12,3.188196577131748,80.4417876782431,Artvin,Hopa,0.0010884927469083437,1.0533245991217743e-4,31,Artvin,Hopa,aegypti,0,0,1,0,0
TUR.10.4_1,2040,1,4.666908132432796,83.7508383643451,Artvin,Hopa,0.0011421618442635623,1.1052568296698873e-4,31,Artvin,Hopa,aegypti,0,0,1,0,0
TUR.10.4_1,2040,2,3.4167554479174536,71.12950090849034,Artvin,Hopa,8.848848965859994e-4,9.153562724706354e-5,29,Artvin,Hopa,aegypti,0,0,1,0,0
TUR.10.4_1,2040,3,4.728863973280086,78.519172345745,Artvin,Hopa,0.0010488124100255759,1.0149282441851426e-4,31,Artvin,Hopa,aegypti,0,0,1,0,0
TUR.10.4_1,2040,4,11.675282632603365,71.01424655632518,Artvin,Hopa,0.0013868615082313865,1.3867653434351812e-4,30,Artvin,Hopa,aegypti,0,0,1,0,0
TUR.10.4_1,2040,5,14.04448688731474,80.12088642842045,Artvin,Hopa,0.001938465679135182,1.875758582680076e-4,31,Artvin,Hopa,aegypti,0,0,1,0,0
TUR.10.4_1,2040,6,16.49003371070413,88.08595643835744,Artvin,Hopa,0.0021803296705728095,2.1800919959735765e-4,30,Artvin,Hopa,aegypti,0,0,1,0.0027215814628489955,0
TUR.10.4_1,2040,7,20.484306391547708,87.42602856271478,Artvin,Hopa,0.0025604358413370914,2.477534177296459e-4,31,Artvin,Hopa,aegypti,5.17541565159263e-14,5.17541565159263e-14,0.9999999999999483,0.06491528392067808,1.1102230246251565e-16
TUR.10.4_1,2040,8,21.79542827606201,88.19446815662462,Artvin,Hopa,0.0030403561649088944,2.941847351412008e-4,31,Artvin,Hopa,aegypti,1.196711756249469e-7,1.196711756249469e-7,0.9999998803288244,0.11150106553867911,3.638429557639711e-10
TUR.10.4_1,2040,9,17.707387503455667,87.16458543001019,Artvin,Hopa,0.002423310681370075,2.4230170833539066e-4,30,Artvin,Hopa,aegypti,0,0,1,0.010909286749323049,0
TUR.10.4_1,2040,10,16.12214380152085,77.90273808280837,Artvin,Hopa,0.0023880715411941783,2.3107699513247315e-4,31,Artvin,Hopa,aegypti,0,0,1,0.001248022854305295,0
TUR.10.4_1,2040,11,10.51397161624011,76.23791850679346,Artvin,Hopa,0.001385199942771071,1.3851040082568655e-4,30,Artvin,Hopa,aegypti,0,0,1,0,0
TUR.10.4_1,2040,12,3.865312732756138,87.61159511232513,Artvin,Hopa,0.001139348702096672,1.102534734548355e-4,31,Artvin,Hopa,aegypti,0,0,1,0,0
TUR.10.4_1,2041,1,1.240842031835414,79.48416050789979,Artvin,Hopa,0.001115080418727909,1.0790518608061461e-4,31,Artvin,Hopa,aegypti,0,0,1,0,0
TUR.10.4_1,2041,2,-2.6559944052167017,80.4730220266544,Artvin,Hopa,8.341138984350612e-4,8.936535293979642e-5,28,Artvin,Hopa,aegypti,0,0,1,0,0
TUR.10.4_1,2041,3,3.1445201822720903,75.92192808304969,Artvin,Hopa,0.001023944362361726,9.908648051637492e-5,31,Artvin,Hopa,aegypti,0,0,1,0,0
TUR.10.4_1,2041,4,9.232463514103609,77.08781680779002,Artvin,Hopa,0.0013539780890801812,1.3538864303841436e-4,30,Artvin,Hopa,aegypti,0,0,1,0,0
TUR.10.4_1,2041,5,13.901015169480267,79.09500752217045,Artvin,Hopa,0.0018925033540876596,1.8312871576875445e-4,31,Artvin,Hopa,aegypti,0,0,1,0,0
TUR.10.4_1,2041,6,19.008032406077664,84.75085054236135,Artvin,Hopa,0.0021286325876126756,2.12840604985165e-4,30,Artvin,Hopa,aegypti,0,0,1,0.02814661440843088,0
TUR.10.4_1,2041,7,20.86709981806138,87.8582108747265,Artvin,Hopa,0.002499726185412017,2.418797280656637e-4,31,Artvin,Hopa,aegypti,5.8135506408873995e-12,5.8135506408873995e-12,0.9999999999941864,0.07726883152016079,1.454392162258955e-14
TUR.10.4_1,2041,8,21.89294147491455,84.71581520252306,Artvin,Hopa,0.0029682672753216805,2.8721041899393285e-4,31,Artvin,Hopa,aegypti,7.471286792604115e-8,7.471286792604115e-8,0.9999999252871321,0.1093492176813532,2.217677153026898e-10
TUR.10.4_1,2041,9,18.489388998816995,81.78757889924847,Artvin,Hopa,0.0023658523552170145,2.365572514417824e-4,30,Artvin,Hopa,aegypti,0,0,1,0.0187060953464113,0
TUR.10.4_1,2041,10,17.761599596808935,81.26343296806228,Artvin,Hopa,0.0023314487587562287,2.2559862223092697e-4,31,Artvin,Hopa,aegypti,0,0,1,0.010403832084581418,0
TUR.10.4_1,2041,11,10.656195928068723,75.645396839313,Artvin,Hopa,0.0013523559204544845,1.3522644812491436e-4,30,Artvin,Hopa,aegypti,0,0,1,0,0
TUR.10.4_1,2041,12,4.653854764997959,75.40783687257904,Artvin,Hopa,0.0011123339780538906,1.076394301434691e-4,31,Artvin,Hopa,aegypti,0,0,1,0,0
TUR.10.4_1,2042,1,5.612524139283992,67.3859816443744,Artvin,Hopa,0.0011848782000829774,1.1465905841379076e-4,31,Artvin,Hopa,aegypti,0,0,1,0,0
TUR.10.4_1,2042,2,7.418292294078342,76.33545641386144,Artvin,Hopa,8.863247511506089e-4,9.495885731702902e-5,28,Artvin,Hopa,aegypti,0,0,1,0,0
TUR.10.4_1,2042,3,6.456706542631283,73.5393368354911,Artvin,Hopa,0.0010880375376372917,1.0528841204127115e-4,31,Artvin,Hopa,aegypti,0,0,1,0,0
TUR.10.4_1,2042,4,8.777173196568208,73.39746341423533,Artvin,Hopa,0.0014387295249712207,1.438626032802537e-4,30,Artvin,Hopa,aegypti,0,0,1,0,0
TUR.10.4_1,2042,5,14.204639322617474,82.9032732082056,Artvin,Hopa,0.002010963451766566,1.9459043112557417e-4,31,Artvin,Hopa,aegypti,0,0,1,0,0
TUR.10.4_1,2042,6,17.636091793284695,83.6925619681426,Artvin,Hopa,0.0022618730512062855,2.261617267006466e-4,30,Artvin,Hopa,aegypti,0,0,1,0.009648158801102227,0
TUR.10.4_1,2042,7,21.74957281000474,84.68638928048821,Artvin,Hopa,0.002656195027305923,2.570180968631819e-4,31,Artvin,Hopa,aegypti,1.904184651863039e-8,1.904184651863039e-8,0.9999999809581535,0.10391319775129447,5.0578874422058107e-11
TUR.10.4_1,2042,8,24.672478675842285,89.74574531726915,Artvin,Hopa,0.0031540641620813434,3.0518543713276003e-4,31,Artvin,Hopa,aegypti,0.20527938178521746,0.20527938178521746,0.7947206182147826,0.25260669242158984,6.472547814962981e-4
TUR.10.4_1,2042,9,20.12263255960801,85.59574540315472,Artvin,Hopa,0.00251394144604348,2.5136254774416056e-4,30,Artvin,Hopa,aegypti,2.309819002732638e-16,2.309819002732638e-16,0.9999999999999998,0.053265804640006284,0
TUR.10.4_1,2042,10,12.540601786445167,87.01393650810134,Artvin,Hopa,0.002477384377363769,2.3971813824319455e-4,31,Artvin,Hopa,aegypti,0,0,1,0,0
TUR.10.4_1,2042,11,11.19227628848132,71.69166911714503,Artvin,Hopa,0.0014370058176859295,1.4369025733451668e-4,30,Artvin,Hopa,aegypti,0,0,1,0,0
TUR.10.4_1,2042,12,5.662291683256626,71.09077449464935,Artvin,Hopa,0.0011819598476235393,1.143766695502757e-4,31,Artvin,Hopa,aegypti,0,0,1,0,0
TUR.10.4_1,2043,1,4.5308743590105545,79.46140202401307,Artvin,Hopa,0.0011634360461373634,1.1258424702798031e-4,31,Artvin,Hopa,aegypti,0,0,1,0,0
TUR.10.4_1,2043,2,3.6434817414812963,82.33098558866612,Artvin,Hopa,8.702853711040788e-4,9.324051402281874e-5,28,Artvin,Hopa,aegypti,0,0,1,0,0
TUR.10.4_1,2043,3,6.935701865812435,80.80352750931922,Artvin,Hopa,0.0010683478611971378,1.0338315828939404e-4,31,Artvin,Hopa,aegypti,0,0,1,0,0
TUR.10.4_1,2043,4,12.993227159275728,70.49199924187205,Artvin,Hopa,0.001412693549325477,1.412593768871373e-4,30,Artvin,Hopa,aegypti,0,0,1,0,0
TUR.10.4_1,2043,5,15.43785560832304,82.69084797627201,Artvin,Hopa,0.0019745720421611213,1.9106936090751425e-4,31,Artvin,Hopa,aegypti,0,0,1,2.653681921571027e-4,0
TUR.10.4_1,2043,6,20.15174731086282,84.75975404577932,Artvin,Hopa,0.002220941054849188,2.2206944441482968e-4,30,Artvin,Hopa,aegypti,2.222666495299563e-16,2.222666495299563e-16,0.9999999999999998,0.05330271324964226,0
TUR.10.4_1,2043,7,21.728702601264505,87.89622814767571,Artvin,Hopa,0.0026081271814454125,2.5236755460600335e-4,31,Artvin,Hopa,aegypti,5.21579121370852e-8,5.21579121370852e-8,0.9999999478420879,0.10761410460206666,1.360345169842958e-10
TUR.10.4_1,2043,8,20.158791542053223,91.62884773426134,Artvin,Hopa,0.0030969866250712473,2.9966347500054447e-4,31,Artvin,Hopa,aegypti,4.0314973581701e-15,4.0314973581701e-15,0.999999999999996,0.05944406542972589,0
TUR.10.4_1,2043,9,20.499406393836527,86.58967240510785,Artvin,Hopa,0.002468447892788345,2.468143256104671e-4,30,Artvin,Hopa,aegypti,4.036065925916432e-14,4.036065925916432e-14,0.9999999999999596,0.06433502210351755,1.1102230246251565e-16
TUR.10.4_1,2043,10,15.593092020820167,81.79163121024978,Artvin,Hopa,0.002432552379274706,2.3538058840999465e-4,31,Artvin,Hopa,aegypti,0,0,1,4.1323976801796555e-4,0
TUR.10.4_1,2043,11,9.623359014006223,79.28068126314112,Artvin,Hopa,0.0014110010351172176,1.4109014936025677e-4,30,Artvin,Hopa,aegypti,0,0,1,0,0
TUR.10.4_1,2043,12,3.1284956112504005,87.42803187990326,Artvin,Hopa,0.001160570505656995,1.1230696784125804e-4,31,Artvin,Hopa,aegypti,0,0,1,0,0
TUR.10.4_1,2044,1,5.185178624986507,77.71092900155213,Artvin,Hopa,0.001186633434106836,1.1482890028036152e-4,31,Artvin,Hopa,aegypti,0,0,1,0,0
TUR.10.4_1,2044,2,4.887145529323093,72.0669169851505,Artvin,Hopa,9.19339066436905e-4,9.509951910957604e-5,29,Artvin,Hopa,aegypti,0,0,1,0,0
TUR.10.4_1,2044,3,7.793342132230892,79.54508939896766,Artvin,Hopa,0.0010896493155442214,1.0544437411352803e-4,31,Artvin,Hopa,aegypti,0,0,1,0,0
TUR.10.4_1,2044,4,12.541673814549165,73.3707452745869,Artvin,Hopa,0.0014408608048050323,1.4407570057972663e-4,30,Artvin,Hopa,aegypti,0,0,1,0,0
TUR.10.4_1,2044,5,14.730005152085248,83.53905354267826,Artvin,Hopa,0.00201394241742821,1.948786619856424e-4,31,Artvin,Hopa,aegypti,0,0,1,9.899982132944295e-7,0
TUR.10.4_1,2044,6,20.30658587287454,81.92717347937307,Artvin,Hopa,0.002265223704916387,2.2649671623664602e-4,30,Artvin,Hopa,aegypti,5.218603327250548e-16,5.218603327250548e-16,0.9999999999999994,0.054339532198452715,0
TUR.10.4_1,2044,7,21.99692731745103,87.49903423898431,Artvin,Hopa,0.0026601298147681325,2.573987848053516e-4,31,Artvin,Hopa,aegypti,6.455616455114943e-7,6.455616455114943e-7,0.9999993544383545,0.11865817271770078,1.7172777644347548e-9
TUR.10.4_1,2044,8,20.68283748626709,87.88290657215197,Artvin,Hopa,0.003158736474163996,3.0563745827194566e-4,31,Artvin,Hopa,aegypti,6.443575117920375e-13,6.443575117920375e-13,0.9999999999993556,0.07127210588554055,1.9984014443252818e-15
TUR.10.4_1,2044,9,18.24400001413682,91.4504512137016,Artvin,Hopa,0.0025176655043979805,2.517348599014868e-4,30,Artvin,Hopa,aegypti,0,0,1,0.018189000654255716,0
TUR.10.4_1,2044,10,14.916663225959327,85.69789646903884,Artvin,Hopa,0.002481054281450975,2.4007320505226026e-4,31,Artvin,Hopa,aegypti,0,0,1,2.040809138925963e-5,0
TUR.10.4_1,2044,11,10.278676320524777,82.35573924653956,Artvin,Hopa,0.001439134544084566,1.439030993640733e-4,30,Artvin,Hopa,aegypti,0,0,1,0,0
TUR.10.4_1,2044,12,5.404351390898228,75.38204951906341,Artvin,Hopa,0.001183710758509771,1.1454609314454078e-4,31,Artvin,Hopa,aegypti,0,0,1,0,0
TUR.10.4_1,2045,1,5.02392803370843,76.15808018563416,Artvin,Hopa,0.0011306936098044243,1.0941597587454943e-4,31,Artvin,Hopa,aegypti,0,0,1,0,0
TUR.10.4_1,2045,2,1.9159287910990637,79.95026354276769,Artvin,Hopa,8.457930378559657e-4,9.061657669739986e-5,28,Artvin,Hopa,aegypti,0,0,1,0,0
TUR.10.4_1,2045,3,5.89399768795599,76.12438932572547,Artvin,Hopa,0.0010382814798581598,1.0047380505862069e-4,31,Artvin,Hopa,aegypti,0,0,1,0,0
TUR.10.4_1,2045,4,13.393706475987154,77.74910983757518,Artvin,Hopa,0.001372936289998408,1.372842046608591e-4,30,Artvin,Hopa,aegypti,0,0,1,0,0
TUR.10.4_1,2045,5,14.76725185618681,84.88139210468998,Artvin,Hopa,0.0019190019061060206,1.856926188722463e-4,31,Artvin,Hopa,aegypti,0,0,1,2.6634654517782875e-6,0
TUR.10.4_1,2045,6,17.3617826349595,85.30139528113088,Artvin,Hopa,0.002158437386229809,2.1582044603907224e-4,30,Artvin,Hopa,aegypti,0,0,1,0.007605037504567404,0
TUR.10.4_1,2045,7,20.82117467768052,85.79320843332025,Artvin,Hopa,0.002534726981692102,2.452660768754722e-4,31,Artvin,Hopa,aegypti,1.4492957389755645e-12,1.4492957389755645e-12,0.9999999999985507,0.07325252846727823,3.6637359812630166e-15
TUR.10.4_1,2045,8,21.215983390808105,88.26726020984728,Artvin,Hopa,0.0030098285146344782,2.9123131114894285e-4,31,Artvin,Hopa,aegypti,3.669158200048095e-10,3.669158200048095e-10,0.9999999996330842,0.08975856253063032,1.1043388425946432e-12
TUR.10.4_1,2045,9,17.759321745704202,82.59968217073285,Artvin,Hopa,0.002398978669929784,2.3986909380058208e-4,30,Artvin,Hopa,aegypti,0,0,1,0.010624227680724416,0
TUR.10.4_1,2045,10,12.990064677070167,84.45678471366774,Artvin,Hopa,0.002364093359400452,2.2875705944203073e-4,31,Artvin,Hopa,aegypti,0,0,1,0,0
TUR.10.4_1,2045,11,9.362079431028928,75.22953380220362,Artvin,Hopa,0.001371291408007571,1.371197390298562e-4,30,Artvin,Hopa,aegypti,0,0,1,0,0
TUR.10.4_1,2045,12,7.5118128433823586,77.0980376782431,Artvin,Hopa,0.0011279087138743513,1.0914649926874187e-4,31,Artvin,Hopa,aegypti,0,0,1,0,0
TUR.10.4_1,2046,1,5.4022451513994705,78.23849400399354,Artvin,Hopa,0.0011730533661037767,1.1351485019572838e-4,31,Artvin,Hopa,aegypti,0,0,1,0,0
TUR.10.4_1,2046,2,3.8668921094469946,70.27577166044347,Artvin,Hopa,8.774794174840108e-4,9.40112325403808e-5,28,Artvin,Hopa,aegypti,0,0,1,0,0
TUR.10.4_1,2046,3,9.676003474851742,65.49882856522743,Artvin,Hopa,0.0010771791529992773,1.0423771071088606e-4,31,Artvin,Hopa,aegypti,0,0,1,0,0
TUR.10.4_1,2046,4,13.583226358189302,70.86627444939158,Artvin,Hopa,0.0014243713084283157,1.4242698715627444e-4,30,Artvin,Hopa,aegypti,0,0,1,0,0
TUR.10.4_1,2046,5,15.892081148484174,79.96056996113529,Artvin,Hopa,0.001990894461592121,1.926486468263322e-4,31,Artvin,Hopa,aegypti,0,0,1,8.313593773122639e-4,0
TUR.10.4_1,2046,6,18.2986780054429,82.65390382605275,Artvin,Hopa,0.0022393000362662947,2.2390493317470117e-4,30,Artvin,Hopa,aegypti,0,0,1,0.01658080017303456,0
TUR.10.4_1,2046,7,21.86585813410142,89.05400402658196,Artvin,Hopa,0.0026296867623955963,2.5445343694718847e-4,31,Artvin,Hopa,aegypti,3.490761620049132e-7,3.490761620049132e-7,0.999999650923838,0.11591394149379712,9.179609294918123e-10
TUR.10.4_1,2046,8,22.672961235046387,87.32760872058947,Artvin,Hopa,0.003122587268444726,3.0214021113850187e-4,31,Artvin,Hopa,aegypti,1.505280684469294e-4,1.505280684469294e-4,0.999849471931553,0.14664724720897454,4.70036919608674e-7
TUR.10.4_1,2046,9,21.035560187171487,87.38229020295941,Artvin,Hopa,0.0024888528418048213,2.4885431480747844e-4,30,Artvin,Hopa,aegypti,3.6013566295789445e-11,3.6013566295789445e-11,0.9999999999639865,0.08253080730461554,8.959499808725013e-14
TUR.10.4_1,2046,10,14.374315317939308,88.08236454765212,Artvin,Hopa,0.002452660604943161,2.3732608579929426e-4,31,Artvin,Hopa,aegypti,0,0,1,0,0
TUR.10.4_1,2046,11,10.000252057524289,78.88109935396143,Artvin,Hopa,0.0014226648033773776,0.00014225636094189476,30,Artvin,Hopa,aegypti,0,0,1,0,0
TUR.10.4_1,2046,12,6.785894550383091,79.17597194337982,Artvin,Hopa,0.0011701641381850073,1.1323527919382403e-4,31,Artvin,Hopa,aegypti,0,0,1,0,0
TUR.10.4_1,2047,1,3.6357046240557205,80.73895939705994,Artvin,Hopa,0.0011753019207062319,1.1373242752921175e-4,31,Artvin,Hopa,aegypti,0,0,1,0,0
TUR.10.4_1,2047,2,3.8197755914263647,78.11772112333409,Artvin,Hopa,8.791614043737434e-4,9.419142846311956e-5,28,Artvin,Hopa,aegypti,0,0,1,0,0
TUR.10.4_1,2047,3,5.399433631559505,76.91446653519813,Artvin,Hopa,0.0010792439321577823,1.0443750720035005e-4,31,Artvin,Hopa,aegypti,0,0,1,0,0
TUR.10.4_1,2047,4,11.28448883224936,72.12828311638377,Artvin,Hopa,0.0014271015990985599,1.4269997729943196e-4,30,Artvin,Hopa,aegypti,0,0,1,0,0
TUR.10.4_1,2047,5,15.93914306865019,86.43617878681889,Artvin,Hopa,0.001994710686014616,1.930178876515809e-4,31,Artvin,Hopa,aegypti,0,0,1,0.0010084249750890609,0
TUR.10.4_1,2047,6,18.012934292063992,87.75751100378713,Artvin,Hopa,0.002243592414216284,2.2433407476918354e-4,30,Artvin,Hopa,aegypti,0,0,1,0.0143044591068818,0
TUR.10.4_1,2047,7,20.818304117988138,87.8634370099804,Artvin,Hopa,0.0026347274489009675,2.5494112107526945e-4,31,Artvin,Hopa,aegypti,3.4748251498406547e-12,3.4748251498406547e-12,0.9999999999965252,0.07566896702550083,9.103828801926284e-15
TUR.10.4_1,2047,8,21.580313682556152,90.90906013660509,Artvin,Hopa,0.0031285727659309576,3.027192776507981e-4,31,Artvin,Hopa,aegypti,4.762197295193893e-8,4.762197295193893e-8,0.9999999523780271,0.10796329002530046,1.4898882128022706e-10
TUR.10.4_1,2047,9,18.5231910312877,91.6043589895805,Artvin,Hopa,0.0024936235723393256,2.4933126902548786e-4,30,Artvin,Hopa,aegypti,0,0,1,0.022436936946670462,0
TUR.10.4_1,2047,10,15.800519045661476,79.60486363212478,Artvin,Hopa,0.0024573619607815766,2.3778094763937663e-4,31,Artvin,Hopa,aegypti,0,0,1,6.714358248092273e-4,0
TUR.10.4_1,2047,11,10.222285558195676,81.8529926645083,Artvin,Hopa,0.0014253918229519516,1.4252902406863832e-4,30,Artvin,Hopa,aegypti,0,0,1,0,0
TUR.10.4_1,2047,12,8.34366051107645,75.79558559084076,Artvin,Hopa,0.0011724071546023109,1.134523206957061e-4,31,Artvin,Hopa,aegypti,0,0,1,0,0
TUR.10.4_1,2048,1,3.1185637587297927,79.87193974373963,Artvin,Hopa,0.0011921939552735593,1.1536695329605884e-4,31,Artvin,Hopa,aegypti,0,0,1,0,0
TUR.10.4_1,2048,2,1.8594011765055578,86.87552599393956,Artvin,Hopa,9.236470559064293e-4,9.554513071186044e-5,29,Artvin,Hopa,aegypti,0,0,1,0,0
TUR.10.4_1,2048,3,4.135554570814266,80.17215696488563,Artvin,Hopa,0.0010947553726543932,1.0593845644679689e-4,31,Artvin,Hopa,aegypti,0,0,1,0,0
TUR.10.4_1,2048,4,11.245202218785005,76.86302432732127,Artvin,Hopa,0.0014476126261958146,1.4475078521358764e-4,30,Artvin,Hopa,aegypti,0,0,1,0,0
TUR.10.4_1,2048,5,16.106089479783,81.52588520771732,Artvin,Hopa,0.0020233796784380515,1.9579176691286726e-4,31,Artvin,Hopa,aegypti,0,0,1,0.0012940949629790793,0
TUR.10.4_1,2048,6,17.898941601023953,77.72935853796682,Artvin,Hopa,0.0022758384609113847,2.2755795085216413e-4,30,Artvin,Hopa,aegypti,0,0,1,0.011144348361953257,0
TUR.10.4_1,2048,7,23.445816096137552,84.42940075509759,Artvin,Hopa,0.0026725950864485847,2.5860479018768867e-4,31,Artvin,Hopa,aegypti,0.006290865121097268,0.006290865121097268,0.9937091348789028,0.17388820834582983,1.6812793875553567e-5
TUR.10.4_1,2048,8,21.525744438171387,86.10638679676134,Artvin,Hopa,0.003173538198538052,3.0706944438307904e-4,31,Artvin,Hopa,aegypti,3.772779996358277e-9,3.772779996358277e-9,0.99999999622722,0.09766827274466025,1.1973089186767538e-11
TUR.10.4_1,2048,9,17.627645071815042,87.73687394319379,Artvin,Hopa,0.0025294631934951787,2.5291433112639705e-4,30,Artvin,Hopa,aegypti,0,0,1,0.010138720630591265,0
TUR.10.4_1,2048,10,15.103705462287452,77.06836460868728,Artvin,Hopa,0.002492680411687379,2.411980436886063e-4,31,Artvin,Hopa,aegypti,0,0,1,6.10123780818976e-5,0
TUR.10.4_1,2048,11,12.536393453093137,81.41279948823878,Artvin,Hopa,0.00144587827628032,1.4457737531181625e-4,30,Artvin,Hopa,aegypti,0,0,1,0,0
TUR.10.4_1,2048,12,5.052390016615391,80.83605189943451,Artvin,Hopa,0.0011892575841248151,1.150828210890742e-4,31,Artvin,Hopa,aegypti,0,0,1,0,0
TUR.10.4_1,2049,1,3.0289918059099685,85.18733128426697,Artvin,Hopa,0.001315687458317803,1.273164873084598e-4,31,Artvin,Hopa,aegypti,0,0,1,0,0
TUR.10.4_1,2049,2,4.376554499202244,77.10607103788487,Artvin,Hopa,9.84174034937802e-4,1.0544165866654964e-4,28,Artvin,Hopa,aegypti,0,0,1,0,0
TUR.10.4_1,2049,3,8.75784160580267,74.14432493363563,Artvin,Hopa,0.0012081556925835242,1.1691145815340143e-4,31,Artvin,Hopa,aegypti,0,0,1,0,0
TUR.10.4_1,2049,4,14.888072168125825,66.43388614372752,Artvin,Hopa,0.0015975636920179676,1.5974360883252992e-4,30,Artvin,Hopa,aegypti,0,0,1,1.059836464770437e-5,0
TUR.10.4_1,2049,5,17.643781549790326,79.2293230128931,Artvin,Hopa,0.002232971618888307,2.1607068100171212e-4,31,Artvin,Hopa,aegypti,0,0,1,0.009074267676171498,0
TUR.10.4_1,2049,6,17.881052578196805,86.1498373587676,Artvin,Hopa,0.002511581363865693,2.5112659882220445e-4,30,Artvin,Hopa,aegypti,0,0,1,0.012542556923715255,0
TUR.10.4_1,2049,7,21.381961878608255,86.77890331857415,Artvin,Hopa,0.002949436055138647,2.8538856459259243e-4,31,Artvin,Hopa,aegypti,1.1346008645940487e-9,1.1346008645940487e-9,0.9999999988653991,0.09349139120418441,3.346434240825147e-12
TUR.10.4_1,2049,8,23.57197856903076,96.44584144764025,Artvin,Hopa,0.003502269398229679,3.388718665572332e-4,31,Artvin,Hopa,aegypti,0.10228051978700986,0.10228051978700986,0.8977194802129902,0.22022861370917987,3.581497835337677e-4
TUR.10.4_1,2049,9,20.229913290809183,86.90035660920941,Artvin,Hopa,0.002791477833985889,2.7910882528126013e-4,30,Artvin,Hopa,aegypti,1.602717958348876e-15,1.602717958348876e-15,0.9999999999999984,0.05703465632539487,0
TUR.10.4_1,2049,10,14.46512704737046,74.06453465263259,Artvin,Hopa,0.0027508849048802735,2.661792362336213e-4,31,Artvin,Hopa,aegypti,0,0,1,0,0
TUR.10.4_1,2049,11,8.45458154818591,77.87575114839503,Artvin,Hopa,0.001595649689332367,1.5955223912067495e-4,30,Artvin,Hopa,aegypti,0,0,1,0,0
TUR.10.4_1,2049,12,5.153447784483433,79.6209868969931,Artvin,Hopa,0.001312446922936559,1.2700292698764049e-4,31,Artvin,Hopa,aegypti,0,0,1,0,0
TUR.10.4_1,2050,1,1.5059009069193374,76.93731602547791,Artvin,Hopa,0.0011742186358059267,1.136276054242158e-4,31,Artvin,Hopa,aegypti,0,0,1,0,0
TUR.10.4_1,2050,2,1.9716085892252844,72.13599352323644,Artvin,Hopa,8.783510744853034e-4,9.410461557768368e-5,28,Artvin,Hopa,aegypti,0,0,1,0,0
TUR.10.4_1,2050,3,6.846518058439388,77.83777586137,Artvin,Hopa,0.0010782491846509034,1.0434125136171701e-4,31,Artvin,Hopa,aegypti,0,0,1,0,0
TUR.10.4_1,2050,4,14.666762506260591,69.47882327751658,Artvin,Hopa,0.0014257862284807906,1.425684589992926e-4,30,Artvin,Hopa,aegypti,0,0,1,0,0
TUR.10.4_1,2050,5,12.63430679545683,87.57276020771732,Artvin,Hopa,0.0019928721456969603,1.928399987215501e-4,31,Artvin,Hopa,aegypti,0,0,1,0,0
TUR.10.4_1,2050,6,18.404715145335476,86.46761689978322,Artvin,Hopa,0.002241524477678497,2.2412732748489095e-4,30,Artvin,Hopa,aegypti,0,0,1,0.019101248870525743,0
TUR.10.4_1,2050,7,21.946842249702005,90.01179821603509,Artvin,Hopa,0.0026322990001666213,2.547061697938391e-4,31,Artvin,Hopa,aegypti,1.0251840817729897e-6,1.0251840817729897e-6,0.9999989748159183,0.12110651507693479,2.698591017313845e-9
TUR.10.4_1,2050,8,24.090874671936035,82.25760139637072,Artvin,Hopa,0.0031256891361358136,3.0244030114112697e-4,31,Artvin,Hopa,aegypti,0.03673424987387903,0.03673424987387903,0.9632657501261209,0.19578037053287528,1.1481325420870103e-4
TUR.10.4_1,2050,9,20.029944952796487,83.56401475129925,Artvin,Hopa,0.00249132518014293,2.491014870855679e-4,30,Artvin,Hopa,aegypti,1.9817480989559043e-17,1.9817480989559043e-17,1,0.04870468517446032,0
TUR.10.4_1,2050,10,13.746198710273292,83.7041144255818,Artvin,Hopa,0.002455096991193933,2.3756180912948288e-4,31,Artvin,Hopa,aegypti,0,0,1,0,0
TUR.10.4_1,2050,11,9.658702184172238,73.61293376558253,Artvin,Hopa,0.0014240780282481242,1.4239766331503034e-4,30,Artvin,Hopa,aegypti,0,0,1,0,0
TUR.10.4_1,2050,12,6.9206544533371925,74.89143367433685,Artvin,Hopa,0.0011713265378303864,1.1334775673788045e-4,31,Artvin,Hopa,aegypti,0,0,1,0,0
TUR.10.4_1,2051,1,4.057075845598079,79.17919834969666,Artvin,Hopa,0.0011916698492210561,1.1531623920557621e-4,31,Artvin,Hopa,aegypti,0,0,1,0,0
TUR.10.4_1,2051,2,2.242134223514072,80.45614580595128,Artvin,Hopa,8.914051102388158e-4,9.550312966843943e-5,28,Artvin,Hopa,aegypti,0,0,1,0,0
TUR.10.4_1,2051,3,6.697003383299007,73.89900938187782,Artvin,Hopa,0.0010942741020404294,1.0589188680421024e-4,31,Artvin,Hopa,aegypti,0,0,1,0,0
TUR.10.4_1,2051,4,13.348014985813814,69.47449741081736,Artvin,Hopa,0.0014469762343270979,1.4468715523652254e-4,30,Artvin,Hopa,aegypti,0,0,1,0,0
TUR.10.4_1,2051,5,15.30039394603056,87.49306355244389,Artvin,Hopa,0.0020224901708782365,1.9570570238636176e-4,31,Artvin,Hopa,aegypti,0,0,1,1.7931447329156086e-4,0
TUR.10.4_1,2051,6,20.512995327220242,86.43329225378713,Artvin,Hopa,0.0022748379687459893,2.2745792439760049e-4,30,Artvin,Hopa,aegypti,4.6051995550300265e-14,4.6051995550300265e-14,0.9999999999999539,0.0646748202724773,1.1102230246251565e-16
TUR.10.4_1,2051,7,22.160173472236185,83.26748211496087,Artvin,Hopa,0.00267142017421681,2.584911184011496e-4,31,Artvin,Hopa,aegypti,4.5858965240014317e-7,4.5858965240014317e-7,0.9999995414103476,0.11689323769797134,1.225085699552153e-9
TUR.10.4_1,2051,8,21.730679512023926,87.51724495105822,Artvin,Hopa,0.0031721430643232313,3.069344728438006e-4,31,Artvin,Hopa,aegypti,4.558104219021253e-8,4.558104219021253e-8,0.9999999544189578,0.10703190479252263,1.4458956254514987e-10
TUR.10.4_1,2051,9,19.202985342811136,90.23341782747113,Artvin,Hopa,0.0025283512041553314,2.5280316031006667e-4,30,Artvin,Hopa,aegypti,0,0,1,0.03457578643055342,0
TUR.10.4_1,2051,10,16.121555384467626,84.66516636649978,Artvin,Hopa,0.002491584592601111,2.4109202225297555e-4,31,Artvin,Hopa,aegypti,0,0,1,0.0014005037757528539,0
TUR.10.4_1,2051,11,7.555319596739377,90.95746196382471,Artvin,Hopa,0.001445242646857415,1.4451382155733494e-4,30,Artvin,Hopa,aegypti,0,0,1,0,0
TUR.10.4_1,2051,12,8.129521049559116,74.32646937990326,Artvin,Hopa,0.0011887347689443922,1.1503223189290868e-4,31,Artvin,Hopa,aegypti,0,0,1,0,0
TUR.10.4_1,2052,1,3.5995170944918167,74.07266148446229,Artvin,Hopa,0.001182895365632753,1.1446719319208043e-4,31,Artvin,Hopa,aegypti,0,0,1,0,0
TUR.10.4_1,2052,2,5.075557718806736,76.13738207304112,Artvin,Hopa,9.164430142252737e-4,9.479995594763313e-5,29,Artvin,Hopa,aegypti,0,0,1,0,0
TUR.10.4_1,2052,3,7.628672618528499,74.98136869584266,Artvin,Hopa,0.0010862167611957862,1.0511222640630091e-4,31,Artvin,Hopa,aegypti,0,0,1,0,0
TUR.10.4_1,2052,4,11.769247209324556,82.06677493767283,Artvin,Hopa,0.0014363218830157286,1.4362187369265644e-4,30,Artvin,Hopa,aegypti,0,0,1,0,0
TUR.10.4_1,2052,5,14.940963632920209,80.99412403828373,Artvin,Hopa,0.0020075982049335794,1.942648253963064e-4,31,Artvin,Hopa,aegypti,0,0,1,2.2700453137881655e-5,0
TUR.10.4_1,2052,6,19.149490917430203,86.6932943900176,Artvin,Hopa,0.002258087919698547,2.2578329908351513e-4,30,Artvin,Hopa,aegypti,0,0,1,0.031711838165907356,0
TUR.10.4_1,2052,7,22.379671152900247,85.05713207833978,Artvin,Hopa,0.00265175001767853,2.56588045108197e-4,31,Artvin,Hopa,aegypti,5.551465359608876e-6,5.551465359608876e-6,0.9999944485346404,0.12808216605594805,1.4721098229308893e-8
TUR.10.4_1,2052,8,21.631217002868652,90.1456095140465,Artvin,Hopa,0.0031487859933393117,3.04674802364846e-4,31,Artvin,Hopa,aegypti,5.9158818505267166e-8,5.9158818505267166e-8,0.9999999408411815,0.10872987412410882,1.862784371198245e-10
TUR.10.4_1,2052,9,19.948157843421487,89.21950181184613,Artvin,Hopa,0.002509734490674808,2.5094195786590223e-4,30,Artvin,Hopa,aegypti,7.005507285384738e-17,7.005507285384738e-17,0.9999999999999999,0.05129675968152997,0
TUR.10.4_1,2052,10,15.259994562934425,87.4710821990193,Artvin,Hopa,0.0024732385984224904,2.3931702992507908e-4,31,Artvin,Hopa,aegypti,0,0,1,1.5238618136064996e-4,0
TUR.10.4_1,2052,11,6.671569158049191,82.84758342378565,Artvin,Hopa,0.0014346010602684326,1.434498161179132e-4,30,Artvin,Hopa,aegypti,0,0,1,0,0
TUR.10.4_1,2052,12,3.710455097258091,81.05149074220795,Artvin,Hopa,0.0011799818968903032,1.141852768382634e-4,31,Artvin,Hopa,aegypti,0,0,1,0,0
TUR.10.4_1,2053,1,0.6986636990297805,83.5324774634662,Artvin,Hopa,0.0011846703272027754,1.1463894398977548e-4,31,Artvin,Hopa,aegypti,0,0,1,0,0
TUR.10.4_1,2053,2,3.8051951032214086,83.13379625761144,Artvin,Hopa,8.861692559454452e-4,9.494219869832232e-5,28,Artvin,Hopa,aegypti,0,0,1,0,0
TUR.10.4_1,2053,3,6.023443717619076,77.75306669388954,Artvin,Hopa,0.0010878466543070885,1.0526994140569457e-4,31,Artvin,Hopa,aegypti,0,0,1,0,0
TUR.10.4_1,2053,4,8.87526956726523,78.02026614861033,Artvin,Hopa,0.0014384771168754632,1.438373661015735e-4,30,Artvin,Hopa,aegypti,0,0,1,0,0
TUR.10.4_1,2053,5,12.775644190171185,82.01906452900639,Artvin,Hopa,0.0020106106519896185,1.94556295854853e-4,31,Artvin,Hopa,aegypti,0,0,1,0,0
TUR.10.4_1,2053,6,18.785811031565945,83.43090425329885,Artvin,Hopa,0.0022614762323047537,2.261220537842501e-4,30,Artvin,Hopa,aegypti,0,0,1,0.023595959170272535,0
TUR.10.4_1,2053,7,21.81316572077134,81.01481182687493,Artvin,Hopa,0.0026557290292728206,2.5697301186899946e-4,31,Artvin,Hopa,aegypti,8.352910693787407e-9,8.352910693787407e-9,0.9999999916470893,0.10016038075186996,2.2183033188127865e-11
TUR.10.4_1,2053,8,23.212199211120605,86.80016578846056,Artvin,Hopa,0.003153510818791149,3.0513190412317925e-4,31,Artvin,Hopa,aegypti,0.003755036681084934,0.003755036681084934,0.9962449633189151,0.16959366286999122,1.1841478687935059e-5
TUR.10.4_1,2053,9,20.6794410312877,85.99386246858441,Artvin,Hopa,0.002513500404720404,2.5131845469705816e-4,30,Artvin,Hopa,aegypti,3.2335090160984235e-13,3.2335090160984235e-13,0.9999999999996767,0.06920816441388349,7.771561172376096e-16
TUR.10.4_1,2053,10,14.995698984931495,82.93402622978103,Artvin,Hopa,0.002476949749546451,2.396760875685855e-4,31,Artvin,Hopa,aegypti,0,0,1,3.5904989413200086e-5,0
TUR.10.4_1,2053,11,12.729879666777219,73.6566044198794,Artvin,Hopa,0.0014367537119942487,1.4366505038754251e-4,30,Artvin,Hopa,aegypti,0,0,1,0,0
TUR.10.4_1,2053,12,6.201526798307896,76.93118281984466,Artvin,Hopa,0.0011817524867337944,1.1435660466241337e-4,31,Artvin,Hopa,aegypti,0,0,1,0,0
TUR.10.4_1,2054,1,5.964260446428157,72.31178196786072,Artvin,Hopa,0.0011296335478240631,1.0931340045061688e-4,31,Artvin,Hopa,aegypti,0,0,1,0,0
TUR.10.4_1,2054,2,7.6889088254504125,67.55294756376378,Artvin,Hopa,8.450000794144297e-4,9.053162455952002e-5,28,Artvin,Hopa,aegypti,0,0,1,0,0
TUR.10.4_1,2054,3,7.873091239591732,71.9824520698661,Artvin,Hopa,0.0010373080572508618,1.0037961233122505e-4,31,Artvin,Hopa,aegypti,0,0,1,0,0
TUR.10.4_1,2054,4,11.892731820835786,73.83259067253611,Artvin,Hopa,0.001371649117638128,1.3715550508741625e-4,30,Artvin,Hopa,aegypti,0,0,1,0,0
TUR.10.4_1,2054,5,13.342509157517377,88.65029011494389,Artvin,Hopa,0.0019172027794962438,1.8551854216108943e-4,31,Artvin,Hopa,aegypti,0,0,1,0,0
TUR.10.4_1,2054,6,17.122830951915066,90.73447023230275,Artvin,Hopa,0.002156413781081348,2.15618129177364e-4,30,Artvin,Hopa,aegypti,0,0,1,0.006393511424078712,0
TUR.10.4_1,2054,7,20.738367136786966,94.978938413789,Artvin,Hopa,0.0025323505928272596,2.4503616013760166e-4,31,Artvin,Hopa,aegypti,2.0910802700502273e-11,2.0910802700502273e-11,0.9999999999790892,0.08149053839904977,5.295763827461997e-14
TUR.10.4_1,2054,8,23.195937156677246,86.3516413133629,Artvin,Hopa,0.0030070067026527836,2.9095831206182865e-4,31,Artvin,Hopa,aegypti,0.0031583782614524733,0.0031583782614524733,0.9968416217385475,0.16772812975007748,9.497219502829779e-6
TUR.10.4_1,2054,9,18.549603995154886,89.95729478059613,Artvin,Hopa,0.0023967295495158723,2.3964423568334503e-4,30,Artvin,Hopa,aegypti,0,0,1,0.022319718580922243,0
TUR.10.4_1,2054,10,13.672709521125343,91.60654209892165,Artvin,Hopa,0.0023618769450981206,2.2854261677884846e-4,31,Artvin,Hopa,aegypti,0,0,1,0,0
TUR.10.4_1,2054,11,8.974113275023068,82.88730205171534,Artvin,Hopa,0.0013700057777775777,1.3699119362720058e-4,30,Artvin,Hopa,aegypti,0,0,1,0,0
TUR.10.4_1,2054,12,5.140540756285191,80.6538238110556,Artvin,Hopa,0.0011268512628243687,1.0904417646040443e-4,31,Artvin,Hopa,aegypti,0,0,1,0,0
TUR.10.4_1,2055,1,5.425093995927669,75.6929541480365,Artvin,Hopa,0.001216644857026982,1.1773289381245e-4,31,Artvin,Hopa,aegypti,0,0,1,0,0
TUR.10.4_1,2055,2,4.268083820872776,78.42208818876378,Artvin,Hopa,9.100871718861832e-4,9.750458596380351e-5,28,Artvin,Hopa,aegypti,0,0,1,0,0
TUR.10.4_1,2055,3,3.2577108332120317,85.35407224808876,Artvin,Hopa,0.0011172078905038589,1.0811104820884765e-4,31,Artvin,Hopa,aegypti,0,0,1,0,0
TUR.10.4_1,2055,4,10.33320299316855,74.65298709587596,Artvin,Hopa,0.0014773019514465926,1.4771928357670827e-4,30,Artvin,Hopa,aegypti,0,0,1,0,0
TUR.10.4_1,2055,5,15.699337847092572,82.31508503681889,Artvin,Hopa,0.002064877504784612,1.998068912455464e-4,31,Artvin,Hopa,aegypti,0,0,1,5.559172724852328e-4,0
TUR.10.4_1,2055,6,18.115963543162625,87.02887330847463,Artvin,Hopa,0.002322514005916674,2.322244323229583e-4,30,Artvin,Hopa,aegypti,0,0,1,0.015349840939038904,0
TUR.10.4_1,2055,7,20.450729426215677,92.94962627999993,Artvin,Hopa,0.0027274077782898547,2.6390785841468034e-4,31,Artvin,Hopa,aegypti,2.964902767743638e-13,2.964902767743638e-13,0.9999999999997035,0.06948299447142585,7.771561172376096e-16
TUR.10.4_1,2055,8,21.243536949157715,92.57202400379259,Artvin,Hopa,0.0032386248149899725,3.1336619523048004e-4,31,Artvin,Hopa,aegypti,2.7165103072546158e-9,2.7165103072546158e-9,0.99999999728348965,0.09707907933864646,8.797740314037128e-12
TUR.10.4_1,2055,9,20.051045950721292,83.17886765657269,Artvin,Hopa,0.002581340369821625,2.581007232581589e-4,30,Artvin,Hopa,aegypti,2.8477220581635266e-17,2.8477220581635266e-17,1,0.0495098250840587,0
TUR.10.4_1,2055,10,16.82861715204575,80.6963019255818,Artvin,Hopa,0.0025438032038968593,2.46144205146126e-4,31,Artvin,Hopa,aegypti,0,0,1,0.0038295773428794837,0
TUR.10.4_1,2055,11,11.151399899931516,78.49973643892237,Artvin,Hopa,0.0014755320314636588,1.4754231770786053e-4,30,Artvin,Hopa,aegypti,0,0,1,0,0
TUR.10.4_1,2055,12,8.277674831449986,72.5295791211142,Artvin,Hopa,0.0012136482633597861,1.1744293497650826e-4,31,Artvin,Hopa,aegypti,0,0,1,0,0
TUR.10.4_1,2056,1,6.157258378862239,75.80535801766541,Artvin,Hopa,0.0011973185560422894,1.158628250659266e-4,31,Artvin,Hopa,aegypti,0,0,1,0,0
TUR.10.4_1,2056,2,4.4441135030322,81.26453356229894,Artvin,Hopa,9.276173179529663e-4,9.595580814891758e-5,29,Artvin,Hopa,aegypti,0,0,1,0,0
TUR.10.4_1,2056,3,5.044238109251156,80.97706571732704,Artvin,Hopa,0.0010994611373493577,1.0639380468246973e-4,31,Artvin,Hopa,aegypti,0,0,1,0,0
TUR.10.4_1,2056,4,12.815586244358736,69.73404178337596,Artvin,Hopa,0.0014538351344917273,1.453729457783215e-4,30,Artvin,Hopa,aegypti,0,0,1,0,0
TUR.10.4_1,2056,5,14.646757013657513,79.39770375019779,Artvin,Hopa,0.0020320770997004985,1.966332876921495e-4,31,Artvin,Hopa,aegypti,0,0,1,0,0
TUR.10.4_1,2056,6,19.192665661082547,81.65974794226369,Artvin,Hopa,0.0022856210667321097,2.2853598834482458e-4,30,Artvin,Hopa,aegypti,0,0,1,0.030067924311577957,0
TUR.10.4_1,2056,7,21.16935354120591,92.02046520822259,Artvin,Hopa,0.0026840831356656904,2.597162487653071e-4,31,Artvin,Hopa,aegypti,9.74931910147081e-10,9.74931910147081e-10,0.9999999990250681,0.093429442096594,2.616795669041494e-12
TUR.10.4_1,2056,8,23.43202495574951,85.07652534656603,Artvin,Hopa,0.003187179532835953,3.083891672662764e-4,31,Artvin,Hopa,aegypti,0.007152125723002296,0.007152125723002296,0.9928478742769977,0.17522679588433887,2.279484891409833e-5
TUR.10.4_1,2056,9,19.66138225443223,85.83009751497113,Artvin,Hopa,0.0025403359956667738,2.5400133576392037e-4,30,Artvin,Hopa,aegypti,0,0,1,0.041915796474505974,0
TUR.10.4_1,2056,10,14.67340570337632,85.38027714530837,Artvin,Hopa,0.002503395104458154,2.4223469880346737e-4,31,Artvin,Hopa,aegypti,0,0,1,3.13456638176671e-9,0
TUR.10.4_1,2056,11,6.0483863844591035,77.98698009126612,Artvin,Hopa,0.0014520933295385095,1.451987905889407e-4,30,Artvin,Hopa,aegypti,0,0,1,0,0
TUR.10.4_1,2056,12,3.003295697271824,88.29623408937591,Artvin,Hopa,0.0011943695630128692,1.1557747166868193e-4,31,Artvin,Hopa,aegypti,0,0,1,0,0
TUR.10.4_1,2057,1,3.2429832094896804,82.91831120370057,Artvin,Hopa,0.0012252152905420012,1.1856219261296985e-4,31,Artvin,Hopa,aegypti,0,0,1,0,0
TUR.10.4_1,2057,2,4.98378087096738,81.55913500272862,Artvin,Hopa,9.164981155189722e-4,9.819140557110195e-5,28,Artvin,Hopa,aegypti,0,0,1,0,0
TUR.10.4_1,2057,3,4.2662298866712,76.13256040726844,Artvin,Hopa,0.0011250778583853781,1.0887257537539607e-4,31,Artvin,Hopa,aegypti,0,0,1,0,0
TUR.10.4_1,2057,4,10.43539158035727,72.99408969597361,Artvin,Hopa,0.001487708536477018,1.4875978781303534e-4,30,Artvin,Hopa,aegypti,0,0,1,0,0
TUR.10.4_1,2057,5,16.126585848191205,85.30670033222904,Artvin,Hopa,0.0020794231589820575,2.0121425295260842e-4,31,Artvin,Hopa,aegypti,0,0,1,0.0014295288863122545,0
TUR.10.4_1,2057,6,20.37658747504739,87.10632692175588,Artvin,Hopa,0.0023388745336092418,2.3386010382275835e-4,30,Artvin,Hopa,aegypti,1.1315892667340676e-14,1.1315892667340676e-14,0.9999999999999887,0.06135406058912468,0
TUR.10.4_1,2057,7,23.587432917426614,86.20276196115228,Artvin,Hopa,0.0027466205065541233,2.657666622873922e-4,31,Artvin,Hopa,aegypti,0.01851569937962734,0.01851569937962734,0.9814843006203726,0.18600434684528275,5.085430648521516e-5
TUR.10.4_1,2057,8,23.80861759185791,86.27621711902697,Artvin,Hopa,0.003261438718732425,3.1557329808151735e-4,31,Artvin,Hopa,aegypti,0.03750774592939043,0.03750774592939043,0.9624922540706096,0.19621853466210978,1.223217329131554e-4
TUR.10.4_1,2057,9,20.736527975867777,85.24619706331097,Artvin,Hopa,0.002599524152781307,2.5991863057661657e-4,30,Artvin,Hopa,aegypti,4.3256664916668796e-13,4.3256664916668796e-13,0.9999999999995675,0.06995005734231133,1.1102230246251565e-15
TUR.10.4_1,2057,10,16.307760294745947,85.61755894462478,Artvin,Hopa,0.0025617225631152643,2.478779083336935e-4,31,Artvin,Hopa,aegypti,0,0,1,0.0019576209739693685,0
TUR.10.4_1,2057,11,7.308226396055783,85.98796428316065,Artvin,Hopa,0.0014859261486145278,0.00014858157552566365,30,Artvin,Hopa,aegypti,0,0,1,0,0
TUR.10.4_1,2057,12,4.681266225874424,79.37683864259857,Artvin,Hopa,0.0012221975879154834,1.1827019145671525e-4,31,Artvin,Hopa,aegypti,0,0,1,0,0
TUR.10.4_1,2058,1,4.8184016817797195,72.44233616707947,Artvin,Hopa,0.001257999538834999,1.2173448061170156e-4,31,Artvin,Hopa,aegypti,0,0,1,0,0
TUR.10.4_1,2058,2,3.4132273297839086,79.78736071073644,Artvin,Hopa,9.410217253785477e-4,1.0081867374645004e-4,28,Artvin,Hopa,aegypti,0,0,1,0,0
TUR.10.4_1,2058,3,10.987910289426937,67.76306120072547,Artvin,Hopa,0.0011551826343729058,1.1178561936453502e-4,31,Artvin,Hopa,aegypti,0,0,1,0,0
TUR.10.4_1,2058,4,10.806402360691743,78.7943292589619,Artvin,Hopa,0.001527516565665014,1.5273999062626054e-4,30,Artvin,Hopa,aegypti,0,0,1,0,0
TUR.10.4_1,2058,5,18.311662561753216,72.63619862324467,Artvin,Hopa,0.002135064257878334,2.0659777746945274e-4,31,Artvin,Hopa,aegypti,0,0,1,0.014378053149574,0
TUR.10.4_1,2058,6,19.290142620311062,87.26333223181447,Artvin,Hopa,0.002401458019163111,2.4011696922132675e-4,30,Artvin,Hopa,aegypti,0,0,1,0.03482922335972749,0
TUR.10.4_1,2058,7,22.355060633491068,89.36938030832025,Artvin,Hopa,0.0028201144380685396,2.728770627381527e-4,31,Artvin,Hopa,aegypti,2.81763270327447e-5,2.81763270327447e-5,0.9999718236729672,0.13732901744680542,7.946046354234682e-8
TUR.10.4_1,2058,8,22.643881797790527,88.65127052478869,Artvin,Hopa,0.003348708129727141,3.2401602414944275e-4,31,Artvin,Hopa,aegypti,1.8925461112858372e-4,1.8925461112858372e-4,0.9998107453888714,0.1483370526118189,6.337582540982822e-7
TUR.10.4_1,2058,9,18.349661406348734,89.10043748079144,Artvin,Hopa,0.0026690820875592235,2.6687259192881285e-4,30,Artvin,Hopa,aegypti,0,0,1,0.019033656755685906,0
TUR.10.4_1,2058,10,16.846548136542822,82.1627783660115,Artvin,Hopa,0.002630269004883709,2.5450976865537545e-4,31,Artvin,Hopa,aegypti,0,0,1,0.0040335019200262575,0
TUR.10.4_1,2058,11,10.205418874235715,77.007213245563,Artvin,Hopa,0.0015256864847589505,1.5255701047156567e-4,30,Artvin,Hopa,aegypti,0,0,1,0,0
TUR.10.4_1,2058,12,5.722886241972446,79.75628657961029,Artvin,Hopa,0.0012549010886754182,1.2143466705338835e-4,31,Artvin,Hopa,aegypti,0,0,1,0,0
TUR.10.4_1,2059,1,2.6512457603205215,80.5398779761615,Artvin,Hopa,0.0011896378729646425,1.1511961899879353e-4,31,Artvin,Hopa,aegypti,0,0,1,0,0
TUR.10.4_1,2059,2,3.489846478038303,79.74697832548253,Artvin,Hopa,8.898851305061449e-4,9.534029023705592e-5,28,Artvin,Hopa,aegypti,0,0,1,0,0
TUR.10.4_1,2059,3,5.697213191648617,77.3608471504325,Artvin,Hopa,0.0010924082001760767,1.0571133476078298e-4,31,Artvin,Hopa,aegypti,0,0,1,0,0
TUR.10.4_1,2059,4,8.397237931980806,81.40137729362986,Artvin,Hopa,0.0014445089222996355,1.4444045970218866e-4,30,Artvin,Hopa,aegypti,0,0,1,0,0
TUR.10.4_1,2059,5,15.944475061753216,81.26691303974857,Artvin,Hopa,0.0020190415210624003,1.9537202734087877e-4,31,Artvin,Hopa,aegypti,0,0,1,9.473723120722121e-4,0
TUR.10.4_1,2059,6,17.74517878364114,88.48945222693166,Artvin,Hopa,0.002270959027995158,2.2707011847689085e-4,30,Artvin,Hopa,aegypti,0,0,1,0.011465333619717204,0
TUR.10.4_1,2059,7,22.376821574042825,85.89742596261712,Artvin,Hopa,0.0026668650011808714,2.580504090559099e-4,31,Artvin,Hopa,aegypti,7.944056523643327e-6,7.944056523643327e-6,0.9999920559434764,0.13035623612778818,2.1185726062356025e-8
TUR.10.4_1,2059,8,23.826655387878418,94.39268745594103,Artvin,Hopa,0.0031667340834776857,3.064111836124095e-4,31,Artvin,Hopa,aegypti,0.12557664525057954,0.12557664525057954,0.8744233547494205,0.22723897959958986,3.975887832273761e-4
TUR.10.4_1,2059,9,19.73980670816758,83.45541794954144,Artvin,Hopa,0.0025240399852232785,2.523721473128848e-4,30,Artvin,Hopa,aegypti,0,0,1,0.04227301573409234,0
TUR.10.4_1,2059,10,15.300396975348976,84.50442265312087,Artvin,Hopa,0.002487336066269492,2.406809735833182e-4,31,Artvin,Hopa,aegypti,0,0,1,1.7150596866678675e-4,0
TUR.10.4_1,2059,11,9.638372708769406,79.99331248872706,Artvin,Hopa,0.0014427782908572274,1.4426742154027838e-4,30,Artvin,Hopa,aegypti,0,0,1,0,0
TUR.10.4_1,2059,12,6.412493385374546,78.7756499829306,Artvin,Hopa,0.0011867077974411296,1.1483609590567934e-4,31,Artvin,Hopa,aegypti,0,0,1,0,0
TUR.10.4_1,2060,1,4.425381290315486,81.22955998299744,Artvin,Hopa,0.0013661135202573773,1.3219579558410022e-4,31,Artvin,Hopa,aegypti,0,0,1,0,0
TUR.10.4_1,2060,2,2.8148437839083593,73.77699236356847,Artvin,Hopa,0.001058390478695358,1.0948267654420363e-4,29,Artvin,Hopa,aegypti,0,0,1,0,0
TUR.10.4_1,2060,3,8.690500278135433,77.36730161820594,Artvin,Hopa,0.0012544604083438765,1.2139202574756869e-4,31,Artvin,Hopa,aegypti,0,0,1,0,0
TUR.10.4_1,2060,4,13.986234819187837,70.21684512810252,Artvin,Hopa,0.0016587931619629903,1.6586555898323585e-4,30,Artvin,Hopa,aegypti,0,0,1,0,0
TUR.10.4_1,2060,5,16.304330713608685,79.51515827900639,Artvin,Hopa,0.0023185542277757857,2.24351045130744e-4,31,Artvin,Hopa,aegypti,0,0,1,0.0017695680859211639,0
TUR.10.4_1,2060,6,20.00433977912454,78.37330232458791,Artvin,Hopa,0.0026078421867684978,2.6075021742821836e-4,30,Artvin,Hopa,aegypti,3.885780586188048e-19,3.885780586188048e-19,1,0.04472084366436256,0
TUR.10.4_1,2060,7,22.45623212702134,89.13789684884759,Artvin,Hopa,0.003062478437858776,2.96324968164563e-4,31,Artvin,Hopa,aegypti,5.7735394075944635e-5,5.7735394075944635e-5,0.9999422646059241,0.14170691787502718,1.7681338382313783e-7
TUR.10.4_1,2060,8,27.48542881011963,74.70736946277697,Artvin,Hopa,0.0036365001021006482,3.518574483631909e-4,31,Artvin,Hopa,aegypti,0.2793867681257416,0.2793867681257416,0.7206132318742584,0.2805232559043292,0.0010154740677096319
TUR.10.4_1,2060,9,21.7242351139293,80.50271256624066,Artvin,Hopa,0.002898466186933706,2.898046172202795e-4,30,Artvin,Hopa,aegypti,2.8983581877306543e-9,2.8983581877306543e-9,0.9999999971016418,0.09625183275360338,8.400835582733635e-12
TUR.10.4_1,2060,10,16.38126188166001,83.2088980559529,Artvin,Hopa,0.0028563174616209833,2.763796189810819e-4,31,Artvin,Hopa,aegypti,0,0,1,0.002122118763988813,0
TUR.10.4_1,2060,11,11.79614763400134,78.03609050386378,Artvin,Hopa,0.0016568058017201927,1.656668559026908e-4,30,Artvin,Hopa,aegypti,0,0,1,0,0
TUR.10.4_1,2060,12,4.544873155653477,77.46240230226654,Artvin,Hopa,0.001362748785593987,1.3187021909311092e-4,31,Artvin,Hopa,aegypti,0,0,1,0,0
TUR.10.4_1,2061,1,4.037307369111873,80.38541325448182,Artvin,Hopa,0.001235250648250718,1.195332406473959e-4,31,Artvin,Hopa,aegypti,0,0,1,0,0
TUR.10.4_1,2061,2,3.807047853999607,79.930808586713,Artvin,Hopa,9.240048667810536e-4,9.899562105086801e-5,28,Artvin,Hopa,aegypti,0,0,1,0,0
TUR.10.4_1,2061,3,8.741119403501644,69.47714964066688,Artvin,Hopa,0.001134293021505045,1.0976426786557525e-4,31,Artvin,Hopa,aegypti,0,0,1,0,0
TUR.10.4_1,2061,4,10.769379770054536,82.9077096910908,Artvin,Hopa,0.0014998938947933136,1.4997814163320022e-4,30,Artvin,Hopa,aegypti,0,0,1,0,0
TUR.10.4_1,2061,5,17.86111057505888,77.90899525410404,Artvin,Hopa,0.0020964550678957503,2.028621691929633e-4,31,Artvin,Hopa,aegypti,0,0,1,0.010813728536325156,0
TUR.10.4_1,2061,6,18.912487591014187,85.22396455603322,Artvin,Hopa,0.0023580315281078934,2.357753534324436e-4,30,Artvin,Hopa,aegypti,0,0,1,0.026712054327226,0
TUR.10.4_1,2061,7,22.19265371210435,91.62061627023431,Artvin,Hopa,0.002769117221609952,2.679431827741219e-4,31,Artvin,Hopa,aegypti,1.596358466372183e-5,1.596358466372183e-5,0.9999840364153363,0.13431513840756576,4.420503618707272e-8
TUR.10.4_1,2061,8,24.017888069152832,87.1983438890465,Artvin,Hopa,0.003288152149784252,3.18157649677131e-4,31,Artvin,Hopa,aegypti,0.07354038549121492,0.07354038549121492,0.9264596145087851,0.21040460055789997,2.4178274248931597e-4
TUR.10.4_1,2061,9,19.65015178568223,88.51762803254925,Artvin,Hopa,0.0026208160473136293,2.6204726434764236e-4,30,Artvin,Hopa,aegypti,0,0,1,0.04334008299981325,0
TUR.10.4_1,2061,10,15.30434709436753,83.87360142509353,Artvin,Hopa,0.00258270483657349,2.4990794553869655e-4,31,Artvin,Hopa,aegypti,0,0,1,1.700526996853993e-4,0
TUR.10.4_1,2061,11,8.34864311358508,79.51378978364893,Artvin,Hopa,0.0014980969079457192,1.497984698831667e-4,30,Artvin,Hopa,aegypti,0,0,1,0,0
TUR.10.4_1,2061,12,8.289159931242466,74.61637874269623,Artvin,Hopa,0.0012322082285597385,1.192388480859563e-4,31,Artvin,Hopa,aegypti,0,0,1,0,0
TUR.10.4_1,2062,1,4.531334268449641,75.28645237801697,Artvin,Hopa,0.0012899579326139828,1.2482684712078473e-4,31,Artvin,Hopa,aegypti,0,0,1,0,0
TUR.10.4_1,2062,2,2.4900316100649755,79.11463884794347,Artvin,Hopa,9.649275710691404e-4,1.0337975284535617e-4,28,Artvin,Hopa,aegypti,0,0,1,0,0
TUR.10.4_1,2062,3,7.33822729076971,77.0021053901786,Artvin,Hopa,0.0011845290533311526,1.1462527389194399e-4,31,Artvin,Hopa,aegypti,0,0,1,0,0
TUR.10.4_1,2062,4,13.399171983494478,75.26892337517283,Artvin,Hopa,0.001566321807163474,1.5661991453674862e-4,30,Artvin,Hopa,aegypti,0,0,1,0,0
TUR.10.4_1,2062,5,15.63983429179472,80.0857912135767,Artvin,Hopa,0.0021893037247384716,2.1184565993259685e-4,31,Artvin,Hopa,aegypti,0,0,1,4.58238855869434e-4,0
TUR.10.4_1,2062,6,20.213875377879422,79.37025056677541,Artvin,Hopa,0.0024624649898740748,2.462161828067355e-4,30,Artvin,Hopa,aegypti,5.168088179630104e-17,5.168088179630104e-17,1,0.04993209335864689,0
TUR.10.4_1,2062,7,25.10447126276353,82.77269299142571,Artvin,Hopa,0.0028917570141835163,2.7980829933949014e-4,31,Artvin,Hopa,aegypti,0.1781259096300654,0.1781259096300654,0.8218740903699346,0.24359996252715796,5.149642089739004e-4
TUR.10.4_1,2062,8,23.33467197418213,71.17430366687853,Artvin,Hopa,0.0034337791728849243,3.322460043472253e-4,31,Artvin,Hopa,aegypti,2.0424624345168176e-5,2.0424624345168176e-5,0.99997957537565485,0.13309078337449734,7.013364722308069e-8
TUR.10.4_1,2062,9,19.687385138343362,83.82638962922894,Artvin,Hopa,0.002736887817012545,2.736513323432499e-4,30,Artvin,Hopa,aegypti,0,0,1,0.041255059463814525,0
TUR.10.4_1,2062,10,14.767265375922706,87.15669010917556,Artvin,Hopa,0.0026970887214319158,2.6097452616746786e-4,31,Artvin,Hopa,aegypti,0,0,1,2.8890735541381096e-6,0
TUR.10.4_1,2062,11,10.10659628054675,82.02152598970362,Artvin,Hopa,0.0015644452346296812,1.56432286656627e-4,30,Artvin,Hopa,aegypti,0,0,1,0,0
TUR.10.4_1,2062,12,5.399812377989292,75.96110530519623,Artvin,Hopa,0.0012867807689992317,1.2451941800717403e-4,31,Artvin,Hopa,aegypti,0,0,1,0,0
TUR.10.4_1,2063,1,-1.2223900681745041,83.7628012549701,Artvin,Hopa,0.0011807221934983867,1.1425691026245577e-4,31,Artvin,Hopa,aegypti,0,0,1,0,0
TUR.10.4_1,2063,2,3.384942780070774,74.56768755399816,Artvin,Hopa,8.832159324537929e-4,9.462580117358677e-5,28,Artvin,Hopa,aegypti,0,0,1,0,0
TUR.10.4_1,2063,3,6.295777816434994,79.39169279252235,Artvin,Hopa,0.0010842212034601704,1.0491912819621252e-4,31,Artvin,Hopa,aegypti,0,0,1,0,0
TUR.10.4_1,2063,4,11.552198564305025,73.6732355089619,Artvin,Hopa,0.001433683124945626,1.4335803574916373e-4,30,Artvin,Hopa,aegypti,0,0,1,0,0
TUR.10.4_1,2063,5,15.251839525559369,80.46953449970951,Artvin,Hopa,0.0020039099188833317,1.9390796376361763e-4,31,Artvin,Hopa,aegypti,0,0,1,1.271884257137932e-4,0
TUR.10.4_1,2063,6,19.723732555613797,84.67427430945119,Artvin,Hopa,0.002253939443099002,2.2536854500310177e-4,30,Artvin,Hopa,aegypti,0,0,1,0.04278420452203373,0
TUR.10.4_1,2063,7,21.984638270209818,90.21129925363275,Artvin,Hopa,0.002646878319459777,2.561167113004359e-4,31,Artvin,Hopa,aegypti,1.5221863766528565e-6,1.5221863766528565e-6,0.9999984778136234,0.12294839054903137,4.029042099951141e-9
TUR.10.4_1,2063,8,23.301156044006348,92.53814186267931,Artvin,Hopa,0.003143001158791289,3.041151500737804e-4,31,Artvin,Hopa,aegypti,0.027436936533679956,0.027436936533679956,0.97256306346632,0.19189350597263466,8.623060524670656e-5
TUR.10.4_1,2063,9,20.47513728983262,83.72162278352582,Artvin,Hopa,0.0025051236981920126,2.504809942155406e-4,30,Artvin,Hopa,aegypti,1.0369316516545268e-14,1.0369316516545268e-14,0.9999999999999897,0.06092992458143157,0
TUR.10.4_1,2063,10,15.680894907783058,84.33984898368728,Artvin,Hopa,0.0024686948548591227,2.3887741794115236e-4,31,Artvin,Hopa,aegypti,0,0,1,5.421441716666995e-4,0
TUR.10.4_1,2063,11,12.545798589201535,76.11298717134424,Artvin,Hopa,0.00143196546363099,1.4318629422704898e-4,30,Artvin,Hopa,aegypti,0,0,1,0,0
TUR.10.4_1,2063,12,7.926311172544956,68.34907527589935,Artvin,Hopa,0.0011778140772742314,1.1397551177594334e-4,31,Artvin,Hopa,aegypti,0,0,1,0,0
TUR.10.4_1,2064,1,7.429861413835384,72.63343724129822,Artvin,Hopa,0.0013283416004796296,1.2854092505043546e-4,31,Artvin,Hopa,aegypti,0,0,1,0,0
TUR.10.4_1,2064,2,6.0523355107836645,75.81497911893956,Artvin,Hopa,0.0010291268489442365,1.0645573135315001e-4,29,Artvin,Hopa,aegypti,0,0,1,0,0
TUR.10.4_1,2064,3,8.976663608213558,69.34030882035438,Artvin,Hopa,0.0012197756056494425,1.180358337694587e-4,31,Artvin,Hopa,aegypti,0,0,1,0,0
TUR.10.4_1,2064,4,14.99203220535727,72.66849002556346,Artvin,Hopa,0.0016129288898417843,1.612798819854433e-4,30,Artvin,Hopa,aegypti,0,0,1,2.770287373631407e-5,0
TUR.10.4_1,2064,5,17.575277216294232,78.65813313252201,Artvin,Hopa,0.002254448102630779,2.181485991621379e-4,31,Artvin,Hopa,aegypti,0,0,1,0.00848231499314023,0
TUR.10.4_1,2064,6,19.995800579295437,89.41242585974416,Artvin,Hopa,0.0025357374865287345,2.535416015471137e-4,30,Artvin,Hopa,aegypti,1.5082379789532752e-16,1.5082379789532752e-16,0.9999999999999999,0.052714307217904696,0
TUR.10.4_1,2064,7,20.744640406440286,88.5404389631054,Artvin,Hopa,0.002977803417693475,2.881330060029441e-4,31,Artvin,Hopa,aegypti,1.9448540000688297e-12,1.9448540000688297e-12,0.9999999999980551,0.07409294793011278,5.773159728050814e-15
TUR.10.4_1,2064,8,22.259325981140137,84.5380426805504,Artvin,Hopa,0.0035359538531312073,3.4213054255438635e-4,31,Artvin,Hopa,aegypti,1.8370784503377592e-6,1.8370784503377592e-6,0.9999981629215496,0.12296346262499297,6.495824655949889e-9
TUR.10.4_1,2064,9,19.747581061194925,85.10839493928754,Artvin,Hopa,0.0028183259711551897,2.817928860398e-4,30,Artvin,Hopa,aegypti,0,0,1,0.0436024286264406,0
TUR.10.4_1,2064,10,16.651953753303076,77.88116978446853,Artvin,Hopa,0.0027773426235710667,2.687389758142533e-4,31,Artvin,Hopa,aegypti,0,0,1,0.0028979152025756737,0
TUR.10.4_1,2064,11,7.332063008757199,79.62038005464503,Artvin,Hopa,0.0016109964784817464,1.6108667199676852e-4,30,Artvin,Hopa,aegypti,0,0,1,0,0
TUR.10.4_1,2064,12,6.2425538673996925,76.24350734377045,Artvin,Hopa,0.0013250698979734462,1.2822434932691085e-4,31,Artvin,Hopa,aegypti,0,0,1,0,0
TUR.10.4_1,2065,1,5.221776353715755,77.58273991463807,Artvin,Hopa,0.001269142422610931,1.2281269235003833e-4,31,Artvin,Hopa,aegypti,0,0,1,0,0
TUR.10.4_1,2065,2,5.78540350013303,66.49661211454503,Artvin,Hopa,9.493569396555185e-4,1.0171164198324867e-4,28,Artvin,Hopa,aegypti,0,0,1,0,0
TUR.10.4_1,2065,3,6.827274341245785,73.79786649857704,Artvin,Hopa,0.0011654148049241866,1.1277571823642418e-4,31,Artvin,Hopa,aegypti,0,0,1,0,0
TUR.10.4_1,2065,4,10.392036592259126,71.72552737907908,Artvin,Hopa,0.0015410467292553591,1.540927994103658e-4,30,Artvin,Hopa,aegypti,0,0,1,0,0
TUR.10.4_1,2065,5,13.189365274765912,83.50952778584232,Artvin,Hopa,0.002153975848976147,2.084275516666123e-4,31,Artvin,Hopa,aegypti,0,0,1,0,0
TUR.10.4_1,2065,6,20.785505855784695,87.11855684118947,Artvin,Hopa,0.002422729225371259,2.4224357682256503e-4,30,Artvin,Hopa,aegypti,1.7932292317723864e-12,1.7932292317723864e-12,0.9999999999982068,0.07376465754358673,4.3298697960381105e-15
TUR.10.4_1,2065,7,21.207817133735208,89.68664867990228,Artvin,Hopa,0.002845093944378476,2.752937717502846e-4,31,Artvin,Hopa,aegypti,5.824603946380513e-10,5.824603946380513e-10,0.9999999994175396,0.09147123921705236,1.6571188865555087e-12
TUR.10.4_1,2065,8,25.05185031890869,92.31794227771837,Artvin,Hopa,0.003378369718890857,3.2688556632132215e-4,31,Artvin,Hopa,aegypti,0.3018782576286053,0.3018782576286053,0.6981217423713947,0.2883105486640638,0.0010193364876103228
TUR.10.4_1,2065,9,21.22830348856309,88.82474168001019,Artvin,Hopa,0.002692723806472441,2.6923613009355307e-4,30,Artvin,Hopa,aegypti,5.086382380281584e-10,5.086382380281584e-10,0.9999999994913618,0.0909518636198037,1.3695711231775931e-12
TUR.10.4_1,2065,10,16.809266146491552,81.4587759856404,Artvin,Hopa,0.002653566932200914,2.567638304143971e-4,31,Artvin,Hopa,aegypti,0,0,1,0.0037948296616326857,0
TUR.10.4_1,2065,11,11.182908345671262,77.27470744722315,Artvin,Hopa,0.0015392004381852955,1.5390819873628558e-4,30,Artvin,Hopa,aegypti,0,0,1,0,0
TUR.10.4_1,2065,12,7.30030170828104,72.99384303712982,Artvin,Hopa,0.0012660165275525663,1.2251022348241936e-4,31,Artvin,Hopa,aegypti,0,0,1,0,0
TUR.10.4_1,2066,1,2.6950239413965713,82.91621312020447,Artvin,Hopa,0.0011746709906438678,1.1367137672368965e-4,31,Artvin,Hopa,aegypti,0,0,1,0,0
TUR.10.4_1,2066,2,3.565344105296604,72.82025865995519,Artvin,Hopa,8.786894495935143e-4,9.414086664116805e-5,28,Artvin,Hopa,aegypti,0,0,1,0,0
TUR.10.4_1,2066,3,3.39948536839117,85.92367521439735,Artvin,Hopa,0.0010786645683114155,1.0438144558533313e-4,31,Artvin,Hopa,aegypti,0,0,1,0,0
TUR.10.4_1,2066,4,9.82800689865561,75.42737064079783,Artvin,Hopa,0.0014263354969719008,1.4262337801607128e-4,30,Artvin,Hopa,aegypti,0,0,1,0,0
TUR.10.4_1,2066,5,15.073506243088666,80.98338185078373,Artvin,Hopa,0.001993639877811759,1.9291428104772912e-4,31,Artvin,Hopa,aegypti,0,0,1,5.589032336193009e-5,0
TUR.10.4_1,2066,6,18.973705852732937,87.55269227820119,Artvin,Hopa,0.0022423880003742892,2.2421366039682145e-4,30,Artvin,Hopa,aegypti,0,0,1,0.028675376143680986,0
TUR.10.4_1,2066,7,22.246587809394388,91.92692883126946,Artvin,Hopa,0.0026333130644569692,2.54804280047205e-4,31,Artvin,Hopa,aegypti,3.261333125789234e-5,3.261333125789234e-5,0.9999673866687421,0.1386282691413927,8.588110755880507e-8
TUR.10.4_1,2066,8,26.531535148620605,84.7305704515465,Artvin,Hopa,0.003126893273559215,3.0255679531920876e-4,31,Artvin,Hopa,aegypti,0.3608880155931772,0.3608880155931772,0.6391119844068228,0.31586032865834707,0.0011278218388217631
TUR.10.4_1,2066,9,21.80246883280137,85.68813737092816,Artvin,Hopa,0.0024922849358168363,2.491974387406337e-4,30,Artvin,Hopa,aegypti,4.496639612255881e-8,4.496639612255881e-8,0.9999999550336038,0.10709267048889388,1.1206902073013225e-10
TUR.10.4_1,2066,10,14.986157473395851,87.02106999198806,Artvin,Hopa,0.0024560427903557885,2.376533163326311e-4,31,Artvin,Hopa,aegypti,0,0,1,3.5793322071630414e-5,0
TUR.10.4_1,2066,11,10.376411725493039,79.1153446542544,Artvin,Hopa,0.0014246266386738489,1.4245251654398938e-4,30,Artvin,Hopa,aegypti,0,0,1,0,0
TUR.10.4_1,2066,12,4.485990442335606,73.77979274416107,Artvin,Hopa,0.0011717777785193336,1.1339142024102689e-4,31,Artvin,Hopa,aegypti,0,0,1,0,0
TUR.10.4_1,2067,1,4.756329881547786,82.2051840674701,Artvin,Hopa,0.0012308495568609246,1.1910737939735405e-4,31,Artvin,Hopa,aegypti,0,0,1,0,0
TUR.10.4_1,2067,2,1.8328304391436498,80.27728990995519,Artvin,Hopa,9.20712717233044e-4,9.864292559880194e-5,28,Artvin,Hopa,aegypti,0,0,1,0,0
TUR.10.4_1,2067,3,6.553166408201351,77.23752561722938,Artvin,Hopa,0.0011302516334211622,1.0937320864556899e-4,31,Artvin,Hopa,aegypti,0,0,1,0,0
TUR.10.4_1,2067,4,11.977418100132661,76.67183932976268,Artvin,Hopa,0.0014945499023693253,1.4944382239623355e-4,30,Artvin,Hopa,aegypti,0,0,1,0,0
TUR.10.4_1,2067,5,13.227750666001263,82.72565327412357,Artvin,Hopa,0.0020889855795279675,2.0213946185843046e-4,31,Artvin,Hopa,aegypti,0,0,1,0,0
TUR.10.4_1,2067,6,17.98417910407571,88.122226579959,Artvin,Hopa,0.002349630065400779,2.3493540489472053e-4,30,Artvin,Hopa,aegypti,0,0,1,0.014101287939466075,0
TUR.10.4_1,2067,7,21.777824457953958,90.48248608224603,Artvin,Hopa,0.0027592510960761465,2.669886518049669e-4,31,Artvin,Hopa,aegypti,2.636647840855155e-7,2.636647840855155e-7,0.9999997363352159,0.1149019505080402,7.275173796728041e-10
TUR.10.4_1,2067,8,21.227160453796387,90.45950569324572,Artvin,Hopa,0.0032764367476225617,3.1702426114910143e-4,31,Artvin,Hopa,aegypti,9.121330289407759e-10,9.121330289407759e-10,0.999999999087867,0.09311389115892739,2.9884983376859964e-12
TUR.10.4_1,2067,9,20.221444662879495,84.23528702913129,Artvin,Hopa,0.0026114783060573114,2.6111373447912367e-4,30,Artvin,Hopa,aegypti,5.00377517198558e-16,5.00377517198558e-16,0.9999999999999994,0.05451274430144039,0
TUR.10.4_1,2067,10,17.137910898993994,81.29108189384353,Artvin,Hopa,0.0025735028822699503,2.490176559815094e-4,31,Artvin,Hopa,aegypti,0,0,1,0.0056196566665004674,0
TUR.10.4_1,2067,11,10.455588628264035,83.51818431489893,Artvin,Hopa,0.0014927593180306903,1.4926479070553889e-4,30,Artvin,Hopa,aegypti,0,0,1,0,0
TUR.10.4_1,2067,12,6.12858072668314,81.31067653322357,Artvin,Hopa,0.0012278179770485761,1.1881403560642934e-4,31,Artvin,Hopa,aegypti,0,0,1,0,0
TUR.10.4_1,2068,1,4.3751877421129715,80.51862248299744,Artvin,Hopa,0.0012791279140551245,1.237789110862808e-4,31,Artvin,Hopa,aegypti,0,0,1,0,0
TUR.10.4_1,2068,2,5.25361467414426,75.97239641630284,Artvin,Hopa,9.909987604941773e-4,1.0251185845489008e-4,29,Artvin,Hopa,aegypti,0,0,1,0,0
TUR.10.4_1,2068,3,10.704208392759456,64.2944523445243,Artvin,Hopa,0.0011745841773729982,1.1366297639436862e-4,31,Artvin,Hopa,aegypti,0,0,1,0,0
TUR.10.4_1,2068,4,12.409007226719575,76.6533380480244,Artvin,Hopa,0.0015531715378315505,1.553050926984545e-4,30,Artvin,Hopa,aegypti,0,0,1,0,0
TUR.10.4_1,2068,5,15.77947223887724,85.12945423847904,Artvin,Hopa,0.0021709231253635376,2.1006726749372984e-4,31,Artvin,Hopa,aegypti,0,0,1,7.056521648920452e-4,0
TUR.10.4_1,2068,6,18.708147609935086,84.62885652380666,Artvin,Hopa,0.0024417910276721957,2.4414929347638115e-4,30,Artvin,Hopa,aegypti,0,0,1,0.023012280038362184,0
TUR.10.4_1,2068,7,19.924003657172708,89.69192059152337,Artvin,Hopa,0.0028674788719747595,2.7745945635604397e-4,31,Artvin,Hopa,aegypti,5.88418203051333e-17,5.88418203051333e-17,0.9999999999999999,0.05097415292860846,0
TUR.10.4_1,2068,8,24.08541202545166,92.32939399890978,Artvin,Hopa,0.00340495040938098,3.2945704704423484e-4,31,Artvin,Hopa,aegypti,0.14568788972590055,0.14568788972590055,0.8543121102740995,0.2334145733833214,4.95937022324755e-4
TUR.10.4_1,2068,9,19.708573874305277,81.53103287874066,Artvin,Hopa,0.0027139099003670813,2.7135416683321534e-4,30,Artvin,Hopa,aegypti,0,0,1,0.04035933143404601,0
TUR.10.4_1,2068,10,14.58569818384507,87.32712315360915,Artvin,Hopa,0.0026744449435462253,2.5878376230548117e-4,31,Artvin,Hopa,aegypti,0,0,1,0,0
TUR.10.4_1,2068,11,8.614094068022336,83.15751994722315,Artvin,Hopa,0.001551310720319572,1.551190398294544e-4,30,Artvin,Hopa,aegypti,0,0,1,0,0
TUR.10.4_1,2068,12,6.768782295286655,76.79009242677826,Artvin,Hopa,0.0012759774247528002,1.23474062716733e-4,31,Artvin,Hopa,aegypti,0,0,1,0,0
TUR.10.4_1,2069,1,5.220218765138484,75.63803013680604,Artvin,Hopa,0.0011949098381212073,1.1562975031220724e-4,31,Artvin,Hopa,aegypti,0,0,1,0,0
TUR.10.4_1,2069,2,4.937222490840427,75.933982414838,Artvin,Hopa,8.938287199865995e-4,9.576277730816152e-5,28,Artvin,Hopa,aegypti,0,0,1,0,0
TUR.10.4_1,2069,3,2.352336187025203,80.70018736039344,Artvin,Hopa,0.0010972492850969207,1.0617977721516514e-4,31,Artvin,Hopa,aegypti,0,0,1,0,0
TUR.10.4_1,2069,4,12.016885911717134,76.44797000603221,Artvin,Hopa,0.001450910366705346,1.4508051147510415e-4,30,Artvin,Hopa,aegypti,0,0,1,0,0
TUR.10.4_1,2069,5,16.145955927231732,80.9754396510767,Artvin,Hopa,0.002027989047692645,1.9623774746924116e-4,31,Artvin,Hopa,aegypti,0,0,1,0.0013770542888898501,0
TUR.10.4_1,2069,6,17.81892260383157,83.52838502722463,Artvin,Hopa,0.0022810229450405542,2.2807628115362188e-4,30,Artvin,Hopa,aegypti,0,0,1,0.011317098954303462,0
TUR.10.4_1,2069,7,21.538442667792825,90.16017468087884,Artvin,Hopa,0.0026786834038082614,2.5919382964889603e-4,31,Artvin,Hopa,aegypti,2.3062077128765955e-8,2.3062077128765955e-8,0.9999999769379229,0.10471164537661845,6.177602873691512e-11
TUR.10.4_1,2069,8,22.0850191116333,76.33673347644884,Artvin,Hopa,0.003180767691626522,3.077688576673676e-4,31,Artvin,Hopa,aegypti,1.2104742397434088e-8,1.2104742397434088e-8,0.9999999878952576,0.10150125819164631,3.8502423471697966e-11
TUR.10.4_1,2069,9,20.173068579505472,88.16225846467816,Artvin,Hopa,0.0025352254485968622,2.534904107349689e-4,30,Artvin,Hopa,aegypti,1.119326853427083e-15,1.119326853427083e-15,0.9999999999999989,0.056270388447481855,0
TUR.10.4_1,2069,10,13.143202837775734,88.47690342704665,Artvin,Hopa,0.0024983588736061163,2.4174743956517641e-4,31,Artvin,Hopa,aegypti,0,0,1,0,0
TUR.10.4_1,2069,11,10.991135884733762,70.49665416353174,Artvin,Hopa,0.0014491720658461596,1.449067065933951e-4,30,Artvin,Hopa,aegypti,0,0,1,0,0
TUR.10.4_1,2069,12,3.962373413145542,76.43685908937591,Artvin,Hopa,0.0011919667777588482,1.1534497091136853e-4,31,Artvin,Hopa,aegypti,0,0,1,0,0
TUR.10.4_1,2070,1,4.430336582063533,81.54077061532166,Artvin,Hopa,0.0012458390300155017,1.205577997451801e-4,31,Artvin,Hopa,aegypti,0,0,1,0,0
TUR.10.4_1,2070,2,7.879558334880344,69.31867174589269,Artvin,Hopa,9.31925296773016e-4,9.984415418062831e-5,28,Artvin,Hopa,aegypti,0,0,1,0,0
TUR.10.4_1,2070,3,4.71979000057806,87.53794828568641,Artvin,Hopa,0.001144016009759966,1.1070509848920551e-4,31,Artvin,Hopa,aegypti,0,0,1,0,0
TUR.10.4_1,2070,4,10.459746515049654,81.14681491570018,Artvin,Hopa,0.0015127507584486617,1.5126363434747603e-4,30,Artvin,Hopa,aegypti,0,0,1,0,0
TUR.10.4_1,2070,5,15.753965265610638,81.11936817890873,Artvin,Hopa,0.0021144255637161984,2.0460089512819302e-4,31,Artvin,Hopa,aegypti,0,0,1,6.153866366159383e-4,0
TUR.10.4_1,2070,6,19.48695811103372,87.48234163122854,Artvin,Hopa,0.002378244217790235,2.3779614379304537e-4,30,Artvin,Hopa,aegypti,0,0,1,0.03915025541018068,0
TUR.10.4_1,2070,7,21.11359411127427,88.60453350656243,Artvin,Hopa,0.0027928536756934735,2.702396408523766e-4,31,Artvin,Hopa,aegypti,1.198685055658899e-10,1.198685055658899e-10,0.9999999998801314,0.0859936153577899,3.347322419244847e-13
TUR.10.4_1,2070,8,22.755610466003418,96.55475868396837,Artvin,Hopa,0.0033163376927847067,3.2088441133448775e-4,31,Artvin,Hopa,aegypti,0.00652716228718838,0.00652716228718838,0.9934728377128116,0.17576676172837907,2.164604004106785e-5
TUR.10.4_1,2070,9,18.729209479163675,87.28481705842816,Artvin,Hopa,0.0026432812861568763,2.642931970138207e-4,30,Artvin,Hopa,aegypti,0,0,1,0.024258834575424694,0
TUR.10.4_1,2070,10,18.125422533820654,82.07681034843337,Artvin,Hopa,0.0026048433918813706,2.520498486675571e-4,31,Artvin,Hopa,aegypti,0,0,1,0.014366242366657674,0
TUR.10.4_1,2070,11,8.392675687285031,88.05707133882471,Artvin,Hopa,0.0015109383681015467,1.5108242271122396e-4,30,Artvin,Hopa,aegypti,0,0,1,0,0
TUR.10.4_1,2070,12,4.222527898848057,78.72580714845795,Artvin,Hopa,0.0012427705311629995,1.202608839990793e-4,31,Artvin,Hopa,aegypti,0,0,1,0,0
TUR.10.4_1,2071,1,4.566818820833064,75.65843876717713,Artvin,Hopa,0.0012966186545578175,1.2547135244600494e-4,31,Artvin,Hopa,aegypti,0,0,1,0,0
TUR.10.4_1,2071,2,2.2713813882403295,77.04695848905675,Artvin,Hopa,9.699099926538563e-4,1.0391352839955736e-4,28,Artvin,Hopa,aegypti,0,0,1,0,0
TUR.10.4_1,2071,3,7.9236417004071615,72.4519344917411,Artvin,Hopa,0.0011906453912823014,1.1521710954243147e-4,31,Artvin,Hopa,aegypti,0,0,1,0,0
TUR.10.4_1,2071,4,12.476822053684907,81.34051761345408,Artvin,Hopa,0.0015744095391493841,1.5742856073841516e-4,30,Artvin,Hopa,aegypti,0,0,1,0,0
TUR.10.4_1,2071,5,16.53261173472685,79.91415272480717,Artvin,Hopa,0.002200608235523203,2.129394124930073e-4,31,Artvin,Hopa,aegypti,0,0,1,0.002543556224721863,0
TUR.10.4_1,2071,6,19.652700985179226,87.5691488822051,Artvin,Hopa,0.0024751799739671934,2.474873673443678e-4,30,Artvin,Hopa,aegypti,0,0,1,0.042498438393936765,0
TUR.10.4_1,2071,7,23.922691401313333,87.15773327462884,Artvin,Hopa,0.002906688655684088,2.812528915380197e-4,31,Artvin,Hopa,aegypti,0.05983679785938959,0.05983679785938959,0.9401632021406104,0.2055541817470739,1.739118171166787e-4
TUR.10.4_1,2071,8,25.12196445465088,85.98657478504259,Artvin,Hopa,0.0034515095559531305,3.339612763161304e-4,31,Artvin,Hopa,aegypti,0.223240550061558,0.223240550061558,0.776759449938442,0.25871629054785494,7.702201199009107e-4
TUR.10.4_1,2071,9,23.601117667029886,71.46901353059613,Artvin,Hopa,0.00275101978851308,2.75064141771697e-4,30,Artvin,Hopa,aegypti,1.3142854333005383e-4,1.3142854333005383e-4,0.99986857145667,0.14315554485109758,3.615624580843857e-7
TUR.10.4_1,2071,10,16.379610117743994,85.37904881278884,Artvin,Hopa,0.0027110151895570482,2.6232189625996494e-4,31,Artvin,Hopa,aegypti,0,0,1,0.0022046800540879243,0
TUR.10.4_1,2071,11,8.31095771929797,82.50012553804346,Artvin,Hopa,0.0015725232768981677,1.5723996419059194e-4,30,Artvin,Hopa,aegypti,0,0,1,0,0
TUR.10.4_1,2071,12,4.955126442015171,77.62696071291107,Artvin,Hopa,0.0012934250855992384,1.2516233611525873e-4,31,Artvin,Hopa,aegypti,0,0,1,0,0
TUR.10.4_1,2072,1,4.774532424806453,75.41497715829041,Artvin,Hopa,0.0013608069065166725,1.3168232007532144e-4,31,Artvin,Hopa,aegypti,0,0,1,0,0
TUR.10.4_1,2072,2,7.877246628337375,64.93565706693761,Artvin,Hopa,0.0010542792028943415,1.0905741862399232e-4,29,Artvin,Hopa,aegypti,0,0,1,0,0
TUR.10.4_1,2072,3,9.147630233427181,70.73154417191688,Artvin,Hopa,0.0012495875066842591,1.2092051175305318e-4,31,Artvin,Hopa,aegypti,0,0,1,0,0
TUR.10.4_1,2072,4,9.72886482407065,77.60297641472361,Artvin,Hopa,0.0016523496457721825,1.6522131403229334e-4,30,Artvin,Hopa,aegypti,0,0,1,0,0
TUR.10.4_1,2072,5,16.32784927592558,85.4624773097681,Artvin,Hopa,0.0023095478959144584,2.2347965978830597e-4,31,Artvin,Hopa,aegypti,0,0,1,0.0019885471865250227,0
TUR.10.4_1,2072,6,18.235470379100125,87.6493490775176,Artvin,Hopa,0.002597712127313931,2.597374751113213e-4,30,Artvin,Hopa,aegypti,0,0,1,0.017152639177775347,0
TUR.10.4_1,2072,7,23.304187830756693,86.64197094552728,Artvin,Hopa,0.003050582361933921,2.951740754871812e-4,31,Artvin,Hopa,aegypti,0.0057479543041459545,0.0057479543041459545,0.994252045695854,0.1734062121960658,1.753445428709366e-5
TUR.10.4_1,2072,8,22.246840476989746,93.96308387928087,Artvin,Hopa,0.0036223742618071955,3.5049091162164814e-4,31,Artvin,Hopa,aegypti,7.030012669767499e-5,7.030012669767499e-5,0.9999296998733024,0.1429413312066839,2.546533370839654e-7
TUR.10.4_1,2072,9,18.817498740027933,87.96764786897504,Artvin,Hopa,0.002887207210086999,2.8867904519236376e-4,30,Artvin,Hopa,aegypti,0,0,1,0.026058059763710974,0
TUR.10.4_1,2072,10,19.086747225593115,78.1172003630818,Artvin,Hopa,0.002845222209824634,2.753061811181512e-4,31,Artvin,Hopa,aegypti,0,0,1,0.026598058497095713,0
TUR.10.4_1,2072,11,12.515937139006223,77.28993571870753,Artvin,Hopa,0.0016503700053513586,1.6502338267854189e-4,30,Artvin,Hopa,aegypti,0,0,1,0,0
TUR.10.4_1,2072,12,4.990626730024815,81.23555751466888,Artvin,Hopa,0.001357455242031517,1.3135800810692988e-4,31,Artvin,Hopa,aegypti,0,0,1,0,0
TUR.10.4_1,2073,1,4.876278030275203,77.11574467538026,Artvin,Hopa,0.0013304134576416476,1.2874140156360347e-4,31,Artvin,Hopa,aegypti,0,0,1,0,0
TUR.10.4_1,2073,2,4.0052094560198706,83.56223253690831,Artvin,Hopa,9.951895280789842e-4,1.0662176493259068e-4,28,Artvin,Hopa,aegypti,0,0,1,0,0
TUR.10.4_1,2073,3,7.571302432676449,76.67048612748329,Artvin,Hopa,0.0012216781289338954,1.182199271768658e-4,31,Artvin,Hopa,aegypti,0,0,1,0,0
TUR.10.4_1,2073,4,11.228752290501314,73.21393832878611,Artvin,Hopa,0.0016154446269616926,1.6153141509200886e-4,30,Artvin,Hopa,aegypti,0,0,1,0,0
TUR.10.4_1,2073,5,17.796672708847943,74.87808857685795,Artvin,Hopa,0.0022579644379214507,2.184888153823339e-4,31,Artvin,Hopa,aegypti,0,0,1,0.009806925191990024,0
TUR.10.4_1,2073,6,18.615982616648953,84.52549348669729,Artvin,Hopa,0.002539692557927963,2.539370083313175e-4,30,Artvin,Hopa,aegypti,0,0,1,0.021518966921854607,0
TUR.10.4_1,2073,7,23.734882410834818,85.5506928693554,Artvin,Hopa,0.00298244799355845,2.8858235147710687e-4,31,Artvin,Hopa,aegypti,0.026010773461746,0.026010773461746,0.973989226538254,0.19032330285112936,7.757277019893039e-5
TUR.10.4_1,2073,8,25.469319343566895,76.26725258045275,Artvin,Hopa,0.003541468994200741,3.426640831383221e-4,31,Artvin,Hopa,aegypti,0.13074988153542774,0.13074988153542774,0.8692501184645722,0.22811659160544312,4.629394618976823e-4
TUR.10.4_1,2073,9,21.50652271158555,75.61318619905316,Artvin,Hopa,0.002822721804912208,2.822323454474418e-4,30,Artvin,Hopa,aegypti,4.399362008022934e-11,4.399362008022934e-11,0.9999999999560064,0.08206506646982618,1.2423395645555502e-13
TUR.10.4_1,2073,10,14.227706011603859,82.64136265556228,Artvin,Hopa,0.0027816745342813436,2.691580802319793e-4,31,Artvin,Hopa,aegypti,0,0,1,0,0
TUR.10.4_1,2073,11,11.06524877688464,84.48774303071924,Artvin,Hopa,0.0016135092015574395,1.6133790379613266e-4,30,Artvin,Hopa,aegypti,0,0,1,0,0
TUR.10.4_1,2073,12,5.783214725553989,74.87649531984466,Artvin,Hopa,0.0013271366521557283,1.2842433213022808e-4,31,Artvin,Hopa,aegypti,0,0,1,0,0
TUR.10.4_1,2074,1,5.754559862016536,72.3142920386615,Artvin,Hopa,0.0014043109591740344,1.3589182643436448e-4,31,Artvin,Hopa,aegypti,0,0,1,0,0
TUR.10.4_1,2074,2,8.457215557628146,76.49708513700597,Artvin,Hopa,0.0010504670955553356,1.1254371243352157e-4,28,Artvin,Hopa,aegypti,0,0,1,0,0
TUR.10.4_1,2074,3,9.110232371946468,79.01147428666297,Artvin,Hopa,0.001289535952294318,1.2478601541232592e-4,31,Artvin,Hopa,aegypti,0,0,1,0,0
TUR.10.4_1,2074,4,11.396217500462251,78.83703860954783,Artvin,Hopa,0.0017051741175277313,1.7050287448516777e-4,30,Artvin,Hopa,aegypti,0,0,1,0,0
TUR.10.4_1,2074,5,16.67099941478056,80.42448292500248,Artvin,Hopa,0.0023833825397551133,2.3062332555356946e-4,31,Artvin,Hopa,aegypti,0,0,1,0.0030886560646302408,0
TUR.10.4_1,2074,6,18.4729944116929,89.8462484915801,Artvin,Hopa,0.002680759181700664,2.680399890317986e-4,30,Artvin,Hopa,aegypti,0,0,1,0.02109470246069791,0
TUR.10.4_1,2074,7,22.03385549433091,89.17118389718743,Artvin,Hopa,0.0031481073635147134,3.046091485178204e-4,31,Artvin,Hopa,aegypti,1.672516594106388e-6,1.672516594106388e-6,0.9999983274834059,0.12307815014752779,5.26526178212805e-9
TUR.10.4_1,2074,8,27.180211067199707,85.11102546863634,Artvin,Hopa,0.0037381790537109336,3.6169383626993845e-4,31,Artvin,Hopa,aegypti,0.4145178348526192,0.4145178348526192,0.5854821651473807,0.3449903385555821,0.0015483419674604537
TUR.10.4_1,2074,9,23.831409033607034,82.08587296663129,Artvin,Hopa,0.0029795092214148647,2.979065391736091e-4,30,Artvin,Hopa,aegypti,0.015706318847117956,0.015706318847117956,0.9842936811528821,0.18313530082852797,4.679602687129858e-5
TUR.10.4_1,2074,10,14.212996538947609,88.90674351493728,Artvin,Hopa,0.002936181989823803,2.841062783421888e-4,31,Artvin,Hopa,aegypti,0,0,1,0,0
TUR.10.4_1,2074,11,10.824670125456418,70.97534526460596,Artvin,Hopa,0.001703131189376152,1.7029861648165667e-4,30,Artvin,Hopa,aegypti,0,0,1,0,0
TUR.10.4_1,2074,12,9.358746208250523,72.2221831860556,Artvin,Hopa,0.001400852144300713,1.355571478446338e-4,31,Artvin,Hopa,aegypti,0,0,1,0,0
TUR.10.4_1,2075,1,6.273750650285579,77.92813023446229,Artvin,Hopa,0.0013557626877295306,1.3119423403173958e-4,31,Artvin,Hopa,aegypti,0,0,1,0,0
TUR.10.4_1,2075,2,5.974202881389133,80.99170641386144,Artvin,Hopa,0.0010141515193181926,1.0865318817021574e-4,28,Artvin,Hopa,aegypti,0,0,1,0,0
TUR.10.4_1,2075,3,9.865775127073421,69.89083067094032,Artvin,Hopa,0.0012449555543130523,1.2047231240031042e-4,31,Artvin,Hopa,aegypti,0,0,1,0,0
TUR.10.4_1,2075,4,11.213988458409029,79.83200320915721,Artvin,Hopa,0.0016462247406984225,1.646089245338489e-4,30,Artvin,Hopa,aegypti,0,0,1,0,0
TUR.10.4_1,2075,5,15.153172380783978,79.78951893574467,Artvin,Hopa,0.0023009868981486575,2.2265136093968518e-4,31,Artvin,Hopa,aegypti,0,0,1,8.300239925319187e-5,0
TUR.10.4_1,2075,6,20.88281306098489,87.79611574011525,Artvin,Hopa,0.002588082966664148,2.5877480868830016e-4,30,Artvin,Hopa,aegypti,7.174094929229824e-12,7.174094929229824e-12,0.9999999999928258,0.0776965450662756,1.8540724511240114e-14
TUR.10.4_1,2075,7,20.83276372797349,87.32934887521478,Artvin,Hopa,0.0030392745086388635,2.940800895167017e-4,31,Artvin,Hopa,aegypti,3.4599318965433666e-12,3.4599318965433666e-12,0.9999999999965401,0.07574776692815997,1.0547118733938987e-14
TUR.10.4_1,2075,8,25.234225273132324,91.89834846668322,Artvin,Hopa,0.0036089468988081065,3.4919194398763675e-4,31,Artvin,Hopa,aegypti,0.31846922597305916,0.31846922597305916,0.6815307740269408,0.2954763663272544,0.001148678288887539
TUR.10.4_1,2075,9,21.430692251990823,83.48687394319379,Artvin,Hopa,0.0028765049533731706,2.876091279001569e-4,30,Artvin,Hopa,aegypti,4.638015604907508e-10,4.638015604907508e-10,0.9999999995361984,0.09017519444015672,1.3341550086920506e-12
TUR.10.4_1,2075,10,16.85152440912583,78.2975439910115,Artvin,Hopa,0.0028346755824848833,2.7428582023081294e-4,31,Artvin,Hopa,aegypti,0,0,1,0.003791137450130319,0
TUR.10.4_1,2075,11,12.556517888517941,71.70914043062159,Artvin,Hopa,0.0016442524383792462,1.6441172674841464e-4,30,Artvin,Hopa,aegypti,0,0,1,0,0
TUR.10.4_1,2075,12,8.498067058622837,72.4256972851767,Artvin,Hopa,0.0013524234471444033,1.3087112406051649e-4,31,Artvin,Hopa,aegypti,0,0,1,0,0
TUR.39.3_1,2025,1,1.2152294294141672,77.8297163676075,Isparta,Eğirdir,8.82293256218946e-5,8.538285383052902e-6,31,Isparta,E<U+011F>irdir,albopictus,0,0,1,0,0
TUR.39.3_1,2025,2,0.9362543459762546,82.47486039265675,Isparta,Eğirdir,6.599820561348449e-5,7.071211314602088e-6,28,Isparta,E<U+011F>irdir,albopictus,0,0,1,0,0
TUR.39.3_1,2025,3,5.302489902385894,71.35082719185532,Isparta,Eğirdir,8.101830060703479e-5,7.840449967377872e-6,31,Isparta,E<U+011F>irdir,albopictus,0,0,1,0,0
TUR.39.3_1,2025,4,11.550636628094843,52.86654334217316,Isparta,Eğirdir,1.0713180116878685e-4,1.0713122730932056e-5,30,Isparta,E<U+011F>irdir,albopictus,0,0,1,6.259803231216942e-6,0
TUR.39.3_1,2025,5,15.298782292534323,50.302617773069386,Isparta,Eğirdir,1.4974193059439888e-4,1.4491049577403103e-5,31,Isparta,E<U+011F>irdir,albopictus,0,0,1,0.007949330506841403,0
TUR.39.3_1,2025,6,22.76730565463795,30.183047962122025,Isparta,Eğirdir,1.684253570842067e-4,1.6842393873672812e-5,30,Isparta,E<U+011F>irdir,albopictus,1.4486141064473656e-11,1.4486141064473656e-11,0.9999999999855138,0.07874548952690477,2.4424906541753444e-15
TUR.39.3_1,2025,7,24.53032471151913,35.04917070072136,Isparta,Eğirdir,1.9778766793331128e-4,1.9140558875196945e-5,31,Isparta,E<U+011F>irdir,albopictus,2.483337898873117e-8,2.483337898873117e-8,0.999999975166621,0.10253456112606223,4.911737683244155e-12
TUR.39.3_1,2025,8,25.422099113464355,40.793145974985556,Isparta,Eğirdir,2.3486038815562208e-4,2.2728166371499547e-5,31,Isparta,E<U+011F>irdir,albopictus,2.120796589570817e-6,2.120796589570817e-6,0.9999978792034104,0.12226873276256525,4.98091123901645e-10
TUR.39.3_1,2025,9,19.010950873879825,61.66373674193726,Isparta,Eğirdir,1.871950707016247e-4,1.8719331861261068e-5,30,Isparta,E<U+011F>irdir,albopictus,5.641043188120421e-16,5.641043188120421e-16,0.9999999999999994,0.05588302624251453,0
TUR.39.3_1,2025,10,14.642031038508696,74.28254549831783,Isparta,Eğirdir,1.8447292971186024e-4,1.7852059654432928e-5,31,Isparta,E<U+011F>irdir,albopictus,0,0,1,0.0066807675190579535,0
TUR.39.3_1,2025,11,7.591015116695096,76.39626490781279,Isparta,Eğirdir,1.0700344913113424e-4,1.070028766458897e-5,30,Isparta,E<U+011F>irdir,albopictus,0,0,1,0,0
TUR.39.3_1,2025,12,1.0478261233690906,83.16094951646612,Isparta,Eğirdir,8.801201698257185e-5,8.517255694062698e-6,31,Isparta,E<U+011F>irdir,albopictus,0,0,1,0,0
TUR.39.3_1,2026,1,4.349636592080488,83.7203413676075,Isparta,Eğirdir,8.359400589679674e-5,8.089709784275811e-6,31,Isparta,E<U+011F>irdir,albopictus,0,0,1,0,0
TUR.39.3_1,2026,2,1.315854926757953,75.303290568438,Isparta,Eğirdir,6.253084618230992e-5,6.699711076363357e-6,28,Isparta,E<U+011F>irdir,albopictus,0,0,1,0,0
TUR.39.3_1,2026,3,7.682564880260649,55.456383679892426,Isparta,Eğirdir,7.676182778180783e-5,7.428536387132922e-6,31,Isparta,E<U+011F>irdir,albopictus,0,0,1,0,0
TUR.39.3_1,2026,4,10.351044991437128,59.96149497181183,Isparta,Eğirdir,1.015033987340786e-4,1.015028835893439e-5,30,Isparta,E<U+011F>irdir,albopictus,0,0,1,0,0
TUR.39.3_1,2026,5,13.383130017448874,71.25634930993462,Isparta,Eğirdir,1.4187491223439222e-4,1.3729735962586531e-5,31,Isparta,E<U+011F>irdir,albopictus,0,0,1,0.0016403919280763629,0
TUR.39.3_1,2026,6,18.421166700475354,54.257972431116166,Isparta,Eğirdir,1.5957676423374365e-4,1.5957549100331647e-5,30,Isparta,E<U+011F>irdir,albopictus,0,0,1,0.04088324457646702,0
TUR.39.3_1,2026,7,22.78537727804745,46.67185517948113,Isparta,Eğirdir,1.8739646215121844e-4,1.8134977057826518e-5,31,Isparta,E<U+011F>irdir,albopictus,2.7268788174827917e-8,2.7268788174827917e-8,0.9999999727312118,0.10543116636646377,5.110023515442208e-12
TUR.39.3_1,2026,8,23.799044609069824,42.81522925745626,Isparta,Eğirdir,2.2252148629744287e-4,2.153410552141466e-5,31,Isparta,E<U+011F>irdir,albopictus,1.5675997676278808e-7,1.5675997676278808e-7,0.9999998432400232,0.11181256574697808,3.488243027760518e-11
TUR.39.3_1,2026,9,21.49874765732709,43.80601732055054,Isparta,Eğirdir,1.773603700785815e-4,1.773587972531132e-5,30,Isparta,E<U+011F>irdir,albopictus,1.8293049963702402e-11,1.8293049963702402e-11,0.999999999981707,0.08049031228510495,3.219646771412954e-15
TUR.39.3_1,2026,10,12.410467470393462,66.73484652370846,Isparta,Eğirdir,1.747812426926887e-4,1.6914170762771796e-5,31,Isparta,E<U+011F>irdir,albopictus,0,0,1,2.514151003638699e-4,0
TUR.39.3_1,2026,11,8.362307803157499,80.94767939755889,Isparta,Eğirdir,1.0138178995018763e-4,1.0138127603864788e-5,30,Isparta,E<U+011F>irdir,albopictus,0,0,1,0,0
TUR.39.3_1,2026,12,2.4524296344641376,80.5412443162708,Isparta,Eğirdir,8.338811403999145e-5,8.06978492684518e-6,31,Isparta,E<U+011F>irdir,albopictus,0,0,1,0,0
TUR.39.3_1,2027,1,1.532305665423765,77.86012713420907,Isparta,Eğirdir,8.2642117971341e-5,7.997592338937487e-6,31,Isparta,E<U+011F>irdir,albopictus,0,0,1,0,0
TUR.39.3_1,2027,2,2.908730765037677,78.74973221882863,Isparta,Eğirdir,6.18188052074707e-5,6.6234214801674796e-6,28,Isparta,E<U+011F>irdir,albopictus,0,0,1,0,0
TUR.39.3_1,2027,3,3.167457010158721,74.76822373726547,Isparta,Eğirdir,7.588773811212954e-5,7.3439476890868605e-6,31,Isparta,E<U+011F>irdir,albopictus,0,0,1,0,0
TUR.39.3_1,2027,4,8.672171929303339,62.13159995228058,Isparta,Eğirdir,1.0034757591387575e-4,1.003470724336708e-5,30,Isparta,E<U+011F>irdir,albopictus,0,0,1,0,0
TUR.39.3_1,2027,5,16.89629644506118,54.85139630700493,Isparta,Eğirdir,1.4025937755062867e-4,1.3573396030697182e-5,31,Isparta,E<U+011F>irdir,albopictus,0,0,1,0.021711992484185965,0
TUR.39.3_1,2027,6,20.643059057347912,43.89634675972945,Isparta,Eğirdir,1.577596579301538e-4,1.5775841353149467e-5,30,Isparta,E<U+011F>irdir,albopictus,1.4861956110223673e-13,1.4861956110223673e-13,0.9999999999998513,0.06746701710919528,0
TUR.39.3_1,2027,7,25.2140271803912,29.818793503455737,Isparta,Eğirdir,1.852625719556093e-4,1.792847527870567e-5,31,Isparta,E<U+011F>irdir,albopictus,6.38397772600996e-9,6.38397772600996e-9,0.9999999936160223,0.0966289485229656,1.1827205881331793e-12
TUR.39.3_1,2027,8,24.752671241760254,46.2761514986672,Isparta,Eğirdir,2.1998762619959686e-4,2.1288898504279175e-5,31,Isparta,E<U+011F>irdir,albopictus,7.892932499289628e-6,7.892932499289628e-6,0.9999921070675007,0.13002736814731217,1.7363475102172288e-9
TUR.39.3_1,2027,9,20.131073783425723,55.59682313720093,Isparta,Eğirdir,1.7534076122121205e-4,1.7533922401113955e-5,30,Isparta,E<U+011F>irdir,albopictus,4.648888496383563e-13,4.648888496383563e-13,0.9999999999995351,0.07092601211637041,1.1102230246251565e-16
TUR.39.3_1,2027,10,12.62630399535684,74.44130556911861,Isparta,Eğirdir,1.7279100245081396e-4,1.6721570107569583e-5,31,Isparta,E<U+011F>irdir,albopictus,0,0,1,4.8355676343085337e-4,0
TUR.39.3_1,2027,11,9.443389193538358,69.18312251279326,Isparta,Eğirdir,1.0022735189354257e-4,1.0022684961863426e-5,30,Isparta,E<U+011F>irdir,albopictus,0,0,1,0,0
TUR.39.3_1,2027,12,2.76824615610873,78.48311595933721,Isparta,Eğirdir,8.243857061244965e-5,7.977894364685767e-6,31,Isparta,E<U+011F>irdir,albopictus,0,0,1,0,0
TUR.39.3_1,2028,1,-0.43584986765156764,79.45980517375985,Isparta,Eğirdir,8.179904639324852e-5,7.916005415942173e-6,31,Isparta,E<U+011F>irdir,albopictus,0,0,1,0,0
TUR.39.3_1,2028,2,4.343131085090778,72.006171427813,Isparta,Eğirdir,6.337345365900719e-5,6.555853026779523e-6,29,Isparta,E<U+011F>irdir,albopictus,0,0,1,0,0
TUR.39.3_1,2028,3,6.8823496359674365,76.86275193550766,Isparta,Eğirdir,7.511357117765855e-5,7.269028855727555e-6,31,Isparta,E<U+011F>irdir,albopictus,0,0,1,0,0
TUR.39.3_1,2028,4,8.603319027844599,71.47395377308136,Isparta,Eğirdir,9.93238825325807e-5,9.932338927209905e-6,30,Isparta,E<U+011F>irdir,albopictus,0,0,1,0,0
TUR.39.3_1,2028,5,14.151623669792624,62.60935376550103,Isparta,Eğirdir,1.3882852488522523e-4,1.3434928287869852e-5,31,Isparta,E<U+011F>irdir,albopictus,0,0,1,0.003573855098803166,0
TUR.39.3_1,2028,6,21.805107397191662,35.47379655831343,Isparta,Eğirdir,1.5615027657552016e-4,1.561490574364388e-5,30,Isparta,E<U+011F>irdir,albopictus,2.820530697889012e-12,2.820530697889012e-12,0.9999999999971795,0.07434271882163467,4.440892098500626e-16
TUR.39.3_1,2028,7,25.405118717866785,27.43099900882683,Isparta,Eğirdir,1.833726202852727e-4,1.7745579992345384e-5,31,Isparta,E<U+011F>irdir,albopictus,2.149252599947804e-9,2.149252599947804e-9,0.9999999978507474,0.09232464499987715,3.9412917374193057e-13
TUR.39.3_1,2028,8,24.67050838470459,32.78803428064962,Isparta,Eğirdir,2.177434277238846e-4,2.107172260656931e-5,31,Isparta,E<U+011F>irdir,albopictus,1.1817560388538429e-8,1.1817560388538429e-8,0.9999999881824396,0.0994337340775425,2.5731639041737253e-12
TUR.39.3_1,2028,9,21.87626917221967,41.41575090209351,Isparta,Eğirdir,1.7355202666436093e-4,1.7355052065792798e-5,30,Isparta,E<U+011F>irdir,albopictus,4.761354122084782e-11,4.761354122084782e-11,0.9999999999523864,0.08294186522080275,8.215650382226158e-15
TUR.39.3_1,2028,10,11.090854013667387,54.68559878200924,Isparta,Eğirdir,1.7102827919671115e-4,1.655098682418199e-5,31,Isparta,E<U+011F>irdir,albopictus,0,0,1,1.2526338838609014e-7,0
TUR.39.3_1,2028,11,4.6947693986927765,58.416658279394824,Isparta,Eğirdir,9.920488497469832e-5,9.92043928960129e-6,30,Isparta,E<U+011F>irdir,albopictus,0,0,1,0,0
TUR.39.3_1,2028,12,2.8374302209738422,76.23314647691534,Isparta,Eğirdir,8.15975755178415e-5,7.896508388616219e-6,31,Isparta,E<U+011F>irdir,albopictus,0,0,1,0,0
TUR.39.3_1,2029,1,0.2435144559644602,81.70825640667,Isparta,Eğirdir,8.184683384729129e-5,7.920629971680526e-6,31,Isparta,E<U+011F>irdir,albopictus,0,0,1,0,0
TUR.39.3_1,2029,2,0.8313443857957336,77.62408372029347,Isparta,Eğirdir,6.122390861532052e-5,6.559682979689896e-6,28,Isparta,E<U+011F>irdir,albopictus,0,0,1,0,0
TUR.39.3_1,2029,3,4.794006015667144,76.50212571480454,Isparta,Eğirdir,7.51574529402085e-5,7.273275447028382e-6,31,Isparta,E<U+011F>irdir,albopictus,0,0,1,0,0
TUR.39.3_1,2029,4,12.72618518156164,57.049095679819644,Isparta,Eğirdir,9.938190809254941e-5,9.938141425580582e-6,30,Isparta,E<U+011F>irdir,albopictus,0,0,1,4.2189078911515735e-4,0
TUR.39.3_1,2029,5,14.867059651543112,58.195161565793995,Isparta,Eğirdir,1.3890962927513322e-4,1.3442776994221362e-5,31,Isparta,E<U+011F>irdir,albopictus,0,0,1,0.006404917425466549,0
TUR.39.3_1,2029,6,20.80627850925221,38.392669391565384,Isparta,Eğirdir,1.5624150042829892e-4,1.562402798638285e-5,30,Isparta,E<U+011F>irdir,albopictus,3.8560210580129706e-14,3.8560210580129706e-14,0.9999999999999615,0.06388882575337966,0
TUR.39.3_1,2029,7,23.85045410605038,37.727389542274096,Isparta,Eğirdir,1.8347974758138396e-4,1.775594696595828e-5,31,Isparta,E<U+011F>irdir,albopictus,1.790786023048163e-8,1.790786023048163e-8,0.9999999820921398,0.10214949695835687,3.2857050413781508e-12
TUR.39.3_1,2029,8,25.163723945617676,39.94922812830587,Isparta,Eğirdir,2.178706346352641e-4,2.1084032693408084e-5,31,Isparta,E<U+011F>irdir,albopictus,8.723553906030967e-7,8.723553906030967e-7,0.9999991276446094,0.11804010277898665,1.9006063389781502e-10
TUR.39.3_1,2029,9,19.333712409524356,55.90574495116577,Isparta,Eğirdir,1.7365341671551606e-4,1.7365190894902405e-5,30,Isparta,E<U+011F>irdir,albopictus,1.1573519920204944e-15,1.1573519920204944e-15,0.9999999999999989,0.05706800194240842,0
TUR.39.3_1,2029,10,14.721798265681548,42.3010811123315,Isparta,Eğirdir,1.7112819486067666e-4,1.656065592181566e-5,31,Isparta,E<U+011F>irdir,albopictus,0,0,1,0.004437528068943913,0
TUR.39.3_1,2029,11,4.8658836050068635,76.03264033505889,Isparta,Eğirdir,9.926284101563743e-5,9.926234836199477e-6,30,Isparta,E<U+011F>irdir,albopictus,0,0,1,0,0
TUR.39.3_1,2029,12,3.310285312068813,78.44439678209112,Isparta,Eğirdir,8.16452452714877e-5,7.901121554132473e-6,31,Isparta,E<U+011F>irdir,albopictus,0,0,1,0,0
TUR.39.3_1,2030,1,1.8658217118286036,82.60306994426766,Isparta,Eğirdir,8.058564458095728e-5,7.79858035682146e-6,31,Isparta,E<U+011F>irdir,albopictus,0,0,1,0,0
TUR.39.3_1,2030,2,2.148975272827289,79.568183146563,Isparta,Eğirdir,6.0280500877243285e-5,6.4586042370917696e-6,28,Isparta,E<U+011F>irdir,albopictus,0,0,1,0,0
TUR.39.3_1,2030,3,3.3656431692926323,79.08623978951157,Isparta,Eğirdir,7.399934127629189e-5,7.161200933580858e-6,31,Isparta,E<U+011F>irdir,albopictus,0,0,1,0,0
TUR.39.3_1,2030,4,9.386855462018183,70.27287345081574,Isparta,Eğirdir,9.785051842403796e-5,9.785003968976191e-6,30,Isparta,E<U+011F>irdir,albopictus,0,0,1,0,0
TUR.39.3_1,2030,5,14.714007321526022,62.965242132200245,Isparta,Eğirdir,1.367691514435887e-4,1.3235636741382173e-5,31,Isparta,E<U+011F>irdir,albopictus,0,0,1,0.0060465643822099945,0
TUR.39.3_1,2030,6,21.10984830295338,34.640880298547806,Isparta,Eğirdir,1.5383395337933498e-4,1.5383277014113794e-5,30,Isparta,E<U+011F>irdir,albopictus,5.570466310444999e-14,5.570466310444999e-14,0.9999999999999443,0.06448531198687682,0
TUR.39.3_1,2030,7,23.926774754243738,37.22559281986199,Isparta,Eğirdir,1.8065248258697912e-4,1.7482345496921958e-5,31,Isparta,E<U+011F>irdir,albopictus,1.7011954649481798e-8,1.7011954649481798e-8,0.9999999829880454,0.10206887973973909,3.073208354464896e-12
TUR.39.3_1,2030,8,22.83646869659424,53.659646829477744,Isparta,Eğirdir,2.1451343567062184e-4,2.0759149268245736e-5,31,Isparta,E<U+011F>irdir,albopictus,6.154766702179959e-7,6.154766702179959e-7,0.9999993845233298,0.1192948315534994,1.32028055155331e-10
TUR.39.3_1,2030,9,20.23036844590131,33.962889116204835,Isparta,Eğirdir,1.709775670225095e-4,1.7097610536476182e-5,30,Isparta,E<U+011F>irdir,albopictus,1.8851586958135158e-16,1.8851586958135158e-16,0.9999999999999998,0.052185360397392175,0
TUR.39.3_1,2030,10,12.722462976680083,67.05515902370846,Isparta,Eğirdir,1.684912566630662e-4,1.6305472547828437e-5,31,Isparta,E<U+011F>irdir,albopictus,0,0,1,5.1233131463297e-4,0
TUR.39.3_1,2030,11,5.681344525340726,75.81363856503935,Isparta,Eğirdir,9.773328606830353e-5,9.77328084805773e-6,30,Isparta,E<U+011F>irdir,albopictus,0,0,1,0,0
TUR.39.3_1,2030,12,4.272405606639736,79.51867656724737,Isparta,Eğirdir,8.038716231160525e-5,7.77937254492489e-6,31,Isparta,E<U+011F>irdir,albopictus,0,0,1,0,0
TUR.39.3_1,2031,1,5.16026786725749,82.04060809124032,Isparta,Eğirdir,9.135987411241669e-5,8.841239055978889e-6,31,Isparta,E<U+011F>irdir,albopictus,0,0,1,0,0
TUR.39.3_1,2031,2,2.2584042746354553,80.67793198689503,Isparta,Eğirdir,6.833995062291467e-5,7.322110759933054e-6,28,Isparta,E<U+011F>irdir,albopictus,0,0,1,0,0
TUR.39.3_1,2031,3,5.227650787243071,70.99889848091782,Isparta,Eğirdir,8.389298787096055e-5,8.118643289201088e-6,31,Isparta,E<U+011F>irdir,albopictus,0,0,1,0,0
TUR.39.3_1,2031,4,11.12457499784582,57.5263181224466,Isparta,Eğirdir,1.1093304634517107e-4,1.1093243103998951e-5,30,Isparta,E<U+011F>irdir,albopictus,0,0,1,2.118334334593843e-7,0
TUR.39.3_1,2031,5,15.556923810173483,43.76062940026665,Isparta,Eğirdir,1.550550662381993e-4,1.5005216411401179e-5,31,Isparta,E<U+011F>irdir,albopictus,0,0,1,0.008697964676639892,0
TUR.39.3_1,2031,6,23.30232457553639,26.21973390572554,Isparta,Eğirdir,1.74401417126252e-4,1.743998963421589e-5,30,Isparta,E<U+011F>irdir,albopictus,1.630334367508368e-11,1.630334367508368e-11,0.9999999999836967,0.07789033009755032,2.886579864025407e-15
TUR.39.3_1,2031,7,23.259647144990808,41.84693071048699,Isparta,Eğirdir,2.0480556001089574e-4,1.98196964914521e-5,31,Isparta,E<U+011F>irdir,albopictus,1.7107558105966536e-8,1.7107558105966536e-8,0.9999999828924419,0.10294951074420754,3.5037528434145315e-12
TUR.39.3_1,2031,8,21.779484748840332,59.79681952845235,Isparta,Eğirdir,2.431936926260074e-4,2.3534596536922692e-5,31,Isparta,E<U+011F>irdir,albopictus,6.549773722480667e-8,6.549773722480667e-8,0.9999999345022628,0.1101273283959553,1.5928591778902046e-11
TUR.39.3_1,2031,9,18.85817034104291,63.46342698851929,Isparta,Eğirdir,1.9383711677743335e-4,1.938352381480879e-5,30,Isparta,E<U+011F>irdir,albopictus,2.413069744022778e-16,2.413069744022778e-16,0.9999999999999998,0.05458529705658036,0
TUR.39.3_1,2031,10,14.557723367915434,61.99696963161861,Isparta,Eğirdir,1.910183889180943e-4,1.8485479681862316e-5,31,Isparta,E<U+011F>irdir,albopictus,0,0,1,0.005244372390193965,0
TUR.39.3_1,2031,11,8.113579051021269,78.57860743710967,Isparta,Eğirdir,1.1080014012697933e-4,1.1079952629611256e-5,30,Isparta,E<U+011F>irdir,albopictus,0,0,1,0,0
TUR.39.3_1,2031,12,5.022574645412319,78.31610088365362,Isparta,Eğirdir,9.113485493889215e-5,8.819463199194466e-6,31,Isparta,E<U+011F>irdir,albopictus,0,0,1,0,0
TUR.39.3_1,2032,1,1.4516415969633005,78.75073687542,Isparta,Eğirdir,8.810608167228393e-5,8.52635865089546e-6,31,Isparta,E<U+011F>irdir,albopictus,0,0,1,0,0
TUR.39.3_1,2032,2,4.3811950880815,72.16939469441456,Isparta,Eğirdir,6.825980167411882e-5,7.061333862523611e-6,29,Isparta,E<U+011F>irdir,albopictus,0,0,1,0,0
TUR.39.3_1,2032,3,5.269629623302642,69.69138810494125,Isparta,Eğirdir,8.090512944441767e-5,7.829498005262892e-6,31,Isparta,E<U+011F>irdir,albopictus,0,0,1,0,0
TUR.39.3_1,2032,4,11.06656489652746,59.36121421009308,Isparta,Eğirdir,1.069821531213618e-4,1.0698158086408505e-5,30,Isparta,E<U+011F>irdir,albopictus,0,0,1,1.1355830130864784e-7,0
TUR.39.3_1,2032,5,18.07894224279067,45.55054639245415,Isparta,Eğirdir,1.4953276219354465e-4,1.4470807767175131e-5,31,Isparta,E<U+011F>irdir,albopictus,0,0,1,0.03195351331093175,0
TUR.39.3_1,2032,6,21.53638867770924,38.48069734566695,Isparta,Eğirdir,1.6819009056623965e-4,1.681886761784046e-5,30,Isparta,E<U+011F>irdir,albopictus,2.4673751930492926e-12,2.4673751930492926e-12,0.9999999999975326,0.07425433199387299,4.440892098500626e-16
TUR.39.3_1,2032,7,23.918466343599206,36.725428787879565,Isparta,Eğirdir,1.9751138639983513e-4,1.911382246400084e-5,31,Isparta,E<U+011F>irdir,albopictus,1.3853296399690684e-8,1.3853296399690684e-8,0.9999999861467036,0.10104450159640704,2.7361446441886983e-12
TUR.39.3_1,2032,8,24.23534870147705,41.31357367884298,Isparta,Eğirdir,2.3453232124998307e-4,2.269641868235528e-5,31,Isparta,E<U+011F>irdir,albopictus,2.3562544049571253e-7,2.3562544049571253e-7,0.9999997643745595,0.11372495588067098,5.526179513992702e-11
TUR.39.3_1,2032,9,19.456194709329043,42.46375505248413,Isparta,Eğirdir,1.8693358553557247e-4,1.86931838338511e-5,30,Isparta,E<U+011F>irdir,albopictus,1.3711254354120683e-17,1.3711254354120683e-17,1,0.04811542749646772,0
TUR.39.3_1,2032,10,13.515192354426665,67.96568148464596,Isparta,Eğirdir,1.8421524699362921e-4,1.7827123062086336e-5,31,Isparta,E<U+011F>irdir,albopictus,0,0,1,0.0018568030656024817,0
TUR.39.3_1,2032,11,6.822131888393094,76.37166011044951,Isparta,Eğirdir,1.0685398037344023e-4,1.0685340948723976e-5,30,Isparta,E<U+011F>irdir,albopictus,0,0,1,0,0
TUR.39.3_1,2032,12,2.81564388884341,79.96647624986456,Isparta,Eğirdir,8.788907658254412e-5,8.505358337185243e-6,31,Isparta,E<U+011F>irdir,albopictus,0,0,1,0,0
TUR.39.3_1,2033,1,2.531579770257368,80.11571948040047,Isparta,Eğirdir,8.652777154259073e-5,8.373620251633795e-6,31,Isparta,E<U+011F>irdir,albopictus,0,0,1,0,0
TUR.39.3_1,2033,2,5.141297121696613,81.06666489705128,Isparta,Eğirdir,6.472539166872403e-5,6.934839346994792e-6,28,Isparta,E<U+011F>irdir,albopictus,0,0,1,0,0
TUR.39.3_1,2033,3,5.343416835674468,72.9284105048436,Isparta,Eğirdir,7.945581535709703e-5,7.689242891517623e-6,31,Isparta,E<U+011F>irdir,albopictus,0,0,1,0,0
TUR.39.3_1,2033,4,10.89865718168371,60.984230567514956,Isparta,Eğirdir,1.050657018076388e-4,1.0506514986907689e-5,30,Isparta,E<U+011F>irdir,albopictus,0,0,1,6.74482199365087e-9,0
TUR.39.3_1,2033,5,13.932917538811179,69.11895154382134,Isparta,Eğirdir,1.4685406999873196e-4,1.4211583207912604e-5,31,Isparta,E<U+011F>irdir,albopictus,0,0,1,0.0030961335837318173,0
TUR.39.3_1,2033,6,19.747198385350842,41.638282489709916,Isparta,Eğirdir,1.6517717569570787e-4,1.6517581152841743e-5,30,Isparta,E<U+011F>irdir,albopictus,1.2378986724570495e-16,1.2378986724570495e-16,0.9999999999999999,0.05187843895301007,0
TUR.39.3_1,2033,7,25.746400608735925,29.38844987552605,Isparta,Eğirdir,1.939732172295828e-4,1.8771425482011495e-5,31,Isparta,E<U+011F>irdir,albopictus,8.097942150286919e-9,8.097942150286919e-9,0.9999999919020578,0.0976956090312316,1.5707435352396715e-12
TUR.39.3_1,2033,8,24.563965797424316,35.0035570467629,Isparta,Eğirdir,2.3033096838825714e-4,2.2289845292733368e-5,31,Isparta,E<U+011F>irdir,albopictus,2.605981028691584e-8,2.605981028691584e-8,0.9999999739401897,0.10269343338861871,6.002420782635909e-12
TUR.39.3_1,2033,9,19.337393592385684,42.19087068358765,Isparta,Eğirdir,1.835849044226377e-4,1.8358321926204013e-5,30,Isparta,E<U+011F>irdir,albopictus,3.2751579226442116e-18,3.2751579226442116e-18,1,0.04662161271494357,0
TUR.39.3_1,2033,10,13.373467767939848,61.1795105251733,Isparta,Eğirdir,1.8091526151186148e-4,1.7507775270542147e-5,31,Isparta,E<U+011F>irdir,albopictus,0,0,1,0.0013585565876523841,0
TUR.39.3_1,2033,11,8.244013087276151,83.28608119199248,Isparta,Eğirdir,1.0493982511400266e-4,1.0493927449783946e-5,30,Isparta,E<U+011F>irdir,albopictus,0,0,1,0,0
TUR.39.3_1,2033,12,4.9606396974447895,81.70369701402471,Isparta,Eğirdir,8.631465382730714e-5,8.352996129112888e-6,31,Isparta,E<U+011F>irdir,albopictus,0,0,1,0,0
TUR.39.3_1,2034,1,4.556750573327436,81.62857501018563,Isparta,Eğirdir,8.792001391647791e-5,8.508352247305062e-6,31,Isparta,E<U+011F>irdir,albopictus,0,0,1,0,0
TUR.39.3_1,2034,2,2.997776051216266,74.43945237263722,Isparta,Eğirdir,6.576683109725808e-5,7.0464213628440575e-6,28,Isparta,E<U+011F>irdir,albopictus,0,0,1,0,0
TUR.39.3_1,2034,3,6.176232005962554,74.1343431220311,Isparta,Eğirdir,8.073426909535672e-5,7.812963262021633e-6,31,Isparta,E<U+011F>irdir,albopictus,0,0,1,0,0
TUR.39.3_1,2034,4,7.531957486096552,76.33046012073761,Isparta,Eğirdir,1.0675622173541469e-4,1.0675565189299796e-5,30,Isparta,E<U+011F>irdir,albopictus,0,0,1,0,0
TUR.39.3_1,2034,5,14.135250989128561,68.00921796227837,Isparta,Eğirdir,1.492169698560268e-4,1.4440247660174599e-5,31,Isparta,E<U+011F>irdir,albopictus,0,0,1,0.003803508281658046,0
TUR.39.3_1,2034,6,19.04332570468678,64.59912843697555,Isparta,Eğirdir,1.6783489655344862e-4,1.6783348813387278e-5,30,Isparta,E<U+011F>irdir,albopictus,1.9914070392701434e-15,1.9914070392701434e-15,0.999999999999998,0.05895354773924081,0
TUR.39.3_1,2034,7,22.991302265840417,50.19372865360222,Isparta,Eğirdir,1.9709426989986128e-4,1.9073457121820958e-5,31,Isparta,E<U+011F>irdir,albopictus,2.5852273918741673e-7,2.5852273918741673e-7,0.9999997414772608,0.11472438947694355,5.095335264826417e-11
TUR.39.3_1,2034,8,23.98740863800049,44.32372077356954,Isparta,Eğirdir,2.3403702169913845e-4,2.2648487554510766e-5,31,Isparta,E<U+011F>irdir,albopictus,5.535000056038353e-7,5.535000056038353e-7,0.9999994464999944,0.1173972559496753,1.2953949024563371e-10
TUR.39.3_1,2034,9,19.18497927048627,50.664095323480225,Isparta,Eğirdir,1.8653880787567435e-4,1.8653706804983017e-5,30,Isparta,E<U+011F>irdir,albopictus,3.852473895449293e-17,3.852473895449293e-17,1,0.05039945342976591,0
TUR.39.3_1,2034,10,13.578437174067778,52.101335934108846,Isparta,Eğirdir,1.8382621008558865e-4,1.7789474999529986e-5,31,Isparta,E<U+011F>irdir,albopictus,0,0,1,0.0015390629159590036,0
TUR.39.3_1,2034,11,6.0523812933003205,74.13479792783232,Isparta,Eğirdir,1.0662831967045971e-4,1.0662775119296697e-5,30,Isparta,E<U+011F>irdir,albopictus,0,0,1,0,0
TUR.39.3_1,2034,12,5.756918174159877,81.87465648668096,Isparta,Eğirdir,8.770346711122062e-5,8.487396282896853e-6,31,Isparta,E<U+011F>irdir,albopictus,0,0,1,0,0
TUR.39.3_1,2035,1,3.5615653173231028,81.76530901897469,Isparta,Eğirdir,7.79050320407251e-5,7.539168229375726e-6,31,Isparta,E<U+011F>irdir,albopictus,0,0,1,0,0
TUR.39.3_1,2035,2,-0.5184802811811952,79.39748307332081,Isparta,Eğirdir,5.827532157485921e-5,6.243764962055032e-6,28,Isparta,E<U+011F>irdir,albopictus,0,0,1,0,0
TUR.39.3_1,2035,3,3.375273849376861,70.59229752876938,Isparta,Eğirdir,7.153781648207285e-5,6.922990534286022e-6,31,Isparta,E<U+011F>irdir,albopictus,0,0,1,0,0
TUR.39.3_1,2035,4,11.642956116620233,65.95642905384308,Isparta,Eğirdir,9.459560462245896e-5,9.459515720733336e-6,30,Isparta,E<U+011F>irdir,albopictus,0,0,1,1.6698761534384643e-5,0
TUR.39.3_1,2035,5,12.10029691808364,69.15297864343071,Isparta,Eğirdir,1.3221964260261537e-4,1.2795367422713255e-5,31,Isparta,E<U+011F>irdir,albopictus,0,0,1,1.1158719345297434e-4,0
TUR.39.3_1,2035,6,18.101375860326428,45.835818958215775,Isparta,Eğirdir,1.4871679849788624e-4,1.4871569266938778e-5,30,Isparta,E<U+011F>irdir,albopictus,0,0,1,0.03216667829467898,0
TUR.39.3_1,2035,7,24.02022720785702,36.7370216528698,Isparta,Eğirdir,1.746432322699423e-4,1.6900815141274173e-5,31,Isparta,E<U+011F>irdir,albopictus,1.8059859803076784e-8,1.8059859803076784e-8,0.9999999819401402,0.10224845514542538,3.1540325906576072e-12
TUR.39.3_1,2035,8,24.50490665435791,37.69698508631368,Isparta,Eğirdir,2.073778297113088e-4,2.006862085268679e-5,31,Isparta,E<U+011F>irdir,albopictus,8.750212096769738e-8,8.750212096769738e-8,0.999999912497879,0.10837400040562083,1.814604022598587e-11
TUR.39.3_1,2035,9,16.168073485879336,61.581079881585694,Isparta,Eğirdir,1.652901444965472e-4,1.6528877846200274e-5,30,Isparta,E<U+011F>irdir,albopictus,0,0,1,0.016257827477799903,0
TUR.39.3_1,2035,10,12.03599580596475,75.21114199489986,Isparta,Eğirdir,1.628865391246124e-4,1.5763089224907212e-5,31,Isparta,E<U+011F>irdir,albopictus,0,0,1,1.0476890577330105e-4,0
TUR.39.3_1,2035,11,7.35647703838699,76.81976496884795,Isparta,Eğirdir,9.448227190076652e-5,9.44818255577129e-6,30,Isparta,E<U+011F>irdir,albopictus,0,0,1,0,0
TUR.39.3_1,2035,12,2.890810829532497,86.45124797838018,Isparta,Eğirdir,7.771315211429662e-5,7.520599344168488e-6,31,Isparta,E<U+011F>irdir,albopictus,0,0,1,0,0
TUR.39.3_1,2036,1,3.627004541566267,82.2113081644825,Isparta,Eğirdir,8.62127821728418e-5,8.3431376641796e-6,31,Isparta,E<U+011F>irdir,albopictus,0,0,1,0,0
TUR.39.3_1,2036,2,4.2641160685349915,70.77736588582081,Isparta,Eğirdir,6.679297616231897e-5,6.909594352344506e-6,29,Isparta,E<U+011F>irdir,albopictus,0,0,1,0,0
TUR.39.3_1,2036,3,3.8255924242822563,60.11764237740219,Isparta,Eğirdir,7.916657021931025e-5,7.661251641422062e-6,31,Isparta,E<U+011F>irdir,albopictus,0,0,1,0,0
TUR.39.3_1,2036,4,8.385100701275995,70.14090018421417,Isparta,Eğirdir,1.0468322831266005e-4,1.0468268038521522e-5,30,Isparta,E<U+011F>irdir,albopictus,0,0,1,0,0
TUR.39.3_1,2036,5,12.433034840752097,74.393159612669,Isparta,Eğirdir,1.4631947318513905e-4,1.415984876629306e-5,31,Isparta,E<U+011F>irdir,albopictus,0,0,1,3.045529974112165e-4,0
TUR.39.3_1,2036,6,21.12985257541432,40.82796831124312,Isparta,Eğirdir,1.6457587678852766e-4,1.6457452253537674e-5,30,Isparta,E<U+011F>irdir,albopictus,7.955914260726616e-13,7.955914260726616e-13,0.9999999999992044,0.07148842166392524,1.1102230246251565e-16
TUR.39.3_1,2036,7,26.65963150473202,25.152783600501635,Isparta,Eğirdir,1.932670913193224e-4,1.8703091996918886e-5,31,Isparta,E<U+011F>irdir,albopictus,1.3416283802247798e-9,1.3416283802247798e-9,0.9999999986583716,0.0890149329852072,2.5934809855243657e-13
TUR.39.3_1,2036,8,26.131190299987793,32.133931955210166,Isparta,Eğirdir,2.2949248838036092e-4,2.220870387148466e-5,31,Isparta,E<U+011F>irdir,albopictus,4.6501146288957515e-8,4.6501146288957515e-8,0.9999999534988537,0.10384901999636274,1.067168575730193e-11
TUR.39.3_1,2036,9,20.76668436387006,51.80351487914429,Isparta,Eğirdir,1.829165953663824e-4,1.8291492245303687e-5,30,Isparta,E<U+011F>irdir,albopictus,7.57474094559285e-12,7.57474094559285e-12,0.9999999999924253,0.07830213652493528,1.3322676295501878e-15
TUR.39.3_1,2036,10,12.74989255736856,74.99986880154049,Isparta,Eğirdir,1.8025667082836592e-4,1.74440418020394e-5,31,Isparta,E<U+011F>irdir,albopictus,0,0,1,6.258751373083889e-4,0
TUR.39.3_1,2036,11,7.482090727809598,68.52393519589873,Isparta,Eğirdir,1.0455780985133115e-4,1.0455726323632675e-5,30,Isparta,E<U+011F>irdir,albopictus,0,0,1,0,0
TUR.39.3_1,2036,12,3.203780514133327,81.38778667466924,Isparta,Eğirdir,8.600044027569873e-5,8.322588619602556e-6,31,Isparta,E<U+011F>irdir,albopictus,0,0,1,0,0
TUR.39.3_1,2037,1,5.321433819939985,82.15823809612313,Isparta,Eğirdir,8.54051528792475e-5,8.264980639660635e-6,31,Isparta,E<U+011F>irdir,albopictus,0,0,1,0,0
TUR.39.3_1,2037,2,-1.7058412831495788,76.13869401082081,Isparta,Eğirdir,6.388563893518986e-5,6.8448664597431375e-6,28,Isparta,E<U+011F>irdir,albopictus,0,0,1,0,0
TUR.39.3_1,2037,3,3.519054796108428,71.41589829781235,Isparta,Eğirdir,7.842494885446065e-5,7.58948237922219e-6,31,Isparta,E<U+011F>irdir,albopictus,0,0,1,0,0
TUR.39.3_1,2037,4,10.652520516339472,57.56119971424347,Isparta,Eğirdir,1.0370257046120798e-4,1.0370203275211765e-5,30,Isparta,E<U+011F>irdir,albopictus,0,0,1,8.072301873348574e-13,0
TUR.39.3_1,2037,5,15.79946512334487,56.13707135583306,Isparta,Eğirdir,1.449487728111424e-4,1.4027202212552048e-5,31,Isparta,E<U+011F>irdir,albopictus,0,0,1,0.012146044521713965,0
TUR.39.3_1,2037,6,21.662592214696545,35.83824892037398,Isparta,Eğirdir,1.630341529772382e-4,1.6303282397767127e-5,30,Isparta,E<U+011F>irdir,albopictus,1.6377694200819804e-12,1.6377694200819804e-12,0.9999999999983622,0.07292542499276282,2.220446049250313e-16
TUR.39.3_1,2037,7,24.786590351777917,34.94277116458855,Isparta,Eğirdir,1.9145659222042635e-4,1.8527885668251365e-5,31,Isparta,E<U+011F>irdir,albopictus,3.7329073243164144e-8,3.7329073243164144e-8,0.9999999626709267,0.10448507744006434,7.146949698721983e-12
TUR.39.3_1,2037,8,25.00207805633545,40.2623461092629,Isparta,Eğirdir,2.2734263482495373e-4,2.20006581262977e-5,31,Isparta,E<U+011F>irdir,albopictus,8.205901114559655e-7,8.205901114559655e-7,0.9999991794098886,0.11778942758957445,1.865551046975611e-10
TUR.39.3_1,2037,9,18.06269628861371,52.9868187121521,Isparta,Eğirdir,1.8120305826690387e-4,1.8120141654920374e-5,30,Isparta,E<U+011F>irdir,albopictus,0,0,1,0.03522850792894105,0
TUR.39.3_1,2037,10,14.803507173762602,62.02612917751705,Isparta,Eğirdir,1.785680515301868e-4,1.7280629868499098e-5,31,Isparta,E<U+011F>irdir,albopictus,0,0,1,0.006459470217876923,0
TUR.39.3_1,2037,11,8.040474192622831,67.98317897031279,Isparta,Eğirdir,1.035783269024953e-4,1.0357779048120186e-5,30,Isparta,E<U+011F>irdir,albopictus,0,0,1,0,0
TUR.39.3_1,2037,12,3.510668259990566,71.17394237535284,Isparta,Eğirdir,8.519480017131823e-5,8.244624093989295e-6,31,Isparta,E<U+011F>irdir,albopictus,0,0,1,0,0
TUR.39.3_1,2038,1,5.372005976846113,81.52864520061532,Isparta,Eğirdir,8.861338839481925e-5,8.575452430048536e-6,31,Isparta,E<U+011F>irdir,albopictus,0,0,1,0,0
TUR.39.3_1,2038,2,4.860421200447223,80.43764420613331,Isparta,Eğirdir,6.62854961903681e-5,7.101992229752163e-6,28,Isparta,E<U+011F>irdir,albopictus,0,0,1,0,0
TUR.39.3_1,2038,3,6.142318870433989,71.96704575874985,Isparta,Eğirdir,8.137097374569312e-5,7.87457935780278e-6,31,Isparta,E<U+011F>irdir,albopictus,0,0,1,0,0
TUR.39.3_1,2038,4,10.027263977948358,66.40443473011261,Isparta,Eğirdir,1.0759814652885029e-4,1.0759756766232087e-5,30,Isparta,E<U+011F>irdir,albopictus,0,0,1,0,0
TUR.39.3_1,2038,5,18.31481927983901,36.10444425012017,Isparta,Eğirdir,1.5039375809825666e-4,1.4554128742294559e-5,31,Isparta,E<U+011F>irdir,albopictus,0,0,1,0.030376004859531982,0
TUR.39.3_1,2038,6,21.405111593358654,34.21407670968062,Isparta,Eğirdir,1.6915851365337052e-4,1.6915708293097076e-5,30,Isparta,E<U+011F>irdir,albopictus,1.9981505339217164e-13,1.9981505339217164e-13,0.9999999999998002,0.06747687320117457,0
TUR.39.3_1,2038,7,25.48920227499569,30.844420639686206,Isparta,Eğirdir,1.9864863881415316e-4,1.9223877039675763e-5,31,Isparta,E<U+011F>irdir,albopictus,1.5661084507401224e-8,1.5661084507401224e-8,0.9999999843389155,0.09957855502078675,3.1110669596046137e-12
TUR.39.3_1,2038,8,25.563040733337402,33.887037118784384,Isparta,Eğirdir,2.3588273680545498e-4,2.2827101084144097e-5,31,Isparta,E<U+011F>irdir,albopictus,7.418601166819805e-8,7.418601166819805e-8,0.9999999258139883,0.10623959290470184,1.7499224291839255e-11
TUR.39.3_1,2038,9,16.908590148476993,53.24961320678101,Isparta,Eğirdir,1.880099319444681e-4,1.880081645688758e-5,30,Isparta,E<U+011F>irdir,albopictus,0,0,1,0.021576105119455773,0
TUR.39.3_1,2038,10,11.925319040522856,68.82247011989986,Isparta,Eğirdir,1.8527594145897815e-4,1.792976907832866e-5,31,Isparta,E<U+011F>irdir,albopictus,0,0,1,6.0165605439774315e-5,0
TUR.39.3_1,2038,11,6.973926798824002,77.1135271758792,Isparta,Eğirdir,1.074692357740235e-4,1.0746865829469598e-5,30,Isparta,E<U+011F>irdir,albopictus,0,0,1,0,0
TUR.39.3_1,2038,12,3.6845946134451557,83.1166074754505,Isparta,Eğirdir,8.839513380971249e-5,8.554331199506215e-6,31,Isparta,E<U+011F>irdir,albopictus,0,0,1,0,0
TUR.39.3_1,2039,1,2.9058235661291025,83.09722582805672,Isparta,Eğirdir,8.550052786786203e-5,8.274210400949222e-6,31,Isparta,E<U+011F>irdir,albopictus,0,0,1,0,0
TUR.39.3_1,2039,2,0.06554188316359244,76.27368088826222,Isparta,Eğirdir,6.395698231296813e-5,6.852510340715767e-6,28,Isparta,E<U+011F>irdir,albopictus,0,0,1,0,0
TUR.39.3_1,2039,3,6.303795482525054,78.66623399117172,Isparta,Eğirdir,7.851252879960359e-5,7.597957793370469e-6,31,Isparta,E<U+011F>irdir,albopictus,0,0,1,0,0
TUR.39.3_1,2039,4,9.362977841321161,65.1020894542337,Isparta,Eğirdir,1.0381837883041749e-4,1.0381783991930682e-5,30,Isparta,E<U+011F>irdir,albopictus,0,0,1,0,0
TUR.39.3_1,2039,5,14.423843327690573,65.94494031335259,Isparta,Eğirdir,1.4511064228962808e-4,1.4042866780861196e-5,31,Isparta,E<U+011F>irdir,albopictus,0,0,1,0.004855578627185784,0
TUR.39.3_1,2039,6,21.731493276708264,39.64781923287398,Isparta,Eğirdir,1.6321621904655332e-4,1.632148870767125e-5,30,Isparta,E<U+011F>irdir,albopictus,1.1951642120422434e-11,1.1951642120422434e-11,0.9999999999880483,0.07857184158299978,1.9984014443252818e-15
TUR.39.3_1,2039,7,27.15653397055233,23.902302948646167,Isparta,Eğirdir,1.9167039864413264e-4,1.8548576228960556e-5,31,Isparta,E<U+011F>irdir,albopictus,5.22501328759084e-10,5.22501328759084e-10,0.9999999994774986,0.08490102948457695,1.0014211682118912e-13
TUR.39.3_1,2039,8,24.87101459503174,42.48194297205587,Isparta,Eğirdir,2.2759651647584993e-4,2.2025226777522278e-5,31,Isparta,E<U+011F>irdir,albopictus,1.9504685621459792e-6,1.9504685621459792e-6,0.9999980495314379,0.12242517757692307,4.439199008388073e-10
TUR.39.3_1,2039,9,19.23176653244916,55.19399110595093,Isparta,Eğirdir,1.8140541420254115e-4,1.8140376881636833e-5,30,Isparta,E<U+011F>irdir,albopictus,3.2873703759150884e-16,3.2873703759150884e-16,0.9999999999999997,0.054582808352623365,0
TUR.39.3_1,2039,10,16.00618776153116,53.01857607693111,Isparta,Eğirdir,1.7876746485956385e-4,1.7299927599023768e-5,31,Isparta,E<U+011F>irdir,albopictus,0,0,1,0.013083722169477646,0
TUR.39.3_1,2039,11,8.124983088496855,72.59713923642607,Isparta,Eğirdir,1.036939965244794e-4,1.0369345890381965e-5,30,Isparta,E<U+011F>irdir,albopictus,0,0,1,0,0
TUR.39.3_1,2039,12,3.690196734798305,79.04544811265752,Isparta,Eğirdir,8.528994025154084e-5,8.253831122573274e-6,31,Isparta,E<U+011F>irdir,albopictus,0,0,1,0,0
TUR.39.3_1,2040,1,3.992234148194685,79.53255908000985,Isparta,Eğirdir,8.949523617085868e-5,8.660791801951007e-6,31,Isparta,E<U+011F>irdir,albopictus,0,0,1,0,0
TUR.39.3_1,2040,2,3.4149575430680725,62.027320109453626,Isparta,Eğirdir,6.933604305005612e-5,7.172668384902714e-6,29,Isparta,E<U+011F>irdir,albopictus,0,0,1,0,0
TUR.39.3_1,2040,3,3.9916695612756645,64.7157640204686,Isparta,Eğirdir,8.218074768089226e-5,7.952943957167946e-6,31,Isparta,E<U+011F>irdir,albopictus,0,0,1,0,0
TUR.39.3_1,2040,4,10.273977616254022,54.220699836313784,Isparta,Eğirdir,1.086689236195498e-4,1.086683331752436e-5,30,Isparta,E<U+011F>irdir,albopictus,0,0,1,0,0
TUR.39.3_1,2040,5,15.57291311376235,54.14317868615532,Isparta,Eğirdir,1.5189042133968752e-4,1.4698965002057918e-5,31,Isparta,E<U+011F>irdir,albopictus,0,0,1,0.010221303010198052,0
TUR.39.3_1,2040,6,18.478887838475842,54.0013882636357,Isparta,Eğirdir,1.708419168248949e-4,1.708404574851663e-5,30,Isparta,E<U+011F>irdir,albopictus,0,0,1,0.04180420920284731,0
TUR.39.3_1,2040,7,25.664966358857995,29.774760452918628,Isparta,Eğirdir,2.0062551684042848e-4,1.941518412029719e-5,31,Isparta,E<U+011F>irdir,albopictus,9.791284017068858e-9,9.791284017068858e-9,0.999999990208716,0.09776905287709751,1.964428619771752e-12
TUR.39.3_1,2040,8,25.38461971282959,38.66450675379415,Isparta,Eğirdir,2.3823015484945504e-4,2.305426536075572e-5,31,Isparta,E<U+011F>irdir,albopictus,7.127012301995639e-7,7.127012301995639e-7,0.9999992872987697,0.11666110649871653,1.697869622674375e-10
TUR.39.3_1,2040,9,20.588820289163028,36.21431581298218,Isparta,Eğirdir,1.8988093748168833e-4,1.8987913475432272e-5,30,Isparta,E<U+011F>irdir,albopictus,3.963773753667965e-15,3.963773753667965e-15,0.999999999999996,0.05901334984624172,0
TUR.39.3_1,2040,10,15.838675821528716,50.08777468532955,Isparta,Eğirdir,1.8711973933070882e-4,1.810819791536744e-5,31,Isparta,E<U+011F>irdir,albopictus,0,0,1,0.011467900777796304,0
TUR.39.3_1,2040,11,7.417914645198514,74.02473628232451,Isparta,Eğirdir,1.0853872999241094e-4,1.0853814096156711e-5,30,Isparta,E<U+011F>irdir,albopictus,0,0,1,0,0
TUR.39.3_1,2040,12,1.5680807353380848,75.5296476365833,Isparta,Eğirdir,8.927480959657542e-5,8.639460382542374e-6,31,Isparta,E<U+011F>irdir,albopictus,0,0,1,0,0
TUR.39.3_1,2041,1,2.6251104847692392,70.76934496868172,Isparta,Eğirdir,8.737324392752688e-5,8.45543947136651e-6,31,Isparta,E<U+011F>irdir,albopictus,0,0,1,0,0
TUR.39.3_1,2041,2,-0.7205591004560975,63.71494980916066,Isparta,Eğirdir,6.535783059884422e-5,7.00260018871024e-6,28,Isparta,E<U+011F>irdir,albopictus,0,0,1,0,0
TUR.39.3_1,2041,3,4.604751731762114,68.62540147164047,Isparta,Eğirdir,8.023218687931916e-5,7.764375038910032e-6,31,Isparta,E<U+011F>irdir,albopictus,0,0,1,0,0
TUR.39.3_1,2041,4,11.55520949644201,49.74658255726105,Isparta,Eğirdir,1.0609231035075344e-4,1.0609174757369999e-5,30,Isparta,E<U+011F>irdir,albopictus,0,0,1,6.196907244511843e-6,0
TUR.39.3_1,2041,5,18.617768231560202,39.601262792600636,Isparta,Eğirdir,1.4828899728954164e-4,1.4350445156185998e-5,31,Isparta,E<U+011F>irdir,albopictus,0,0,1,0.03557833563670401,0
TUR.39.3_1,2041,6,22.22598294650807,36.25147981637007,Isparta,Eğirdir,1.6679114007018303e-4,1.6678974911421562e-5,30,Isparta,E<U+011F>irdir,albopictus,2.5600787267876512e-11,2.5600787267876512e-11,0.9999999999743993,0.08060071989661992,4.218847493575595e-15
TUR.39.3_1,2041,7,24.57989288778866,36.11601182620964,Isparta,Eğirdir,1.9586855089715691e-4,1.8954841409235534e-5,31,Isparta,E<U+011F>irdir,albopictus,5.048316333067238e-8,5.048316333067238e-8,0.9999999495168367,0.10563154847967877,9.888090346521494e-12
TUR.39.3_1,2041,8,25.47681713104248,39.38184531580587,Isparta,Eğirdir,2.325815576464356e-4,2.2507639374724775e-5,31,Isparta,E<U+011F>irdir,albopictus,1.008442036963153e-6,1.008442036963153e-6,0.999998991557963,0.11918887549605495,2.345450500484958e-10
TUR.39.3_1,2041,9,21.29669458725873,43.20894471923218,Isparta,Eğirdir,1.8537873274172348e-4,1.8537701448884114e-5,30,Isparta,E<U+011F>irdir,albopictus,4.996838054438513e-12,4.996838054438513e-12,0.9999999999950031,0.07636089230645204,8.881784197001252e-16
TUR.39.3_1,2041,10,16.61784681151895,55.3734802517358,Isparta,Eğirdir,1.8268300445606166e-4,1.767884415859733e-5,31,Isparta,E<U+011F>irdir,albopictus,0,0,1,0.019178112820254178,0
TUR.39.3_1,2041,11,7.870461718562772,78.73245417783232,Isparta,Eğirdir,1.0596520370208113e-4,1.0596464227297098e-5,30,Isparta,E<U+011F>irdir,albopictus,0,0,1,0,0
TUR.39.3_1,2041,12,4.901251775157802,75.61650829332159,Isparta,Eğirdir,8.715804381557688e-5,8.434613829932935e-6,31,Isparta,E<U+011F>irdir,albopictus,0,0,1,0,0
TUR.39.3_1,2042,1,5.278843440225019,77.02035204875985,Isparta,Eğirdir,9.284231904848876e-5,8.984700190395323e-6,31,Isparta,E<U+011F>irdir,albopictus,0,0,1,0,0
TUR.39.3_1,2042,2,7.065584440879962,74.71507950886769,Isparta,Eğirdir,6.94488642977266e-5,7.440922062396105e-6,28,Isparta,E<U+011F>irdir,albopictus,0,0,1,0,0
TUR.39.3_1,2042,3,4.83329501331729,71.23432633736313,Isparta,Eğirdir,8.525427187282148e-5,8.25037937246531e-6,31,Isparta,E<U+011F>irdir,albopictus,0,0,1,0,0
TUR.39.3_1,2042,4,6.309176781598261,69.55947165638214,Isparta,Eğirdir,1.127330940619082e-4,1.12732458626974e-5,30,Isparta,E<U+011F>irdir,albopictus,0,0,1,0,0
TUR.39.3_1,2042,5,14.411012593437643,60.13752911950493,Isparta,Eğirdir,1.5757105698348316e-4,1.5248695703573567e-5,31,Isparta,E<U+011F>irdir,albopictus,0,0,1,0.00439653916064099,0
TUR.39.3_1,2042,6,20.3332903805901,42.133853626184525,Isparta,Eğirdir,1.7723133015069945e-4,1.772297596125405e-5,30,Isparta,E<U+011F>irdir,albopictus,9.92850246461785e-15,9.92850246461785e-15,0.9999999999999901,0.06085906727994481,0
TUR.39.3_1,2042,7,25.534751667695886,32.55197068851433,Isparta,Eğirdir,2.0812882384271721e-4,2.0141296242948137e-5,31,Isparta,E<U+011F>irdir,albopictus,3.400759571686729e-8,3.400759571686729e-8,0.9999999659924043,0.10379312264611024,7.0780048488927605e-12
TUR.39.3_1,2042,8,24.177090644836426,51.396470865122275,Isparta,Eğirdir,2.471398589448716e-4,2.3916474539587007e-5,31,Isparta,E<U+011F>irdir,albopictus,2.0532290535901275e-5,2.0532290535901275e-5,0.9999794677094641,0.13550279635917556,5.074347386724298e-9
TUR.39.3_1,2042,9,21.31821329453412,45.92477266112671,Isparta,Eğirdir,1.9698240189282146e-4,1.9698046180183226e-5,30,Isparta,E<U+011F>irdir,albopictus,1.865255067068361e-11,1.865255067068361e-11,0.9999999999813475,0.08065942588705421,3.6637359812630166e-15
TUR.39.3_1,2042,10,13.525285089717192,60.806860378688924,Isparta,Eğirdir,1.941179361328796e-4,1.8785430274115278e-5,31,Isparta,E<U+011F>irdir,albopictus,0,0,1,0.0016633178818720668,0
TUR.39.3_1,2042,11,10.15883232784622,68.11824214169951,Isparta,Eğirdir,1.1259803124978453e-4,1.1259739733593399e-5,30,Isparta,E<U+011F>irdir,albopictus,0,0,1,0,0
TUR.39.3_1,2042,12,4.636884909999721,83.6739347459583,Isparta,Eğirdir,9.26136486162738e-5,8.962570992365748e-6,31,Isparta,E<U+011F>irdir,albopictus,0,0,1,0,0
TUR.39.3_1,2043,1,4.136688985040083,78.38800494182625,Isparta,Eğirdir,9.11621975832056e-5,8.822109238137976e-6,31,Isparta,E<U+011F>irdir,albopictus,0,0,1,0,0
TUR.39.3_1,2043,2,3.3681433398057434,71.70996018513722,Isparta,Eğirdir,6.819208259686011e-5,7.306267873041783e-6,28,Isparta,E<U+011F>irdir,albopictus,0,0,1,0,0
TUR.39.3_1,2043,3,7.5614196318475635,68.174725507285,Isparta,Eğirdir,8.371146753910158e-5,8.101076947930608e-6,31,Isparta,E<U+011F>irdir,albopictus,0,0,1,0,0
TUR.39.3_1,2043,4,11.747123101178339,60.99694113880402,Isparta,Eğirdir,1.1069301909262315e-4,1.1069240644756562e-5,30,Isparta,E<U+011F>irdir,albopictus,0,0,1,2.2904077829144676e-5,0
TUR.39.3_1,2043,5,15.435411397148581,60.12243054772759,Isparta,Eğirdir,1.5471957160635632e-4,1.4972749675656871e-5,31,Isparta,E<U+011F>irdir,albopictus,0,0,1,0.010082079739080641,0
TUR.39.3_1,2043,6,22.255739492528576,48.17560548775679,Isparta,Eğirdir,1.7402406254731954e-4,1.7402254833709385e-5,30,Isparta,E<U+011F>irdir,albopictus,4.8202004366282305e-9,4.8202004366282305e-9,0.9999999951797995,0.09954943545497495,8.388845174067683e-13
TUR.39.3_1,2043,7,24.21794105978573,42.02512666385613,Isparta,Eğirdir,2.0436241959876828e-4,1.977681278453325e-5,31,Isparta,E<U+011F>irdir,albopictus,3.2684205923738663e-7,3.2684205923738663e-7,0.9999996731579408,0.11427414987095091,6.679423680822083e-11
TUR.39.3_1,2043,8,23.72318935394287,39.37252982508321,Isparta,Eğirdir,2.4266749131989372e-4,2.3483675027025086e-5,31,Isparta,E<U+011F>irdir,albopictus,2.6909014589460155e-8,2.6909014589460155e-8,0.9999999730909854,0.1042577177178322,6.529887741635321e-12
TUR.39.3_1,2043,9,20.987133811501895,51.50349656859741,Isparta,Eğirdir,1.934177089263487e-4,1.934158384175877e-5,30,Isparta,E<U+011F>irdir,albopictus,2.5525828284411746e-11,2.5525828284411746e-11,0.9999999999744742,0.08203254044384413,4.884981308350689e-15
TUR.39.3_1,2043,10,13.260150278315825,72.42371218532955,Isparta,Eğirdir,1.9060507998456449e-4,1.8445482781737077e-5,31,Isparta,E<U+011F>irdir,albopictus,0,0,1,0.0013964977150094386,0
TUR.39.3_1,2043,11,7.280051009181668,75.42951380917998,Isparta,Eğirdir,1.1056040044531718e-4,1.1055978926699517e-5,30,Isparta,E<U+011F>irdir,albopictus,0,0,1,0,0
TUR.39.3_1,2043,12,3.118625861537807,78.05131511705206,Isparta,Eğirdir,9.093766528654752e-5,8.800380497664406e-6,31,Isparta,E<U+011F>irdir,albopictus,0,0,1,0,0
TUR.39.3_1,2044,1,5.80231264989604,79.95146624553719,Isparta,Eğirdir,9.29798521698142e-5,8.998009727645417e-6,31,Isparta,E<U+011F>irdir,albopictus,0,0,1,0,0
TUR.39.3_1,2044,2,4.535628338508746,75.2802421675591,Isparta,Eğirdir,7.203573406439378e-5,7.451944723513293e-6,29,Isparta,E<U+011F>irdir,albopictus,0,0,1,0,0
TUR.39.3_1,2044,3,7.130111839183989,67.99329087593735,Isparta,Eğirdir,8.538056434630948e-5,8.262601123854019e-6,31,Isparta,E<U+011F>irdir,albopictus,0,0,1,0,0
TUR.39.3_1,2044,4,10.348233559552362,63.478432227671206,Isparta,Eğirdir,1.1290009262960781e-4,1.1289945531012258e-5,30,Isparta,E<U+011F>irdir,albopictus,0,0,1,0,0
TUR.39.3_1,2044,5,17.176706257988425,43.66037534142876,Isparta,Eğirdir,1.5780447682391355e-4,1.5271284375728555e-5,31,Isparta,E<U+011F>irdir,albopictus,0,0,1,0.02135682307725796,0
TUR.39.3_1,2044,6,19.922859472386975,64.4025113105107,Isparta,Eğirdir,1.7749387398073403e-4,1.774922987862748e-5,30,Isparta,E<U+011F>irdir,albopictus,2.696507184207775e-12,2.696507184207775e-12,0.9999999999973035,0.07610813707728108,4.440892098500626e-16
TUR.39.3_1,2044,7,24.77860428305233,41.1364357153698,Isparta,Eğirdir,2.084371380584137e-4,2.0171132501078937e-5,31,Isparta,E<U+011F>irdir,albopictus,8.306936385320541e-7,8.306936385320541e-7,0.9999991693063615,0.11839869750472978,1.7314738531837293e-10
TUR.39.3_1,2044,8,24.55273151397705,38.072801431528525,Isparta,Eğirdir,2.4750596264147215e-4,2.3951903081687043e-5,31,Isparta,E<U+011F>irdir,albopictus,1.1613115367703486e-7,1.1613115367703486e-7,0.9999998838688463,0.109566244880375,2.874311899603299e-11
TUR.39.3_1,2044,9,19.500181983498965,52.39833680907593,Isparta,Eğirdir,1.9727420421805582e-4,1.9727225837540274e-5,30,Isparta,E<U+011F>irdir,albopictus,1.0125233984581427e-15,1.0125233984581427e-15,0.999999999999999,0.05672168945440907,0
TUR.39.3_1,2044,10,11.145115221247954,75.36165469021236,Isparta,Eğirdir,1.944054951462177e-4,1.8813258042538195e-5,31,Isparta,E<U+011F>irdir,albopictus,0,0,1,5.721695356658753e-7,0
TUR.39.3_1,2044,11,7.9203951520954865,77.22603785703154,Isparta,Eğirdir,1.1276482974051152e-4,1.1276419394801174e-5,30,Isparta,E<U+011F>irdir,albopictus,0,0,1,0,0
TUR.39.3_1,2044,12,3.8781714261892963,74.95502452867315,Isparta,Eğirdir,9.275084299381708e-5,8.975847748504684e-6,31,Isparta,E<U+011F>irdir,albopictus,0,0,1,0,0
TUR.39.3_1,2045,1,4.143538035561933,82.10343615520516,Isparta,Eğirdir,8.859663116445077e-5,8.573830776570368e-6,31,Isparta,E<U+011F>irdir,albopictus,0,0,1,0,0
TUR.39.3_1,2045,2,2.2375222641755554,72.41014786824269,Isparta,Eğirdir,6.627296127493521e-5,7.100649212610222e-6,28,Isparta,E<U+011F>irdir,albopictus,0,0,1,0,0
TUR.39.3_1,2045,3,4.564749147304717,72.48225114205063,Isparta,Eğirdir,8.135558609178366e-5,7.873090241750091e-6,31,Isparta,E<U+011F>irdir,albopictus,0,0,1,0,0
TUR.39.3_1,2045,4,10.674039223614862,73.67156272083527,Isparta,Eğirdir,1.0757779918674695e-4,1.075772205394454e-5,30,Isparta,E<U+011F>irdir,albopictus,0,0,1,7.757286810706658e-12,0
TUR.39.3_1,2045,5,14.238710347343893,67.04593823815728,Isparta,Eğirdir,1.503653178941737e-4,1.4551376504523539e-5,31,Isparta,E<U+011F>irdir,albopictus,0,0,1,0.004107781760383902,0
TUR.39.3_1,2045,6,19.03449944888844,53.74205751412398,Isparta,Eğirdir,1.691265249411293e-4,1.6912509475996984e-5,30,Isparta,E<U+011F>irdir,albopictus,3.3306690738754695e-17,3.3306690738754695e-17,1,0.05034187229499746,0
TUR.39.3_1,2045,7,25.653505100923425,28.051722733192065,Isparta,Eğirdir,1.9861107337327234e-4,1.9220241744277722e-5,31,Isparta,E<U+011F>irdir,albopictus,4.239111128012674e-9,4.239111128012674e-9,0.9999999957608888,0.09451033785343774,8.418821195732562e-13
TUR.39.3_1,2045,8,23.335375785827637,45.4340990389504,Isparta,Eğirdir,2.358381302123408e-4,2.2822784415565955e-5,31,Isparta,E<U+011F>irdir,albopictus,1.081492289045638e-7,1.081492289045638e-7,0.9999998918507711,0.11082071598462696,2.5505708656226034e-11
TUR.39.3_1,2045,9,20.196226905373965,43.56067888060913,Isparta,Eğirdir,1.8797437833571634e-4,1.8797261162828427e-5,30,Isparta,E<U+011F>irdir,albopictus,6.795952689486739e-15,6.795952689486739e-15,0.9999999999999932,0.060061902089975014,0
TUR.39.3_1,2045,10,14.929728830561919,51.63576357693111,Isparta,Eğirdir,1.8524090486136006e-4,1.79263785007322e-5,31,Isparta,E<U+011F>irdir,albopictus,0,0,1,0.00613467974237369,0
TUR.39.3_1,2045,11,8.642232672694853,74.77298915097685,Isparta,Eğirdir,1.0744891280958198e-4,1.0744833554787725e-5,30,Isparta,E<U+011F>irdir,albopictus,0,0,1,0,0
TUR.39.3_1,2045,12,5.087021333110683,84.42681102769659,Isparta,Eğirdir,8.837841785236638e-5,8.552713540055379e-6,31,Isparta,E<U+011F>irdir,albopictus,0,0,1,0,0
TUR.39.3_1,2046,1,2.99613235156764,84.58184496868172,Isparta,Eğirdir,9.19157723292433e-5,8.895035180533917e-6,31,Isparta,E<U+011F>irdir,albopictus,0,0,1,0,0
TUR.39.3_1,2046,2,2.922252197914264,68.31603928669972,Isparta,Eğirdir,6.875577931202331e-5,7.366663506536142e-6,28,Isparta,E<U+011F>irdir,albopictus,0,0,1,0,0
TUR.39.3_1,2046,3,5.331630851635161,72.9988450751561,Isparta,Eğirdir,8.44034522604401e-5,8.168042666567565e-6,31,Isparta,E<U+011F>irdir,albopictus,0,0,1,0,0
TUR.39.3_1,2046,4,10.227288582745722,64.68446402698761,Isparta,Eğirdir,1.1160804161250849e-4,1.116074187967886e-5,30,Isparta,E<U+011F>irdir,albopictus,0,0,1,0,0
TUR.39.3_1,2046,5,14.233403149773093,64.72412274743462,Isparta,Eğirdir,1.5599853114190183e-4,1.509651809239454e-5,31,Isparta,E<U+011F>irdir,albopictus,0,0,1,0.004007701727908587,0
TUR.39.3_1,2046,6,20.53366307651295,44.10197038643843,Isparta,Eğirdir,1.754625989386659e-4,1.754610595916528e-5,30,Isparta,E<U+011F>irdir,albopictus,7.735950768861244e-14,7.735950768861244e-14,0.9999999999999226,0.06587979638955126,0
TUR.39.3_1,2046,7,26.107784046846277,34.74045869510613,Isparta,Eğirdir,2.0605174217469928e-4,1.9940292367959245e-5,31,Isparta,E<U+011F>irdir,albopictus,1.8042147040181478e-7,1.8042147040181478e-7,0.9999998195785296,0.10983971067250907,3.7176151046480754e-11
TUR.39.3_1,2046,8,24.151179313659668,48.00054725062032,Isparta,Eğirdir,2.446734553926234e-4,2.3677796004872853e-5,31,Isparta,E<U+011F>irdir,albopictus,4.48347113442632e-6,4.48347113442632e-6,0.9999955165288655,0.12736953624537278,1.0969863906140631e-9
TUR.39.3_1,2046,9,18.20040495255414,65.38517991820679,Isparta,Eğirdir,1.9501655915975098e-4,1.9501465759907965e-5,30,Isparta,E<U+011F>irdir,albopictus,0,0,1,0.04416484270912245,0
TUR.39.3_1,2046,10,14.16784509490518,63.79458468288814,Isparta,Eğirdir,1.921806801626072e-4,1.8597957394117515e-5,31,Isparta,E<U+011F>irdir,albopictus,0,0,1,0.0037076453576880514,0
TUR.39.3_1,2046,11,8.68628765774124,72.9515398711917,Isparta,Eğirdir,1.1147432669870047e-4,1.1147370537423207e-5,30,Isparta,E<U+011F>irdir,albopictus,0,0,1,0,0
TUR.39.3_1,2046,12,3.9408526243094135,78.21815471666143,Isparta,Eğirdir,9.168938397960585e-5,8.87312682518182e-6,31,Isparta,E<U+011F>irdir,albopictus,0,0,1,0,0
TUR.39.3_1,2047,1,0.5146056787275217,82.30636279094735,Isparta,Eğirdir,9.209196007899215e-5,8.912085456058705e-6,31,Isparta,E<U+011F>irdir,albopictus,0,0,1,0,0
TUR.39.3_1,2047,2,3.2420234877397034,72.03926011189503,Isparta,Eğirdir,6.888757308073388e-5,7.380784163402154e-6,28,Isparta,E<U+011F>irdir,albopictus,0,0,1,0,0
TUR.39.3_1,2047,3,6.069306041607085,72.89084336617172,Isparta,Eğirdir,8.456524010106808e-5,8.183699426345115e-6,31,Isparta,E<U+011F>irdir,albopictus,0,0,1,0,0
TUR.39.3_1,2047,4,9.85749278349035,71.41200308948761,Isparta,Eğirdir,1.1182197627472455e-4,1.118213510697963e-5,30,Isparta,E<U+011F>irdir,albopictus,0,0,1,0,0
TUR.39.3_1,2047,5,15.417150441338034,61.75652478600884,Isparta,Eğirdir,1.56297555231778e-4,1.5125455470332838e-5,31,Isparta,E<U+011F>irdir,albopictus,0,0,1,0.01018572044538444,0
TUR.39.3_1,2047,6,20.59850911533131,47.61237306588179,Isparta,Eğirdir,1.7579893251546872e-4,1.7579738726181127e-5,30,Isparta,E<U+011F>irdir,albopictus,4.3548459283115906e-13,4.3548459283115906e-13,0.9999999999995646,0.07049460447101147,1.1102230246251565e-16
TUR.39.3_1,2047,7,25.501390232759363,27.481795517615893,Isparta,Eğirdir,2.0644671021843777e-4,1.9978514318896856e-5,31,Isparta,E<U+011F>irdir,albopictus,2.8269768242994433e-9,2.8269768242994433e-9,0.9999999971730231,0.09279055822515717,5.836442440454448e-13
TUR.39.3_1,2047,8,24.738776206970215,40.68917258631368,Isparta,Eğirdir,2.451424550478131e-4,2.372318199261869e-5,31,Isparta,E<U+011F>irdir,albopictus,5.719008480787879e-7,5.719008480787879e-7,0.9999994280991519,0.11652602193540343,1.4019718719282537e-10
TUR.39.3_1,2047,9,20.11674768784467,46.046995561517335,Isparta,Eğirdir,1.9539037453279753e-4,1.9538846567579427e-5,30,Isparta,E<U+011F>irdir,albopictus,1.0785261572721083e-14,1.0785261572721083e-14,0.9999999999999892,0.06138221258708035,0
TUR.39.3_1,2047,10,13.877900446162505,65.13246767849361,Isparta,Eğirdir,1.9254905961180302e-4,1.863360635467881e-5,31,Isparta,E<U+011F>irdir,albopictus,0,0,1,0.0027427313748618716,0
TUR.39.3_1,2047,11,9.358851210597685,73.39736354062529,Isparta,Eğirdir,1.1168800505093648e-4,1.1168738134226253e-5,30,Isparta,E<U+011F>irdir,albopictus,0,0,1,0,0
TUR.39.3_1,2047,12,5.785917025936,85.30095653550909,Isparta,Eğirdir,9.186513777930586e-5,8.890135106298658e-6,31,Isparta,E<U+011F>irdir,albopictus,0,0,1,0,0
TUR.39.3_1,2048,1,2.0678775125347517,76.62006060588875,Isparta,Eğirdir,9.341555237950717e-5,9.040173883811953e-6,31,Isparta,E<U+011F>irdir,albopictus,0,0,1,0,0
TUR.39.3_1,2048,2,0.2930585343171569,74.12068863972706,Isparta,Eğirdir,7.237329089745823e-5,7.486864135097804e-6,29,Isparta,E<U+011F>irdir,albopictus,0,0,1,0,0
TUR.39.3_1,2048,3,4.488333131679717,67.3295335517186,Isparta,Eğirdir,8.578065456931231e-5,8.301319211811986e-6,31,Isparta,E<U+011F>irdir,albopictus,0,0,1,0,0
TUR.39.3_1,2048,4,9.397581913891962,64.31150107532746,Isparta,Eğirdir,1.1342913836247514e-4,1.1342849505657782e-5,30,Isparta,E<U+011F>irdir,albopictus,0,0,1,0,0
TUR.39.3_1,2048,5,16.44523805730483,57.46820233727837,Isparta,Eğirdir,1.5854394286992418e-4,1.534284451054635e-5,31,Isparta,E<U+011F>irdir,albopictus,0,0,1,0.017924352104344572,0
TUR.39.3_1,2048,6,24.743252081029553,28.96474809639937,Isparta,Eğirdir,1.7832560382658691e-4,1.7832401383532925e-5,30,Isparta,E<U+011F>irdir,albopictus,2.0685680873211433e-9,2.0685680873211433e-9,0.9999999979314319,0.09252722871946582,3.689271110829395e-13
TUR.39.3_1,2048,7,23.27486778708065,56.15135499637566,Isparta,Eğirdir,2.0941386691569337e-4,2.0265652737494477e-5,31,Isparta,E<U+011F>irdir,albopictus,9.586726773668065e-6,9.586726773668065e-6,0.9999904132732264,0.1325667550817926,2.0075935358576658e-9
TUR.39.3_1,2048,8,26.593867301940918,32.317117532602744,Isparta,Eğirdir,2.4866576659153864e-4,2.4064139478974234e-5,31,Isparta,E<U+011F>irdir,albopictus,7.34690659221493e-8,7.34690659221493e-8,0.9999999265309341,0.1050894070186201,1.8269274981719263e-11
TUR.39.3_1,2048,9,19.970818351296817,44.61070100585327,Isparta,Eğirdir,1.9819862397286292e-4,1.9819665985076895e-5,30,Isparta,E<U+011F>irdir,albopictus,1.9029222642075184e-15,1.9029222642075184e-15,0.9999999999999981,0.05762772903457988,0
TUR.39.3_1,2048,10,15.825951898799223,51.99942248196041,Isparta,Eğirdir,1.9531647223452255e-4,1.8901415453242976e-5,31,Isparta,E<U+011F>irdir,albopictus,0,0,1,0.011541894305459712,0
TUR.39.3_1,2048,11,9.718198554042509,81.23766505429717,Isparta,Eğirdir,1.132932416363941e-4,1.1329259987036266e-5,30,Isparta,E<U+011F>irdir,albopictus,0,0,1,0,0
TUR.39.3_1,2048,12,3.705272418392055,81.43383770005987,Isparta,Eğirdir,9.318547007483028e-5,9.017908055297674e-6,31,Isparta,E<U+011F>irdir,albopictus,0,0,1,0,0
TUR.39.3_1,2049,1,3.186840929200544,72.0335966776661,Isparta,Eğirdir,1.0309200959616138e-4,9.976596323402198e-6,31,Isparta,E<U+011F>irdir,albopictus,0,0,1,0,0
TUR.39.3_1,2049,2,4.286417265586993,80.0870048628716,Isparta,Eğirdir,7.711594300961486e-5,8.262388331625736e-6,28,Isparta,E<U+011F>irdir,albopictus,0,0,1,0,0
TUR.39.3_1,2049,3,7.078853275188628,76.87607285835922,Isparta,Eğirdir,9.466625030592368e-5,9.161208065489035e-6,31,Isparta,E<U+011F>irdir,albopictus,0,0,1,0,0
TUR.39.3_1,2049,4,12.906957009259393,57.55745368152863,Isparta,Eğirdir,1.2517870443073964e-4,1.2517792094879354e-5,30,Isparta,E<U+011F>irdir,albopictus,0,0,1,5.934457485560281e-4,0
TUR.39.3_1,2049,5,17.5608252918019,45.21426175500298,Isparta,Eğirdir,1.7496672945162666e-4,1.693212079045825e-5,31,Isparta,E<U+011F>irdir,albopictus,0,0,1,0.02577707330369632,0
TUR.39.3_1,2049,6,22.354641241185803,38.62726564400679,Isparta,Eğirdir,1.9679747528811604e-4,1.9679553883822365e-5,30,Isparta,E<U+011F>irdir,albopictus,1.278033659457556e-10,1.278033659457556e-10,0.9999999998721967,0.085658734473743,2.5202062658991053e-14
TUR.39.3_1,2049,7,25.595096363740808,33.21789094608269,Isparta,Eğirdir,2.3110601851322933e-4,2.2364848468847676e-5,31,Isparta,E<U+011F>irdir,albopictus,6.214691533446004e-8,6.214691533446004e-8,0.9999999378530847,0.10550073168932282,1.43625111803658e-11
TUR.39.3_1,2049,8,25.38752269744873,47.749742349497275,Isparta,Eğirdir,2.744238292521776e-4,2.655679212848483e-5,31,Isparta,E<U+011F>irdir,albopictus,5.2527472886996665e-5,5.2527472886996665e-5,0.999947472527113,0.13994328667025047,1.4414790139305467e-8
TUR.39.3_1,2049,9,23.952120612649356,31.958082597650147,Isparta,Eğirdir,2.187290437629393e-4,2.187266516606723e-5,30,Isparta,E<U+011F>irdir,albopictus,1.5389468481785683e-9,1.5389468481785683e-9,0.9999999984610531,0.0922410172616292,3.3661962106634746e-13
TUR.39.3_1,2049,10,15.396000231013579,50.29432528347408,Isparta,Eğirdir,2.1554834411391852e-4,2.0859299614151006e-5,31,Isparta,E<U+011F>irdir,albopictus,0,0,1,0.0085983704932695,0
TUR.39.3_1,2049,11,7.71104361248367,73.70921504209014,Isparta,Eğirdir,1.250287308317792e-4,1.2502794922597538e-5,30,Isparta,E<U+011F>irdir,albopictus,0,0,1,0,0
TUR.39.3_1,2049,12,3.9976405919912983,80.595733452013,Isparta,Eğirdir,1.0283809419816327e-4,9.952024110360114e-6,31,Isparta,E<U+011F>irdir,albopictus,0,0,1,0,0
TUR.39.3_1,2050,1,0.48894468705882055,77.55985705364266,Isparta,Eğirdir,9.200707820478137e-5,8.903871154264387e-6,31,Isparta,E<U+011F>irdir,albopictus,0,0,1,0,0
TUR.39.3_1,2050,2,3.6758716303636048,80.20402451619191,Isparta,Eğirdir,6.882407887007848e-5,7.373981262381868e-6,28,Isparta,E<U+011F>irdir,albopictus,0,0,1,0,0
TUR.39.3_1,2050,3,5.880498554119292,76.9976014838475,Isparta,Eğirdir,8.448729566306604e-5,8.1761564779681e-6,31,Isparta,E<U+011F>irdir,albopictus,0,0,1,0,0
TUR.39.3_1,2050,4,12.85025344175451,52.99565940052277,Isparta,Eğirdir,1.1171890909148715e-4,1.117182850385312e-5,30,Isparta,E<U+011F>irdir,albopictus,0,0,1,5.006204418002653e-4,0
TUR.39.3_1,2050,5,14.201909009148093,58.03411267663384,Isparta,Eğirdir,1.5615349456229877e-4,1.5111514325982789e-5,31,Isparta,E<U+011F>irdir,albopictus,0,0,1,0.003491798240997555,0
TUR.39.3_1,2050,6,22.280418676488537,42.36180086129195,Isparta,Eğirdir,1.7563689727522226e-4,1.756353548687528e-5,30,Isparta,E<U+011F>irdir,albopictus,4.581345457999042e-10,4.581345457999042e-10,0.9999999995418655,0.09027538699977355,8.049116928532385e-14
TUR.39.3_1,2050,7,24.906862034517175,36.109984604529956,Isparta,Eğirdir,2.0625642668366492e-4,1.996010015103966e-5,31,Isparta,E<U+011F>irdir,albopictus,9.468923283784125e-8,9.468923283784125e-8,0.9999999053107672,0.10796408741041458,1.9530266293088516e-11
TUR.39.3_1,2050,8,28.22590732574463,29.497585138193564,Isparta,Eğirdir,2.4491650534476356e-4,2.3701316410829065e-5,31,Isparta,E<U+011F>irdir,albopictus,4.063830393752354e-9,4.063830393752354e-9,0.9999999959361696,0.09255269208555086,9.953149415764528e-13
TUR.39.3_1,2050,9,21.773464988259708,38.424131791986085,Isparta,Eğirdir,1.9521028170842e-4,1.9520837636788357e-5,30,Isparta,E<U+011F>irdir,albopictus,8.131147477552503e-12,8.131147477552503e-12,0.9999999999918688,0.0772633112664628,1.5543122344752192e-15
TUR.39.3_1,2050,10,11.422150934443755,71.34392397732174,Isparta,Eğirdir,1.923715856494359e-4,1.861643177492045e-5,31,Isparta,E<U+011F>irdir,albopictus,0,0,1,5.290204089091187e-6,0
TUR.39.3_1,2050,11,7.6878888769184845,78.74711787412139,Isparta,Eğirdir,1.1158506135001564e-4,1.1158443879111246e-5,30,Isparta,E<U+011F>irdir,albopictus,0,0,1,0,0
TUR.39.3_1,2050,12,5.097330075633876,71.02355175035284,Isparta,Eğirdir,9.178046496896877e-5,8.88194103620954e-6,31,Isparta,E<U+011F>irdir,albopictus,0,0,1,0,0
TUR.39.3_1,2051,1,3.063815631081953,80.47721545208016,Isparta,Eğirdir,9.337448552441745e-5,9.036199707934678e-6,31,Isparta,E<U+011F>irdir,albopictus,0,0,1,0,0
TUR.39.3_1,2051,2,1.8517065841485474,69.42476578816456,Isparta,Eğirdir,6.984694092645954e-5,7.483572811439743e-6,28,Isparta,E<U+011F>irdir,albopictus,0,0,1,0,0
TUR.39.3_1,2051,3,6.364767696270171,71.95517442085922,Isparta,Eğirdir,8.574294412794612e-5,8.297669844559152e-6,31,Isparta,E<U+011F>irdir,albopictus,0,0,1,0,0
TUR.39.3_1,2051,4,12.21237788480871,56.91280799061066,Isparta,Eğirdir,1.133792732397046e-4,1.133786304996498e-5,30,Isparta,E<U+011F>irdir,albopictus,0,0,1,1.1791592172044767e-4,0
TUR.39.3_1,2051,5,13.399167004753561,73.41996930505181,Isparta,Eğirdir,1.5847424461346322e-4,1.5336099621454657e-5,31,Isparta,E<U+011F>irdir,albopictus,0,0,1,0.0017183374327651264,0
TUR.39.3_1,2051,6,19.37001256381764,66.16023225777633,Isparta,Eğirdir,1.7824720926010854e-4,1.7824562066670602e-5,30,Isparta,E<U+011F>irdir,albopictus,6.906214489177387e-14,6.906214489177387e-14,0.9999999999999309,0.06669671829584244,0
TUR.39.3_1,2051,7,24.72124458761776,42.85844728153191,Isparta,Eğirdir,2.0932180549008123e-4,2.025674374783737e-5,31,Isparta,E<U+011F>irdir,albopictus,1.4908917306808434e-6,1.4908917306808434e-6,0.9999985091082694,0.1219440686517867,3.1207614270556405e-10
TUR.39.3_1,2051,8,23.86434841156006,44.86624701868673,Isparta,Eğirdir,2.48556449451702e-4,2.4053560655379336e-5,31,Isparta,E<U+011F>irdir,albopictus,4.60584603690084e-7,4.60584603690084e-7,0.9999995394153963,0.11632342157221122,1.1448131331803779e-10
TUR.39.3_1,2051,9,17.973721335915958,65.64936296264038,Isparta,Eğirdir,1.9811149293351944e-4,1.981095305381153e-5,30,Isparta,E<U+011F>irdir,albopictus,0,0,1,0.04077970935777345,0
TUR.39.3_1,2051,10,16.44276651214151,50.68080752224361,Isparta,Eğirdir,1.9523060823160686e-4,1.889310619063167e-5,31,Isparta,E<U+011F>irdir,albopictus,0,0,1,0.016304788413601855,0
TUR.39.3_1,2051,11,8.007986323360136,67.91750514218779,Isparta,Eğirdir,1.1324343625582938e-4,1.132427950545356e-5,30,Isparta,E<U+011F>irdir,albopictus,0,0,1,0,0
TUR.39.3_1,2051,12,6.02562354220187,76.06835918443487,Isparta,Eğirdir,9.314450436731637e-5,9.013943667812718e-6,31,Isparta,E<U+011F>irdir,albopictus,0,0,1,0,0
TUR.39.3_1,2052,1,2.7856355087064646,74.87379137981453,Isparta,Eğirdir,9.268695206761667e-5,8.969664811120381e-6,31,Isparta,E<U+011F>irdir,albopictus,0,0,1,0,0
TUR.39.3_1,2052,2,4.763342161827228,71.73791428669972,Isparta,Eğirdir,7.18088109904487e-5,7.428470097492479e-6,29,Isparta,E<U+011F>irdir,albopictus,0,0,1,0,0
TUR.39.3_1,2052,3,6.9488293188898,70.96703049996079,Isparta,Eğirdir,8.51116031096639e-5,8.236572831776812e-6,31,Isparta,E<U+011F>irdir,albopictus,0,0,1,0,0
TUR.39.3_1,2052,4,12.020055153790643,58.20937781482941,Isparta,Eğirdir,1.1254444086314848e-4,1.125438075533225e-5,30,Isparta,E<U+011F>irdir,albopictus,0,0,1,6.387572478665858e-5,0
TUR.39.3_1,2052,5,16.509879056145163,49.86467145348931,Isparta,Eğirdir,1.5730736969467725e-4,1.522317796764927e-5,31,Isparta,E<U+011F>irdir,albopictus,0,0,1,0.016736999463963755,0
TUR.39.3_1,2052,6,20.504987997167248,52.288421344690384,Isparta,Eğirdir,1.7693474237732556e-4,1.7693317709177592e-5,30,Isparta,E<U+011F>irdir,albopictus,1.4880526810756578e-12,1.4880526810756578e-12,0.999999999998512,0.07436736696455441,2.220446049250313e-16
TUR.39.3_1,2052,7,26.469367756563074,32.25377198856316,Isparta,Eğirdir,2.0778053065783874e-4,2.010759112913707e-5,31,Isparta,E<U+011F>irdir,albopictus,6.094013925145302e-8,6.094013925145302e-8,0.9999999390598607,0.10397275798174989,1.2662204618152373e-11
TUR.39.3_1,2052,8,24.333788871765137,40.51532538782735,Isparta,Eğirdir,2.4672628274243576e-4,2.3876451992532743e-5,31,Isparta,E<U+011F>irdir,albopictus,2.33033916646197e-7,2.33033916646197e-7,0.9999997669660834,0.11295623029548985,5.749556386547283e-11
TUR.39.3_1,2052,9,20.312241385964786,51.243040483392335,Isparta,Eğirdir,1.966527616880024e-4,1.9665082808484335e-5,30,Isparta,E<U+011F>irdir,albopictus,2.9726432426713243e-13,2.9726432426713243e-13,0.9999999999997027,0.06968091401135867,1.1102230246251565e-16
TUR.39.3_1,2052,10,13.664164865718169,70.0685257229272,Isparta,Eğirdir,1.9379308946835007e-4,1.8753994090237036e-5,31,Isparta,E<U+011F>irdir,albopictus,0,0,1,0.0023107777041145904,0
TUR.39.3_1,2052,11,6.6276753110920685,72.23856532285185,Isparta,Eğirdir,1.1240960407189076e-4,1.1240897227815516e-5,30,Isparta,E<U+011F>irdir,albopictus,0,0,1,0,0
TUR.39.3_1,2052,12,1.4983912044588257,80.62552623765752,Isparta,Eğirdir,9.245866430394156e-5,8.947572644801838e-6,31,Isparta,E<U+011F>irdir,albopictus,0,0,1,0,0
TUR.39.3_1,2053,1,-4.227330885717974,78.5202910136036,Isparta,Eğirdir,9.282603096059593e-5,8.983123938044457e-6,31,Isparta,E<U+011F>irdir,albopictus,0,0,1,0,0
TUR.39.3_1,2053,2,1.4045508701135132,81.32533188923878,Isparta,Eğirdir,6.943668031506296e-5,7.439616645399383e-6,28,Isparta,E<U+011F>irdir,albopictus,0,0,1,0,0
TUR.39.3_1,2053,3,7.156078960308257,64.99374101021469,Isparta,Eğirdir,8.523931501814859e-5,8.248931946841509e-6,31,Isparta,E<U+011F>irdir,albopictus,0,0,1,0,0
TUR.39.3_1,2053,4,11.645881989422968,51.478539039194644,Isparta,Eğirdir,1.1271331637255996e-4,1.127126811606427e-5,30,Isparta,E<U+011F>irdir,albopictus,0,0,1,1.0851802083401328e-5,0
TUR.39.3_1,2053,5,15.15985101812026,55.33810208703423,Isparta,Eğirdir,1.575434130033261e-4,1.5246020520498504e-5,31,Isparta,E<U+011F>irdir,albopictus,0,0,1,0.00774060585191692,0
TUR.39.3_1,2053,6,23.20440511142506,27.30991716378218,Isparta,Eğirdir,1.7720023700791237e-4,1.7719866702070597e-5,30,Isparta,E<U+011F>irdir,albopictus,1.9346961421806698e-11,1.9346961421806698e-11,0.999999999980653,0.07818579760312751,3.4416913763379853e-15
TUR.39.3_1,2053,7,26.394283070283777,29.758895126990893,Isparta,Eğirdir,2.0809231009973314e-4,2.0137762726024633e-5,31,Isparta,E<U+011F>irdir,albopictus,1.691595621955422e-8,1.691595621955422e-8,0.9999999830840438,0.09919850684049192,3.5200731218765213e-12
TUR.39.3_1,2053,8,25.654786109924316,39.745958169809775,Isparta,Eğirdir,2.4709650117671626e-4,2.3912278726889724e-5,31,Isparta,E<U+011F>irdir,albopictus,1.6548637744193128e-6,1.6548637744193128e-6,0.9999983451362255,0.12076656543457602,4.089110161586973e-10
TUR.39.3_1,2053,9,21.521738837747012,51.63784639159546,Isparta,Eğirdir,1.9694784365786728e-4,1.969459042483468e-5,30,Isparta,E<U+011F>irdir,albopictus,5.298338829895499e-10,5.298338829895499e-10,0.9999999994701662,0.091770768508601,1.0436096431476471e-13
TUR.39.3_1,2053,10,14.73558648894815,60.69934695095455,Isparta,Eğirdir,1.940838804345977e-4,1.8782134623251956e-5,31,Isparta,E<U+011F>irdir,albopictus,0,0,1,0.005963821181476024,0
TUR.39.3_1,2053,11,9.025199191096952,81.97718989560576,Isparta,Eğirdir,1.1257827725561085e-4,1.125776435650927e-5,30,Isparta,E<U+011F>irdir,albopictus,0,0,1,0,0
TUR.39.3_1,2053,12,4.538625937831752,78.15029125230596,Isparta,Eğirdir,9.259740064590643e-5,8.960998622242755e-6,31,Isparta,E<U+011F>irdir,albopictus,0,0,1,0,0
TUR.39.3_1,2054,1,3.212236084153547,83.62373797405282,Isparta,Eğirdir,8.851356894541004e-5,8.565792566139763e-6,31,Isparta,E<U+011F>irdir,albopictus,0,0,1,0,0
TUR.39.3_1,2054,2,5.257176657371661,78.03702469929738,Isparta,Eğirdir,6.62108282214145e-5,7.093992146933736e-6,28,Isparta,E<U+011F>irdir,albopictus,0,0,1,0,0
TUR.39.3_1,2054,3,5.268307353862944,78.65539262154282,Isparta,Eğirdir,8.127931258766363e-5,7.865708993026743e-6,31,Isparta,E<U+011F>irdir,albopictus,0,0,1,0,0
TUR.39.3_1,2054,4,8.881639817181757,75.61789755970246,Isparta,Eğirdir,1.0747694150624009e-4,1.0747636394414783e-5,30,Isparta,E<U+011F>irdir,albopictus,0,0,1,0,0
TUR.39.3_1,2054,5,12.373607579399557,69.8842484798565,Isparta,Eğirdir,1.5022434552528226e-4,1.4537734215669396e-5,31,Isparta,E<U+011F>irdir,albopictus,0,0,1,2.392558635220293e-4,0
TUR.39.3_1,2054,6,20.292211813085217,46.554534625940384,Isparta,Eğirdir,1.689679633313297e-4,1.6896653583065024e-5,30,Isparta,E<U+011F>irdir,albopictus,4.25730561914861e-14,4.25730561914861e-14,0.9999999999999575,0.06462607657314327,0
TUR.39.3_1,2054,7,26.43844772787655,25.042845932654956,Isparta,Eğirdir,0.00019842486904175752,1.9202222316438977e-5,31,Isparta,E<U+011F>irdir,albopictus,1.2640985000422767e-9,1.2640985000422767e-9,0.9999999987359015,0.08903591667424814,2.5079938126282286e-13
TUR.39.3_1,2054,8,26.859732627868652,34.329889139048056,Isparta,Eğirdir,2.3561702430602828e-4,2.2801387557946917e-5,31,Isparta,E<U+011F>irdir,albopictus,1.8618535647391132e-7,1.8618535647391132e-7,0.9999998138146435,0.10914773499377307,4.3868464416618735e-11
TUR.39.3_1,2054,9,17.30109197953168,59.18592302123413,Isparta,Eğirdir,1.877981462512437e-4,1.877963828555984e-5,30,Isparta,E<U+011F>irdir,albopictus,0,0,1,0.02802267414359947,0
TUR.39.3_1,2054,10,11.723707521662993,67.90884249538814,Isparta,Eğirdir,1.8506723549704376e-4,1.790957208913646e-5,31,Isparta,E<U+011F>irdir,albopictus,0,0,1,2.6123216994566894e-5,0
TUR.39.3_1,2054,11,9.22409464550369,78.52150141904326,Isparta,Eğirdir,1.0734817596423952e-4,1.0734759978481279e-5,30,Isparta,E<U+011F>irdir,albopictus,0,0,1,0,0
TUR.39.3_1,2054,12,2.664439422023647,75.97934703843877,Isparta,Eğirdir,8.829556021539258e-5,8.54469512767686e-6,31,Isparta,E<U+011F>irdir,albopictus,0,0,1,0,0
TUR.39.3_1,2055,1,4.839411534478559,84.51115862834969,Isparta,Eğirdir,9.533142729513608e-5,9.225579440386156e-6,31,Isparta,E<U+011F>irdir,albopictus,0,0,1,0,0
TUR.39.3_1,2055,2,4.145858545951984,77.33718796834034,Isparta,Eğirdir,7.131079259309242e-5,7.640412875487002e-6,28,Isparta,E<U+011F>irdir,albopictus,0,0,1,0,0
TUR.39.3_1,2055,3,4.474178697475615,71.32244584419907,Isparta,Eğirdir,8.753994411103564e-5,8.471571610657591e-6,31,Isparta,E<U+011F>irdir,albopictus,0,0,1,0,0
TUR.39.3_1,2055,4,12.482700684491327,49.79613547474152,Isparta,Eğirdir,1.1575547520205413e-4,1.157548052377333e-5,30,Isparta,E<U+011F>irdir,albopictus,0,0,1,2.021400248466423e-4,0
TUR.39.3_1,2055,5,14.898448887993307,67.50046704675103,Isparta,Eğirdir,1.6179554664929688e-4,1.5657510966549104e-5,31,Isparta,E<U+011F>irdir,albopictus,0,0,1,0.007532174089628572,0
TUR.39.3_1,2055,6,21.162563604467053,37.0059048651982,Isparta,Eğirdir,1.8198291294143067e-4,1.8198125706248014e-5,30,Isparta,E<U+011F>irdir,albopictus,1.9057366795749432e-13,1.9057366795749432e-13,0.9999999999998094,0.06753660743917601,0
TUR.39.3_1,2055,7,23.273189320283777,46.694979874305346,Isparta,Eğirdir,2.1370877032726536e-4,2.0681280042067485e-5,31,Isparta,E<U+011F>irdir,albopictus,1.527038992382712e-7,1.527038992382712e-7,0.9999998472961008,0.11243021132358835,3.2634117630436776e-11
TUR.39.3_1,2055,8,25.06246852874756,36.16958793055196,Isparta,Eğirdir,2.537656936642054e-4,2.455766881015453e-5,31,Isparta,E<U+011F>irdir,albopictus,1.2439711124528907e-7,1.2439711124528907e-7,0.9999998756028887,0.1089529270758801,3.1567748415284314e-11
TUR.39.3_1,2055,9,21.79484255173627,42.986631791986085,Isparta,Eğirdir,2.0226351212381154e-4,2.0226146661084243e-5,30,Isparta,E<U+011F>irdir,albopictus,6.20528377015539e-11,6.20528377015539e-11,0.9999999999379472,0.08390722905420187,1.2545520178264269e-14
TUR.39.3_1,2055,10,16.41077073882608,59.104475429958455,Isparta,Eğirdir,1.9932224986181775e-4,1.9289063950211904e-5,31,Isparta,E<U+011F>irdir,albopictus,0,0,1,0.01811720038118556,0
TUR.39.3_1,2055,11,9.78483273220413,75.84305751035185,Isparta,Eğirdir,1.1561679134768467e-4,1.1561612298760515e-5,30,Isparta,E<U+011F>irdir,albopictus,0,0,1,0,0
TUR.39.3_1,2055,12,4.4285270990256,79.18413524644659,Isparta,Eğirdir,9.509662619466094e-5,9.202856962597927e-6,31,Isparta,E<U+011F>irdir,albopictus,0,0,1,0,0
TUR.39.3_1,2056,1,5.156951464822187,77.80962054241219,Isparta,Eğirdir,9.381709560946385e-5,9.079032553982458e-6,31,Isparta,E<U+011F>irdir,albopictus,0,0,1,0,0
TUR.39.3_1,2056,2,3.6489479738999817,73.46563645466847,Isparta,Eğirdir,7.26843847597682e-5,7.51904601736797e-6,29,Isparta,E<U+011F>irdir,albopictus,0,0,1,0,0
TUR.39.3_1,2056,3,7.2746788519708545,64.40954301216782,Isparta,Eğirdir,8.614937947888226e-5,8.337001970781799e-6,31,Isparta,E<U+011F>irdir,albopictus,0,0,1,0,0
TUR.39.3_1,2056,4,10.921236374798944,61.12782340198761,Isparta,Eğirdir,1.1391670923722879e-4,1.1391606038912983e-5,30,Isparta,E<U+011F>irdir,albopictus,0,0,1,1.1410326382826275e-8,0
TUR.39.3_1,2056,5,17.16590398900649,49.44693540002251,Isparta,Eğirdir,1.5922543803093792e-4,1.5408794641125212e-5,31,Isparta,E<U+011F>irdir,albopictus,0,0,1,0.023034706982579152,0
TUR.39.3_1,2056,6,22.661623281591076,35.70466585152632,Isparta,Eğirdir,1.7909212971141603e-4,1.7909052602127495e-5,30,Isparta,E<U+011F>irdir,albopictus,1.1905128677325293e-10,1.1905128677325293e-10,0.9999999998809487,0.08525189899092356,2.1316282072803006e-14
TUR.39.3_1,2056,7,23.55880333395565,48.04706117313347,Isparta,Eğirdir,2.103140245273235e-4,2.0352762995279328e-5,31,Isparta,E<U+011F>irdir,albopictus,7.96198602191156e-7,7.96198602191156e-7,0.9999992038013978,0.11941471455749263,1.6745171915744095e-10
TUR.39.3_1,2056,8,26.054057121276855,39.398370584360556,Isparta,Eğirdir,2.49734647014053e-4,2.4167577025280274e-5,31,Isparta,E<U+011F>irdir,albopictus,2.000988546824012e-6,2.000988546824012e-6,0.9999979990114531,0.1210882019221181,4.997161573427888e-10
TUR.39.3_1,2056,9,20.257164786843692,46.106653612054444,Isparta,Eğirdir,1.9905057328553963e-4,1.9904859224206817e-5,30,Isparta,E<U+011F>irdir,albopictus,2.929428921660815e-14,2.929428921660815e-14,0.9999999999999707,0.06367073438273037,0
TUR.39.3_1,2056,10,14.14910730193643,63.629003933376424,Isparta,Eğirdir,1.9615603272661467e-4,1.898266170374807e-5,31,Isparta,E<U+011F>irdir,albopictus,0,0,1,0.0035914957143310484,0
TUR.39.3_1,2056,11,5.421504990581204,75.06055628964873,Isparta,Eğirdir,1.1378022836419427e-4,1.137795810701725e-5,30,Isparta,E<U+011F>irdir,albopictus,0,0,1,0,0
TUR.39.3_1,2056,12,3.0504245580557514,69.52770214097784,Isparta,Eğirdir,9.358602430467486e-5,9.056671017582119e-6,31,Isparta,E<U+011F>irdir,albopictus,0,0,1,0,0
TUR.39.3_1,2057,1,2.7668762580655955,83.19420306194344,Isparta,Eğirdir,9.600297220391199e-5,9.290567055675325e-6,31,Isparta,E<U+011F>irdir,albopictus,0,0,1,0,0
TUR.39.3_1,2057,2,5.575125952415607,74.76772233113331,Isparta,Eğirdir,7.181312850754808e-5,7.69423416790982e-6,28,Isparta,E<U+011F>irdir,albopictus,0,0,1,0,0
TUR.39.3_1,2057,3,5.04138245762271,70.26192948677719,Isparta,Eğirdir,8.815660333297611e-5,8.531247802201491e-6,31,Isparta,E<U+011F>irdir,albopictus,0,0,1,0,0
TUR.39.3_1,2057,4,12.846462586346796,50.77221732288605,Isparta,Eğirdir,1.1657089360331456e-4,1.1657021416699997e-5,30,Isparta,E<U+011F>irdir,albopictus,0,0,1,4.687269492892959e-4,0
TUR.39.3_1,2057,5,15.752564374138327,65.30454419518853,Isparta,Eğirdir,1.6293528596399918e-4,1.576780658651966e-5,31,Isparta,E<U+011F>irdir,albopictus,0,0,1,0.013313295641260823,0
TUR.39.3_1,2057,6,22.365474981420178,43.9218976020146,Isparta,Eğirdir,1.8326485848800978e-4,1.8326317919759028e-5,30,Isparta,E<U+011F>irdir,albopictus,1.4203986964944625e-9,1.4203986964944625e-9,0.9999999985796013,0.09406299135684561,2.603472992745992e-13
TUR.39.3_1,2057,7,27.209956898408777,30.671977249793628,Isparta,Eğirdir,2.1521420290858745e-4,2.0826964042375273e-5,31,Isparta,E<U+011F>irdir,albopictus,2.3829913906425747e-8,2.3829913906425747e-8,0.9999999761700861,0.0995452396750943,5.128564239953448e-12
TUR.39.3_1,2057,8,26.27181339263916,35.6462457979836,Isparta,Eğirdir,2.555532999598144e-4,2.473065870445268e-5,31,Isparta,E<U+011F>irdir,albopictus,3.8109523600043937e-7,3.8109523600043937e-7,0.999999618904764,0.11287511301517225,9.739009598774828e-11
TUR.39.3_1,2057,9,20.82119638779584,51.69956437865601,Isparta,Eğirdir,2.0368832066441344e-4,2.0368624623179343e-5,30,Isparta,E<U+011F>irdir,albopictus,9.602531159114136e-12,9.602531159114136e-12,0.9999999999903975,0.0792149100728874,1.9984014443252818e-15
TUR.39.3_1,2057,10,12.57088693450479,71.10389559597408,Isparta,Eğirdir,2.007263392151227e-4,1.942494093487568e-5,31,Isparta,E<U+011F>irdir,albopictus,0,0,1,3.929857601547005e-4,0
TUR.39.3_1,2057,11,5.544293419841458,74.40889155576201,Isparta,Eğirdir,1.1643123281574509e-4,1.1643055500720756e-5,30,Isparta,E<U+011F>irdir,albopictus,0,0,1,0,0
TUR.39.3_1,2057,12,4.155102712047451,78.06718425767706,Isparta,Eğirdir,9.576651708977028e-5,9.267684515035235e-6,31,Isparta,E<U+011F>irdir,albopictus,0,0,1,0,0
TUR.39.3_1,2058,1,3.2729336396955393,80.26490466106453,Isparta,Eğirdir,9.85718148407081e-5,9.539162389660127e-6,31,Isparta,E<U+011F>irdir,albopictus,0,0,1,0,0
TUR.39.3_1,2058,2,3.9360950190354798,72.93296738728566,Isparta,Eğirdir,7.37347005397147e-5,7.900115280290443e-6,28,Isparta,E<U+011F>irdir,albopictus,0,0,1,0,0
TUR.39.3_1,2058,3,7.985541011699858,71.234295819785,Isparta,Eğirdir,9.051549323146658e-5,8.75952549628245e-6,31,Isparta,E<U+011F>irdir,albopictus,0,0,1,0,0
TUR.39.3_1,2058,4,10.497100212994745,62.02098899036652,Isparta,Eğirdir,1.1969009163253365e-4,1.1968937534967417e-5,30,Isparta,E<U+011F>irdir,albopictus,0,0,1,2.0209465081794112e-19,0
TUR.39.3_1,2058,5,19.269461575676413,49.17546246911431,Isparta,Eğirdir,1.6729510004073284e-4,1.6189717336190235e-5,31,Isparta,E<U+011F>irdir,albopictus,4.729550084903167e-17,4.729550084903167e-17,1,0.05052676870940092,0
TUR.39.3_1,2058,6,20.459350866429943,59.3525616645146,Isparta,Eğirdir,1.8816865023010772e-4,1.8816687986866754e-5,30,Isparta,E<U+011F>irdir,albopictus,1.8431791315443037e-11,1.8431791315443037e-11,0.9999999999815682,0.08151544095216949,3.4416913763379853e-15
TUR.39.3_1,2058,7,25.40609146566952,39.56065293949089,Isparta,Eğirdir,2.2097289358017833e-4,2.1384244926037077e-5,31,Isparta,E<U+011F>irdir,albopictus,1.1718254685491592e-6,1.1718254685491592e-6,0.9999988281745315,0.11925919074010259,2.589416459031213e-10
TUR.39.3_1,2058,8,26.93027400970459,33.83467849146505,Isparta,Eğirdir,2.623913821341491e-4,2.5392392007828057e-5,31,Isparta,E<U+011F>irdir,albopictus,1.4959646683820883e-7,1.4959646683820883e-7,0.9999998504035331,0.10804220760363888,3.925282321404211e-11
TUR.39.3_1,2058,9,20.121512244729434,47.83228532592163,Isparta,Eğirdir,2.0913860236640872e-4,2.0913641543440775e-5,30,Isparta,E<U+011F>irdir,albopictus,2.0857315874422967e-14,2.0857315874422967e-14,0.9999999999999791,0.06276764655036908,0
TUR.39.3_1,2058,10,14.771589601741118,68.26551668972408,Isparta,Eğirdir,2.0609736436847512e-4,1.9944707330910028e-5,31,Isparta,E<U+011F>irdir,albopictus,0,0,1,0.006915669743411315,0
TUR.39.3_1,2058,11,8.12014128399246,76.3472689361331,Isparta,Eğirdir,1.1954669380872913e-4,1.1954597924135335e-5,30,Isparta,E<U+011F>irdir,albopictus,0,0,1,0,0
TUR.39.3_1,2058,12,2.5878635467413593,79.97050457017706,Isparta,Eğirdir,9.83290326726747e-5,9.51566756501876e-6,31,Isparta,E<U+011F>irdir,albopictus,0,0,1,0,0
TUR.39.3_1,2059,1,2.5381677524351023,83.58367602336922,Isparta,Eğirdir,9.321526798806336e-5,9.020791698399755e-6,31,Isparta,E<U+011F>irdir,albopictus,0,0,1,0,0
TUR.39.3_1,2059,2,2.3869267899323914,74.78885575398488,Isparta,Eğirdir,6.972784139093092e-5,7.470812242393876e-6,28,Isparta,E<U+011F>irdir,albopictus,0,0,1,0,0
TUR.39.3_1,2059,3,5.121978427776519,73.44050309517563,Isparta,Eğirdir,8.559673951704919e-5,8.28352112858255e-6,31,Isparta,E<U+011F>irdir,albopictus,0,0,1,0,0
TUR.39.3_1,2059,4,9.868464806500604,52.740963508188784,Isparta,Eğirdir,1.1318594453264442e-4,1.1318530398263249e-5,30,Isparta,E<U+011F>irdir,albopictus,0,0,1,0,0
TUR.39.3_1,2059,5,17.57701582067153,53.60323880578423,Isparta,Eğirdir,1.582040222003359e-4,1.530994946608022e-5,31,Isparta,E<U+011F>irdir,albopictus,0,0,1,0.029198254765796846,0
TUR.39.3_1,2059,6,20.22140721713795,50.45276613228804,Isparta,Eğirdir,1.779432709694609e-4,1.779416877889517e-5,30,Isparta,E<U+011F>irdir,albopictus,1.253802617284805e-13,1.253802617284805e-13,0.9999999999998747,0.06742409602087465,0
TUR.39.3_1,2059,7,27.616374745088464,28.565131394080737,Isparta,Eğirdir,2.0896488034090216e-4,2.022220330344382e-5,31,Isparta,E<U+011F>irdir,albopictus,5.38877014838457e-9,5.38877014838457e-9,0.9999999946112299,0.09344162305635778,1.1260992138772963e-12
TUR.39.3_1,2059,8,27.647439002990723,37.65461905848165,Isparta,Eğirdir,2.4813262333577365e-4,2.4012546210538943e-5,31,Isparta,E<U+011F>irdir,albopictus,1.0051634715391721e-6,1.0051634715391721e-6,0.9999989948365284,0.11549513286009705,2.4941382292809067e-10
TUR.39.3_1,2059,9,20.932072471169864,55.824522416986085,Isparta,Eğirdir,1.977736830526815e-4,1.9777172734380954e-5,30,Isparta,E<U+011F>irdir,albopictus,1.0553303436688922e-10,1.0553303436688922e-10,0.999999999894467,0.08661074365772517,2.0872192862952943e-14
TUR.39.3_1,2059,10,15.696888292537016,44.83686678738033,Isparta,Eğirdir,1.9489771069231682e-4,1.886089090785692e-5,31,Isparta,E<U+011F>irdir,albopictus,0,0,1,0.009659299581453666,0
TUR.39.3_1,2059,11,7.9994428319966095,73.05899226376982,Isparta,Eğirdir,1.1305033917124934e-4,1.1304970015446614e-5,30,Isparta,E<U+011F>irdir,albopictus,0,0,1,0,0
TUR.39.3_1,2059,12,3.3920770706061054,79.631377983263,Isparta,Eğirdir,9.298567898341202e-5,8.9985736078102e-6,31,Isparta,E<U+011F>irdir,albopictus,0,0,1,0,0
TUR.39.3_1,2060,1,2.829413212945356,81.83138720500985,Isparta,Eğirdir,1.0704319422477972e-4,1.0358965141454846e-5,31,Isparta,E<U+011F>irdir,albopictus,0,0,1,0,0
TUR.39.3_1,2060,2,-0.801849583930829,77.58788987263722,Isparta,Eğirdir,8.293124685223827e-5,8.5790577015743e-6,29,Isparta,E<U+011F>irdir,albopictus,0,0,1,0,0
TUR.39.3_1,2060,3,9.11573662937564,61.40767381050766,Isparta,Eğirdir,9.8294502723574e-5,9.512325988891845e-6,31,Isparta,E<U+011F>irdir,albopictus,0,0,1,0,0
TUR.39.3_1,2060,4,14.348396637860468,45.811581183970034,Isparta,Eğirdir,1.2997640092258795e-4,1.2997555623339707e-5,30,Isparta,E<U+011F>irdir,albopictus,0,0,1,0.0033350103536225334,0
TUR.39.3_1,2060,5,18.05079168431899,44.38030408288384,Isparta,Eğirdir,1.816726405560565e-4,1.7581068730843086e-5,31,Isparta,E<U+011F>irdir,albopictus,0,0,1,0.03099242446654332,0
TUR.39.3_1,2060,6,25.780750555150647,10.477283191614212,Isparta,Eğirdir,2.0434008855518978e-4,2.0433800082542142e-5,30,Isparta,E<U+011F>irdir,albopictus,4.0857472960453834e-13,4.0857472960453834e-13,0.9999999999995914,0.0640238840864024,1.1102230246251565e-16
TUR.39.3_1,2060,7,24.85817886801327,43.111327377967456,Isparta,Eğirdir,2.3996356772104543e-4,2.322201111215616e-5,31,Isparta,E<U+011F>irdir,albopictus,2.2200598417578264e-6,2.2200598417578264e-6,0.9999977799401583,0.12378038033261238,5.327335239613262e-10
TUR.39.3_1,2060,8,28.82388401031494,32.481981119028525,Isparta,Eğirdir,2.849416106022092e-4,2.757461438773756e-5,31,Isparta,E<U+011F>irdir,albopictus,9.967930589271922e-9,9.967930589271922e-9,0.9999999900320694,0.09403408564860764,2.840283563898538e-12
TUR.39.3_1,2060,9,22.930291007546817,41.71243898192749,Isparta,Eğirdir,2.2711222339959552e-4,2.271096444206311e-5,30,Isparta,E<U+011F>irdir,albopictus,5.442327582982909e-9,5.442327582982909e-9,0.9999999945576724,0.09874160376975914,1.2360112933151868e-12
TUR.39.3_1,2060,10,15.737151468501372,62.83392184109127,Isparta,Eğirdir,2.2380961777929053e-4,2.1658760714582392e-5,31,Isparta,E<U+011F>irdir,albopictus,0,0,1,0.01276825943779466,0
TUR.39.3_1,2060,11,9.855119006160429,76.80743586728545,Isparta,Eğirdir,1.2982067931870226e-4,1.2981983665172336e-5,30,Isparta,E<U+011F>irdir,albopictus,0,0,1,0,0
TUR.39.3_1,2060,12,3.153235179317348,76.24467449205206,Isparta,Eğirdir,1.0677954706753597e-4,1.0333451164412644e-5,31,Isparta,E<U+011F>irdir,albopictus,0,0,1,0,0
TUR.39.3_1,2061,1,3.1500276700757883,77.73516528118172,Isparta,Eğirdir,9.678930271627449e-5,9.366662847010154e-6,31,Isparta,E<U+011F>irdir,albopictus,0,0,1,0,0
TUR.39.3_1,2061,2,3.232059260063312,73.68339463337941,Isparta,Eğirdir,7.240132752719668e-5,7.75725500457014e-6,28,Isparta,E<U+011F>irdir,albopictus,0,0,1,0,0
TUR.39.3_1,2061,3,5.847464229473296,75.94163987496079,Isparta,Eğirdir,8.887866667617885e-5,8.601124301343965e-6,31,Isparta,E<U+011F>irdir,albopictus,0,0,1,0,0
TUR.39.3_1,2061,4,8.309849598828485,72.94529013782746,Isparta,Eğirdir,1.1752568956837024e-4,1.1752499895711921e-5,30,Isparta,E<U+011F>irdir,albopictus,0,0,1,0,0
TUR.39.3_1,2061,5,18.838383618523093,51.427373632444386,Isparta,Eğirdir,1.6426983825912884e-4,1.58969547638943e-5,31,Isparta,E<U+011F>irdir,albopictus,5.551115123125783e-19,5.551115123125783e-19,1,0.04559010553637469,0
TUR.39.3_1,2061,6,21.21952847873463,46.478362750940384,Isparta,Eğirdir,1.847659239942613e-4,1.847642170826891e-5,30,Isparta,E<U+011F>irdir,albopictus,1.1703892466297106e-11,1.1703892466297106e-11,0.9999999999882961,0.07976576811430594,2.1094237467877974e-15
TUR.39.3_1,2061,7,25.07198692770565,39.084742752723315,Isparta,Eğirdir,2.1697695556671713e-4,2.0997549441958974e-5,31,Isparta,E<U+011F>irdir,albopictus,4.912775131574732e-7,4.912775131574732e-7,0.9999995087224869,0.1151141088217021,1.0659595428563762e-10
TUR.39.3_1,2061,8,26.790167808532715,37.88936026941915,Isparta,Eğirdir,2.576464576265011e-4,2.4933217319556e-5,31,Isparta,E<U+011F>irdir,albopictus,1.4411986775953456e-6,1.4411986775953456e-6,0.9999985588013224,0.11878757556358499,3.713197527233092e-10
TUR.39.3_1,2061,9,19.962517570046817,54.39259950438843,Isparta,Eğirdir,2.0535666840275333e-4,2.0535455984904694e-5,30,Isparta,E<U+011F>irdir,albopictus,8.351686009433479e-14,8.351686009433479e-14,0.9999999999999165,0.06669904689498173,0
TUR.39.3_1,2061,10,14.223099077449126,59.36323397488033,Isparta,Eğirdir,2.0237042628384828e-4,1.9584043031817266e-5,31,Isparta,E<U+011F>irdir,albopictus,0,0,1,0.0036365502544216323,0
TUR.39.3_1,2061,11,7.024092452052762,71.39823329160185,Isparta,Eğirdir,1.1738488486268941e-4,1.173841959045685e-5,30,Isparta,E<U+011F>irdir,albopictus,0,0,1,0,0
TUR.39.3_1,2061,12,6.596706134212368,81.41616039293096,Isparta,Eğirdir,9.655091087177136e-5,9.343592884292207e-6,31,Isparta,E<U+011F>irdir,albopictus,0,0,1,0,0
TUR.39.3_1,2062,1,4.023249663522138,81.29329363811532,Isparta,Eğirdir,1.0107594681925058e-4,9.781495401428586e-6,31,Isparta,E<U+011F>irdir,albopictus,0,0,1,0,0
TUR.39.3_1,2062,2,-0.11488113815293588,75.30244370564503,Isparta,Eğirdir,7.56078670411952e-5,8.100810085509558e-6,28,Isparta,E<U+011F>irdir,albopictus,0,0,1,0,0
TUR.39.3_1,2062,3,7.025313999065581,69.58760545113266,Isparta,Eğirdir,9.281496130477688e-5,8.982052690620357e-6,31,Isparta,E<U+011F>irdir,albopictus,0,0,1,0,0
TUR.39.3_1,2062,4,11.527995446149042,65.75053458362824,Isparta,Eğirdir,1.227307152271794e-4,1.227299620887301e-5,30,Isparta,E<U+011F>irdir,albopictus,0,0,1,8.826979592434023e-6,0
TUR.39.3_1,2062,5,17.10732931249282,54.510434850706105,Isparta,Eğirdir,1.7154508783432732e-4,1.660099973421758e-5,31,Isparta,E<U+011F>irdir,albopictus,0,0,1,0.02411865205403675,0
TUR.39.3_1,2062,6,23.848028463475842,32.230708789758744,Isparta,Eğirdir,1.9294891257144584e-4,1.9294705111971844e-5,30,Isparta,E<U+011F>irdir,albopictus,1.2703919682888198e-9,1.2703919682888198e-9,0.999999998729608,0.0917048749161848,2.4513724383723456e-13
TUR.39.3_1,2062,7,26.982166065889245,37.96791764896355,Isparta,Eğirdir,2.265865194437114e-4,2.1927487277251245e-5,31,Isparta,E<U+011F>irdir,albopictus,1.5255184166199086e-6,1.5255184166199086e-6,0.9999984744815834,0.11886342846105612,3.456619435127095e-10
TUR.39.3_1,2062,8,27.799588203430176,33.63966735254903,Isparta,Eğirdir,2.690572089930529e-4,2.6037455438276957e-5,31,Isparta,E<U+011F>irdir,albopictus,9.110283032970346e-8,9.110283032970346e-8,0.9999999088971697,0.10486155928809753,2.4511837004581594e-11
TUR.39.3_1,2062,9,21.600197623757754,43.217657487786866,Isparta,Eğirdir,2.144515882638452e-4,2.144492888056515e-5,30,Isparta,E<U+011F>irdir,albopictus,2.438030033413696e-11,2.438030033413696e-11,0.9999999999756197,0.08128467753559844,5.218048215738236e-15
TUR.39.3_1,2062,10,15.966690386042876,50.82136385769283,Isparta,Eğirdir,2.1133309023638604e-4,2.0451380245423145e-5,31,Isparta,E<U+011F>irdir,albopictus,0,0,1,0.012471567969706427,0
TUR.39.3_1,2062,11,8.1399552984272745,68.32074153134795,Isparta,Eğirdir,1.225836745052825e-4,1.2258292317102182e-5,30,Isparta,E<U+011F>irdir,albopictus,0,0,1,0,0
TUR.39.3_1,2062,12,3.461011868846767,77.2357481004505,Isparta,Eğirdir,1.0082699697953768e-4,9.757403716781354e-6,31,Isparta,E<U+011F>irdir,albopictus,0,0,1,0,0
TUR.39.3_1,2063,1,0.5164298192762278,61.67057482708016,Isparta,Eğirdir,9.251667098671569e-5,8.95318614446694e-6,31,Isparta,E<U+011F>irdir,albopictus,0,0,1,0,0
TUR.39.3_1,2063,2,2.1862999398042176,75.2494804488091,Isparta,Eğirdir,6.920526969256509e-5,7.414822834284074e-6,28,Isparta,E<U+011F>irdir,albopictus,0,0,1,0,0
TUR.39.3_1,2063,3,5.540405418285552,70.96054551460922,Isparta,Eğirdir,8.495523918301157e-5,8.22144096346289e-6,31,Isparta,E<U+011F>irdir,albopictus,0,0,1,0,0
TUR.39.3_1,2063,4,8.259431698743036,69.81764273792511,Isparta,Eğirdir,1.1233767832956562e-4,1.1233704734436856e-5,30,Isparta,E<U+011F>irdir,albopictus,0,0,1,0,0
TUR.39.3_1,2063,5,14.674184743095847,66.991792425169,Isparta,Eğirdir,1.5701837034419954e-4,1.5195210713914165e-5,31,Isparta,E<U+011F>irdir,albopictus,0,0,1,0.006131947426407079,0
TUR.39.3_1,2063,6,19.704250616185803,60.3403546332646,Isparta,Eğirdir,1.7660968433507848e-4,1.766081247955853e-5,30,Isparta,E<U+011F>irdir,albopictus,1.168606877932632e-13,1.168606877932632e-13,0.9999999999998831,0.0678428181799237,0
TUR.39.3_1,2063,7,24.886401905732995,41.71733400028191,Isparta,Eğirdir,2.0739880386068624e-4,2.0070650568304593e-5,31,Isparta,E<U+011F>irdir,albopictus,1.3045585971842576e-6,1.3045585971842576e-6,0.9999986954414029,0.1204894766878231,2.705639046141073e-10
TUR.39.3_1,2063,8,26.969731330871582,39.8845270479836,Isparta,Eğirdir,2.46273006232907e-4,2.3832587570327135e-5,31,Isparta,E<U+011F>irdir,albopictus,3.736140960872991e-6,3.736140960872991e-6,0.9999962638590392,0.1235647944984776,9.20110654334394e-10
TUR.39.3_1,2063,9,24.100460837869083,36.25275651732788,Isparta,Eğirdir,1.9629147842131382e-4,1.9628955191697273e-5,30,Isparta,E<U+011F>irdir,albopictus,1.7476973376506777e-8,1.7476973376506777e-8,0.9999999825230266,0.10173818393585975,3.4305891460917337e-12
TUR.39.3_1,2063,10,14.500966394648833,55.9275574001733,Isparta,Eğirdir,1.9343705988695078e-4,1.8719540260114798e-5,31,Isparta,E<U+011F>irdir,albopictus,0,0,1,0.0045285965196959505,0
TUR.39.3_1,2063,11,9.309294955257108,76.62518489072295,Isparta,Eğirdir,1.122030892555329e-4,1.1220245978105226e-5,30,Isparta,E<U+011F>irdir,albopictus,0,0,1,0,0
TUR.39.3_1,2063,12,5.401869517696254,75.8940275193958,Isparta,Eğirdir,9.228880262497676e-5,8.9311345647935525e-06,31,Isparta,E<U+011F>irdir,albopictus,0,0,1,0,0
TUR.39.3_1,2064,1,6.023631848504438,82.22484271038094,Isparta,Eğirdir,1.0408353758932638e-4,1.0072549683437515e-5,31,Isparta,E<U+011F>irdir,albopictus,0,0,1,0,0
TUR.39.3_1,2064,2,4.088398476295612,77.63927384480519,Isparta,Eğirdir,8.063826581023733e-5,8.34185477316396e-6,29,Isparta,E<U+011F>irdir,albopictus,0,0,1,0,0
TUR.39.3_1,2064,3,8.089655067333403,70.54748246529282,Isparta,Eğirdir,9.557674024160325e-5,9.249319183668447e-6,31,Isparta,E<U+011F>irdir,albopictus,0,0,1,0,0
TUR.39.3_1,2064,4,11.63031993192785,65.81352286487824,Isparta,Eğirdir,1.2638265990776846e-4,1.2638186128177686e-5,30,Isparta,E<U+011F>irdir,albopictus,0,0,1,1.4763182931903064e-5,0
TUR.39.3_1,2064,5,16.78595251195571,56.28597806359673,Isparta,Eğirdir,1.7664954086255363e-4,1.709497073698607e-5,31,Isparta,E<U+011F>irdir,albopictus,0,0,1,0.021164636449873472,0
TUR.39.3_1,2064,6,22.01526288425221,40.778011035852494,Isparta,Eğirdir,1.986902524926418e-4,1.9868827861535543e-5,30,Isparta,E<U+011F>irdir,albopictus,7.381610023227125e-11,7.381610023227125e-11,0.9999999999261839,0.0843080349603625,1.4654943925052066e-14
TUR.39.3_1,2064,7,25.866058125215417,30.971747605018237,Isparta,Eğirdir,2.333287716406774e-4,2.2579948776302317e-5,31,Isparta,E<U+011F>irdir,albopictus,2.102504654988291e-8,2.102504654988291e-8,0.9999999789749534,0.1008125477047408,4.905742478911179e-12
TUR.39.3_1,2064,8,27.091567039489746,31.36634238611837,Isparta,Eğirdir,2.7706320848012116e-4,2.6812209108939555e-5,31,Isparta,E<U+011F>irdir,albopictus,4.018253444526554e-8,4.018253444526554e-8,0.9999999598174656,0.10166550440516997,1.1133094446336145e-11
TUR.39.3_1,2064,9,21.907088111428653,39.301355760491944,Isparta,Eğirdir,2.208327564624853e-4,2.208303181250315e-5,30,Isparta,E<U+011F>irdir,albopictus,2.2457021686683732e-11,2.2457021686683732e-11,0.999999999977543,0.08048488016752185,4.9960036108132044e-15
TUR.39.3_1,2064,10,14.730740869746489,57.63538973659908,Isparta,Eğirdir,2.1762146518223912e-4,2.105992002865431e-5,31,Isparta,E<U+011F>irdir,albopictus,0,0,1,0.005700308986735712,0
TUR.39.3_1,2064,11,7.329331175807645,65.90138423154326,Isparta,Eğirdir,1.2623124387867022e-4,1.2623044716608689e-5,30,Isparta,E<U+011F>irdir,albopictus,0,0,1,0,0
TUR.39.3_1,2064,12,4.9042713464621235,68.47151165025518,Isparta,Eğirdir,1.0382718006001279e-4,1.0047741139773692e-5,31,Isparta,E<U+011F>irdir,albopictus,0,0,1,0,0
TUR.39.3_1,2065,1,5.363867558648481,85.0614287089161,Isparta,Eğirdir,9.944492666821312e-5,9.623656273105574e-6,31,Isparta,E<U+011F>irdir,albopictus,0,0,1,0,0
TUR.39.3_1,2065,2,3.096669932060382,77.00585099324269,Isparta,Eğirdir,7.438781460931767e-5,7.970091232545329e-6,28,Isparta,E<U+011F>irdir,albopictus,0,0,1,0,0
TUR.39.3_1,2065,3,6.959145213970366,76.16991135933579,Isparta,Eğirdir,9.131724521138659e-5,8.837113714910139e-6,31,Isparta,E<U+011F>irdir,albopictus,0,0,1,0,0
TUR.39.3_1,2065,4,8.075575211468866,70.4628301158548,Isparta,Eğirdir,1.2075026116282384e-4,1.2074953213425665e-5,30,Isparta,E<U+011F>irdir,albopictus,0,0,1,0,0
TUR.39.3_1,2065,5,15.4034823810353,48.39291165734673,Isparta,Eğirdir,1.6877693671752775e-4,1.6333118553535364e-5,31,Isparta,E<U+011F>irdir,albopictus,0,0,1,0.008326881435802354,0
TUR.39.3_1,2065,6,24.188883108251233,31.48141832345015,Isparta,Eğirdir,1.8983537691406966e-4,1.8983357505164555e-5,30,Isparta,E<U+011F>irdir,albopictus,1.9791224580845147e-9,1.9791224580845147e-9,0.9999999980208776,0.09346164619738462,3.7569947153315297e-13
TUR.39.3_1,2065,7,25.222900166231042,34.78045961063347,Isparta,Eğirdir,2.2293018783568782e-4,2.157365643074005e-5,31,Isparta,E<U+011F>irdir,albopictus,8.040814137844076e-8,8.040814137844076e-8,0.9999999195918586,0.10682855250731088,1.7925438910992852e-11
TUR.39.3_1,2065,8,27.40209674835205,37.753213724008994,Isparta,Eğirdir,2.6471554568482464e-4,2.5617305324576733e-5,31,Isparta,E<U+011F>irdir,albopictus,1.143888012162031e-6,1.143888012162031e-6,0.9999988561119878,0.11681313350753277,3.028048922715243e-10
TUR.39.3_1,2065,9,22.1919449076933,46.2246231249939,Isparta,Eğirdir,2.1099107294949643e-4,2.10988847103577e-5,30,Isparta,E<U+011F>irdir,albopictus,1.8302326887376097e-9,1.8302326887376097e-9,0.9999999981697673,0.0953724968626065,3.8613556796462944e-13
TUR.39.3_1,2065,10,15.538300836787505,57.93416445583736,Isparta,Eğirdir,2.0792289681645249e-4,2.0121368222159042e-5,31,Isparta,E<U+011F>irdir,albopictus,0,0,1,0.010452056549189723,0
TUR.39.3_1,2065,11,7.523898856166531,74.9439486236331,Isparta,Eğirdir,1.2060559317537056e-4,1.2060486589304809e-5,30,Isparta,E<U+011F>irdir,albopictus,0,0,1,0,0
TUR.39.3_1,2065,12,5.298599463832729,77.10350780504034,Isparta,Eğirdir,9.91999940276257e-5,9.599953342154244e-6,31,Isparta,E<U+011F>irdir,albopictus,0,0,1,0,0
TUR.39.3_1,2066,1,0.747846402337446,81.57417742717782,Isparta,Eğirdir,9.20425229215331e-5,8.907301257687905e-6,31,Isparta,E<U+011F>irdir,albopictus,0,0,1,0,0
TUR.39.3_1,2066,2,3.299242993049762,82.75910874470753,Isparta,Eğirdir,6.885059259085786e-5,7.376821997251426e-6,28,Isparta,E<U+011F>irdir,albopictus,0,0,1,0,0
TUR.39.3_1,2066,3,4.876148368725005,68.7941331610936,Isparta,Eğirdir,8.451984346615171e-5,8.179306239530781e-6,31,Isparta,E<U+011F>irdir,albopictus,0,0,1,0,0
TUR.39.3_1,2066,4,8.788832524243524,69.86615805774933,Isparta,Eğirdir,1.1176194757467586e-4,1.1176132304058228e-5,30,Isparta,E<U+011F>irdir,albopictus,0,0,1,0,0
TUR.39.3_1,2066,5,14.646380368401022,55.33001111413384,Isparta,Eğirdir,1.5621365098170196e-4,1.5117335826930756e-5,31,Isparta,E<U+011F>irdir,albopictus,0,0,1,0.00506641114181783,0
TUR.39.3_1,2066,6,20.292904180638928,57.11534852974898,Isparta,Eğirdir,1.7570455946161638e-4,1.7570301586555814e-5,30,Isparta,E<U+011F>irdir,albopictus,2.622959460740759e-12,2.622959460740759e-12,0.999999999997377,0.07566494647690851,4.440892098500626e-16
TUR.39.3_1,2066,7,25.194532170015222,40.14371415775261,Isparta,Eğirdir,2.0633588470759815e-4,1.996778948365474e-5,31,Isparta,E<U+011F>irdir,albopictus,1.0083253780958645e-6,1.0083253780958645e-6,0.9999989916746219,0.11870727937176044,2.0805368539100755e-10
TUR.39.3_1,2066,8,26.829617500305176,43.45021994959493,Isparta,Eğirdir,2.4501085673956e-4,2.371044697446756e-5,31,Isparta,E<U+011F>irdir,albopictus,2.7271593797905445e-5,2.7271593797905445e-5,0.9999727284062021,0.13436067969945867,6.681836528521501e-9
TUR.39.3_1,2066,9,22.76730234482709,46.81992570678101,Isparta,Eğirdir,1.9528548432627487e-4,1.9528357751763536e-05,30,Isparta,E<U+011F>irdir,albopictus,2.529216601043771e-8,2.529216601043771e-8,0.999999974707834,0.1052076153655118,4.9391601919523964e-12
TUR.39.3_1,2066,10,15.864569032893462,47.86863177151119,Isparta,Eğirdir,1.924456946907995e-4,1.8623603484146933e-5,31,Isparta,E<U+011F>irdir,albopictus,0,0,1,0.011140532979227617,0
TUR.39.3_1,2066,11,7.970907942775418,76.41764247128935,Isparta,Eğirdir,1.1162804826983143e-4,1.116274252310756e-5,30,Isparta,E<U+011F>irdir,albopictus,0,0,1,0,0
TUR.39.3_1,2066,12,3.5502419294241596,76.99960308091924,Isparta,Eğirdir,9.181582238545933e-5,8.88536269127993e-6,31,Isparta,E<U+011F>irdir,albopictus,0,0,1,0,0
TUR.39.3_1,2067,1,3.595527924706831,79.63629595745125,Isparta,Eğirdir,9.64444507889252e-5,9.333290391877469e-6,31,Isparta,E<U+011F>irdir,albopictus,0,0,1,0,0
TUR.39.3_1,2067,2,1.0631905544330094,70.03706284627003,Isparta,Eğirdir,7.214336784942538e-5,7.729616681606544e-6,28,Isparta,E<U+011F>irdir,albopictus,0,0,1,0,0
TUR.39.3_1,2067,3,7.3664499777643115,67.94566056587875,Isparta,Eğirdir,8.856199966191838e-5,8.570479369529593e-6,31,Isparta,E<U+011F>irdir,albopictus,0,0,1,0,0
TUR.39.3_1,2067,4,12.129247048321893,53.7919316783548,Isparta,Eğirdir,1.171069556853552e-4,1.171062699856229e-5,30,Isparta,E<U+011F>irdir,albopictus,0,0,1,8.258901629869534e-5,0
TUR.39.3_1,2067,5,16.32018274419448,55.06977628137017,Isparta,Eğirdir,1.6368455901091404e-4,1.584031573542699e-5,31,Isparta,E<U+011F>irdir,albopictus,0,0,1,0.01621219959226024,0
TUR.39.3_1,2067,6,22.249731344335217,35.03883333199507,Isparta,Eğirdir,1.8410761896250932e-4,1.8410592419249028e-5,30,Isparta,E<U+011F>irdir,albopictus,1.7003312868801858e-11,1.7003312868801858e-11,0.9999999999829967,0.07919815571826358,3.1086244689504383e-15
TUR.39.3_1,2067,7,25.001664890962488,38.94674607913933,Isparta,Eğirdir,2.162038854110523e-4,2.0922737769102362e-5,31,Isparta,E<U+011F>irdir,albopictus,4.5705237306020717e-7,4.5705237306020717e-7,0.9999995429476269,0.11520947428508384,9.881651052978668e-11
TUR.39.3_1,2067,8,25.2794771194458,37.35522254358907,Isparta,Eğirdir,2.567284855470073e-4,2.4844383522903968e-5,31,Isparta,E<U+011F>irdir,albopictus,2.9458725191039427e-7,2.9458725191039427e-7,0.9999997054127481,0.11298753224493158,7.562894754897798e-11
TUR.39.3_1,2067,9,20.881192039040958,41.932440202630616,Isparta,Eğirdir,2.0462500032678518e-4,2.04622906772034e-5,30,Isparta,E<U+011F>irdir,albopictus,2.8352237224638086e-13,2.8352237224638086e-13,0.9999999999997164,0.0686269322834623,1.1102230246251565e-16
TUR.39.3_1,2067,10,14.191695535884184,69.58070986599361,Isparta,Eğirdir,2.016493979306732e-4,1.9514267458498047e-5,31,Isparta,E<U+011F>irdir,albopictus,0,0,1,0.004167261799364756,0
TUR.39.3_1,2067,11,7.937651412013699,72.90895259091826,Isparta,Eğirdir,1.1696665265468152e-4,1.1696596859733788e-5,30,Isparta,E<U+011F>irdir,albopictus,0,0,1,0,0
TUR.39.3_1,2067,12,4.404166680705898,80.11220531480596,Isparta,Eğirdir,9.620690831397775e-5,9.310302624743194e-6,31,Isparta,E<U+011F>irdir,albopictus,0,0,1,0,0
TUR.39.3_1,2068,1,4.594187773873701,77.04359118450203,Isparta,Eğirdir,1.0022734985943465e-4,9.6993739149287e-6,31,Isparta,E<U+011F>irdir,albopictus,0,0,1,0,0
TUR.39.3_1,2068,2,3.4151475626756165,77.22434159382863,Isparta,Eğirdir,7.765070122145384e-5,8.032798897716908e-6,29,Isparta,E<U+011F>irdir,albopictus,0,0,1,0,0
TUR.39.3_1,2068,3,9.04621758640689,71.39706132271469,Isparta,Eğirdir,9.203572058067547e-5,8.90664297248378e-6,31,Isparta,E<U+011F>irdir,albopictus,0,0,1,0,0
TUR.39.3_1,2068,4,10.912051537457636,63.54370169788605,Isparta,Eğirdir,1.2170031269230069e-4,1.2169957214647198e-5,30,Isparta,E<U+011F>irdir,albopictus,0,0,1,1.1276195209227922e-8,0
TUR.39.3_1,2068,5,13.864334050346823,72.43812726403618,Isparta,Eğirdir,1.7010485754622633e-4,1.6461624913644002e-5,31,Isparta,E<U+011F>irdir,albopictus,0,0,1,0.0030208874682179513,0
TUR.39.3_1,2068,6,21.192409795873303,42.441138935022416,Isparta,Eğirdir,1.9132898354025187e-4,1.913271532127947e-5,30,Isparta,E<U+011F>irdir,albopictus,2.2928047793691066e-12,2.2928047793691066e-12,0.9999999999977072,0.0743831322844304,4.440892098500626e-16
TUR.39.3_1,2068,7,24.51436783285702,35.32068559329949,Isparta,Eğirdir,2.2468418127537295e-4,2.174339405502934e-5,31,Isparta,E<U+011F>irdir,albopictus,2.7437759091308855e-8,2.7437759091308855e-8,0.9999999725622409,0.10347054746204856,6.164846411138569e-12
TUR.39.3_1,2068,8,25.980368614196777,46.1944635714211,Isparta,Eğirdir,2.667983023317444e-4,2.5818857235848647e-5,31,Isparta,E<U+011F>irdir,albopictus,5.575640800244769e-5,5.575640800244769e-5,0.9999442435919975,0.13905584484884806,1.4875714882123248e-8
TUR.39.3_1,2068,9,21.404627631692325,44.07657853881226,Isparta,Eğirdir,2.1265113057281976e-4,2.126488695641804e-5,30,Isparta,E<U+011F>irdir,albopictus,1.3882961058531151e-11,1.3882961058531151e-11,0.999999999986117,0.07950950762849608,2.9976021664879227e-15
TUR.39.3_1,2068,10,17.901789034114167,40.408342770046346,Isparta,Eğirdir,2.0955881432281183e-4,2.027967962159316e-5,31,Isparta,E<U+011F>irdir,albopictus,0,0,1,0.02772839749434579,0
TUR.39.3_1,2068,11,8.58793617916458,70.20107447812529,Isparta,Eğirdir,1.2155450647093039e-4,1.2155376769906745e-5,30,Isparta,E<U+011F>irdir,albopictus,0,0,1,0,0
TUR.39.3_1,2068,12,4.86221383227145,77.76753978746221,Isparta,Eğirdir,9.998049011220936e-5,9.67548449337663e-6,31,Isparta,E<U+011F>irdir,albopictus,0,0,1,0,0
TUR.39.3_1,2069,1,4.589622534921064,81.58572833049813,Isparta,Eğirdir,9.36283581023418e-5,9.06076779960685e-6,31,Isparta,E<U+011F>irdir,albopictus,0,0,1,0,0
TUR.39.3_1,2069,2,3.9595885474015686,72.09523697957081,Isparta,Eğirdir,7.003684529758984e-5,7.5039195559511995e-6,28,Isparta,E<U+011F>irdir,albopictus,0,0,1,0,0
TUR.39.3_1,2069,3,2.4043540018884575,69.7473802314061,Isparta,Eğirdir,8.597606757855825e-5,8.320229991087835e-6,31,Isparta,E<U+011F>irdir,albopictus,0,0,1,0,0
TUR.39.3_1,2069,4,12.457832673016718,55.9502683177591,Isparta,Eğirdir,1.1368753612564067e-4,1.1368688988544484e-5,30,Isparta,E<U+011F>irdir,albopictus,0,0,1,2.2120124227861693e-4,0
TUR.39.3_1,2069,5,15.588332120110007,59.709748968137745,Isparta,Eğirdir,1.589051146181404e-4,1.53777960784085e-5,31,Isparta,E<U+011F>irdir,albopictus,0,0,1,0.01115726324858753,0
TUR.39.3_1,2069,6,23.681167883031506,33.58242387764937,Isparta,Eğirdir,1.7873183927727578e-4,1.7873024203307608e-5,30,Isparta,E<U+011F>irdir,albopictus,1.504019166098658e-9,1.504019166098658e-9,0.9999999984959809,0.09301148164024611,2.687849942617504e-13
TUR.39.3_1,2069,7,26.5813367507037,31.037825791053393,Isparta,Eğirdir,2.0989092312512995e-4,2.031181853079378e-5,31,Isparta,E<U+011F>irdir,albopictus,3.3988744278623526e-8,3.3988744278623526e-8,0.9999999660112557,0.10130846890042154,7.133960089333868e-12
TUR.39.3_1,2069,8,28.37385654449463,28.98395713221212,Isparta,Eğirdir,2.4923224076907986e-4,2.411895823994925e-5,31,Isparta,E<U+011F>irdir,albopictus,2.8528845283370964e-9,2.8528845283370964e-9,0.9999999971471155,0.08997658924098452,7.109868249699502e-13
TUR.39.3_1,2069,9,22.025803397683536,51.56882707396851,Isparta,Eğirdir,1.986501312472408e-4,1.9864815816617032e-5,30,Isparta,E<U+011F>irdir,albopictus,7.476799779138065e-9,7.476799779138065e-9,0.9999999925232003,0.10120129061991427,1.4852563623435344e-12
TUR.39.3_1,2069,10,13.16794618438272,56.7769226345483,Isparta,Eğirdir,1.9576141381005935e-4,1.8944473500592807e-5,31,Isparta,E<U+011F>irdir,albopictus,0,0,1,9.261108113873463e-4,0
TUR.39.3_1,2069,11,8.45824171734207,74.56771266171904,Isparta,Eğirdir,0.00011355132981940633,1.1355068512686195e-5,30,Isparta,E<U+011F>irdir,albopictus,0,0,1,0,0
TUR.39.3_1,2069,12,1.309041929376476,76.56430797593877,Isparta,Eğirdir,9.339775165762709e-5,9.038451248888357e-6,31,Isparta,E<U+011F>irdir,albopictus,0,0,1,0,0
TUR.39.3_1,2070,1,4.775403298547163,79.2275664042286,Isparta,Eğirdir,9.761896598288232e-5,9.446952085268023e-6,31,Isparta,E<U+011F>irdir,albopictus,0,0,1,0,0
TUR.39.3_1,2070,2,6.592803259544513,77.65226670369191,Isparta,Eğirdir,7.302194075838237e-5,7.823748761293103e-6,28,Isparta,E<U+011F>irdir,albopictus,0,0,1,0,0
TUR.39.3_1,2070,3,6.794788982280913,62.802655194785004,Isparta,Eğirdir,8.964052116688083e-5,8.674851518453153e-6,31,Isparta,E<U+011F>irdir,albopictus,0,0,1,0,0
TUR.39.3_1,2070,4,10.13140807432287,70.70462088733917,Isparta,Eğirdir,1.1853310200736115e-4,1.185323995056553e-5,30,Isparta,E<U+011F>irdir,albopictus,0,0,1,0,0
TUR.39.3_1,2070,5,14.959675732780905,69.08117841149712,Isparta,Eğirdir,1.6567793447214447e-4,1.603321996390683e-5,31,Isparta,E<U+011F>irdir,albopictus,0,0,1,0.0080628890764753,0
TUR.39.3_1,2070,6,23.74388150607838,36.68927736275679,Isparta,Eğirdir,1.8634970955482322e-4,1.8634797325445263e-5,30,Isparta,E<U+011F>irdir,albopictus,7.195810847682172e-9,7.195810847682172e-9,0.9999999928041892,0.09946541592805787,1.340927369142264e-12
TUR.39.3_1,2070,7,26.588056339937097,31.141951767615893,Isparta,Eğirdir,2.188368492190333e-4,2.117753535468836e-5,31,Isparta,E<U+011F>irdir,albopictus,3.4344669716135365e-8,3.4344669716135365e-8,0.9999999656553303,0.1013836909018468,7.515876809804922e-12
TUR.39.3_1,2070,8,25.395930290222168,43.62593253504415,Isparta,Eğirdir,2.598549641005166e-4,2.514693840083293e-5,31,Isparta,E<U+011F>irdir,albopictus,8.05737019383168e-6,8.05737019383168e-6,0.9999919426298062,0.1292552135852843,2.093747619724695e-9
TUR.39.3_1,2070,9,19.546915839700137,47.68425599852905,Isparta,Eğirdir,2.071169547106955e-4,2.0711480985369235e-5,30,Isparta,E<U+011F>irdir,albopictus,2.647326802218686e-16,2.647326802218686e-16,0.9999999999999998,0.05374114997837603,0
TUR.39.3_1,2070,10,14.543299997554106,73.94571535915767,Isparta,Eğirdir,2.0410511497592052e-4,1.9751912829324425e-5,31,Isparta,E<U+011F>irdir,albopictus,0,0,1,0.006101747907806797,0
TUR.39.3_1,2070,11,5.964612023357083,76.24662959287139,Isparta,Eğirdir,1.1839109034503543e-4,1.1839038952521364e-5,30,Isparta,E<U+011F>irdir,albopictus,0,0,1,0,0
TUR.39.3_1,2070,12,1.9193915547255207,79.46938304918096,Isparta,Eğirdir,9.737853067953722e-5,9.423684372289465e-6,31,Isparta,E<U+011F>irdir,albopictus,0,0,1,0,0
TUR.39.3_1,2071,1,3.31920865934123,85.395023984795,Isparta,Eğirdir,1.0159785436363738e-4,9.832002087817315e-6,31,Isparta,E<U+011F>irdir,albopictus,0,0,1,0,0
TUR.39.3_1,2071,2,0.7941040295888396,75.95362778767628,Isparta,Eğirdir,7.599826967867293e-5,8.142638599828445e-6,28,Isparta,E<U+011F>irdir,albopictus,0,0,1,0,0
TUR.39.3_1,2071,3,8.785631324657622,72.73227403023422,Isparta,Eğirdir,9.329421309574509e-5,9.028431478541599e-6,31,Isparta,E<U+011F>irdir,albopictus,0,0,1,0,0
TUR.39.3_1,2071,4,12.38762316984289,60.732147742807925,Isparta,Eğirdir,1.2336443757379859e-4,1.2336367663734471e-5,30,Isparta,E<U+011F>irdir,albopictus,0,0,1,2.097056586420261e-4,0
TUR.39.3_1,2071,5,17.297120991875143,60.55808423425103,Isparta,Eğirdir,1.7243086410811612e-4,1.6686718592118233e-5,31,Isparta,E<U+011F>irdir,albopictus,0,0,1,0.028606514388014793,0
TUR.39.3_1,2071,6,20.309042257421154,57.18591279976851,Isparta,Eğirdir,1.9394520789512305e-4,1.9394332717026508e-5,30,Isparta,E<U+011F>irdir,albopictus,2.8173567923062136e-12,2.8173567923062136e-12,0.9999999999971827,0.07580614614799863,5.551115123125783e-16
TUR.39.3_1,2071,7,26.13157631369198,44.15984651248894,Isparta,Eğirdir,2.277565031804504e-4,2.2040709020676452e-5,31,Isparta,E<U+011F>irdir,albopictus,2.5093049403883516e-5,2.5093049403883516e-5,0.9999749069505961,0.13472046258791084,5.715105166892442e-9
TUR.39.3_1,2071,8,29.39255428314209,35.12328704249044,Isparta,Eğirdir,2.7044649093068584e-4,2.6171898567683982e-5,31,Isparta,E<U+011F>irdir,albopictus,1.4890667907552224e-8,1.4890667907552224e-8,0.9999999851093321,0.09588137665764758,4.02711197722283e-12
TUR.39.3_1,2071,9,23.887612174539004,39.79294435302124,Isparta,Eğirdir,2.155589130561698e-4,2.1555658979099945e-5,30,Isparta,E<U+011F>irdir,albopictus,4.6330205882960665e-8,4.6330205882960665e-8,0.9999999536697941,0.1064794601375089,9.986900195713133e-12
TUR.39.3_1,2071,10,15.826686228022856,65.87268679470455,Isparta,Eğirdir,2.124243126057415e-4,2.0556980244834655e-5,31,Isparta,E<U+011F>irdir,albopictus,0,0,1,0.014123600215926,0
TUR.39.3_1,2071,11,8.248671309474638,64.16047084042998,Isparta,Eğirdir,1.2321663760438037e-4,1.2321587849029036e-5,30,Isparta,E<U+011F>irdir,albopictus,0,0,1,0,0
TUR.39.3_1,2071,12,3.874917489421718,75.01782207505987,Isparta,Eğirdir,1.013476190667647e-4,9.807786006565955e-6,31,Isparta,E<U+011F>irdir,albopictus,0,0,1,0,0
TUR.39.3_1,2072,1,4.347641505410566,72.33749072063485,Isparta,Eğirdir,1.0662738918596046e-4,1.0318726360258879e-5,31,Isparta,E<U+011F>irdir,albopictus,0,0,1,0,0
TUR.39.3_1,2072,2,5.46585347240462,70.29640885457081,Isparta,Eğirdir,8.260910371584873e-5,8.54573283493032e-6,29,Isparta,E<U+011F>irdir,albopictus,0,0,1,0,0
TUR.39.3_1,2072,3,6.017908241161528,76.53631303169907,Isparta,Eğirdir,9.791268162960635e-5,9.475375911227601e-6,31,Isparta,E<U+011F>irdir,albopictus,0,0,1,0,0
TUR.39.3_1,2072,4,9.893642762128046,64.19907431751496,Isparta,Eğirdir,1.294715127526991e-4,1.2947067461244188e-5,30,Isparta,E<U+011F>irdir,albopictus,0,0,1,0,0
TUR.39.3_1,2072,5,18.015335026909323,53.843713506711964,Isparta,Eğirdir,1.809669403954262e-4,1.7512776365191662e-5,31,Isparta,E<U+011F>irdir,albopictus,0,0,1,0.03490888715789006,0
TUR.39.3_1,2072,6,23.112100881688733,30.656936359338822,Isparta,Eğirdir,2.035463375926054e-4,2.0354426605084797e-5,30,Isparta,E<U+011F>irdir,albopictus,7.202875518252938e-11,7.202875518252938e-11,0.9999999999279713,0.08292744128770445,1.4654943925052066e-14
TUR.39.3_1,2072,7,27.92496658773983,26.451285568885424,Isparta,Eğirdir,2.3903143876773776e-4,2.3131807175058583e-5,31,Isparta,E<U+011F>irdir,albopictus,1.1753577861539632e-9,1.1753577861539632e-9,0.9999999988246422,0.0872502215114194,2.809974475326271e-13
TUR.39.3_1,2072,8,26.872153282165527,32.045953592173056,Isparta,Eğirdir,2.838347662267613e-4,2.746750336379833e-5,31,Isparta,E<U+011F>irdir,albopictus,5.320107167366972e-8,5.320107167366972e-8,0.9999999467989283,0.10360611719984379,1.510036540253168e-11
TUR.39.3_1,2072,9,22.572716544656192,37.78801194945679,Isparta,Eğirdir,2.262300149831623e-4,2.2622745600164862e-5,30,Isparta,E<U+011F>irdir,albopictus,2.371176507920403e-10,2.371176507920403e-10,0.9999999997628823,0.08736976233728369,5.362377208939506e-14
TUR.39.3_1,2072,10,15.233658159480376,60.37988894314205,Isparta,Eğirdir,2.2294023820329035e-4,2.157462902596663e-5,31,Isparta,E<U+011F>irdir,albopictus,0,0,1,0.008789907701672043,0
TUR.39.3_1,2072,11,9.676463858607939,76.05357539365264,Isparta,Eğirdir,1.2931639604320225e-4,1.2931555991024801e-5,30,Isparta,E<U+011F>irdir,albopictus,0,0,1,0,0
TUR.39.3_1,2072,12,4.643636447322719,79.62902812974737,Isparta,Eğirdir,1.0636476615563336e-4,1.029331149016155e-5,31,Isparta,E<U+011F>irdir,albopictus,0,0,1,0,0
TUR.39.3_1,2073,1,4.5837381259702585,84.27876727092782,Isparta,Eğirdir,1.0424588003401439e-4,1.008826008419561e-5,31,Isparta,E<U+011F>irdir,albopictus,0,0,1,0,0
TUR.39.3_1,2073,2,5.192746420555255,72.20388718709034,Isparta,Eğirdir,7.797907301624211e-5,8.354865778215093e-6,28,Isparta,E<U+011F>irdir,albopictus,0,0,1,0,0
TUR.39.3_1,2073,3,8.277073051342192,70.7357835517186,Isparta,Eğirdir,9.57258143605802e-5,9.263745577747784e-6,31,Isparta,E<U+011F>irdir,albopictus,0,0,1,0,0
TUR.39.3_1,2073,4,9.350851872388056,68.92186026722199,Isparta,Eğirdir,1.2657978301148685e-4,1.265789818927221e-5,30,Isparta,E<U+011F>irdir,albopictus,0,0,1,0,0
TUR.39.3_1,2073,5,15.45372766606948,69.51209424401665,Isparta,Eğirdir,1.7692506683890727e-4,1.7121634084960036e-5,31,Isparta,E<U+011F>irdir,albopictus,0,0,1,0.011659501847334849,0
TUR.39.3_1,2073,6,22.27508382236256,46.130489063196244,Isparta,Eğirdir,1.9900015607655534e-4,1.9899817603641345e-5,30,Isparta,E<U+011F>irdir,albopictus,2.3937679738961216e-09,2.3937679738961216e-09,0.999999997606232,0.09635888135010959,4.763966998666547e-13
TUR.39.3_1,2073,7,27.313018574434167,34.03115007083855,Isparta,Eğirdir,2.3369270203813997e-4,2.2615167051154295e-5,31,Isparta,E<U+011F>irdir,albopictus,1.4245830069031795e-7,1.4245830069031795e-7,0.9999998575416993,0.10746314525684338,3.329148068331733e-11
TUR.39.3_1,2073,8,29.62576198577881,28.165859063974814,Isparta,Eğirdir,2.774953528868114e-4,2.6854028413181297e-5,31,Isparta,E<U+011F>irdir,albopictus,9.021814012522001e-11,9.021814012522001e-11,0.9999999999097818,0.07656227367342762,2.4980018054066022e-14
TUR.39.3_1,2073,9,23.138733695535098,37.84077684203491,Isparta,Eğirdir,2.2117719642274837e-4,2.2117475047322976e-5,30,Isparta,E<U+011F>irdir,albopictus,1.891163299627685e-9,1.891163299627685e-9,0.9999999981088367,0.09433339897945452,4.18332035678759e-13
TUR.39.3_1,2073,10,14.852698648677153,45.79260866970455,Isparta,Eğirdir,2.1796089638810053e-4,2.1092767517494337e-5,31,Isparta,E<U+011F>irdir,albopictus,0,0,1,0.005286133287833378,0
TUR.39.3_1,2073,11,10.69693924618118,59.88380610654326,Isparta,Eğirdir,1.26428130813933e-4,1.26427331613721e-5,30,Isparta,E<U+011F>irdir,albopictus,0,0,1,1.3396102592587484e-11,0
TUR.39.3_1,2073,12,5.367369395625942,82.571319389513,Isparta,Eğirdir,1.0398912265560854e-4,1.0063412846372799e-5,31,Isparta,E<U+011F>irdir,albopictus,0,0,1,0,0
TUR.39.3_1,2074,1,4.746184386422529,82.45543353069344,Isparta,Eğirdir,1.1003619283888797e-4,1.0648607126295673e-5,31,Isparta,E<U+011F>irdir,albopictus,0,0,1,0,0
TUR.39.3_1,2074,2,5.808204909019611,81.42478104695363,Isparta,Eğirdir,8.23104022241762e-5,8.818932779819377e-6,28,Isparta,E<U+011F>irdir,albopictus,0,0,1,0,0
TUR.39.3_1,2074,3,7.260187293895903,76.72520921089829,Isparta,Eğirdir,1.0104288212832472e-4,9.778295623874556e-6,31,Isparta,E<U+011F>irdir,albopictus,0,0,1,0,0
TUR.39.3_1,2074,4,12.698050835553339,57.70790152698761,Isparta,Eğirdir,1.3361062718653132e-4,1.3360973460052605e-5,30,Isparta,E<U+011F>irdir,albopictus,0,0,1,4.0344073131434635e-4,0
TUR.39.3_1,2074,5,17.687884274651022,53.38532803918267,Isparta,Eğirdir,1.8675232792285775e-4,1.8072642615885037e-5,31,Isparta,E<U+011F>irdir,albopictus,0,0,1,0.03059574286870103,0
TUR.39.3_1,2074,6,21.875490469091076,42.62362260811812,Isparta,Eğirdir,2.1005357278257715e-4,2.1005136667251456e-5,30,Isparta,E<U+011F>irdir,albopictus,7.589232953186809e-11,7.589232953186809e-11,0.9999999999241077,0.08466408112241851,1.5987211554602254e-14
TUR.39.3_1,2074,7,28.347270741182214,29.28834458988152,Isparta,Eğirdir,2.466731080222942e-4,2.3871306174760853e-5,31,Isparta,E<U+011F>irdir,albopictus,3.6508291765824375e-9,3.6508291765824375e-9,0.9999999963491708,0.09072461416370417,9.00612917575927e-13
TUR.39.3_1,2074,8,26.59470844268799,51.104608377329306,Isparta,Eğirdir,2.9290876677510265e-4,2.8345607943625062e-5,31,Isparta,E<U+011F>irdir,albopictus,8.751600066477057e-4,8.751600066477057e-4,0.9991248399933523,0.15703740047210293,2.563420054002563e-7
TUR.39.3_1,2074,9,23.06516153672162,46.19156495848999,Isparta,Eğirdir,2.3346243160110559e-4,2.3345970638688485e-5,30,Isparta,E<U+011F>irdir,albopictus,6.68158894610027e-8,6.68158894610027e-8,0.9999999331841105,0.10884922254285836,1.5598966562890837e-11
TUR.39.3_1,2074,10,15.162985170588774,46.91280596584713,Isparta,Eğirdir,2.3006748294006736e-4,2.2264347268929896e-5,31,Isparta,E<U+011F>irdir,albopictus,0,0,1,0.006811138921068357,0
TUR.39.3_1,2074,11,8.883791224483183,57.894945022558886,Isparta,Eğirdir,1.3345055150345363e-4,1.3344966105499623e-5,30,Isparta,E<U+011F>irdir,albopictus,0,0,1,0,0
TUR.39.3_1,2074,12,6.690018874538295,79.40083293931768,Isparta,Eğirdir,1.0976517393249231e-4,1.0622379769120727e-5,31,Isparta,E<U+011F>irdir,albopictus,0,0,1,0,0
TUR.39.3_1,2075,1,1.2023213879369639,78.6732451151661,Isparta,Eğirdir,1.0623214436674325e-4,1.0280477255486531e-5,31,Isparta,E<U+011F>irdir,albopictus,0,0,1,0,0
TUR.39.3_1,2075,2,5.696578760795734,77.1918403731255,Isparta,Eğirdir,7.946485884663544e-5,8.514055774511142e-6,28,Isparta,E<U+011F>irdir,albopictus,0,0,1,0,0
TUR.39.3_1,2075,3,8.12316670597476,70.86984727242172,Isparta,Eğirdir,9.754974035865134e-5,9.44025289462136e-6,31,Isparta,E<U+011F>irdir,albopictus,0,0,1,0,0
TUR.39.3_1,2075,4,7.7739966897403505,73.22680716663605,Isparta,Eğirdir,1.2899158967625134e-4,1.2899075773842306e-5,30,Isparta,E<U+011F>irdir,albopictus,0,0,1,0,0
TUR.39.3_1,2075,5,14.45595926396987,71.59741376305962,Isparta,Eğirdir,1.8029613483423835e-4,1.74478608327977e-5,31,Isparta,E<U+011F>irdir,albopictus,0,0,1,0.0054330128559142805,0
TUR.39.3_1,2075,6,21.263878149144787,53.82221956246382,Isparta,Eğirdir,2.027918350579536e-4,2.027897788459132e-5,30,Isparta,E<U+011F>irdir,albopictus,3.3795164239291964e-10,3.3795164239291964e-10,0.9999999996620483,0.09018078242557953,6.850076061937216e-14
TUR.39.3_1,2075,7,27.414273991304285,27.15455552738152,Isparta,Eğirdir,2.3814540058820195e-4,2.3046063524545524e-5,31,Isparta,E<U+011F>irdir,albopictus,2.834244257010621e-9,2.834244257010621e-9,0.9999999971657557,0.09086535615255169,6.750155989720952e-13
TUR.39.3_1,2075,8,26.8883695602417,45.627618631235556,Isparta,Eğirdir,2.8278265173984274e-4,2.7365688624270135e-5,31,Isparta,E<U+011F>irdir,albopictus,8.29156592715093e-5,8.29156592715093e-5,0.9999170843407285,0.14092495020660006,2.344710969826025e-8
TUR.39.3_1,2075,9,21.552420447854434,45.1643089465271,Isparta,Eğirdir,2.2539142893077772e-4,2.2538888888479214e-5,30,Isparta,E<U+011F>irdir,albopictus,4.4879514826678955e-11,4.4879514826678955e-11,0.9999999999551205,0.08327555908636076,1.0103029524088925e-14
TUR.39.3_1,2075,10,16.48506959746866,55.33449404568111,Isparta,Eğirdir,2.2211384664650916e-4,2.149465737166789e-5,31,Isparta,E<U+011F>irdir,albopictus,0,0,1,0.01774056682515074,0
TUR.39.3_1,2075,11,10.179955260280302,76.76152217099639,Isparta,Eğirdir,1.288370479510645e-4,1.2883621800519052e-5,30,Isparta,E<U+011F>irdir,albopictus,0,0,1,0,0
TUR.39.3_1,2075,12,4.920666676891201,77.34307842271612,Isparta,Eğirdir,1.0597049482355616e-4,1.0255156592031689e-5,31,Isparta,E<U+011F>irdir,albopictus,0,0,1,0,0
TUR.40.25_1,2025,1,6.359505534172058,77.44409807174303,Istanbul,Kartal,0.23623751523156247,0.02260234661370475,31,Istanbul,Kartal,albopictus,0,0,1,0,0
TUR.40.25_1,2025,2,5.459589162293603,78.3570866531474,Istanbul,Kartal,0.17671281055334603,0.018755402287335188,28,Istanbul,Kartal,albopictus,0,0,1,0,0
TUR.40.25_1,2025,3,6.3711202986100135,78.30648913869209,Istanbul,Kartal,0.21692971003441627,0.020774374511048577,31,Istanbul,Kartal,albopictus,0,0,1,0,0
TUR.40.25_1,2025,4,12.855841917150162,72.059558976809,Istanbul,Kartal,0.2868496424743787,0.028277456406058055,30,Istanbul,Kartal,albopictus,0,0,1,7.167382329649635e-4,0
TUR.40.25_1,2025,5,16.39119036057416,77.93172598417242,Istanbul,Kartal,0.4009399523373379,0.038057537646770334,31,Istanbul,Kartal,albopictus,0,0,1,0.023009547212607076,0
TUR.40.25_1,2025,6,22.480251536649817,69.05631284621802,Istanbul,Kartal,0.45096556705050833,0.0440948216774496,30,Istanbul,Kartal,albopictus,7.527102256092332e-5,7.527102256092332e-5,0.9999247289774391,0.14551249375161235,3.3944063258850576e-5
TUR.40.25_1,2025,7,23.68981080896714,67.66090066701727,Istanbul,Kartal,0.5295843177613023,0.04995895994924804,31,Istanbul,Kartal,albopictus,0.003556897938492742,0.003556897938492742,0.9964431020615072,0.1714771469643138,0.0018819043613220732
TUR.40.25_1,2025,8,25.663083413067987,70.70754462325243,Istanbul,Kartal,0.6288479950756428,0.0590415143021521,31,Istanbul,Kartal,albopictus,0.10978687873223691,0.10978687873223691,0.8902131212677631,0.2227377896600448,0.06670996027932641
TUR.40.25_1,2025,9,22.524923156289493,73.18037332586145,Istanbul,Kartal,0.5012222189667789,0.04888682945918987,30,Istanbul,Kartal,albopictus,4.2839309482396525e-4,4.2839309482396525e-4,0.999571606905176,0.1564299436618168,2.1469708685883937e-4
TUR.40.25_1,2025,10,19.315660196192127,78.02623125321931,Istanbul,Kartal,0.4939335786082679,0.04667558972951236,31,Istanbul,Kartal,albopictus,3.43940398384035e-12,3.43940398384035e-12,0.9999999999965606,0.07746307181766322,1.6988632722814145e-12
TUR.40.25_1,2025,11,13.11666927618139,76.27873325093007,Istanbul,Kartal,0.2865059748079172,0.028244060870312504,30,Istanbul,Kartal,albopictus,0,0,1,0.0012072677676452524,0
TUR.40.25_1,2025,12,7.415217175203212,78.10027232581686,Istanbul,Kartal,0.23565566273943356,0.022547309458347264,31,Istanbul,Kartal,albopictus,0,0,1,0,0
TUR.40.25_1,2026,1,7.5641173124313354,84.64732988326647,Istanbul,Kartal,0.22382626300400124,0.02142769983025139,31,Istanbul,Kartal,albopictus,0,0,1,0,0
TUR.40.25_1,2026,2,5.135301270905663,72.96501206818647,Istanbul,Kartal,0.16742881829043638,0.017778859472017405,28,Istanbul,Kartal,albopictus,0,0,1,0,0
TUR.40.25_1,2026,3,9.37962611983804,78.60300555714912,Istanbul,Kartal,0.20553283539217423,0.01969376789776156,31,Istanbul,Kartal,albopictus,0,0,1,0,0
TUR.40.25_1,2026,4,12.42329148685231,74.58320247046134,Istanbul,Kartal,0.27177937194327545,0.026811940235851983,30,Istanbul,Kartal,albopictus,0,0,1,3.0490856559275763e-4,0
TUR.40.25_1,2026,5,17.072754691628848,74.78769064481695,Istanbul,Kartal,0.3798756989663718,0.03609464091690595,31,Istanbul,Kartal,albopictus,0,0,1,0.03122247378217564,0
TUR.40.25_1,2026,6,21.945726619047278,65.88474302199927,Istanbul,Kartal,0.42727310908877114,0.04182736232856865,30,Istanbul,Kartal,albopictus,1.7518038607118869e-6,1.7518038607118869e-6,0.99999824819613925,0.12538993573634458,7.484984019257013e-7
TUR.40.25_1,2026,7,24.628830965827493,65.02182824880438,Istanbul,Kartal,0.5017614525527273,0.047397494000533835,31,Istanbul,Kartal,albopictus,0.012299746364792167,0.012299746364792167,0.9877002536352079,0.18294418190972234,0.006152533774111846
TUR.40.25_1,2026,8,24.765817025128534,68.57853537642626,Istanbul,Kartal,0.5958100964504831,0.05602825232226594,31,Istanbul,Kartal,albopictus,0.035799081280209345,0.035799081280209345,0.9642009187197906,0.19737716172836955,0.02110358996786077
TUR.40.25_1,2026,9,23.4714334712309,73.9374152570138,Istanbul,Kartal,0.47488941837176357,0.04637898162918608,30,Istanbul,Kartal,albopictus,0.012905729966782051,0.012905729966782051,0.9870942700332179,0.18439169951177242,0.00611005184568536
TUR.40.25_1,2026,10,16.193240838892322,74.11956926591462,Istanbul,Kartal,0.46798370260419575,0.04427851820612427,31,Istanbul,Kartal,albopictus,0,0,1,0.019638092733966883,0
TUR.40.25_1,2026,11,12.99070892614477,76.13852023823476,Istanbul,Kartal,0.2714537596059462,0.026780251516062892,30,Istanbul,Kartal,albopictus,0,0,1,9.68779130958574e-4,0
TUR.40.25_1,2026,12,7.194281353670009,76.81796183997702,Istanbul,Kartal,0.2232749793994259,0.021375491579707195,31,Istanbul,Kartal,albopictus,0,0,1,0,0
TUR.40.25_1,2027,1,6.941557288169861,79.91762407271959,Istanbul,Kartal,0.2212775453672795,0.021186305111758563,31,Istanbul,Kartal,albopictus,0,0,1,0,0
TUR.40.25_1,2027,2,5.519187131348779,78.4260563797099,Istanbul,Kartal,0.1655223003673601,0.017578200884668216,28,Istanbul,Kartal,albopictus,0,0,1,0,0
TUR.40.25_1,2027,3,6.976121748194974,74.38035693654365,Istanbul,Kartal,0.20319242566786902,0.019471711954579862,31,Istanbul,Kartal,albopictus,0,0,1,0,0
TUR.40.25_1,2027,4,11.655192655675553,75.02914821020744,Istanbul,Kartal,0.2686846105454291,0.026510715143246433,30,Istanbul,Kartal,albopictus,0,0,1,2.272166393880937e-5,0
TUR.40.25_1,2027,5,18.208473990945254,76.54192495878179,Istanbul,Kartal,0.3755500408388433,0.03569105402536621,31,Istanbul,Kartal,albopictus,4.5519144009631415e-17,4.5519144009631415e-17,1,0.05175434163474014,0
TUR.40.25_1,2027,6,22.90515922097599,67.56655149367896,Istanbul,Kartal,0.4224077349623577,0.04136106206550905,30,Istanbul,Kartal,albopictus,2.5694667368024904e-4,2.5694667368024904e-4,0.9997430533263197,0.15264570381629905,1.0853037258828913e-4
TUR.40.25_1,2027,7,25.697796877692728,63.74545343190986,Istanbul,Kartal,0.4960478770036175,0.04687062902740402,31,Istanbul,Kartal,albopictus,0.031932427686899884,0.031932427686899884,0.9680675723131001,0.19493428963996384,0.0157152197339675
TUR.40.25_1,2027,8,26.451709130231073,69.84857779585985,Istanbul,Kartal,0.58902558564027,0.055408269473554705,31,Istanbul,Kartal,albopictus,0.13125557266096421,0.13125557266096421,0.8687444273390358,0.2292489005382573,0.07439980326601603
TUR.40.25_1,2027,9,20.663459609536563,71.70280374578333,Istanbul,Kartal,0.46948183563391915,0.04586316371961574,30,Istanbul,Kartal,albopictus,9.577539961225234e-9,9.577539961225234e-9,0.99999999042246,0.10367082708338009,4.49648107636591e-9
TUR.40.25_1,2027,10,16.290445047266346,79.20881792314118,Istanbul,Kartal,0.4626547554980005,0.04378552117166712,31,Istanbul,Kartal,albopictus,0,0,1,0.022092416626279206,0
TUR.40.25_1,2027,11,14.845346072140863,76.8581094716332,Istanbul,Kartal,0.2683627059673938,0.02647937757311747,30,Istanbul,Kartal,albopictus,0,0,1,0.008174644078131064,0
TUR.40.25_1,2027,12,8.81143166037167,72.68517985755514,Istanbul,Kartal,0.2207325392487639,0.021134678641999027,31,Istanbul,Kartal,albopictus,0,0,1,0,0
TUR.40.25_1,2028,1,5.7509483098983765,77.85587175338365,Istanbul,Kartal,0.21902018781221394,0.02097245602976272,31,Istanbul,Kartal,albopictus,0,0,1,0,0
TUR.40.25_1,2028,2,9.30992905181997,76.20727586213178,Istanbul,Kartal,0.16968493319562733,0.017400446622323207,29,Istanbul,Kartal,albopictus,0,0,1,0,0
TUR.40.25_1,2028,3,10.087360227809231,77.43194690236396,Istanbul,Kartal,0.201119563026284,0.019274998632288987,31,Istanbul,Kartal,albopictus,0,0,1,0,0
TUR.40.25_1,2028,4,12.011288923375748,76.65289698950431,Istanbul,Kartal,0.26594363095557566,0.026243847144857058,30,Istanbul,Kartal,albopictus,0,0,1,1.0107300183166905e-4,0
TUR.40.25_1,2028,5,17.218857596902286,73.9299407058521,Istanbul,Kartal,0.37171887613306337,0.03533346260413006,31,Istanbul,Kartal,albopictus,0,0,1,0.03309144304411679,0
TUR.40.25_1,2028,6,22.280805812162512,67.04897336867896,Istanbul,Kartal,0.4180985526173857,0.040947878048984254,30,Istanbul,Kartal,albopictus,1.3726127811001686e-5,1.3726127811001686e-5,0.999986273872189,0.13571887102523333,5.7388577034966914e-6
TUR.40.25_1,2028,7,25.530835207770853,62.47117669851142,Istanbul,Kartal,0.4909874565214138,0.04640375000191366,31,Istanbul,Kartal,albopictus,0.0193761207553582,0.0193761207553582,0.9806238792446418,0.18773864593163228,0.009468322712534838
TUR.40.25_1,2028,8,24.835105278912714,67.65659171187548,Istanbul,Kartal,0.5830166553004789,0.0548588207753844,31,Istanbul,Kartal,albopictus,0.03342608731472222,0.03342608731472222,0.9665739126852778,0.19632068922166937,0.019299302763387316
TUR.40.25_1,2028,9,23.19130308487836,67.39512552312708,Istanbul,Kartal,0.4646924279835622,0.04540607924384199,30,Istanbul,Kartal,albopictus,6.684822810303545e-4,6.684822810303545e-4,0.9993315177189697,0.15900970099210032,3.1059041104475327e-4
TUR.40.25_1,2028,10,15.758989053614,72.67857500321931,Istanbul,Kartal,0.45793499414138866,0.04334866939888782,31,Istanbul,Kartal,albopictus,0,0,1,0.014786856748521654,0
TUR.40.25_1,2028,11,10.684316256467035,78.22518253071523,Istanbul,Kartal,0.2656250102793481,0.02621282076618703,30,Istanbul,Kartal,albopictus,0,0,1,4.882784015796775e-11,0
TUR.40.25_1,2028,12,8.340733303743251,77.50300517493795,Istanbul,Kartal,0.21848074156050337,0.020921345075769038,31,Istanbul,Kartal,albopictus,0,0,1,0,0
TUR.40.25_1,2029,1,5.930274844169617,78.30652482955553,Istanbul,Kartal,0.21914814061387863,0.02098457879185167,31,Istanbul,Kartal,albopictus,0,0,1,0,0
TUR.40.25_1,2029,2,8.262162366334131,74.00128220978803,Istanbul,Kartal,0.1639294411705036,0.01741052304848545,28,Istanbul,Kartal,albopictus,0,0,1,0,0
TUR.40.25_1,2029,3,9.101772154078763,77.95080676564521,Istanbul,Kartal,0.20123705818422288,0.019286149901690863,31,Istanbul,Kartal,albopictus,0,0,1,0,0
TUR.40.25_1,2029,4,14.345966619603775,71.38991938940666,Istanbul,Kartal,0.26609899669151793,0.026258975861464195,30,Istanbul,Kartal,albopictus,0,0,1,0.004941703071242283,0
TUR.40.25_1,2029,5,17.725691627053653,67.48301840360601,Istanbul,Kartal,0.3719360363506122,0.035353735345475035,31,Istanbul,Kartal,albopictus,0,0,1,0.03769592617789596,0
TUR.40.25_1,2029,6,22.391538844389075,66.08063535598365,Istanbul,Kartal,0.41834280809773083,0.04097130313657005,30,Istanbul,Kartal,albopictus,1.536024933906649e-5,1.536024933906649e-5,0.999984639750661,0.13609142098020688,6.425829195855215e-6
TUR.40.25_1,2029,7,25.54637056238511,63.02897699148017,Istanbul,Kartal,0.4912742941014181,0.04643022001265584,31,Istanbul,Kartal,albopictus,0.02456615512638065,0.02456615512638065,0.9754338448736194,0.19121592961292502,0.011996185605455456
TUR.40.25_1,2029,8,25.185990670148065,65.085855780479,Istanbul,Kartal,0.5833572568459712,0.054889973476125786,31,Istanbul,Kartal,albopictus,0.02704275113591891,0.02704275113591891,0.9729572488640811,0.19275929250144147,0.015651802347311672
TUR.40.25_1,2029,9,22.213605712441836,72.81843484929895,Istanbul,Kartal,0.46496390386287173,0.045431993814483373,30,Istanbul,Kartal,albopictus,9.681651835655225e-5,9.681651835655225e-5,0.9999031834816434,0.1471219449324526,4.501517312016645e-5
TUR.40.25_1,2029,10,16.74016924465404,71.0277189851529,Istanbul,Kartal,0.45820252229057884,0.04337343660987991,31,Istanbul,Kartal,albopictus,0,0,1,0.02526290317709728,0
TUR.40.25_1,2029,11,10.046231844845941,75.39951419575429,Istanbul,Kartal,0.265780189875334,0.02622793183904526,30,Istanbul,Kartal,albopictus,0,0,1,0,0
TUR.40.25_1,2029,12,8.815685047822841,78.16270366126608,Istanbul,Kartal,0.21860837921469267,0.02093343861102559,31,Istanbul,Kartal,albopictus,0,0,1,0,0
TUR.40.25_1,2030,1,6.725172400474548,81.13165910689928,Istanbul,Kartal,0.21577125638161918,0.020664588921468163,31,Istanbul,Kartal,albopictus,0,0,1,0,0
TUR.40.25_1,2030,2,4.597134747925927,83.1485905593974,Istanbul,Kartal,0.16140342957149523,0.017144555014214635,28,Istanbul,Kartal,albopictus,0,0,1,0,0
TUR.40.25_1,2030,3,7.50371345351724,77.67488208302802,Istanbul,Kartal,0.19813616831664282,0.018991807129413285,31,Istanbul,Kartal,albopictus,0,0,1,0,0
TUR.40.25_1,2030,4,13.195245069615982,76.87083064428947,Istanbul,Kartal,0.26199864017637464,0.02585962545786913,30,Istanbul,Kartal,albopictus,0,0,1,0.0013659789461425856,0
TUR.40.25_1,2030,5,18.79577905991498,74.81510305936773,Istanbul,Kartal,0.36620482214526595,0.03481856168442965,31,Istanbul,Kartal,albopictus,9.766298880720114e-15,9.766298880720114e-15,0.9999999999999902,0.06260294511973118,3.552713678800501e-15
TUR.40.25_1,2030,6,22.527361140531653,69.12496213821021,Istanbul,Kartal,0.4118965054807562,0.04035288491260003,30,Istanbul,Kartal,albopictus,9.725391781047793e-5,9.725391781047793e-5,0.9999027460821895,0.1471996550403099,4.0057746557464746e-5
TUR.40.25_1,2030,7,22.988547381232767,73.68127496511298,Istanbul,Kartal,0.4837041800551919,0.045731386775279104,31,Istanbul,Kartal,albopictus,0.003022001705681569,0.003022001705681569,0.9969779982943184,0.1709999914517578,0.0014606870139125538
TUR.40.25_1,2030,8,24.085580208722284,77.7733328922954,Istanbul,Kartal,0.5743682235970504,0.054067458470606566,31,Istanbul,Kartal,albopictus,0.08226820633441052,0.08226820633441052,0.9177317936655894,0.21458445531949352,0.04615323443328778
TUR.40.25_1,2030,9,22.033019851235782,65.87811197332239,Istanbul,Kartal,0.4577992102856135,0.04474783002625782,30,Istanbul,Kartal,albopictus,2.690837783801303e-6,2.690837783801303e-6,0.9999973091622162,0.1273526622860331,1.2318626536611532e-6
TUR.40.25_1,2030,10,15.73294039333568,82.5035490632779,Istanbul,Kartal,0.45114201578401997,0.04271957440554419,31,Istanbul,Kartal,albopictus,0,0,1,0.016602327423500454,0
TUR.40.25_1,2030,11,9.802878001156976,76.93807315571523,Istanbul,Kartal,0.2616847458988401,0.025829047269047334,30,Istanbul,Kartal,albopictus,0,0,1,0,0
TUR.40.25_1,2030,12,9.35267521353329,81.19121470862936,Istanbul,Kartal,0.2152398122410373,0.020614220329550625,31,Istanbul,Kartal,albopictus,0,0,1,0,0
TUR.40.25_1,2031,1,8.921178698539734,83.39028032271959,Istanbul,Kartal,0.24461968285553598,0.023394868129138047,31,Istanbul,Kartal,albopictus,0,0,1,0,0
TUR.40.25_1,2031,2,6.435558953705956,75.42250108185834,Istanbul,Kartal,0.18298292560221835,0.019414379111318603,28,Istanbul,Kartal,albopictus,0,0,1,0,0
TUR.40.25_1,2031,3,9.097764814601224,74.62750354298896,Istanbul,Kartal,0.22462679908628042,0.02150350809715973,31,Istanbul,Kartal,albopictus,0,0,1,0,0
TUR.40.25_1,2031,4,14.201212209813736,67.27245723120353,Istanbul,Kartal,0.2970276270495224,0.029265970972424782,30,Istanbul,Kartal,albopictus,0,0,1,0.004043542238294849,0
TUR.40.25_1,2031,5,18.00807268479291,65.90838766630132,Istanbul,Kartal,0.4151660835440824,0.039380954160414205,31,Istanbul,Kartal,albopictus,0,0,1,0.04158821122338662,0
TUR.40.25_1,2031,6,22.735443339628333,64.97143583205786,Istanbul,Kartal,0.4669667046003694,0.04562315562157193,30,Istanbul,Kartal,albopictus,4.52273303314904e-5,4.52273303314904e-5,0.9999547726696685,0.14227283134320298,2.111943438432018e-5
TUR.40.25_1,2031,7,23.32468324549058,76.32331140310126,Istanbul,Kartal,0.5483750018664567,0.05168499538108984,31,Istanbul,Kartal,albopictus,0.01742212836877312,0.01742212836877312,0.9825778716312269,0.1879442133482015,0.009508366552961167
TUR.40.25_1,2031,8,24.568137505475214,70.631998358604,Istanbul,Kartal,0.6511607479826351,0.061071132642663395,31,Istanbul,Kartal,albopictus,0.043123322823023565,0.043123322823023565,0.9568766771769764,0.20080379832219328,0.02768963034421279
TUR.40.25_1,2031,9,21.128347228555118,74.51394571355677,Istanbul,Kartal,0.519006560510167,0.050576818393871514,30,Istanbul,Kartal,albopictus,5.077987066365309e-7,5.077987066365309e-7,0.9999994922012934,0.1204105381264451,2.6355082538565e-7
TUR.40.25_1,2031,10,17.564275461084705,77.57846208818025,Istanbul,Kartal,0.5114593049813433,0.048291093824625264,31,Istanbul,Kartal,albopictus,0,0,1,0.04035567740188167,0
TUR.40.25_1,2031,11,12.681141474667719,77.21729373676992,Istanbul,Kartal,0.2966717653842186,0.029231425654947074,30,Istanbul,Kartal,albopictus,0,0,1,5.721626042429162e-4,0
TUR.40.25_1,2031,12,10.065898670869716,76.8549949210317,Istanbul,Kartal,0.24401718510257003,0.023337924301565338,31,Istanbul,Kartal,albopictus,0,0,1,0,0
TUR.40.25_1,2032,1,6.206323981285095,79.28475053756334,Istanbul,Kartal,0.23590752467322912,0.022571133341378613,31,Istanbul,Kartal,albopictus,0,0,1,0,0
TUR.40.25_1,2032,2,8.888317265931299,78.06112718049116,Istanbul,Kartal,0.18276832361610443,0.018729450520693858,29,Istanbul,Kartal,albopictus,0,0,1,0,0
TUR.40.25_1,2032,3,8.030435407862942,74.98679461964912,Istanbul,Kartal,0.21662668976236854,0.020745658746583406,31,Istanbul,Kartal,albopictus,0,0,1,0,0
TUR.40.25_1,2032,4,12.685720724218033,72.85361110083244,Istanbul,Kartal,0.2864489538979472,0.02823851981372294,30,Istanbul,Kartal,albopictus,0,0,1,5.329946754475037e-4,0
TUR.40.25_1,2032,5,17.70368273117963,77.48337698514898,Istanbul,Kartal,0.4003798956562461,0.03800539988198448,31,Istanbul,Kartal,albopictus,0,0,1,0.042849229226718445,0
TUR.40.25_1,2032,6,21.468000636381262,73.76921873000708,Istanbul,Kartal,0.4503356316267707,0.044034603927448956,30,Istanbul,Kartal,albopictus,2.863374225470006e-6,2.863374225470006e-6,0.9999971366257745,0.1282392971654193,1.2894786090011934e-6
TUR.40.25_1,2032,7,24.20185953028062,65.79636056691962,Istanbul,Kartal,0.5288445630084158,0.049890944865529696,31,Istanbul,Kartal,albopictus,0.006608832809976518,0.006608832809976518,0.9933911671900235,0.17681045218029867,0.0034889447378810834
TUR.40.25_1,2032,8,23.88794455808752,69.59015875899462,Istanbul,Kartal,0.627969582936917,0.058961522254890486,31,Istanbul,Kartal,albopictus,0.01043875170244278,0.01043875170244278,0.9895612482975572,0.1819383869896108,0.006533779978252663
TUR.40.25_1,2032,9,19.273315261392032,69.70359720281458,Istanbul,Kartal,0.5005220820739411,0.04882023618600073,30,Istanbul,Kartal,albopictus,1.0843353992484595e-13,1.0843353992484595e-13,0.9999999999998915,0.06813647318427753,5.4289905904170155e-14
TUR.40.25_1,2032,10,17.436732965357166,75.40698381669587,Istanbul,Kartal,0.4932436229201344,0.04661193422380283,31,Istanbul,Kartal,albopictus,0,0,1,0.03724859418469734,0
TUR.40.25_1,2032,11,11.80390415472143,76.83931827290273,Istanbul,Kartal,0.2861057662868444,0.028205169591362433,30,Istanbul,Kartal,albopictus,0,0,1,4.651483534244839e-5,0
TUR.40.25_1,2032,12,8.260136379915126,78.2937156241567,Istanbul,Kartal,0.2353264849471359,0.02251617131218142,31,Istanbul,Kartal,albopictus,0,0,1,0,0
TUR.40.25_1,2033,1,7.160541415214539,78.89930589645006,Istanbul,Kartal,0.2316815367641591,0.022171315858138252,31,Istanbul,Kartal,albopictus,0,0,1,0,0
TUR.40.25_1,2033,2,8.419631162110498,77.1052555984599,Istanbul,Kartal,0.17330480078399924,0.018397041381617907,28,Istanbul,Kartal,albopictus,0,0,1,0,0
TUR.40.25_1,2033,3,8.458269918666165,77.2540523100788,Istanbul,Kartal,0.212746093867915,0.020377839003533404,31,Istanbul,Kartal,albopictus,0,0,1,0,0
TUR.40.25_1,2033,4,13.42954377567067,74.90483485571525,Istanbul,Kartal,0.28131757957059056,0.027739744663393018,30,Istanbul,Kartal,albopictus,0,0,1,0.0018546913044754348,0
TUR.40.25_1,2033,5,17.596243690041934,71.76018667753179,Istanbul,Kartal,0.3932075911677746,0.037337453436611434,31,Istanbul,Kartal,albopictus,0,0,1,0.037839993903841844,0
TUR.40.25_1,2033,6,22.664655909818762,63.762398051296145,Istanbul,Kartal,0.44226843268127597,0.04326309647057047,30,Istanbul,Kartal,albopictus,2.1154142534137333e-5,2.1154142534137333e-5,0.9999788458574659,0.13766739039960563,9.355765697827145e-6
TUR.40.25_1,2033,7,26.751933153937845,61.83673150808173,Istanbul,Kartal,0.5193709748634565,0.04901948655885846,31,Istanbul,Kartal,albopictus,0.03931308602030457,0.03931308602030457,0.9606869139796954,0.19792937889495274,0.020211038397535686
TUR.40.25_1,2033,8,26.685941079083612,62.68367606246141,Istanbul,Kartal,0.6167202941809474,0.05793651149602852,31,Istanbul,Kartal,albopictus,0.04696856906603086,0.04696856906603086,0.9530314309339691,0.20098508389627623,0.028550963132594753
TUR.40.25_1,2033,9,21.33504087784711,65.04389108709192,Istanbul,Kartal,0.49155585571046695,0.04796700442223445,30,Istanbul,Kartal,albopictus,4.6029137947156684e-8,4.6029137947156684e-8,0.999999953970862,0.10933313642098233,2.2625892048822038e-8
TUR.40.25_1,2033,10,14.690373140222887,70.23298021562165,Istanbul,Kartal,0.48440778103855947,0.04579636111170482,31,Istanbul,Kartal,albopictus,0,0,1,0.006569365134975422,0
TUR.40.25_1,2033,11,12.623021700802973,79.55091190083242,Istanbul,Kartal,0.28098053973581266,0.02770697506758124,30,Istanbul,Kartal,albopictus,0,0,1,5.293147627549842e-4,0
TUR.40.25_1,2033,12,9.933347477632411,80.34987559730124,Istanbul,Kartal,0.2311109056372005,0.02211731635258063,31,Istanbul,Kartal,albopictus,0,0,1,0,0
TUR.40.25_1,2034,1,8.647093653678894,79.12184770553209,Istanbul,Kartal,0.2354093208845625,0.022524007163606252,31,Istanbul,Kartal,albopictus,0,0,1,0,0
TUR.40.25_1,2034,2,7.480879941407372,75.87973832551069,Istanbul,Kartal,0.17609329611848032,0.018690268497922213,28,Istanbul,Kartal,albopictus,0,0,1,0,0
TUR.40.25_1,2034,3,9.69411643813638,77.25767627248115,Istanbul,Kartal,0.2161692044078195,0.020702303478522532,31,Istanbul,Kartal,albopictus,0,0,1,0,0
TUR.40.25_1,2034,4,10.57977227603688,76.4833642136254,Istanbul,Kartal,0.28584401366007556,0.028179732273495572,30,Istanbul,Kartal,albopictus,0,0,1,2.1712457281603756e-14,0
TUR.40.25_1,2034,5,18.30009729721967,78.26302481229742,Istanbul,Kartal,0.3995343491600155,0.03792667945192374,31,Istanbul,Kartal,albopictus,2.462474668618597e-16,2.462474668618597e-16,0.9999999999999998,0.05475127221066054,1.1102230246251565e-16
TUR.40.25_1,2034,6,24.06550620583927,72.13594846633521,Istanbul,Kartal,0.4493845855837977,0.04394368289329753,30,Istanbul,Kartal,albopictus,0.028710788269801155,0.028710788269801155,0.9712892117301989,0.19449760843493355,0.01281930930237618
TUR.40.25_1,2034,7,24.93941026575425,75.09216363698798,Istanbul,Kartal,0.5277277170524782,0.049788249755639113,31,Istanbul,Kartal,albopictus,0.12140714027082061,0.12140714027082061,0.8785928597291794,0.22643215436576303,0.06206057689136746
TUR.40.25_1,2034,8,24.57846389097326,69.2406294926372,Istanbul,Kartal,0.626643398764454,0.0588407412463019,31,Istanbul,Kartal,albopictus,0.03355267023200448,0.03355267023200448,0.9664473297679955,0.19635720672048476,0.020806063273533848
TUR.40.25_1,2034,9,21.471011947183047,71.09980691961145,Istanbul,Kartal,0.4994650492474301,0.04871968804853377,30,Istanbul,Kartal,albopictus,1.0193463654333824e-6,1.0193463654333824e-6,0.9999989806536346,0.12319090790394989,5.091277529567506e-7
TUR.40.25_1,2034,10,17.112899499780994,75.89708086259431,Istanbul,Kartal,0.4922019611841858,0.046515822166553145,31,Istanbul,Kartal,albopictus,0,0,1,0.03227495164690346,0
TUR.40.25_1,2034,11,10.657859423581293,82.63316440327382,Istanbul,Kartal,0.28550155081334094,0.028146450470069806,30,Istanbul,Kartal,albopictus,0,0,1,9.278984948505076e-12,0
TUR.40.25_1,2034,12,10.9170301100787,79.66570201331686,Istanbul,Kartal,0.2348295082333297,0.02246915856543885,31,Istanbul,Kartal,albopictus,0,0,1,2.681208287062225e-8,0
TUR.40.25_1,2035,1,8.735970377922058,77.17565019576647,Istanbul,Kartal,0.20859381009219777,0.01998411449592341,31,Istanbul,Kartal,albopictus,0,0,1,0,0
TUR.40.25_1,2035,2,5.248288312379052,77.8918995803935,Istanbul,Kartal,0.15603448253886115,0.01657901034968068,28,Istanbul,Kartal,albopictus,0,0,1,0,0
TUR.40.25_1,2035,3,7.377080763087553,76.32521167287177,Istanbul,Kartal,0.19154533814800684,0.018365898664686076,31,Istanbul,Kartal,albopictus,0,0,1,0,0
TUR.40.25_1,2035,4,12.470859808080338,78.8041649948754,Istanbul,Kartal,0.2532834795043642,0.025010276412836263,30,Istanbul,Kartal,albopictus,0,0,1,3.7129050602138997e-4,0
TUR.40.25_1,2035,5,14.11060411789838,80.95048666532476,Istanbul,Kartal,0.354023331960002,0.03368008287413915,31,Istanbul,Kartal,albopictus,0,0,1,0.004490813047486548,0
TUR.40.25_1,2035,6,20.036409602445715,71.24554471877661,Istanbul,Kartal,0.3981951205304837,0.03903713428411992,30,Istanbul,Kartal,albopictus,8.90253868957025e-11,8.90253868957025e-11,0.9999999999109747,0.08716863477583356,3.544942117628125e-11
TUR.40.25_1,2035,7,23.39062219507554,71.48473413259345,Istanbul,Kartal,0.46761417422895474,0.044244340220203626,31,Istanbul,Kartal,albopictus,0.005374171531282661,0.005374171531282661,0.9946258284687174,0.1755146219201286,0.002509883744268415
TUR.40.25_1,2035,8,24.41650901121252,68.02155905806688,Istanbul,Kartal,0.5552623559094331,0.05231685393166319,31,Istanbul,Kartal,albopictus,0.018828718435873863,0.018828718435873863,0.9811712815641261,0.1882989157106718,0.010400416278714797
TUR.40.25_1,2035,9,18.913467238931094,75.04006876043177,Istanbul,Kartal,0.44257091112164554,0.04329203526154257,30,Istanbul,Kartal,albopictus,2.939176679817024e-14,2.939176679817024e-14,0.9999999999999706,0.0650023300750204,1.2989609388114332e-14
TUR.40.25_1,2035,10,15.741574960596422,79.126740896774,Istanbul,Kartal,0.43613516250109613,0.04132832890754734,31,Istanbul,Kartal,albopictus,0,0,1,0.016011949313475972,0
TUR.40.25_1,2035,11,12.619701960507562,79.55381107075429,Istanbul,Kartal,0.2529800266514909,0.02498068962261424,30,Istanbul,Kartal,albopictus,0,0,1,5.163010257675832e-4,0
TUR.40.25_1,2035,12,7.69363094778622,81.08283152991842,Istanbul,Kartal,0.20808004398639596,0.019935387580232944,31,Istanbul,Kartal,albopictus,0,0,1,0,0
TUR.40.25_1,2036,1,8.075098872184753,77.15571458785631,Istanbul,Kartal,0.23083814024594548,0.02209150318420061,31,Istanbul,Kartal,albopictus,0,0,1,0,0
TUR.40.25_1,2036,2,7.259220281068017,79.982353681956,Istanbul,Kartal,0.1788408401887589,0.018330687744670282,29,Istanbul,Kartal,albopictus,0,0,1,0,0
TUR.40.25_1,2036,3,6.47916396926431,71.14121356496162,Istanbul,Kartal,0.2119716285508345,0.020304415279090438,31,Istanbul,Kartal,albopictus,0,0,1,0,0
TUR.40.25_1,2036,4,10.843805593602799,74.83901606909416,Istanbul,Kartal,0.2802934916331748,0.02764017156494769,30,Istanbul,Kartal,albopictus,0,0,1,4.469405577025181e-9,0
TUR.40.25_1,2036,5,14.65996534684125,80.76584768827398,Istanbul,Kartal,0.39177618701724165,0.03720409331319585,31,Istanbul,Kartal,albopictus,0,0,1,0.007452966196752995,0
TUR.40.25_1,2036,6,22.13592742471134,67.42923765090552,Istanbul,Kartal,0.44065843103225,0.04310904927085424,30,Istanbul,Kartal,albopictus,8.431679943239734e-6,8.431679943239734e-6,0.9999915683200568,0.13329684608707734,3.7154839522823835e-6
TUR.40.25_1,2036,7,24.52679735071519,66.87072427541571,Istanbul,Kartal,0.5174802947601606,0.04884547064583444,31,Istanbul,Kartal,albopictus,0.016687079673844234,0.016687079673844234,0.9833129203261558,0.1866870231067396,0.008598058353733617
TUR.40.25_1,2036,8,25.699233391705683,72.0561698063579,Istanbul,Kartal,0.6144752307370126,0.05773181258577631,31,Istanbul,Kartal,albopictus,0.127756072632162,0.127756072632162,0.872243927367838,0.22829554237287375,0.07550066014245138
TUR.40.25_1,2036,9,22.91474516251508,69.85776437810755,Istanbul,Kartal,0.4897664317321733,0.04779663011205393,30,Istanbul,Kartal,albopictus,6.460632966762895e-4,6.460632966762895e-4,0.9993539367033237,0.15907157219450888,3.163700599212449e-4
TUR.40.25_1,2036,10,16.672668176538807,78.97786089189118,Istanbul,Kartal,0.48264437838839763,0.045633510581989944,31,Istanbul,Kartal,albopictus,0,0,1,0.02701453705152617,0
TUR.40.25_1,2036,11,12.572243311825922,78.32163333637929,Istanbul,Kartal,0.2799576787335559,0.027607517919329028,30,Istanbul,Kartal,albopictus,0,0,1,4.584624671771426e-4,0
TUR.40.25_1,2036,12,8.772188915925868,81.17877879554342,Istanbul,Kartal,0.23026958640279804,0.02203769586837967,31,Istanbul,Kartal,albopictus,0,0,1,0,0
TUR.40.25_1,2037,1,8.296467661857605,82.10114152877428,Istanbul,Kartal,0.22867568081194078,0.02188683459640317,31,Istanbul,Kartal,albopictus,0,0,1,0,0
TUR.40.25_1,2037,2,4.548600831452538,73.49243211213178,Istanbul,Kartal,0.17105632956674002,0.01816053725216238,28,Istanbul,Kartal,albopictus,0,0,1,0,0
TUR.40.25_1,2037,3,7.868749464259428,70.52975574025459,Istanbul,Kartal,0.2099859079614522,0.02011613250879296,31,Istanbul,Kartal,albopictus,0,0,1,0,0
TUR.40.25_1,2037,4,12.86619977390065,70.801746476809,Istanbul,Kartal,0.2776677413796574,0.027384820635424134,30,Istanbul,Kartal,albopictus,0,0,1,7.197045940665882e-4,0
TUR.40.25_1,2037,5,17.27659304001752,68.2149977737232,Istanbul,Kartal,0.38810608245509615,0.03686207500023986,31,Istanbul,Kartal,albopictus,0,0,1,0.03147660746705868,0
TUR.40.25_1,2037,6,22.95395492104923,64.26952390578833,Istanbul,Kartal,0.43653040444035257,0.04271396060062227,30,Istanbul,Kartal,albopictus,8.156299510955367e-5,8.156299510955367e-5,0.9999184370048905,0.14527527005980664,3.560409340175319e-5
TUR.40.25_1,2037,7,23.03412156946519,69.01466043264227,Istanbul,Kartal,0.5126326116861096,0.048399150248599976,31,Istanbul,Kartal,albopictus,6.729808471521405e-4,6.729808471521405e-4,0.9993270191528478,0.158940859594175,3.449324264175324e-4
TUR.40.25_1,2037,8,24.56327948850744,74.28990393721728,Istanbul,Kartal,0.608718912659533,0.057206763575908925,31,Istanbul,Kartal,albopictus,0.08315115908157487,0.08315115908157487,0.9168488409184251,0.21489213417944172,0.04935605116837205
TUR.40.25_1,2037,9,19.991210769204532,69.74936594060755,Istanbul,Kartal,0.48517836825345334,0.04735965292519606,30,Istanbul,Kartal,albopictus,3.489260186340104e-11,3.489260186340104e-11,0.9999999999651074,0.08423879353160198,1.6929124768694237e-11
TUR.40.25_1,2037,10,19.569518762476307,75.56075426347321,Istanbul,Kartal,0.4781230333099659,0.04521583660923123,31,Istanbul,Kartal,albopictus,1.086567891217527e-11,1.086567891217527e-11,0.9999999999891344,0.08078212703924126,5.1951776214309575e-12
TUR.40.25_1,2037,11,12.698712923947504,74.9136285756371,Istanbul,Kartal,0.2773350743283462,0.02735246439485639,30,Istanbul,Kartal,albopictus,0,0,1,5.6534534011298e-4,0
TUR.40.25_1,2037,12,10.81175781698788,75.27159800941061,Istanbul,Kartal,0.22811245310173023,0.021833520197782397,31,Istanbul,Kartal,albopictus,0,0,1,2.094442028846733e-9,0
TUR.40.25_1,2038,1,9.148571848869324,77.3224855229149,Istanbul,Kartal,0.23726585852364981,0.022699609546919852,31,Istanbul,Kartal,albopictus,0,0,1,0,0
TUR.40.25_1,2038,2,9.298297086182764,79.86986588898725,Istanbul,Kartal,0.17748204245616345,0.018836270881469108,28,Istanbul,Kartal,albopictus,0,0,1,0,0
TUR.40.25_1,2038,3,10.036739195094388,71.86700549611396,Istanbul,Kartal,0.2178740063370153,0.020863855500271034,31,Istanbul,Kartal,albopictus,0,0,1,0,0
TUR.40.25_1,2038,4,13.631940168492935,74.0130272995629,Istanbul,Kartal,0.2880983006537836,0.028398783761297786,30,Istanbul,Kartal,albopictus,0,0,1,0.0023836817986882665,0
TUR.40.25_1,2038,5,19.600294898538028,60.62210608060796,Istanbul,Kartal,0.40268524630604463,0.03821999544730137,31,Istanbul,Kartal,albopictus,5.4283688655232256e-14,5.4283688655232256e-14,0.9999999999999457,0.06591808086627689,2.1871393585115584e-14
TUR.40.25_1,2038,6,22.55611251382267,63.99544935134497,Istanbul,Kartal,0.4529286228140444,0.04428245277730147,30,Istanbul,Kartal,albopictus,1.3913117577374956e-5,1.3913117577374956e-5,0.9999860868824226,0.13535602344403785,6.301629328020475e-6
TUR.40.25_1,2038,7,24.398579653571634,61.77159555227119,Istanbul,Kartal,0.5318896014086971,0.050170882832511365,31,Istanbul,Kartal,albopictus,0.0027628494754417072,0.0027628494754417072,0.9972371505245583,0.16881825833108344,0.001468451674422333
TUR.40.25_1,2038,8,26.09680114072912,64.43615943038134,Istanbul,Kartal,0.6315853740937244,0.059290748386974346,31,Istanbul,Kartal,albopictus,0.050512340522580974,0.050512340522580974,0.949487659477419,0.2028139865735418,0.031399328248832625
TUR.40.25_1,2038,9,19.043355773476993,74.89438547185755,Istanbul,Kartal,0.503404042231447,0.04909432290694693,30,Istanbul,Kartal,albopictus,9.742123774358901e-14,9.742123774358901e-14,0.9999999999999026,0.06797448184911264,4.907185768843192e-14
TUR.40.25_1,2038,10,15.39035006130443,78.84130998857087,Istanbul,Kartal,0.4960836743786228,0.046873930911638384,31,Istanbul,Kartal,albopictus,0,0,1,0.012657612245446061,0
TUR.40.25_1,2038,11,11.936057665768793,80.86618137104726,Istanbul,Kartal,0.28775313699995025,0.028365247039931596,30,Istanbul,Kartal,albopictus,0,0,1,8.591570725371933e-5,0
TUR.40.25_1,2038,12,8.117669834810146,78.28369822913717,Istanbul,Kartal,0.23668147322420333,0.02264433830843393,31,Istanbul,Kartal,albopictus,0,0,1,0,0
TUR.40.25_1,2039,1,7.322052836418152,76.74103410689928,Istanbul,Kartal,0.22893105112296513,0.021911006658677956,31,Istanbul,Kartal,albopictus,0,0,1,0,0
TUR.40.25_1,2039,2,5.238488355103661,78.1968083328349,Istanbul,Kartal,0.17124735428755442,0.018180632290368703,28,Istanbul,Kartal,albopictus,0,0,1,0,0
TUR.40.25_1,2039,3,8.314375723109524,80.90011706837959,Istanbul,Kartal,0.2102204067347212,0.02013836918211165,31,Istanbul,Kartal,albopictus,0,0,1,0,0
TUR.40.25_1,2039,4,11.561238569371842,71.09869014135978,Istanbul,Kartal,0.27797782287684936,0.02741497916494251,30,Istanbul,Kartal,albopictus,0,0,1,1.2232242848462528e-5,0
TUR.40.25_1,2039,5,16.049217055825626,72.67161703641851,Istanbul,Kartal,0.38853949439743785,0.03690247113488554,31,Istanbul,Kartal,albopictus,0,0,1,0.017607501848829706,0
TUR.40.25_1,2039,6,22.062618480009192,66.80400113967505,Istanbul,Kartal,0.43701789355488246,0.042760626115536327,30,Istanbul,Kartal,albopictus,4.747022278498103e-6,4.747022278498103e-6,0.9999952529777215,0.1304592617102023,2.074531525009249e-6
TUR.40.25_1,2039,7,25.322917040656595,63.4404836443122,Istanbul,Kartal,0.5132050868571584,0.04845186825852421,31,Istanbul,Kartal,albopictus,0.020790375390122524,0.020790375390122524,0.9792096246098775,0.1889743320017064,0.010613006783931622
TUR.40.25_1,2039,8,22.721383431378534,82.23088294112353,Istanbul,Kartal,0.6093986908392693,0.057268783174951654,31,Istanbul,Kartal,albopictus,0.015790912541219084,0.015790912541219084,0.9842090874587809,0.18737461743554626,0.009576808896426425
TUR.40.25_1,2039,9,21.254537414101993,74.62940134099817,Istanbul,Kartal,0.4857201842889987,0.047411267108529054,30,Istanbul,Kartal,albopictus,1.1557952436241358e-6,1.1557952436241358e-6,0.9999988442047564,0.12384082981074751,5.613929211500945e-7
TUR.40.25_1,2039,10,18.77415056789623,80.72704454667634,Istanbul,Kartal,0.4786569704006559,0.0452651703035325,31,Istanbul,Kartal,albopictus,6.4025174051352e-14,6.4025174051352e-14,0.9999999999999359,0.06719584394545984,3.064215547965432e-14
TUR.40.25_1,2039,11,13.076992609921625,74.21576785786367,Istanbul,Kartal,0.2776447843243446,0.02738258779481406,30,Istanbul,Kartal,albopictus,0,0,1,0.0010908587177937536,0
TUR.40.25_1,2039,12,8.664145245271571,76.25396647864889,Istanbul,Kartal,0.22836719443622755,0.021857634039364693,31,Istanbul,Kartal,albopictus,0,0,1,0,0
TUR.40.25_1,2040,1,8.129188418388367,81.79637010543443,Istanbul,Kartal,0.2396270408851337,0.022922898658592206,31,Istanbul,Kartal,albopictus,0,0,1,0,0
TUR.40.25_1,2040,2,7.817198911133935,79.91122483674116,Istanbul,Kartal,0.18565000254370273,0.01902192830313232,29,Istanbul,Kartal,albopictus,0,0,1,0,0
TUR.40.25_1,2040,3,7.863422239527982,76.0090571928913,Istanbul,Kartal,0.22004220813389333,0.021069282149002277,31,Istanbul,Kartal,albopictus,0,0,1,0,0
TUR.40.25_1,2040,4,13.189096731298111,64.61604319922111,Istanbul,Kartal,0.29096534874114843,0.028677306573344996,30,Istanbul,Kartal,albopictus,0,0,1,0.001109686836525837,0
TUR.40.25_1,2040,5,18.471588920144473,70.41807699735601,Istanbul,Kartal,0.4066926214367268,0.038592911513351535,31,Istanbul,Kartal,albopictus,7.954747971439247e-17,7.954747971439247e-17,0.9999999999999999,0.05265654135996686,0
TUR.40.25_1,2040,6,20.63550780801212,73.31826810744849,Istanbul,Kartal,0.4574360015066813,0.04471313379873998,30,Istanbul,Kartal,albopictus,1.3516504447863564e-8,1.3516504447863564e-8,0.9999999864834955,0.10515893527882478,6.182935718967997e-9
TUR.40.25_1,2040,7,23.822157915900736,69.94858606130438,Istanbul,Kartal,0.5371827706531787,0.050657300782285475,31,Istanbul,Kartal,albopictus,0.010021476661769434,0.010021476661769434,0.9899785233382306,0.18118703716542894,0.005368900259246523
TUR.40.25_1,2040,8,24.767558434430292,69.78593665206103,Istanbul,Kartal,0.6378706789174382,0.059862765796272366,31,Istanbul,Kartal,albopictus,0.046252010728575634,0.046252010728575634,0.9537479892714243,0.20197840521647978,0.029071842403026293
TUR.40.25_1,2040,9,21.57563574173871,63.67246545842981,Istanbul,Kartal,0.5084137336915359,0.049570578007419264,30,Istanbul,Kartal,albopictus,9.88419905706972e-8,9.88419905706972e-8,0.9999999011580094,0.11249578392340831,5.0252624173019456e-8
TUR.40.25_1,2040,10,18.996959405786853,72.69712206132478,Istanbul,Kartal,0.5010205162363237,0.04732918660403007,31,Istanbul,Kartal,albopictus,2.632943862934667e-14,2.632943862934667e-14,0.9999999999999737,0.06488074476833199,1.3211653993039363e-14
TUR.40.25_1,2040,11,12.461400607052973,72.26194858296132,Istanbul,Kartal,0.29061675014586863,0.028643445810508483,30,Istanbul,Kartal,albopictus,0,0,1,3.2283437686396476e-4,0
TUR.40.25_1,2040,12,8.296759381013759,75.7751609366567,Istanbul,Kartal,0.23903683999860717,0.022867090119200073,31,Istanbul,Kartal,albopictus,0,0,1,0,0
TUR.40.25_1,2041,1,7.6835163831710815,75.79068620650865,Istanbul,Kartal,0.23394532257467487,0.022385511236705402,31,Istanbul,Kartal,albopictus,0,0,1,0,0
TUR.40.25_1,2041,2,4.007370152894189,71.6108708328349,Istanbul,Kartal,0.17499818107829712,0.018575120987775917,28,Istanbul,Kartal,albopictus,0,0,1,0,0
TUR.40.25_1,2041,3,8.42535194228677,76.91199603566474,Istanbul,Kartal,0.2148248593805553,0.02057489061109341,31,Istanbul,Kartal,albopictus,0,0,1,0,0
TUR.40.25_1,2041,4,13.460984510533951,67.90945063940666,Istanbul,Kartal,0.2840663646217222,0.028006961381212392,30,Istanbul,Kartal,albopictus,0,0,1,0.0017394640456652151,0
TUR.40.25_1,2041,5,17.860634635476504,68.51800680692632,Istanbul,Kartal,0.39704966584452717,0.03769531800550896,31,Istanbul,Kartal,albopictus,0,0,1,0.040532203113224016,0
TUR.40.25_1,2041,6,22.75832389382755,66.0126803388938,Istanbul,Kartal,0.4465898862434651,0.04367645655829988,30,Istanbul,Kartal,albopictus,7.584690618741652e-5,7.584690618741652e-5,0.9999241530938126,0.1449348583168522,3.387188754078174e-5
TUR.40.25_1,2041,7,24.708468493293314,68.41391427785712,Istanbul,Kartal,0.5244458058565128,0.049486410478836174,31,Istanbul,Kartal,albopictus,0.0322368888608437,0.0322368888608437,0.9677631111391563,0.19583613264919703,0.016764388270535835
TUR.40.25_1,2041,8,25.529782631817987,70.9680464848247,Istanbul,Kartal,0.6227463360940116,0.0584857301184577,31,Istanbul,Kartal,albopictus,0.10484994778361634,0.10484994778361634,0.8951500522163837,0.2214092400601064,0.06320885658080999
TUR.40.25_1,2041,9,22.183141540078555,67.81603540471887,Istanbul,Kartal,0.4963589021110355,0.04842416049161846,30,Istanbul,Kartal,albopictus,1.2173228778453948e-5,1.2173228778453948e-5,0.9999878267712216,0.13521976509614125,6.042272217010591e-6
TUR.40.25_1,2041,10,19.99394007290111,74.61706682450837,Istanbul,Kartal,0.4891409828143005,0.046233335705375245,31,Istanbul,Kartal,albopictus,2.2929144444239214e-10,2.2929144444239214e-10,0.9999999997707085,0.09055110213196582,1.1215584017065794e-10
TUR.40.25_1,2041,11,12.798096278134516,80.78583621723867,Istanbul,Kartal,0.283726031533601,0.02797388067904616,30,Istanbul,Kartal,albopictus,0,0,1,7.552400507672436e-4,0
TUR.40.25_1,2041,12,9.053676380830654,76.58329692298483,Istanbul,Kartal,0.23336911574813188,0.022330996025606176,31,Istanbul,Kartal,albopictus,0,0,1,0,0
TUR.40.25_1,2042,1,10.18868339061737,83.62454851119615,Istanbul,Kartal,0.2485889879102532,0.02376993579943565,31,Istanbul,Kartal,albopictus,0,0,1,0,0
TUR.40.25_1,2042,2,10.660304227296045,79.01876115265912,Istanbul,Kartal,0.1859520859046163,0.01972627762943413,28,Istanbul,Kartal,albopictus,0,0,1,8.6231127679989e-12,0
TUR.40.25_1,2042,3,7.933918798671049,74.57000842580146,Istanbul,Kartal,0.22827169093893104,0.021848593737897715,31,Istanbul,Kartal,albopictus,0,0,1,0,0
TUR.40.25_1,2042,4,9.244923872106217,75.35233699194572,Istanbul,Kartal,0.30184732613373144,0.029733722833280796,30,Istanbul,Kartal,albopictus,0,0,1,0,0
TUR.40.25_1,2042,5,17.272709678201114,78.46739340360601,Istanbul,Kartal,0.42190274845477926,0.04000701154300679,31,Istanbul,Kartal,albopictus,0,0,1,0.03587810095765977,0
TUR.40.25_1,2042,6,21.703863368314856,68.71594266799536,Istanbul,Kartal,0.47454390885195663,0.0463460325459647,30,Istanbul,Kartal,albopictus,1.5023239112414989e-6,1.5023239112414989e-6,0.9999984976760887,0.12480077160843593,7.12918407086427e-7
TUR.40.25_1,2042,7,24.956870135139017,69.65242059499579,Istanbul,Kartal,0.5572731724526502,0.05250125053307875,31,Istanbul,Kartal,albopictus,0.05562091053026139,0.05562091053026139,0.9443790894697386,0.20546194599306516,0.030520589020370803
TUR.40.25_1,2042,8,25.985707619610956,76.46332007491259,Istanbul,Kartal,0.6617267646589275,0.06203071339104893,31,Istanbul,Kartal,albopictus,0.21150155285780048,0.21150155285780048,0.7884984471421995,0.25434697193706585,0.1306037191682986
TUR.40.25_1,2042,9,23.243390868691836,70.61091531804895,Istanbul,Kartal,0.5274281860311234,0.05137605045461846,30,Istanbul,Kartal,albopictus,0.002585589910285607,0.002585589910285607,0.9974144100897144,0.16921319163629364,0.0013627835621761175
TUR.40.25_1,2042,10,16.76526804531322,71.5290617585904,Istanbul,Kartal,0.5197584654611791,0.04905514679419998,31,Istanbul,Kartal,albopictus,0,0,1,0.02569303242871563,0
TUR.40.25_1,2042,11,15.157088854733637,71.71018314106679,Istanbul,Kartal,0.301485690102725,0.029698633874263636,30,Istanbul,Kartal,albopictus,0,0,1,0.009724633819105618,0
TUR.40.25_1,2042,12,9.357670559602626,76.00835338050436,Istanbul,Kartal,0.24797671376747107,0.023712090173542144,31,Istanbul,Kartal,albopictus,0,0,1,0,0
TUR.40.25_1,2043,1,8.855417132377625,83.58608110396959,Istanbul,Kartal,0.244090396116107,0.02334484386612823,31,Istanbul,Kartal,albopictus,0,0,1,0,0
TUR.40.25_1,2043,2,7.077403226319482,76.2018132156474,Istanbul,Kartal,0.18258700310353548,0.019372781524477856,28,Istanbul,Kartal,albopictus,0,0,1,0,0
TUR.40.25_1,2043,3,10.00515159438638,76.26627460011787,Istanbul,Kartal,0.22414077120541295,0.021457483475133987,31,Istanbul,Kartal,albopictus,0,0,1,0,0
TUR.40.25_1,2043,4,13.375775617711685,74.06169520727775,Istanbul,Kartal,0.29638494457031156,0.02920358159237524,30,Istanbul,Kartal,albopictus,0,0,1,0.0016919600218943712,0
TUR.40.25_1,2043,5,18.550320457009708,70.95723105009039,Istanbul,Kartal,0.41426778337413933,0.039297441731911076,31,Istanbul,Kartal,albopictus,2.291500322826323e-16,2.291500322826323e-16,0.9999999999999998,0.05435049468298437,1.1102230246251565e-16
TUR.40.25_1,2043,6,23.73352263955509,69.67484311965552,Istanbul,Kartal,0.46595632276349247,0.045526722247017926,30,Istanbul,Kartal,albopictus,0.0074249420413068454,0.0074249420413068454,0.9925750579586932,0.1785255694571005,0.003453720828639373
TUR.40.25_1,2043,7,24.94756799585679,66.49525125295477,Istanbul,Kartal,0.5471884758545917,0.05157609876591063,31,Istanbul,Kartal,albopictus,0.02878182250121346,0.02878182250121346,0.9712181774987866,0.1937428088975671,0.01562571329619289
TUR.40.25_1,2043,8,23.423367836896112,73.94647437178759,Istanbul,Kartal,0.64975182313603,0.06094310324908969,31,Istanbul,Kartal,albopictus,0.012140876940080328,0.012140876940080328,0.9878591230599196,0.18377639368200185,0.007857523916600773
TUR.40.25_1,2043,9,22.658719848184024,69.5879279523263,Istanbul,Kartal,0.5178835793708412,0.050470193974504696,30,Istanbul,Kartal,albopictus,1.9630574484635183e-4,1.9630574484635183e-4,0.9998036942551537,0.15110420300273067,1.0165835423137093e-4
TUR.40.25_1,2043,10,16.56658526027904,77.46976610429353,Istanbul,Kartal,0.5103526539354254,0.048189164851529465,31,Istanbul,Kartal,albopictus,0,0,1,0.025141894567528678,0
TUR.40.25_1,2043,11,11.138313868466547,81.0751504872582,Istanbul,Kartal,0.2960298528874487,0.029169108806935906,30,Istanbul,Kartal,albopictus,0,0,1,7.015177607461543e-7,0
TUR.40.25_1,2043,12,7.511852993684657,78.49511638099264,Istanbul,Kartal,0.24348920199524238,0.023288020341728388,31,Istanbul,Kartal,albopictus,0,0,1,0,0
TUR.40.25_1,2044,1,9.145597338676453,87.21371324508287,Istanbul,Kartal,0.24895723829202762,0.023804725220873846,31,Istanbul,Kartal,albopictus,0,0,1,0,0
TUR.40.25_1,2044,2,9.21246162933462,77.19288682404584,Istanbul,Kartal,0.19287853220348108,0.019755208836219396,29,Istanbul,Kartal,albopictus,0,0,1,0,0
TUR.40.25_1,2044,3,9.699013555751126,78.45962634572334,Istanbul,Kartal,0.22860984404073656,0.021880602723710396,31,Istanbul,Kartal,albopictus,0,0,1,0,0
TUR.40.25_1,2044,4,12.913131994359635,73.55007563940666,Istanbul,Kartal,0.3022944714156715,0.02977710686213142,30,Istanbul,Kartal,albopictus,0,0,1,8.157222269860583e-4,0
TUR.40.25_1,2044,5,18.247862647561465,67.94635153348882,Istanbul,Kartal,0.42252773932624227,0.040065073031102405,31,Istanbul,Kartal,albopictus,8.326672684688674e-19,8.326672684688674e-19,1,0.046736717506507486,0
TUR.40.25_1,2044,6,22.443052516264075,78.59591703322974,Istanbul,Kartal,0.47524688035955437,0.04641306934641187,30,Istanbul,Kartal,albopictus,0.0021055281943501035,0.0021055281943501035,0.9978944718056499,0.16826572149136496,0.0010001452269076117
TUR.40.25_1,2044,7,25.14954667932847,71.67208154470282,Istanbul,Kartal,0.5580986959814013,0.052576942591266884,31,Istanbul,Kartal,albopictus,0.0915883387342814,0.0915883387342814,0.9084116612657186,0.21724395351338877,0.049830921081434276
TUR.40.25_1,2044,8,24.566508629742792,67.47809821211962,Istanbul,Kartal,0.6627070218125709,0.06211968830975123,31,Istanbul,Kartal,albopictus,0.02087305270017653,0.02087305270017653,0.9791269472998234,0.18953836217663983,0.013737486152804679
TUR.40.25_1,2044,9,20.932477782754336,69.44416727117395,Istanbul,Kartal,0.5282094983189173,0.05145016471408925,30,Istanbul,Kartal,albopictus,2.0870387692495384e-8,2.0870387692495384e-8,0.9999999791296124,0.10628322558698473,1.1023936985488092e-8
TUR.40.25_1,2044,10,14.403353410608629,82.00324388749665,Istanbul,Kartal,0.5205284161132395,0.04912600034251546,31,Istanbul,Kartal,albopictus,0,0,1,0.006049384668488457,0
TUR.40.25_1,2044,11,12.007071116391351,80.50864505512929,Istanbul,Kartal,0.3019322996706433,0.029741967493983612,30,Istanbul,Kartal,albopictus,0,0,1,1.0607904741326536e-4,0
TUR.40.25_1,2044,12,9.137903942781337,79.93866649085592,Istanbul,Kartal,0.24834405714934688,0.023746795966571588,31,Istanbul,Kartal,albopictus,0,0,1,0,0
TUR.40.25_1,2045,1,8.56930148601532,83.87981279342272,Istanbul,Kartal,0.23722099037537248,0.02269536602233635,31,Istanbul,Kartal,albopictus,0,0,1,0,0
TUR.40.25_1,2045,2,7.2442142156993645,75.88108109894819,Istanbul,Kartal,0.17744847972342542,0.018832742603409613,28,Istanbul,Kartal,albopictus,0,0,1,0,0
TUR.40.25_1,2045,3,8.92027553390054,77.3280498076374,Istanbul,Kartal,0.21783280528397322,0.02085995148214359,31,Istanbul,Kartal,albopictus,0,0,1,0,0
TUR.40.25_1,2045,4,12.531171125524185,78.97468196264884,Istanbul,Kartal,0.2880438198390865,0.028393490384296283,30,Istanbul,Kartal,albopictus,0,0,1,4.2787757404487626e-4,0
TUR.40.25_1,2045,5,19.137463401345645,68.1158537917896,Istanbul,Kartal,0.40260909653273647,0.038212907744154645,31,Istanbul,Kartal,albopictus,1.862210385894514e-14,1.862210385894514e-14,0.9999999999999813,0.06382777848904445,7.549516567451064e-15
TUR.40.25_1,2045,6,22.62001060037052,66.26879911330786,Istanbul,Kartal,0.4528429717695413,0.04427426692162828,30,Istanbul,Kartal,albopictus,4.8520362136494745e-5,4.8520362136494745e-5,0.9999514796378635,0.14259371479700017,2.197186359631509e-5
TUR.40.25_1,2045,7,25.864544924567728,66.55700357229071,Istanbul,Kartal,0.5317890184522966,0.05016163730809364,31,Istanbul,Kartal,albopictus,0.06437073841217135,0.06437073841217135,0.9356292615878287,0.20810697720929217,0.03365237745637528
TUR.40.25_1,2045,8,25.0741647271549,67.77806311690478,Istanbul,Kartal,0.63146593817323,0.05927987531039036,31,Istanbul,Kartal,albopictus,0.0423227052877117,0.0423227052877117,0.9576772947122884,0.20003336831767213,0.026371384980630186
TUR.40.25_1,2045,9,22.11063558915082,65.91043390325403,Istanbul,Kartal,0.5033088460352864,0.04908527060352308,30,Istanbul,Kartal,albopictus,4.216794608064067e-6,4.216794608064067e-6,0.999995783205392,0.12979204846302525,2.122347775967981e-6
TUR.40.25_1,2045,10,17.555947976953846,75.69465013749665,Istanbul,Kartal,0.4959898625002578,0.04686527785169581,31,Istanbul,Kartal,albopictus,0,0,1,0.03917016228912283,0
TUR.40.25_1,2045,11,13.291804888669184,76.14013766987539,Istanbul,Kartal,0.2876987214574086,0.028359959822322867,30,Istanbul,Kartal,albopictus,0,0,1,0.0015500259744730164,0
TUR.40.25_1,2045,12,9.72923542471493,79.99261393958639,Istanbul,Kartal,0.2366367155860787,0.022640104996263455,31,Istanbul,Kartal,albopictus,0,0,1,0,0
TUR.40.25_1,2046,1,7.462394595146179,81.72478349654772,Istanbul,Kartal,0.24610812235724502,0.02353553067457259,31,Istanbul,Kartal,albopictus,0,0,1,0,0
TUR.40.25_1,2046,2,7.824173131409814,77.49475907746381,Istanbul,Kartal,0.18409632339353782,0.019531348762710676,28,Istanbul,Kartal,albopictus,0,0,1,0,0
TUR.40.25_1,2046,3,9.07266696761636,75.20460620412177,Istanbul,Kartal,0.22599358771505942,0.021632925139122294,31,Istanbul,Kartal,albopictus,0,0,1,0,0
TUR.40.25_1,2046,4,13.07042340671315,75.36540614477775,Istanbul,Kartal,0.2988349536229139,0.02944139845984506,30,Istanbul,Kartal,albopictus,0,0,1,0.0011056238448877264,0
TUR.40.25_1,2046,5,18.42200548508588,72.27919912870367,Istanbul,Kartal,0.41769224820631756,0.03961576564000979,31,Istanbul,Kartal,albopictus,9.997558336749534e-17,9.997558336749534e-17,0.9999999999999999,0.05295560906469587,0
TUR.40.25_1,2046,6,23.691704020780676,65.47865323928443,Istanbul,Kartal,0.469808060949934,0.04589428957100461,30,Istanbul,Kartal,albopictus,0.0016040719884633297,0.0016040719884633297,0.9983959280115366,0.16488343844936956,7.53322060877859e-4
TUR.40.25_1,2046,7,25.33384614832261,68.19899041921454,Istanbul,Kartal,0.5517117039870698,0.05199116317438679,31,Istanbul,Kartal,albopictus,0.058426164419236086,0.058426164419236086,0.9415738355807639,0.20619634075549334,0.03172040802869447
TUR.40.25_1,2046,8,26.86077056211584,67.0876868351665,Istanbul,Kartal,0.655122871422359,0.06143107834782757,31,Istanbul,Kartal,albopictus,0.10757007472762282,0.10757007472762282,0.8924299252723772,0.2219069588647881,0.06804580848054209
TUR.40.25_1,2046,9,20.77777654984418,78.67745126775598,Istanbul,Kartal,0.5221645642214452,0.05087659924903598,30,Istanbul,Kartal,albopictus,2.664281530307955e-7,2.664281530307955e-7,0.999999733571847,0.11777045153233144,1.3911933072208171e-7
TUR.40.25_1,2046,10,16.477159219629627,78.65501543290681,Istanbul,Kartal,0.5145713858415758,0.04857767599710183,31,Istanbul,Kartal,albopictus,0,0,1,0.02428031954166132,0
TUR.40.25_1,2046,11,13.35946712774389,77.4897012685082,Istanbul,Kartal,0.2984769266430548,0.029406649221301873,30,Istanbul,Kartal,albopictus,0,0,1,0.0017602907870532224,0
TUR.40.25_1,2046,12,8.344104542451747,82.81979289466452,Istanbul,Kartal,0.2455019585809863,0.023478248601885743,31,Istanbul,Kartal,albopictus,0,0,1,0,0
TUR.40.25_1,2047,1,5.990073084831238,77.523558215786,Istanbul,Kartal,0.24657987203822163,0.02358010837977098,31,Istanbul,Kartal,albopictus,0,0,1,0,0
TUR.40.25_1,2047,2,7.472346463624169,77.53654527131147,Istanbul,Kartal,0.18444920643127763,0.019568418500072404,28,Istanbul,Kartal,albopictus,0,0,1,0,0
TUR.40.25_1,2047,3,9.444866979823392,76.90793719777412,Istanbul,Kartal,0.22642678106880246,0.02167393932274353,31,Istanbul,Kartal,albopictus,0,0,1,0,0
TUR.40.25_1,2047,4,13.26662759219899,74.33655177466056,Istanbul,Kartal,0.2994077721576538,0.02949699226317315,30,Istanbul,Kartal,albopictus,0,0,1,0.0014702521919292089,0
TUR.40.25_1,2047,5,18.45324976303998,73.2359938674732,Istanbul,Kartal,0.4184928970550854,0.039690175389350824,31,Istanbul,Kartal,albopictus,1.8685053504441385e-16,1.8685053504441385e-16,0.9999999999999998,0.05407636250404377,1.1102230246251565e-16
TUR.40.25_1,2047,6,23.461242900175208,65.56646757033911,Istanbul,Kartal,0.4707086074282484,0.045980207356045244,30,Istanbul,Kartal,albopictus,8.072242405737165e-4,8.072242405737165e-4,0.9991927757594263,0.15979755916465627,3.798952196930605e-4
TUR.40.25_1,2047,7,25.512303408454446,64.45665414602118,Istanbul,Kartal,0.5527692465738568,0.05208818011796201,31,Istanbul,Kartal,albopictus,0.033655857499544924,0.033655857499544924,0.9663441425004551,0.19601442057341512,0.018431938199493403
TUR.40.25_1,2047,8,25.216590264264276,70.02182990157274,Istanbul,Kartal,0.6563786365821345,0.06154513162573161,31,Istanbul,Kartal,albopictus,0.07476984150912334,0.07476984150912334,0.9252301584908766,0.21187126746285093,0.047892496410091856
TUR.40.25_1,2047,9,21.312169860391055,72.46507181218958,Istanbul,Kartal,0.52316546969433,0.050971592775605035,30,Istanbul,Kartal,albopictus,7.193308247279707e-7,7.193308247279707e-7,0.9999992806691753,0.12167036893496506,3.7632897798012266e-7
TUR.40.25_1,2047,10,17.26484079921947,78.66521593339509,Istanbul,Kartal,0.5155577364129645,0.04866848804541879,31,Istanbul,Kartal,albopictus,0,0,1,0.03592767852283979,0
TUR.40.25_1,2047,11,13.3135925321018,80.32074069721914,Istanbul,Kartal,0.2990490588976675,0.029462178408994122,30,Istanbul,Kartal,albopictus,0,0,1,0.0017240576720796029,0
TUR.40.25_1,2047,12,10.230803265291103,79.02600017005514,Istanbul,Kartal,0.24597254634351287,0.023522719123401314,31,Istanbul,Kartal,albopictus,0,0,1,0,0
TUR.40.25_1,2048,1,7.3963383436203,77.28217180221178,Istanbul,Kartal,0.25012384286707373,0.02391492872963452,31,Istanbul,Kartal,albopictus,0,0,1,0,0
TUR.40.25_1,2048,2,4.839781918946435,76.18595170441694,Istanbul,Kartal,0.19378235399890453,0.019846856269666202,29,Istanbul,Kartal,albopictus,0,0,1,0,0
TUR.40.25_1,2048,3,7.208413923487943,75.34498706349677,Istanbul,Kartal,0.22968110146545812,0.02198199917740129,31,Istanbul,Kartal,albopictus,0,0,1,0,0
TUR.40.25_1,2048,4,12.208687109105728,76.72686396948478,Istanbul,Kartal,0.3037110123276132,0.029914533170585456,30,Istanbul,Kartal,albopictus,0,0,1,1.81622030063227e-4,0
TUR.40.25_1,2048,5,18.504517386941348,73.37972403104742,Istanbul,Kartal,0.42450768896403385,0.04024898665064647,31,Istanbul,Kartal,albopictus,3.2579494657625217e-16,3.2579494657625217e-16,0.9999999999999997,0.055095658531546354,1.1102230246251565e-16
TUR.40.25_1,2048,6,23.437608943266028,63.6748011579856,Istanbul,Kartal,0.4774738699771589,0.04662540852108232,30,Istanbul,Kartal,albopictus,3.996486478049376e-4,3.996486478049376e-4,0.999600351352195,0.15519168515105577,1.9080358117951057e-4
TUR.40.25_1,2048,7,25.394818362067728,71.59763391286688,Istanbul,Kartal,0.5607139261973447,0.0528166925164123,31,Istanbul,Kartal,albopictus,0.10560344508371589,0.10560344508371589,0.8943965549162841,0.22155919035066904,0.05749430978316705
TUR.40.25_1,2048,8,25.987611153546503,65.3988097294536,Istanbul,Kartal,0.66581244284337,0.06240150208205797,31,Istanbul,Kartal,albopictus,0.05679505550277626,0.05679505550277626,0.9432049444972237,0.20531865727148907,0.03710880077895551
TUR.40.25_1,2048,9,20.22926695206586,66.27544321111536,Istanbul,Kartal,0.5306846688403659,0.051684917919222584,30,Istanbul,Kartal,albopictus,5.6066686016098544e-11,5.6066686016098544e-11,0.9999999999439333,0.08518031832973447,2.975375501534927e-11
TUR.40.25_1,2048,10,17.495971399195057,79.77768083818025,Istanbul,Kartal,0.5229675933624943,0.04935042710133308,31,Istanbul,Kartal,albopictus,0,0,1,0.04037541807012709,0
TUR.40.25_1,2048,11,13.965835192624262,83.13065433247304,Istanbul,Kartal,0.303347143458944,0.02987923413824567,30,Istanbul,Kartal,albopictus,0,0,1,0.003986352552727478,0
TUR.40.25_1,2048,12,7.8782613417681535,79.68799510413717,Istanbul,Kartal,0.24950778837983273,0.023856734583187156,31,Istanbul,Kartal,albopictus,0,0,1,0,0
TUR.40.25_1,2049,1,8.102640986442566,79.46130998580553,Istanbul,Kartal,0.2760329404714609,0.02635923246808103,31,Istanbul,Kartal,albopictus,0,0,1,0,0
TUR.40.25_1,2049,2,8.82403103393667,77.97892808381147,Istanbul,Kartal,0.20648099294560837,0.021880045425961336,28,Istanbul,Kartal,albopictus,0,0,1,0,0
TUR.40.25_1,2049,3,11.220731580958645,72.87274280080146,Istanbul,Kartal,0.25347263612100956,0.024231203971873394,31,Istanbul,Kartal,albopictus,0,0,1,1.1070752372032466e-6,0
TUR.40.25_1,2049,4,15.600950521581314,67.312732804934,Istanbul,Kartal,0.33517094102423567,0.032961619563008915,30,Istanbul,Kartal,albopictus,0,0,1,0.012382215834935716,0
TUR.40.25_1,2049,5,19.141165565041934,66.74781942899664,Istanbul,Kartal,0.4684803507507275,0.04432445167993604,31,Istanbul,Kartal,albopictus,1.2599976617622133e-14,1.2599976617622133e-14,0.9999999999999875,0.06289912947199443,5.88418203051333e-15
TUR.40.25_1,2049,6,21.96937011269962,66.70300321487036,Istanbul,Kartal,0.5269330377197441,0.0513290783370447,30,Istanbul,Kartal,albopictus,2.6556069906470415e-6,2.6556069906470415e-6,0.9999973443930094,0.12758035317180014,1.3993260795652773e-6
TUR.40.25_1,2049,7,25.82238489038804,63.78619439870673,Istanbul,Kartal,0.6187955216000935,0.058125685659155435,31,Istanbul,Kartal,albopictus,0.036271608140535,0.036271608140535,0.963728391859465,0.19696358457958973,0.022194700154171354
TUR.40.25_1,2049,8,27.22780928892248,72.41724616133837,Istanbul,Kartal,0.7347806762197137,0.06863852092220557,31,Istanbul,Kartal,albopictus,0.1953469694776891,0.1953469694776891,0.804653030522311,0.24909317345291015,0.13371140757488098
TUR.40.25_1,2049,9,25.00066358902875,67.41797555974817,Istanbul,Kartal,0.5856556812977587,0.05688360000619963,30,Istanbul,Kartal,albopictus,0.03739283835175054,0.03739283835175054,0.9626071616482494,0.19782858087879168,0.02166127880629476
TUR.40.25_1,2049,10,19.18935366237865,71.40546556718415,Istanbul,Kartal,0.5771392319597836,0.05432108771864563,31,Istanbul,Kartal,albopictus,9.908390774526765e-14,9.908390774526765e-14,0.999999999999901,0.06787771376240431,5.717648576819556e-14
TUR.40.25_1,2049,11,12.1441646603977,73.55136203510976,Istanbul,Kartal,0.3347693807706689,0.03292278636559498,30,Istanbul,Kartal,albopictus,0,0,1,1.4726513645836687e-4,0
TUR.40.25_1,2049,12,9.330528034883388,81.45421519691061,Istanbul,Kartal,0.2753530719325221,0.026295170903317566,31,Istanbul,Kartal,albopictus,0,0,1,0,0
TUR.40.25_1,2050,1,7.367948412895203,74.36976488082506,Istanbul,Kartal,0.24635259745677815,0.023558632457580275,31,Istanbul,Kartal,albopictus,0,0,1,0,0
TUR.40.25_1,2050,2,8.241356053773096,79.26241349640912,Istanbul,Kartal,0.18427919816643942,0.01955055960828256,28,Istanbul,Kartal,albopictus,0,0,1,0,0
TUR.40.25_1,2050,3,9.455674970851224,76.35481372365302,Istanbul,Kartal,0.22621808174768748,0.021654180156948533,31,Istanbul,Kartal,albopictus,0,0,1,0,0
TUR.40.25_1,2050,4,15.057668012731217,72.8248177658715,Istanbul,Kartal,0.2991318056907416,0.029470209264997105,30,Istanbul,Kartal,albopictus,0,0,1,0.009216750003544136,0
TUR.40.25_1,2050,5,17.306254218606387,70.95012045438726,Istanbul,Kartal,0.4181071689044904,0.03965432776551325,31,Istanbul,Kartal,albopictus,0,0,1,0.03306361037672983,0
TUR.40.25_1,2050,6,24.01920722512638,65.45107297805396,Istanbul,Kartal,0.4702747516522242,0.04593881575840464,30,Istanbul,Kartal,albopictus,0.0038957447729482623,0.0038957447729482623,0.9961042552270517,0.17179752491616268,0.0018303931890291114
TUR.40.25_1,2050,7,24.48257547266343,71.05387170583563,Istanbul,Kartal,0.5522597548699663,0.052041441558484,31,Istanbul,Kartal,albopictus,0.04208037646141652,0.04208037646141652,0.9579196235385835,0.2004137903283237,0.02297134558651792
TUR.40.25_1,2050,8,26.663495400372675,68.71257239424853,Istanbul,Kartal,0.6557736472994955,0.061490185971711186,31,Istanbul,Kartal,albopictus,0.12395689202688334,0.12395689202688334,0.8760431079731167,0.2270156775738471,0.0780715515845074
TUR.40.25_1,2050,9,24.61947233536664,63.40607370427942,Istanbul,Kartal,0.5226832640213056,0.05092582898405351,30,Istanbul,Kartal,albopictus,0.0073258264808252534,0.0073258264808252534,0.9926741735191748,0.17737938814169657,0.0038217652914224187
TUR.40.25_1,2050,10,14.98483248317943,73.73350664384431,Istanbul,Kartal,0.5150825428467394,0.04862473865750305,31,Istanbul,Kartal,albopictus,0,0,1,0.008816613632988822,0
TUR.40.25_1,2050,11,11.972405054989984,75.07904910786367,Istanbul,Kartal,0.2987734230595505,0.0294354265397192,30,Istanbul,Kartal,albopictus,0,0,1,8.408360773407246e-5,0
TUR.40.25_1,2050,12,10.490294232087978,75.13155284339499,Istanbul,Kartal,0.24574583153887491,0.023501294837798725,31,Istanbul,Kartal,albopictus,0,0,1,1.550673442237382e-20,0
TUR.40.25_1,2051,1,6.5293930768966675,77.23901994674303,Istanbul,Kartal,0.2500138847353938,0.02390454204623005,31,Istanbul,Kartal,albopictus,0,0,1,0,0
TUR.40.25_1,2051,2,6.104914346162011,77.43164872590131,Istanbul,Kartal,0.1870179518508963,0.019838218420930587,28,Istanbul,Kartal,albopictus,0,0,1,0,0
TUR.40.25_1,2051,3,9.112259710536282,77.26399341115302,Istanbul,Kartal,0.22958013026451282,0.021972442519217816,31,Istanbul,Kartal,albopictus,0,0,1,0,0
TUR.40.25_1,2051,4,14.437054914586685,69.65480433813713,Istanbul,Kartal,0.3035774964856072,0.029901580906326886,30,Istanbul,Kartal,albopictus,0,0,1,0.005230741169630853,0
TUR.40.25_1,2051,5,17.5818374858183,81.57102346952398,Istanbul,Kartal,0.42432106912073064,0.04023165340538071,31,Istanbul,Kartal,albopictus,0,0,1,0.042833184182884385,0
TUR.40.25_1,2051,6,22.996561274808997,74.61711912063208,Istanbul,Kartal,0.47726396541921323,0.046605396543834665,30,Istanbul,Kartal,albopictus,0.004200170180869528,0.004200170180869528,0.9957998298191305,0.17365027386266357,0.0020025820275335615
TUR.40.25_1,2051,7,26.312417086432962,65.98093850881415,Istanbul,Kartal,0.5604674280825515,0.05279409751469033,31,Istanbul,Kartal,albopictus,0.07445923346825191,0.07445923346825191,0.9255407665317481,0.211496482987765,0.04087318398586648
TUR.40.25_1,2051,8,25.141026833478143,70.03675681197313,Istanbul,Kartal,0.6655197418700237,0.06237494338401206,31,Istanbul,Kartal,albopictus,0.07074048992124651,0.07074048992124651,0.9292595100787535,0.21051686056627628,0.045988156072094166
TUR.40.25_1,2051,9,21.436551879434024,78.8841926007638,Istanbul,Kartal,0.5304513720301617,0.05166279377277716,30,Istanbul,Kartal,albopictus,1.7175838960612754e-5,1.7175838960612754e-5,0.9999828241610393,0.13791251472526103,9.110905837883543e-6
TUR.40.25_1,2051,10,17.07334681118236,78.96591326005525,Istanbul,Kartal,0.5227376890925288,0.04932927605352022,31,Istanbul,Kartal,albopictus,0,0,1,0.03293722721974471,0
TUR.40.25_1,2051,11,13.227100947323969,73.6458063100121,Istanbul,Kartal,0.30321378757906126,0.029866296921150726,30,Istanbul,Kartal,albopictus,0,0,1,0.0013658702925152147,0
TUR.40.25_1,2051,12,10.937529339509853,77.22836223060202,Istanbul,Kartal,0.2493981010747947,0.02384637286456892,31,Istanbul,Kartal,albopictus,0,0,1,3.6723426800302994e-8,0
TUR.40.25_1,2052,1,8.699374079704285,77.30132158248522,Istanbul,Kartal,0.248172986662918,0.02373063375757878,31,Istanbul,Kartal,albopictus,0,0,1,0,0
TUR.40.25_1,2052,2,8.990089574280908,73.61256455842084,Istanbul,Kartal,0.19227093668170148,0.019693593898601258,29,Istanbul,Kartal,albopictus,0,0,1,0,0
TUR.40.25_1,2052,3,9.707980001673977,78.48644366750068,Istanbul,Kartal,0.22788968967266338,0.021812432900882084,31,Istanbul,Kartal,albopictus,0,0,1,0,0
TUR.40.25_1,2052,4,14.936945242040299,70.55149470678947,Istanbul,Kartal,0.3013421997191142,0.02968471088284874,30,Istanbul,Kartal,albopictus,0,0,1,0.008068658765475255,0
TUR.40.25_1,2052,5,19.43949015000287,63.68303061063726,Istanbul,Kartal,0.42119671529101455,0.03994141702276277,31,Istanbul,Kartal,albopictus,4.8717807565878954e-14,4.8717807565878954e-14,0.9999999999999513,0.06575658394836802,2.0539125955565396e-14
TUR.40.25_1,2052,6,23.42225097207462,73.33080320266333,Istanbul,Kartal,0.473749783337157,0.04627029744406119,30,Istanbul,Kartal,albopictus,0.009905582205096292,0.009905582205096292,0.9900944177949037,0.1817517944084097,0.004681773594331418
TUR.40.25_1,2052,7,26.1218443477855,67.67174585134345,Istanbul,Kartal,0.5563406036498421,0.05241573624457896,31,Istanbul,Kartal,albopictus,0.08996728475008024,0.08996728475008024,0.9100327152499198,0.21645827655540506,0.04882046950960983
TUR.40.25_1,2052,8,25.30547271055334,69.53627616011767,Istanbul,Kartal,0.6606193979899236,0.06193019097997188,31,Istanbul,Kartal,albopictus,0.07462994801212976,0.07462994801212976,0.9253700519878703,0.2117267811775295,0.04810637733065193
TUR.40.25_1,2052,9,21.740865539101993,71.48259653142786,Istanbul,Kartal,0.5265455613215047,0.05129231886569385,30,Istanbul,Kartal,albopictus,5.221413449492729e-6,5.221413449492729e-6,0.9999947785865505,0.13112814690795674,2.749308296245978e-6
TUR.40.25_1,2052,10,17.81025095546947,82.20108934648103,Istanbul,Kartal,0.5188886756456182,0.04897509934643707,31,Istanbul,Kartal,albopictus,1.8873791418627663e-18,1.8873791418627663e-18,1,0.04760791414205151,0
TUR.40.25_1,2052,11,10.482105830136469,78.45523166401601,Istanbul,Kartal,0.3009811688679319,0.029649678874996255,30,Istanbul,Kartal,albopictus,0,0,1,9.604885824200053e-23,0
TUR.40.25_1,2052,12,6.089906944948085,79.2762824576528,Istanbul,Kartal,0.2475617371303137,0.023672882611402768,31,Istanbul,Kartal,albopictus,0,0,1,0,0
TUR.40.25_1,2053,1,3.362511992454529,78.85212572066881,Istanbul,Kartal,0.2485453759095431,0.023765815595942263,31,Istanbul,Kartal,albopictus,0,0,1,0,0
TUR.40.25_1,2053,2,4.604852357331445,84.69654893342084,Istanbul,Kartal,0.18591946280827285,0.019722851241579353,28,Istanbul,Kartal,albopictus,0,0,1,0,0
TUR.40.25_1,2053,3,8.884759748683255,71.84021106252021,Istanbul,Kartal,0.22823164336791427,0.02184480283494772,31,Istanbul,Kartal,albopictus,0,0,1,0,0
TUR.40.25_1,2053,4,14.4134438458611,70.44423304907463,Istanbul,Kartal,0.30179437058685726,0.02972858472154416,30,Istanbul,Kartal,albopictus,0,0,1,0.005158676797873965,0
TUR.40.25_1,2053,5,18.557640861062442,62.28338003690679,Istanbul,Kartal,0.4218287306025812,0.040000135071366016,31,Istanbul,Kartal,albopictus,5.8841820305133295e-18,5.8841820305133295e-18,1,0.048380387112354976,0
TUR.40.25_1,2053,6,22.94093917397892,64.6701624861106,Istanbul,Kartal,0.47446065573015184,0.04633809304592418,30,Istanbul,Kartal,albopictus,9.465926806509916e-5,9.465926806509916e-5,0.9999053407319349,0.14624550463791142,4.491108986393044e-5
TUR.40.25_1,2053,7,25.84709077722886,66.2631040361579,Istanbul,Kartal,0.5571754054590393,0.05249228589994259,31,Istanbul,Kartal,albopictus,0.06218879129215435,0.06218879129215435,0.9378112087078456,0.20721122952458013,0.034056625485936576
TUR.40.25_1,2053,8,25.731767037335565,70.46139746749071,Istanbul,Kartal,0.6616106725167421,0.062020175506326214,31,Istanbul,Kartal,albopictus,0.10805308804331135,0.10805308804331135,0.8919469119566886,0.22230986504008396,0.06899355237699811
TUR.40.25_1,2053,9,23.26850683548871,69.10706628850794,Istanbul,Kartal,0.527335654987745,0.05136727269762531,30,Istanbul,Kartal,albopictus,0.0015644201595289284,0.0015644201595289284,0.998435579840471,0.16500309634948565,8.246343315719828e-4
TUR.40.25_1,2053,10,18.73069353664623,71.77300401933259,Istanbul,Kartal,0.5196672799796526,0.04904675523804469,31,Istanbul,Kartal,albopictus,1.7558732245959163e-15,1.7558732245959163e-15,0.9999999999999982,0.05863210467692958,8.881784197001252e-16
TUR.40.25_1,2053,11,13.396669009152582,79.21240329487539,Istanbul,Kartal,0.3014327980006195,0.029693501732798167,30,Istanbul,Kartal,albopictus,0,0,1,0.001882555354034046,0
TUR.40.25_1,2053,12,9.575589909273036,78.77712169105124,Istanbul,Kartal,0.24793320918302494,0.02370797987458495,31,Istanbul,Kartal,albopictus,0,0,1,0,0
TUR.40.25_1,2054,1,7.335330843925476,81.24329240768053,Istanbul,Kartal,0.23699858799274645,0.022674331452832264,31,Istanbul,Kartal,albopictus,0,0,1,0,0
TUR.40.25_1,2054,2,9.393158116761377,79.26503800812787,Istanbul,Kartal,0.177282116010748,0.018815253451715974,28,Istanbul,Kartal,albopictus,0,0,1,0,0
TUR.40.25_1,2054,3,8.580151403651517,76.09423175343818,Istanbul,Kartal,0.21762857995453416,0.020840599820045047,31,Istanbul,Kartal,albopictus,0,0,1,0,0
TUR.40.25_1,2054,4,11.707286161534928,77.9198113571801,Istanbul,Kartal,0.28777376940328164,0.02836725175387489,30,Istanbul,Kartal,albopictus,0,0,1,3.153605349087266e-5,0
TUR.40.25_1,2054,5,15.587199042825137,76.51231527860601,Istanbul,Kartal,0.40223163742933193,0.038177774654723606,31,Istanbul,Kartal,albopictus,0,0,1,0.01400997072804594,0
TUR.40.25_1,2054,6,22.267154917997473,69.54116849807349,Istanbul,Kartal,0.45241841677667305,0.044233690247103774,30,Istanbul,Kartal,albopictus,3.6024030720961e-5,3.6024030720961e-5,0.999963975969279,0.1412351634821105,1.629780213407983e-5
TUR.40.25_1,2054,7,24.266741808723,66.81605584890204,Istanbul,Kartal,0.5312904489767583,0.050115807775302224,31,Istanbul,Kartal,albopictus,0.010212810410559957,0.010212810410559957,0.98978718958944,0.18120762924547118,0.005411274648932651
TUR.40.25_1,2054,8,25.838986733380487,69.88165503585009,Istanbul,Kartal,0.6308739183482783,0.059225977802236374,31,Istanbul,Kartal,albopictus,0.10458633998084262,0.10458633998084262,0.8954136600191573,0.2212138463423122,0.0638511563087778
TUR.40.25_1,2054,9,21.444278548745547,68.84983362249231,Istanbul,Kartal,0.5028369776463302,0.049040398884714675,30,Istanbul,Kartal,albopictus,3.9749037361663795e-07,3.9749037361663795e-07,0.9999996025096264,0.11891134749600778,1.9987283816913504e-7
TUR.40.25_1,2054,10,15.872497278101305,79.04084917314118,Istanbul,Kartal,0.4955248558960619,0.04682238521494497,31,Istanbul,Kartal,albopictus,0,0,1,0.017272341104566425,0
TUR.40.25_1,2054,11,12.686091998044184,77.87646579487539,Istanbul,Kartal,0.2874289945625442,0.028333751723776723,30,Istanbul,Kartal,albopictus,0,0,1,5.751825386167356e-4,0
TUR.40.25_1,2054,12,8.10494400473202,79.35993113929342,Istanbul,Kartal,0.23641486098004294,0.022619121048959023,31,Istanbul,Kartal,albopictus,0,0,1,0,0
TUR.40.25_1,2055,1,9.1429842710495,79.16326768844225,Istanbul,Kartal,0.25525367386569514,0.02439937151656424,31,Istanbul,Kartal,albopictus,0,0,1,0,0
TUR.40.25_1,2055,2,7.572985806885888,79.02340745392866,Istanbul,Kartal,0.19093747268997563,0.020249749631952807,28,Istanbul,Kartal,albopictus,0,0,1,0,0
TUR.40.25_1,2055,3,7.650036657557767,72.60047259816474,Istanbul,Kartal,0.23439166892112118,0.02242773819457322,31,Istanbul,Kartal,albopictus,0,0,1,0,0
TUR.40.25_1,2055,4,14.838779729955338,67.70415126196525,Istanbul,Kartal,0.3099398713911966,0.03051859758470077,30,Istanbul,Kartal,albopictus,0,0,1,0.007199146493327949,0
TUR.40.25_1,2055,5,19.292586158303653,70.28003073270757,Istanbul,Kartal,0.4332139869204351,0.04105727947384019,31,Istanbul,Kartal,albopictus,1.625758971890434e-13,1.625758971890434e-13,0.9999999999998375,0.06915611707592588,7.038813976123492e-14
TUR.40.25_1,2055,6,22.24509833840763,65.95198087600318,Istanbul,Kartal,0.48726646004440105,0.04755855220732075,30,Istanbul,Kartal,albopictus,7.50971576490922e-6,7.50971576490922e-6,0.9999924902842351,0.13249149191979742,3.6592259217149703e-6
TUR.40.25_1,2055,7,24.54934793360093,70.69621331960516,Istanbul,Kartal,0.572213700257247,0.05387020883634619,31,Istanbul,Kartal,albopictus,0.04190017110479711,0.04190017110479711,0.9580998288952028,0.20015247120479776,0.02369071456060956
TUR.40.25_1,2055,8,25.096938469830683,69.00623923384813,Istanbul,Kartal,0.6794676996530172,0.0636396981274423,31,Istanbul,Kartal,albopictus,0.058106539183632594,0.058106539183632594,0.9418934608163674,0.20626942050825783,0.03871227822536483
TUR.40.25_1,2055,9,23.17967207291547,69.39235605291223,Istanbul,Kartal,0.5415685679261367,0.052716493004921094,30,Istanbul,Kartal,albopictus,0.0013324099245372218,0.0013324099245372218,0.9986675900754628,0.1641082809461899,7.213310503051407e-4
TUR.40.25_1,2055,10,18.482387262232166,75.48973985917634,Istanbul,Kartal,0.5336932216790682,0.05033665524052999,31,Istanbul,Kartal,albopictus,5.56776846849516e-16,5.56776846849516e-16,0.9999999999999994,0.056320547856726445,3.3306690738754696e-16
TUR.40.25_1,2055,11,13.06287632269018,77.28018283589101,Istanbul,Kartal,0.3095685398761018,0.030482597016496138,30,Istanbul,Kartal,albopictus,0,0,1,0.0011285098435506475,0
TUR.40.25_1,2055,12,9.106921925264247,82.55884471351217,Istanbul,Kartal,0.2546249846157332,0.024340013295325647,31,Istanbul,Kartal,albopictus,0,0,1,0,0
TUR.40.25_1,2056,1,9.841413378715515,79.78365190475084,Istanbul,Kartal,0.25119899077548624,0.024016481751854113,31,Istanbul,Kartal,albopictus,0,0,1,0,0
TUR.40.25_1,2056,2,8.644625821534326,78.71556138459272,Istanbul,Kartal,0.19461532014160007,0.019931311360227855,29,Istanbul,Kartal,albopictus,0,0,1,0,0
TUR.40.25_1,2056,3,8.014960134730618,72.92616382130927,Istanbul,Kartal,0.23066837702068657,0.022075437287672584,31,Istanbul,Kartal,albopictus,0,0,1,0,0
TUR.40.25_1,2056,4,13.676619810216568,73.66440211645744,Istanbul,Kartal,0.30501650266361213,0.030041168624541426,30,Istanbul,Kartal,albopictus,0,0,1,0.002503636769945364,0
TUR.40.25_1,2056,5,18.238375495461856,68.89108419950445,Istanbul,Kartal,0.42633241926028653,0.04041845105060993,31,Istanbul,Kartal,albopictus,1.7763568394002505e-18,1.7763568394002505e-18,1,0.04706296937503206,0
TUR.40.25_1,2056,6,23.52644370583927,67.60387449172583,Istanbul,Kartal,0.47952627340556925,0.04682105937068293,30,Istanbul,Kartal,albopictus,0.002067510308833011,0.002067510308833011,0.997932489691167,0.16696347216146465,9.909342137235377e-4
TUR.40.25_1,2056,7,25.620232638190775,70.18187005788641,Istanbul,Kartal,0.5631241338691068,0.053037593379841486,31,Istanbul,Kartal,albopictus,0.10130617397734105,0.10130617397734105,0.8986938260226589,0.2202704214983319,0.05545122422791848
TUR.40.25_1,2056,8,26.11297545713537,73.58354407393603,Istanbul,Kartal,0.668674412526518,0.06266114791202015,31,Istanbul,Kartal,albopictus,0.17535996601265663,0.17535996601265663,0.8246400339873434,0.24272745301238624,0.11064493255244634
TUR.40.25_1,2056,9,22.539829085854922,66.0546142011056,Istanbul,Kartal,0.5329657968815399,0.05190121606065712,30,Istanbul,Kartal,albopictus,3.107285154770273e-5,3.107285154770273e-5,0.9999689271484523,0.14001430677465557,1.6560629957806938e-5
TUR.40.25_1,2056,10,17.750495630152088,76.52874895341462,Istanbul,Kartal,0.5252155498456754,0.04955721288579906,31,Istanbul,Kartal,albopictus,0,0,1,0.04312519393996247,0
TUR.40.25_1,2056,11,10.581764796200922,74.85183047993398,Istanbul,Kartal,0.3046510697183295,0.030005722485630826,30,Istanbul,Kartal,albopictus,0,0,1,2.1321786466620614e-14,0
TUR.40.25_1,2056,12,8.839474453645595,77.49837413245749,Istanbul,Kartal,0.25058028820125827,0.023958043533186202,31,Istanbul,Kartal,albopictus,0,0,1,0,0
TUR.40.25_1,2057,1,5.988870024681091,79.85812242477037,Istanbul,Kartal,0.2570517619673258,0.024569119574623488,31,Istanbul,Kartal,albopictus,0,0,1,0,0
TUR.40.25_1,2057,2,7.432730832520654,77.94053697053022,Istanbul,Kartal,0.1922824970048065,0.020390931020602077,28,Istanbul,Kartal,albopictus,0,0,1,0,0
TUR.40.25_1,2057,3,7.347871626124662,77.24866595753974,Istanbul,Kartal,0.23604279842153408,0.022583928786641394,31,Istanbul,Kartal,albopictus,0,0,1,0,0
TUR.40.25_1,2057,4,13.308590215795181,69.48168574682853,Istanbul,Kartal,0.3121231864696024,0.030730242815861564,30,Istanbul,Kartal,albopictus,0,0,1,0.0014209345184103873,0
TUR.40.25_1,2057,5,17.282448600320254,79.49252462919195,Istanbul,Kartal,0.4362656840950328,0.0413404379299015,31,Istanbul,Kartal,albopictus,0,0,1,0.03643348766676493,0
TUR.40.25_1,2057,6,24.123541102689856,70.16035489944068,Istanbul,Kartal,0.49069892003943544,0.04788541782317013,30,Istanbul,Kartal,albopictus,0.020583261445575863,0.020583261445575863,0.9794167385544241,0.189790299742213,0.010049348595662422
TUR.40.25_1,2057,7,26.789105471442728,64.57017190725165,Istanbul,Kartal,0.5762445556429525,0.05423920580046604,31,Istanbul,Kartal,albopictus,0.06999461458014791,0.06999461458014791,0.9300053854198521,0.209620233483782,0.03953142589579661
TUR.40.25_1,2057,8,26.006745675030878,67.67158728682665,Istanbul,Kartal,0.684254086339194,0.06407331857886067,31,Istanbul,Kartal,albopictus,0.08463706306102144,0.08463706306102144,0.9153629369389785,0.21488338511024374,0.056268193282690615
TUR.40.25_1,2057,9,21.731231521157657,70.44621957830286,Istanbul,Kartal,0.5453835492482764,0.05307781096807063,30,Istanbul,Kartal,albopictus,3.3967320596138274e-6,3.3967320596138274e-6,0.9999966032679404,0.1287010086264585,1.8525200705665767e-6
TUR.40.25_1,2057,10,16.07596941555248,78.111848318649,Istanbul,Kartal,0.5374527265562712,0.05068210181306987,31,Istanbul,Kartal,albopictus,0,0,1,0.01933183107985316,0
TUR.40.25_1,2057,11,10.282364466611078,81.1150445912621,Istanbul,Kartal,0.3117492391771558,0.030693996558021297,30,Istanbul,Kartal,albopictus,0,0,1,0,0
TUR.40.25_1,2057,12,9.343187107759364,81.51872935706686,Istanbul,Kartal,0.2564186440302352,0.02450935360307016,31,Istanbul,Kartal,albopictus,0,0,1,0,0
TUR.40.25_1,2058,1,8.806549906730652,81.3620363041649,Istanbul,Kartal,0.2639299399116783,0.025218179711216093,31,Istanbul,Kartal,albopictus,0,0,1,0,0
TUR.40.25_1,2058,2,7.931733289185693,78.823418135081,Istanbul,Kartal,0.19742758225869242,0.020930800650260095,28,Istanbul,Kartal,albopictus,0,0,1,0,0
TUR.40.25_1,2058,3,11.40933688949136,77.7548076201374,Istanbul,Kartal,0.24235881959019115,0.023181170171442833,31,Istanbul,Kartal,albopictus,0,0,1,5.953241106479584e-6,0
TUR.40.25_1,2058,4,12.847330373876236,71.5024529587426,Istanbul,Kartal,0.3204749627837018,0.03153941728662024,30,Istanbul,Kartal,albopictus,0,0,1,6.899393098743112e-4,0
TUR.40.25_1,2058,5,19.876774619607364,73.08353567655523,Istanbul,Kartal,0.4479392590328374,0.042422824902685785,31,Istanbul,Kartal,albopictus,5.551298892791934e-11,5.551298892791934e-11,0.999999999944487,0.08583062055582309,2.486644223864687e-11
TUR.40.25_1,2058,6,23.639253840726965,68.9527438154563,Istanbul,Kartal,0.5038290167300848,0.049134733114612916,30,Istanbul,Kartal,albopictus,0.004666487429803249,0.004666487429803249,0.9953335125701968,0.1740931554328165,0.002348350074833694
TUR.40.25_1,2058,7,26.479283388923196,68.31145913869696,Istanbul,Kartal,0.5916636780906731,0.05564939227168675,31,Istanbul,Kartal,albopictus,0.11172297736199405,0.11172297736199405,0.8882770226380059,0.22325901404810258,0.06396501654159137
TUR.40.25_1,2058,8,26.31491980833166,71.29194098555712,Istanbul,Kartal,0.7025633223038537,0.0657301827741269,31,Istanbul,Kartal,albopictus,0.1482892000014811,0.1482892000014811,0.851710799998519,0.2343698006700791,0.09893920895784802
TUR.40.25_1,2058,9,21.449500869302188,74.0730353742013,Istanbul,Kartal,0.5599768944599267,0.054458679387840214,30,Istanbul,Kartal,albopictus,2.8925641296052574e-6,2.8925641296052574e-6,0.9999971074358704,0.12841901742467085,1.6197677664697707e-6
TUR.40.25_1,2058,10,18.017533975489002,81.83101030595368,Istanbul,Kartal,0.5518338592185765,0.052002369969978535,31,Istanbul,Kartal,albopictus,3.7969627442180357e-17,3.7969627442180357e-17,1,0.05149892714486307,0
TUR.40.25_1,2058,11,13.530476191464594,77.55255985005117,Istanbul,Kartal,0.32009100942866464,0.03150223220376247,30,Istanbul,Kartal,albopictus,0,0,1,0.0022482932803048225,0
TUR.40.25_1,2058,12,8.586581005769618,78.42891612464499,Istanbul,Kartal,0.2632798810370981,0.025156855307498116,31,Istanbul,Kartal,albopictus,0,0,1,0,0
TUR.40.25_1,2059,1,6.58366334438324,84.366331653286,Istanbul,Kartal,0.24958757347318633,0.023864271491015332,31,Istanbul,Kartal,albopictus,0,0,1,0,0
TUR.40.25_1,2059,2,5.825812974396874,78.64323472443647,Istanbul,Kartal,0.18669905812548024,0.019804728480015577,28,Istanbul,Kartal,albopictus,0,0,1,0,0
TUR.40.25_1,2059,3,8.390882337794583,75.69352069386787,Istanbul,Kartal,0.2291886616258234,0.02193539016093715,31,Istanbul,Kartal,albopictus,0,0,1,0,0
TUR.40.25_1,2059,4,11.468095106237076,73.58572017065666,Istanbul,Kartal,0.30305985121225953,0.02985136292045032,30,Istanbul,Kartal,albopictus,0,0,1,8.119554784340066e-6,0
TUR.40.25_1,2059,5,20.703413795022403,64.52350760038335,Istanbul,Kartal,0.42359753790265636,0.04016444888865034,31,Istanbul,Kartal,albopictus,7.199779399336137e-10,7.199779399336137e-10,0.999999999280022,0.09382538857393749,3.049809293997896e-10
TUR.40.25_1,2059,6,22.4895861008588,67.48839597610083,Istanbul,Kartal,0.4764501586031664,0.04652780548400337,30,Istanbul,Kartal,albopictus,4.3797380615603895e-5,4.3797380615603895e-5,0.9999562026193844,0.14206321808416028,2.086705122072985e-5
TUR.40.25_1,2059,7,26.502036150764017,68.46072824270087,Istanbul,Kartal,0.5595117468533072,0.05270649086024448,31,Istanbul,Kartal,albopictus,0.11337261786079895,0.11337261786079895,0.886627382139201,0.22366810578935317,0.06146329314792254
TUR.40.25_1,2059,8,27.469209053937128,69.25913458907274,Istanbul,Kartal,0.6643849306515152,0.06227196733293572,31,Istanbul,Kartal,albopictus,0.15014299665455794,0.15014299665455794,0.849857003345442,0.2347622914177031,0.09493882820253008
TUR.40.25_1,2059,9,22.282865355996524,71.3845588117013,Istanbul,Kartal,0.5295468726892983,0.05157701285560157,30,Istanbul,Kartal,albopictus,7.543413005743666e-5,7.543413005743666e-5,0.9999245658699426,0.1454911792427825,3.9945109838845916e-5
TUR.40.25_1,2059,10,19.0149762209724,77.56058641679353,Istanbul,Kartal,0.5218463427408,0.04924726830226722,31,Istanbul,Kartal,albopictus,2.0736001804522174e-13,2.0736001804522174e-13,0.9999999999997926,0.07026374637601952,1.0824674490095276e-13
TUR.40.25_1,2059,11,12.38574943822973,75.66075992329336,Istanbul,Kartal,0.3026967624840816,0.029816137277474453,30,Istanbul,Kartal,albopictus,0,0,1,2.8188846127518e-4,0
TUR.40.25_1,2059,12,9.198494686799892,81.08706584388327,Istanbul,Kartal,0.24897283981630952,0.023806199103724057,31,Istanbul,Kartal,albopictus,0,0,1,0,0
TUR.40.25_1,2060,1,6.877116560935974,80.91766984908678,Istanbul,Kartal,0.2866123938709585,0.027355553367764074,31,Istanbul,Kartal,albopictus,0,0,1,0,0
TUR.40.25_1,2060,2,5.8571855215465325,78.38468980256147,Istanbul,Kartal,0.22205169940193198,0.022709043714511656,29,Istanbul,Kartal,albopictus,0,0,1,0,0
TUR.40.25_1,2060,3,10.304339254603665,77.87841907033271,Istanbul,Kartal,0.2631874257302131,0.025148133066338563,31,Istanbul,Kartal,albopictus,0,0,1,0,0
TUR.40.25_1,2060,4,17.09287862216725,62.56069575659416,Istanbul,Kartal,0.3480169634785677,0.0342030816747082,30,Istanbul,Kartal,albopictus,0,0,1,0.02676572938146309,0
TUR.40.25_1,2060,5,19.51575548508588,70.93761587675054,Istanbul,Kartal,0.48643569343875015,0.04598360480801045,31,Istanbul,Kartal,albopictus,1.2853098030340959e-12,1.2853098030340959e-12,0.9999999999987147,0.0745328799951174,6.251665851664256e-13
TUR.40.25_1,2060,6,24.37523864297306,54.86782865432349,Istanbul,Kartal,0.5471286836005956,0.05324304719378581,30,Istanbul,Kartal,albopictus,1.6279502847097078e-4,1.6279502847097078e-4,0.9998372049715291,0.14795859846889559,8.906586302448449e-5
TUR.40.25_1,2060,7,25.360739764045267,72.68190820485907,Istanbul,Kartal,0.6425119605635182,0.06028493952881753,31,Istanbul,Kartal,albopictus,0.11800440885458742,0.11800440885458742,0.8819955911454126,0.22542907496430326,0.07301625079051666
TUR.40.25_1,2060,8,26.500506737652948,72.77100592696337,Istanbul,Kartal,0.7629424525267032,0.07117333559773809,31,Istanbul,Kartal,albopictus,0.18044517458666554,0.18044517458666554,0.8195548254133345,0.24434592580208586,0.12861317437651454
TUR.40.25_1,2060,9,23.55585844376508,71.87813486150598,Istanbul,Kartal,0.6081019769386273,0.05899817285580222,30,Istanbul,Kartal,albopictus,0.009447247266823925,0.009447247266823925,0.9905527527331761,0.18095443230340627,0.005728419415682362
TUR.40.25_1,2060,10,19.149276452905994,78.24828478105134,Istanbul,Kartal,0.5992591195323019,0.05634327526311178,31,Istanbul,Kartal,albopictus,8.081104674317885e-13,8.081104674317885e-13,0.9999999999991919,0.07360332641620251,4.842792833414933e-13
TUR.40.25_1,2060,11,14.411016085568598,76.31715488178945,Istanbul,Kartal,0.3476000127140625,0.03416281185884229,30,Istanbul,Kartal,albopictus,0,0,1,0.005617914085153117,0
TUR.40.25_1,2060,12,8.918614163118251,74.38529887610983,Istanbul,Kartal,0.28590646816104154,0.027289104512099982,31,Istanbul,Kartal,albopictus,0,0,1,0,0
TUR.40.25_1,2061,1,7.909875750541687,81.261351184536,Istanbul,Kartal,0.25915719307066837,0.02476784473333049,31,Istanbul,Kartal,albopictus,0,0,1,0,0
TUR.40.25_1,2061,2,7.977216878358056,75.46789597931928,Istanbul,Kartal,0.19385742318591456,0.020556218357243083,28,Istanbul,Kartal,albopictus,0,0,1,0,0
TUR.40.25_1,2061,3,10.156421507106106,74.78199115285224,Istanbul,Kartal,0.2379761516330164,0.022766784954248775,31,Istanbul,Kartal,albopictus,0,0,1,0,0
TUR.40.25_1,2061,4,12.132115644567154,81.49248896948478,Istanbul,Kartal,0.31467969049757727,0.030978005348060056,30,Istanbul,Kartal,albopictus,0,0,1,1.6308831228610708e-4,0
TUR.40.25_1,2061,5,20.38413126328412,76.90122366483648,Istanbul,Kartal,0.4398390007437296,0.041671889731352496,31,Istanbul,Kartal,albopictus,9.43986033363764e-9,9.43986033363764e-9,0.9999999905601397,0.10372312051781968,4.152018728831308e-9
TUR.40.25_1,2061,6,22.55727218179142,71.46541623977271,Istanbul,Kartal,0.49471808240860426,0.048268011242748265,30,Istanbul,Kartal,albopictus,2.6307480347801776e-4,2.6307480347801776e-4,0.999736925196522,0.15331805412849883,1.301393934410866e-4
TUR.40.25_1,2061,7,26.868231829474954,63.71958215505439,Istanbul,Kartal,0.5809643957300112,0.054671091647134684,31,Istanbul,Kartal,albopictus,0.061483925198325254,0.061483925198325254,0.9385160748016748,0.20649591126819905,0.035089541869035346
TUR.40.25_1,2061,8,26.4026616601383,70.90408927046923,Istanbul,Kartal,0.6898585989281834,0.06458080154426493,31,Istanbul,Kartal,albopictus,0.14849212028643974,0.14849212028643974,0.8515078797135602,0.2344123924385858,0.09736639960531057
TUR.40.25_1,2061,9,22.906358550576602,71.36444772771692,Istanbul,Kartal,0.5498506164220258,0.05350071300711934,30,Istanbul,Kartal,albopictus,0.001003399315755961,0.001003399315755961,0.998996600684244,0.16210056134849016,5.515675629406136e-4
TUR.40.25_1,2061,10,16.449996667749744,77.15335985429353,Istanbul,Kartal,0.5418548348258565,0.05108643505315391,31,Istanbul,Kartal,albopictus,0,0,1,0.02353699302645041,0
TUR.40.25_1,2061,11,11.881497958127191,77.72447299702382,Istanbul,Kartal,0.31430268031906244,0.03094147154386473,30,Istanbul,Kartal,albopictus,0,0,1,6.554726717105148e-5,0
TUR.40.25_1,2061,12,11.074607624727138,77.72547069007467,Istanbul,Kartal,0.2585188894612967,0.024707601498050957,31,Istanbul,Kartal,albopictus,0,0,1,2.7052434125928874e-7,0
TUR.40.25_1,2062,1,8.484138369560242,79.68685777633287,Istanbul,Kartal,0.27063485250454944,0.025850473930653095,31,Istanbul,Kartal,albopictus,0,0,1,0,0
TUR.40.25_1,2062,2,5.931860604706933,79.66866349640912,Istanbul,Kartal,0.20244305978621124,0.021456784266644324,28,Istanbul,Kartal,albopictus,0,0,1,0,0
TUR.40.25_1,2062,3,10.723529661402981,74.09139361867256,Istanbul,Kartal,0.24851573646747857,0.02376301542709891,31,Istanbul,Kartal,albopictus,0,0,1,1.005997272935155e-10,0
TUR.40.25_1,2062,4,14.8489907208611,72.73687373510978,Istanbul,Kartal,0.3286163529359044,0.032327557960141085,30,Istanbul,Kartal,albopictus,0,0,1,0.00776295777391533,0
TUR.40.25_1,2062,5,19.192562888650333,69.20792532499273,Istanbul,Kartal,0.45931876974592933,0.0434767696060222,31,Istanbul,Kartal,albopictus,4.361910832528793e-14,4.361910832528793e-14,0.9999999999999564,0.06593748714670189,1.9984014443252818e-14
TUR.40.25_1,2062,6,24.25502799539005,63.48152952102271,Istanbul,Kartal,0.5166283585556387,0.05035099953617639,30,Istanbul,Kartal,albopictus,0.003535281804212539,0.003535281804212539,0.9964647181957874,0.17087794021669248,0.0018247599330287745
TUR.40.25_1,2062,7,26.65079408533433,67.20931680471259,Istanbul,Kartal,0.6066943837669679,0.05702203140120943,31,Istanbul,Kartal,albopictus,0.10255282926032444,0.10255282926032444,0.8974471707396756,0.22023855332684428,0.060322197292261515
TUR.40.25_1,2062,8,26.46660552305334,65.94330817305712,Istanbul,Kartal,0.7204113378362366,0.06734248630877859,31,Istanbul,Kartal,albopictus,0.0778073666249171,0.0778073666249171,0.922192633375083,0.212469494085517,0.05451126859108746
TUR.40.25_1,2062,9,22.724904845742618,66.51881708196497,Istanbul,Kartal,0.5742026247148485,0.05580282466594344,30,Istanbul,Kartal,albopictus,7.77672280390761e-5,7.77672280390761e-5,0.9999222327719609,0.14511306199294716,4.4653149475326614e-5
TUR.40.25_1,2062,10,18.579276758081775,74.30320879228181,Istanbul,Kartal,0.5658527226831971,0.0532876124039221,31,Istanbul,Kartal,albopictus,1.0111911308285926e-15,1.0111911308285926e-15,0.999999999999999,0.05755387082481425,5.551115123125783e-16
TUR.40.25_1,2062,11,13.462347605649164,78.00579929096914,Istanbul,Kartal,0.32822264557688374,0.03228945923400339,30,Istanbul,Kartal,albopictus,0,0,1,0.002016614036533264,0
TUR.40.25_1,2062,12,9.61657787771786,77.56931224280905,Istanbul,Kartal,0.26996827944466795,0.025787632371840785,31,Istanbul,Kartal,albopictus,0,0,1,0,0
TUR.40.25_1,2063,1,6.482542872428894,75.87696702926256,Istanbul,Kartal,0.2477170523218194,0.023687557188204145,31,Istanbul,Kartal,albopictus,0,0,1,0,0
TUR.40.25_1,2063,2,7.711406865540673,76.9319157547099,Istanbul,Kartal,0.1852998516974346,0.019657771515696254,28,Istanbul,Kartal,albopictus,0,0,1,0,0
TUR.40.25_1,2063,3,8.508841360316556,80.11543384084052,Istanbul,Kartal,0.22747101906349995,0.021772799351084893,31,Istanbul,Kartal,albopictus,0,0,1,0,0
TUR.40.25_1,2063,4,12.211297315709732,78.88438044897697,Istanbul,Kartal,0.3007885848429684,0.029630991298003728,30,Istanbul,Kartal,albopictus,0,0,1,1.9357374255975872e-4,0
TUR.40.25_1,2063,5,18.1945141063017,75.97521353300054,Istanbul,Kartal,0.4204229080791928,0.039869520757744414,31,Istanbul,Kartal,albopictus,3.0808688933348097e-17,3.0808688933348097e-17,1,0.05108970901543771,0
TUR.40.25_1,2063,6,22.693235621732825,75.26560239699927,Istanbul,Kartal,0.47287942754938217,0.046187285414954427,30,Istanbul,Kartal,albopictus,0.001841778421830339,0.001841778421830339,0.9981582215781697,0.166986071691662,8.705599683898058e-4
TUR.40.25_1,2063,7,26.038146075080423,69.48810632497626,Istanbul,Kartal,0.5553185150254423,0.05232200434164247,31,Istanbul,Kartal,albopictus,0.10968423937495018,0.10968423937495018,0.8903157606250498,0.22274228866336254,0.059091789635000724
TUR.40.25_1,2063,8,25.813193657818964,70.06133490645556,Istanbul,Kartal,0.6594057321756479,0.06182000677474242,31,Istanbul,Kartal,albopictus,0.10576376144217792,0.10576376144217792,0.8942362385578221,0.2215828893475708,0.0673648738394278
TUR.40.25_1,2063,9,23.306161712197696,68.72016443303919,Istanbul,Kartal,0.5255782110599486,0.051200541164357793,30,Istanbul,Kartal,albopictus,0.0016847148964342679,0.0016847148964342679,0.9983152851035657,0.165838859690266,8.850575467335142e-4
TUR.40.25_1,2063,10,16.330342965967517,83.073762381149,Istanbul,Kartal,0.5179353923345892,0.04888736018653428,31,Istanbul,Kartal,albopictus,0,0,1,0.02375453400487838,0
TUR.40.25_1,2063,11,13.552246668759516,78.35795688374257,Istanbul,Kartal,0.3004282172644712,0.029596021714920817,30,Istanbul,Kartal,albopictus,0,0,1,0.002282608929286858,0
TUR.40.25_1,2063,12,10.180280461030849,79.4691306632192,Istanbul,Kartal,0.24710692575451698,0.02362990959994571,31,Istanbul,Kartal,albopictus,0,0,1,0,0
TUR.40.25_1,2064,1,11.15370261669159,79.16242845504381,Istanbul,Kartal,0.27868779596011833,0.02660934958186001,31,Istanbul,Kartal,albopictus,0,0,1,7.394165252919337e-7,0
TUR.40.25_1,2064,2,8.111133733216455,77.03500413361616,Istanbul,Kartal,0.21591215180800863,0.022088144042890168,29,Istanbul,Kartal,albopictus,0,0,1,0,0
TUR.40.25_1,2064,3,10.986408079371731,76.66942706593818,Istanbul,Kartal,0.25591050899980794,0.024461383297565198,31,Istanbul,Kartal,albopictus,0,0,1,7.714052026766022e-8,0
TUR.40.25_1,2064,4,15.026535314672135,72.78657924048088,Istanbul,Kartal,0.3383945795178766,0.033273307536642815,30,Istanbul,Kartal,albopictus,0,0,1,0.008960426298360151,0
TUR.40.25_1,2064,5,19.04944116928998,66.83812094266851,Istanbul,Kartal,0.4729861449809178,0.044741078004493784,31,Istanbul,Kartal,albopictus,5.544009695768182e-15,5.544009695768182e-15,0.9999999999999944,0.06098735774559982,2.6645352591003757e-15
TUR.40.25_1,2064,6,24.374414668363684,63.52600507644263,Istanbul,Kartal,0.5320010236816944,0.05180974161836849,30,Istanbul,Kartal,albopictus,0.0044921164347372766,0.0044921164347372766,0.9955078835652628,0.17293253018567797,0.0023869572179850973
TUR.40.25_1,2064,7,25.72199540979722,63.12951715261298,Istanbul,Kartal,0.624747031170186,0.058668004372046334,31,Istanbul,Kartal,albopictus,0.02764421833715239,0.02764421833715239,0.9723557816628476,0.19262265514050433,0.017122360647522705
TUR.40.25_1,2064,8,25.5248540429508,66.91844397627978,Istanbul,Kartal,0.7418477186817095,0.06927526810645923,31,Istanbul,Kartal,albopictus,0.05676826271049092,0.05676826271049092,0.943231737289509,0.2055851088330943,0.04123895502576991
TUR.40.25_1,2064,9,23.516452621011172,65.7463866620431,Istanbul,Kartal,0.5912884554054474,0.057414686581464314,30,Istanbul,Kartal,albopictus,0.0010629278163729141,0.0010629278163729141,0.998937072183627,0.16206486825493174,6.282994839149625e-4
TUR.40.25_1,2064,10,17.211070733911853,75.15294023759431,Istanbul,Kartal,0.5826900957627448,0.05482895144535738,31,Istanbul,Kartal,albopictus,0,0,1,0.033353895070439094,0
TUR.40.25_1,2064,11,12.436475375119379,76.38490390522695,Istanbul,Kartal,0.33798915710046307,0.033234113474876925,30,Istanbul,Kartal,albopictus,0,0,1,3.3006795267425813e-4,0
TUR.40.25_1,2064,12,11.424329533296474,78.0968162100942,Istanbul,Kartal,0.2780013885178187,0.026544688474273048,31,Istanbul,Kartal,albopictus,0,0,1,6.837473254780393e-6,0
TUR.40.25_1,2065,1,9.771735072135925,78.5269532963524,Istanbul,Kartal,0.26626773142481996,0.025438687347326683,31,Istanbul,Kartal,albopictus,0,0,1,0,0
TUR.40.25_1,2065,2,7.374019780579736,82.48205613556928,Istanbul,Kartal,0.19917632105815902,0.021114226640529865,28,Istanbul,Kartal,albopictus,0,0,1,0,0
TUR.40.25_1,2065,3,9.327060545192044,72.83297076711006,Istanbul,Kartal,0.2445055422839582,0.023384080624273218,31,Istanbul,Kartal,albopictus,0,0,1,0,0
TUR.40.25_1,2065,4,11.351193708531998,77.43393336645744,Istanbul,Kartal,0.323313608707771,0.03181428994004165,30,Istanbul,Kartal,albopictus,0,0,1,4.078374288014364e-6,0
TUR.40.25_1,2065,5,16.812134574441348,71.22541952665289,Istanbul,Kartal,0.4519069354492392,0.04279043397213067,31,Istanbul,Kartal,albopictus,0,0,1,0.026172922940146958,0
TUR.40.25_1,2065,6,23.954893336576575,66.62817411330786,Istanbul,Kartal,0.5082917434665069,0.04955898362679312,30,Istanbul,Kartal,albopictus,0.004746451114520584,0.004746451114520584,0.9952535488854795,0.17373125326310387,0.002409673975551807
TUR.40.25_1,2065,7,24.47236162073472,74.16864068776923,Istanbul,Kartal,0.5969044110129683,0.05612821496747278,31,Istanbul,Kartal,albopictus,0.07475258308999477,0.07475258308999477,0.9252474169100052,0.21221978986139683,0.04363931027638801
TUR.40.25_1,2065,8,27.009259560528925,73.16218024336962,Istanbul,Kartal,0.7087863623002867,0.06629265839769849,31,Istanbul,Kartal,albopictus,0.20372697306958154,0.20372697306958154,0.7962730269304185,0.2518092141245687,0.13445758580711842
TUR.40.25_1,2065,9,23.171884368447696,68.63308633855677,Istanbul,Kartal,0.5649369578459219,0.054927557583380304,30,Istanbul,Kartal,albopictus,9.992318905106502e-4,9.992318905106502e-4,0.9990007681094893,0.16179386005284424,5.643437225523185e-4
TUR.40.25_1,2065,10,18.384698587305408,72.77015825517243,Istanbul,Kartal,0.5567217946804536,0.05245069146648951,31,Istanbul,Kartal,albopictus,8.421041641781812e-17,8.421041641781812e-17,0.9999999999999999,0.05253139064119643,0
TUR.40.25_1,2065,11,12.909888842526605,76.6914834950707,Istanbul,Kartal,0.3229262544392371,0.0317767861269308,30,Istanbul,Kartal,albopictus,0,0,1,8.620678879585332e-4,0
TUR.40.25_1,2065,12,10.39262939901913,78.39530864173483,Istanbul,Kartal,0.26561191457476885,0.025376833733228077,31,Istanbul,Kartal,albopictus,0,0,1,0,0
TUR.40.25_1,2066,1,5.761494994163513,79.4288087651024,Istanbul,Kartal,0.24644750209029423,0.023567600365766217,31,Istanbul,Kartal,albopictus,0,0,1,0,0
TUR.40.25_1,2066,2,7.736950078431298,81.49000596467084,Istanbul,Kartal,0.18435018970436987,0.019558017109953196,28,Istanbul,Kartal,albopictus,0,0,1,0,0
TUR.40.25_1,2066,3,7.730004156337064,73.36069598683662,Istanbul,Kartal,0.22630522978007925,0.02166243117827127,31,Istanbul,Kartal,albopictus,0,0,1,0,0
TUR.40.25_1,2066,4,12.03684358035817,72.32268916479728,Istanbul,Kartal,0.2992470429347778,0.029481393318389837,30,Istanbul,Kartal,albopictus,0,0,1,9.710398295936033e-5,0
TUR.40.25_1,2066,5,17.485802482156192,69.08368063505132,Istanbul,Kartal,0.4182682401009988,0.03966929707076394,31,Istanbul,Kartal,albopictus,0,0,1,0.034714124165659735,0
TUR.40.25_1,2066,6,22.356584773344153,74.56094388869849,Istanbul,Kartal,0.47045591983724905,0.04595610015515017,30,Istanbul,Kartal,albopictus,3.7003814354671135e-4,3.7003814354671135e-4,0.9996299618564533,0.15577222999416326,1.7407148299808384e-4
TUR.40.25_1,2066,7,25.147500094245462,70.24751336843329,Istanbul,Kartal,0.5524725068773843,0.05206095878526651,31,Istanbul,Kartal,albopictus,0.07340694815906267,0.07340694815906267,0.9265930518409373,0.2114451713341589,0.03974395896713789
TUR.40.25_1,2066,8,27.259301522198847,73.54097205245165,Istanbul,Kartal,0.6560262768975144,0.06151313040321016,31,Istanbul,Kartal,albopictus,0.21538704219910856,0.21538704219910856,0.7846129578008915,0.255732305187398,0.13177081346374864
TUR.40.25_1,2066,9,23.11448080399457,70.9275275617013,Istanbul,Kartal,0.5228846220103385,0.050944939158305336,30,Istanbul,Kartal,albopictus,0.001822966694567209,0.001822966694567209,0.9981770333054328,0.16626080962303877,9.527470990245979e-4
TUR.40.25_1,2066,10,18.473123269922596,74.15780016191071,Istanbul,Kartal,0.5152809727413864,0.04864300763946916,31,Istanbul,Kartal,albopictus,3.2912561565012767e-16,3.2912561565012767e-16,0.9999999999999997,0.05525379147678417,2.220446049250313e-16
TUR.40.25_1,2066,11,12.978511431637934,80.60180759175039,Istanbul,Kartal,0.29888852224061263,0.02944659759418744,30,Istanbul,Kartal,albopictus,0,0,1,0.0010370396541769394,0
TUR.40.25_1,2066,12,8.88824535818661,73.92571177894186,Istanbul,Kartal,0.24584050242248268,0.023510241183454905,31,Istanbul,Kartal,albopictus,0,0,1,0,0
TUR.40.25_1,2067,1,8.179262042045593,82.477659778286,Istanbul,Kartal,0.2582338383712464,0.024680697111355232,31,Istanbul,Kartal,albopictus,0,0,1,0,0
TUR.40.25_1,2067,2,6.041729131165673,77.69483231965131,Istanbul,Kartal,0.19316672592763806,0.02048373362508471,28,Istanbul,Kartal,albopictus,0,0,1,0,0
TUR.40.25_1,2067,3,9.091111028895657,75.44747272023506,Istanbul,Kartal,0.23712826315515045,0.02268659604021117,31,Istanbul,Kartal,albopictus,0,0,1,0,0
TUR.40.25_1,2067,4,13.346617025487564,76.70637904516838,Istanbul,Kartal,0.31355851393446194,0.03086935478239583,30,Istanbul,Kartal,albopictus,0,0,1,0.0016812314707442667,0
TUR.40.25_1,2067,5,17.781660865334903,72.40265799100835,Istanbul,Kartal,0.43827189236632474,0.0415265428383661,31,Istanbul,Kartal,albopictus,0,0,1,0.04150734496041689,0
TUR.40.25_1,2067,6,23.91523765115177,64.99156980422583,Istanbul,Kartal,0.492955444602304,0.04810024057875206,30,Istanbul,Kartal,albopictus,0.002548851044500141,0.002548851044500141,0.9974511489554999,0.16856285923682895,0.001255680971934292
TUR.40.25_1,2067,7,25.412200030158548,66.99250085622626,Istanbul,Kartal,0.5788944697571371,0.05448170872538505,31,Istanbul,Kartal,albopictus,0.051074732281928326,0.051074732281928326,0.9489252677180717,0.2034333903032755,0.029134056105014294
TUR.40.25_1,2067,8,26.92640433591955,65.66942435347704,Istanbul,Kartal,0.6874006923128602,0.06435827446356801,31,Istanbul,Kartal,albopictus,0.08554856090253123,0.08554856090253123,0.9144514390974687,0.2147374015925843,0.05711045998452147
TUR.40.25_1,2067,9,21.91176206925336,73.27248300603723,Istanbul,Kartal,0.5478915461579992,0.053315268982011665,30,Istanbul,Kartal,albopictus,2.5855418803383434e-5,2.5855418803383434e-5,0.9999741445811966,0.13967726600478467,1.4165865047988113e-5
TUR.40.25_1,2067,10,18.38227243984447,76.25992723710603,Istanbul,Kartal,0.5399242528411823,0.05090913248121076,31,Istanbul,Kartal,albopictus,2.81608070196171e-16,2.81608070196171e-16,0.9999999999999997,0.05497305285379637,1.1102230246251565e-16
TUR.40.25_1,2067,11,10.908554652157953,82.12417697651601,Istanbul,Kartal,0.3131828470106565,0.030832947065715932,30,Istanbul,Kartal,albopictus,0,0,1,3.032411753854285e-8,0
TUR.40.25_1,2067,12,9.34588695974911,80.60142436439108,Istanbul,Kartal,0.2575978089825143,0.024620663159918066,31,Istanbul,Kartal,albopictus,0,0,1,0,0
TUR.40.25_1,2068,1,9.453839182853699,80.46430833785631,Istanbul,Kartal,0.2683627005209892,0.02563624885210547,31,Istanbul,Kartal,albopictus,0,0,1,0,0
TUR.40.25_1,2068,2,8.151104131165674,77.04830979767866,Istanbul,Kartal,0.20791282924634016,0.021278571290177517,29,Istanbul,Kartal,albopictus,0,0,1,0,0
TUR.40.25_1,2068,3,12.599067533717434,75.77131000050849,Istanbul,Kartal,0.24642928855312118,0.023565879304139004,31,Istanbul,Kartal,albopictus,0,0,1,4.5797484512883306e-4,0
TUR.40.25_1,2068,4,13.1391518536736,73.9389763962426,Istanbul,Kartal,0.3258574093214965,0.03206054575777384,30,Istanbul,Kartal,albopictus,0,0,1,0.0012160475999946838,0
TUR.40.25_1,2068,5,18.09449083664838,78.58129263456304,Istanbul,Kartal,0.4554624960838106,0.04311974021576992,31,Istanbul,Kartal,albopictus,2.4868995751603507e-17,2.4868995751603507e-17,1,0.05088456924398174,0
TUR.40.25_1,2068,6,22.8973123887006,68.31047849563208,Istanbul,Kartal,0.5122909343887496,0.0499390071408794,30,Istanbul,Kartal,albopictus,3.2523576577863766e-4,3.2523576577863766e-4,0.9996747642342214,0.15416417204988733,1.666014547834216e-4
TUR.40.25_1,2068,7,25.261391695807962,66.3777051714118,Istanbul,Kartal,0.6016007979455784,0.05655709689746513,31,Istanbul,Kartal,albopictus,0.03864250345549394,0.03864250345549394,0.9613574965445061,0.19821407551272968,0.02297922287175891
TUR.40.25_1,2068,8,27.445037224713495,73.87769538008837,Istanbul,Kartal,0.7143630257467343,0.06679642292795285,31,Istanbul,Kartal,albopictus,0.22378266658976492,0.22378266658976492,0.7762173334102351,0.2585952884327679,0.1477386606109985
TUR.40.25_1,2068,9,25.097520659951602,66.0790282636056,Istanbul,Kartal,0.5693818279082382,0.05534753665944636,30,Istanbul,Kartal,albopictus,0.030522799340860086,0.030522799340860086,0.9694772006591399,0.19450698780078665,0.017228981309266866
TUR.40.25_1,2068,10,19.28013964260326,72.66776415116853,Istanbul,Kartal,0.5611020286231037,0.0528522664424832,31,Istanbul,Kartal,albopictus,3.6772662692641233e-13,3.6772662692641233e-13,0.9999999999996323,0.07155554152838145,2.0627943797535409e-13
TUR.40.25_1,2068,11,13.56215725225561,69.71133517964101,Istanbul,Kartal,0.3254670073865499,0.03202275647654351,30,Istanbul,Kartal,albopictus,0,0,1,0.002008874582387588,0
TUR.40.25_1,2068,12,10.148246540742763,75.89758220130514,Istanbul,Kartal,0.2677017237665582,0.025573921201633154,31,Istanbul,Kartal,albopictus,0,0,1,0,0
TUR.40.25_1,2069,1,9.45617949962616,80.5662599369774,Istanbul,Kartal,0.25069363862188837,0.023968750064752853,31,Istanbul,Kartal,albopictus,0,0,1,0,0
TUR.40.25_1,2069,2,8.99330822509878,75.86743211213178,Istanbul,Kartal,0.1875264283291105,0.019891615810394447,28,Istanbul,Kartal,albopictus,0,0,1,0,0
TUR.40.25_1,2069,3,7.040805662379545,70.16619220265693,Istanbul,Kartal,0.23020432754049372,0.022031519651392273,31,Istanbul,Kartal,albopictus,0,0,1,0,0
TUR.40.25_1,2069,4,13.594608587377213,73.29988490454338,Istanbul,Kartal,0.30440288257689085,0.029981648176190534,30,Istanbul,Kartal,albopictus,0,0,1,0.0022405366325058324,0
TUR.40.25_1,2069,5,17.60534937241498,72.84435415800054,Istanbul,Kartal,0.4254747406304614,0.040338801365653265,31,Istanbul,Kartal,albopictus,0,0,1,0.038610383714992404,0
TUR.40.25_1,2069,6,22.56984733132755,64.49176816848365,Istanbul,Kartal,0.4785615814925,0.04672910253368001,30,Istanbul,Kartal,albopictus,1.8750508997838532e-5,1.8750508997838532e-5,0.9999812494910022,0.13689233179829466,8.973232980102885e-6
TUR.40.25_1,2069,7,25.545378741096048,66.55225427419501,Istanbul,Kartal,0.5619912631003384,0.052933769685849064,31,Istanbul,Kartal,albopictus,0.052383737462003636,0.052383737462003636,0.9476162625379964,0.20369611913121263,0.029010090668294186
TUR.40.25_1,2069,8,28.036319115582636,62.130003271934065,Istanbul,Kartal,0.66732919989894,0.0625391154470355,31,Istanbul,Kartal,albopictus,0.049029740150318905,0.049029740150318905,0.9509702598496811,0.20105669974796336,0.03218950187080838
TUR.40.25_1,2069,9,22.701255630044376,72.70010294011927,Istanbul,Kartal,0.5318935974574236,0.05179955551372095,30,Istanbul,Kartal,albopictus,7.435929968297165e-4,7.435929968297165e-4,0.9992564070031703,0.1598276837953979,3.954341494274427e-4
TUR.40.25_1,2069,10,15.761346536524156,70.97223039872712,Istanbul,Kartal,0.5241589420607548,0.04946002289293161,31,Istanbul,Kartal,albopictus,0,0,1,0.014452187917663265,0
TUR.40.25_1,2069,11,13.1899353055393,77.54050540669179,Istanbul,Kartal,0.30403818479509487,0.029946271176977568,30,Istanbul,Kartal,albopictus,0,0,1,0.0013738985534589392,0
TUR.40.25_1,2069,12,7.192085041719325,78.34442058021139,Istanbul,Kartal,0.2500761807289283,0.02391042656104103,31,Istanbul,Kartal,albopictus,0,0,1,0,0
TUR.40.25_1,2070,1,9.061548113822937,79.07511766402818,Istanbul,Kartal,0.26137864934046107,0.02497747725585342,31,Istanbul,Kartal,albopictus,0,0,1,0,0
TUR.40.25_1,2070,2,9.746392407838037,79.09159898224897,Istanbul,Kartal,0.19551913970274984,0.02073058403922179,28,Istanbul,Kartal,albopictus,0,0,1,0,0
TUR.40.25_1,2070,3,10.118447149501126,72.1230708647663,Istanbul,Kartal,0.24001604721855832,0.022959680790177295,31,Istanbul,Kartal,albopictus,0,0,1,0,0
TUR.40.25_1,2070,4,12.225811285131119,74.64307032934806,Istanbul,Kartal,0.3173770772193173,0.03123935280486234,30,Istanbul,Kartal,albopictus,0,0,1,1.834316657933937e-4,0
TUR.40.25_1,2070,5,17.06246073105756,76.99054861600835,Istanbul,Kartal,0.4436092341465704,0.042021482788297426,31,Istanbul,Kartal,albopictus,0,0,1,0.0319473634009571,0
TUR.40.25_1,2070,6,25.4063398697797,57.08144407180396,Istanbul,Kartal,0.4989587310007763,0.04867152177120848,30,Istanbul,Kartal,albopictus,0.002940950331676815,0.002940950331676815,0.9970590496683231,0.16838669579035767,0.001466336721637318
TUR.40.25_1,2070,7,26.893561419318704,64.38928659231024,Istanbul,Kartal,0.5859443346779871,0.05512656384517245,31,Istanbul,Kartal,albopictus,0.070018752802928,0.070018752802928,0.929981247197072,0.2095285006211293,0.04019687293589047
TUR.40.25_1,2070,8,26.595542290631464,68.77767401778368,Istanbul,Kartal,0.6957719625192202,0.06511595232578293,31,Istanbul,Kartal,albopictus,0.12365956640953064,0.12365956640953064,0.8763404335904693,0.22678470602870637,0.08244142506942687
TUR.40.25_1,2070,9,22.382829497842227,66.19534601262903,Istanbul,Kartal,0.5545638527587343,0.053946715376346543,30,Istanbul,Kartal,albopictus,1.5684418263270662e-5,1.5684418263270662e-5,0.9999843155817367,0.1363415230782342,8.69797359281943e-6
TUR.40.25_1,2070,10,17.799972253687244,77.06682726152009,Istanbul,Kartal,0.546499532531828,0.05151286340173766,31,Istanbul,Kartal,albopictus,0,0,1,0.04429989618918102,0
TUR.40.25_1,2070,11,9.531740763608148,79.49199008686757,Istanbul,Kartal,0.31699683536656303,0.031202515770181183,30,Istanbul,Kartal,albopictus,0,0,1,0,0
TUR.40.25_1,2070,12,6.820825829225429,79.05313029700827,Istanbul,Kartal,0.2607348742890727,0.024916730669267917,31,Istanbul,Kartal,albopictus,0,0,1,0,0
TUR.40.25_1,2071,1,6.930437445640564,86.46069963424303,Istanbul,Kartal,0.27203228063400064,0.025982204115125307,31,Istanbul,Kartal,albopictus,0,0,1,0,0
TUR.40.25_1,2071,2,4.758870282593896,79.05622910920209,Istanbul,Kartal,0.20348837831684163,0.02156637341781298,28,Istanbul,Kartal,albopictus,0,0,1,0,0
TUR.40.25_1,2071,3,10.655455435023587,78.23835101613349,Istanbul,Kartal,0.24979895212701786,0.02388423911803561,31,Istanbul,Kartal,albopictus,0,0,1,5.8558198921036575e-12,0
TUR.40.25_1,2071,4,14.1788828793694,72.9778710495629,Istanbul,Kartal,0.3303131696287307,0.03249174030566404,30,Istanbul,Kartal,albopictus,0,0,1,0.004271571063912181,0
TUR.40.25_1,2071,5,19.014427970437442,69.63498068387945,Istanbul,Kartal,0.46169047081579473,0.043696285107281296,31,Istanbul,Kartal,albopictus,1.0551448603735025e-14,1.0551448603735025e-14,0.9999999999999895,0.06262266136058685,4.884981308350689e-15
TUR.40.25_1,2071,6,23.02993606118595,74.16728238967505,Istanbul,Kartal,0.519295978760637,0.050604296035860585,30,Istanbul,Kartal,albopictus,0.004151470661725042,0.004151470661725042,0.995848529338275,0.17345876598743348,0.002153519862203024
TUR.40.25_1,2071,7,26.16637903101304,69.63597162038641,Istanbul,Kartal,0.6098270615799329,0.057307863507123025,31,Istanbul,Kartal,albopictus,0.11970032437203415,0.11970032437203415,0.8802996756279658,0.22565947983685714,0.0703959136529887
TUR.40.25_1,2071,8,27.616383889142206,68.9088423832622,Istanbul,Kartal,0.7241311952712688,0.0676781697218719,31,Istanbul,Kartal,albopictus,0.14491212226296635,0.14491212226296635,0.8550878777370337,0.23328710319650223,0.09961730403967983
TUR.40.25_1,2071,9,25.561166595010196,71.76249612859583,Istanbul,Kartal,0.5771675307214308,0.056082728757081535,30,Istanbul,Kartal,albopictus,0.11550379574959126,0.11550379574959126,0.8844962042504088,0.22461142671961615,0.06449149375334207
TUR.40.25_1,2071,10,19.498368936426502,77.51342149980134,Istanbul,Kartal,0.568774513814259,0.05355526125866017,31,Istanbul,Kartal,albopictus,1.2981174191128986e-11,1.2981174191128986e-11,0.9999999999870188,0.08145380163586949,7.383316180664679e-12
TUR.40.25_1,2071,11,13.429813006344965,80.67826175434804,Istanbul,Kartal,0.3299174293543882,0.032453451349632956,30,Istanbul,Kartal,albopictus,0,0,1,0.002015223053939159,0
TUR.40.25_1,2071,12,9.847197308259853,78.68868174964499,Istanbul,Kartal,0.2713622657116406,0.025919046603909646,31,Istanbul,Kartal,albopictus,0,0,1,0,0
TUR.40.25_1,2072,1,8.992794871330261,78.64178331344225,Istanbul,Kartal,0.2854990594042259,0.027250753020262475,31,Istanbul,Kartal,albopictus,0,0,1,0,0
TUR.40.25_1,2072,2,10.617214360657862,74.1470036453349,Istanbul,Kartal,0.221189148390087,0.022621836723522915,29,Istanbul,Kartal,albopictus,0,0,1,3.6594840677548093e-13,0
TUR.40.25_1,2072,3,9.4345205671647,71.52452197560615,Istanbul,Kartal,0.26216508462235444,0.025051680120461217,31,Istanbul,Kartal,albopictus,0,0,1,0,0
TUR.40.25_1,2072,4,13.14237336551442,70.86465083471916,Istanbul,Kartal,0.34666510539868733,0.03407251081248719,30,Istanbul,Kartal,albopictus,0,0,1,0.0011410575273228282,0
TUR.40.25_1,2072,5,20.407311271218692,71.79611349637945,Istanbul,Kartal,0.484546153296958,0.04580913863703917,31,Istanbul,Kartal,albopictus,1.625276350780691e-9,1.625276350780691e-9,0.9999999983747236,0.09701842453131937,7.87521381440115e-10
TUR.40.25_1,2072,6,23.31455062417423,63.88211088088599,Istanbul,Kartal,0.5450033839477662,0.05304181158793386,30,Istanbul,Kartal,albopictus,2.777278971133475e-4,2.777278971133475e-4,0.9997222721028867,0.15272413421806993,1.513511889964514e-4
TUR.40.25_1,2072,7,27.542975481818704,59.54777581960517,Istanbul,Kartal,0.6400161483576254,0.06005794253744534,31,Istanbul,Kartal,albopictus,0.026025338213001247,0.026025338213001247,0.9739746617869988,0.1905074580230961,0.016518681965427273
TUR.40.25_1,2072,8,26.118275978985956,67.78010016524462,Istanbul,Kartal,0.7599788328553435,0.07090690813807377,31,Istanbul,Kartal,albopictus,0.08868843818485612,0.08868843818485612,0.9113115618151438,0.21614310912457066,0.06518005061487309
TUR.40.25_1,2072,9,23.90610678055707,64.67417825750208,Istanbul,Kartal,0.6057398289481994,0.05877586804349488,30,Istanbul,Kartal,albopictus,0.0023456275127495324,0.0023456275127495324,0.9976543724872504,0.1679251863929622,0.001419831093076751
TUR.40.25_1,2072,10,18.388284402735096,80.9575285554654,Istanbul,Kartal,0.5969313212704462,0.05613067301260388,31,Istanbul,Kartal,albopictus,1.464495191783044e-15,1.464495191783044e-15,0.9999999999999986,0.058582224917468895,8.881784197001252e-16
TUR.40.25_1,2072,11,15.313506701413324,82.27835941059804,Istanbul,Kartal,0.34624977426287573,0.034032392003243817,30,Istanbul,Kartal,albopictus,0,0,1,0.012499711276012885,0
TUR.40.25_1,2072,12,9.158086552339443,78.03572001868795,Istanbul,Kartal,0.284795875834707,0.027184555159414203,31,Istanbul,Kartal,albopictus,0,0,1,0,0
TUR.40.25_1,2073,1,8.315718531608582,83.54691942184068,Istanbul,Kartal,0.2791224742882069,0.026650295025865467,31,Istanbul,Kartal,albopictus,0,0,1,0,0
TUR.40.25_1,2073,2,8.304057279053858,80.09398698273725,Istanbul,Kartal,0.20879205773784365,0.022122211720288387,28,Istanbul,Kartal,albopictus,0,0,1,0,0
TUR.40.25_1,2073,3,10.00792487929849,76.89533343800849,Istanbul,Kartal,0.25630966086007906,0.02449906528464485,31,Istanbul,Kartal,albopictus,0,0,1,0,0
TUR.40.25_1,2073,4,10.42986230289235,79.1224251877465,Istanbul,Kartal,0.33892238443862066,0.03332433050065198,30,Istanbul,Kartal,albopictus,0,0,1,1.4252636996086446e-41,0
TUR.40.25_1,2073,5,18.643015693215762,79.30311728055914,Istanbul,Kartal,0.47372387669967164,0.04480927474487739,31,Istanbul,Kartal,albopictus,1.1199319249755035e-14,1.1199319249755035e-14,0.9999999999999888,0.06305098396053098,5.3290705182007514e-15
TUR.40.25_1,2073,6,22.939846263212317,67.9664385786399,Istanbul,Kartal,0.5328308028068215,0.051888417202460846,30,Istanbul,Kartal,albopictus,3.2497732852672904e-4,3.2497732852672904e-4,0.9996750226714732,0.15412009721701173,1.731429398836859e-4
TUR.40.25_1,2073,7,25.943780001472025,67.65858514577704,Istanbul,Kartal,0.6257214692292759,0.058756768224432876,31,Istanbul,Kartal,albopictus,0.07995420162508311,0.07995420162508311,0.9200457983749168,0.21336652452203292,0.048798218311638
TUR.40.25_1,2073,8,26.159875252667597,75.53036719405321,Istanbul,Kartal,0.7430048024533256,0.06937948096360325,31,Istanbul,Kartal,albopictus,0.2087464981594537,0.2087464981594537,0.7912535018405463,0.25344201228005225,0.14367016057440407
TUR.40.25_1,2073,9,24.327209304360782,69.38555826238489,Istanbul,Kartal,0.5922107070466728,0.05750161265824638,30,Istanbul,Kartal,albopictus,0.02342279942855471,0.02342279942855471,0.9765772005714453,0.19130642708432374,0.013775470355053887
TUR.40.25_1,2073,10,17.71775599086986,73.57975908525056,Istanbul,Kartal,0.5835989362655999,0.054912077763700884,31,Istanbul,Kartal,albopictus,0,0,1,0.04076972039642741,0
TUR.40.25_1,2073,11,14.157540896359613,75.82287692768789,Istanbul,Kartal,0.3385163296708096,0.03328507737725883,30,Istanbul,Kartal,albopictus,0,0,1,0.004378056077096398,0
TUR.40.25_1,2073,12,11.215185894685634,80.1102439444692,Istanbul,Kartal,0.2784349962341197,0.026585535785108694,31,Istanbul,Kartal,albopictus,0,0,1,1.4373709279561332e-6,0
TUR.40.25_1,2074,1,8.917391657829285,82.14095170943834,Istanbul,Kartal,0.29462626625074445,0.02810958176118672,31,Istanbul,Kartal,albopictus,0,0,1,0,0
TUR.40.25_1,2074,2,11.0001279501354,76.1759343093974,Istanbul,Kartal,0.22038936331079162,0.023336537214594055,28,Istanbul,Kartal,albopictus,0,0,1,9.29338992640748e-8,0
TUR.40.25_1,2074,3,11.308318937526028,77.51703753957099,Istanbul,Kartal,0.270546320484485,0.025842127756958932,31,Istanbul,Kartal,albopictus,0,0,1,2.9084674654938827e-6,0
TUR.40.25_1,2074,4,14.36666707431569,70.37607966772697,Istanbul,Kartal,0.3577477482979204,0.03514242077439711,30,Istanbul,Kartal,albopictus,0,0,1,0.004965151480234686,0
TUR.40.25_1,2074,5,19.09649927475873,73.50968313749273,Istanbul,Kartal,0.500036757633992,0.047238485695540344,31,Istanbul,Kartal,albopictus,8.991118960466337e-14,8.991118960466337e-14,0.9999999999999101,0.06773710998962362,4.496403249731884e-14
TUR.40.25_1,2074,6,23.18864081887638,66.49521665481177,Istanbul,Kartal,0.5624267640027625,0.054690296303406494,30,Istanbul,Kartal,albopictus,4.570128385785916e-4,4.570128385785916e-4,0.9995429871614214,0.1560505320043549,2.5700322092214734e-4
TUR.40.25_1,2074,7,25.56935220606187,65.16555078298407,Istanbul,Kartal,0.6604770205698219,0.06191726573357703,31,Istanbul,Kartal,albopictus,0.041446642503576096,0.041446642503576096,0.9585533574964239,0.19950603713646467,0.027003267481520266
TUR.40.25_1,2074,8,26.279036858502558,75.47851782881884,Istanbul,Kartal,0.7842748288593983,0.07308884931000215,31,Istanbul,Kartal,albopictus,0.21191304929230753,0.21191304929230753,0.7880869507076924,0.25446865422654724,0.15312152403908175
TUR.40.25_1,2074,9,23.96907408097211,73.52081979802942,Istanbul,Kartal,0.6251049110101936,0.06059679261216788,30,Istanbul,Kartal,albopictus,0.03325481955719163,0.03325481955719163,0.9667451804428083,0.1966840825677016,0.020573175145786715
TUR.40.25_1,2074,10,17.35228319729076,75.3389982820279,Istanbul,Kartal,0.6160148014534298,0.05787219133843724,31,Istanbul,Kartal,albopictus,0,0,1,0.035768662307153934,0
TUR.40.25_1,2074,11,13.042159655514887,76.30069827778554,Istanbul,Kartal,0.3573191393138586,0.03510106522545586,30,Istanbul,Kartal,albopictus,0,0,1,0.0010698373785727792,0
TUR.40.25_1,2074,12,10.875132336336025,80.56063762122702,Istanbul,Kartal,0.2939006023903851,0.028041327840171437,31,Istanbul,Kartal,albopictus,0,0,1,1.3236371910218417e-8,0
TUR.40.25_1,2075,1,7.690697550773621,78.60306413619615,Istanbul,Kartal,0.284440775740128,0.027151124244049973,31,Istanbul,Kartal,albopictus,0,0,1,0,0
TUR.40.25_1,2075,2,9.900201955262354,76.50266313019819,Istanbul,Kartal,0.2127703081694811,0.022538934623187568,28,Istanbul,Kartal,albopictus,0,0,1,0,0
TUR.40.25_1,2075,3,11.642641866908352,75.48238482961006,Istanbul,Kartal,0.2611932949886805,0.024959987615024937,31,Istanbul,Kartal,albopictus,0,0,1,2.2199943176398635e-5,0
TUR.40.25_1,2075,4,11.393724722020767,76.0212517868676,Istanbul,Kartal,0.3453800923456784,0.03394837989397881,30,Istanbul,Kartal,albopictus,0,0,1,5.045531469032314e-6,0
TUR.40.25_1,2075,5,17.852673362283145,78.5088210159107,Istanbul,Kartal,0.48275004482778927,0.04564326967810661,31,Istanbul,Kartal,albopictus,1.6653345369377348e-19,1.6653345369377348e-19,1,0.0459645755662421,0
TUR.40.25_1,2075,6,22.880781398100012,73.93673734572974,Istanbul,Kartal,0.5429831735158523,0.05285048678168447,30,Istanbul,Kartal,albopictus,0.002392363196087178,0.002392363196087178,0.9976076368039128,0.16905845744817022,0.0012981696082928762
TUR.40.25_1,2075,7,27.43707757837632,59.00142724782783,Istanbul,Kartal,0.6376437460247452,0.05984211898290481,31,Istanbul,Kartal,albopictus,0.022679940830263406,0.022679940830263406,0.9773200591697366,0.18863676152436526,0.014357653996401987
TUR.40.25_1,2075,8,26.37829528135412,74.71602850997118,Istanbul,Kartal,0.7571617546290639,0.0706535838103044,31,Istanbul,Kartal,albopictus,0.20459904852777672,0.20459904852777672,0.7954009514722233,0.25210768264021505,0.1435116597641316
TUR.40.25_1,2075,9,23.23619062760297,71.74248422674036,Istanbul,Kartal,0.6034944815659452,0.05856450680133196,30,Istanbul,Kartal,albopictus,0.003556934650642494,0.003556934650642494,0.9964430653493576,0.17171954649645677,0.002144288155353724
TUR.40.25_1,2075,10,19.43781443203197,72.61789079911775,Istanbul,Kartal,0.5947186251333482,0.055928538854232435,31,Istanbul,Kartal,albopictus,1.2845434715913483e-12,1.2845434715913483e-12,0.9999999999987155,0.07463283203987076,7.639444632445702e-13
TUR.40.25_1,2075,11,14.066859820309809,80.48171329243398,Istanbul,Kartal,0.3449663007531394,0.033908404663077985,30,Istanbul,Kartal,albopictus,0,0,1,0.004263338055563356,0
TUR.40.25_1,2075,12,10.445972218232997,79.39446177894186,Istanbul,Kartal,0.2837401987209986,0.027085165017926904,31,Istanbul,Kartal,albopictus,0,0,1,3.6189766075156063e-31,0
TUR.59.4_1,2025,1,4.849517377860406,69.56209988807737,Mugla,Fethiye,0.07304482562377056,0.0070439285098816695,31,Mugla,Fethiye,albopictus,0,0,1,0,0
TUR.59.4_1,2025,2,4.258604782469133,76.86164585850305,Mugla,Fethiye,0.05463974009252106,0.0058371550904327,28,Mugla,Fethiye,albopictus,0,0,1,0,0
TUR.59.4_1,2025,3,8.010822674807379,66.83459414692689,Mugla,Fethiye,0.06707483706195873,0.006470091497838948,31,Mugla,Fethiye,albopictus,0,0,1,0,0
TUR.59.4_1,2025,4,13.665060842738432,54.54226888594779,Mugla,Fethiye,0.08869413519797514,0.008830196301925053,30,Mugla,Fethiye,albopictus,0,0,1,0.0017701051446813564,0
TUR.59.4_1,2025,5,16.83769716935999,53.29812626233216,Mugla,Fethiye,0.1239709487943805,0.011925509262439071,31,Mugla,Fethiye,albopictus,0,0,1,0.020830820325057186,0
TUR.59.4_1,2025,6,23.730123604045193,40.14280370818671,Mugla,Fethiye,0.1394389082328451,0.013847125063503607,30,Mugla,Fethiye,albopictus,3.7703797736821086e-8,3.7703797736821086e-8,0.9999999622962022,0.10567683556551156,5.25737642309565e-9
TUR.59.4_1,2025,7,26.148629693424002,36.783123582263805,Mugla,Fethiye,0.16374788782399763,0.015721673498581223,31,Mugla,Fethiye,albopictus,5.378482285867125e-7,5.378482285867125e-7,0.9999994621517714,0.11485488872787,8.807150753131765e-8
TUR.59.4_1,2025,8,26.1063975165872,49.81033101130324,Mugla,Fethiye,0.19444029496810858,0.018640871919531676,31,Mugla,Fethiye,albopictus,3.4689255938797085e-4,3.4689255938797085e-4,0.999653107440612,0.15085523321388286,6.744761687682566e-5
TUR.59.4_1,2025,9,21.167789571425494,63.377013327665715,Mugla,Fethiye,0.15497830455632985,0.015378357070245263,30,Mugla,Fethiye,albopictus,8.270831151013791e-9,8.270831151013791e-9,0.9999999917291689,0.10235424772276312,1.2817993333413824e-9
TUR.59.4_1,2025,10,16.89749201606302,68.75470893464083,Mugla,Fethiye,0.15272465122146495,0.014671119747202477,31,Mugla,Fethiye,albopictus,0,0,1,0.02653359637286391,0
TUR.59.4_1,2025,11,10.793414999456967,68.3366256304529,Mugla,Fethiye,0.0885878728850457,0.008819663846380332,30,Mugla,Fethiye,albopictus,0,0,1,8.244619915152312e-10,0
TUR.59.4_1,2025,12,4.642129645628088,72.69433987773199,Mugla,Fethiye,0.07286491637529807,0.007026640425779052,31,Mugla,Fethiye,albopictus,0,0,1,0,0
TUR.59.4_1,2026,1,6.811025651938775,74.40719266151487,Mugla,Fethiye,0.06920725666760282,0.006675098343115526,31,Mugla,Fethiye,albopictus,0,0,1,0,0
TUR.59.4_1,2026,2,4.743156927473406,70.16378514072962,Mugla,Fethiye,0.051769122378514276,0.005531337191092334,28,Mugla,Fethiye,albopictus,0,0,1,0,0
TUR.59.4_1,2026,3,11.264345547732184,53.763926880081186,Mugla,Fethiye,0.06355091445346644,0.0061312154114455675,31,Mugla,Fethiye,albopictus,0,0,1,7.515331458835399e-7,0
TUR.59.4_1,2026,4,12.732847059474272,60.873312129355995,Mugla,Fethiye,0.08403439568975832,0.008368229368641122,30,Mugla,Fethiye,albopictus,0,0,1,4.6157836129005205e-4,0
TUR.59.4_1,2026,5,15.585045001086065,71.34732441296693,Mugla,Fethiye,0.11745786507493419,0.011302531157241003,31,Mugla,Fethiye,albopictus,0,0,1,0.013024295459120741,0
TUR.59.4_1,2026,6,21.239244545207303,52.26252416717109,Mugla,Fethiye,0.1321131815855882,0.013124431743719134,30,Mugla,Fethiye,albopictus,1.4118393648621107e-10,1.4118393648621107e-10,0.999999999858816,0.08747606858313947,1.8652301925214942e-11
TUR.59.4_1,2026,7,25.032943276798026,46.314198106189586,Mugla,Fethiye,0.15514503600547105,0.01490188707738671,31,Mugla,Fethiye,albopictus,1.524527316354063e-5,1.524527316354063e-5,0.9999847547268365,0.13290736050035704,2.365225656775216e-6
TUR.59.4_1,2026,8,26.00682247386259,42.72556080866652,Mugla,Fethiye,0.18422495071304767,0.017670238546173223,31,Mugla,Fethiye,albopictus,1.0199088196175044e-5,1.0199088196175044e-5,0.9999898009118038,0.12967542281079084,1.878924755116529e-6
TUR.59.4_1,2026,9,23.302465551039752,49.45949089724579,Mugla,Fethiye,0.14683618188896683,0.014576339588549425,30,Mugla,Fethiye,albopictus,6.55146998374101e-7,6.55146998374101e-7,0.9999993448530016,0.11895282807905472,9.619927920923033e-8
TUR.59.4_1,2026,10,15.103055561290068,63.94913642487521,Mugla,Fethiye,0.1447009291389755,0.013905725358150156,31,Mugla,Fethiye,albopictus,0,0,1,0.008344227259467514,0
TUR.59.4_1,2026,11,11.026124884100522,74.52157741267946,Mugla,Fethiye,0.08393371609880576,0.00835824561027898,30,Mugla,Fethiye,albopictus,0,0,1,1.2448002114596094e-7,0
TUR.59.4_1,2026,12,5.81193135766422,72.37393582499762,Mugla,Fethiye,0.069036799343219,0.006658712449419624,31,Mugla,Fethiye,albopictus,0,0,1,0,0
TUR.59.4_1,2027,1,5.470639499671319,72.31243558143674,Mugla,Fethiye,0.06841919116853895,0.006599340123580322,31,Mugla,Fethiye,albopictus,0,0,1,0,0
TUR.59.4_1,2027,2,5.871378916151384,73.04805485508508,Mugla,Fethiye,0.051179625536307845,0.005468524192852708,28,Mugla,Fethiye,albopictus,0,0,1,0,0
TUR.59.4_1,2027,3,6.474399945315192,70.06042422505189,Mugla,Fethiye,0.06282725792485591,0.006061611074115958,31,Mugla,Fethiye,albopictus,0,0,1,0,0
TUR.59.4_1,2027,4,11.418738210902495,61.20005620894584,Mugla,Fethiye,0.08307749303002927,0.00827333532061636,30,Mugla,Fethiye,albopictus,0,0,1,3.6569786242980928e-6,0
TUR.59.4_1,2027,5,18.589478632983038,60.340107005740364,Mugla,Fethiye,0.11612036817769646,0.011174550636420477,31,Mugla,Fethiye,albopictus,2.9420910152566647e-18,2.9420910152566647e-18,1,0.04745977824103566,0
TUR.59.4_1,2027,6,23.154998863444607,44.672874966731634,Mugla,Fethiye,0.1306088040767496,0.012975957235022872,30,Mugla,Fethiye,albopictus,4.524257504329165e-8,4.524257504329165e-8,0.999999954757425,0.1068967437631275,5.909078559795944e-9
TUR.59.4_1,2027,7,27.811580209171073,29.426819413562633,Mugla,Fethiye,0.15337839394921735,0.014733455025984221,31,Mugla,Fethiye,albopictus,7.3696081162588636e-9,7.3696081162588636e-9,0.9999999926303919,0.09417890968569723,1.13033871151913e-9
TUR.59.4_1,2027,8,25.078725702622357,57.73938908625441,Mugla,Fethiye,0.18212717463125627,0.017470794959244973,31,Mugla,Fethiye,albopictus,0.0023570311260059955,0.0023570311260059955,0.997642968873994,0.16656567729868166,4.2918729227059416e-4
TUR.59.4_1,2027,9,21.77431308521944,60.167365195341496,Mugla,Fethiye,0.14516415305076658,0.014411560135328183,30,Mugla,Fethiye,albopictus,6.94998660745183e-8,6.94998660745183e-8,0.9999999305001339,0.1106361122293881,1.0088889168535786e-8
TUR.59.4_1,2027,10,15.127873981700224,68.68803565583224,Mugla,Fethiye,0.1430532144999658,0.013748473920626725,31,Mugla,Fethiye,albopictus,0,0,1,0.00905530740669608,0
TUR.59.4_1,2027,11,13.056387831183041,65.17218929012087,Mugla,Fethiye,0.08297795988116834,0.008263464303717272,30,Mugla,Fethiye,albopictus,0,0,1,9.143555972663509e-4,0
TUR.59.4_1,2027,12,6.477672801298254,71.4014474216773,Mugla,Fethiye,0.06825067484778508,0.006583139582684083,31,Mugla,Fethiye,albopictus,0,0,1,0,0
TUR.59.4_1,2028,1,3.410986098296502,71.09691281532346,Mugla,Fethiye,0.06772121443601771,0.006532237481860048,31,Mugla,Fethiye,albopictus,0,0,1,0,0
TUR.59.4_1,2028,2,7.53406526411281,69.5525256802804,Mugla,Fethiye,0.05246671488271635,0.005412888433893759,29,Mugla,Fethiye,albopictus,0,0,1,0,0
TUR.59.4_1,2028,3,9.364424130495856,74.57025088520814,Mugla,Fethiye,0.062186327164776636,0.005999959579530367,31,Mugla,Fethiye,albopictus,0,0,1,0,0
TUR.59.4_1,2028,4,10.804705465541167,69.71272863326224,Mugla,Fethiye,0.08222997998375083,0.008189281630170853,30,Mugla,Fethiye,albopictus,0,0,1,1.176127670660374e-9,0
TUR.59.4_1,2028,5,16.50690283494837,59.42490009656068,Mugla,Fethiye,0.11493576903561976,0.01106118654707866,31,Mugla,Fethiye,albopictus,0,0,1,0.019066338030960143,0
TUR.59.4_1,2028,6,24.562610710368435,35.79857687102851,Mugla,Fethiye,0.12927640150444447,0.012844437135980824,30,Mugla,Fethiye,albopictus,3.80003488702485e-8,3.80003488702485e-8,0.9999999619996511,0.10457175925640484,4.912548368096736e-9
TUR.59.4_1,2028,7,27.103297738467948,31.977928727527477,Mugla,Fethiye,0.15181370795367086,0.014584253462566088,31,Mugla,Fethiye,albopictus,5.9138794353652546e-8,5.9138794353652546e-8,0.9999999408612057,0.10360053417585456,8.97807961308672e-9
TUR.59.4_1,2028,8,26.590686685898724,40.95739903498488,Mugla,Fethiye,0.18026920864128557,0.01729411721994023,31,Mugla,Fethiye,albopictus,6.316647217550264e-6,6.316647217550264e-6,0.9999936833527825,0.1266682401437031,1.1386963468806854e-6
TUR.59.4_1,2028,9,22.979103200575885,46.958258750028996,Mugla,Fethiye,0.1436832644361087,0.014265594657730807,30,Mugla,Fethiye,albopictus,6.315536061374249e-8,6.315536061374249e-8,0.9999999368446394,0.1083924417606679,9.07436836783404e-9
TUR.59.4_1,2028,10,14.429233158335967,46.60506980500217,Mugla,Fethiye,0.1415938605741442,0.01360917795206884,31,Mugla,Fethiye,albopictus,0,0,1,0.0036995398530857548,0
TUR.59.4_1,2028,11,9.021809984655942,51.286363179281025,Mugla,Fethiye,0.08213146221991319,0.00817951048462695,30,Mugla,Fethiye,albopictus,0,0,1,0,0
TUR.59.4_1,2028,12,6.859274611753576,67.79813016093512,Mugla,Fethiye,0.06755441723045545,0.006516201128568766,31,Mugla,Fethiye,albopictus,0,0,1,0,0
TUR.59.4_1,2029,1,4.350197824485162,74.75487179969846,Mugla,Fethiye,0.06776077754298872,0.006536041152452099,31,Mugla,Fethiye,albopictus,0,0,1,0,0
TUR.59.4_1,2029,2,4.913212793714861,71.51402012608118,Mugla,Fethiye,0.050687112219091675,0.005416042094262163,28,Mugla,Fethiye,albopictus,0,0,1,0,0
TUR.59.4_1,2029,3,7.208024880465339,76.7426523134308,Mugla,Fethiye,0.06222265676007765,0.006003454246212625,31,Mugla,Fethiye,albopictus,0,0,1,0,0
TUR.59.4_1,2029,4,14.746868932948393,59.34724248824271,Mugla,Fethiye,0.08227801919157386,0.00819404619884867,30,Mugla,Fethiye,albopictus,0,0,1,0.005882246216789956,0
TUR.59.4_1,2029,5,17.142622134264776,61.593891185427864,Mugla,Fethiye,0.11500291514578657,0.011067612661153303,31,Mugla,Fethiye,albopictus,0,0,1,0.02690108663125682,0
TUR.59.4_1,2029,6,22.698547447428982,42.599144497981634,Mugla,Fethiye,0.12935192549119137,0.012851892500192585,30,Mugla,Fethiye,albopictus,3.387620293282545e-9,3.387620293282545e-9,0.9999999966123797,0.09711100088686386,4.381952578569326e-10
TUR.59.4_1,2029,7,25.523917703067557,42.620220750232555,Mugla,Fethiye,0.1519023983591436,0.01459271119292671,31,Mugla,Fethiye,albopictus,5.580397182576302e-6,5.580397182576302e-6,0.9999944196028174,0.12721671975988103,8.476753565744843e-7
TUR.59.4_1,2029,8,26.254917032578412,46.32973256159621,Mugla,Fethiye,0.18037452290719835,0.017304132615547085,31,Mugla,Fethiye,albopictus,7.683404684290923e-5,7.683404684290923e-5,0.9999231659531571,0.14068229127085766,1.385880850812704e-5
TUR.59.4_1,2029,9,21.294307820937213,58.68609154421845,Mugla,Fethiye,0.14376720499163728,0.014273868932362266,30,Mugla,Fethiye,albopictus,2.8717114664567056e-9,2.8717114664567056e-9,0.9999999971282886,0.09802765331272757,4.128579700335422e-10
TUR.59.4_1,2029,10,17.11405237983255,47.36477439484592,Mugla,Fethiye,0.14167658048841308,0.01361707412990587,31,Mugla,Fethiye,albopictus,0,0,1,0.021861149720688765,0
TUR.59.4_1,2029,11,8.149538923712338,68.28587489803103,Mugla,Fethiye,0.08217944387311525,0.008184269391886656,30,Mugla,Fethiye,albopictus,0,0,1,0,0
TUR.59.4_1,2029,12,6.629041419309728,71.37529385722418,Mugla,Fethiye,0.06759388289357904,0.006519995491993114,31,Mugla,Fethiye,albopictus,0,0,1,0,0
TUR.59.4_1,2030,1,5.115967067725518,76.58433957313596,Mugla,Fethiye,0.06671664228083414,0.006435651169169221,31,Mugla,Fethiye,albopictus,0,0,1,0,0
TUR.59.4_1,2030,2,4.835280912763933,71.93223301670618,Mugla,Fethiye,0.04990606744475798,0.005332808475644657,28,Mugla,Fethiye,albopictus,0,0,1,0,0
TUR.59.4_1,2030,3,7.010605713900397,76.1675561830597,Mugla,Fethiye,0.06126385917268397,0.005911220145614737,31,Mugla,Fethiye,albopictus,0,0,1,0,0
TUR.59.4_1,2030,4,11.714011038050932,67.03555883345756,Mugla,Fethiye,0.08101018573019347,0.008068293749816435,30,Mugla,Fethiye,albopictus,0,0,1,2.4098893557038053e-5,0
TUR.59.4_1,2030,5,16.33372225480921,64.75989918103333,Mugla,Fethiye,0.11323081920314326,0.01089800298220156,31,Mugla,Fethiye,albopictus,0,0,1,0.018641358625096627,0
TUR.59.4_1,2030,6,22.918315971598904,39.21192220794257,Mugla,Fethiye,0.12735872364891232,0.01265511434726807,30,Mugla,Fethiye,albopictus,1.7354963584015336e-9,1.7354963584015336e-9,0.9999999982645036,0.09416252530259449,2.2103063823664115e-10
TUR.59.4_1,2030,7,26.733533410465018,34.411060899158336,Mugla,Fethiye,0.14956171313852298,0.014369473496288476,31,Mugla,Fethiye,albopictus,1.9048647705904864e-7,1.9048647705904864e-7,0.999999809513523,0.11002798451157218,2.848948343903146e-8
TUR.59.4_1,2030,8,24.172778971054974,54.259431505688006,Mugla,Fethiye,0.1775951067524438,0.01703977569959636,31,Mugla,Fethiye,albopictus,7.032681516106337e-5,7.032681516106337e-5,0.9999296731848389,0.14272051311945788,1.2489620250133449e-5
TUR.59.4_1,2030,9,22.620922200820026,35.32264244753876,Mugla,Fethiye,0.14155187609907935,0.01405547398459317,30,Mugla,Fethiye,albopictus,9.76208011094215e-11,9.76208011094215e-11,0.9999999999023792,0.08452667113403665,1.3818390875997011e-11
TUR.59.4_1,2030,10,14.932335460887236,64.36612098298068,Mugla,Fethiye,0.1394934663201085,0.013408659869045159,31,Mugla,Fethiye,albopictus,0,0,1,0.00736567152234881,0
TUR.59.4_1,2030,11,8.95443575522479,67.76690822322634,Mugla,Fethiye,0.08091312937255135,0.008058666375252765,30,Mugla,Fethiye,albopictus,0,0,1,0,0
TUR.59.4_1,2030,12,7.584977374357336,72.52169430888434,Mugla,Fethiye,0.06655231933433037,0.0064198511640573,31,Mugla,Fethiye,albopictus,0,0,1,0,0
TUR.59.4_1,2031,1,8.046537908561088,77.28077359413206,Mugla,Fethiye,0.07563659844970043,0.007292947269550654,31,Mugla,Fethiye,albopictus,0,0,1,0,0
TUR.59.4_1,2031,2,5.0820827659438645,74.86874882481165,Mugla,Fethiye,0.05657846460008677,0.006043641630227303,28,Mugla,Fethiye,albopictus,0,0,1,0,0
TUR.59.4_1,2031,3,8.17419757562525,68.7306665346222,Mugla,Fethiye,0.06945478305424933,0.006698892328164674,31,Mugla,Fethiye,albopictus,0,0,1,0,0
TUR.59.4_1,2031,4,13.667456472621245,56.96578420577201,Mugla,Fethiye,0.09184117603847865,0.009142072410219693,30,Mugla,Fethiye,albopictus,0,0,1,0.0018624115110077416,0
TUR.59.4_1,2031,5,17.474659106310675,47.14788441052552,Mugla,Fethiye,0.12836967975918495,0.012346026899891949,31,Mugla,Fethiye,albopictus,0,0,1,0.025585019615675785,0
TUR.59.4_1,2031,6,24.994468773112576,31.282673398128118,Mugla,Fethiye,0.14438647255583542,0.014334909864324508,30,Mugla,Fethiye,albopictus,8.543586065445919e-9,8.543586065445919e-9,0.9999999914564139,0.0987385450791334,1.2335782395567207e-9
TUR.59.4_1,2031,7,25.7310328764074,40.671604722400524,Mugla,Fethiye,0.16955798213720166,0.01627494535109486,31,Mugla,Fethiye,albopictus,2.7430103182677914e-6,2.7430103182677914e-6,0.9999972569896818,0.12276579079037934,4.6509918638637515e-7
TUR.59.4_1,2031,8,23.673612482407513,62.003312731273944,Mugla,Fethiye,0.20133941572663822,0.01929586438191655,31,Mugla,Fethiye,albopictus,4.2891661869264415e-4,4.2891661869264415e-4,0.9995710833813074,0.15523390128157663,8.635409267365723e-5
TUR.59.4_1,2031,9,20.508808248183307,64.58585274416961,Mugla,Fethiye,0.16047723695746446,0.01591964501683063,30,Mugla,Fethiye,albopictus,2.0426752245228386e-10,2.0426752245228386e-10,0.9999999997957325,0.08945572222420418,3.278033400277991e-11
TUR.59.4_1,2031,10,17.09124907325296,59.8843628653049,Mugla,Fethiye,0.1581436196084139,0.01518770680327075,31,Mugla,Fethiye,albopictus,0,0,1,0.025723451486675444,0
TUR.59.4_1,2031,11,11.254461218329038,70.35485988338259,Mugla,Fethiye,0.09173114333151076,0.009131169672237593,30,Mugla,Fethiye,albopictus,0,0,1,1.3766272588989087e-6,0
TUR.59.4_1,2031,12,8.127618537229651,73.4920235935523,Mugla,Fethiye,0.07545030567032973,0.007275050254422433,31,Mugla,Fethiye,albopictus,0,0,1,0,0
TUR.59.4_1,2032,1,4.993531259543755,71.86198849891721,Mugla,Fethiye,0.07294279228343795,0.007034123820367499,31,Mugla,Fethiye,albopictus,0,0,1,0,0
TUR.59.4_1,2032,2,7.146265047438005,69.1277209927804,Mugla,Fethiye,0.05651210949709289,0.005829025216707473,29,Mugla,Fethiye,albopictus,0,0,1,0,0
TUR.59.4_1,2032,3,8.797323605593512,62.66569461079408,Mugla,Fethiye,0.0669811429553707,0.006461082950822594,31,Mugla,Fethiye,albopictus,0,0,1,0,0
TUR.59.4_1,2032,4,13.635568464503569,56.14817251143607,Mugla,Fethiye,0.08857024197480867,0.008817916303686224,30,Mugla,Fethiye,albopictus,0,0,1,0.0017825279251087204,0
TUR.59.4_1,2032,5,19.75774111467249,47.14294056286927,Mugla,Fethiye,0.12379777882783358,0.011908950592093737,31,Mugla,Fethiye,albopictus,9.66282609482505e-16,9.66282609482505e-16,0.999999999999999,0.05667275287035499,1.1102230246251565e-16
TUR.59.4_1,2032,6,22.98953446219949,43.91385320769843,Mugla,Fethiye,0.1392441317040789,0.013827916933058293,30,Mugla,Fethiye,albopictus,1.656473996530794e-8,1.656473996530794e-8,0.9999999834352601,0.10280310644026634,2.306542845609272e-9
TUR.59.4_1,2032,7,26.310756234561698,37.46355876292787,Mugla,Fethiye,0.16351915507223297,0.015699885835817717,31,Mugla,Fethiye,albopictus,9.659931876960238e-7,9.659931876960238e-7,0.9999990340068123,0.11735097547354742,1.5795837737808682e-7
TUR.59.4_1,2032,8,25.826595194199506,42.22715535212355,Mugla,Fethiye,0.19416868924352187,0.01861507712017152,31,Mugla,Fethiye,albopictus,6.898789589792842e-6,6.898789589792842e-6,0.9999931012104102,0.12794367708267612,1.3395280348271754e-6
TUR.59.4_1,2032,9,21.78765308155733,46.35395348269501,Mugla,Fethiye,0.15476182167807076,0.015357041466797172,30,Mugla,Fethiye,albopictus,2.369856700323858e-10,2.369856700323858e-10,0.9999999997630143,0.08863351831059224,3.667632864079451e-11
TUR.59.4_1,2032,10,16.267096126780793,61.053582836008026,Mugla,Fethiye,0.15251131637971282,0.01465077711972218,31,Mugla,Fethiye,albopictus,0,0,1,0.017150948191098123,0
TUR.59.4_1,2032,11,10.467715193243588,70.08590846736696,Mugla,Fethiye,0.08846412809537398,0.008807398430269009,30,Mugla,Fethiye,albopictus,0,0,1,2.837790126655184e-26,0
TUR.59.4_1,2032,12,6.8735558846417595,70.14438260234137,Mugla,Fethiye,0.07276313434286334,0.0070168597150267464,31,Mugla,Fethiye,albopictus,0,0,1,0,0
TUR.59.4_1,2033,1,5.509210142142632,73.63475461219846,Mugla,Fethiye,0.07163611349618604,0.006908552579808269,31,Mugla,Fethiye,albopictus,0,0,1,0,0
TUR.59.4_1,2033,2,7.479825991041521,76.80231205723352,Mugla,Fethiye,0.05358598078980391,0.005724905002495562,28,Mugla,Fethiye,albopictus,0,0,1,0,0
TUR.59.4_1,2033,3,8.72800674157984,69.26147402973939,Mugla,Fethiye,0.06578125965085478,0.006345708759655122,31,Mugla,Fethiye,albopictus,0,0,1,0,0
TUR.59.4_1,2033,4,13.105014646754546,60.856344355918495,Mugla,Fethiye,0.08698361699450163,0.008660640401719877,30,Mugla,Fethiye,albopictus,0,0,1,9.018267648868173e-4,0
TUR.59.4_1,2033,5,15.846276423510382,70.50147632947083,Mugla,Fethiye,0.12158009663553886,0.011696869261701326,31,Mugla,Fethiye,albopictus,0,0,1,0.015096562513414418,0
TUR.59.4_1,2033,6,23.04677971671609,40.57665304290351,Mugla,Fethiye,0.13674974744140866,0.013581897038497548,30,Mugla,Fethiye,albopictus,5.051469555761301e-9,5.051469555761301e-9,0.9999999949485304,0.09831132044169183,6.907872052153152e-10
TUR.59.4_1,2033,7,27.641198663150565,35.490147202869274,Mugla,Fethiye,0.16058991416228835,0.015420821881088176,31,Mugla,Fethiye,albopictus,2.975842191721978e-7,2.975842191721978e-7,0.9999997024157808,0.11035133338044947,4.7789023072120074e-8
TUR.59.4_1,2033,8,27.376333124497357,36.69329991389113,Mugla,Fethiye,0.19069040030721215,0.018284678904283758,31,Mugla,Fethiye,albopictus,6.127905011392154e-7,6.127905011392154e-7,0.9999993872094989,0.11414292616406553,1.1685325917998313e-7
TUR.59.4_1,2033,9,22.256794088027057,45.376742484159855,Mugla,Fethiye,0.1519894574302448,0.015084024729942747,30,Mugla,Fethiye,albopictus,1.6339388271835454e-9,1.6339388271835454e-9,0.9999999983660611,0.09471764358219152,2.4834145850860523e-10
TUR.59.4_1,2033,10,16.208886707530304,59.02161567292209,Mugla,Fethiye,0.1497792671163001,0.014390224359298376,31,Mugla,Fethiye,albopictus,0,0,1,0.016153998432353586,0
TUR.59.4_1,2033,11,10.433782507391538,75.2958770342615,Mugla,Fethiye,0.08687940401234476,0.008650309304788939,30,Mugla,Fethiye,albopictus,0,0,1,1.758370935320935e-38,0
TUR.59.4_1,2033,12,8.132656321806067,77.55962765849371,Mugla,Fethiye,0.0714596739026552,0.006891595597815492,31,Mugla,Fethiye,albopictus,0,0,1,0,0
TUR.59.4_1,2034,1,7.97488501930938,75.96098752235471,Mugla,Fethiye,0.07278874727990586,0.0070193209908141485,31,Mugla,Fethiye,albopictus,0,0,1,0,0
TUR.59.4_1,2034,2,5.803954141981462,69.39215580723352,Mugla,Fethiye,0.054448185741715185,0.005816751000512155,28,Mugla,Fethiye,albopictus,0,0,1,0,0
TUR.59.4_1,2034,3,9.01605262475855,70.71305789204408,Mugla,Fethiye,0.06683968812371238,0.0064474821273833305,31,Mugla,Fethiye,albopictus,0,0,1,0,0
TUR.59.4_1,2034,4,10.205930555568022,72.74287237105521,Mugla,Fethiye,0.08838319397718296,0.00879937626788918,30,Mugla,Fethiye,albopictus,0,0,1,0,0
TUR.59.4_1,2034,5,16.246518275317023,66.69513325085755,Mugla,Fethiye,0.12353633518577099,0.011883950586544123,31,Mugla,Fethiye,albopictus,0,0,1,0.018331540751118258,0
TUR.59.4_1,2034,6,22.380123222575467,55.17207769500312,Mugla,Fethiye,0.13895006751913755,0.013798916717682186,30,Mugla,Fethiye,albopictus,1.7534344982694794e-7,1.7534344982694794e-7,0.9999998246565501,0.11399328656430875,2.4363983941455558e-8
TUR.59.4_1,2034,7,24.95705178204705,51.62987956370912,Mugla,Fethiye,0.1631738254237218,0.015666990962378002,31,Mugla,Fethiye,albopictus,1.3634046641831455e-4,1.3634046641831455e-4,0.9998636595335817,0.14636594174806958,2.2246947998461053e-5
TUR.59.4_1,2034,8,25.533410913803998,48.71604313898879,Mugla,Fethiye,0.19375863205371602,0.01857613209484399,31,Mugla,Fethiye,albopictus,1.0549282696854567e-4,1.0549282696854567e-4,0.9998945071730314,0.14371986285385357,2.04399369465591e-5
TUR.59.4_1,2034,9,21.47968875660616,54.857535483427434,Mugla,Fethiye,0.15443498629625002,0.015324859325155926,30,Mugla,Fethiye,albopictus,1.6288912847439719e-9,1.6288912847439719e-9,0.9999999983711088,0.0957438524778477,2.515577746109443e-10
TUR.59.4_1,2034,10,16.723364437327668,51.710923839425995,Mugla,Fethiye,0.1521892337511907,0.014620064008711964,31,Mugla,Fethiye,albopictus,0,0,1,0.019259990113123352,0
TUR.59.4_1,2034,11,9.052141119452084,67.18847804744509,Mugla,Fethiye,0.08827730419546126,0.008788880410550148,30,Mugla,Fethiye,albopictus,0,0,1,0,0
TUR.59.4_1,2034,12,8.804776416105383,77.51720822489996,Mugla,Fethiye,0.07260946875184379,0.0070020930883477606,31,Mugla,Fethiye,albopictus,0,0,1,0,0
TUR.59.4_1,2035,1,7.304352315909722,76.08894772743284,Mugla,Fethiye,0.06449737023963922,0.006222242164814595,31,Mugla,Fethiye,albopictus,0,0,1,0,0
TUR.59.4_1,2035,2,4.08681012953029,71.75737492344446,Mugla,Fethiye,0.04824598479701423,0.005155875268239352,28,Mugla,Fethiye,albopictus,0,0,1,0,0
TUR.59.4_1,2035,3,7.199067494448493,66.96678103657533,Mugla,Fethiye,0.059225969297690986,0.005715151445361277,31,Mugla,Fethiye,albopictus,0,0,1,0,0
TUR.59.4_1,2035,4,14.685251081691069,59.37689794478568,Mugla,Fethiye,0.07831545119175175,0.007800958468692554,30,Mugla,Fethiye,albopictus,0,0,1,0.005615676655437271,0
TUR.59.4_1,2035,5,15.032087466296026,63.203762096072396,Mugla,Fethiye,0.10946429285127197,0.010537407066826487,31,Mugla,Fethiye,albopictus,0,0,1,0.007846695454850757,0
TUR.59.4_1,2035,6,20.593839729533475,44.07730535613593,Mugla,Fethiye,0.1231222446395738,0.012236739143332453,30,Mugla,Fethiye,albopictus,1.0266959504789952e-13,1.0266959504789952e-13,0.9999999999998973,0.06663303822680859,1.2656542480726785e-14
TUR.59.4_1,2035,7,25.77926400128533,38.35376033153138,Mugla,Fethiye,0.1445866706745396,0.013894821786486822,31,Mugla,Fethiye,albopictus,9.704407689960503e-7,9.704407689960503e-7,0.999999029559231,0.11766545680835437,1.4031279005344288e-7
TUR.59.4_1,2035,8,26.860732920029584,37.483842516430194,Mugla,Fethiye,0.171687557427499,0.0164776583235281,31,Mugla,Fethiye,albopictus,1.0747202716495097e-6,1.0747202716495097e-6,0.9999989252797283,0.11708865565084318,1.845160813029878e-7
TUR.59.4_1,2035,9,19.037685506484088,54.29255593020478,Mugla,Fethiye,0.1368432740132154,0.013591122625709384,30,Mugla,Fethiye,albopictus,4.662936703425657e-17,4.662936703425657e-17,1,0.050834450938745335,0
TUR.59.4_1,2035,10,14.970557773814482,65.32969062409396,Mugla,Fethiye,0.13485333547493683,0.012965536555459067,31,Mugla,Fethiye,albopictus,0,0,1,0.007684832611834476,0
TUR.59.4_1,2035,11,10.619269300909604,68.98985439021853,Mugla,Fethiye,0.07822162333083205,0.007791648833650133,30,Mugla,Fethiye,albopictus,0,0,1,4.089456000536235e-13,0
TUR.59.4_1,2035,12,6.114506945890539,78.73839963114996,Mugla,Fethiye,0.06433851335540171,0.006206964456584085,31,Mugla,Fethiye,albopictus,0,0,1,0,0
TUR.59.4_1,2036,1,6.655705961234429,76.34657712196409,Mugla,Fethiye,0.0713753346290183,0.006883489947820509,31,Mugla,Fethiye,albopictus,0,0,1,0,0
TUR.59.4_1,2036,2,7.129486101515154,68.29580418369837,Mugla,Fethiye,0.055297728530507226,0.005704124029135005,29,Mugla,Fethiye,albopictus,0,0,1,0,0
TUR.59.4_1,2036,3,8.557265183504889,60.429412262161264,Mugla,Fethiye,0.06554179436532488,0.006322681488783344,31,Mugla,Fethiye,albopictus,0,0,1,0,0
TUR.59.4_1,2036,4,11.020364607081694,67.22226537642631,Mugla,Fethiye,0.08666696819831608,0.008629249263241379,30,Mugla,Fethiye,albopictus,0,0,1,8.298516832816154e-8,0
TUR.59.4_1,2036,5,15.372987887438605,68.7803001820099,Mugla,Fethiye,0.12113750534570782,0.011654537933470821,31,Mugla,Fethiye,albopictus,0,0,1,0.01084756130889161,0
TUR.59.4_1,2036,6,23.737999046550076,38.91830114471015,Mugla,Fethiye,0.13625193366449093,0.013532790564068087,30,Mugla,Fethiye,albopictus,2.2509156297700893e-8,2.2509156297700893e-8,0.9999999774908437,0.10323491886904894,3.0669160544505303e-9
TUR.59.4_1,2036,7,28.12875130597283,32.85121974315248,Mugla,Fethiye,0.160005314386422,0.015365118553787416,31,Mugla,Fethiye,albopictus,3.813169185468146e-8,3.813169185468146e-8,0.9999999618683082,0.10059970420442207,6.101273375413996e-9
TUR.59.4_1,2036,8,27.093849069931927,43.00398793268996,Mugla,Fethiye,0.18999622492352772,0.01821872675906322,31,Mugla,Fethiye,albopictus,2.264834303525698e-5,2.264834303525698e-5,0.9999773516569648,0.13301388190194696,4.303090419099931e-6
TUR.59.4_1,2036,9,22.90376292957979,53.564242484159855,Mugla,Fethiye,0.15143616612791572,0.015029528678082826,30,Mugla,Fethiye,albopictus,7.965225321617808e-7,7.965225321617808e-7,0.9999992034774678,0.12047670002001129,1.20622311250429e-7
TUR.59.4_1,2036,10,15.511849010691924,67.7157837637424,Mugla,Fethiye,0.14923402162910762,0.014338216605039644,31,Mugla,Fethiye,albopictus,0,0,1,0.011733021473768798,0
TUR.59.4_1,2036,11,10.928776670904721,62.43600612361696,Mugla,Fethiye,0.08656313458547596,0.00861895544912794,30,Mugla,Fethiye,albopictus,0,0,1,1.5470268346810075e-8,0
TUR.59.4_1,2036,12,6.45837615518009,74.68187344706793,Mugla,Fethiye,0.07119953733327665,0.006866594268924331,31,Mugla,Fethiye,albopictus,0,0,1,0,0
TUR.59.4_1,2037,1,7.931929143912652,76.84454007362424,Mugla,Fethiye,0.07070670047021196,0.006819226743980167,31,Mugla,Fethiye,albopictus,0,0,1,0,0
TUR.59.4_1,2037,2,3.0898721393416912,71.01677433750696,Mugla,Fethiye,0.05289075171992575,0.005650839856570555,28,Mugla,Fethiye,albopictus,0,0,1,0,0
TUR.59.4_1,2037,3,6.733005425509284,68.28906192036439,Mugla,Fethiye,0.06492780799636572,0.006263637380266918,31,Mugla,Fethiye,albopictus,0,0,1,0,0
TUR.59.4_1,2037,4,13.377764547572417,56.64124120650443,Mugla,Fethiye,0.08585508415351588,0.008548758186314065,30,Mugla,Fethiye,albopictus,0,0,1,0.001254590703639502,0
TUR.59.4_1,2037,5,17.342510363634894,59.026847880984505,Mugla,Fethiye,0.12000270612679398,0.011545992587100207,31,Mugla,Fethiye,albopictus,0,0,1,0.028484223991366582,0
TUR.59.4_1,2037,6,24.35398873160867,35.24906972991523,Mugla,Fethiye,0.1349755445936024,0.013406870931625514,30,Mugla,Fethiye,albopictus,1.8517502720083455e-8,1.8517502720083455e-8,0.9999999814824972,0.10182379669564061,2.4994100122910368e-9
TUR.59.4_1,2037,7,26.219756631290213,36.44875010814271,Mugla,Fethiye,0.15850640696489643,0.015222281433286078,31,Mugla,Fethiye,albopictus,5.609088693153686e-7,5.609088693153686e-7,0.9999994390911306,0.11475600475255471,8.89076455790061e-8
TUR.59.4_1,2037,8,26.688894159653607,44.82048192072707,Mugla,Fethiye,0.18821636684386456,0.018049605936529378,31,Mugla,Fethiye,albopictus,4.716406049664146e-5,4.716406049664146e-5,0.9999528359395033,0.13785095339575335,8.877008711438705e-6
TUR.59.4_1,2037,9,21.544864766737994,46.13904106814423,Mugla,Fethiye,0.15001753328958184,0.014889787620713912,30,Mugla,Fethiye,albopictus,6.733013080406635e-11,6.733013080406635e-11,0.9999999999326699,0.08422535763758289,1.0100698055737212e-11
TUR.59.4_1,2037,10,18.336737240062043,52.3131958731174,Mugla,Fethiye,0.14783601817264894,0.01420485675374128,31,Mugla,Fethiye,albopictus,0,0,1,0.03901118488440713,0
TUR.59.4_1,2037,11,11.480063368292416,61.38256984432009,Mugla,Fethiye,0.0857522232394482,0.008538559975765692,30,Mugla,Fethiye,albopictus,0,0,1,5.553441933751489e-6,0
TUR.59.4_1,2037,12,7.647245154661291,67.9644357029273,Mugla,Fethiye,0.07053255001896598,0.006802488259721962,31,Mugla,Fethiye,albopictus,0,0,1,0,0
TUR.59.4_1,2038,1,8.400613817221977,75.43218655799924,Mugla,Fethiye,0.07336279017896943,0.007074482056149911,31,Mugla,Fethiye,albopictus,0,0,1,0,0
TUR.59.4_1,2038,2,7.5637955840896165,76.59116856358118,Mugla,Fethiye,0.05487758720224223,0.005862489634686274,28,Mugla,Fethiye,albopictus,0,0,1,0,0
TUR.59.4_1,2038,3,9.137974164065191,70.19251956196595,Mugla,Fethiye,0.06736681422186454,0.006498164137451412,31,Mugla,Fethiye,albopictus,0,0,1,0,0
TUR.59.4_1,2038,4,12.929854238734526,64.19409765181693,Mugla,Fethiye,0.089080221289716,0.008868463250779612,30,Mugla,Fethiye,albopictus,0,0,1,7.073000626987804e-4,0
TUR.59.4_1,2038,5,20.16484369951136,42.0633697926056,Mugla,Fethiye,0.12451059506301587,0.011977108951711557,31,Mugla,Fethiye,albopictus,2.7697288906836095e-15,2.7697288906836095e-15,0.9999999999999972,0.058140628564453116,3.3306690738754696e-16
TUR.59.4_1,2038,6,23.535497749553006,34.57646230804023,Mugla,Fethiye,0.14004588661981582,0.013906980595068008,30,Mugla,Fethiye,albopictus,1.7548890424157193e-9,1.7548890424157193e-9,0.999999998245111,0.09360478195751491,2.4576496393535763e-10
TUR.59.4_1,2038,7,28.623347787296073,28.079865067859508,Mugla,Fethiye,0.1644606833419839,0.015789566883960493,31,Mugla,Fethiye,albopictus,9.44934749169679e-10,9.44934749169679e-10,0.9999999990550652,0.08598709622089258,1.554045780949309e-10
TUR.59.4_1,2038,8,27.30580509410185,41.39594426203566,Mugla,Fethiye,0.1952866947147616,0.01872125141311165,31,Mugla,Fethiye,albopictus,8.906679988306132e-6,8.906679988306132e-6,0.9999910933200117,0.1270789459721342,1.7393545831412283e-6
TUR.59.4_1,2038,9,19.487955205580768,52.66554558474579,Mugla,Fethiye,0.1556529260268162,0.01544477951978207,30,Mugla,Fethiye,albopictus,1.1494694085456559e-15,1.1494694085456559e-15,0.9999999999999989,0.05685363395723047,2.220446049250313e-16
TUR.59.4_1,2038,10,15.113291347728056,60.50571601471896,Mugla,Fethiye,0.15338946252574076,0.014734510396207545,31,Mugla,Fethiye,albopictus,0,0,1,0.008046629315093739,0
TUR.59.4_1,2038,11,10.088848997564877,67.9753203936365,Mugla,Fethiye,0.0889734964163139,0.008857885355554984,30,Mugla,Fethiye,albopictus,0,0,1,0,0
TUR.59.4_1,2038,12,6.711975322050207,79.31058896220465,Mugla,Fethiye,0.07318209778448109,0.007057119250532762,31,Mugla,Fethiye,albopictus,0,0,1,0,0
TUR.59.4_1,2039,1,5.997397455222466,76.53670926307737,Mugla,Fethiye,0.070785661171352,0.006826815965004895,31,Mugla,Fethiye,albopictus,0,0,1,0,0
TUR.59.4_1,2039,2,3.700081842787126,69.32892338535852,Mugla,Fethiye,0.05294981671393417,0.0056571324681437,28,Mugla,Fethiye,albopictus,0,0,1,0,0
TUR.59.4_1,2039,3,8.604133984621832,76.08429660054017,Mugla,Fethiye,0.0650003152016063,0.006270610231261298,31,Mugla,Fethiye,albopictus,0,0,1,0,0
TUR.59.4_1,2039,4,12.102969015345854,67.09225286421928,Mugla,Fethiye,0.08595096159647553,0.0085582639217332,30,Mugla,Fethiye,albopictus,0,0,1,1.0586568459550862e-4,0
TUR.59.4_1,2039,5,16.65195383745081,66.84723286023255,Mugla,Fethiye,0.1201367174404525,0.011558811602688124,31,Mugla,Fethiye,albopictus,0,0,1,0.02286824760095733,0
TUR.59.4_1,2039,6,22.939144218669217,47.530785122981634,Mugla,Fethiye,0.13512627661145912,0.013421741936863296,30,Mugla,Fethiye,albopictus,6.768808997470455e-8,6.768808997470455e-8,0.99999993231191,0.1091853804339557,9.146439494678305e-9
TUR.59.4_1,2039,7,28.923226861392752,27.492447465320446,Mugla,Fethiye,0.15868341673831113,0.0152391505095274,31,Mugla,Fethiye,albopictus,3.7486432258315715e-10,3.7486432258315715e-10,0.9999999996251356,0.08167209500043858,5.948475045869372e-11
TUR.59.4_1,2039,8,26.24003589854521,43.67514576960402,Mugla,Fethiye,0.18842655479201076,0.018069579359698662,31,Mugla,Fethiye,albopictus,2.1449387570079414e-5,2.1449387570079414e-5,0.9999785506124299,0.13345386770355028,4.041626034845258e-6
TUR.59.4_1,2039,9,21.140012853285846,55.91329872805634,Mugla,Fethiye,0.15018506323417083,0.01490629102840213,30,Mugla,Fethiye,albopictus,3.7710201766794073e-10,3.7710201766794073e-10,0.999999999622898,0.09102030286033008,5.6635141021388336e-11
TUR.59.4_1,2039,10,19.03146418403177,50.88203589997287,Mugla,Fethiye,0.148001111941288,0.014220606495858323,31,Mugla,Fethiye,albopictus,9.048317650695026e-18,9.048317650695026e-18,1,0.048197222067697686,0
TUR.59.4_1,2039,11,11.56560986182269,65.79154353816774,Mugla,Fethiye,0.08584798581394645,0.00854805442030615,30,Mugla,Fethiye,albopictus,0,0,1,1.0739524328709999e-5,0
TUR.59.4_1,2039,12,7.188896880430334,74.07022488749762,Mugla,Fethiye,0.07061131624006886,0.006810058916172146,31,Mugla,Fethiye,albopictus,0,0,1,0,0
TUR.59.4_1,2040,1,7.058306726462701,71.87624783729612,Mugla,Fethiye,0.07409286962334326,0.0071446325950929035,31,Mugla,Fethiye,albopictus,0,0,1,0,0
TUR.59.4_1,2040,2,7.18615676725612,61.03217045567102,Mugla,Fethiye,0.057403126889329636,0.0059206579207345955,29,Mugla,Fethiye,albopictus,0,0,1,0,0
TUR.59.4_1,2040,3,7.904725453432868,59.94446505757142,Mugla,Fethiye,0.06803722392379041,0.0065626188146019615,31,Mugla,Fethiye,albopictus,0,0,1,0,0
TUR.59.4_1,2040,4,12.43625911544351,54.72345556197318,Mugla,Fethiye,0.08996671481463835,0.008956322525355609,30,Mugla,Fethiye,albopictus,0,0,1,2.02975891585937e-4,0
TUR.59.4_1,2040,5,17.514337679919073,55.44970325818177,Mugla,Fethiye,0.1257496786071464,0.012095576968631283,31,Mugla,Fethiye,albopictus,0,0,1,0.029264048003699184,0
TUR.59.4_1,2040,6,21.438173378215115,45.92403082000312,Mugla,Fethiye,0.14143957165879548,0.014044401327603317,30,Mugla,Fethiye,albopictus,3.140792204092691e-11,3.140792204092691e-11,0.9999999999685921,0.08264276293564198,4.442335388432639e-12
TUR.59.4_1,2040,7,27.825566796695487,31.170811265369274,Mugla,Fethiye,0.16609733543799532,0.015945439384965066,31,Mugla,Fethiye,albopictus,2.0443507025569297e-8,2.0443507025569297e-8,0.999999979556493,0.09787358945706602,3.395612013790128e-9
TUR.59.4_1,2040,8,27.002668268540326,43.72656788874465,Mugla,Fethiye,0.19723011591266235,0.018905786116444445,31,Mugla,Fethiye,albopictus,3.158752884073529e-5,3.158752884073529e-5,0.9999684124711593,0.1350973977660749,6.229992568163034e-6
TUR.59.4_1,2040,9,22.58319865956026,44.20319664675751,Mugla,Fethiye,0.15720192656880208,0.015597275365683672,30,Mugla,Fethiye,albopictus,3.962521652300932e-9,3.962521652300932e-9,0.9999999960374784,0.09792654010519314,6.22916052073208e-10
TUR.59.4_1,2040,10,17.358520115123078,56.41742866120334,Mugla,Fethiye,0.1549159379133371,0.014880046438672134,31,Mugla,Fethiye,albopictus,0,0,1,0.027698959370209254,0
TUR.59.4_1,2040,11,10.699499060125913,66.68604427058962,Mugla,Fethiye,0.0898589278546378,0.008945640309263259,30,Mugla,Fethiye,albopictus,0,0,1,2.3030281030279723e-11,0
TUR.59.4_1,2040,12,5.500613913816564,67.21134579814215,Mugla,Fethiye,0.07391037904475302,0.007127098238604801,31,Mugla,Fethiye,albopictus,0,0,1,0,0
TUR.59.4_1,2041,1,6.290264162070611,68.89935727333128,Mugla,Fethiye,0.0723360778503514,0.00697582081245407,31,Mugla,Fethiye,albopictus,0,0,1,0,0
TUR.59.4_1,2041,2,4.221302050001482,63.82866398594446,Mugla,Fethiye,0.054109575309457036,0.0057806816869721,28,Mugla,Fethiye,albopictus,0,0,1,0,0
TUR.59.4_1,2041,3,8.44765081125147,64.97289218159486,Mugla,Fethiye,0.06642401558330979,0.00640751430746378,31,Mugla,Fethiye,albopictus,0,0,1,0,0
TUR.59.4_1,2041,4,14.499322736964507,48.44117559371146,Mugla,Fethiye,0.08783354349555009,0.008744893380552732,30,Mugla,Fethiye,albopictus,0,0,1,0.004019510087470963,0
TUR.59.4_1,2041,5,20.703450343188116,46.209247630740364,Mugla,Fethiye,0.12276806914922622,0.011810483081201473,31,Mugla,Fethiye,albopictus,4.734947434137382e-13,4.734947434137382e-13,0.9999999999995265,0.07095283909061857,5.81756864903582e-14
TUR.59.4_1,2041,6,23.93631752799539,41.37518362151679,Mugla,Fethiye,0.13808594428373455,0.013713693108465819,30,Mugla,Fethiye,albopictus,1.1468394515351532e-7,1.1468394515351532e-7,0.9999998853160549,0.10987142929677321,1.5836240763178466e-8
TUR.59.4_1,2041,7,25.69180062237908,38.56572017039857,Mugla,Fethiye,0.16215905589913118,0.015570321266808906,31,Mugla,Fethiye,albopictus,9.957699528778674e-7,9.957699528778674e-7,0.9999990042300472,0.11820543995797374,1.6147310244463142e-7
TUR.59.4_1,2041,8,26.64840305552763,47.64776768732863,Mugla,Fethiye,0.19255365720910533,0.0184616811245224,31,Mugla,Fethiye,albopictus,1.8940406137704535e-4,1.8940406137704535e-4,0.999810595938623,0.14651254354596005,3.646977966986764e-5
TUR.59.4_1,2041,9,23.5732842613669,44.114752890653996,Mugla,Fethiye,0.1534745631572015,0.01523028430467177,30,Mugla,Fethiye,albopictus,1.310707611058559e-7,1.310707611058559e-7,0.9999998689292389,0.11139235274733707,2.011602762141962e-8
TUR.59.4_1,2041,10,19.085674846873566,53.19262855134006,Mugla,Fethiye,0.15124277683029375,0.014529806359811825,31,Mugla,Fethiye,albopictus,4.1022740759899534e-17,4.1022740759899534e-17,1,0.05072976617209167,0
TUR.59.4_1,2041,11,10.750728537054624,74.62060695369509,Mugla,Fethiye,0.08772831223686772,0.008734462223414119,30,Mugla,Fethiye,albopictus,0,0,1,2.88170718493282e-10,0
TUR.59.4_1,2041,12,8.946249232572669,70.17494595683355,Mugla,Fethiye,0.0721579142461211,0.0069586993003188935,31,Mugla,Fethiye,albopictus,0,0,1,0,0
TUR.59.4_1,2042,1,9.633422883994438,71.53182645057737,Mugla,Fethiye,0.07686391069638221,0.007410846221712286,31,Mugla,Fethiye,albopictus,0,0,1,0,0
TUR.59.4_1,2042,2,9.901441591627458,69.11389652988977,Mugla,Fethiye,0.05749653130225763,0.006141406632859225,28,Mugla,Fethiye,albopictus,0,0,1,0,0
TUR.59.4_1,2042,3,8.060264966067145,68.90180148335267,Mugla,Fethiye,0.07058178648354548,0.006807220654973967,31,Mugla,Fethiye,albopictus,0,0,1,0,0
TUR.59.4_1,2042,4,8.856014574275298,69.91649450240287,Mugla,Fethiye,0.0933314307883223,0.009289724481287509,30,Mugla,Fethiye,albopictus,0,0,1,0,0
TUR.59.4_1,2042,5,16.40946402269251,61.299030345584114,Mugla,Fethiye,0.13045266185119214,0.01254509704850404,31,Mugla,Fethiye,albopictus,0,0,1,0.018465301537455053,0
TUR.59.4_1,2042,6,21.998853767619412,42.30009512054023,Mugla,Fethiye,0.14672935007353352,0.014565812072454665,30,Mugla,Fethiye,albopictus,1.3549995342421184e-10,1.3549995342421184e-10,0.99999999986450006,0.08636518549898568,1.9881873924987303e-11
TUR.59.4_1,2042,7,27.18213608685662,38.48485621776185,Mugla,Fethiye,0.1723093034851339,0.016536834072773732,31,Mugla,Fethiye,albopictus,1.9033328199216104e-6,1.9033328199216104e-6,0.9999980966671801,0.11976668075126173,3.27961898749507e-7
TUR.59.4_1,2042,8,26.064910776474896,52.46808018732863,Mugla,Fethiye,0.20460643639819032,0.019605878018682077,31,Mugla,Fethiye,albopictus,0.0010082652214073618,0.0010082652214073618,0.9989917347785926,0.1589371141456503,2.0627627601921272e-4
TUR.59.4_1,2042,9,23.29883014454561,50.33341515261689,Mugla,Fethiye,0.16308121019619398,0.016175863546986635,30,Mugla,Fethiye,albopictus,9.018265998071429e-7,9.018265998071429e-7,0.9999990981734002,0.1203337336408005,1.4707096251953544e-7
TUR.59.4_1,2042,10,16.307556713328644,58.28598945221896,Mugla,Fethiye,0.16070972656005142,0.015432237762530221,31,Mugla,Fethiye,albopictus,0,0,1,0.016903404441060196,0
TUR.59.4_1,2042,11,13.17652409216937,63.68026118953493,Mugla,Fethiye,0.09321961264293484,0.009278646480789132,30,Mugla,Fethiye,albopictus,0,0,1,0.001069967443276309,0
TUR.59.4_1,2042,12,7.7289378502789665,75.9633370701148,Mugla,Fethiye,0.07667459504958654,0.007392660959226305,31,Mugla,Fethiye,albopictus,0,0,1,0,0
TUR.59.4_1,2043,1,6.850394281394341,74.58094449256956,Mugla,Fethiye,0.07547294257333098,0.00727722498285277,31,Mugla,Fethiye,albopictus,0,0,1,0,0
TUR.59.4_1,2043,2,6.451844709761003,71.34320561192102,Mugla,Fethiye,0.056456045051910986,0.0060306044352665955,28,Mugla,Fethiye,albopictus,0,0,1,0,0
TUR.59.4_1,2043,3,10.690982243594,66.8019555971222,Mugla,Fethiye,0.06930450285099096,0.006684446401278521,31,Mugla,Fethiye,albopictus,0,0,1,1.0162036841631978e-11,0
TUR.59.4_1,2043,4,14.00475677321939,59.706319941855995,Mugla,Fethiye,0.09164245811012849,0.009122382091113379,30,Mugla,Fethiye,albopictus,0,0,1,0.0028744699646359195,0
TUR.59.4_1,2043,5,18.13840975480921,54.85228351941224,Mugla,Fethiye,0.12809192463969438,0.01231947887077367,31,Mugla,Fethiye,albopictus,0,0,1,0.0374117578087696,0
TUR.59.4_1,2043,6,24.612518394694607,46.14427236663398,Mugla,Fethiye,0.1440740616967229,0.014304116135551603,30,Mugla,Fethiye,albopictus,5.890400737352086e-6,5.890400737352086e-6,0.9999941095992626,0.12851978003797393,8.486535991725219e-7
TUR.59.4_1,2043,7,26.03796532574822,44.228863328357555,Mugla,Fethiye,0.16919110736056092,0.016240018546267998,31,Mugla,Fethiye,albopictus,2.1300568896368334e-5,2.1300568896368334e-5,0.9999786994311036,0.1340298722671938,3.603860345036125e-6
TUR.59.4_1,2043,8,26.3981455634622,42.79669346857863,Mugla,Fethiye,0.20090377505527238,0.019254518225720885,31,Mugla,Fethiye,albopictus,1.528699635049424e-5,1.528699635049424e-5,0.9999847130036496,0.13131614282741083,3.071210559868476e-6
TUR.59.4_1,2043,9,22.580284230849323,53.748107077665715,Mugla,Fethiye,0.16013001030542132,0.015885474530888732,30,Mugla,Fethiye,albopictus,2.2416478820524997e-7,2.2416478820524997e-7,0.9999997758352118,0.11476648439629916,3.5895509231664846e-8
TUR.59.4_1,2043,10,15.410512531504912,66.12928168854708,Mugla,Fethiye,0.15780144223410397,0.015155095248679307,31,Mugla,Fethiye,albopictus,0,0,1,0.010818499361917474,0
TUR.59.4_1,2043,11,10.675892759771909,70.898538167074,Mugla,Fethiye,0.0915326634823373,0.009111502727464305,30,Mugla,Fethiye,albopictus,0,0,1,1.2076681417653373e-11,0
TUR.59.4_1,2043,12,6.912617907804601,70.31869900859137,Mugla,Fethiye,0.07528705287803193,0.007259366409237744,31,Mugla,Fethiye,albopictus,0,0,1,0,0
TUR.59.4_1,2044,1,8.829285177237846,74.43068356727659,Mugla,Fethiye,0.0769777740042325,0.007421783530909609,31,Mugla,Fethiye,albopictus,0,0,1,0,0
TUR.59.4_1,2044,2,7.562082785017351,68.26276127598352,Mugla,Fethiye,0.059638193948840505,0.006150476246848946,29,Mugla,Fethiye,albopictus,0,0,1,0,0
TUR.59.4_1,2044,3,10.30894984918482,65.94472445698548,Mugla,Fethiye,0.07068634368874342,0.006817270164895528,31,Mugla,Fethiye,albopictus,0,0,1,0,0
TUR.59.4_1,2044,4,13.134579504237456,60.53958715377006,Mugla,Fethiye,0.09346968846139252,0.009303421716337912,30,Mugla,Fethiye,albopictus,0,0,1,9.438093999442932e-4,0
TUR.59.4_1,2044,5,19.849650523241827,40.28138355603333,Mugla,Fethiye,0.13064590952050376,0.012563563652461363,31,Mugla,Fethiye,albopictus,1.4949153026577733e-16,1.4949153026577733e-16,0.9999999999999999,0.05225811412047994,0
TUR.59.4_1,2044,6,21.86180123160867,60.37452367888984,Mugla,Fethiye,0.14694670941690713,0.014587231172474291,30,Mugla,Fethiye,albopictus,1.142914566121811e-7,1.142914566121811e-7,0.9999998857085434,0.1127631816114436,1.679475336580083e-8
TUR.59.4_1,2044,7,26.77246048871209,45.47347697581849,Mugla,Fethiye,0.17256455600989412,0.016561127139451015,31,Mugla,Fethiye,albopictus,7.020008593701065e-5,7.020008593701065e-5,0.99992979991406294,0.139793245579541,1.211397328682029e-5
TUR.59.4_1,2044,8,26.50881565318388,39.714658403881366,Mugla,Fethiye,0.20490953268153952,0.019634634417706853,31,Mugla,Fethiye,albopictus,3.1653660836470367e-6,3.1653660836470367e-6,0.9999968346339163,0.12290253412044548,6.486134745964378e-7
TUR.59.4_1,2044,9,22.905933492323932,47.458678366728215,Mugla,Fethiye,0.1633227925704569,0.016199630716973168,30,Mugla,Fethiye,albopictus,6.357108774257547e-8,6.357108774257547e-8,0.9999999364289123,0.10882353799018332,1.0382607551484568e-8
TUR.59.4_1,2044,10,13.925675953135771,67.8026978262424,Mugla,Fethiye,0.16094779590760422,0.01545492092749956,31,Mugla,Fethiye,albopictus,0,0,1,0.0030170497234043438,0
TUR.59.4_1,2044,11,11.368488241644467,68.41024165828493,Mugla,Fethiye,0.09335770467280793,0.009292327458601757,30,Mugla,Fethiye,albopictus,0,0,1,3.1827371719551566e-6,0
TUR.59.4_1,2044,12,7.6757972100201775,73.37274563945074,Mugla,Fethiye,0.07678817791235437,0.007403571529891906,31,Mugla,Fethiye,albopictus,0,0,1,0,0
TUR.59.4_1,2045,1,6.984763177878716,75.12862820838987,Mugla,Fethiye,0.07334891691221175,0.007073148979069854,31,Mugla,Fethiye,albopictus,0,0,1,0,0
TUR.59.4_1,2045,2,5.804618852979997,66.12143437168665,Mugla,Fethiye,0.05486720957886644,0.0058613842642860625,28,Mugla,Fethiye,albopictus,0,0,1,0,0
TUR.59.4_1,2045,3,7.875767132815192,68.55106295796205,Mugla,Fethiye,0.06735407482383952,0.00649693930295514,31,Mugla,Fethiye,albopictus,0,0,1,0,0
TUR.59.4_1,2045,4,13.06192001174478,70.87041295943412,Mugla,Fethiye,0.08906337577893635,0.00886679363767473,30,Mugla,Fethiye,albopictus,0,0,1,0.0010028545401140874,0
TUR.59.4_1,2045,5,15.761099955614874,70.21596149792786,Mugla,Fethiye,0.12448704949318062,0.011974857636696923,31,Mugla,Fethiye,albopictus,0,0,1,0.014315461770111669,0
TUR.59.4_1,2045,6,21.75160607169656,48.81175665008124,Mugla,Fethiye,0.14001940324944984,0.01390436908494519,30,Mugla,Fethiye,albopictus,6.115713285792524e-10,6.115713285792524e-10,0.9999999993884287,0.09171752507558065,8.563183495624571e-11
TUR.59.4_1,2045,7,27.54051354352166,32.25631007518373,Mugla,Fethiye,0.16442958301270816,0.01578660469222415,31,Mugla,Fethiye,albopictus,4.828809068080364e-8,4.828809068080364e-8,0.9999999517119094,0.10217828981811342,7.939990553929022e-9
TUR.59.4_1,2045,8,24.776458628037396,50.19240346003371,Mugla,Fethiye,0.19524976503415112,0.01871774447354424,31,Mugla,Fethiye,albopictus,5.614305811051912e-5,5.614305811051912e-5,0.9999438569418895,0.14092702218723266,1.0961858822766679e-5
TUR.59.4_1,2045,9,22.4661122490378,47.45827019412079,Mugla,Fethiye,0.15562349128804587,0.01544188150294501,30,Mugla,Fethiye,albopictus,9.495471289366897e-9,9.495471289366897e-9,0.9999999905045287,0.10156237935283706,1.4777183920955395e-9
TUR.59.4_1,2045,10,17.776329601512238,53.63147895417209,Mugla,Fethiye,0.15336045581912225,0.014731744652938805,31,Mugla,Fethiye,albopictus,0,0,1,0.03169380977162421,0
TUR.59.4_1,2045,11,12.345653463812436,70.585305745199,Mugla,Fethiye,0.08895667108773608,0.008856217724977467,30,Mugla,Fethiye,albopictus,0,0,1,2.3785581795954572e-4,0
TUR.59.4_1,2045,12,8.25589345483219,75.75899899638434,Mugla,Fethiye,0.0731682586875496,0.007055789433567328,31,Mugla,Fethiye,albopictus,0,0,1,0,0
TUR.59.4_1,2046,1,6.049396547324517,78.04907651161253,Mugla,Fethiye,0.0760968251150008,0.007337159535607873,31,Mugla,Fethiye,albopictus,0,0,1,0,0
TUR.59.4_1,2046,2,5.665054338819841,69.10923496983118,Mugla,Fethiye,0.0569227280733844,0.0060803034042500315,28,Mugla,Fethiye,albopictus,0,0,1,0,0
TUR.59.4_1,2046,3,8.172232052859137,69.55204714985658,Mugla,Fethiye,0.06987739517390296,0.006739515473576874,31,Mugla,Fethiye,albopictus,0,0,1,0,0
TUR.59.4_1,2046,4,12.728590811000151,60.04276861128959,Mugla,Fethiye,0.09240000283730093,0.009197442659462651,30,Mugla,Fethiye,albopictus,0,0,1,4.4111244435274613e-4,0
TUR.59.4_1,2046,5,16.395729205187628,61.95721821179505,Mugla,Fethiye,0.12915077186078883,0.01242068040584432,31,Mugla,Fethiye,albopictus,0,0,1,0.018594655571878813,0
TUR.59.4_1,2046,6,23.031713569865506,47.11187795745429,Mugla,Fethiye,0.1452650221752111,0.014421501629487743,30,Mugla,Fethiye,albopictus,7.926266861985054e-8,7.926266861985054e-8,0.9999999207373313,0.10959603504868926,1.1514093234410439e-8
TUR.59.4_1,2046,7,27.904883889590995,36.16136988963685,Mugla,Fethiye,0.1705896930588127,0.016373158501234553,31,Mugla,Fethiye,albopictus,3.8309667993136064e-7,3.8309667993136064e-7,0.9999996169033201,0.11117963802765758,6.535234287063929e-8
TUR.59.4_1,2046,8,25.28685177073759,54.01696171809035,Mugla,Fethiye,0.20256450741231227,0.019412127084981967,31,Mugla,Fethiye,albopictus,7.182498436641236e-4,7.182498436641236e-4,0.9992817501563359,0.15717589644642316,1.4548134234382282e-4
TUR.59.4_1,2046,9,20.17871104969698,63.467276694364934,Mugla,Fethiye,0.16145369419027703,0.016015731563563285,30,Mugla,Fethiye,albopictus,1.3095545037256073e-11,1.3095545037256073e-11,0.9999999999869045,0.08055502178705494,2.114308728096148e-12
TUR.59.4_1,2046,10,16.991633976207062,57.93996589264865,Mugla,Fethiye,0.15910587745954283,0.015279409955460399,31,Mugla,Fethiye,albopictus,0,0,1,0.02405790697761933,0
TUR.59.4_1,2046,11,12.077682424994077,67.96096950252321,Mugla,Fethiye,0.09228930061336851,0.009186474194093575,30,Mugla,Fethiye,albopictus,0,0,1,1.0133986577960785e-4,0
TUR.59.4_1,2046,12,7.588391051572912,71.83340848124762,Mugla,Fethiye,0.0759093987983429,0.0073191544232998895,31,Mugla,Fethiye,albopictus,0,0,1,0,0
TUR.59.4_1,2047,1,4.413396629340508,73.33269925331174,Mugla,Fethiye,0.07624269048761627,0.00735117186913814,31,Mugla,Fethiye,albopictus,0,0,1,0,0
TUR.59.4_1,2047,2,5.906412619001726,68.93972508213587,Mugla,Fethiye,0.057031839786365404,0.006091922794973725,28,Mugla,Fethiye,albopictus,0,0,1,0,0
TUR.59.4_1,2047,3,9.101526639040777,71.20331515522767,Mugla,Fethiye,0.07001133889979476,0.006752390326592028,31,Mugla,Fethiye,albopictus,0,0,1,0,0
TUR.59.4_1,2047,4,12.419261778102202,68.02991308150443,Mugla,Fethiye,0.09257711877903918,0.009214991196857869,30,Mugla,Fethiye,albopictus,0,0,1,2.632756598172302e-4,0
TUR.59.4_1,2047,5,17.531878611620733,60.29624561658021,Mugla,Fethiye,0.12939833311492235,0.01244434009419515,31,Mugla,Fethiye,albopictus,0,0,1,0.03144320910691215,0
TUR.59.4_1,2047,6,23.1413498766282,48.45203832732734,Mugla,Fethiye,0.14554347185501784,0.014448944649140594,30,Mugla,Fethiye,albopictus,2.3731499500884155e-7,2.3731499500884155e-7,0.999999762685005,0.11439985232687347,3.453964769750684e-8
TUR.59.4_1,2047,7,28.113059548770682,28.48945292796693,Mugla,Fethiye,0.17091668605891197,0.016404284372481204,31,Mugla,Fethiye,albopictus,2.8842648497340304e-9,2.8842648497340304e-9,0.9999999971157352,0.09056912612356487,4.929689989552344e-10
TUR.59.4_1,2047,8,27.05275333628935,39.02636113215285,Mugla,Fethiye,0.20295279098797672,0.019448972795841124,31,Mugla,Fethiye,albopictus,2.585478247111972e-6,2.585478247111972e-6,0.9999974145217528,0.12085038577984972,5.247298886512652e-7
TUR.59.4_1,2047,9,23.173210256239948,40.74545967776337,Mugla,Fethiye,0.16176317495018547,0.016046183512259615,30,Mugla,Fethiye,albopictus,8.471104232798954e-9,8.471104232798954e-9,0.9999999915288957,0.1000347986938046,1.3703127521580427e-9
TUR.59.4_1,2047,10,16.5243974573472,60.13295142731662,Mugla,Fethiye,0.15941085783245426,0.01530847279619707,31,Mugla,Fethiye,albopictus,0,0,1,0.019495051286655143,0
TUR.59.4_1,2047,11,12.38470451972064,68.01625972469118,Mugla,Fethiye,0.09246620435675132,0.009204001901228165,30,Mugla,Fethiye,albopictus,0,0,1,2.4313588275606793e-4,0
TUR.59.4_1,2047,12,8.60058282403385,75.87556088603277,Mugla,Fethiye,0.07605490490485922,0.007333132498258288,31,Mugla,Fethiye,albopictus,0,0,1,0,0
TUR.59.4_1,2048,1,5.981016191489556,72.7228741190344,Mugla,Fethiye,0.07733848905693108,0.007456431755544113,31,Mugla,Fethiye,albopictus,0,0,1,0,0
TUR.59.4_1,2048,2,3.7903526004622967,69.63572422764368,Mugla,Fethiye,0.059917656359275,0.006179207926378494,29,Mugla,Fethiye,albopictus,0,0,1,0,0
TUR.59.4_1,2048,3,8.286289116915533,63.196082489212046,Mugla,Fethiye,0.07101757732752537,0.006849105996218241,31,Mugla,Fethiye,albopictus,0,0,1,0,0
TUR.59.4_1,2048,4,11.751883352504057,64.64420141158256,Mugla,Fethiye,0.09390768402615407,0.009346812836806384,30,Mugla,Fethiye,albopictus,0,0,1,2.6246914545964172e-5,0
TUR.59.4_1,2048,5,18.200677058276007,61.22893146863099,Mugla,Fethiye,0.13125811150668945,0.012622062940270795,31,Mugla,Fethiye,albopictus,0,0,1,0.04191260859798178,0
TUR.59.4_1,2048,6,26.90164383719949,35.63127950774726,Mugla,Fethiye,0.1476352963592665,0.014655083072895758,30,Mugla,Fethiye,albopictus,3.9946806427776374e-7,3.9946806427776374e-7,0.9999996005319357,0.11256879568468889,5.897558430500993e-8
TUR.59.4_1,2048,7,24.600305108463065,58.755230515857555,Mugla,Fethiye,0.17337318725079745,0.016638082779580787,31,Mugla,Fethiye,albopictus,0.0013039577531547646,0.0013039577531547646,0.9986960422468453,0.16195135605015185,2.2604575951146177e-4
TUR.59.4_1,2048,8,27.76796329722685,42.9257141594966,Mugla,Fethiye,0.2058697313081665,0.019725728134763254,31,Mugla,Fethiye,albopictus,1.758692951511914e-5,1.758692951511914e-5,0.9999824130704849,0.13069669546006432,3.6206098993352143e-6
TUR.59.4_1,2048,9,21.965141408583698,48.2114096899704,Mugla,Fethiye,0.1640881172435982,0.016274920505485513,30,Mugla,Fethiye,albopictus,1.3642629448362697e-9,1.3642629448362697e-9,0.9999999986357371,0.09474883286129755,2.238593754810836e-10
TUR.59.4_1,2048,10,18.44632014106302,54.72395484528537,Mugla,Fethiye,0.1617019914326572,0.015526776965799738,31,Mugla,Fethiye,albopictus,0,0,1,0.04178756227151755,0
TUR.59.4_1,2048,11,12.282538343878354,73.39389186580446,Mugla,Fethiye,0.0937951754856041,0.009335667079678922,30,Mugla,Fethiye,albopictus,0,0,1,2.07235674610409e-4,0
TUR.59.4_1,2048,12,7.481201873106115,73.89532864726324,Mugla,Fethiye,0.07714800452465367,0.007438135051675454,31,Mugla,Fethiye,albopictus,0,0,1,0,0
TUR.59.4_1,2049,1,7.3290982570718315,67.75171323036253,Mugla,Fethiye,0.0853496024261461,0.008225621847460785,31,Mugla,Fethiye,albopictus,0,0,1,0,0
TUR.59.4_1,2049,2,7.229001062757829,72.77744786045618,Mugla,Fethiye,0.06384408551516918,0.006817095194295297,28,Mugla,Fethiye,albopictus,0,0,1,0,0
TUR.59.4_1,2049,3,9.7359622927273,74.70745028706361,Mugla,Fethiye,0.07837393856648096,0.007555884393704693,31,Mugla,Fethiye,albopictus,0,0,1,0,0
TUR.59.4_1,2049,4,15.072541082606596,60.09287847457084,Mugla,Fethiye,0.10363511873748066,0.01030999571589819,30,Mugla,Fethiye,albopictus,0,0,1,0.00777506372244504,0
TUR.59.4_1,2049,5,18.610085627611944,50.01859669079896,Mugla,Fethiye,0.14485449313673524,0.013920379627872292,31,Mugla,Fethiye,albopictus,0,0,1,0.04132257618496511,0
TUR.59.4_1,2049,6,25.119407737956326,36.71237615691718,Mugla,Fethiye,0.16292810994864373,0.01616080105979978,30,Mugla,Fethiye,albopictus,1.7403525813680653e-7,1.7403525813680653e-7,0.9999998259647419,0.11019606428589859,2.8355235270893786e-8
TUR.59.4_1,2049,7,27.479199914371268,35.43307170238099,Mugla,Fethiye,0.19133206225837437,0.018345637918220303,31,Mugla,Fethiye,albopictus,3.280124766488757e-7,3.280124766488757e-7,0.9999996719875234,0.11072547909351234,6.275930164445498e-8
TUR.59.4_1,2049,8,27.05834758982939,50.64273610163527,Mugla,Fethiye,0.227194763344744,0.02174664666036019,31,Mugla,Fethiye,albopictus,9.109272075151223e-4,9.109272075151223e-4,0.9990890727924848,0.15726180372873375,2.0693647702862972e-4
TUR.59.4_1,2049,9,26.570165746352252,36.449164511747746,Mugla,Fethiye,0.18108519755650487,0.017945545733921375,30,Mugla,Fethiye,albopictus,5.837350370471172e-7,5.837350370471172e-7,0.9999994162649629,0.11434578338417849,1.0570576891577588e-7
TUR.59.4_1,2049,10,18.42268046210794,55.91855781159396,Mugla,Fethiye,0.1784519047189287,0.017121275384091583,31,Mugla,Fethiye,albopictus,0,0,1,0.04201228949058054,0
TUR.59.4_1,2049,11,11.00402538916644,70.15643459041384,Mugla,Fethiye,0.103510955991058,0.010297707376706766,30,Mugla,Fethiye,albopictus,0,0,1,7.479260552391012e-8,0
TUR.59.4_1,2049,12,7.51414893655216,71.09673703349371,Mugla,Fethiye,0.08513938653886338,0.008205445506985876,31,Mugla,Fethiye,albopictus,0,0,1,0,0
TUR.59.4_1,2050,1,4.797303470618584,69.91905637001096,Mugla,Fethiye,0.07617241700817344,0.007344421179698024,31,Mugla,Fethiye,albopictus,0,0,1,0,0
TUR.59.4_1,2050,2,6.3621120628188645,74.36320988438196,Mugla,Fethiye,0.05697927309708435,0.00608632494452388,28,Mugla,Fethiye,albopictus,0,0,1,0,0
TUR.59.4_1,2050,3,8.355290314730475,75.96575869770814,Mugla,Fethiye,0.06994680890546384,0.00674618763664836,31,Mugla,Fethiye,albopictus,0,0,1,0,0
TUR.59.4_1,2050,4,14.535745466456694,54.86153615889701,Mugla,Fethiye,0.09249178973028989,0.009206536886556371,30,Mugla,Fethiye,albopictus,0,0,1,0.004587093643991245,0
TUR.59.4_1,2050,5,16.779158732470343,57.1996002613556,Mugla,Fethiye,0.1292790656671981,0.012432941650055818,31,Mugla,Fethiye,albopictus,0,0,1,0.021361754191816334,0
TUR.59.4_1,2050,6,24.72466286490945,45.88288549529609,Mugla,Fethiye,0.14540932330763542,0.014435723536216472,30,Mugla,Fethiye,albopictus,6.366540834795431e-6,6.366540834795431e-6,0.9999936334591653,0.12840214967309702,9.257539660412206e-7
TUR.59.4_1,2050,7,27.085696725284354,37.246571153064586,Mugla,Fethiye,0.17075915082310927,0.016389289001757734,31,Mugla,Fethiye,albopictus,1.026898203854043e-6,1.026898203854043e-6,0.9999989731017962,0.11680344129049543,1.7535224994258414e-7
TUR.59.4_1,2050,8,29.499187357285443,40.10652699518996,Mugla,Fethiye,0.20276572782567037,0.01943122183104551,31,Mugla,Fethiye,albopictus,2.6537936516946025e-7,2.6537936516946025e-7,0.9999997346206349,0.1082537538456129,5.380983869596179e-8
TUR.59.4_1,2050,9,24.940988652846393,38.59725105959931,Mugla,Fethiye,0.16161407657660018,0.016031512811518933,30,Mugla,Fethiye,albopictus,2.9545161431637765e-7,2.9545161431637765e-7,0.9999997045483857,0.1134540935490167,4.774913864302732e-8
TUR.59.4_1,2050,10,14.491386020884795,66.30353705964083,Mugla,Fethiye,0.15926392760780966,0.015294471314656888,31,Mugla,Fethiye,albopictus,0,0,1,0.005227758600403568,0
TUR.59.4_1,2050,11,10.609692503424252,73.44471126277712,Mugla,Fethiye,0.09238097753868571,0.009195557626217266,30,Mugla,Fethiye,albopictus,0,0,1,1.5497337528734964e-13,0
TUR.59.4_1,2050,12,8.665636287016028,63.38959897197027,Mugla,Fethiye,0.07598480450884516,0.0073263983134301824,31,Mugla,Fethiye,albopictus,0,0,1,0,0
TUR.59.4_1,2051,1,5.782531770713189,73.16727872108518,Mugla,Fethiye,0.07730448991608081,0.007453166044180337,31,Mugla,Fethiye,albopictus,0,0,1,0,0
TUR.59.4_1,2051,2,4.5975551780532395,67.12898747227258,Mugla,Fethiye,0.057826097891662466,0.00617649986187585,28,Mugla,Fethiye,albopictus,0,0,1,0,0
TUR.59.4_1,2051,3,9.751463315066168,66.51846255513001,Mugla,Fethiye,0.07098635695273078,0.006846105358478294,31,Mugla,Fethiye,albopictus,0,0,1,0,0
TUR.59.4_1,2051,4,14.64262183974771,55.35297216353568,Mugla,Fethiye,0.09386640082273155,0.009342723094659777,30,Mugla,Fethiye,albopictus,0,0,1,0.005093921115563234,0
TUR.59.4_1,2051,5,16.069379946764776,66.87277607312318,Mugla,Fethiye,0.13120040850427403,0.012616549246990294,31,Mugla,Fethiye,albopictus,0,0,1,0.01644104440730425,0
TUR.59.4_1,2051,6,21.769004905925076,60.40492681609687,Mugla,Fethiye,0.14757039370475902,0.014648687902071189,30,Mugla,Fethiye,albopictus,7.88417480515058e-8,7.88417480515058e-8,0.999999921158252,0.11113148087416641,1.1634707752783413e-8
TUR.59.4_1,2051,7,27.358769921695487,37.321175187488414,Mugla,Fethiye,0.17329696983971432,0.016630829594816432,31,Mugla,Fethiye,albopictus,9.610733572852915e-7,9.610733572852915e-7,0.9999990389266428,0.11620087363403285,1.665510866999398e-7
TUR.59.4_1,2051,8,26.24938953624052,42.27876057673293,Mugla,Fethiye,0.20577922793685802,0.019717142472028493,31,Mugla,Fethiye,albopictus,9.663560137893102e-6,9.663560137893102e-6,0.9999903364398621,0.1294029692128349,1.9885579670697595e-6
TUR.59.4_1,2051,9,20.30369197621065,59.90029061038056,Mugla,Fethiye,0.1640159816862832,0.016267824324205815,30,Mugla,Fethiye,albopictus,8.28877549929885e-12,8.28877549929885e-12,0.9999999999917112,0.07910105864417544,1.3594680936535042e-12
TUR.59.4_1,2051,10,18.65978869269876,49.09153525910373,Mugla,Fethiye,0.16163090485145387,0.01552000441001622,31,Mugla,Fethiye,albopictus,0,0,1,0.04157198455826554,0
TUR.59.4_1,2051,11,12.086966444464291,56.32409816463259,Mugla,Fethiye,0.09375394174259595,0.009331582191406063,30,Mugla,Fethiye,albopictus,0,0,1,7.961740910221099e-5,0
TUR.59.4_1,2051,12,9.745986686033362,67.17877591288824,Mugla,Fethiye,0.07711408912361421,0.007434877323712619,31,Mugla,Fethiye,albopictus,0,0,1,0,0
TUR.59.4_1,2052,1,6.587178739554742,70.25865597938596,Mugla,Fethiye,0.07673528278332155,0.007398490531452473,31,Mugla,Fethiye,albopictus,0,0,1,0,0
TUR.59.4_1,2052,2,7.518422144300798,70.15630833408899,Mugla,Fethiye,0.0594503249353408,0.006131160866438279,29,Mugla,Fethiye,albopictus,0,0,1,0,0
TUR.59.4_1,2052,3,11.170873066958258,62.7038110658722,Mugla,Fethiye,0.07046367139138819,0.006795867907187558,31,Mugla,Fethiye,albopictus,0,0,1,4.2051880883276984e-7,0
TUR.59.4_1,2052,4,15.131573522792143,52.348688258506385,Mugla,Fethiye,0.09317524530339832,0.009274250903970382,30,Mugla,Fethiye,albopictus,0,0,1,0.00716086000746309,0
TUR.59.4_1,2052,5,18.915915629443,51.76517109265443,Mugla,Fethiye,0.1302343558413222,0.012524235472676448,31,Mugla,Fethiye,albopictus,3.1641356201816963e-18,3.1641356201816963e-18,1,0.0470817369263804,0
TUR.59.4_1,2052,6,23.12932404349832,48.71588186370429,Mugla,Fethiye,0.14648380583939666,0.014541615007086617,30,Mugla,Fethiye,albopictus,2.3893929899670985e-7,2.3893929899670985e-7,0.999999761060701,0.11452178936891429,3.5000737308443775e-8
TUR.59.4_1,2052,7,28.33572724286248,34.571907609363414,Mugla,Fethiye,0.17202095247739274,0.016509390212933184,31,Mugla,Fethiye,albopictus,7.570796362366128e-8,7.570796362366128e-8,0.9999999242920363,0.1036836739482748,1.3023355949215443e-8
TUR.59.4_1,2052,8,27.26769245372099,38.89683308649855,Mugla,Fethiye,0.20426403775265908,0.01957339177535511,31,Mugla,Fethiye,albopictus,2.395236000615808e-6,2.395236000615808e-6,0.9999976047639993,0.12047418550760267,4.892604571482551e-7
TUR.59.4_1,2052,9,22.805259816786823,51.15147698123017,Mugla,Fethiye,0.16280830194137197,0.01614901380779943,30,Mugla,Fethiye,albopictus,1.8927172591254315e-7,1.8927172591254315e-7,0.999999810728274,0.11373287726245668,3.081500787871505e-8
TUR.59.4_1,2052,10,16.81555613349466,62.45365302643771,Mugla,Fethiye,0.16044078686457297,0.015406612652858254,31,Mugla,Fethiye,albopictus,0,0,1,0.023404394622477922,0
TUR.59.4_1,2052,11,10.504573751898374,65.8117003985193,Mugla,Fethiye,0.09306361428008875,0.009263191269321513,30,Mugla,Fethiye,albopictus,0,0,1,6.188925427934929e-20,0
TUR.59.4_1,2052,12,5.287298903745763,72.70220578349371,Mugla,Fethiye,0.07654628394679922,0.007380335475382416,31,Mugla,Fethiye,albopictus,0,0,1,0,0
TUR.59.4_1,2053,1,0.9914053406785515,65.44942136024534,Mugla,Fethiye,0.07685042583144087,0.007409550904994844,31,Mugla,Fethiye,albopictus,0,0,1,0,0
TUR.59.4_1,2053,2,5.2389288123916185,73.80047337315149,Mugla,Fethiye,0.05748644421519451,0.006140332510333191,28,Mugla,Fethiye,albopictus,0,0,1,0,0
TUR.59.4_1,2053,3,10.843670270022223,64.10697879048158,Mugla,Fethiye,0.07056940374307044,0.006806030481832259,31,Mugla,Fethiye,albopictus,0,0,1,2.272401437200006e-9,0
TUR.59.4_1,2053,4,14.943238104090971,49.653585566855995,Mugla,Fethiye,0.09331505689155385,0.0092881023011816,30,Mugla,Fethiye,albopictus,0,0,1,0.00602159296968317,0
TUR.59.4_1,2053,5,18.355658671435187,53.36270527234193,Mugla,Fethiye,0.13042977547304196,0.012542910020309717,31,Mugla,Fethiye,albopictus,0,0,1,0.039647631719617285,0
TUR.59.4_1,2053,6,24.72177323173074,34.59429220305976,Mugla,Fethiye,0.1467036081427529,0.01456327537132418,30,Mugla,Fethiye,albopictus,2.7842647424614063e-8,2.7842647424614063e-8,0.9999999721573526,0.10332744371167245,4.08461686696171e-9
TUR.59.4_1,2053,7,28.627704171573416,30.89709910716615,Mugla,Fethiye,0.1722790738537688,0.016533956998020183,31,Mugla,Fethiye,albopictus,5.964606141162232e-9,5.964606141162232e-9,0.9999999940353939,0.09238906028897897,1.0275768014267328e-9
TUR.59.4_1,2053,8,27.570051081040326,42.862538958080584,Mugla,Fethiye,0.20457054061646443,0.01960247233404977,31,Mugla,Fethiye,albopictus,1.734283197837505e-5,1.734283197837505e-5,0.9999826571680216,0.13089833271799228,3.547826220140493e-6
TUR.59.4_1,2053,9,23.382207982680377,51.60639488894501,Mugla,Fethiye,0.1630525995247613,0.016173048756048414,30,Mugla,Fethiye,albopictus,2.1970265078938845e-6,2.1970265078938845e-6,0.9999978029734921,0.12479719162988202,3.582308191196759e-7
TUR.59.4_1,2053,10,17.46587809394388,62.319329906320526,Mugla,Fethiye,0.1606815319374023,0.015429551354039894,31,Mugla,Fethiye,albopictus,0,0,1,0.03145811370488872,0
TUR.59.4_1,2053,11,11.77038281104144,74.04146724422243,Mugla,Fethiye,0.09320325836333881,0.009277026226062524,30,Mugla,Fethiye,albopictus,0,0,1,3.668721212374579e-5,0
TUR.59.4_1,2053,12,7.99194549111759,71.88393796122809,Mugla,Fethiye,0.07666114339783857,0.007391368809200105,31,Mugla,Fethiye,albopictus,0,0,1,0,0
TUR.59.4_1,2054,1,6.416308912284234,78.33640713905393,Mugla,Fethiye,0.07328014992047757,0.00706654115780303,31,Mugla,Fethiye,albopictus,0,0,1,0,0
TUR.59.4_1,2054,2,8.143553274519304,72.70501438877649,Mugla,Fethiye,0.05481576978798168,0.005855905147490459,28,Mugla,Fethiye,albopictus,0,0,1,0,0
TUR.59.4_1,2054,3,8.799631020602057,73.1983179018097,Mugla,Fethiye,0.06729092819125573,0.006490868022525964,31,Mugla,Fethiye,albopictus,0,0,1,0,0
TUR.59.4_1,2054,4,10.868581617579741,74.2454816239849,Mugla,Fethiye,0.08897987597166124,0.008858517659951048,30,Mugla,Fethiye,albopictus,0,0,1,7.891535502919863e-9,0
TUR.59.4_1,2054,5,14.782612940844366,68.17071155896302,Mugla,Fethiye,0.12437033884135523,0.011963698245445964,31,Mugla,Fethiye,albopictus,0,0,1,0.006869107815783105,0
TUR.59.4_1,2054,6,23.250339592204373,43.728981534114446,Mugla,Fethiye,0.1398881305115387,0.013891424252648887,30,Mugla,Fethiye,albopictus,4.168122499320637e-8,4.168122499320637e-8,0.999999958318775,0.10642978653752821,5.830708582621469e-9
TUR.59.4_1,2054,7,29.367803124820487,28.063309281726696,Mugla,Fethiye,0.16427542493850752,0.015771921572219516,31,Mugla,Fethiye,albopictus,1.6040282302398624e-10,1.6040282302398624e-10,0.9999999998395972,0.07888135848587846,2.635025531105839e-11
TUR.59.4_1,2054,8,28.136917002060834,41.9545341973384,Mugla,Fethiye,0.1950667120383683,0.01870036109474249,31,Mugla,Fethiye,albopictus,8.21403915571295e-6,8.21403915571295e-6,0.9999917859608443,0.12634428133293824,1.6022843269958287e-6
TUR.59.4_1,2054,9,20.987659566542682,50.709193350859074,Mugla,Fethiye,0.15547758921082966,0.015427516490688076,30,Mugla,Fethiye,albopictus,1.7910405825105614e-11,1.7910405825105614e-11,0.9999999999820895,0.08096933588643765,2.7846613903648176e-12
TUR.59.4_1,2054,10,15.452691639170927,57.192620921945526,Mugla,Fethiye,0.15321667541115405,0.014718035305460342,31,Mugla,Fethiye,albopictus,0,0,1,0.009720608095094863,0
TUR.59.4_1,2054,11,12.642709661932553,71.33879237849978,Mugla,Fethiye,0.08887327131957438,0.00884795157434215,30,Mugla,Fethiye,albopictus,0,0,1,4.779626465441346e-4,0
TUR.59.4_1,2054,12,6.910819754881017,66.28182614482184,Mugla,Fethiye,0.07309966106876822,0.007049197772162841,31,Mugla,Fethiye,albopictus,0,0,1,0,0
TUR.59.4_1,2055,1,7.252665075309136,78.56332059120237,Mugla,Fethiye,0.07892463683877861,0.00760877368693047,31,Mugla,Fethiye,albopictus,0,0,1,0,0
TUR.59.4_1,2055,2,7.595098513014177,68.9691287686593,Mugla,Fethiye,0.05903801681968983,0.006305537931597716,28,Mugla,Fethiye,albopictus,0,0,1,0,0
TUR.59.4_1,2055,3,8.491887471255133,65.72765292378236,Mugla,Fethiye,0.07247408849193819,0.00698908342428195,31,Mugla,Fethiye,albopictus,0,0,1,0,0
TUR.59.4_1,2055,4,15.455587232814116,51.52386297164115,Mugla,Fethiye,0.09583365215060081,0.009537591110658772,30,Mugla,Fethiye,albopictus,0,0,1,0.008996905026274942,0
TUR.59.4_1,2055,5,17.44562353807337,65.48604206433411,Mugla,Fethiye,0.13395010568649002,0.0128792567592384,31,Mugla,Fethiye,albopictus,0,0,1,0.03257177474658414,0
TUR.59.4_1,2055,6,23.505374992594998,34.82572988616523,Mugla,Fethiye,0.15066317291462913,0.01495338818635461,30,Mugla,Fethiye,albopictus,1.584617967065327e-9,1.584617967065327e-9,0.999999998415382,0.09322313995102223,2.3874358046072075e-10
TUR.59.4_1,2055,7,25.85644486371209,44.67548808421693,Mugla,Fethiye,0.17692892644021005,0.016976403132723195,31,Mugla,Fethiye,albopictus,2.518140680668457e-5,2.518140680668457e-5,0.9999748185931934,0.13498456828611374,4.455309347672909e-6
TUR.59.4_1,2055,8,27.85936153636259,37.527883196361834,Mugla,Fethiye,0.2100919474601218,0.02012618791468912,31,Mugla,Fethiye,albopictus,7.674107201542935e-7,7.674107201542935e-7,0.9999992325892798,0.11468725331760461,1.6122679968866294e-7
TUR.59.4_1,2055,9,23.85705768360811,48.4520102759079,Mugla,Fethiye,0.16745342740632815,0.01660591880749973,30,Mugla,Fethiye,albopictus,2.35333208517019e-6,2.35333208517019e-6,0.9999976466679148,0.12422990702838503,3.940734458751649e-7
TUR.59.4_1,2055,10,18.62809809516458,56.35782020173068,Mugla,Fethiye,0.16501836414899554,0.01584268241212705,31,Mugla,Fethiye,albopictus,7.771561172376096e-19,7.771561172376096e-19,1,0.04581827274831956,0
TUR.59.4_1,2055,11,12.363002706976499,70.04811244685915,Mugla,Fethiye,0.09571883615390309,0.009526218952506715,30,Mugla,Fethiye,albopictus,0,0,1,2.4040506053716018e-4,0
TUR.59.4_1,2055,12,7.567938075346105,72.71945584452887,Mugla,Fethiye,0.07873024562792456,0.00759010459531706,31,Mugla,Fethiye,albopictus,0,0,1,0,0
TUR.59.4_1,2056,1,8.20703080559478,73.97860379432737,Mugla,Fethiye,0.077670925636332,0.00748836264082231,31,Mugla,Fethiye,albopictus,0,0,1,0,0
TUR.59.4_1,2056,2,7.155857103712419,66.55287663242883,Mugla,Fethiye,0.06017521014612405,0.006205686433131574,29,Mugla,Fethiye,albopictus,0,0,1,0,0
TUR.59.4_1,2056,3,10.790180584963629,62.90087069721986,Mugla,Fethiye,0.07132284370616801,0.006878445134803068,31,Mugla,Fethiye,albopictus,0,0,1,5.098377265181787e-10,0
TUR.59.4_1,2056,4,13.238864744410796,62.25494207320365,Mugla,Fethiye,0.09431134266543957,0.009386800601484002,30,Mugla,Fethiye,albopictus,0,0,1,0.0011347316774149635,0
TUR.59.4_1,2056,5,19.05098070817835,50.27506260266419,Mugla,Fethiye,0.1318223195503168,0.012675973072443614,31,Mugla,Fethiye,albopictus,7.327471962526034e-18,7.327471962526034e-18,1,0.04790645281938258,0
TUR.59.4_1,2056,6,24.948289955363553,34.602867642512884,Mugla,Fethiye,0.14826990111453117,0.014717611545817189,30,Mugla,Fethiye,albopictus,5.0020989792010086e-8,5.0020989792010086e-8,0.9999999499790102,0.10533213740301303,7.416607217258786e-9
TUR.59.4_1,2056,7,26.372327355777518,42.84811076488099,Mugla,Fethiye,0.17411842535969121,0.0167090001037824,31,Mugla,Fethiye,albopictus,1.4748066474178979e-5,1.4748066474178979e-5,0.9999852519335258,0.13151998068300888,2.567906814521237e-6
TUR.59.4_1,2056,8,27.506059534409466,46.45031895685988,Mugla,Fethiye,0.20675465458650844,0.019809673010190654,31,Mugla,Fethiye,albopictus,1.1994579137928218e-4,1.1994579137928218e-4,0.9998800542086207,0.14207124588021916,2.479904316432524e-5
TUR.59.4_1,2056,9,22.514673345229205,45.150565268583684,Mugla,Fethiye,0.1647934438291311,0.016344302803740107,30,Mugla,Fethiye,albopictus,4.605091141807183e-9,4.605091141807183e-9,0.9999999953949088,0.0984269195110227,7.588888406573346e-10
TUR.59.4_1,2056,10,17.07783182929544,60.88309638581271,Mugla,Fethiye,0.16239706134635332,0.015592995163036028,31,Mugla,Fethiye,albopictus,0,0,1,0.025961776520420102,0
TUR.59.4_1,2056,11,9.123927999945249,67.49554591853884,Mugla,Fethiye,0.09419835051116981,0.009375607386302054,30,Mugla,Fethiye,albopictus,0,0,1,0,0
TUR.59.4_1,2056,12,7.242905841154211,61.53240597880621,Mugla,Fethiye,0.07747962231347422,0.007469987879683004,31,Mugla,Fethiye,albopictus,0,0,1,0,0
TUR.59.4_1,2057,1,5.8251638736794975,74.06081052040159,Mugla,Fethiye,0.07948060709486197,0.007662166444514562,31,Mugla,Fethiye,albopictus,0,0,1,0,0
TUR.59.4_1,2057,2,8.533100145704607,65.70253483555383,Mugla,Fethiye,0.05945389939634262,0.006349814825122091,28,Mugla,Fethiye,albopictus,0,0,1,0,0
TUR.59.4_1,2057,3,9.111905953463385,63.55119265766908,Mugla,Fethiye,0.07298461903287155,0.007038143089803883,31,Mugla,Fethiye,albopictus,0,0,1,0,0
TUR.59.4_1,2057,4,16.685016477809235,44.96802343306693,Mugla,Fethiye,0.09650873489106893,0.009604453261491508,30,Mugla,Fethiye,albopictus,0,0,1,0.017034879514857264,0
TUR.59.4_1,2057,5,16.904667994555304,65.84566120495911,Mugla,Fethiye,0.1348936928544999,0.012969391463203861,31,Mugla,Fethiye,albopictus,0,0,1,0.025604286590700246,0
TUR.59.4_1,2057,6,24.027622307048123,44.95297674285468,Mugla,Fethiye,0.15172449224637072,0.015057927539953053,30,Mugla,Fethiye,albopictus,7.721017734467761e-7,7.721017734467761e-7,0.9999992278982266,0.11900889770088396,1.171467426397399e-7
TUR.59.4_1,2057,7,28.54199936810662,33.49911174144349,Mugla,Fethiye,0.17817527009767226,0.0170949622947435,31,Mugla,Fethiye,albopictus,3.260820277606324e-8,3.260820277606324e-8,0.9999999673917972,0.09911494208194123,5.8099752786588965e-9
TUR.59.4_1,2057,8,27.94047535167021,37.570302629955584,Mugla,Fethiye,0.21157190199027767,0.020266516770611864,31,Mugla,Fethiye,albopictus,7.858304887174983e-7,7.858304887174983e-7,0.9999992141695113,0.11439211257670714,1.6625963727978643e-7
TUR.59.4_1,2057,9,22.67291270985323,46.26325524050751,Mugla,Fethiye,0.1686330226334473,0.016721912662530536,30,Mugla,Fethiye,albopictus,1.4143377440323234e-8,1.4143377440323234e-8,0.9999999858566225,0.10301816264381534,2.3850404984315787e-9
TUR.59.4_1,2057,10,15.156136120066924,63.14688270173068,Mugla,Fethiye,0.16618080601568141,0.01595338834666482,31,Mugla,Fethiye,albopictus,0,0,1,0.00861932627862688,0
TUR.59.4_1,2057,11,9.026016165228452,63.39511256892946,Mugla,Fethiye,0.09639311009395547,0.009593001766872389,30,Mugla,Fethiye,albopictus,0,0,1,0,0
TUR.59.4_1,2057,12,7.584950671476476,73.33682644999762,Mugla,Fethiye,0.07928484653046246,0.00764336685214595,31,Mugla,Fethiye,albopictus,0,0,1,0,0
TUR.59.4_1,2058,1,6.282465490348199,75.26981015419065,Mugla,Fethiye,0.08160734512824341,0.007866381810531675,31,Mugla,Fethiye,albopictus,0,0,1,0,0
TUR.59.4_1,2058,2,6.977741735823015,70.66779820225305,Mugla,Fethiye,0.06104476380592272,0.006519167825391081,28,Mugla,Fethiye,albopictus,0,0,1,0,0
TUR.59.4_1,2058,3,10.664144894656012,69.2099145814972,Mugla,Fethiye,0.07493753774880191,0.007225787337721168,31,Mugla,Fethiye,albopictus,0,0,1,4.911590424082608e-12,0
TUR.59.4_1,2058,4,12.981674993739409,63.973661555625526,Mugla,Fethiye,0.09909111070006839,0.009860177591378028,30,Mugla,Fethiye,albopictus,0,0,1,7.814045442272774e-4,0
TUR.59.4_1,2058,5,21.020745417651007,51.87030796399232,Mugla,Fethiye,0.1385031714121377,0.013314105366007745,31,Mugla,Fethiye,albopictus,3.490198419164869e-11,3.490198419164869e-11,0.999999999965098,0.08305715439163851,4.834022071520394e-12
TUR.59.4_1,2058,6,23.23151215384988,54.14372686492499,Mugla,Fethiye,0.15578432847624143,0.015457716731539395,30,Mugla,Fethiye,albopictus,3.593338319040573e-6,3.593338319040573e-6,0.999996406661681,0.12716418254983922,5.597856402861368e-7
TUR.59.4_1,2058,7,27.33502343121697,40.044544785877086,Mugla,Fethiye,0.1829428748930466,0.017548351510654925,31,Mugla,Fethiye,albopictus,4.4084737230253855e-6,4.4084737230253855e-6,0.9999955915262769,0.12364864431648936,8.064985315137108e-7
TUR.59.4_1,2058,8,28.963460810044232,39.82037510920363,Mugla,Fethiye,0.21723313215955076,0.020803127513445485,31,Mugla,Fethiye,albopictus,7.086904254615667e-7,7.086904254615667e-7,0.9999992913095745,0.1135244615382149,1.5395102903603686e-7
TUR.59.4_1,2058,9,23.0415459801169,43.49164879519501,Mugla,Fethiye,0.17314529645755863,0.01716549457438321,30,Mugla,Fethiye,albopictus,1.667014398126776e-8,1.667014398126776e-8,0.9999999833298561,0.10290771449181522,2.8863570422643647e-9
TUR.59.4_1,2058,10,16.674926365123078,66.64617316803927,Mugla,Fethiye,0.17062746355252828,0.01637675385641546,31,Mugla,Fethiye,albopictus,0,0,1,0.022944079470438312,0
TUR.59.4_1,2058,11,11.272859503241147,70.94771724422243,Mugla,Fethiye,0.09897239202052735,0.009848422712374294,30,Mugla,Fethiye,albopictus,0,0,1,1.6727828749809358e-6,0
TUR.59.4_1,2058,12,6.421194300932043,70.47575772441168,Mugla,Fethiye,0.08140634641263994,0.007847083147067835,31,Mugla,Fethiye,albopictus,0,0,1,0,0
TUR.59.4_1,2059,1,6.096540006644585,75.78453488563596,Mugla,Fethiye,0.07717267413830788,0.007440504673143944,31,Mugla,Fethiye,albopictus,0,0,1,0,0
TUR.59.4_1,2059,2,5.953012483961443,68.13110844395227,Mugla,Fethiye,0.05772749570080088,0.0061660005377254246,28,Mugla,Fethiye,albopictus,0,0,1,0,0
TUR.59.4_1,2059,3,8.573307416018316,69.89361514302064,Mugla,Fethiye,0.07086531454157007,0.006834471702400036,31,Mugla,Fethiye,albopictus,0,0,1,0,0
TUR.59.4_1,2059,4,13.149198377833647,58.99883855757865,Mugla,Fethiye,0.09370634449683603,0.00932686687136941,30,Mugla,Fethiye,albopictus,0,0,1,9.310175057282058e-4,0
TUR.59.4_1,2059,5,19.286021372851202,56.42521290173646,Mugla,Fethiye,0.13097669208224094,0.01259517218725148,31,Mugla,Fethiye,albopictus,8.779088567223425e-16,8.779088567223425e-16,0.9999999999999991,0.056332356991599906,1.1102230246251565e-16
TUR.59.4_1,2059,6,22.662506187663357,49.25618414031562,Mugla,Fethiye,0.14731876399678775,0.0146238932238274,30,Mugla,Fethiye,albopictus,5.007879645840818e-8,5.007879645840818e-8,0.9999999499212036,0.10798072988421734,7.377546351605702e-9
TUR.59.4_1,2059,7,28.440700082217948,36.5645185407599,Mugla,Fethiye,0.17300147245153008,0.016602708255169962,31,Mugla,Fethiye,albopictus,2.388573963938989e-7,2.388573963938989e-7,0.9999997611426036,0.10885869795734027,4.1322680388589106e-8
TUR.59.4_1,2059,8,29.17346180186552,41.55811467219191,Mugla,Fethiye,0.2054283434150216,0.019683854866698103,31,Mugla,Fethiye,albopictus,1.272131977104185e-6,1.272131977104185e-6,0.9999987278680229,0.11557486167380024,2.613319305400097e-7
TUR.59.4_1,2059,9,22.932642095229205,53.48104012209931,Mugla,Fethiye,0.16373630977826548,0.0162403117140274,30,Mugla,Fethiye,albopictus,9.16204879527538e-7,9.16204879527538e-7,0.9999990837951205,0.12090170694681586,1.5001599473762894e-7
TUR.59.4_1,2059,10,19.16769465278177,43.45337455353732,Mugla,Fethiye,0.16135529985802766,0.015493746549910203,31,Mugla,Fethiye,albopictus,5.551115123125783e-19,5.551115123125783e-19,1,0.04504953110639624,0
TUR.59.4_1,2059,11,10.786033560247983,67.61571651180056,Mugla,Fethiye,0.09359407717633991,0.009315744787122826,30,Mugla,Fethiye,albopictus,0,0,1,5.997444978496834e-10,0
TUR.59.4_1,2059,12,7.157981620115392,70.44880307353277,Mugla,Fethiye,0.07698259800781854,0.007422246905079755,31,Mugla,Fethiye,albopictus,0,0,1,0,0
TUR.59.4_1,2060,1,6.148445638663628,72.77631039833128,Mugla,Fethiye,0.08862077774308774,0.008539533564419055,31,Mugla,Fethiye,albopictus,0,0,1,0,0
TUR.59.4_1,2060,2,3.4381280120681317,70.80495182774133,Mugla,Fethiye,0.06865856020529715,0.007077445756049405,29,Mugla,Fethiye,albopictus,0,0,1,0,0
TUR.59.4_1,2060,3,13.366235158022711,54.64394702168275,Mugla,Fethiye,0.08137775915899066,0.00784433834387499,31,Mugla,Fethiye,albopictus,0,0,1,0.0012050433233357345,0
TUR.59.4_1,2060,4,17.347222173915192,42.71075262007865,Mugla,Fethiye,0.10760711898992131,0.010703022550282104,30,Mugla,Fethiye,albopictus,0,0,1,0.022752012879646604,0
TUR.59.4_1,2060,5,19.452023646410773,50.68558887829896,Mugla,Fethiye,0.15040629922636525,0.014450029865151093,31,Mugla,Fethiye,albopictus,3.7414515929867777e-16,3.7414515929867777e-16,0.9999999999999997,0.05436347836209347,1.1102230246251565e-16
TUR.59.4_1,2060,6,25.888492668376248,21.76567892180976,Mugla,Fethiye,0.16917261954857,0.016774968613339825,30,Mugla,Fethiye,albopictus,1.8793671707761918e-10,1.8793671707761918e-10,0.9999999998120633,0.08289076696360116,3.1793789823097995e-11
TUR.59.4_1,2060,7,26.954484490787284,41.30188044871888,Mugla,Fethiye,0.19866520385022557,0.01904203050757547,31,Mugla,Fethiye,albopictus,8.593284041089943e-6,8.593284041089943e-6,0.9999914067159589,0.12787083542705735,1.7071850685335122e-6
TUR.59.4_1,2060,8,29.158210642197552,43.06723942805129,Mugla,Fethiye,0.2359024067416165,0.02257064923666885,31,Mugla,Fethiye,albopictus,3.113182159592942e-6,3.113182159592942e-6,0.9999968868178404,0.1205812097929482,7.344068944092896e-7
TUR.59.4_1,2060,9,24.338071935317096,47.07661736208954,Mugla,Fethiye,0.1880256098334445,0.01862689554324337,30,Mugla,Fethiye,albopictus,4.786192376642739e-6,4.786192376642739e-6,0.9999952138076234,0.12748452581334743,8.999263354514397e-7
TUR.59.4_1,2060,10,18.142122829661652,63.69364326081271,Mugla,Fethiye,0.18529139136425787,0.017771613610786052,31,Mugla,Fethiye,albopictus,0,0,1,0.042374439092754373,0
TUR.59.4_1,2060,11,12.907239843817319,66.620461995199,Mugla,Fethiye,0.10747819748540448,0.010690268302592787,30,Mugla,Fethiye,albopictus,0,0,1,7.200816775183976e-4,0
TUR.59.4_1,2060,12,7.3298642495099235,68.00037778056402,Mugla,Fethiye,0.08840250495803209,0.008518590552523686,31,Mugla,Fethiye,albopictus,0,0,1,0,0
TUR.59.4_1,2061,1,6.480030092246392,70.19977994178831,Mugla,Fethiye,0.08013160804894742,0.0077246818503931,31,Mugla,Fethiye,albopictus,0,0,1,0,0
TUR.59.4_1,2061,2,6.344780939466814,69.34258000156946,Mugla,Fethiye,0.05994086781097644,0.006401657357167911,28,Mugla,Fethiye,albopictus,0,0,1,0,0
TUR.59.4_1,2061,3,8.908587834414313,72.61589755268861,Mugla,Fethiye,0.07358241336737197,0.007095585328798837,31,Mugla,Fethiye,albopictus,0,0,1,0,0
TUR.59.4_1,2061,4,10.85868629287271,69.55319036421928,Mugla,Fethiye,0.09729920794843598,0.009682738266924673,30,Mugla,Fethiye,albopictus,0,0,1,4.547798925553522e-9,0
TUR.59.4_1,2061,5,20.25193514543421,55.667961162234505,Mugla,Fethiye,0.13599856517440528,0.01307492222109674,31,Mugla,Fethiye,albopictus,1.1358832763264104e-12,1.1358832763264104e-12,0.9999999999988641,0.07346213885817597,1.5443202272535927e-13
TUR.59.4_1,2061,6,24.727888191447537,40.03389410125312,Mugla,Fethiye,0.15296722041391764,0.015180321460361745,30,Mugla,Fethiye,albopictus,4.272586815668444e-7,4.272586815668444e-7,0.9999995727413185,0.11530505024644037,6.535657082196167e-8
TUR.59.4_1,2061,7,27.079432992374198,40.83520182933412,Mugla,Fethiye,0.17963464836701,0.017233768323635212,31,Mugla,Fethiye,albopictus,6.210906965895658e-6,6.210906965895658e-6,0.9999937890930342,0.1261196192382694,1.115693466502421e-6
TUR.59.4_1,2061,8,28.286250955918256,45.668359423168475,Mugla,Fethiye,0.21330482169343182,0.020430806167655358,31,Mugla,Fethiye,albopictus,5.254109711161719e-5,5.254109711161719e-5,0.9999474589028884,0.13648589613642423,1.120720654979035e-5
TUR.59.4_1,2061,9,22.13006603016573,59.34582817751923,Mugla,Fethiye,0.1700142433190626,0.016857715687011554,30,Mugla,Fethiye,albopictus,2.949710398104655e-7,2.949710398104655e-7,0.9999997050289602,0.11654671028896187,5.0149276842326174e-8
TUR.59.4_1,2061,10,16.573290432200714,57.324815440988495,Mugla,Fethiye,0.1675419413570078,0.016083001160381527,31,Mugla,Fethiye,albopictus,0,0,1,0.019277948373745447,0
TUR.59.4_1,2061,11,11.087198187323178,66.317727620199,Mugla,Fethiye,0.09718263610453981,0.00967119388871307,30,Mugla,Fethiye,albopictus,0,0,1,1.949370612760271e-7,0
TUR.59.4_1,2061,12,9.633428321165198,76.14799130595465,Mugla,Fethiye,0.07993424407059757,0.007705729468974298,31,Mugla,Fethiye,albopictus,0,0,1,0,0
TUR.59.4_1,2062,1,7.658654722220757,75.7563213846594,Mugla,Fethiye,0.08368050937859049,0.008065412419918205,31,Mugla,Fethiye,albopictus,0,0,1,0,0
TUR.59.4_1,2062,2,4.111457365400652,67.64053074619837,Mugla,Fethiye,0.06259555340451144,0.006684226941613525,28,Mugla,Fethiye,albopictus,0,0,1,0,0
TUR.59.4_1,2062,3,9.772442242678473,67.23125399800111,Mugla,Fethiye,0.07684126129262889,0.00740867058521455,31,Mugla,Fethiye,albopictus,0,0,1,0,0
TUR.59.4_1,2062,4,14.025221670375151,63.91057409224662,Mugla,Fethiye,0.10160843494223967,0.010109396519628278,30,Mugla,Fethiye,albopictus,0,0,1,0.0031935329003566965,0
TUR.59.4_1,2062,5,19.441222331103155,58.798854869509896,Mugla,Fethiye,0.14202172508007171,0.013650019844094752,31,Mugla,Fethiye,albopictus,7.704892279747355e-15,7.704892279747355e-15,0.9999999999999923,0.06134510267699632,1.1102230246251565e-15
TUR.59.4_1,2062,6,25.364381874308865,36.85786489593085,Mugla,Fethiye,0.1597418950415272,0.01584727880280079,30,Mugla,Fethiye,albopictus,2.466414704044295e-7,2.466414704044295e-7,0.9999997533585296,0.1121238453934729,3.939897508242751e-8
TUR.59.4_1,2062,7,27.32395508710076,45.287037461658336,Mugla,Fethiye,0.1875903809170199,0.01799011828363528,31,Mugla,Fethiye,albopictus,6.928413217486218e-5,6.928413217486218e-5,0.9999307158678251,0.13911910902328076,1.2996952285071472e-5
TUR.59.4_1,2062,8,28.598365671494427,44.404008532055194,Mugla,Fethiye,0.22275175260819263,0.021325937819205776,31,Mugla,Fethiye,albopictus,1.7403329003749302e-5,1.7403329003749302e-5,0.9999825966709962,0.1299353383918485,3.876614522724253e-6
TUR.59.4_1,2062,9,23.675453298232135,44.68589317996064,Mugla,Fethiye,0.17754390344774393,0.01759770978274877,30,Mugla,Fethiye,albopictus,2.699722756917544e-7,2.699722756917544e-7,0.9999997300277244,0.11435206432314592,4.7931930535760614e-8
TUR.59.4_1,2062,10,18.332142437205597,48.93064277253146,Mugla,Fethiye,0.17496210716835245,0.016789279219629805,31,Mugla,Fethiye,albopictus,0,0,1,0.036817731344276405,0
TUR.59.4_1,2062,11,11.852532316656674,63.59079127986696,Mugla,Fethiye,0.10148670031699074,0.010097346050115252,30,Mugla,Fethiye,albopictus,0,0,1,3.89744176189983e-5,0
TUR.59.4_1,2062,12,6.814399943632238,69.20842374003668,Mugla,Fethiye,0.08347440446389552,0.008045627455488646,31,Mugla,Fethiye,albopictus,0,0,1,0,0
TUR.59.4_1,2063,1,5.152321847922662,57.55622525428831,Mugla,Fethiye,0.07659430752624272,0.007384948608144981,31,Mugla,Fethiye,albopictus,0,0,1,0,0
TUR.59.4_1,2063,2,5.58448554838405,70.9154178311593,Mugla,Fethiye,0.057294859972101854,0.006119931459648509,28,Mugla,Fethiye,albopictus,0,0,1,0,0
TUR.59.4_1,2063,3,8.875413796480963,69.8148950502472,Mugla,Fethiye,0.07033421810954951,0.006783425229141771,31,Mugla,Fethiye,albopictus,0,0,1,0,0
TUR.59.4_1,2063,4,11.148094976649565,66.57013524947318,Mugla,Fethiye,0.09300406714801027,0.00925729169819589,30,Mugla,Fethiye,albopictus,0,0,1,4.128465051078293e-7,0
TUR.59.4_1,2063,5,16.69019140916712,68.39487079968568,Mugla,Fethiye,0.1299950940424562,0.012501370831089487,31,Mugla,Fethiye,albopictus,0,0,1,0.0236747278272776,0
TUR.59.4_1,2063,6,21.939766014323514,56.21481756316718,Mugla,Fethiye,0.14621469114486418,0.014515094517010385,30,Mugla,Fethiye,albopictus,3.3661375227145295e-8,3.3661375227145295e-8,0.9999999663386248,0.10710957038818646,4.9217875330853644e-9
TUR.59.4_1,2063,7,27.299346475040213,41.411968797107555,Mugla,Fethiye,0.17170492187036515,0.016479311062543633,31,Mugla,Fethiye,albopictus,8.611809505083335e-6,8.611809505083335e-6,0.9999913881904949,0.12731968033126756,1.4786889849238705e-6
TUR.59.4_1,2063,8,27.6941717933206,46.62547459650832,Mugla,Fethiye,0.2038887713277544,0.01953778585255217,31,Mugla,Fethiye,albopictus,1.3336668811068963e-4,1.3336668811068963e-4,0.9998666333118893,0.14308337514872066,2.719160047670588e-5
TUR.59.4_1,2063,9,25.665586583754596,43.03388512332001,Mugla,Fethiye,0.16250919647921366,0.01611958584730644,30,Mugla,Fethiye,albopictus,8.229519743746861e-6,8.229519743746861e-6,0.9999917704802562,0.12912614250485407,1.337371746679139e-6
TUR.59.4_1,2063,10,17.51368388007669,54.30249946198459,Mugla,Fethiye,0.16014603091458798,0.015378526953010119,31,Mugla,Fethiye,albopictus,0,0,1,0.02866004244490555,0
TUR.59.4_1,2063,11,11.850051809759702,69.2370391436365,Mugla,Fethiye,0.09289264120913691,0.0092462521930462,30,Mugla,Fethiye,albopictus,0,0,1,4.771178843782204e-5,0
TUR.59.4_1,2063,12,8.785047755521887,71.23649228251715,Mugla,Fethiye,0.07640565591147547,0.007366826658953163,31,Mugla,Fethiye,albopictus,0,0,1,0,0
TUR.59.4_1,2064,1,9.122737916953422,75.79736752723753,Mugla,Fethiye,0.08617048583255686,0.008304405601657128,31,Mugla,Fethiye,albopictus,0,0,1,0,0
TUR.59.4_1,2064,2,7.285043733961443,71.08562199375696,Mugla,Fethiye,0.06676020725755562,0.0068824351473095735,29,Mugla,Fethiye,albopictus,0,0,1,0,0
TUR.59.4_1,2064,3,11.220643422182867,66.19263400288392,Mugla,Fethiye,0.07912773077916233,0.007628278202793992,31,Mugla,Fethiye,albopictus,0,0,1,8.619857205687648e-7,0
TUR.59.4_1,2064,4,13.821873510585112,66.13531316695365,Mugla,Fethiye,0.10463187029665307,0.010408638305195561,30,Mugla,Fethiye,albopictus,0,0,1,0.002607077553049056,0
TUR.59.4_1,2064,5,18.749903819140265,55.73180012097474,Mugla,Fethiye,0.14624768825867945,0.014053319180404755,31,Mugla,Fethiye,albopictus,3.0531133177191805e-18,3.0531133177191805e-18,1,0.04702598246781962,0
TUR.59.4_1,2064,6,24.62916954825906,39.38274053679999,Mugla,Fethiye,0.16449513519648176,0.01631495906746494,30,Mugla,Fethiye,albopictus,2.443372547810685e-7,2.443372547810685e-7,0.9999997556627452,0.11269052862186414,4.0192288941476306e-8
TUR.59.4_1,2064,7,28.845471887027518,32.70693644847474,Mugla,Fethiye,0.1931722737011653,0.01852044024872712,31,Mugla,Fethiye,albopictus,1.2490469397219428e-8,1.2490469397219428e-8,0.9999999875095306,0.09549685350319069,2.4128123943256696e-9
TUR.59.4_1,2064,8,28.7414130042581,39.062925005443866,Mugla,Fethiye,0.22937989843561332,0.021953490827871902,31,Mugla,Fethiye,albopictus,6.295113184944245e-7,6.295113184944245e-7,0.9999993704886815,0.11294486782004258,1.443972318382336e-7
TUR.59.4_1,2064,9,24.48095142140108,41.57537377078095,Mugla,Fethiye,0.18282685574348206,0.01811657115813059,30,Mugla,Fethiye,albopictus,5.202818720722035e-7,5.202818720722035e-7,0.999999479718128,0.11605907975584481,9.512149423684946e-8
TUR.59.4_1,2064,10,16.893475139842316,55.18414466462131,Mugla,Fethiye,0.18016823617522243,0.017284514634018033,31,Mugla,Fethiye,albopictus,0,0,1,0.022086848688974973,0
TUR.59.4_1,2064,11,11.40222923895892,63.63129573543337,Mugla,Fethiye,0.10450651336612954,0.010396233013883815,30,Mugla,Fethiye,albopictus,0,0,1,3.5290628607334214e-6,0
TUR.59.4_1,2064,12,9.023839698118323,70.21522915995855,Mugla,Fethiye,0.08595824811120896,0.008284036823457464,31,Mugla,Fethiye,albopictus,0,0,1,0,0
TUR.59.4_1,2065,1,8.357276472098686,80.1734356424719,Mugla,Fethiye,0.08233019210390169,0.007935782039776074,31,Mugla,Fethiye,albopictus,0,0,1,0,0
TUR.59.4_1,2065,2,6.190316217787126,72.33627049229212,Mugla,Fethiye,0.06158547521894005,0.006576721846572764,28,Mugla,Fethiye,albopictus,0,0,1,0,0
TUR.59.4_1,2065,3,9.817490002688238,72.91676272602845,Mugla,Fethiye,0.07560130609514225,0.007289556782862916,31,Mugla,Fethiye,albopictus,0,0,1,0,0
TUR.59.4_1,2065,4,10.643237913356108,66.61971105513724,Mugla,Fethiye,0.09996882225374783,0.009947079493770716,30,Mugla,Fethiye,albopictus,0,0,1,1.898298622594011e-12,0
TUR.59.4_1,2065,5,18.057065150317023,51.47356800427552,Mugla,Fethiye,0.13972998008257068,0.0134312411360904,31,Mugla,Fethiye,albopictus,0,0,1,0.034403348364358766,0
TUR.59.4_1,2065,6,25.61670502494363,36.116119900813665,Mugla,Fethiye,0.15716420709521928,0.01559356224342412,30,Mugla,Fethiye,albopictus,2.766316567263116e-7,2.766316567263116e-7,0.9999997233683433,0.11214267890958488,4.3476593991620405e-8
TUR.59.4_1,2065,7,27.559226540958182,35.220432847400524,Mugla,Fethiye,0.18456331363697165,0.017702404210219624,31,Mugla,Fethiye,albopictus,2.581355099930405e-7,2.581355099930405e-7,0.99999974186449,0.1098642896565409,4.764234395882028e-8
TUR.59.4_1,2065,8,28.293758280137006,44.4007011895259,Mugla,Fethiye,0.2191573010238551,0.02098544668010882,31,Mugla,Fethiye,albopictus,2.5570643096276102e-5,2.5570643096276102e-5,0.9999744293569037,0.1319582952518064,5.6039774241067875e-6
TUR.59.4_1,2065,9,24.106319539687213,52.5191489477829,Mugla,Fethiye,0.17467895195997843,0.017316215971074245,30,Mugla,Fethiye,albopictus,2.9796505152018703e-5,2.9796505152018703e-5,0.999970203494848,0.13781949502236296,5.2048087469946935e-6
TUR.59.4_1,2065,10,17.243124569163605,60.6125122793674,Mugla,Fethiye,0.17213881704404752,0.016520608087136623,31,Mugla,Fethiye,albopictus,0,0,1,0.02791965873514414,0
TUR.59.4_1,2065,11,10.90325348517474,66.5124297686365,Mugla,Fethiye,0.09984905200907712,0.009935221534706717,30,Mugla,Fethiye,albopictus,0,0,1,1.1502836422729695e-8,0
TUR.59.4_1,2065,12,8.825245604795569,69.96442044413824,Mugla,Fethiye,0.08212741301775123,0.007916313796286656,31,Mugla,Fethiye,albopictus,0,0,1,0,0
TUR.59.4_1,2066,1,5.479026826865533,73.14925046180784,Mugla,Fethiye,0.07620176159554462,0.007347240117794973,31,Mugla,Fethiye,albopictus,0,0,1,0,0
TUR.59.4_1,2066,2,6.368390100843767,75.59601322910852,Mugla,Fethiye,0.05700122373648135,0.00608866248184714,28,Mugla,Fethiye,albopictus,0,0,1,0,0
TUR.59.4_1,2066,3,8.43942441659815,67.77477969380189,Mugla,Fethiye,0.06997375514566313,0.006748777741897749,31,Mugla,Fethiye,albopictus,0,0,1,0,0
TUR.59.4_1,2066,4,11.760194624171538,65.25282110152396,Mugla,Fethiye,0.09252742117683525,0.009210067220698726,30,Mugla,Fethiye,albopictus,0,0,1,2.7727071396409002e-5,0
TUR.59.4_1,2066,5,17.15438761430628,50.676601451541146,Mugla,Fethiye,0.12932886900791826,0.012437701393942846,31,Mugla,Fethiye,albopictus,0,0,1,0.023384057822625915,0
TUR.59.4_1,2066,6,22.889345253215115,52.54224828826484,Mugla,Fethiye,0.14546534065302083,0.01444124439020067,30,Mugla,Fethiye,albopictus,4.861912907998534e-7,4.861912907998534e-7,0.9999995138087092,0.11814493953419498,7.072397922858187e-8
TUR.59.4_1,2066,7,26.62443688336541,42.2507863935431,Mugla,Fethiye,0.17082493391123446,0.016395550751189036,31,Mugla,Fethiye,albopictus,1.281677534295872e-5,1.281677534295872e-5,0.9999871832246571,0.1298348605890936,2.1894224041529853e-6
TUR.59.4_1,2066,8,26.990798837998334,53.36850895930129,Mugla,Fethiye,0.20284384109619225,0.019438634264406396,31,Mugla,Fethiye,albopictus,0.0029255260598023184,0.0029255260598023184,0.9970744739401977,0.16620909881943552,5.932489014399689e-4
TUR.59.4_1,2066,9,24.667852513930377,48.893275382109074,Mugla,Fethiye,0.1616763366252738,0.016037638985038627,30,Mugla,Fethiye,albopictus,2.3677786263927247e-5,2.3677786263927247e-5,0.9999763222137361,0.1362631402098926,3.828130415217679e-6
TUR.59.4_1,2066,10,18.904530132518097,46.81583182892795,Mugla,Fethiye,0.15932528228739487,0.01530031803525389,31,Mugla,Fethiye,albopictus,1.6653345369377348e-19,1.6653345369377348e-19,1,0.04359360774854859,0
TUR.59.4_1,2066,11,11.17124836585101,71.17569881160524,Mugla,Fethiye,0.09241656629605086,0.00919908376983225,30,Mugla,Fethiye,albopictus,0,0,1,6.49093151149203e-7,0
TUR.59.4_1,2066,12,7.200766787809484,71.25629819072027,Mugla,Fethiye,0.07601407682056076,0.007329210359553695,31,Mugla,Fethiye,albopictus,0,0,1,0,0
TUR.59.4_1,2067,1,6.399477037436822,73.52396054481565,Mugla,Fethiye,0.07984610604922457,0.007697265672850229,31,Mugla,Fethiye,albopictus,0,0,1,0,0
TUR.59.4_1,2067,2,5.347064989454607,64.64371983311243,Mugla,Fethiye,0.05972730367515249,0.006378921707258733,28,Mugla,Fethiye,albopictus,0,0,1,0,0
TUR.59.4_1,2067,3,11.0773986788357,63.262427704055796,Mugla,Fethiye,0.07332024558274465,0.00707039395593656,31,Mugla,Fethiye,albopictus,0,0,1,1.4540827540990928e-7,0
TUR.59.4_1,2067,4,14.788237417445464,56.50702108321342,Mugla,Fethiye,0.09695253927277732,0.00964840647447951,30,Mugla,Fethiye,albopictus,0,0,1,0.005882805901256769,0
TUR.59.4_1,2067,5,19.815928599413702,47.51414875378724,Mugla,Fethiye,0.1355140140308289,0.013028642199726437,31,Mugla,Fethiye,albopictus,1.8818280267396403e-15,1.8818280267396403e-15,0.9999999999999981,0.057766518135911916,2.220446049250313e-16
TUR.59.4_1,2067,6,24.973568046794217,33.66597417937812,Mugla,Fethiye,0.15242221141704912,0.015126646439196811,30,Mugla,Fethiye,albopictus,3.052942496717392e-8,3.052942496717392e-8,0.999999969470575,0.10279217045738466,4.6533624731281975e-9
TUR.59.4_1,2067,7,26.986768273746268,40.09936961497865,Mugla,Fethiye,0.17899462562720722,0.01717289617372275,31,Mugla,Fethiye,albopictus,4.706298834321943e-6,4.706298834321943e-6,0.9999952937011657,0.12436097233920483,8.424018431707481e-7
TUR.59.4_1,2067,8,27.776784784653607,40.078550005443866,Mugla,Fethiye,0.21254483503365085,0.020358759048616615,31,Mugla,Fethiye,albopictus,3.6027979942824806e-6,3.6027979942824806e-6,0.9999963972020057,0.12266347017835201,7.657558122042829e-7
TUR.59.4_1,2067,9,22.971231572768268,43.338492514677434,Mugla,Fethiye,0.16940849725167667,0.016798160426021225,30,Mugla,Fethiye,albopictus,1.200363591585818e-8,1.200363591585818e-8,0.9999999879963641,0.10165600590252087,2.033517909616478e-9
TUR.59.4_1,2067,10,16.61030539344339,65.9703995474338,Mugla,Fethiye,0.1669450038880174,0.016026160461543593,31,Mugla,Fethiye,albopictus,0,0,1,0.02198900511234051,0
TUR.59.4_1,2067,11,11.157468725653256,64.05683284480837,Mugla,Fethiye,0.0968363827642944,0.009636902829341043,30,Mugla,Fethiye,albopictus,0,0,1,4.097793259553682e-7,0
TUR.59.4_1,2067,12,7.758374915403478,71.66949856913824,Mugla,Fethiye,0.07964944526168626,0.007678380295991216,31,Mugla,Fethiye,albopictus,0,0,1,0,0
TUR.59.4_1,2068,1,7.944108995444634,71.78631253456174,Mugla,Fethiye,0.08297795819713576,0.007997969661161175,31,Mugla,Fethiye,albopictus,0,0,1,0,0
TUR.59.4_1,2068,2,6.850860613233904,72.79608647129602,Mugla,Fethiye,0.06428681042618181,0.006628294997026218,29,Mugla,Fethiye,albopictus,0,0,1,0,0
TUR.59.4_1,2068,3,12.030977627810309,70.22051181050111,Mugla,Fethiye,0.07619612995551706,0.007346699124452405,31,Mugla,Fethiye,albopictus,0,0,1,9.314938065594455e-5,0
TUR.59.4_1,2068,4,13.402600134120268,61.36521734175834,Mugla,Fethiye,0.10075536740543162,0.010024948563806979,30,Mugla,Fethiye,albopictus,0,0,1,0.0014193673927252021,0
TUR.59.4_1,2068,5,15.737441203173468,72.83101276745911,Mugla,Fethiye,0.1408293622289348,0.013536198399112465,31,Mugla,Fethiye,albopictus,0,0,1,0.014585121620799049,0
TUR.59.4_1,2068,6,23.104330147013943,46.519569913020696,Mugla,Fethiye,0.15840076007565954,0.015715281789092983,30,Mugla,Fethiye,albopictus,8.568928799318477e-8,8.568928799318477e-8,0.999999914310712,0.10977627129916866,1.3573248303089258e-8
TUR.59.4_1,2068,7,26.867204217349784,38.002537339588024,Mugla,Fethiye,0.18601544017249674,0.017840435195676352,31,Mugla,Fethiye,albopictus,1.5026223913070514e-6,1.5026223913070514e-6,0.9999984973776087,0.11914952157155861,2.7951092651523624e-7
TUR.59.4_1,2068,8,27.57915485606474,47.995622301586444,Mugla,Fethiye,0.22088160975021864,0.021148799825074893,31,Mugla,Fethiye,albopictus,2.4672263085140475e-4,2.4672263085140475e-4,0.9997532773691485,0.14700885358201352,5.4495006957422376e-5
TUR.59.4_1,2068,9,23.812307469985065,45.930209281034855,Mugla,Fethiye,0.17605330928126997,0.017451262556058,30,Mugla,Fethiye,albopictus,6.966448578852313e-7,6.966448578852313e-7,0.9999993033551421,0.11852455922086758,1.2264662507810442e-7
TUR.59.4_1,2068,10,20.741169536814972,40.39954154572482,Mugla,Fethiye,0.17349318882627093,0.016649502549980433,31,Mugla,Fethiye,albopictus,6.414457853765044e-14,6.414457853765044e-14,0.9999999999999358,0.06517119965168666,1.1102230246251565e-14
TUR.59.4_1,2068,11,12.114823271246518,63.74830775935915,Mugla,Fethiye,0.10063465481990769,0.010012998246873184,30,Mugla,Fethiye,albopictus,0,0,1,1.0210041457591758e-4,0
TUR.59.4_1,2068,12,8.615140662473792,70.75198758281012,Mugla,Fethiye,0.08277358366449028,0.007978349471845614,31,Mugla,Fethiye,albopictus,0,0,1,0,0
TUR.59.4_1,2069,1,7.866006883628228,75.74525876258909,Mugla,Fethiye,0.07751467035273757,0.007473354283409672,31,Mugla,Fethiye,albopictus,0,0,1,0,0
TUR.59.4_1,2069,2,7.458603399641374,65.36135594151087,Mugla,Fethiye,0.05798331921888705,0.006193240819057699,28,Mugla,Fethiye,albopictus,0,0,1,0,0
TUR.59.4_1,2069,3,6.152537247713874,65.22775210591126,Mugla,Fethiye,0.07117935924169477,0.006864654957016603,31,Mugla,Fethiye,albopictus,0,0,1,0,0
TUR.59.4_1,2069,4,15.055278623805327,54.205953730918495,Mugla,Fethiye,0.09412161085171869,0.009368005339279839,30,Mugla,Fethiye,albopictus,0,0,1,0.006965087560119519,0
TUR.59.4_1,2069,5,17.43786635118372,59.39650730481263,Mugla,Fethiye,0.13155712464299904,0.012650634040473618,31,Mugla,Fethiye,albopictus,0,0,1,0.029904289996616856,0
TUR.59.4_1,2069,6,25.682678306803982,37.74485830413398,Mugla,Fethiye,0.14797161761581704,0.014688221759689979,30,Mugla,Fethiye,albopictus,6.347858629056625e-7,6.347858629056625e-7,0.9999993652141371,0.11626044537797701,9.393028654880453e-8
TUR.59.4_1,2069,7,28.43376305524041,37.383186906238414,Mugla,Fethiye,0.17376814082644151,0.01667566744569804,31,Mugla,Fethiye,albopictus,3.69102399013721e-7,3.69102399013721e-7,0.999999630897601,0.11025642534626466,6.413823561146614e-8
TUR.59.4_1,2069,8,29.592206842759076,38.418149614818866,Mugla,Fethiye,0.206338713783406,0.019770217265928647,31,Mugla,Fethiye,albopictus,7.67162075345218e-8,7.67162075345218e-8,0.9999999232837925,0.10237188388555261,1.5829523469790274e-8
TUR.59.4_1,2069,9,23.283058278700885,58.338935019560246,Mugla,Fethiye,0.16446191892339496,0.016311691626943237,30,Mugla,Fethiye,albopictus,2.5460681221419034e-5,2.5460681221419034e-5,0.9999745393187786,0.1378617968456346,4.187303723979241e-6
TUR.59.4_1,2069,10,16.18395098517923,56.04567115387912,Mugla,Fethiye,0.16207035738772677,0.015561871155017837,31,Mugla,Fethiye,albopictus,0,0,1,0.015213919864417825,0
TUR.59.4_1,2069,11,11.769192625494565,67.67669826228884,Mugla,Fethiye,0.09400884601057756,0.009356834430344962,30,Mugla,Fethiye,albopictus,0,0,1,3.100888561071148e-5,0
TUR.59.4_1,2069,12,5.84360335854923,68.13292325175543,Mugla,Fethiye,0.07732375188630734,0.007455016210929921,31,Mugla,Fethiye,albopictus,0,0,1,0,0
TUR.59.4_1,2070,1,8.183309587485649,74.68907590126096,Mugla,Fethiye,0.08081848407580869,0.007790638057744381,31,Mugla,Fethiye,albopictus,0,0,1,0,0
TUR.59.4_1,2070,2,9.297782915479997,74.0761844327218,Mugla,Fethiye,0.06045467186571937,0.0064563538720388,28,Mugla,Fethiye,albopictus,0,0,1,0,0
TUR.59.4_1,2070,3,10.992709538515875,57.07341326924134,Mugla,Fethiye,0.07421315068777831,0.007156189466581586,31,Mugla,Fethiye,albopictus,0,0,1,2.8047835630409043e-8,0
TUR.59.4_1,2070,4,13.147607649073882,67.3897916215435,Mugla,Fethiye,0.0981332420455871,0.009765330658961457,30,Mugla,Fethiye,albopictus,0,0,1,0.00106307287912255,0
TUR.59.4_1,2070,5,16.77940382676966,68.93986896863099,Mugla,Fethiye,0.1371643243096615,0.013186256288483245,31,Mugla,Fethiye,albopictus,0,0,1,0.02506820974640466,0
TUR.59.4_1,2070,6,25.22266205619363,41.629669705501165,Mugla,Fethiye,0.15427843229592236,0.015309443721257976,30,Mugla,Fethiye,albopictus,2.2658298069015983e-6,2.2658298069015983e-6,0.9999977341701931,0.12285216863827739,3.495686093923922e-7
TUR.59.4_1,2070,7,28.204734353458182,33.471565812488414,Mugla,Fethiye,0.18117444940883592,0.017380202361534924,31,Mugla,Fethiye,albopictus,4.711192811546194e-8,4.711192811546194e-8,0.9999999528880719,0.10175510704430672,8.535477546978143e-9
TUR.59.4_1,2070,8,27.595292932846966,42.6411682610591,Mugla,Fethiye,0.2151332383694786,0.020604119283820777,31,Mugla,Fethiye,albopictus,1.6223924424405233e-5,1.6223924424405233e-5,0.9999837760755756,0.13034396494771322,3.4902993093499646e-6
TUR.59.4_1,2070,9,22.008657567641315,47.10457146365204,Mugla,Fethiye,0.17147157970359503,0.017000982149596777,30,Mugla,Fethiye,albopictus,1.0029543810463616e-9,1.0029543810463616e-9,0.9999999989970456,0.09333489918173879,1.7197820945114017e-10
TUR.59.4_1,2070,10,16.26379069160013,68.29983680329318,Mugla,Fethiye,0.16897808554297786,0.016219738110842652,31,Mugla,Fethiye,albopictus,0,0,1,0.018935526034468166,0
TUR.59.4_1,2070,11,9.350624968023862,65.3268600054529,Mugla,Fethiye,0.0980156709654728,0.00975368829455725,30,Mugla,Fethiye,albopictus,0,0,1,0,0
TUR.59.4_1,2070,12,5.353033290189855,70.78059018290777,Mugla,Fethiye,0.08061942832328141,0.007771524488370263,31,Mugla,Fethiye,albopictus,0,0,1,0,0
TUR.59.4_1,2071,1,6.0783658351968315,79.04042477821409,Mugla,Fethiye,0.08411259525596462,0.008106889061767375,31,Mugla,Fethiye,albopictus,0,0,1,0,0
TUR.59.4_1,2071,2,3.8277950462173016,72.1699573209054,Mugla,Fethiye,0.062918766716827,0.006718624868994105,28,Mugla,Fethiye,albopictus,0,0,1,0,0
TUR.59.4_1,2071,3,11.537470242556402,72.91881503315736,Mugla,Fethiye,0.07723803258442333,0.007446782602931079,31,Mugla,Fethiye,albopictus,0,0,1,1.105169558971366e-5,0
TUR.59.4_1,2071,4,15.652710760340971,53.53862585005912,Mugla,Fethiye,0.10213309199902218,0.010161330466296747,30,Mugla,Fethiye,albopictus,0,0,1,0.010653811361556598,0
TUR.59.4_1,2071,5,19.508706233080694,59.4129677235138,Mugla,Fethiye,0.1427550569173551,0.013720016248374045,31,Mugla,Fethiye,albopictus,1.6798451518695855e-14,1.6798451518695855e-14,0.9999999999999832,0.0631495310380269,2.4424906541753444e-15
TUR.59.4_1,2071,6,22.63304146598367,51.747555295100774,Mugla,Fethiye,0.1605667253082761,0.015928451350230688,30,Mugla,Fethiye,albopictus,1.1618663731344236e-7,1.1618663731344236e-7,0.9999998838133627,0.11195966178927295,1.8655707756387585e-8
TUR.59.4_1,2071,7,27.255599526798026,50.15437754954896,Mugla,Fethiye,0.18855900736214307,0.018082165653991455,31,Mugla,Fethiye,albopictus,7.468062578067222e-4,7.468062578067222e-4,0.9992531937421932,0.15508536415981064,1.4080713240893772e-4
TUR.59.4_1,2071,8,30.31020725474638,43.68802800227004,Mugla,Fethiye,0.22390193545455764,0.021434866026334487,31,Mugla,Fethiye,albopictus,2.4789526628560264e-7,2.4789526628560264e-7,0.9999997521047337,0.10723768565173576,5.5504228324565474e-8
TUR.59.4_1,2071,9,25.21710979237276,49.20625603396454,Mugla,Fethiye,0.17846065471830055,0.01768776750943435,30,Mugla,Fethiye,albopictus,8.391644968256084e-5,8.391644968256084e-5,0.9999160835503175,0.14285907335232845,1.4975672415484809e-5
TUR.59.4_1,2071,10,18.569073284373566,61.26226966462131,Mugla,Fethiye,0.17586552728546764,0.016875235366406782,31,Mugla,Fethiye,albopictus,3.885780586188048e-18,3.885780586188048e-18,1,0.047767448206498704,0
TUR.59.4_1,2071,11,12.196549345465268,53.977281148031025,Mugla,Fethiye,0.10201072879475587,0.010149218409062244,30,Mugla,Fethiye,albopictus,0,0,1,1.0228765847139257e-4,0
TUR.59.4_1,2071,12,7.196356044096105,69.24084103739996,Mugla,Fethiye,0.08390542611468262,0.008087002767837359,31,Mugla,Fethiye,albopictus,0,0,1,0,0
TUR.59.4_1,2072,1,7.682452711112359,66.16223569130003,Mugla,Fethiye,0.0882765338498022,0.008506503574468138,31,Mugla,Fethiye,albopictus,0,0,1,0,0
TUR.59.4_1,2072,2,8.724516886122087,63.818814437604615,Mugla,Fethiye,0.06839185875362437,0.007050050838146249,29,Mugla,Fethiye,albopictus,0,0,1,0,0
TUR.59.4_1,2072,3,8.8596252413357,74.55369509907533,Mugla,Fethiye,0.08106165048387887,0.00781398668494937,31,Mugla,Fethiye,albopictus,0,0,1,0,0
TUR.59.4_1,2072,4,12.83223422835855,61.017118586875526,Mugla,Fethiye,0.1071891234077372,0.010661669509414495,30,Mugla,Fethiye,albopictus,0,0,1,5.582014529799234e-4,0
TUR.59.4_1,2072,5,20.129696986254523,53.83020786633607,Mugla,Fethiye,0.14982205192749304,0.014394305234220361,31,Mugla,Fethiye,albopictus,2.0751184104383924e-13,2.0751184104383924e-13,0.9999999999997925,0.0689942583751235,3.108624468950438e-14
TUR.59.4_1,2072,6,25.83460053275613,29.877621213069524,Mugla,Fethiye,0.16851547522334706,0.016710354415341078,30,Mugla,Fethiye,albopictus,1.3273157539406277e-8,1.3273157539406277e-8,0.9999999867268424,0.09849029422588727,2.236732465910052e-9
TUR.59.4_1,2072,7,29.05761864606072,34.45241603221498,Mugla,Fethiye,0.1978934967520095,0.018968768524076696,31,Mugla,Fethiye,albopictus,2.037629924889206e-8,2.037629924889206e-8,0.9999999796237008,0.09719384034889152,4.032337130865926e-9
TUR.59.4_1,2072,8,28.188314325669232,41.78198399592238,Mugla,Fethiye,0.234986053206923,0.022483967570014918,31,Mugla,Fethiye,albopictus,7.100792589184834e-6,7.100792589184834e-6,0.9999928992074109,0.12551278571891977,1.6685858330589554e-6
TUR.59.4_1,2072,9,25.30537425770479,38.507384421415715,Mugla,Fethiye,0.18729523181584123,0.018555215591345875,30,Mugla,Fethiye,albopictus,5.416057992052026e-7,5.416057992052026e-7,0.9999994583942008,0.11580534017224747,1.0144017859037291e-7
TUR.59.4_1,2072,10,17.859043682322785,53.482225108957245,Mugla,Fethiye,0.18457163430976167,0.017703195181856923,31,Mugla,Fethiye,albopictus,0,0,1,0.032703813773831594,0
TUR.59.4_1,2072,11,12.923314024420346,70.2710509844568,Mugla,Fethiye,0.10706070269368703,0.010648964274350026,30,Mugla,Fethiye,albopictus,0,0,1,7.993517108589566e-4,0
TUR.59.4_1,2072,12,7.857849345487707,70.80395901835699,Mugla,Fethiye,0.08805910893671562,0.00848564122073181,31,Mugla,Fethiye,albopictus,0,0,1,0,0
TUR.59.4_1,2073,1,7.509130033500054,76.46424527381956,Mugla,Fethiye,0.08630488871368494,0.008317304235039069,31,Mugla,Fethiye,albopictus,0,0,1,0,0
TUR.59.4_1,2073,2,8.091015356428484,68.27961460850305,Mugla,Fethiye,0.06455866856768981,0.006893132819711156,28,Mugla,Fethiye,albopictus,0,0,1,0,0
TUR.59.4_1,2073,3,11.591535946902106,67.8948511049347,Mugla,Fethiye,0.07925114884848265,0.007640130706395021,31,Mugla,Fethiye,albopictus,0,0,1,1.3290322134465966e-5,0
TUR.59.4_1,2073,4,11.671946371302885,65.3377896684185,Mugla,Fethiye,0.10479506799351898,0.010424788076521585,30,Mugla,Fethiye,albopictus,0,0,1,1.812729780789802e-5,0
TUR.59.4_1,2073,5,17.056512019213507,68.38714222302552,Mugla,Fethiye,0.14647579548669817,0.014075083607696492,31,Mugla,Fethiye,albopictus,0,0,1,0.028379680533490024,0
TUR.59.4_1,2073,6,24.631559456095975,43.813271084895696,Mugla,Fethiye,0.16475170355499053,0.016340196989325095,30,Mugla,Fethiye,albopictus,1.9982522706062933e-6,1.9982522706062933e-6,0.9999980017477293,0.1227717353091545,3.2921541148756006e-7
TUR.59.4_1,2073,7,28.514901666080252,38.31102046336732,Mugla,Fethiye,0.193473570715899,0.018549057592294305,31,Mugla,Fethiye,albopictus,6.495403207517069e-7,6.495403207517069e-7,0.9999993504596792,0.11311862683121451,1.256688773043635e-7
TUR.59.4_1,2073,8,31.190969354966107,35.03708424616652,Mugla,Fethiye,0.22973766964839867,0.021987353166087464,31,Mugla,Fethiye,albopictus,1.6549589754166762e-11,1.6549589754166762e-11,0.9999999999834505,0.07114061050809897,3.802069770131311e-12
TUR.59.4_1,2073,9,24.922678105971393,46.56636727053681,Mugla,Fethiye,0.18311201667674248,0.018144570238408653,30,Mugla,Fethiye,albopictus,1.363322979077547e-5,1.363322979077547e-5,0.9999863667702092,0.13221220859114183,2.49640508476201e-6
TUR.59.4_1,2073,10,17.97835787604837,45.91445319733615,Mugla,Fethiye,0.18044925037394438,0.01731123914205268,31,Mugla,Fethiye,albopictus,0,0,1,0.031110240494340306,0
TUR.59.4_1,2073,11,14.475917746038999,52.464944417073994,Mugla,Fethiye,0.10466951553975488,0.010412363638921729,30,Mugla,Fethiye,albopictus,0,0,1,0.00419173840003037,0
TUR.59.4_1,2073,12,9.025587783140296,75.71033871806402,Mugla,Fethiye,0.08609231995832979,0.00829690395201621,31,Mugla,Fethiye,albopictus,0,0,1,0,0
TUR.59.4_1,2074,1,7.32633880043731,79.72180600380003,Mugla,Fethiye,0.0910986733896739,0.008777253664964624,31,Mugla,Fethiye,albopictus,0,0,1,0,0
TUR.59.4_1,2074,2,8.512744921095232,76.4077274014718,Mugla,Fethiye,0.06814456457769148,0.007274614312452021,28,Mugla,Fethiye,albopictus,0,0,1,0,0
TUR.59.4_1,2074,3,10.435228726443121,76.64909304829408,Mugla,Fethiye,0.08365313520831366,0.008062784669375933,31,Mugla,Fethiye,albopictus,0,0,1,2.0944231337274724e-32,0
TUR.59.4_1,2074,4,15.277358854518218,56.40386022505912,Mugla,Fethiye,0.11061588531399706,0.011000634118879749,30,Mugla,Fethiye,albopictus,0,0,1,0.008530207750547887,0
TUR.59.4_1,2074,5,19.986237666186163,53.7763824879181,Mugla,Fethiye,0.15461175897929788,0.014851047359851988,31,Mugla,Fethiye,albopictus,7.486022912672751e-14,7.486022912672751e-14,0.9999999999999252,0.06633454594509573,1.1546319456101628e-14
TUR.59.4_1,2074,6,25.043596351847928,37.116329709163274,Mugla,Fethiye,0.1739027980482015,0.017239941624779487,30,Mugla,Fethiye,albopictus,2.0162203293855318e-7,2.0162203293855318e-7,0.999999798377967,0.11137248460883986,3.506263501762419e-8
TUR.59.4_1,2074,7,30.199914483463065,31.644844621082164,Mugla,Fethiye,0.20422001454231545,0.01956921484450913,31,Mugla,Fethiye,albopictus,1.1359984025682835e-10,1.1359984025682835e-10,0.9999999998864002,0.0776117628152718,2.3199331344869734e-11
TUR.59.4_1,2074,8,26.474904901841107,59.47131886530715,Mugla,Fethiye,0.2424983942918368,0.023194364198148354,31,Mugla,Fethiye,albopictus,0.01833996929109796,0.01833996929109796,0.9816600307089021,0.1860046183969448,0.004437538007760922
TUR.59.4_1,2074,9,24.263904683730182,49.45510018069306,Mugla,Fethiye,0.1932829304293398,0.019142699247522876,30,Mugla,Fethiye,albopictus,1.1742236010307494e-5,1.1742236010307494e-5,0.9999882577639897,0.13241006791693108,2.269571210411492e-6
TUR.59.4_1,2074,10,17.592749202952668,47.9328247793674,Mugla,Fethiye,0.19047226140065512,0.01826395446230733,31,Mugla,Fethiye,albopictus,0,0,1,0.027249833089674748,0
TUR.59.4_1,2074,11,12.245641638250913,59.04408412654665,Mugla,Fethiye,0.11048335907881852,0.010987527195774005,30,Mugla,Fethiye,albopictus,0,0,1,1.3700045497189696e-4,0
TUR.59.4_1,2074,12,10.337902770322913,73.14193356669684,Mugla,Fethiye,0.09087429755296791,0.008755730228087288,31,Mugla,Fethiye,albopictus,0,0,1,0,0
TUR.59.4_1,2075,1,5.436939510352471,70.73684354042112,Mugla,Fethiye,0.08794931170801519,0.008475105791003634,31,Mugla,Fethiye,albopictus,0,0,1,0,0
TUR.59.4_1,2075,2,8.586831110365251,71.63518254063196,Mugla,Fethiye,0.06578874673195516,0.007024009809982745,28,Mugla,Fethiye,albopictus,0,0,1,0,0
TUR.59.4_1,2075,3,11.626157185610602,66.5498804018097,Mugla,Fethiye,0.08076117236436801,0.007785134957002171,31,Mugla,Fethiye,albopictus,0,0,1,1.533107999139912e-5,0
TUR.59.4_1,2075,4,10.923689687953276,67.37193120894584,Mugla,Fethiye,0.10679179636046743,0.01062235964071545,30,Mugla,Fethiye,albopictus,0,0,1,1.568632238560886e-8,0
TUR.59.4_1,2075,5,16.698144099291632,68.2976112782013,Mugla,Fethiye,0.14926669377532487,0.014341333085845842,31,Mugla,Fethiye,albopictus,0,0,1,0.023876252007857632,0
TUR.59.4_1,2075,6,23.354194725261014,51.55140356170234,Mugla,Fethiye,0.1678908245679344,0.01664893124480238,30,Mugla,Fethiye,albopictus,1.7872732175946982e-6,1.7872732175946982e-6,0.9999982127267824,0.12391293617148094,3.0006672924187683e-7
TUR.59.4_1,2075,7,29.9668784422033,29.468258469959117,Mugla,Fethiye,0.19715994808365006,0.018899124037272563,31,Mugla,Fethiye,albopictus,6.657775697416213e-11,6.657775697416213e-11,0.9999999999334223,0.07515485450153776,1.3126499887050613e-11
TUR.59.4_1,2075,8,27.486766702988568,51.58266987849074,Mugla,Fethiye,0.23411501040237345,0.022401564906079474,31,Mugla,Fethiye,albopictus,0.001470368461307712,0.001470368461307712,0.9985296315386923,0.15999909565373518,3.4417608543191314e-4
TUR.59.4_1,2075,9,22.501613729140338,57.64766228396454,Mugla,Fethiye,0.18660096863820502,0.01848707512853276,30,Mugla,Fethiye,albopictus,8.560623360684416e-7,8.560623360684416e-7,0.999999143937664,0.12137921664255424,1.597420483667733e-7
TUR.59.4_1,2075,10,18.2374044306138,60.35664527497287,Mugla,Fethiye,0.1838874669228236,0.01763815540570035,31,Mugla,Fethiye,albopictus,0,0,1,0.04190484664110402,0
TUR.59.4_1,2075,11,13.16551106116351,71.07287746150759,Mugla,Fethiye,0.10666385167440871,0.010609700998576499,30,Mugla,Fethiye,albopictus,0,0,1,0.0011787846605088347,0
TUR.59.4_1,2075,12,8.465235934538,70.55534756816168,Mugla,Fethiye,0.08773269274236033,0.008454320112137648,31,Mugla,Fethiye,albopictus,0,0,1,0,0
TUR.81.6_1,2025,1,4.098108572118422,80.35444389948242,Zinguldak,Merkez,1.5222055726162343e-4,1.4730913169502813e-5,31,Zonguldak,Merkez,aegypti,0,0,1,0,0
TUR.81.6_1,2025,2,3.524260818081744,80.55119548014562,Zinguldak,Merkez,1.1386558342069855e-4,1.2199809519608529e-5,28,Zonguldak,Merkez,aegypti,0,0,1,0,0
TUR.81.6_1,2025,3,5.544447565779967,78.88109881495741,Zinguldak,Merkez,1.3977949825485402e-4,1.3526956728071582e-5,31,Zonguldak,Merkez,aegypti,0,0,1,0,0
TUR.81.6_1,2025,4,12.893931430928848,70.36247980504137,Zinguldak,Merkez,1.848326773372428e-4,1.8483096919208464e-5,30,Zonguldak,Merkez,aegypti,0,0,1,0,0
TUR.81.6_1,2025,5,15.042553985820097,82.67366117521712,Zinguldak,Merkez,2.5834721006701573e-4,2.5001030378724032e-5,31,Zonguldak,Merkez,aegypti,0,0,1,4.805164496118104e-5,0
TUR.81.6_1,2025,6,21.183532742892996,66.25243285315307,Zinguldak,Merkez,2.905814085241483e-4,2.9057718668679122e-5,30,Zonguldak,Merkez,aegypti,2.5755231281010536e-14,2.5755231281010536e-14,0.9999999999999742,0.06210475357859377,0
TUR.81.6_1,2025,7,22.85810868880328,68.20666629346492,Zinguldak,Merkez,3.4123970482682984e-4,3.30226519815735e-5,31,Zonguldak,Merkez,aegypti,2.1432039916918776e-7,2.1432039916918776e-7,0.9999997856796008,0.11069098347336477,7.313460947955264e-11
TUR.81.6_1,2025,8,25.57436814027674,63.808614866751284,Zinguldak,Merkez,4.052006394896242e-4,3.9212196293658685e-5,31,Zonguldak,Merkez,aegypti,0.0174096634368896,0.0174096634368896,0.9825903365631103,0.1807844973492633,7.054381875648552e-6
TUR.81.6_1,2025,9,20.18846248177921,83.31186026357732,Zinguldak,Merkez,3.2296447669729364e-4,3.2295926145065046e-5,30,Zonguldak,Merkez,aegypti,2.1133095273739854e-16,2.1133095273739854e-16,0.9999999999999998,0.05290722709395524,0
TUR.81.6_1,2025,10,17.422457695007324,83.10470818860786,Zinguldak,Merkez,3.182680130726887e-4,3.079965597818646e-5,31,Zonguldak,Merkez,aegypti,0,0,1,0.007767384573991475,0
TUR.81.6_1,2025,11,10.779936531010796,76.95202275399717,Zinguldak,Merkez,1.8461123374624366e-4,1.846095296909045e-5,30,Zonguldak,Merkez,aegypti,0,0,1,0,0
TUR.81.6_1,2025,12,5.091293177183936,83.21779210172636,Zinguldak,Merkez,1.5184563835634658e-4,1.4694631228606703e-5,31,Zonguldak,Merkez,aegypti,0,0,1,0,0
TUR.81.6_1,2026,1,6.588913721196791,83.30286919245117,Zinguldak,Merkez,1.4422331885288858e-4,1.3956997973019192e-5,31,Zonguldak,Merkez,aegypti,0,0,1,0,0
TUR.81.6_1,2026,2,2.375907718258746,77.83478007487219,Zinguldak,Merkez,1.0788340707378151e-4,1.1558869667971372e-5,28,Zonguldak,Merkez,aegypti,0,0,1,0,0
TUR.81.6_1,2026,3,8.701114321456236,77.01648242091444,Zinguldak,Merkez,1.3243587796921716e-4,1.281629315796895e-5,31,Zonguldak,Merkez,aegypti,0,0,1,0,0
TUR.81.6_1,2026,4,10.942232174031876,77.76655542759997,Zinguldak,Merkez,1.7512209019328578e-4,1.751205568145675e-5,30,Zonguldak,Merkez,aegypti,0,0,1,0,0
TUR.81.6_1,2026,5,15.018882835612578,83.1632546810765,Zinguldak,Merkez,2.4477437688137405e-4,2.368756236925673e-5,31,Zonguldak,Merkez,aegypti,0,0,1,4.1824478658882405e-5,0
TUR.81.6_1,2026,6,19.12487414303948,72.25273802893432,Zinguldak,Merkez,2.7531508153836833e-4,2.753112916531464e-5,30,Zonguldak,Merkez,aegypti,0,0,1,0.024738592761172327,0
TUR.81.6_1,2026,7,22.704940964193906,70.73014575513484,Zinguldak,Merkez,3.2331193394542285e-4,3.1287762199849745e-5,31,Zonguldak,Merkez,aegypti,2.17045352134293e-7,2.17045352134293e-7,0.9999997829546479,0.1116324453199077,7.017331160596996e-11
TUR.81.6_1,2026,8,23.146425864275763,72.18673910381183,Zinguldak,Merkez,3.839125416422298e-4,3.715213645283377e-5,31,Zonguldak,Merkez,aegypti,9.560823966060949e-6,9.560823966060949e-6,0.9999904391760339,0.12924365376812075,3.6705202210995935e-9
TUR.81.6_1,2026,9,21.518595919889563,79.07792776846013,Zinguldak,Merkez,3.059968347167074e-4,3.0599215306126304e-5,30,Zonguldak,Merkez,aegypti,1.8068364471268695e-10,1.8068364471268695e-10,0.9999999998193163,0.08676690280955641,5.5289106626332796e-14
TUR.81.6_1,2026,10,13.456772804260254,80.51121758802192,Zinguldak,Merkez,3.015471100343293e-4,2.9181552600676675e-5,31,Zonguldak,Merkez,aegypti,0,0,1,0,0
TUR.81.6_1,2026,11,11.27920029443853,76.95751591805967,Zinguldak,Merkez,1.749122806234935e-4,1.7491075091746744e-5,30,Zonguldak,Merkez,aegypti,0,0,1,0,0
TUR.81.6_1,2026,12,4.976297220763038,80.62682683073027,Zinguldak,Merkez,1.438680971286192e-4,1.3922622156381514e-5,31,Zonguldak,Merkez,aegypti,0,0,1,0,0
TUR.81.6_1,2027,1,4.294345659368178,81.32793175348633,Zinguldak,Merkez,1.4258104277923436e-4,1.379807023604851e-5,31,Zonguldak,Merkez,aegypti,0,0,1,0,0
TUR.81.6_1,2027,2,3.489153682309039,84.45853648356359,Zinguldak,Merkez,1.0665493487115324e-4,1.1427249158924013e-5,28,Zonguldak,Merkez,aegypti,0,0,1,0,0
TUR.81.6_1,2027,3,4.915424013839049,78.22445971583632,Zinguldak,Merkez,1.3092782590515332e-4,1.2670354495369907e-5,31,Zonguldak,Merkez,aegypti,0,0,1,0,0
TUR.81.6_1,2027,4,10.152015728109024,78.22872888951403,Zinguldak,Merkez,1.7312796870876977e-4,1.731264700521873e-5,30,Zonguldak,Merkez,aegypti,0,0,1,0,0
TUR.81.6_1,2027,5,17.38151940177469,74.76888364836165,Zinguldak,Merkez,2.4198712232508464e-4,2.3417834410288663e-5,31,Zonguldak,Merkez,aegypti,0,0,1,0.006483461670635936,0
TUR.81.6_1,2027,6,20.048887280856864,78.41104033606322,Zinguldak,Merkez,2.7218005888930686e-4,2.721763548241274e-5,30,Zonguldak,Merkez,aegypti,2.1649348980190553e-18,2.1649348980190553e-18,1,0.04584173983039822,0
TUR.81.6_1,2027,7,22.746219803305234,75.63767367871883,Zinguldak,Merkez,3.196303694268097e-4,3.093149284638663e-5,31,Zonguldak,Merkez,aegypti,2.2935933971885424e-6,2.2935933971885424e-6,0.9999977064066028,0.12286262605134458,7.33102134553576e-10
TUR.81.6_1,2027,8,25.85560478883631,67.69708074809894,Zinguldak,Merkez,3.79540915843229e-4,3.6729091519749346e-5,31,Zonguldak,Merkez,aegypti,0.060259914630057206,0.060259914630057206,0.9397400853699428,0.20298613216586883,2.287084164565023e-5
TUR.81.6_1,2027,9,19.826844439787024,69.8589259984406,Zinguldak,Merkez,3.0251243785033266e-4,3.0250786220764603e-5,30,Zonguldak,Merkez,aegypti,0,0,1,0.03562596591101973,0
TUR.81.6_1,2027,10,14.480459213256836,80.47550439222114,Zinguldak,Merkez,2.981133823415552e-4,2.8849266013986075e-5,31,Zonguldak,Merkez,aegypti,0,0,1,0,0
TUR.81.6_1,2027,11,12.418358543339897,73.08881779794248,Zinguldak,Merkez,1.7292054824802892e-4,1.729190531807312e-5,30,Zonguldak,Merkez,aegypti,0,0,1,0,0
TUR.81.6_1,2027,12,6.006982645567725,77.75117070280058,Zinguldak,Merkez,1.4222986597740367e-4,1.3764085852518981e-5,31,Zonguldak,Merkez,aegypti,0,0,1,0,0
TUR.81.6_1,2028,1,3.303843301885268,83.18691765436523,Zinguldak,Merkez,1.411265057018612e-4,1.3657310515724497e-5,31,Zonguldak,Merkez,aegypti,0,0,1,0,0
TUR.81.6_1,2028,2,7.53807717474068,71.96345744303625,Zinguldak,Merkez,1.0933714344489846e-4,1.1310675010922644e-5,29,Zonguldak,Merkez,aegypti,0,0,1,0,0
TUR.81.6_1,2028,3,9.273263598189635,74.36221606349257,Zinguldak,Merkez,1.2959216883934148e-4,1.2541098989404809e-5,31,Zonguldak,Merkez,aegypti,0,0,1,0,0
TUR.81.6_1,2028,4,10.110225719564102,83.19241297154528,Zinguldak,Merkez,1.7136180790149394e-4,1.71360339666915e-5,30,Zonguldak,Merkez,aegypti,0,0,1,0,0
TUR.81.6_1,2028,5,14.882489288554472,83.76838010832259,Zinguldak,Merkez,2.3951849651896215e-4,2.3178940704693396e-5,31,Zonguldak,Merkez,aegypti,0,0,1,1.415257695873998e-5,0
TUR.81.6_1,2028,6,19.758237866794364,76.13969329016479,Zinguldak,Merkez,2.6940342056727484e-4,2.6939979168916217e-5,30,Zonguldak,Merkez,aegypti,0,0,1,0.038034782379615696,0
TUR.81.6_1,2028,7,23.05767266890582,71.00296527417781,Zinguldak,Merkez,3.163696679034969e-4,3.061595079678625e-5,31,Zonguldak,Merkez,aegypti,2.8739961825824388e-6,2.8739961825824388e-6,0.9999971260038174,0.1232815313339077,9.09245234659295e-10
TUR.81.6_1,2028,8,23.48519577699549,65.96827902080402,Zinguldak,Merkez,3.7566903832211336e-4,3.6354407387251264e-5,31,Zonguldak,Merkez,aegypti,6.313641783777912e-6,6.313641783777912e-6,0.9999936863582162,0.12566732696335403,2.3718397246241807e-9
TUR.81.6_1,2028,9,21.620192752164954,70.08048743032536,Zinguldak,Merkez,2.994263644941351e-4,2.9942188173204265e-5,30,Zonguldak,Merkez,aegypti,1.2173308749918732e-11,1.2173308749918732e-11,0.9999999999878267,0.07749668322377067,3.6637359812630166e-15
TUR.81.6_1,2028,10,12.623126983642578,86.44930505140083,Zinguldak,Merkez,2.95072185844288e-4,2.8554965122884468e-5,31,Zonguldak,Merkez,aegypti,0,0,1,0,0
TUR.81.6_1,2028,11,7.365035274449516,81.61874028329404,Zinguldak,Merkez,1.7115650343559272e-4,1.7115503871623083e-5,30,Zonguldak,Merkez,aegypti,0,0,1,0,0
TUR.81.6_1,2028,12,5.625587782439063,80.2746616085623,Zinguldak,Merkez,1.40778911421725e-4,1.3623672818430244e-5,31,Zonguldak,Merkez,aegypti,0,0,1,0,0
TUR.81.6_1,2029,1,3.3015227738548725,82.09339653620117,Zinguldak,Merkez,1.4120895258483616e-4,1.3665289137265724e-5,31,Zonguldak,Merkez,aegypti,0,0,1,0,0
TUR.81.6_1,2029,2,5.8666117778595765,72.78538737467687,Zinguldak,Merkez,1.0562856988273414e-4,1.1317282732181688e-5,28,Zonguldak,Merkez,aegypti,0,0,1,0,0
TUR.81.6_1,2029,3,7.517534876570982,77.71777636622694,Zinguldak,Merkez,1.2966787729910693e-4,1.2548425522562745e-5,31,Zonguldak,Merkez,aegypti,0,0,1,0,0
TUR.81.6_1,2029,4,13.205129665486954,73.08703577427966,Zinguldak,Merkez,1.7146191841476826e-4,1.7146044846372277e-5,30,Zonguldak,Merkez,aegypti,0,0,1,0,0
TUR.81.6_1,2029,5,15.887277687297148,73.6549538998265,Zinguldak,Merkez,2.3965842454562605e-4,2.3192481812706056e-5,31,Zonguldak,Merkez,aegypti,0,0,1,7.316253860013346e-4,0
TUR.81.6_1,2029,6,19.380313901340262,77.27991393225463,Zinguldak,Merkez,2.6956080753138975e-4,2.6955717441268234e-5,30,Zonguldak,Merkez,aegypti,0,0,1,0.03130395622006384,0
TUR.81.6_1,2029,7,22.641721893759335,73.61149722608211,Zinguldak,Merkez,3.165544928083348e-4,3.063383653012508e-5,31,Zonguldak,Merkez,aegypti,4.4787701646387123e-7,4.4787701646387123e-7,0.9999995521229835,0.11486575773038676,1.4177747864607682e-10
TUR.81.6_1,2029,8,23.079151770647833,72.68271841289386,Zinguldak,Merkez,3.7588850624619904e-4,3.63756454462294e-5,31,Zonguldak,Merkez,aegypti,7.1021018135611905e-6,7.1021018135611905e-6,0.9999928978981865,0.12766983259046558,2.6695984312041787e-9
TUR.81.6_1,2029,9,20.40025447396671,76.85287588857732,Zinguldak,Merkez,2.996012910276753e-4,2.9959680302615865e-5,30,Zonguldak,Merkez,aegypti,2.794431352981519e-16,2.794431352981519e-16,0.9999999999999997,0.052983745050443246,0
TUR.81.6_1,2029,10,15.144984245300293,68.9916672645356,Zinguldak,Merkez,2.9524456864264665e-4,2.8571646852659782e-5,31,Zonguldak,Merkez,aegypti,0,0,1,6.436112748660777e-5,0
TUR.81.6_1,2029,11,7.359194972935844,82.90490361337217,Zinguldak,Merkez,1.712564940088658e-4,1.712550275778657e-5,30,Zonguldak,Merkez,aegypti,0,0,1,0,0
TUR.81.6_1,2029,12,6.15730842071421,81.93175084196073,Zinguldak,Merkez,1.4086115523820442e-4,1.3631631788912912e-5,31,Zonguldak,Merkez,aegypti,0,0,1,0,0
TUR.81.6_1,2030,1,4.664418024175307,83.16322075495117,Zinguldak,Merkez,1.390330441600516e-4,1.3454720209638005e-5,31,Zonguldak,Merkez,aegypti,0,0,1,0,0
TUR.81.6_1,2030,2,3.420752345639117,88.03178630045812,Zinguldak,Merkez,1.040009245323609e-4,1.1142894117410762e-5,28,Zonguldak,Merkez,aegypti,0,0,1,0,0
TUR.81.6_1,2030,3,5.316378260360045,81.92149645900038,Zinguldak,Merkez,0.00012766980691139872,1.2355066279834404e-5,31,Zonguldak,Merkez,aegypti,0,0,1,0,0
TUR.81.6_1,2030,4,11.622130436055802,80.0755459061156,Zinguldak,Merkez,1.6881983782441568e-4,1.6881841282567756e-5,30,Zonguldak,Merkez,aegypti,0,0,1,0,0
TUR.81.6_1,2030,5,16.63529499839334,82.49775022551009,Zinguldak,Merkez,2.3596549449059908e-4,2.2835109709462564e-5,31,Zonguldak,Merkez,aegypti,0,0,1,0.003051166802750575,0
TUR.81.6_1,2030,6,19.701225308810965,76.92152312414916,Zinguldak,Merkez,2.6540710749068666e-4,2.654035854754433e-5,30,Zonguldak,Merkez,aegypti,0,0,1,0.03749036575506624,0
TUR.81.6_1,2030,7,20.927297760458554,83.34483462842586,Zinguldak,Merkez,3.1167666052364846e-4,3.0161802593742237e-5,31,Zonguldak,Merkez,aegypti,1.975377805774059e-12,1.975377805774059e-12,0.9999999999980246,0.07378689156904657,6.661338147750939e-16
TUR.81.6_1,2030,8,22.426193854388067,86.89021887065753,Zinguldak,Merkez,3.700963878815408e-4,3.581513809503001e-5,31,Zonguldak,Merkez,aegypti,1.7677377022022377e-5,1.7677377022022377e-5,0.9999823226229779,0.13462068777168607,6.542333341741369e-9
TUR.81.6_1,2030,9,19.280459628385657,75.70088309072575,Zinguldak,Merkez,2.949846929912881e-4,2.94980342235851e-5,30,Zonguldak,Merkez,aegypti,0,0,1,0.028893214405988476,0
TUR.81.6_1,2030,10,14.529439926147461,83.80756615979926,Zinguldak,Merkez,2.906951039485051e-4,2.8131388558172432e-5,31,Zonguldak,Merkez,aegypti,0,0,1,0,0
TUR.81.6_1,2030,11,7.192346790257622,80.28568669442686,Zinguldak,Merkez,1.686175788318052e-4,1.6861615724561574e-5,30,Zonguldak,Merkez,aegypti,0,0,1,0,0
TUR.81.6_1,2030,12,7.208639463957618,82.74212224088652,Zinguldak,Merkez,1.3869060607119214e-4,1.3421581485095757e-5,31,Zonguldak,Merkez,aegypti,0,0,1,0,0
TUR.81.6_1,2031,1,6.874323648564955,81.29981743463867,Zinguldak,Merkez,1.576216394120638e-4,1.5253590702646314e-5,31,Zonguldak,Merkez,aegypti,0,0,1,0,0
TUR.81.6_1,2031,2,4.811419784146198,78.87595591715734,Zinguldak,Merkez,1.1790575631998711e-4,1.263267981277405e-5,28,Zonguldak,Merkez,aegypti,0,0,1,0,0
TUR.81.6_1,2031,3,7.417070055709166,75.53498370265272,Zinguldak,Merkez,1.44739147375861e-4,1.4006916164377436e-5,31,Zonguldak,Merkez,aegypti,0,0,1,0,0
TUR.81.6_1,2031,4,12.36561874782338,70.12174189000231,Zinguldak,Merkez,1.913909010906121e-4,1.9138906957816282e-5,30,Zonguldak,Merkez,aegypti,0,0,1,0,0
TUR.81.6_1,2031,5,15.128016556010527,74.799851360764,Zinguldak,Merkez,2.675138727702065e-4,2.588810419756893e-5,31,Zonguldak,Merkez,aegypti,0,0,1,6.729228047959195e-5,0
TUR.81.6_1,2031,6,20.598646191989676,67.92822936194213,Zinguldak,Merkez,3.0089180343442426e-4,3.0088727668631243e-5,30,Zonguldak,Merkez,aegypti,7.505107646466059e-17,7.505107646466059e-17,0.9999999999999999,0.05001412962272918,0
TUR.81.6_1,2031,7,21.21868913313922,84.63455325635555,Zinguldak,Merkez,3.53347554856534e-4,3.4194340023718794e-5,31,Zonguldak,Merkez,aegypti,7.951967656572023e-11,7.951967656572023e-11,0.9999999999204803,0.08461358205152035,2.808864252301646e-14
TUR.81.6_1,2031,8,22.97057404237635,74.60436071636066,Zinguldak,Merkez,4.195779481834362e-4,4.0603493221991194e-5,31,Zonguldak,Merkez,aegypti,8.09660725008815e-6,8.09660725008815e-6,0.9999919033927499,0.12852675887095605,3.397157888329616e-9
TUR.81.6_1,2031,9,18.948235736173743,83.42791098379216,Zinguldak,Merkez,3.344238860024246e-4,3.344182940978602e-5,30,Zonguldak,Merkez,aegypti,0,0,1,0.026569285204855304,0
TUR.81.6_1,2031,10,15.728092193603516,80.67997979505317,Zinguldak,Merkez,3.2956078269189703e-4,3.189247039458998e-5,31,Zonguldak,Merkez,aegypti,0,0,1,5.80233739949797e-4,0
TUR.81.6_1,2031,11,10.346631744328667,78.75719090585264,Zinguldak,Merkez,1.9116160024926392e-4,1.9115977312300636e-5,30,Zonguldak,Merkez,aegypti,0,0,1,0,0
TUR.81.6_1,2031,12,8.077004751738379,74.27064091764433,Zinguldak,Merkez,1.5723341765306223e-4,1.5216021427399973e-5,31,Zonguldak,Merkez,aegypti,0,0,1,0,0
TUR.81.6_1,2032,1,3.217389148824355,85.19237267145508,Zinguldak,Merkez,1.5200792656818195e-4,1.471033630850993e-5,31,Zonguldak,Merkez,aegypti,0,0,1,0,0
TUR.81.6_1,2032,2,6.808957873898395,78.04482493571203,Zinguldak,Merkez,1.1776747669964955e-4,1.2182768206692174e-5,29,Zonguldak,Merkez,aegypti,0,0,1,0,0
TUR.81.6_1,2032,3,6.669383669600768,79.71291644191054,Zinguldak,Merkez,1.3958424596976512e-4,1.3508061601053e-5,31,Zonguldak,Merkez,aegypti,0,0,1,0,0
TUR.81.6_1,2032,4,11.733730358235977,76.0523067703734,Zinguldak,Merkez,1.8457449210221362e-4,1.845727887250792e-5,30,Zonguldak,Merkez,aegypti,0,0,1,0,0
TUR.81.6_1,2032,5,16.793377006755158,80.42372221037337,Zinguldak,Merkez,2.5798633537693817e-4,2.496610789415321e-5,31,Zonguldak,Merkez,aegypti,0,0,1,0.003645325252275291,0
TUR.81.6_1,2032,6,19.429218320285575,79.65252593176635,Zinguldak,Merkez,2.901755071957916e-4,2.901712971448145e-5,30,Zonguldak,Merkez,aegypti,0,0,1,0.03339861690346953,0
TUR.81.6_1,2032,7,22.00510804793414,73.73925906690242,Zinguldak,Merkez,3.407630409886966e-4,3.297652474520962e-5,31,Zonguldak,Merkez,aegypti,2.3144546257847233e-9,2.3144546257847233e-9,0.9999999976855454,0.09439902258593051,7.887024366937112e-13
TUR.81.6_1,2032,8,22.14212479310877,76.16834081889972,Zinguldak,Merkez,4.0463463122827274e-4,3.915742344695605e-5,31,Zonguldak,Merkez,aegypti,1.8680072575216755e-8,1.8680072575216755e-8,0.9999999813199274,0.1031285854410737,7.55862039625299e-12
TUR.81.6_1,2032,9,16.888712153715247,83.86129111074528,Zinguldak,Merkez,3.225133407806179e-4,3.2250814009371354e-5,30,Zonguldak,Merkez,aegypti,0,0,1,0.004298016653045562,0
TUR.81.6_1,2032,10,15.537192344665527,77.68656396253364,Zinguldak,Merkez,3.178234374546689e-4,3.075663385554428e-5,31,Zonguldak,Merkez,aegypti,0,0,1,3.299438587460583e-4,0
TUR.81.6_1,2032,11,9.275550582829643,78.08402653817686,Zinguldak,Merkez,1.843533578367429e-4,1.8435165853869506e-5,30,Zonguldak,Merkez,aegypti,0,0,1,0,0
TUR.81.6_1,2032,12,5.770396074827979,77.6978793819998,Zinguldak,Merkez,1.5163353137184591e-4,1.467410504762956e-5,31,Zonguldak,Merkez,aegypti,0,0,1,0,0
TUR.81.6_1,2033,1,4.492941183202406,83.56030785211914,Zinguldak,Merkez,1.4928489490291503e-4,1.4446820956859341e-5,31,Zonguldak,Merkez,aegypti,0,0,1,0,0
TUR.81.6_1,2033,2,6.75454503210152,74.98641429118078,Zinguldak,Merkez,1.11669619135625e-4,1.1964530474695145e-5,28,Zonguldak,Merkez,aegypti,0,0,1,0,0
TUR.81.6_1,2033,3,6.996017599807066,80.94370562648085,Zinguldak,Merkez,1.3708376898590477e-4,1.3266083196961098e-5,31,Zonguldak,Merkez,aegypti,0,0,1,0,0
TUR.81.6_1,2033,4,12.564992946736954,75.39828455357653,Zinguldak,Merkez,1.812680711941602e-4,1.8126642829852102e-5,30,Zonguldak,Merkez,aegypti,0,0,1,0,0
TUR.81.6_1,2033,5,15.533372009501738,77.54526609465071,Zinguldak,Merkez,2.533648332204538e-4,2.451887681587106e-5,31,Zonguldak,Merkez,aegypti,0,0,1,3.2185116547541907e-4,0
TUR.81.6_1,2033,6,19.289522199069754,71.48744872229369,Zinguldak,Merkez,2.849773763323684e-4,2.8497331576615714e-5,30,Zonguldak,Merkez,aegypti,0,0,1,0.027190476333577032,0
TUR.81.6_1,2033,7,24.875682999106015,64.08662158521297,Zinguldak,Merkez,3.3465869780137825e-4,3.23858011622713e-5,31,Zonguldak,Merkez,aegypti,0.0026269520962186703,0.0026269520962186703,0.9973730479037813,0.1626349028617855,8.79131981323944e-7
TUR.81.6_1,2033,8,24.233137747820685,67.77884496929035,Zinguldak,Merkez,3.973861084796648e-4,3.8455980725271566e-5,31,Zonguldak,Merkez,aegypti,7.725899337893327e-4,7.725899337893327e-4,0.9992274100662106,0.15321509107219852,3.070164601437497e-7
TUR.81.6_1,2033,9,18.642724261564368,73.3600017430695,Zinguldak,Merkez,3.167359181208678e-4,3.1673090209127785e-05,30,Zonguldak,Merkez,aegypti,0,0,1,0.018549518482807486,0
TUR.81.6_1,2033,10,12.657676696777344,75.40811395032661,Zinguldak,Merkez,3.1213002854046435e-4,3.0205675593641956e-5,31,Zonguldak,Merkez,aegypti,0,0,1,0,0
TUR.81.6_1,2033,11,11.27254746240728,78.27841588143858,Zinguldak,Merkez,1.8105089827215852e-4,1.8104925931017313e-5,30,Zonguldak,Merkez,aegypti,0,0,1,0,0
TUR.81.6_1,2033,12,7.65412648635752,80.0002246578787,Zinguldak,Merkez,1.4891720652771633e-4,1.4411238724254538e-5,31,Zonguldak,Merkez,aegypti,0,0,1,0,0
TUR.81.6_1,2034,1,6.332625192754408,78.68487297663086,Zinguldak,Merkez,1.5168690702873093e-4,1.4679270358031182e-5,31,Zonguldak,Merkez,aegypti,0,0,1,0,0
TUR.81.6_1,2034,2,5.159328757840045,79.31473765543859,Zinguldak,Merkez,1.1346639689685435e-4,1.2157040055860158e-5,28,Zonguldak,Merkez,aegypti,0,0,1,0,0
TUR.81.6_1,2034,3,8.3168655879357285,80.74851519679335,Zinguldak,Merkez,1.3928946351093242e-4,1.3479534651361647e-5,31,Zonguldak,Merkez,aegypti,0,0,1,0,0
TUR.81.6_1,2034,4,9.17571167384877,82.02786219029528,Zinguldak,Merkez,1.8418469651860977e-4,1.8418300032907453e-5,30,Zonguldak,Merkez,aegypti,0,0,1,0,0
TUR.81.6_1,2034,5,16.488356674418732,83.940537395920245,Zinguldak,Merkez,2.5744150421953e-4,2.4913383613212048e-5,31,Zonguldak,Merkez,aegypti,0,0,1,0.002529917041799316,0
TUR.81.6_1,2034,6,20.873676328098075,82.67778685705932,Zinguldak,Merkez,2.895626969971197e-4,2.8955850471024114e-5,30,Zonguldak,Merkez,aegypti,7.285079206553746e-13,7.285079206553746e-13,0.9999999999992715,0.0715537454097349,2.220446049250313e-16
TUR.81.6_1,2034,7,22.858503509970273,81.63942843946101,Zinguldak,Merkez,3.400433969744021e-4,3.290688407031617e-5,31,Zonguldak,Merkez,aegypti,5.89211339509908e-5,5.89211339509908e-5,0.999941078866049,0.1400341517135563,2.003574228748306e-8
TUR.81.6_1,2034,8,22.180342337664435,82.90626348735675,Zinguldak,Merkez,4.0378009932394757e-4,3.90747300458294e-5,31,Zonguldak,Merkez,aegypti,4.904736283171673e-7,4.904736283171673e-7,0.9999995095263717,0.1168214611735641,1.9804347051177729e-10
TUR.81.6_1,2034,9,19.32418368844425,74.51117056631169,Zinguldak,Merkez,3.218322375877672e-4,3.218270588434269e-5,30,Zonguldak,Merkez,aegypti,0,0,1,0.029109474777318484,0
TUR.81.6_1,2034,10,14.579562187194824,81.47750329358833,Zinguldak,Merkez,3.171522386835136e-4,3.069168113134513e-5,31,Zonguldak,Merkez,aegypti,0,0,1,0,0
TUR.81.6_1,2034,11,7.957935550633598,85.71432133798154,Zinguldak,Merkez,1.839640292578648e-4,1.8396233713025012e-5,30,Zonguldak,Merkez,aegypti,0,0,1,0,0
TUR.81.6_1,2034,12,8.601520857390234,76.80936009489042,Zinguldak,Merkez,1.5131330250283044e-4,1.46431156113902e-5,31,Zonguldak,Merkez,aegypti,0,0,1,0,0
TUR.81.6_1,2035,1,6.039031786077162,81.9214070952832,Zinguldak,Merkez,1.344082288642246e-4,1.3007163360723162e-5,31,Zonguldak,Merkez,aegypti,0,0,1,0,0
TUR.81.6_1,2035,2,1.9796329131897763,86.16121897868078,Zinguldak,Merkez,1.005414227321722e-4,1.077223727175003e-5,28,Zonguldak,Merkez,aegypti,0,0,1,0,0
TUR.81.6_1,2035,3,4.867091322646422,81.71989733790663,Zinguldak,Merkez,1.2342297998341022e-4,1.1944088022075583e-5,31,Zonguldak,Merkez,aegypti,0,0,1,0,0
TUR.81.6_1,2035,4,12.429436725728653,80.25154077916247,Zinguldak,Merkez,1.632041903146726e-4,1.6320285854187766e-5,30,Zonguldak,Merkez,aegypti,0,0,1,0,0
TUR.81.6_1,2035,5,13.010276878581328,85.73626798674056,Zinguldak,Merkez,2.281163041430783e-4,2.2075527700615716e-5,31,Zonguldak,Merkez,aegypti,0,0,1,0,0
TUR.81.6_1,2035,6,17.426771191989676,77.78399565832885,Zinguldak,Merkez,2.5657856706880596e-4,2.565752754690731e-5,30,Zonguldak,Merkez,aegypti,0,0,1,0.0071211028172311714,0
TUR.81.6_1,2035,7,21.449594665976132,82.6410840180743,Zinguldak,Merkez,3.0130900299553816e-4,2.9158510656102088e-5,31,Zonguldak,Merkez,aegypti,4.403181134149392e-10,4.403181134149392e-10,0.9999999995596819,0.08994129214921433,1.326716514427062e-13
TUR.81.6_1,2035,8,22.646448752459357,72.95611013652668,Zinguldak,Merkez,3.5778544809060526e-4,3.462379878471644e-5,31,Zonguldak,Merkez,aegypti,3.437011055724137e-7,3.437011055724137e-7,0.9999996562988944,0.1139183343910131,1.2297129980964883e-10
TUR.81.6_1,2035,9,16.615444407743567,85.44566458486638,Zinguldak,Merkez,2.851722794861184e-4,2.8516821336310727e-5,30,Zonguldak,Merkez,aegypti,0,0,1,0.003094086125064985,0
TUR.81.6_1,2035,10,13.94607925415039,85.44789361341255,Zinguldak,Merkez,2.8102537995385957e-4,2.7195634703658378e-5,31,Zonguldak,Merkez,aegypti,0,0,1,0,0
TUR.81.6_1,2035,11,10.138849952641655,81.47848149423154,Zinguldak,Merkez,1.630086592944545e-4,1.6300733071017426e-5,30,Zonguldak,Merkez,aegypti,0,0,1,0,0
TUR.81.6_1,2035,12,6.413015207823585,81.0383105953787,Zinguldak,Merkez,1.3407718168549586e-4,1.2975126953196359e-5,31,Zonguldak,Merkez,aegypti,0,0,1,0,0
TUR.81.6_1,2036,1,6.35323600208058,75.19862114557617,Zinguldak,Merkez,1.487414490921633e-4,1.4394230185232892e-5,31,Zonguldak,Merkez,aegypti,0,0,1,0,0
TUR.81.6_1,2036,2,5.398266612606891,81.03084788493078,Zinguldak,Merkez,1.1523678755249901e-4,1.1920975932833144e-5,29,Zonguldak,Merkez,aegypti,0,0,1,0,0
TUR.81.6_1,2036,3,3.6369687564232773,79.90046221827772,Zinguldak,Merkez,1.3658473926139112e-4,1.3217790637232163e-5,31,Zonguldak,Merkez,aegypti,0,0,1,0,0
TUR.81.6_1,2036,4,10.109076542012833,79.73680841832262,Zinguldak,Merkez,0.00018060819616810633,1.8060656521212692e-5,30,Zonguldak,Merkez,aegypti,0,0,1,0,0
TUR.81.6_1,2036,5,12.684213722453398,89.72381681486556,Zinguldak,Merkez,2.52442502416021e-4,2.4429621180543926e-5,31,Zonguldak,Merkez,aegypti,0,0,1,0,0
TUR.81.6_1,2036,6,19.83206751767327,76.49076750891479,Zinguldak,Merkez,2.8393996553854656e-4,2.839359344819492e-5,30,Zonguldak,Merkez,aegypti,0,0,1,0.03983048087455082,0
TUR.81.6_1,2036,7,23.694233108969296,64.89760333570125,Zinguldak,Merkez,3.3344043075922333e-4,3.22679081630195e-5,31,Zonguldak,Merkez,aegypti,1.3863901847736504e-5,1.3863901847736504e-5,0.9999861360981522,0.12970172198173932,4.622785376717786e-9
TUR.81.6_1,2036,8,25.701916358050177,62.215257780569644,Zinguldak,Merkez,3.959394931603811e-4,3.831599106818295e-5,31,Zonguldak,Merkez,aegypti,0.013698532124515488,0.013698532124515488,0.9863014678754846,0.17734874414315815,5.423775157664679e-6
TUR.81.6_1,2036,9,20.964419589323157,72.19389456533513,Zinguldak,Merkez,3.1558289585475487e-4,3.155779162788974e-5,30,Zonguldak,Merkez,aegypti,3.40689143563111e-14,3.40689143563111e-14,0.9999999999999659,0.06254425277808945,0
TUR.81.6_1,2036,10,14.617022514343262,84.4342598853852,Zinguldak,Merkez,3.1099377321784486e-4,3.0095718716482978e-5,31,Zonguldak,Merkez,aegypti,0,0,1,0,0
TUR.81.6_1,2036,11,10.562227943364311,77.2506372559503,Zinguldak,Merkez,1.80391813826523e-4,1.803901867758473e-5,30,Zonguldak,Merkez,aegypti,0,0,1,0,0
TUR.81.6_1,2036,12,6.4785312028492195,82.53176457487089,Zinguldak,Merkez,1.4837509922282813e-4,1.4358777481682239e-5,31,Zonguldak,Merkez,aegypti,0,0,1,0,0
TUR.81.6_1,2037,1,6.884425443761488,80.10732781061523,Zinguldak,Merkez,1.4734805998638476e-4,1.4259388010029461e-5,31,Zonguldak,Merkez,aegypti,0,0,1,0,0
TUR.81.6_1,2037,2,1.9446018329438046,76.30854258707922,Zinguldak,Merkez,1.1022080800441061e-4,1.1809302555843004e-5,28,Zonguldak,Merkez,aegypti,0,0,1,0,0
TUR.81.6_1,2037,3,5.452786589370055,76.18303973292616,Zinguldak,Merkez,1.3530523251418646e-4,1.3093969032706987e-5,31,Zonguldak,Merkez,aegypti,0,0,1,0,0
TUR.81.6_1,2037,4,11.344091457479141,75.08838617711169,Zinguldak,Merkez,1.7891628382967658e-4,1.7891468328756766e-5,30,Zonguldak,Merkez,aegypti,0,0,1,0,0
TUR.81.6_1,2037,5,15.40824421714334,78.0508050350804,Zinguldak,Merkez,2.500776563368087e-4,2.420077067311066e-5,31,Zonguldak,Merkez,aegypti,0,0,1,2.230534499785911e-4,0
TUR.81.6_1,2037,6,20.254936246310965,73.5925283731726,Zinguldak,Merkez,2.8128005562714456e-4,2.8127609974060164e-5,30,Zonguldak,Merkez,aegypti,7.271960811294776e-18,7.271960811294776e-18,1,0.046875404832017485,0
TUR.81.6_1,2037,7,20.61213700911578,80.44980746778133,Zinguldak,Merkez,3.303168074082223e-4,3.1965631740682454e-5,31,Zonguldak,Merkez,aegypti,1.372524316423096e-14,1.372524316423096e-14,0.9999999999999862,0.061417298860065854,0
TUR.81.6_1,2037,8,23.78468193727381,74.0770017075716,Zinguldak,Merkez,3.922303873281843e-4,3.795705903142377e-5,31,Zonguldak,Merkez,aegypti,9.906497641316281e-4,9.906497641316281e-4,0.9990093502358683,0.1565825608366936,3.885628652167128e-7
TUR.81.6_1,2037,9,17.474267230314368,80.34096640371403,Zinguldak,Merkez,3.126265593948244e-4,3.126216726778708e-5,30,Zonguldak,Merkez,aegypti,0,0,1,0.007809662712147657,0
TUR.81.6_1,2037,10,17.269570350646973,77.44765710218208,Zinguldak,Merkez,3.0808042701736376e-4,2.9813790432764442e-5,31,Zonguldak,Merkez,aegypti,0,0,1,0.006104549511572011,0
TUR.81.6_1,2037,11,9.708784797612358,80.44501134042295,Zinguldak,Merkez,1.7870192852762585e-4,1.7870033181766054e-5,30,Zonguldak,Merkez,aegypti,0,0,1,0,0
TUR.81.6_1,2037,12,7.798245749052833,72.19347722135527,Zinguldak,Merkez,1.4698514203142148e-4,1.4224267417817238e-5,31,Zonguldak,Merkez,aegypti,0,0,1,0,0
TUR.81.6_1,2038,1,6.645913881414076,77.38029991754883,Zinguldak,Merkez,1.5288317424192967e-4,1.4795036446746401e-5,31,Zonguldak,Merkez,aegypti,0,0,1,0,0
TUR.81.6_1,2038,2,6.872490226345905,81.03983531168859,Zinguldak,Merkez,1.143612409744766e-4,1.2252915036814471e-5,28,Zonguldak,Merkez,aegypti,0,0,1,0,0
TUR.81.6_1,2038,3,7.834454203353209,78.79749590968397,Zinguldak,Merkez,1.4038795923219206e-4,1.3585839250263021e-5,31,Zonguldak,Merkez,aegypti,0,0,1,0,0
TUR.81.6_1,2038,4,11.618836444966934,77.47852289586169,Zinguldak,Merkez,1.8563725506788811e-4,1.8563553201955685e-5,30,Zonguldak,Merkez,aegypti,0,0,1,0,0
TUR.81.6_1,2038,5,17.2215672380784,64.307908001389,Zinguldak,Merkez,2.5947179699065267e-4,2.5109858644567495e-5,31,Zonguldak,Merkez,aegypti,0,0,1,0.00466822619565587,0
TUR.81.6_1,2038,6,20.259986905490653,70.22316649573119,Zinguldak,Merkez,2.918463111030981e-4,2.9184205243115713e-5,30,Zonguldak,Merkez,aegypti,7.771561172376096e-19,7.771561172376096e-19,1,0.04437744470728086,0
TUR.81.6_1,2038,7,22.429788757773007,69.88448459180476,Zinguldak,Merkez,3.427251232672861e-4,3.316639739581184e-5,31,Zonguldak,Merkez,aegypti,1.694601973112331e-8,1.694601973112331e-8,0.9999999830539803,0.10105406874589457,5.807798686419119e-12
TUR.81.6_1,2038,8,24.648659369524786,64.44186224223957,Zinguldak,Merkez,4.0696448025454344e-4,3.9382883853300577e-5,31,Zonguldak,Merkez,aegypti,0.0012924747683017701,0.0012924747683017701,0.9987075252316983,0.15632813642397458,5.259911839416986e-7
TUR.81.6_1,2038,9,17.159445987028235,79.59850424551091,Zinguldak,Merkez,3.2437034296230497e-4,3.2436508221267424e-5,30,Zonguldak,Merkez,aegypti,0,0,1,0.005600775699097038,0
TUR.81.6_1,2038,10,13.586877822875977,84.42565392835395,Zinguldak,Merkez,3.196534356039426e-4,3.093372498796931e-5,31,Zonguldak,Merkez,aegypti,0,0,1,0,0
TUR.81.6_1,2038,11,9.555453994694878,84.81417485360654,Zinguldak,Merkez,1.85414847531636e-4,1.8541312860942405e-5,30,Zonguldak,Merkez,aegypti,0,0,1,0,0
TUR.81.6_1,2038,12,5.611038050230811,80.85131413541777,Zinguldak,Merkez,1.5250662331245488e-4,1.4758596572739258e-5,31,Zonguldak,Merkez,aegypti,0,0,1,0,0
TUR.81.6_1,2039,1,4.873983186833998,81.2242635405957,Zinguldak,Merkez,1.475126088346661e-4,1.4275311864930806e-5,31,Zonguldak,Merkez,aegypti,0,0,1,0,0
TUR.81.6_1,2039,2,2.780028640347369,84.5677436368839,Zinguldak,Merkez,1.1034389552260012e-4,1.1822490348367687e-5,28,Zonguldak,Merkez,aegypti,0,0,1,0,0
TUR.81.6_1,2039,3,6.875204706893248,85.48865801905897,Zinguldak,Merkez,1.3545633270633495e-4,1.3108591440325057e-5,31,Zonguldak,Merkez,aegypti,0,0,1,0,0
TUR.81.6_1,2039,4,10.203292888753555,72.90215265660387,Zinguldak,Merkez,1.791160860425165e-4,1.7911448192298174e-5,30,Zonguldak,Merkez,aegypti,0,0,1,0,0
TUR.81.6_1,2039,5,13.888115013346953,80.72415250822493,Zinguldak,Merkez,2.5035692699931306e-4,2.4227796211806485e-5,31,Zonguldak,Merkez,aegypti,0,0,1,0,0
TUR.81.6_1,2039,6,19.81507876340081,75.47173216955932,Zinguldak,Merkez,2.81594171124846e-4,2.815902063979525e-5,30,Zonguldak,Merkez,aegypti,0,0,1,0.038708951495065855,0
TUR.81.6_1,2039,7,23.558733154745664,67.47425967725398,Zinguldak,Merkez,3.306856840003676e-4,3.200132833369729e-5,31,Zonguldak,Merkez,aegypti,1.778550465487755e-5,1.778550465487755e-5,0.9999822144953451,0.131322849817356,5.881411802022285e-9
TUR.81.6_1,2039,8,22.39553513246424,82.10043157817707,Zinguldak,Merkez,3.926684050292777e-4,3.799944623139595e-5,31,Zonguldak,Merkez,aegypti,2.241127500622997e-6,2.241127500622997e-6,0.9999977588724994,0.12360636171022593,8.800199458036673e-10
TUR.81.6_1,2039,9,20.110100970548743,74.97680777334294,Zinguldak,Merkez,3.129756806543464e-4,3.1297078301628645e-5,30,Zonguldak,Merkez,aegypti,3.885780586188048e-19,3.885780586188048e-19,1,0.04463939249213607,0
TUR.81.6_1,2039,10,17.104342460632324,79.96438836438911,Zinguldak,Merkez,3.0842447144827393e-4,2.9847084061951357e-5,31,Zonguldak,Merkez,aegypti,0,0,1,0.005233868218614718,0
TUR.81.6_1,2039,11,10.36811516565435,77.06554814462217,Zinguldak,Merkez,1.789014913622339e-4,1.7889989108454962e-5,30,Zonguldak,Merkez,aegypti,0,0,1,0,0
TUR.81.6_1,2039,12,5.700170359190772,80.39342076383573,Zinguldak,Merkez,1.4714928559624328e-4,1.4240152052868993e-5,31,Zonguldak,Merkez,aegypti,0,0,1,0,0
TUR.81.6_1,2040,1,5.7724898282219375,85.58254753717773,Zinguldak,Merkez,1.5440461123515694e-4,1.4942270095574806e-5,31,Zonguldak,Merkez,aegypti,0,0,1,0,0
TUR.81.6_1,2040,2,5.611532508450397,77.27018962077062,Zinguldak,Merkez,1.1962429766975722e-4,1.2374850776097901e-5,29,Zonguldak,Merkez,aegypti,0,0,1,0,0
TUR.81.6_1,2040,3,6.115822458968443,77.60093981837538,Zinguldak,Merkez,1.41785048451713e-4,1.3721039586855888e-5,31,Zonguldak,Merkez,aegypti,0,0,1,0,0
TUR.81.6_1,2040,4,12.001182598226212,68.03667414097887,Zinguldak,Merkez,1.874846485994648e-4,1.874828910852777e-5,30,Zonguldak,Merkez,aegypti,0,0,1,0,0
TUR.81.6_1,2040,5,16.09930046866922,78.14572996183821,Zinguldak,Merkez,2.620539646660571e-4,2.5359739533103998e-5,31,Zonguldak,Merkez,aegypti,0,0,1,0.0012160984743056933,0
TUR.81.6_1,2040,6,18.270093945895926,79.58370879309447,Zinguldak,Merkez,2.9475065800883756e-4,2.947463141544926e-5,30,Zonguldak,Merkez,aegypti,0,0,1,0.015507910191080283,0
TUR.81.6_1,2040,7,22.801458527060117,73.85492068799617,Zinguldak,Merkez,3.4613579735639203e-4,3.349645162875614e-5,31,Zonguldak,Merkez,aegypti,1.5417167309877411e-6,1.5417167309877411e-6,0.999998458283269,0.12071383810457939,5.336433517300065e-10
TUR.81.6_1,2040,8,23.575430533465216,70.57134069682941,Zinguldak,Merkez,4.1101444074404095e-4,3.9774800001390886e-5,31,Zonguldak,Merkez,aegypti,7.928391729407519e-5,7.928391729407519e-5,0.9999207160827059,0.13990267498267756,3.2586834342041016e-8
TUR.81.6_1,2040,9,18.842784152311438,71.5304118993195,Zinguldak,Merkez,3.2759835704387885e-4,3.275929910684372e-5,30,Zonguldak,Merkez,aegypti,0,0,1,0.020643884453270426,0
TUR.81.6_1,2040,10,17.198573112487793,73.21507500989692,Zinguldak,Merkez,3.228345087622644e-4,3.1241561207373536e-5,31,Zonguldak,Merkez,aegypti,0,0,1,0.005302584397591962,0
TUR.81.6_1,2040,11,10.378699043217827,72.64688511971983,Zinguldak,Merkez,1.8726002774539728e-4,1.872582744399942e-5,30,Zonguldak,Merkez,aegypti,0,0,1,0,0
TUR.81.6_1,2040,12,5.521301111754249,85.22236973844511,Zinguldak,Merkez,1.5402431300963877e-4,1.4905467590753396e-5,31,Zonguldak,Merkez,aegypti,0,0,1,0,0
TUR.81.6_1,2041,1,4.770283502690932,73.97002922663086,Zinguldak,Merkez,1.5074357405156714e-4,1.4587981405855821e-5,31,Zonguldak,Merkez,aegypti,0,0,1,0,0
TUR.81.6_1,2041,2,0.3433111301239804,73.63187632731359,Zinguldak,Merkez,1.1276075528223242e-4,1.208143651343363e-5,28,Zonguldak,Merkez,aegypti,0,0,1,0,0
TUR.81.6_1,2041,3,6.114587450728697,79.60234362696913,Zinguldak,Merkez,1.3842322958952728e-4,1.3395706688568154e-5,31,Zonguldak,Merkez,aegypti,0,0,1,0,0
TUR.81.6_1,2041,4,11.77609066402211,74.89729273228747,Zinguldak,Merkez,1.8303926148062062e-4,1.83037586322099e-5,30,Zonguldak,Merkez,aegypti,0,0,1,0,0
TUR.81.6_1,2041,5,16.633832061991974,70.38690275236556,Zinguldak,Merkez,2.5584048890859787e-4,2.4758450495654394e-5,31,Zonguldak,Merkez,aegypti,0,0,1,0.002499707526200292,0
TUR.81.6_1,2041,6,20.539707211887137,73.02548125403197,Zinguldak,Merkez,2.8776192166070824e-4,2.8775778135425867e-5,30,Zonguldak,Merkez,aegypti,2.9193314432518493e-16,2.9193314432518493e-16,0.9999999999999997,0.05279756912128332,0
TUR.81.6_1,2041,7,21.717453171225156,84.53655368360164,Zinguldak,Merkez,3.3792868479313255e-4,3.270224121776355e-5,31,Zonguldak,Merkez,aegypti,1.3838530257770377e-8,1.3838530257770377e-8,0.9999999861614698,0.10216327258203785,4.676481424326084e-12
TUR.81.6_1,2041,8,23.468739172991583,77.84113134624347,Zinguldak,Merkez,4.0126901190924664e-4,3.8831731052235696e-5,31,Zonguldak,Merkez,aegypti,6.876399639903653e-4,6.876399639903653e-4,0.9993123600360097,0.15563397177653146,2.7592857088087896e-07
TUR.81.6_1,2041,9,19.82701228646671,75.93248862051091,Zinguldak,Merkez,3.1983077965855083e-4,3.1982566512711585e-5,30,Zonguldak,Merkez,aegypti,0,0,1,0.03904434525456403,0
TUR.81.6_1,2041,10,18.145405769348145,75.67676019056098,Zinguldak,Merkez,3.151798854238166e-4,3.0500814075296034e-5,31,Zonguldak,Merkez,aegypti,0,0,1,0.013274131588549636,0
TUR.81.6_1,2041,11,10.932977416936088,81.16313573007139,Zinguldak,Merkez,1.8281996653808107e-4,1.8281829539112948e-5,30,Zonguldak,Merkez,aegypti,0,0,1,0,0
TUR.81.6_1,2041,12,6.473402342375587,74.84057194791777,Zinguldak,Merkez,1.5037229295276132e-4,1.4552051500360541e-5,31,Zonguldak,Merkez,aegypti,0,0,1,0,0
TUR.81.6_1,2042,1,8.315273565404555,77.2604955352246,Zinguldak,Merkez,1.6017927648667572e-4,1.5501100161907644e-5,31,Zonguldak,Merkez,aegypti,0,0,1,0,0
TUR.81.6_1,2042,2,8.727796374874957,77.51396403483312,Zinguldak,Merkez,1.1981894625253057e-4,1.2837661837905578e-5,28,Zonguldak,Merkez,aegypti,0,0,1,0,0
TUR.81.6_1,2042,3,5.781677389846129,81.26483447169569,Zinguldak,Merkez,1.4708774754812823e-4,1.4234196842655145e-5,31,Zonguldak,Merkez,aegypti,0,0,1,0,0
TUR.81.6_1,2042,4,7.036164325826309,83.56029474644762,Zinguldak,Merkez,1.9449649284945065e-4,1.9449460141762742e-5,30,Zonguldak,Merkez,aegypti,0,0,1,0,0
TUR.81.6_1,2042,5,15.360856140361113,83.1876687435765,Zinguldak,Merkez,2.7185466887867356e-4,2.630817027715615e-5,31,Zonguldak,Merkez,aegypti,0,0,1,2.0508450521232411e-4,0
TUR.81.6_1,2042,6,19.338315991794364,80.3532705606726,Zinguldak,Merkez,3.0577420432037657e-4,3.0576952947503067e-5,30,Zonguldak,Merkez,aegypti,0,0,1,0.032127248333474086,0
TUR.81.6_1,2042,7,23.234398056479062,74.00132876905086,Zinguldak,Merkez,3.5908112551279354e-4,3.474918257306836e-5,31,Zonguldak,Merkez,aegypti,3.4169386538349056e-5,3.4169386538349056e-5,0.9999658306134617,0.1368616326232518,1.2269581683987951e-8
TUR.81.6_1,2042,8,24.512896201189825,81.57889379741535,Zinguldak,Merkez,4.263862019230012e-4,4.126232951795483e-5,31,Zonguldak,Merkez,aegypti,0.075393607757369,0.075393607757369,0.924606392242631,0.21048516018091937,3.2146277358258146e-5
TUR.81.6_1,2042,9,21.426116214079016,72.28220480703435,Zinguldak,Merkez,3.398503930015018e-4,3.398446181523962e-5,30,Zonguldak,Merkez,aegypti,4.837864608919773e-12,4.837864608919773e-12,0.9999999999951621,0.07526655232806402,1.6653345369377348e-15
TUR.81.6_1,2042,10,13.989418983459473,79.33898400647895,Zinguldak,Merkez,3.349083788677454e-4,3.240996306330679e-5,31,Zonguldak,Merkez,aegypti,0,0,1,0,0
TUR.81.6_1,2042,11,13.15145085138433,69.13595219735654,Zinguldak,Merkez,1.9426347127321316e-4,1.942615843708584e-5,30,Zonguldak,Merkez,aegypti,0,0,1,0,0
TUR.81.6_1,2042,12,7.082218489226173,81.5217090328787,Zinguldak,Merkez,1.5978475527305802e-4,1.5462921280628983e-5,31,Zonguldak,Merkez,aegypti,0,0,1,0,0
TUR.81.6_1,2043,1,6.454632085912367,83.14927422174804,Zinguldak,Merkez,1.5728059145298716e-4,1.5220586564335115e-5,31,Zonguldak,Merkez,aegypti,0,0,1,0,0
TUR.81.6_1,2043,2,4.627739249783405,80.83160624674719,Zinguldak,Merkez,1.1765064212560167e-4,1.2605346493943514e-5,28,Zonguldak,Merkez,aegypti,0,0,1,0,0
TUR.81.6_1,2043,3,9.061256075606627,76.30935198878554,Zinguldak,Merkez,1.4442597342972544e-4,1.3976609432364562e-5,31,Zonguldak,Merkez,aegypti,0,0,1,0,0
TUR.81.6_1,2043,4,12.077045482747696,77.2686153641234,Zinguldak,Merkez,1.9097678614772565e-4,1.9097496255282564e-5,30,Zonguldak,Merkez,aegypti,0,0,1,0,0
TUR.81.6_1,2043,5,16.483496750102326,77.13263792082259,Zinguldak,Merkez,2.6693504957896647e-4,2.5832090498556504e-5,31,Zonguldak,Merkez,aegypti,0,0,1,0.0022501465649550057,0
TUR.81.6_1,2043,6,22.083917645847098,74.45780852453979,Zinguldak,Merkez,3.002407599873e-4,3.0023625280706234e-5,30,Zonguldak,Merkez,aegypti,5.412058077469695e-9,5.412058077469695e-9,0.999999994587942,0.09830650711560548,1.6249224188413791e-12
TUR.81.6_1,2043,7,22.860050369711484,74.4414990571368,Zinguldak,Merkez,3.525830122285164e-4,3.412035455474527e-5,31,Zonguldak,Merkez,aegypti,3.1050180284657445e-6,3.1050180284657445e-6,0.9999968949819715,0.12364904396376195,1.0947766027058492e-9
TUR.81.6_1,2043,8,21.596573493059942,78.2829343247591,Zinguldak,Merkez,4.1867010200549205e-4,4.0515640703620015e-5,31,Zonguldak,Merkez,aegypti,3.219334968607157e-10,3.219334968607157e-10,0.9999999996780665,0.08847320520441238,1.34781075189494e-13
TUR.81.6_1,2043,9,20.52502368478214,77.08248251699528,Zinguldak,Merkez,3.3370028875896843e-4,3.3369472102640074e-5,30,Zonguldak,Merkez,aegypti,1.3504197760028093e-15,1.3504197760028093e-15,0.9999999999999987,0.05614663406703448,0
TUR.81.6_1,2043,10,14.800652503967285,82.84609460218208,Zinguldak,Merkez,3.288477078073316e-4,3.182346534602587e-5,31,Zonguldak,Merkez,aegypti,0,0,1,4.869950687272101e-6,0
TUR.81.6_1,2043,11,9.453192451420952,81.18029423837217,Zinguldak,Merkez,1.9074798144754342e-4,1.9074616221970153e-5,30,Zonguldak,Merkez,aegypti,0,0,1,0,0
TUR.81.6_1,2043,12,5.080451330717872,83.67531926237089,Zinguldak,Merkez,1.5689320969437554e-4,1.5183098576954102e-5,31,Zonguldak,Merkez,aegypti,0,0,1,0,0
TUR.81.6_1,2044,1,7.273096365087172,85.66535698541992,Zinguldak,Merkez,1.6041656004543036e-4,1.5524062730642996e-5,31,Zonguldak,Merkez,aegypti,0,0,1,0,0
TUR.81.6_1,2044,2,7.409116565304645,77.39528880289953,Zinguldak,Merkez,1.242820287329843e-4,1.2856678945238897e-5,29,Zonguldak,Merkez,aegypti,0,0,1,0,0
TUR.81.6_1,2044,3,8.516031885848326,80.8224058828285,Zinguldak,Merkez,1.473056378080479e-4,1.4255282696495897e-5,31,Zonguldak,Merkez,aegypti,0,0,1,0,0
TUR.81.6_1,2044,4,11.653207821004532,77.18159449009997,Zinguldak,Merkez,1.9478461264247805e-4,1.947827156023596e-5,30,Zonguldak,Merkez,aegypti,0,0,1,0,0
TUR.81.6_1,2044,5,15.447305763469023,77.78633207365462,Zinguldak,Merkez,2.72257384165635e-4,2.6347141698135346e-5,31,Zonguldak,Merkez,aegypti,0,0,1,2.516973193712146e-4,0
TUR.81.6_1,2044,6,20.698818234836356,81.80546477453979,Zinguldak,Merkez,3.0622716673204376e-4,3.062224780259193e-5,30,Zonguldak,Merkez,aegypti,7.1131323053919e-14,7.1131323053919e-14,0.9999999999999288,0.06498240730126079,0
TUR.81.6_1,2044,7,23.662820984335507,75.69158298047664,Zinguldak,Merkez,3.5961305479361035e-4,3.480065781014119e-5,31,Zonguldak,Merkez,aegypti,9.770957903087944e-4,9.770957903087944e-4,0.9990229042096912,0.15708191085569098,3.5137634024628994e-7
TUR.81.6_1,2044,8,22.448214194353888,76.00272955180988,Zinguldak,Merkez,4.270178344138908e-4,4.13234527187889e-5,31,Zonguldak,Merkez,aegypti,2.5655138703467584e-7,2.5655138703467584e-7,0.999999743448613,0.1131063748269591,1.0955203411100456e-10
TUR.81.6_1,2044,9,18.607741580289954,79.86077994131169,Zinguldak,Merkez,3.403538345980948e-4,3.403480426267258e-5,30,Zonguldak,Merkez,aegypti,0,0,1,0.019904106020360485,0
TUR.81.6_1,2044,10,13.31649112701416,86.27853631360786,Zinguldak,Merkez,3.354044995503801e-4,3.245797318507382e-5,31,Zonguldak,Merkez,aegypti,0,0,1,0,0
TUR.81.6_1,2044,11,10.031990745488335,83.05173131112608,Zinguldak,Merkez,1.9455124587683723e-4,1.9454935337948065e-5,30,Zonguldak,Merkez,aegypti,0,0,1,0,0
TUR.81.6_1,2044,12,6.682999929961036,79.96200139127714,Zinguldak,Merkez,1.600214544029176e-4,1.548582729360426e-5,31,Zonguldak,Merkez,aegypti,0,0,1,0,0
TUR.81.6_1,2045,1,7.079225820653578,85.00897728571289,Zinguldak,Merkez,1.5285426327693168e-4,1.4792238652860945e-5,31,Zonguldak,Merkez,aegypti,0,0,1,0,0
TUR.81.6_1,2045,2,4.5363810649689515,78.6452582853214,Zinguldak,Merkez,1.143396146977373e-4,1.2250597964169607e-5,28,Zonguldak,Merkez,aegypti,0,0,1,0,0
TUR.81.6_1,2045,3,6.994425917372984,81.48786456202772,Zinguldak,Merkez,1.4036141117420187e-4,1.3583270118244783e-5,31,Zonguldak,Merkez,aegypti,0,0,1,0,0
TUR.81.6_1,2045,4,12.00589088832631,81.19159662633044,Zinguldak,Merkez,1.8560215014407812e-4,1.856004277467349e-5,30,Zonguldak,Merkez,aegypti,0,0,1,0,0
TUR.81.6_1,2045,5,16.475376213298127,77.1963128475804,Zinguldak,Merkez,2.5942272958949514e-4,2.5105110305623235e-5,31,Zonguldak,Merkez,aegypti,0,0,1,0.0021974296623954617,0
TUR.81.6_1,2045,6,19.685043363010184,77.07488921301635,Zinguldak,Merkez,2.9179112152107295e-4,2.91786864459187e-5,30,Zonguldak,Merkez,aegypti,0,0,1,0.03718109344463517,0
TUR.81.6_1,2045,7,24.725181747885312,64.64741641553523,Zinguldak,Merkez,3.426603122500381e-4,3.316012556986436e-5,31,Zonguldak,Merkez,aegypti,0.0019507857971980459,0.0019507857971980459,0.9980492142028019,0.1597254517440108,6.684566470349651e-7
TUR.81.6_1,2045,8,23.579121253069708,67.47057165386066,Zinguldak,Merkez,4.06887521256914e-4,3.93754365016763e-5,31,Zonguldak,Merkez,aegypti,1.9296550573040304e-5,1.9296550573040304e-5,0.9999807034494269,0.13204752060884534,7.851525651858537e-9
TUR.81.6_1,2045,9,19.943700061124915,67.3964015843781,Zinguldak,Merkez,3.243090029248661e-4,3.243037441647001e-5,30,Zonguldak,Merkez,aegypti,0,0,1,0.03635857984045207,0
TUR.81.6_1,2045,10,15.32263469696045,73.6398262916352,Zinguldak,Merkez,3.195929875570332e-4,3.0927875357966705e-5,31,Zonguldak,Merkez,aegypti,0,0,1,1.5220247164990396e-4,0
TUR.81.6_1,2045,11,10.881262519780327,76.8244669068292,Zinguldak,Merkez,1.85379784666192e-4,1.8537806639407073e-5,30,Zonguldak,Merkez,aegypti,0,0,1,0,0
TUR.81.6_1,2045,12,7.697236380156348,82.5949741085623,Zinguldak,Merkez,1.5247778355510154e-4,1.4755805669564026e-5,31,Zonguldak,Merkez,aegypti,0,0,1,0,0
TUR.81.6_1,2046,1,5.37844352161183,84.20978294977539,Zinguldak,Merkez,1.5858072116577373e-4,1.5346403645866147e-5,31,Zonguldak,Merkez,aegypti,0,0,1,0,0
TUR.81.6_1,2046,2,5.426275550442584,78.48649058512609,Zinguldak,Merkez,1.1862317849606438e-4,1.2709545500477759e-5,28,Zonguldak,Merkez,aegypti,0,0,1,0,0
TUR.81.6_1,2046,3,8.076223994002623,75.63912493800429,Zinguldak,Merkez,1.4561984291876684e-4,1.4092143567956406e-5,31,Zonguldak,Merkez,aegypti,0,0,1,0,0
TUR.81.6_1,2046,4,12.276696247213028,77.6509395828734,Zinguldak,Merkez,1.9255545896316558e-4,1.9255360509506936e-5,30,Zonguldak,Merkez,aegypti,0,0,1,0,0
TUR.81.6_1,2046,5,16.256084526286408,80.87771696134993,Zinguldak,Merkez,2.691416167474624e-4,2.6045623717885213e-5,31,Zonguldak,Merkez,aegypti,0,0,1,0.0016723251574723424,0
TUR.81.6_1,2046,6,20.631795911227957,73.0154791178015,Zinguldak,Merkez,3.027226423953134e-4,3.0271806039205984e-5,30,Zonguldak,Merkez,aegypti,9.605094497544542e-16,9.605094497544542e-16,0.999999999999999,0.0551567468141709,0
TUR.81.6_1,2046,7,23.645023514242734,74.01206332715633,Zinguldak,Merkez,3.554975717821604e-4,3.440239904151099e-5,31,Zonguldak,Merkez,aegypti,4.2306210489084355e-4,4.2306210489084355e-4,0.9995769378951092,0.15118326477983662,1.5039753964440905e-7
TUR.81.6_1,2046,8,24.714813849505255,72.38769354106769,Zinguldak,Merkez,4.2213095775663176e-4,4.085054860236692e-5,31,Zonguldak,Merkez,aegypti,0.0204825856138067,0.0204825856138067,0.9795174143861933,0.18488224923372257,8.646296103087536e-6
TUR.81.6_1,2046,9,19.026511416715735,86.4308254125031,Zinguldak,Merkez,3.364587579163703e-4,3.36453097754541e-5,30,Zonguldak,Merkez,aegypti,0,0,1,0.02906445421890719,0
TUR.81.6_1,2046,10,14.065582275390625,84.50416039808051,Zinguldak,Merkez,3.3156606403903394e-4,3.208652367192588e-5,31,Zonguldak,Merkez,aegypti,0,0,1,0,0
TUR.81.6_1,2046,11,11.021394470158745,77.30939885262998,Zinguldak,Merkez,1.923247628930032e-4,1.923229134637161e-5,30,Zonguldak,Merkez,aegypti,0,0,1,0,0
TUR.81.6_1,2046,12,6.212461790617774,84.94362980924589,Zinguldak,Merkez,1.5819013719047467e-4,1.5308605776032103e-5,31,Zonguldak,Merkez,aegypti,0,0,1,0,0
TUR.81.6_1,2047,1,3.4866519395042865,81.20889794000976,Zinguldak,Merkez,1.5888469489854797e-4,1.537582000687987e-5,31,Zonguldak,Merkez,aegypti,0,0,1,0,0
TUR.81.6_1,2047,2,5.3531535259064515,82.05147013834875,Zinguldak,Merkez,1.1885056004721335e-4,1.2733907499562491e-5,28,Zonguldak,Merkez,aegypti,0,0,1,0,0
TUR.81.6_1,2047,3,7.845471049056334,77.42257220362929,Zinguldak,Merkez,1.4589897273286162e-4,1.411915574955902e-5,31,Zonguldak,Merkez,aegypti,0,0,1,0,0
TUR.81.6_1,2047,4,11.601077121846817,79.71311151890856,Zinguldak,Merkez,1.929245568030342e-4,1.9292269582082966e-5,30,Zonguldak,Merkez,aegypti,0,0,1,0,0
TUR.81.6_1,2047,5,16.369857872233673,80.82801145597884,Zinguldak,Merkez,2.6965751793195814e-4,2.609554833743477e-5,31,Zonguldak,Merkez,aegypti,0,0,1,0.002005373197975732,0
TUR.81.6_1,2047,6,21.291812924777762,68.21566680090697,Zinguldak,Merkez,3.033029130040464e-4,3.032983134176881e-5,30,Zonguldak,Merkez,aegypti,1.9382723204230956e-13,1.9382723204230956e-13,0.9999999999998062,0.0665733707906261,1.1102230246251565e-16
TUR.81.6_1,2047,7,23.49782388350543,69.38148623975398,Zinguldak,Merkez,3.5617900344101785e-4,3.446834176989988e-5,31,Zonguldak,Merkez,aegypti,2.9313303462405292e-5,2.9313303462405292e-5,0.9999706866965375,0.13418112686352054,1.0440783126952624e-8
TUR.81.6_1,2047,8,23.380322119768927,75.24842657329425,Zinguldak,Merkez,4.2294011489758533e-4,4.0928850930210814e-5,31,Zonguldak,Merkez,aegypti,1.4950831464316205e-4,1.4950831464316205e-4,0.9998504916853569,0.1446337602748662,6.323306178668275e-8
TUR.81.6_1,2047,9,18.644240603727454,84.4143459203156,Zinguldak,Merkez,3.371036952316794e-4,3.370980133499124e-5,30,Zonguldak,Merkez,aegypti,0,0,1,0.022026362009686558,0
TUR.81.6_1,2047,10,15.635662078857422,80.18506097181098,Zinguldak,Merkez,3.3220162284723143e-4,3.214802738760181e-5,31,Zonguldak,Merkez,aegypti,0,0,1,4.487890715260721e-4,0
TUR.81.6_1,2047,11,11.642986991826225,81.03693028573545,Zinguldak,Merkez,1.9269341852561566e-4,1.9269156199985815e-5,30,Zonguldak,Merkez,aegypti,0,0,1,0,0
TUR.81.6_1,2047,12,8.140923819121191,78.8862109860037,Zinguldak,Merkez,1.584933622365986e-4,1.5337949685667596e-5,31,Zonguldak,Merkez,aegypti,0,0,1,0,0
TUR.81.6_1,2048,1,4.5863655034233535,75.57000481256836,Zinguldak,Merkez,1.6116826621853083e-4,1.559680735740976e-5,31,Zonguldak,Merkez,aegypti,0,0,1,0,0
TUR.81.6_1,2048,2,1.9695666423615292,86.3172782438175,Zinguldak,Merkez,1.2486440980497324e-4,1.2916924486683357e-5,29,Zonguldak,Merkez,aegypti,0,0,1,0,0
TUR.81.6_1,2048,3,5.224104548201842,77.77592761134413,Zinguldak,Merkez,1.4799590667580978e-4,1.4322081955064903e-5,31,Zonguldak,Merkez,aegypti,0,0,1,0,0
TUR.81.6_1,2048,4,10.861347240560196,81.578696846057,Zinguldak,Merkez,1.956973662615986e-4,1.95695451401523e-5,30,Zonguldak,Merkez,aegypti,0,0,1,0,0
TUR.81.6_1,2048,5,17.006603325114533,77.4365472225804,Zinguldak,Merkez,2.7353317237784655e-4,2.6470601813044503e-5,31,Zonguldak,Merkez,aegypti,0,0,1,0.004501629537415672,0
TUR.81.6_1,2048,6,22.52183344784905,60.020457297733145,Zinguldak,Merkez,3.076621361113794e-4,3.076574033600288e-5,30,Zonguldak,Merkez,aegypti,4.978965553736891e-10,4.978965553736891e-10,0.9999999995021035,0.08726932427918561,1.532107773982716e-13
TUR.81.6_1,2048,7,24.570675064535703,73.1775601533282,Zinguldak,Merkez,3.612981885051132e-4,3.496372957767502e-5,31,Zonguldak,Merkez,aegypti,0.016600915749360127,0.016600915749360127,0.9833990842506398,0.1822652529373982,5.997862800533049e-6
TUR.81.6_1,2048,8,25.303368231829474,60.22379125835285,Zinguldak,Merkez,4.2901882447415646e-4,4.151708889732486e-5,31,Zonguldak,Merkez,aegypti,0.0029197639946257486,0.0029197639946257486,0.9970802360053742,0.1614766948768866,1.2526329321582708e-6
TUR.81.6_1,2048,9,17.791798816007727,74.2375881078156,Zinguldak,Merkez,3.419487203033696e-4,3.419428739237507e-5,30,Zonguldak,Merkez,aegypti,0,0,1,0.009596147979578157,0
TUR.81.6_1,2048,10,15.810869216918945,79.40415429456489,Zinguldak,Merkez,3.369761928514102e-4,3.261006758836782e-5,31,Zonguldak,Merkez,aegypti,0,0,1,6.754137905876275e-4,0
TUR.81.6_1,2048,11,12.449845054570366,83.61786290292295,Zinguldak,Merkez,1.954629059477712e-4,1.9546099567335773e-5,30,Zonguldak,Merkez,aegypti,0,0,1,0,0
TUR.81.6_1,2048,12,5.603533110197852,85.61556584440214,Zinguldak,Merkez,1.607713091253298e-4,1.5558392753245442e-5,31,Zonguldak,Merkez,aegypti,0,0,1,0,0
TUR.81.6_1,2049,1,5.449222368352553,79.1563695586621,Zinguldak,Merkez,1.7786289353722637e-4,1.721238994933927e-5,31,Zonguldak,Merkez,aegypti,0,0,1,0,0
TUR.81.6_1,2049,2,6.42575913580025,80.15168223551672,Zinguldak,Merkez,1.3304682695847517e-4,1.4254915571831894e-5,28,Zonguldak,Merkez,aegypti,0,0,1,0,0
TUR.81.6_1,2049,3,9.91571583817987,73.39177996730116,Zinguldak,Merkez,1.633260741127106e-4,1.580562419745135e-5,31,Zonguldak,Merkez,aegypti,0,0,1,0,0
TUR.81.6_1,2049,4,14.479376834981583,68.99028742222887,Zinguldak,Merkez,2.1596869307824213e-4,2.1596636097132027e-5,30,Zonguldak,Merkez,aegypti,0,0,1,0,0
TUR.81.6_1,2049,5,17.87787255118875,70.81574338957259,Zinguldak,Merkez,3.018671271897498e-4,2.921252109855388e-5,31,Zonguldak,Merkez,aegypti,0,0,1,0.00979759433887885,0
TUR.81.6_1,2049,6,19.46683886471917,74.28668120520385,Zinguldak,Merkez,3.395313422706667e-4,3.395255782590034e-5,30,Zonguldak,Merkez,aegypti,0,0,1,0.031375504489924835,0
TUR.81.6_1,2049,7,23.828766037436093,69.30681735547664,Zinguldak,Merkez,3.987232892990506e-4,3.8585380335964814e-5,31,Zonguldak,Merkez,aegypti,2.0582203443751497e-4,2.0582203443751497e-4,0.9997941779655625,0.14550237712618969,8.206603518967626e-8
TUR.81.6_1,2049,8,25.39358200746424,78.81751837016925,Zinguldak,Merkez,0.00047345877258149287,4.581754123933468e-5,31,Zonguldak,Merkez,aegypti,0.15726145971009706,0.15726145971009706,0.8427385402899029,0.23672980876785854,7.445404584871529e-5
TUR.81.6_1,2049,9,23.552605853361243,65.14163702749333,Zinguldak,Merkez,3.773695049374183e-4,3.773623846403673e-5,30,Zonguldak,Merkez,aegypti,6.556637125462727e-6,6.556637125462727e-6,0.9999934433628745,0.12543496264530005,2.4742748960804306e-9
TUR.81.6_1,2049,10,17.289868354797363,67.22170876844184,Zinguldak,Merkez,3.718818978448435e-4,3.5987923178382175e-5,31,Zonguldak,Merkez,aegypti,0,0,1,0.005326793862523365,0
TUR.81.6_1,2049,11,9.892936447087456,74.49113103036436,Zinguldak,Merkez,2.1570994617467715e-4,2.1570761965183927e-5,30,Zonguldak,Merkez,aegypti,0,0,1,0,0
TUR.81.6_1,2049,12,6.808733305510352,86.71380192838652,Zinguldak,Merkez,1.7742481761283112e-4,1.7169996233912244e-5,31,Zonguldak,Merkez,aegypti,0,0,1,0,0
TUR.81.6_1,2050,1,3.7505610409904926,80.46993767389648,Zinguldak,Merkez,1.5873824964236243e-4,1.5361648103118242e-05,31,Zonguldak,Merkez,aegypti,0,0,1,0,0
TUR.81.6_1,2050,2,5.596307097988971,77.55399546793859,Zinguldak,Merkez,1.1874101456377313e-4,1.272217063286174e-5,28,Zonguldak,Merkez,aegypti,0,0,1,0,0
TUR.81.6_1,2050,3,7.859785700545592,79.20628649806288,Zinguldak,Merkez,1.4576449651756152e-4,1.4106142105951847e-5,31,Zonguldak,Merkez,aegypti,0,0,1,0,0
TUR.81.6_1,2050,4,14.445910495870255,72.96950495152575,Zinguldak,Merkez,1.9274673674199216e-4,1.927448791883002e-5,30,Zonguldak,Merkez,aegypti,0,0,1,0,0
TUR.81.6_1,2050,5,14.014512146220488,80.93756956144759,Zinguldak,Merkez,2.6940897250521883e-4,2.6071496181501175e-5,31,Zonguldak,Merkez,aegypti,0,0,1,0,0
TUR.81.6_1,2050,6,21.0539989751928,73.0640631021765,Zinguldak,Merkez,3.03023356355591e-4,3.0301876524418958e-5,30,Zonguldak,Merkez,aegypti,1.178035446969261e-13,1.178035446969261e-13,0.9999999999998822,0.06571168143256498,0
TUR.81.6_1,2050,7,22.306097198935117,79.43546420606258,Zinguldak,Merkez,3.558507104897041e-4,3.443657257884425e-5,31,Zonguldak,Merkez,aegypti,3.46447259420124e-7,3.46447259420124e-7,0.9999996535527406,0.11461035022588088,1.2328349452417342e-10
TUR.81.6_1,2050,8,25.926422736224005,66.48573889018878,Zinguldak,Merkez,4.225502877117959e-4,4.08911272620216e-5,31,Zonguldak,Merkez,aegypti,0.05449446513721908,0.05449446513721908,0.9455055348627809,0.20080849383745886,2.3026386811064725e-5
TUR.81.6_1,2050,9,22.558587298673743,61.19909018301091,Zinguldak,Merkez,3.3679298413996086e-4,3.367873127280152e-5,30,Zonguldak,Merkez,aegypti,1.0268510746702653e-9,1.0268510746702653e-9,0.999999998973149,0.08967354832345968,3.4583447217073626e-13
TUR.81.6_1,2050,10,12.732460021972656,80.42353295667426,Zinguldak,Merkez,3.318954300336682e-4,3.211839677719208e-5,31,Zonguldak,Merkez,aegypti,0,0,1,0,0
TUR.81.6_1,2050,11,9.666805007878471,76.54023381356748,Zinguldak,Merkez,1.925158115065175e-4,1.9251395840136354e-5,30,Zonguldak,Merkez,aegypti,0,0,1,0,0
TUR.81.6_1,2050,12,8.184695562895605,73.09474522672636,Zinguldak,Merkez,1.583472776747642e-4,1.532381268676275e-5,31,Zonguldak,Merkez,aegypti,0,0,1,0,0
TUR.81.6_1,2051,1,4.700472635381361,78.36135613092773,Zinguldak,Merkez,1.6109741427080626e-4,1.558995082429071e-5,31,Zonguldak,Merkez,aegypti,0,0,1,0,0
TUR.81.6_1,2051,2,3.7056201091584042,82.75485453776281,Zinguldak,Merkez,1.2050574110029172e-4,1.2911246052738079e-5,28,Zonguldak,Merkez,aegypti,0,0,1,0,0
TUR.81.6_1,2051,3,7.634755755172057,79.3870039663246,Zinguldak,Merkez,1.4793084549168667e-4,1.4315785801577441e-5,31,Zonguldak,Merkez,aegypti,0,0,1,0,0
TUR.81.6_1,2051,4,13.666109127156876,67.66369593052966,Zinguldak,Merkez,1.9561133481204882e-4,1.9560942163487915e-5,30,Zonguldak,Merkez,aegypti,0,0,1,0,0
TUR.81.6_1,2051,5,15.544022644267363,86.28962034269759,Zinguldak,Merkez,2.734129231595298e-4,2.645896509989587e-5,31,Zonguldak,Merkez,aegypti,0,0,1,3.86990648481446e-4,0
TUR.81.6_1,2051,6,20.90343859616448,79.80445769446166,Zinguldak,Merkez,3.0752688329706274e-4,3.075221547066409e-5,30,Zonguldak,Merkez,aegypti,3.8156861004168265e-13,3.8156861004168265e-13,0.9999999999996184,0.06906402538914408,1.1102230246251565e-16
TUR.81.6_1,2051,7,23.71250550887164,77.61545688184383,Zinguldak,Merkez,3.6113935649081176e-4,3.4948359274866725e-5,31,Zonguldak,Merkez,aegypti,0.0023511833621403496,0.0023511833621403496,0.9976488166378596,0.16464679033045082,8.491044859448849e-7
TUR.81.6_1,2051,8,22.495220801409552,80.6132337022005,Zinguldak,Merkez,4.2883022146912516e-4,4.149883775128593e-5,31,Zonguldak,Merkez,aegypti,2.4463871026475516e-6,2.4463871026475516e-6,0.9999975536128973,0.12347133871258299,1.0490847079935861e-9
TUR.81.6_1,2051,9,19.392466769498938,86.45203512929997,Zinguldak,Merkez,3.4179839460077397e-4,3.417925533599764e-5,30,Zonguldak,Merkez,aegypti,0,0,1,0.036463536279580336,0
TUR.81.6_1,2051,10,15.598172187805176,83.73007439954536,Zinguldak,Merkez,3.368280531452477e-4,3.259573195524279e-5,31,Zonguldak,Merkez,aegypti,0,0,1,4.3300209844604573e-4,0
TUR.81.6_1,2051,11,9.815207221928764,81.37139531259092,Zinguldak,Merkez,1.9537697757043468e-4,1.9537506897426837e-5,30,Zonguldak,Merkez,aegypti,0,0,1,0,0
TUR.81.6_1,2051,12,8.828383764799902,77.6053500851248,Zinguldak,Merkez,1.6070063168580016e-4,1.5551553107506777e-5,31,Zonguldak,Merkez,aegypti,0,0,1,0,0
TUR.81.6_1,2052,1,6.0892455998589,75.6874974883496,Zinguldak,Merkez,1.5991122447288434e-4,1.5475160046185543e-5,31,Zonguldak,Merkez,aegypti,0,0,1,0,0
TUR.81.6_1,2052,2,6.627332984524616,75.22426829508703,Zinguldak,Merkez,1.2389052220691753e-4,1.2816178790009403e-5,29,Zonguldak,Merkez,aegypti,0,0,1,0,0
TUR.81.6_1,2052,3,8.410288477645201,81.44427020167616,Zinguldak,Merkez,1.4684160355372958e-4,1.421037679494308e-5,31,Zonguldak,Merkez,aegypti,0,0,1,0,0
TUR.81.6_1,2052,4,12.6412430230309,78.636069892932,Zinguldak,Merkez,1.941710126891754e-4,1.941691275819668e-5,30,Zonguldak,Merkez,aegypti,0,0,1,0,0
TUR.81.6_1,2052,5,17.014320457682892,69.64936918302962,Zinguldak,Merkez,2.713997336770054e-4,2.6264145447152387e-5,31,Zonguldak,Merkez,aegypti,0,0,1,0.004028320752763075,0
TUR.81.6_1,2052,6,21.58348467770745,78.39149382727416,Zinguldak,Merkez,3.0526250647137075e-4,3.052578472584333e-5,30,Zonguldak,Merkez,aegypti,2.55330854015412e-10,2.55330854015412e-10,0.9999999997446691,0.0882397309029729,7.793765632868599e-14
TUR.81.6_1,2052,7,23.917879272909726,75.75321322950008,Zinguldak,Merkez,3.5848022119533527e-4,3.469103256148465e-5,31,Zonguldak,Merkez,aegypti,0.0032317604815277037,0.0032317604815277037,0.9967682395184723,0.1659340021379531,1.158521541144708e-6
TUR.81.6_1,2052,8,22.955460211809942,78.97682012798175,Zinguldak,Merkez,4.2567266592393057e-4,4.119328049390081e-5,31,Zonguldak,Merkez,aegypti,4.364266940097178e-5,4.364266940097178e-5,0.9999563573305991,0.13836613140275233,1.8577491212035113e-8
TUR.81.6_1,2052,9,19.798672900480383,76.77706259512028,Zinguldak,Merkez,3.3928167035379134e-4,3.392759148157509e-5,30,Zonguldak,Merkez,aegypti,0,0,1,0.03924574558751955,0
TUR.81.6_1,2052,10,15.683791160583496,86.01388024671333,Zinguldak,Merkez,3.3434792643369677e-4,3.2355727487387576e-5,31,Zonguldak,Merkez,aegypti,0,0,1,5.631310450019221e-4,0
TUR.81.6_1,2052,11,7.951218822423149,83.84708043221983,Zinguldak,Merkez,1.9393838106289982e-4,1.9393650046994892e-5,30,Zonguldak,Merkez,aegypti,0,0,1,0,0
TUR.81.6_1,2052,12,4.217415175017188,82.97836644254667,Zinguldak,Merkez,1.595173634708003e-4,1.543704505446719e-5,31,Zonguldak,Merkez,aegypti,0,0,1,0,0
TUR.81.6_1,2053,1,0.2494449738193958,84.14673363336914,Zinguldak,Merkez,1.601511749252244e-4,1.5498380698031333e-5,31,Zonguldak,Merkez,aegypti,0,0,1,0,0
TUR.81.6_1,2053,2,3.0788078895386533,86.02639231852453,Zinguldak,Merkez,1.1979792543413883e-4,1.2835409636258177e-5,28,Zonguldak,Merkez,aegypti,0,0,1,0,0
TUR.81.6_1,2053,3,7.283445025191588,75.2205992422035,Zinguldak,Merkez,1.470619427407454e-4,1.4231699638767026e-5,31,Zonguldak,Merkez,aegypti,0,0,1,0,0
TUR.81.6_1,2053,4,12.62710384761586,73.1293331375609,Zinguldak,Merkez,1.944623707378657e-4,1.9446047996973803e-5,30,Zonguldak,Merkez,aegypti,0,0,1,0,0
TUR.81.6_1,2053,5,15.42554100822,70.43920988127181,Zinguldak,Merkez,2.7180697518913466e-4,2.630355488020264e-5,31,Zonguldak,Merkez,aegypti,0,0,1,2.0509392262553716e-4,0
TUR.81.6_1,2053,6,21.441982297336356,64.78244307654174,Zinguldak,Merkez,3.057205598491228e-4,3.057158866437426e-5,30,Zonguldak,Merkez,aegypti,2.2740948013577625e-13,2.2740948013577625e-13,0.9999999999997726,0.06621307373624426,1.1102230246251565e-16
TUR.81.6_1,2053,7,23.80196969649371,70.73869067700984,Zinguldak,Merkez,3.5901812897206785e-4,3.474308634554557e-5,31,Zonguldak,Merkez,aegypti,3.072564325520796e-4,3.072564325520796e-4,0.999692743567448,0.14835637991220513,1.1031062341348985e-7
TUR.81.6_1,2053,8,24.79795326906092,70.89037908794269,Zinguldak,Merkez,4.263113975018666e-4,4.1255090679093165e-5,31,Zonguldak,Merkez,aegypti,0.01759377382365605,0.01759377382365605,0.982406226176344,0.18278431166313783,7.500398177984202e-6
TUR.81.6_1,2053,9,20.928029284757727,78.82449454092107,Zinguldak,Merkez,3.397907702655733e-4,3.397849974429157e-5,30,Zonguldak,Merkez,aegypti,2.9258589995251327e-13,2.9258589995251327e-13,0.9999999999997075,0.06854123350143106,1.1102230246251565e-16
TUR.81.6_1,2053,10,16.026840209960938,77.72510766370551,Zinguldak,Merkez,3.34849623149804e-4,3.240427721040717e-5,31,Zonguldak,Merkez,aegypti,0,0,1,0.001045023563986988,0
TUR.81.6_1,2053,11,11.912364700261284,79.56065770272764,Zinguldak,Merkez,1.9422939004251047e-4,1.9422750380138076e-5,30,Zonguldak,Merkez,aegypti,0,0,1,0,0
TUR.81.6_1,2053,12,7.411839327391456,78.61501652799589,Zinguldak,Merkez,1.5975672292569212e-4,1.5460208514839202e-5,31,Zonguldak,Merkez,aegypti,0,0,1,0,0
TUR.81.6_1,2054,1,5.619394582860609,83.12175499567383,Zinguldak,Merkez,1.5271095744091124e-4,1.4778370551193909e-5,31,Zonguldak,Merkez,aegypti,0,0,1,0,0
TUR.81.6_1,2054,2,8.344846545773395,74.27028880289953,Zinguldak,Merkez,1.1423241759558759e-4,1.2239112700984656e-5,28,Zonguldak,Merkez,aegypti,0,0,1,0,0
TUR.81.6_1,2054,3,6.824530745253844,80.09105975245741,Zinguldak,Merkez,1.4022981779275402e-4,1.3570535447815502e-5,31,Zonguldak,Merkez,aegypti,0,0,1,0,0
TUR.81.6_1,2054,4,10.28181461726918,82.57579767613512,Zinguldak,Merkez,1.8542814210057722e-4,1.8542642293173373e-5,30,Zonguldak,Merkez,aegypti,0,0,1,0,0
TUR.81.6_1,2054,5,13.342023933635039,85.54986661955306,Zinguldak,Merkez,2.5917951235531714e-4,2.5081573744478725e-5,31,Zonguldak,Merkez,aegypti,0,0,1,0,0
TUR.81.6_1,2054,6,19.431661633884207,78.22489073889525,Zinguldak,Merkez,2.9151755786824133e-4,2.9151330878551818e-5,30,Zonguldak,Merkez,aegypti,0,0,1,0.03288410570835812,0
TUR.81.6_1,2054,7,21.96057145735797,77.5985806611407,Zinguldak,Merkez,3.423390570788359e-4,3.312903739027817e-5,31,Zonguldak,Merkez,aegypti,7.41144561711149e-9,7.41144561711149e-9,0.9999999925885544,0.09926252046290454,2.5371926781758702e-12
TUR.81.6_1,2054,8,24.695519110735724,70.01806082012043,Zinguldak,Merkez,4.065060509913816e-4,3.9338521477305655e-5,31,Zonguldak,Merkez,aegypti,0.009945384116628833,0.009945384116628833,0.9900546158833712,0.1758906202963015,4.042850650476382e-6
TUR.81.6_1,2054,9,18.184729800504797,82.72913473867497,Zinguldak,Merkez,3.2400495270214577e-4,3.239997037984832e-5,30,Zonguldak,Merkez,aegypti,0,0,1,0.015200112264970046,0
TUR.81.6_1,2054,10,13.544346809387207,84.83133935315864,Zinguldak,Merkez,3.1929335875188075e-4,3.089887991836182e-5,31,Zonguldak,Merkez,aegypti,0,0,1,0,0
TUR.81.6_1,2054,11,10.186489799443413,80.48102971200498,Zinguldak,Merkez,1.8520598509754832e-4,1.8520427004564688e-5,30,Zonguldak,Merkez,aegypti,0,0,1,0,0
TUR.81.6_1,2054,12,5.797120890196632,85.32294804655058,Zinguldak,Merkez,1.5233483068104712e-4,1.4741971724574476e-5,31,Zonguldak,Merkez,aegypti,0,0,1,0,0
TUR.81.6_1,2055,1,6.9760773602653945,78.9660848296582,Zinguldak,Merkez,1.6447369267674045e-4,1.5916682296945872e-5,31,Zonguldak,Merkez,aegypti,0,0,1,0,0
TUR.81.6_1,2055,2,5.371436893063434,82.90913615397375,Zinguldak,Merkez,1.2303129952287494e-4,1.3181838067644058e-5,28,Zonguldak,Merkez,aegypti,0,0,1,0,0
TUR.81.6_1,2055,3,4.946180487380309,81.199969359391,Zinguldak,Merkez,1.5103117904741696e-4,1.4615813740959105e-5,31,Zonguldak,Merkez,aegypti,0,0,1,0,0
TUR.81.6_1,2055,4,13.103309673421524,71.40029108433825,Zinguldak,Merkez,1.997109557070911e-4,1.9970896149690276e-5,30,Zonguldak,Merkez,aegypti,0,0,1,0,0
TUR.81.6_1,2055,5,16.64005574058084,80.219529095139,Zinguldak,Merkez,2.791431091624851e-4,2.7013484403037857e-5,31,Zonguldak,Merkez,aegypti,0,0,1,0.0029713699158162342,0
TUR.81.6_1,2055,6,19.216312436496512,79.36599639075072,Zinguldak,Merkez,3.1397202942197027e-4,3.139671005514266e-5,30,Zonguldak,Merkez,aegypti,0,0,1,0.02944114320362343,0
TUR.81.6_1,2055,7,21.763454605551328,83.77598697217586,Zinguldak,Merkez,3.687081124287763e-4,3.568079366034205e-5,31,Zonguldak,Merkez,aegypti,1.388195269769188e-8,1.388195269769188e-8,0.9999999861180473,0.10239843637202778,5.118350188126897e-12
TUR.81.6_1,2055,8,23.209225318011114,71.93485464336261,Zinguldak,Merkez,4.3781764205009317e-4,4.236855165817843e-5,31,Zonguldak,Merkez,aegypti,1.3405962811400497e-5,1.3405962811400497e-5,0.9999865940371886,0.13059107547250778,5.869366992428127e-9
TUR.81.6_1,2055,9,22.13219378976261,65.71437567495427,Zinguldak,Merkez,3.489618028037986e-4,3.489557141578281e-5,30,Zonguldak,Merkez,aegypti,2.120924801340962e-10,2.120924801340962e-10,0.9999999997879075,0.08552957544240007,7.405187574249794e-14
TUR.81.6_1,2055,10,17.449593544006348,73.94388818128364,Zinguldak,Merkez,3.4388729296914365e-4,3.327886169501859e-5,31,Zonguldak,Merkez,aegypti,0,0,1,0.006955424836026794,0
TUR.81.6_1,2055,11,11.332662322941948,77.08985539559873,Zinguldak,Merkez,1.994716868081563e-4,1.9946969737394404e-5,30,Zonguldak,Merkez,aegypti,0,0,1,0,0
TUR.81.6_1,2055,12,7.280689081724952,84.56261784635527,Zinguldak,Merkez,1.6406859432527916e-4,1.587747985387633e-5,31,Zonguldak,Merkez,aegypti,0,0,1,0,0
TUR.81.6_1,2056,1,7.505553049199721,80.32085167536133,Zinguldak,Merkez,1.618610419345165e-4,1.5663849120772788e-5,31,Zonguldak,Merkez,aegypti,0,0,1,0,0
TUR.81.6_1,2056,2,6.256914912777789,81.51926646403234,Zinguldak,Merkez,1.2540113476289065e-4,1.2972447039460988e-5,29,Zonguldak,Merkez,aegypti,0,0,1,0,0
TUR.81.6_1,2056,3,5.906670237288756,79.20376116847304,Zinguldak,Merkez,1.4863206150092444e-4,1.4383644441617882e-5,31,Zonguldak,Merkez,aegypti,0,0,1,0,0
TUR.81.6_1,2056,4,12.481581730001114,78.31720697789294,Zinguldak,Merkez,1.9653856401230567e-4,1.9653663265506438e-5,30,Zonguldak,Merkez,aegypti,0,0,1,0,0
TUR.81.6_1,2056,5,15.98179158042459,76.65664762541243,Zinguldak,Merkez,2.747089444065842e-4,2.658438318448031e-5,31,Zonguldak,Merkez,aegypti,0,0,1,9.377234164554844e-4,0
TUR.81.6_1,2056,6,21.093893079196707,75.67803862707885,Zinguldak,Merkez,3.0898461020399784e-4,3.0897983667843576e-5,30,Zonguldak,Merkez,aegypti,5.150103121742689e-13,5.150103121742689e-13,0.999999999999485,0.069700898110677,1.1102230246251565e-16
TUR.81.6_1,2056,7,22.893375565023984,80.98494082959773,Zinguldak,Merkez,3.6285121514676333e-4,3.5114017212345416e-5,31,Zonguldak,Merkez,aegypti,6.169575274059502e-5,6.169575274059502e-5,0.9999383042472594,0.14033912761662276,2.2386378639716042e-8
TUR.81.6_1,2056,8,24.95250191408045,73.04335607768878,Zinguldak,Merkez,4.308629457163209e-4,4.1695544818143304e-5,31,Zonguldak,Merkez,aegypti,0.04003946539797688,0.04003946539797688,0.9599605346020231,0.19544309617995992,1.7251373199633768e-5
TUR.81.6_1,2056,9,20.28156779794132,72.1677638890656,Zinguldak,Merkez,3.4341857398546686e-4,3.4341267723725366e-5,30,Zonguldak,Merkez,aegypti,6.550315845288423e-18,6.550315845288423e-18,1,0.04652593963889982,0
TUR.81.6_1,2056,10,15.433621406555176,84.71904229505317,Zinguldak,Merkez,3.384246723117291e-4,3.27502384390721e-5,31,Zonguldak,Merkez,aegypti,0,0,1,2.701172389549417e-4,0
TUR.81.6_1,2056,11,7.521810272160698,82.58574315194639,Zinguldak,Merkez,1.9630309587965892e-4,1.9630116914748363e-5,30,Zonguldak,Merkez,aegypti,0,0,1,0,0
TUR.81.6_1,2056,12,5.957072100218604,82.25899846158964,Zinguldak,Merkez,1.614623785362164e-4,1.5625269395469488e-5,31,Zonguldak,Merkez,aegypti,0,0,1,0,0
TUR.81.6_1,2057,1,3.863549751393935,85.62547814020508,Zinguldak,Merkez,1.6563229770425874e-4,1.6028803573209238e-5,31,Zonguldak,Merkez,aegypti,0,0,1,0,0
TUR.81.6_1,2057,2,5.888894855099567,80.15649638346594,Zinguldak,Merkez,1.238979711458528e-4,1.3274694513287777e-5,28,Zonguldak,Merkez,aegypti,0,0,1,0,0
TUR.81.6_1,2057,3,5.439681673751158,84.49582964991835,Zinguldak,Merkez,1.5209509073145917e-4,1.4718771426003308e-5,31,Zonguldak,Merkez,aegypti,0,0,1,0,0
TUR.81.6_1,2057,4,12.063258213155411,73.05824243931872,Zinguldak,Merkez,2.0111778322805818e-4,2.0111576082393334e-5,30,Zonguldak,Merkez,aegypti,0,0,1,0,0
TUR.81.6_1,2057,5,16.348051155314728,84.83452695890853,Zinguldak,Merkez,2.8110948204807705e-4,2.7203773394601782e-5,31,Zonguldak,Merkez,aegypti,0,0,1,0.002054897371268171,0
TUR.81.6_1,2057,6,21.96671679440667,77.870581656864,Zinguldak,Merkez,3.161837483045965e-4,3.1617874974965154e-5,30,Zonguldak,Merkez,aegypti,9.006737732408787e-9,9.006737732408787e-9,0.9999999909932623,0.09975766291347181,2.847833080465989e-12
TUR.81.6_1,2057,7,24.940992523642148,71.20867282422664,Zinguldak,Merkez,3.713054096973818e-4,3.593213600894263e-5,31,Zonguldak,Merkez,aegypti,0.026359247716562596,0.026359247716562596,0.9736407522834374,0.18820476468701405,9.787283376971878e-6
TUR.81.6_1,2057,8,24.333668372210333,76.3632337022005,Zinguldak,Merkez,4.409017688363289e-4,4.2667002850715896e-5,31,Zonguldak,Merkez,aegypti,0.019632115523681312,0.019632115523681312,0.9803678844763187,0.1852620642675958,8.655796998713328e-6
TUR.81.6_1,2057,9,19.849747882169837,79.69221609853825,Zinguldak,Merkez,3.514200007840371e-4,3.5141382605519134e-5,30,Zonguldak,Merkez,aegypti,0,0,1,0.04214385518750303,0
TUR.81.6_1,2057,10,14.671698570251465,83.8577217994477,Zinguldak,Merkez,3.4630974448737387e-4,3.3513284658059916e-5,31,Zonguldak,Merkez,aegypti,0,0,1,7.404565401957367e-10,0
TUR.81.6_1,2057,11,7.654299476567436,86.96955510262998,Zinguldak,Merkez,2.008768288428628e-4,2.0087481128139295e-5,30,Zonguldak,Merkez,aegypti,0,0,1,0,0
TUR.81.6_1,2057,12,6.711722216185401,83.1793018063162,Zinguldak,Merkez,1.6522434571110555e-4,1.5989324980147934e-5,31,Zonguldak,Merkez,aegypti,0,0,1,0,0
TUR.81.6_1,2058,1,6.349265855901381,79.42442833551758,Zinguldak,Merkez,1.7006427828366693e-4,1.645769795288743e-5,31,Zonguldak,Merkez,aegypti,0,0,1,0,0
TUR.81.6_1,2058,2,5.243957816677936,82.18931040934484,Zinguldak,Merkez,1.2721322674248136e-4,1.3629895691646965e-5,28,Zonguldak,Merkez,aegypti,0,0,1,0,0
TUR.81.6_1,2058,3,10.664003039107603,75.53483874415663,Zinguldak,Merkez,1.5616484341670389e-4,1.5112612585577168e-5,31,Zonguldak,Merkez,aegypti,0,0,1,0,0
TUR.81.6_1,2058,4,11.229405445211075,75.79051935582262,Zinguldak,Merkez,2.0649928262035614e-4,2.0649715053777662e-5,30,Zonguldak,Merkez,aegypti,0,0,1,0,0
TUR.81.6_1,2058,5,19.35164078544168,73.797226849045245,Zinguldak,Merkez,2.8863139524008705e-4,2.793168041048677e-5,31,Zonguldak,Merkez,aegypti,0,0,1,0.029192725829040825,0
TUR.81.6_1,2058,6,21.235765485202567,75.60253050940307,Zinguldak,Merkez,3.246441769253029e-4,3.2463890728973155e-5,30,Zonguldak,Merkez,aegypti,2.421136346963948e-12,2.421136346963948e-12,0.9999999999975788,0.0735845458527774,7.771561172376096e-16
TUR.81.6_1,2058,7,23.960825134726132,80.56377536328914,Zinguldak,Merkez,3.8124078092399065e-4,3.689358853653513e-5,31,Zonguldak,Merkez,aegypti,0.017140710066101465,0.017140710066101465,0.9828592899338985,0.18417898748984146,6.534716339823277e-6
TUR.81.6_1,2058,8,24.1364065619076,78.23495306255207,Zinguldak,Merkez,0.00045269939589333193,4.3808659330069055e-5,31,Zonguldak,Merkez,aegypti,0.016373534938737194,0.016373534938737194,0.9836264650612628,0.18323784255336523,7.41226190448252e-6
TUR.81.6_1,2058,9,19.16635249642765,81.82540243887028,Zinguldak,Merkez,3.608232792525361e-4,3.608167696589337e-5,30,Zonguldak,Merkez,aegypti,0,0,1,0.029513233926032733,0
TUR.81.6_1,2058,10,16.283446311950684,87.24265527112739,Zinguldak,Merkez,3.555762829783653e-4,3.4410015992025755e-5,31,Zonguldak,Merkez,aegypti,0,0,1,0.001955295906197078,0
TUR.81.6_1,2058,11,11.241555908147026,77.60945531014951,Zinguldak,Merkez,2.0625188079000358e-4,2.062497538124486e-5,30,Zonguldak,Merkez,aegypti,0,0,1,0,0
TUR.81.6_1,2058,12,5.9828766198719245,83.60793644987089,Zinguldak,Merkez,1.6964541033187498e-4,1.641716301092888e-5,31,Zonguldak,Merkez,aegypti,0,0,1,0,0
TUR.81.6_1,2059,1,4.208688062780043,87.00848137506836,Zinguldak,Merkez,1.6082271895902854e-4,1.5563367821047613e-5,31,Zonguldak,Merkez,aegypti,0,0,1,0,0
TUR.81.6_1,2059,2,3.754639922696002,84.23374400309484,Zinguldak,Merkez,1.2030026069408916e-4,1.2889230578960742e-5,28,Zonguldak,Merkez,aegypti,0,0,1,0,0
TUR.81.6_1,2059,3,6.815528536544127,79.08410937403944,Zinguldak,Merkez,1.47678601159226e-4,1.4291375408870266e-5,31,Zonguldak,Merkez,aegypti,0,0,1,0,0
TUR.81.6_1,2059,4,9.709574741475723,75.43129694371325,Zinguldak,Merkez,1.952777880766982e-4,1.9527588141832197e-5,30,Zonguldak,Merkez,aegypti,0,0,1,0,0
TUR.81.6_1,2059,5,18.085374916301056,73.30134672209212,Zinguldak,Merkez,2.7294671301884366e-4,2.6413849182227445e-5,31,Zonguldak,Merkez,aegypti,0,0,1,0.012106170352878032,0
TUR.81.6_1,2059,6,19.898756055270926,77.01896575110229,Zinguldak,Merkez,3.0700250372542467e-4,3.0699779124732096e-5,30,Zonguldak,Merkez,aegypti,0,0,1,0.0416110869726377,0
TUR.81.6_1,2059,7,25.24897782942828,69.93152362378719,Zinguldak,Merkez,3.605235595919262e-4,3.48887681074217e-5,31,Zonguldak,Merkez,aegypti,0.03765117993180514,0.03765117993180514,0.9623488200681949,0.1940114465795819,1.357404528368189e-5
TUR.81.6_1,2059,8,26.435827872332403,68.62690939189777,Zinguldak,Merkez,4.2809900146836117e-4,4.142807745943777e-5,31,Zonguldak,Merkez,aegypti,0.11597901947435095,0.11597901947435095,0.884020980525649,0.22229315694865837,4.9649269862506173e-5
TUR.81.6_1,2059,9,20.376900897306555,78.07070273183903,Zinguldak,Merkez,3.4121557694975844e-4,3.412097556121374e-5,30,Zonguldak,Merkez,aegypti,3.2002178684820136e-16,3.2002178684820136e-16,0.9999999999999997,0.053274258892319244,0
TUR.81.6_1,2059,10,16.94681453704834,76.91362237317817,Zinguldak,Merkez,3.3625371067368766e-4,3.2540152235860376e-5,31,Zonguldak,Merkez,aegypti,0,0,1,0.004185731219019522,0
TUR.81.6_1,2059,11,10.102117278996635,82.49357243661436,Zinguldak,Merkez,1.9504383044941583e-4,1.9504192835695378e-5,30,Zonguldak,Merkez,aegypti,0,0,1,0,0
TUR.81.6_1,2059,12,7.251715025481055,81.08104283414823,Zinguldak,Merkez,1.6042661294798477e-4,1.5525035577113044e-5,31,Zonguldak,Merkez,aegypti,0,0,1,0,0
TUR.81.6_1,2060,1,4.926253599279066,87.13167320856445,Zinguldak,Merkez,1.8467980528139353e-4,1.787207951331471e-5,31,Zonguldak,Merkez,aegypti,0,0,1,0,0
TUR.81.6_1,2060,2,3.6781437984284238,79.85220561198156,Zinguldak,Merkez,1.4307987192771073e-4,1.4801256521757011e-5,29,Zonguldak,Merkez,aegypti,0,0,1,0,0
TUR.81.6_1,2060,3,9.8015877253869,75.24128253077772,Zinguldak,Merkez,1.6958583639704918e-4,1.6411397886106904e-5,31,Zonguldak,Merkez,aegypti,0,0,1,0,0
TUR.81.6_1,2060,4,15.400026363485,66.80535471348864,Zinguldak,Merkez,2.242460773653102e-4,2.2424356306949278e-5,30,Zonguldak,Merkez,aegypti,0,0,1,1.7537944338182553e-4,0
TUR.81.6_1,2060,5,17.62174042533426,77.01422971769759,Zinguldak,Merkez,3.1343672174426055e-4,3.033212594705237e-5,31,Zonguldak,Merkez,aegypti,0,0,1,0.008548667132136176,0
TUR.81.6_1,2060,6,22.215230969821707,59.57319548743041,Zinguldak,Merkez,3.525444848582369e-4,3.5253827055048426e-5,30,Zonguldak,Merkez,aegypti,3.3688419165400774e-11,3.3688419165400774e-11,0.9999999999663116,0.0790625438592963,1.1879386363489175e-14
TUR.81.6_1,2060,7,23.75160234114703,80.60137301953914,Zinguldak,Merkez,4.140050685360829e-4,4.006420404090161e-5,31,Zonguldak,Merkez,aegypti,0.007454429508106831,0.007454429508106831,0.9925455704918932,0.17533710753764864,3.0861668371962026e-6
TUR.81.6_1,2060,8,26.459620139178107,73.65990270854816,Zinguldak,Merkez,4.916049221408681e-4,4.7573538227929646e-5,31,Zonguldak,Merkez,aegypti,0.1905737770449606,0.1905737770449606,0.8094262229550394,0.2477326417180441,9.368261833575531e-5
TUR.81.6_1,2060,9,21.078135714811438,82.76934164785466,Zinguldak,Merkez,3.918328624086607e-4,3.918251858592292e-5,30,Zonguldak,Merkez,aegypti,8.910275128837242e-12,8.910275128837242e-12,0.9999999999910897,0.07795115184483721,3.4416913763379853e-15
TUR.81.6_1,2060,10,17.50716495513916,74.40249871595161,Zinguldak,Merkez,3.8613493301393065e-4,3.736719857216908e-5,31,Zonguldak,Merkez,aegypti,0,0,1,0.007369738425322861,0
TUR.81.6_1,2060,11,12.735818603459526,74.33241673593076,Zinguldak,Merkez,2.2397741352645536e-4,2.239749052512785e-5,30,Zonguldak,Merkez,aegypti,0,0,1,0,0
TUR.81.6_1,2060,12,5.901226362761329,80.3525424679373,Zinguldak,Merkez,1.8422493931802807e-4,1.782806101224832e-5,31,Zonguldak,Merkez,aegypti,0,0,1,0,0
TUR.81.6_1,2061,1,5.805836958043715,81.4931615508496,Zinguldak,Merkez,1.6698894038445544e-4,1.6160089461592086e-5,31,Zonguldak,Merkez,aegypti,0,0,1,0,0
TUR.81.6_1,2061,2,5.726939498501666,79.92000804118078,Zinguldak,Merkez,1.2491278092616726e-4,1.338342268331072e-5,28,Zonguldak,Merkez,aegypti,0,0,1,0,0
TUR.81.6_1,2061,3,8.596248293624205,76.00577075099257,Zinguldak,Merkez,1.5334085435603388e-4,1.4839327414417625e-5,31,Zonguldak,Merkez,aegypti,0,0,1,0,0
TUR.81.6_1,2061,4,10.272322696797989,87.42893183140856,Zinguldak,Merkez,2.0276507649305236e-4,2.0276302082344877e-5,30,Zonguldak,Merkez,aegypti,0,0,1,0,0
TUR.81.6_1,2061,5,19.074436271891877,78.31875700041243,Zinguldak,Merkez,2.834119624606555e-4,2.7426587993373275e-5,31,Zonguldak,Merkez,aegypti,0,0,1,0.026551103901546705,0
TUR.81.6_1,2061,6,20.5305671972387,76.96554473059447,Zinguldak,Merkez,3.1877351113274063e-4,3.187684303596061e-5,30,Zonguldak,Merkez,aegypti,1.182220987772098e-15,1.182220987772098e-15,0.9999999999999988,0.056291522440550454,0
TUR.81.6_1,2061,7,23.70803659102496,77.84031802686336,Zinguldak,Merkez,3.743466569249172e-4,3.622643963807626e-5,31,Zonguldak,Merkez,aegypti,0.002444534259463318,0.002444534259463318,0.9975554657405367,0.16402094003696494,9.151028090848001e-7
TUR.81.6_1,2061,8,25.35681786256678,70.75861562969074,Zinguldak,Merkez,4.4451305821447665e-4,4.301646749571564e-5,31,Zonguldak,Merkez,aegypti,0.0540107578604001,0.0540107578604001,0.9459892421395999,0.201190489110294,2.4008198951541715e-5
TUR.81.6_1,2061,9,21.03136943368351,76.35766714834294,Zinguldak,Merkez,3.5429837280656157e-4,3.5429209651383076e-5,30,Zonguldak,Merkez,aegypti,3.776477464079164e-13,3.776477464079164e-13,0.9999999999996223,0.0689021061638432,1.1102230246251565e-16
TUR.81.6_1,2061,10,14.816184043884277,82.11725091321723,Zinguldak,Merkez,3.491462599885865e-4,3.378777692109036e-5,31,Zonguldak,Merkez,aegypti,0,0,1,6.09041347715896e-6,0
TUR.81.6_1,2061,11,9.13849041742437,79.45644017343076,Zinguldak,Merkez,2.0252214852536452e-4,2.0252009777843583e-5,30,Zonguldak,Merkez,aegypti,0,0,1,0,0
TUR.81.6_1,2061,12,8.707390150603125,76.56054265104277,Zinguldak,Merkez,1.665776469832976e-4,1.6120287516740994e-5,31,Zonguldak,Merkez,aegypti,0,0,1,0,0
TUR.81.6_1,2062,1,6.292604726903578,79.88390099176758,Zinguldak,Merkez,1.7438461466325042e-4,1.687578805353862e-5,31,Zonguldak,Merkez,aegypti,0,0,1,0,0
TUR.81.6_1,2062,2,3.3949726215180234,82.24865946940344,Zinguldak,Merkez,1.3044496909899792e-4,1.3976149021877049e-5,28,Zonguldak,Merkez,aegypti,0,0,1,0,0
TUR.81.6_1,2062,3,8.727808619246764,78.7895918569496,Zinguldak,Merkez,1.6013207663601506e-4,1.5496532505210325e-5,31,Zonguldak,Merkez,aegypti,0,0,1,0,0
TUR.81.6_1,2062,4,14.062018436544083,75.24430048375231,Zinguldak,Merkez,2.1174521887496757e-4,2.117429770887025e-5,30,Zonguldak,Merkez,aegypti,0,0,1,0,0
TUR.81.6_1,2062,5,18.020420158610627,69.46466154142806,Zinguldak,Merkez,2.959638270107715e-4,2.8641250510053062e-5,31,Zonguldak,Merkez,aegypti,0,0,1,0.01087777008881145,0
TUR.81.6_1,2062,6,22.747436551486746,62.64206221716674,Zinguldak,Merkez,3.328914823685473e-4,3.3288594159297524e-5,30,Zonguldak,Merkez,aegypti,8.294124032914851e-9,8.294124032914851e-9,0.999999991705876,0.09713066437300909,2.761013639940302e-12
TUR.81.6_1,2062,7,26.047157455893124,68.63446170362117,Zinguldak,Merkez,3.90925874300622e-4,3.783082061914467e-5,31,Zonguldak,Merkez,aegypti,0.08799745272984927,0.08799745272984927,0.9120025472701507,0.2132200800303418,3.439988945486139e-5
TUR.81.6_1,2062,8,26.34598793702967,57.021078245657534,Zinguldak,Merkez,4.641998337797123e-4,4.4921555556021175e-5,31,Zonguldak,Merkez,aegypti,0.010407300416464255,0.010407300416464255,0.9895926995835358,0.17211470013851646,4.831055453791144e-6
TUR.81.6_1,2062,9,20.60979960946476,71.97869223379216,Zinguldak,Merkez,3.6998968360086806e-4,3.699828390668625e-5,30,Zonguldak,Merkez,aegypti,4.329314684525798e-16,4.329314684525798e-16,0.9999999999999996,0.053562561300661796,0
TUR.81.6_1,2062,10,16.72987461090088,75.24514245374458,Zinguldak,Merkez,3.646093919097196e-4,3.528415736175905e-5,31,Zonguldak,Merkez,aegypti,0,0,1,0.0030911959126229682,0
TUR.81.6_1,2062,11,10.759999015752006,77.78865452889951,Zinguldak,Merkez,2.1149153201439682e-4,2.114892955962233e-5,30,Zonguldak,Merkez,aegypti,0,0,1,0,0
TUR.81.6_1,2062,12,6.520012697752784,83.63360936246855,Zinguldak,Merkez,1.7395510573224384e-4,1.683422337372953e-5,31,Zonguldak,Merkez,aegypti,0,0,1,0,0
TUR.81.6_1,2063,1,2.4960306111504047,79.25879418024414,Zinguldak,Merkez,1.5961744141557136e-4,1.5446729867307774e-5,31,Zonguldak,Merkez,aegypti,0,0,1,0,0
TUR.81.6_1,2063,2,5.083765803891071,79.56007609538,Zinguldak,Merkez,1.1939867661675757e-4,1.2792633525382513e-5,28,Zonguldak,Merkez,aegypti,0,0,1,0,0
TUR.81.6_1,2063,3,6.7345644481041855,83.50339800929335,Zinguldak,Merkez,1.4657183152631283e-4,1.418427019517221e-5,31,Zonguldak,Merkez,aegypti,0,0,1,0,0
TUR.81.6_1,2063,4,10.268465084188126,83.58676874547106,Zinguldak,Merkez,1.9381428880104677e-4,1.9381241061378063e-5,30,Zonguldak,Merkez,aegypti,0,0,1,0,0
TUR.81.6_1,2063,5,16.076374138102814,80.50235075041243,Zinguldak,Merkez,2.709011280051624e-4,2.621589455142903e-5,31,Zonguldak,Merkez,aegypti,0,0,1,0.0011868541205860385,0
TUR.81.6_1,2063,6,20.508733777438895,84.8836431803015,Zinguldak,Merkez,3.0470168935093543e-4,3.0469704724200852e-5,30,Zonguldak,Merkez,aegypti,2.577521529545379e-14,2.577521529545379e-14,0.9999999999999742,0.06311415537828713,0
TUR.81.6_1,2063,7,24.18593423506793,74.79634982617976,Zinguldak,Merkez,3.5782163443436125e-4,3.4627300567691144e-5,31,Zonguldak,Merkez,aegypti,0.007557190516628991,0.007557190516628991,0.992442809483371,0.17399976341343443,2.704122606278503e-6
TUR.81.6_1,2063,8,24.268498084124396,74.53349127055988,Zinguldak,Merkez,4.24890635659189e-4,4.111760326031e-5,31,Zonguldak,Merkez,aegypti,0.009062008883948924,0.009062008883948924,0.9909379911160511,0.17585455487068327,3.850355302370545e-6
TUR.81.6_1,2063,9,22.037801013273352,69.79981726430974,Zinguldak,Merkez,3.3865835446877235e-4,3.386526200599427e-5,30,Zonguldak,Merkez,aegypti,5.772258194203239e-10,5.772258194203239e-10,0.9999999994227742,0.08913660307426664,1.9551027463649007e-13
TUR.81.6_1,2063,10,15.102068901062012,79.59131860120551,Zinguldak,Merkez,3.337336746426939e-4,3.229628568723886e-5,31,Zonguldak,Merkez,aegypti,0,0,1,6.395745958735205e-5,0
TUR.81.6_1,2063,11,11.863267639104057,79.36713048104795,Zinguldak,Merkez,1.9358208455709297e-4,1.9358021086768318e-5,30,Zonguldak,Merkez,aegypti,0,0,1,0,0
TUR.81.6_1,2063,12,8.286598524626562,75.68313176237089,Zinguldak,Merkez,1.5922430400052592e-4,1.5408684897910696e-5,31,Zonguldak,Merkez,aegypti,0,0,1,0,0
TUR.81.6_1,2064,1,8.993509573094984,77.8788045562207,Zinguldak,Merkez,1.7957355994656615e-4,1.737793544842603e-5,31,Zonguldak,Merkez,aegypti,0,0,1,0,0
TUR.81.6_1,2064,2,5.827792941647418,79.38161692789953,Zinguldak,Merkez,1.3912383067336042e-4,1.4392016848385758e-5,29,Zonguldak,Merkez,aegypti,0,0,1,0,0
TUR.81.6_1,2064,3,9.64980664323358,73.95418841456679,Zinguldak,Merkez,1.6489692693758874e-4,1.5957639798558354e-5,31,Zonguldak,Merkez,aegypti,0,0,1,0,0
TUR.81.6_1,2064,4,13.632008594625137,77.73331415562731,Zinguldak,Merkez,2.1804585701823295e-4,2.1804347983600536e-5,30,Zonguldak,Merkez,aegypti,0,0,1,0,0
TUR.81.6_1,2064,5,18.011875236735627,71.07399076506087,Zinguldak,Merkez,3.047704531409793e-4,2.9493479878905937e-5,31,Zonguldak,Merkez,aegypti,0,0,1,0.011079204635612246,0
TUR.81.6_1,2064,6,21.537601498996512,73.50050261633666,Zinguldak,Merkez,3.4279691864013524e-4,3.4279104322076925e-5,30,Zonguldak,Merkez,aegypti,2.3771951851436767e-11,2.3771951851436767e-11,0.999999999976228,0.07990206265342736,8.104628079763643e-15
TUR.81.6_1,2064,7,23.556320358725156,68.37394076856258,Zinguldak,Merkez,4.025581675249724e-4,3.895648319507394e-5,31,Zonguldak,Merkez,aegypti,2.4709867780026205e-5,2.4709867780026205e-5,0.99997529013222,0.13352349799350333,9.947159096412861e-9
TUR.81.6_1,2064,8,24.640715262469122,65.6446286606966,Zinguldak,Merkez,4.7801244874381667e-4,4.6258199289828106e-5,31,Zonguldak,Merkez,aegypti,0.002051815379175558,0.002051815379175558,0.9979481846208245,0.16003865144346674,9.807928127436583e-7
TUR.81.6_1,2064,9,20.97778247384464,72.42464560293278,Zinguldak,Merkez,3.8099900473452183e-4,3.809917468144963e-5,30,Zonguldak,Merkez,aegypti,3.942979276416736e-14,3.942979276416736e-14,0.9999999999999606,0.06302855015345514,0
TUR.81.6_1,2064,10,15.064271926879883,83.19521569593208,Zinguldak,Merkez,3.7545861842007433e-4,3.633404491099057e-5,31,Zonguldak,Merkez,aegypti,0,0,1,5.558009963982283e-5,0
TUR.81.6_1,2064,11,9.671989181462456,80.10357304696592,Zinguldak,Merkez,2.1778462151444538e-4,2.1778225002488938e-5,30,Zonguldak,Merkez,aegypti,0,0,1,0,0
TUR.81.6_1,2064,12,8.319052061613867,75.48625523649198,Zinguldak,Merkez,1.7913127065448243e-4,1.7335134001705832e-5,31,Zonguldak,Merkez,aegypti,0,0,1,0,0
TUR.81.6_1,2065,1,6.911499303929945,81.04155480036133,Zinguldak,Merkez,1.715706432932341e-4,1.660347280207919e-5,31,Zonguldak,Merkez,aegypti,0,0,1,0,0
TUR.81.6_1,2065,2,5.767230331021198,81.69011912516515,Zinguldak,Merkez,1.2834003335615113e-4,1.3750623318875554e-5,28,Zonguldak,Merkez,aegypti,0,0,1,0,0
TUR.81.6_1,2065,3,7.613135958419127,74.79353625392226,Zinguldak,Merkez,1.5754809249300358e-4,1.524647336748064e-5,31,Zonguldak,Merkez,aegypti,0,0,1,0,0
TUR.81.6_1,2065,4,10.00232414638295,83.457847236682,Zinguldak,Merkez,2.0832837510808698e-4,2.0832620508781652e-5,30,Zonguldak,Merkez,aegypti,0,0,1,0,0
TUR.81.6_1,2065,5,14.632424438700957,78.52551359220931,Zinguldak,Merkez,2.91187982895297e-4,2.8179085177826302e-5,31,Zonguldak,Merkez,aegypti,0,0,1,0,0
TUR.81.6_1,2065,6,21.124261884128348,79.64240935461791,Zinguldak,Merkez,3.2751975217023643e-4,3.2751438876932326e-5,30,Zonguldak,Merkez,aegypti,3.640972190410707e-12,3.640972190410707e-12,0.999999999996359,0.07523525356137803,1.2212453270876722e-15
TUR.81.6_1,2065,7,21.735153366537656,84.3810513642657,Zinguldak,Merkez,3.846176674659489e-4,3.72203718982389e-5,31,Zonguldak,Merkez,aegypti,1.504283550840535e-8,1.504283550840535e-8,0.9999999849571645,0.10244272106348255,5.785705248229078e-12
TUR.81.6_1,2065,8,25.160397193011114,82.34767736675128,Zinguldak,Merkez,4.5670923580038423e-4,4.41966912781977e-5,31,Zonguldak,Merkez,aegypti,0.17639619876810933,0.17639619876810933,0.8236038012318907,0.2427872090613856,8.055852812494102e-5
TUR.81.6_1,2065,9,20.633742556852454,81.81942862295232,Zinguldak,Merkez,3.640193152924897e-4,3.6401268986963053e-5,30,Zonguldak,Merkez,aegypti,3.696537520525567e-14,3.696537520525567e-14,0.999999999999963,0.06367732328619755,0
TUR.81.6_1,2065,10,16.328059196472168,76.49479150159614,Zinguldak,Merkez,3.58725843111253e-4,3.471480159933371e-5,31,Zonguldak,Merkez,aegypti,0,0,1,0.0017388375462823536,0
TUR.81.6_1,2065,11,11.030511596623588,76.18135472421201,Zinguldak,Merkez,2.0807878188596005e-4,2.0807661706201408e-5,30,Zonguldak,Merkez,aegypti,0,0,1,0,0
TUR.81.6_1,2065,12,8.446291288908789,77.38389927946073,Zinguldak,Merkez,1.711480651676621e-4,1.6562578822987284e-5,31,Zonguldak,Merkez,aegypti,0,0,1,0,0
TUR.81.6_1,2066,1,2.8619001332451313,84.25265251764648,Zinguldak,Merkez,1.5879940181028277e-4,1.536756596387523e-5,31,Zonguldak,Merkez,aegypti,0,0,1,0,0
TUR.81.6_1,2066,2,5.390211879330524,80.67487559489172,Zinguldak,Merkez,1.1878675823600081e-4,1.2727071678320101e-5,28,Zonguldak,Merkez,aegypti,0,0,1,0,0
TUR.81.6_1,2066,3,5.236643458113951,81.27800280665663,Zinguldak,Merkez,1.4582065068952666e-4,1.4111576303932338e-5,31,Zonguldak,Merkez,aegypti,0,0,1,0,0
TUR.81.6_1,2066,4,10.093278926961563,81.4141689529906,Zinguldak,Merkez,1.9282099030619546e-4,1.9281913132163098e-5,30,Zonguldak,Merkez,aegypti,0,0,1,0,0
TUR.81.6_1,2066,5,15.338544929728789,78.61982053801009,Zinguldak,Merkez,2.695127593540911e-4,2.6081539808209264e-5,31,Zonguldak,Merkez,aegypti,0,0,1,1.744307517761201e-4,0
TUR.81.6_1,2066,6,20.257120160495536,82.06441405432494,Zinguldak,Merkez,3.0314009277679626e-4,3.0313549812754914e-5,30,Zonguldak,Merkez,aegypti,3.3556490919295356e-16,3.3556490919295356e-16,0.9999999999999997,0.053542970492977855,0
TUR.81.6_1,2066,7,23.58218972823199,74.82484561475398,Zinguldak,Merkez,3.5598779806910895e-4,3.444983866185414e-5,31,Zonguldak,Merkez,aegypti,4.198040477406899e-4,4.198040477406899e-4,0.9995801959522593,0.15098945766170613,1.4944510740022565e-7
TUR.81.6_1,2066,8,26.992699286516974,72.18757070781574,Zinguldak,Merkez,4.227130705710447e-4,4.090687979763086e-5,31,Zonguldak,Merkez,aegypti,0.21598908495362992,0.21598908495362992,0.7840109150463701,0.2564665325071931,9.129724146372808e-5
TUR.81.6_1,2066,9,21.555712924284094,78.22190970205388,Zinguldak,Merkez,3.369227299395203e-4,3.369170541567268e-5,30,Zonguldak,Merkez,aegypti,1.931364832508109e-10,1.931364832508109e-10,0.9999999998068635,0.08687507719558203,6.505906924303417e-14
TUR.81.6_1,2066,10,15.504490852355957,82.48625420911567,Zinguldak,Merkez,3.3202328910427744e-4,3.213076983810126e-5,31,Zonguldak,Merkez,aegypti,0,0,1,3.217019342287487e-4,0
TUR.81.6_1,2066,11,10.932438590947319,79.30718632821592,Zinguldak,Merkez,1.9258997610930914e-4,1.9258812157585403e-5,30,Zonguldak,Merkez,aegypti,0,0,1,0,0
TUR.81.6_1,2066,12,5.937400183256934,77.61681706510527,Zinguldak,Merkez,1.5840827922502642e-4,1.532971597206778e-5,31,Zonguldak,Merkez,aegypti,0,0,1,0,0
TUR.81.6_1,2067,1,5.689610761754652,83.49361168512695,Zinguldak,Merkez,1.663939732101759e-4,1.6102512921833956e-5,31,Zonguldak,Merkez,aegypti,0,0,1,0,0
TUR.81.6_1,2067,2,3.2033227077301816,83.39356455973547,Zinguldak,Merkez,1.244677274745558e-4,1.3335739021957949e-5,28,Zonguldak,Merkez,aegypti,0,0,1,0,0
TUR.81.6_1,2067,3,7.677810335860533,78.54575640773085,Zinguldak,Merkez,1.5279451413369467e-4,1.4786456563165018e-5,31,Zonguldak,Merkez,aegypti,0,0,1,0,0
TUR.81.6_1,2067,4,12.050235790364884,77.79859888463122,Zinguldak,Merkez,2.0204264203526183e-4,2.020406009872744e-5,30,Zonguldak,Merkez,aegypti,0,0,1,0,0
TUR.81.6_1,2067,5,15.145268524394316,81.65393919035384,Zinguldak,Merkez,2.8240219011241475e-4,2.7328870764065094e-5,31,Zonguldak,Merkez,aegypti,0,0,1,8.221762891917976e-5,0
TUR.81.6_1,2067,6,20.576175717746512,76.96479704993041,Zinguldak,Merkez,3.176377486402236e-4,3.176327040066429e-5,30,Zonguldak,Merkez,aegypti,2.289557432533229e-15,2.289557432533229e-15,0.9999999999999977,0.05715239068309782,0
TUR.81.6_1,2067,7,23.42724053999957,72.26118594678523,Zinguldak,Merkez,3.730128921129551e-4,3.6097370291643394e-5,31,Zonguldak,Merkez,aegypti,6.604051383682546e-5,6.604051383682546e-5,0.9999339594861631,0.1394535591548476,2.4633962758535688e-8
TUR.81.6_1,2067,8,24.58019509034998,72.26112951518878,Zinguldak,Merkez,4.429292965739311e-4,4.2863206821341926e-5,31,Zonguldak,Merkez,aegypti,0.013575837215728782,0.013575837215728782,0.9864241627842713,0.1798497502464448,6.013117949454916e-6
TUR.81.6_1,2067,9,19.98589252023136,81.19831198476872,Zinguldak,Merkez,3.53036038299646e-4,3.53029806651195e-5,30,Zonguldak,Merkez,aegypti,2.831068712794149e-18,2.831068712794149e-18,1,0.04609570336914927,0
TUR.81.6_1,2067,10,16.767115592956543,78.35092400892036,Zinguldak,Merkez,3.4790228201473126e-4,3.3667396016068274e-5,31,Zonguldak,Merkez,aegypti,0,0,1,0.0034463459421445134,0
TUR.81.6_1,2067,11,9.205973365727592,85.02744694833311,Zinguldak,Merkez,2.0180057959894487e-4,2.0179854343882475e-5,30,Zonguldak,Merkez,aegypti,0,0,1,0,0
TUR.81.6_1,2067,12,7.043371042784522,83.6214633663748,Zinguldak,Merkez,1.6598414521188916e-4,1.6062852785658777e-5,31,Zonguldak,Merkez,aegypti,0,0,1,0,0
TUR.81.6_1,2068,1,7.515476507299086,80.2958959258496,Zinguldak,Merkez,1.7292054473861705e-4,1.673410624836169e-5,31,Zonguldak,Merkez,aegypti,0,0,1,0,0
TUR.81.6_1,2068,2,6.005575477200397,77.0030692594425,Zinguldak,Merkez,1.3396943622056117e-4,1.3858811161004958e-5,29,Zonguldak,Merkez,aegypti,0,0,1,0,0
TUR.81.6_1,2068,3,11.760913515792174,71.60616595362929,Zinguldak,Merkez,1.5878766584711258e-4,1.536643024302453e-5,31,Zonguldak,Merkez,aegypti,0,0,1,0,0
TUR.81.6_1,2068,4,11.317318958394669,81.2045742264281,Zinguldak,Merkez,2.099674828789429e-4,2.0996527857697345e-5,30,Zonguldak,Merkez,aegypti,0,0,1,0,0
TUR.81.6_1,2068,5,16.449880684123322,83.94491666838118,Zinguldak,Merkez,2.9347902215145165e-4,2.8400792381977347e-5,31,Zonguldak,Merkez,aegypti,0,0,1,0.002374280110405276,0
TUR.81.6_1,2068,6,20.48477175656487,73.22946074621947,Zinguldak,Merkez,3.300966463192572e-4,3.300911981896082e-5,30,Zonguldak,Merkez,aegypti,1.864064458345638e-16,1.864064458345638e-16,0.9999999999999998,0.05197691934231036,0
TUR.81.6_1,2068,7,22.83029000899371,73.73006564649226,Zinguldak,Merkez,3.8764380256264337e-4,3.751321273881558e-5,31,Zonguldak,Merkez,aegypti,1.8648517982238765e-6,1.8648517982238765e-6,0.9999981351482018,0.12165786015557879,7.228982967788511e-10
TUR.81.6_1,2068,8,25.75569023805506,78.55761541606769,Zinguldak,Merkez,4.603025804757492e-4,4.454441888168681e-5,31,Zonguldak,Merkez,aegypti,0.19429952569268064,0.19429952569268064,0.8057004743073194,0.24889616874373718,8.943257373050795e-5
TUR.81.6_1,2068,9,22.36163257150089,71.07695883535466,Zinguldak,Merkez,3.6688338452035173e-4,3.668766544318025e-5,30,Zonguldak,Merkez,aegypti,1.6061422461299824e-8,1.6061422461299824e-8,0.9999999839385776,0.10113854797374791,5.892619725500481e-12
TUR.81.6_1,2068,10,17.038186073303223,74.15568017347114,Zinguldak,Merkez,3.615482638052436e-4,3.4987929566687725e-5,31,Zonguldak,Merkez,aegypti,0,0,1,0.004464424392872116,0
TUR.81.6_1,2068,11,10.580449798527885,78.69015141610654,Zinguldak,Merkez,2.0971592588116738e-4,2.0971372685751888e-5,30,Zonguldak,Merkez,aegypti,0,0,1,0,0
TUR.81.6_1,2068,12,7.397449335631202,77.52231175504667,Zinguldak,Merkez,1.7249464180868726e-4,1.6692890524638848e-5,31,Zonguldak,Merkez,aegypti,0,0,1,0,0
TUR.81.6_1,2069,1,6.861159128301283,78.7357381499707,Zinguldak,Merkez,1.6153541631845535e-4,1.563233745749404e-5,31,Zonguldak,Merkez,aegypti,0,0,1,0,0
TUR.81.6_1,2069,2,6.363024531918414,75.82183299235265,Zinguldak,Merkez,1.2083337988701162e-4,1.2946349754572317e-5,28,Zonguldak,Merkez,aegypti,0,0,1,0,0
TUR.81.6_1,2069,3,3.93439498017816,82.5745039663246,Zinguldak,Merkez,1.4833304942232767e-4,1.4354708204655786e-5,31,Zonguldak,Merkez,aegypti,0,0,1,0,0
TUR.81.6_1,2069,4,12.613606495015762,76.88132440953356,Zinguldak,Merkez,1.9614317553450153e-4,1.9614125194022947e-5,30,Zonguldak,Merkez,aegypti,0,0,1,0,0
TUR.81.6_1,2069,5,16.533068741069123,77.484360638107745,Zinguldak,Merkez,2.741562958619388e-4,2.6530902487609254e-5,31,Zonguldak,Merkez,aegypti,0,0,1,0.002446528413216211,0
TUR.81.6_1,2069,6,20.724603681003348,66.66944792883666,Zinguldak,Merkez,3.0836300723611506e-4,3.083582528973228e-5,30,Zonguldak,Merkez,aegypti,1.986188991054405e-16,1.986188991054405e-16,0.9999999999999998,0.05171372495437749,0
TUR.81.6_1,2069,7,24.435068298788632,66.8627408173907,Zinguldak,Merkez,3.6212124548229955e-4,3.504337746473851e-5,31,Zonguldak,Merkez,aegypti,0.0013855728874466232,0.0013855728874466232,0.9986144271125533,0.15705330003791196,5.017452537892098e-7
TUR.81.6_1,2069,8,26.52838959413416,57.053583281057925,Zinguldak,Merkez,4.299961527532955e-4,4.161166512228753e-5,31,Zonguldak,Merkez,aegypti,0.014344537985021444,0.014344537985021444,0.9856554620149786,0.17526622770992012,6.168077123946958e-6
TUR.81.6_1,2069,9,21.1983959534589,75.85185354971013,Zinguldak,Merkez,3.4272769813674907e-4,3.427218250895425e-5,30,Zonguldak,Merkez,aegypti,1.8994086303791845e-12,1.8994086303791845e-12,0.9999999999981006,0.07320689739184455,6.661338147750939e-16
TUR.81.6_1,2069,10,12.714488983154297,84.05306481702583,Zinguldak,Merkez,3.377438429960722e-4,3.2684353886702766e-5,31,Zonguldak,Merkez,aegypti,0,0,1,0,0
TUR.81.6_1,2069,11,11.511518218938042,76.5334741700128,Zinguldak,Merkez,1.9590818110729272e-4,1.959062621192942e-5,30,Zonguldak,Merkez,aegypti,0,0,1,0,0
TUR.81.6_1,2069,12,4.768287500914405,81.0900684078787,Zinguldak,Merkez,1.6113755493534754e-4,1.559383534410763e-5,31,Zonguldak,Merkez,aegypti,0,0,1,0,0
TUR.81.6_1,2070,1,6.707750124089857,79.59127556452148,Zinguldak,Merkez,1.6842034432971244e-4,1.6298610175824457e-5,31,Zonguldak,Merkez,aegypti,0,0,1,0,0
TUR.81.6_1,2070,2,8.576595126706012,79.99883494547765,Zinguldak,Merkez,1.2598351439521672e-4,1.3498142584444928e-5,28,Zonguldak,Merkez,aegypti,0,0,1,0,0
TUR.81.6_1,2070,3,7.025499487624449,80.33621508693007,Zinguldak,Merkez,1.5465526897169026e-4,1.49665269331134e-5,31,Zonguldak,Merkez,aegypti,0,0,1,0,0
TUR.81.6_1,2070,4,10.536950153463028,82.79730951695544,Zinguldak,Merkez,2.0450314806703967e-4,2.045010570039807e-5,30,Zonguldak,Merkez,aegypti,0,0,1,0,0
TUR.81.6_1,2070,5,15.92214688132791,81.04070371672103,Zinguldak,Merkez,2.858413269459036e-4,2.7661681306634378e-5,31,Zonguldak,Merkez,aegypti,0,0,1,8.947320386098661e-4,0
TUR.81.6_1,2070,6,23.33859255734612,61.42550948279174,Zinguldak,Merkez,3.215059894659063e-4,3.215008212165138e-5,30,Zonguldak,Merkez,aegypti,2.886723830207716e-7,2.886723830207716e-7,0.999999711327617,0.11194783272624256,9.28098708996572e-11
TUR.81.6_1,2070,7,24.170793701620664,74.7521680024493,Zinguldak,Merkez,3.775554998601585e-4,3.6536961527722234e-5,31,Zonguldak,Merkez,aegypti,0.006691992830368787,0.006691992830368787,0.9933080071696312,0.17238235280109915,2.5265955062581114e-6
TUR.81.6_1,2070,8,23.9508596869076,79.4584485459505,Zinguldak,Merkez,4.4832335693115546e-4,4.338519015134601e-5,31,Zonguldak,Merkez,aegypti,0.012296666761577296,0.012296666761577296,0.9877033332384227,0.18000154476238323,5.512867725654402e-6
TUR.81.6_1,2070,9,19.56028865365421,76.25745505117497,Zinguldak,Merkez,3.5733536488199996e-4,3.573289805303137e-5,30,Zonguldak,Merkez,aegypti,0,0,1,0.0342256277050919,0
TUR.81.6_1,2070,10,16.39359474182129,81.59074639661567,Zinguldak,Merkez,3.5213908893204094e-4,3.407739570060464e-5,31,Zonguldak,Merkez,aegypti,0,0,1,0.002104529635878279,0
TUR.81.6_1,2070,11,7.38949606699102,87.10372563485654,Zinguldak,Merkez,2.042581377575479e-4,2.0425605170237837e-5,30,Zonguldak,Merkez,aegypti,0,0,1,0,0
TUR.81.6_1,2070,12,4.198759874876807,86.14922673307402,Zinguldak,Merkez,1.6800552538371477e-4,1.6258467060326076e-5,31,Zonguldak,Merkez,aegypti,0,0,1,0,0
TUR.81.6_1,2071,1,5.306161684148451,85.40076195368164,Zinguldak,Merkez,1.7528505288700005e-4,1.6962925762142866e-5,31,Zonguldak,Merkez,aegypti,0,0,1,0,0
TUR.81.6_1,2071,2,2.7777522197541074,84.49072489909094,Zinguldak,Merkez,1.3111852413995952e-4,1.4048314622261415e-5,28,Zonguldak,Merkez,aegypti,0,0,1,0,0
TUR.81.6_1,2071,3,9.717825556502623,75.56138903712538,Zinguldak,Merkez,1.6095892161273456e-4,1.557654851780388e-5,31,Zonguldak,Merkez,aegypti,0,0,1,0,0
TUR.81.6_1,2071,4,12.661525768392227,77.9730068436156,Zinguldak,Merkez,2.1283856927826683e-4,2.12836304281927e-5,30,Zonguldak,Merkez,aegypti,0,0,1,0,0
TUR.81.6_1,2071,5,18.076583946452423,71.46274656340071,Zinguldak,Merkez,2.974920417744555e-4,2.878913801462879e-5,31,Zonguldak,Merkez,aegypti,0,0,1,0.011758704580362796,0
TUR.81.6_1,2071,6,20.926147488986746,80.32914641516479,Zinguldak,Merkez,3.3461037377226514e-4,3.346047756291881e-5,30,Zonguldak,Merkez,aegypti,5.568994709825859e-13,5.568994709825859e-13,0.9999999999994431,0.06993613587385566,2.220446049250313e-16
TUR.81.6_1,2071,7,25.15846841475543,71.81038028272273,Zinguldak,Merkez,3.929444273739695e-4,3.802615705583712e-5,31,Zonguldak,Merkez,aegypti,0.04752985104859224,0.04752985104859224,0.9524701489514078,0.1987325115200158,1.8676415697083115e-5
TUR.81.6_1,2071,8,27.240719458636114,64.38361181499347,Zinguldak,Merkez,4.665967383151304e-4,4.5153503612671564e-5,31,Zonguldak,Merkez,aegypti,0.11093501749080566,0.11093501749080566,0.8890649825091943,0.22005371242368293,5.176057770117648e-5
TUR.81.6_1,2071,9,24.248833880704993,73.08419913076482,Zinguldak,Merkez,3.719001322614371e-4,3.718932168617073e-5,30,Zonguldak,Merkez,aegypti,0.005393296950909568,0.005393296950909568,0.9946067030490904,0.1704432536957104,2.0057658378647147e-6
TUR.81.6_1,2071,10,17.11960506439209,83.9017891822602,Zinguldak,Merkez,3.6649205933337735e-4,3.546634453821529e-5,31,Zonguldak,Merkez,aegypti,0,0,1,0.005710382564694232,0
TUR.81.6_1,2071,11,10.571940162602592,83.88881322030576,Zinguldak,Merkez,2.1258357250084038e-4,2.1258131292833937e-5,30,Zonguldak,Merkez,aegypti,0,0,1,0,0
TUR.81.6_1,2071,12,7.232077440794776,81.51601750455839,Zinguldak,Merkez,1.748533261785842e-4,1.6921146466009063e-5,31,Zonguldak,Merkez,aegypti,0,0,1,0,0
TUR.81.6_1,2072,1,6.55233268176808,75.7828801787793,Zinguldak,Merkez,1.8396242390875892e-4,1.7802656747778478e-5,31,Zonguldak,Merkez,aegypti,0,0,1,0,0
TUR.81.6_1,2072,2,9.360770999508746,71.38586650065344,Zinguldak,Merkez,1.42524083844853e-4,1.4743762052238374e-5,29,Zonguldak,Merkez,aegypti,0,0,1,0,0
TUR.81.6_1,2072,3,7.647102022872252,79.08716113185194,Zinguldak,Merkez,1.689270869473812e-4,1.6347648983505714e-5,31,Zonguldak,Merkez,aegypti,0,0,1,0,0
TUR.81.6_1,2072,4,10.546490711324356,80.70675623326403,Zinguldak,Merkez,2.2337500237937368e-4,2.233725075784232e-5,30,Zonguldak,Merkez,aegypti,0,0,1,0,0
TUR.81.6_1,2072,5,17.978374565348908,79.32368558927962,Zinguldak,Merkez,3.1221918924071265e-4,3.02143037878011e-5,31,Zonguldak,Merkez,aegypti,0,0,1,0.012118570724294397,0
TUR.81.6_1,2072,6,20.552049664890067,70.47860625403197,Zinguldak,Merkez,3.5117503980128e-4,3.511688736779206e-5,30,Zonguldak,Merkez,aegypti,1.3139489496438728e-16,1.3139489496438728e-16,0.9999999999999999,0.05119587632792112,0
TUR.81.6_1,2072,7,25.93680398604449,60.177243533455155,Zinguldak,Merkez,4.1239688228154593e-4,3.990857933611203e-5,31,Zonguldak,Merkez,aegypti,0.012739664761435999,0.012739664761435999,0.987260335238564,0.17575071602628295,5.25378422777667e-6
TUR.81.6_1,2072,8,25.097248694475958,65.36100591899738,Zinguldak,Merkez,4.896953023353784e-4,4.738874508591895e-5,31,Zonguldak,Merkez,aegypti,0.008012872625917544,0.008012872625917544,0.9919871273740825,0.17244102908737322,3.923858384768941e-6
TUR.81.6_1,2072,9,20.807654605192297,72.8387843968781,Zinguldak,Merkez,3.90310803208686e-4,3.9030318618182847e-5,30,Zonguldak,Merkez,aegypti,7.45747907870964e-15,7.45747907870964e-15,0.9999999999999926,0.05921642992816563,0
TUR.81.6_1,2072,10,17.234923362731934,80.37296532972114,Zinguldak,Merkez,3.846350071945069e-4,3.722204987399724e-5,31,Zonguldak,Merkez,aegypti,0,0,1,0.006146935006111615,0
TUR.81.6_1,2072,11,13.21260807794683,78.13718815927061,Zinguldak,Merkez,2.2310738215453607e-4,2.231048933276636e-5,30,Zonguldak,Merkez,aegypti,0,0,1,0,0
TUR.81.6_1,2072,12,7.0732391687000495,80.42428166471464,Zinguldak,Merkez,1.8350932485417196e-4,1.7758809231827044e-5,31,Zonguldak,Merkez,aegypti,0,0,1,0,0
TUR.81.6_1,2073,1,6.417461675756117,84.03662621149414,Zinguldak,Merkez,1.7985364660962782e-4,1.740504013791888e-5,31,Zonguldak,Merkez,aegypti,0,0,1,0,0
TUR.81.6_1,2073,2,6.011004268246539,83.23730693034094,Zinguldak,Merkez,1.3453597050198452e-4,1.4414464378664782e-5,28,Zonguldak,Merkez,aegypti,0,0,1,0,0
TUR.81.6_1,2073,3,8.765096331343932,78.05298907374647,Zinguldak,Merkez,1.6515412198361235e-4,1.5982529244173982e-5,31,Zonguldak,Merkez,aegypti,0,0,1,0,0
TUR.81.6_1,2073,4,9.48153786098256,83.47404444127184,Zinguldak,Merkez,2.1838595016170485e-4,2.1838356555781147e-5,30,Zonguldak,Merkez,aegypti,0,0,1,0,0
TUR.81.6_1,2073,5,17.37315186332254,83.80832761808821,Zinguldak,Merkez,3.0524581342923927e-4,2.9539481129603473e-5,31,Zonguldak,Merkez,aegypti,0,0,1,0.007495510268511142,0
TUR.81.6_1,2073,6,20.492954282199637,75.59563353674682,Zinguldak,Merkez,3.4333159003094755e-4,3.433256962692699e-5,30,Zonguldak,Merkez,aegypti,4.97990537695614e-16,4.97990537695614e-16,0.9999999999999996,0.0540435116053855,0
TUR.81.6_1,2073,7,25.111049820395078,71.32519656690242,Zinguldak,Merkez,4.0318605045976444e-4,3.90172436907088e-5,31,Zonguldak,Merkez,aegypti,0.03820994779461577,0.03820994779461577,0.9617900522053843,0.19452459236513492,1.540559927215579e-5
TUR.81.6_1,2073,8,26.807507178362677,64.64795507671222,Zinguldak,Merkez,4.7875802015037814e-4,4.633034802115077e-5,31,Zonguldak,Merkez,aegypti,0.08981807950155203,0.08981807950155203,0.9101819204984479,0.21272268741495645,4.300020138070515e-5
TUR.81.6_1,2073,9,22.613587603849524,69.4714404942902,Zinguldak,Merkez,3.815932611489833e-4,3.815859805711419e-5,30,Zonguldak,Merkez,aegypti,5.7189832981141554e-8,5.7189832981141554e-8,0.999999942810167,0.10583931096694688,2.1823209905846852e-11
TUR.81.6_1,2073,10,15.381939888000488,79.01089715345161,Zinguldak,Merkez,3.7604423331562097e-4,3.639071525951554e-5,31,Zonguldak,Merkez,aegypti,0,0,1,2.0820430943968682e-4,0
TUR.81.6_1,2073,11,11.71498081964605,81.89300938729795,Zinguldak,Merkez,2.181243072004912e-4,2.181219283070579e-5,30,Zonguldak,Merkez,aegypti,0,0,1,0,0
TUR.81.6_1,2073,12,8.509184202727148,80.11793858610136,Zinguldak,Merkez,1.7941066746469516e-4,1.7362171933599235e-5,31,Zonguldak,Merkez,aegypti,0,0,1,0,0
TUR.81.6_1,2074,1,6.630728048436781,83.81424461969726,Zinguldak,Merkez,1.8984357496580975e-4,1.8371790104221297e-5,31,Zonguldak,Merkez,aegypti,0,0,1,0,0
TUR.81.6_1,2074,2,9.229061900692829,77.48228678873937,Zinguldak,Merkez,1.4200873923355986e-4,1.521510630986267e-5,28,Zonguldak,Merkez,aegypti,0,0,1,0,0
TUR.81.6_1,2074,3,9.217891360030455,82.48397357081679,Zinguldak,Merkez,1.7432756871347193e-4,1.6870267570912034e-5,31,Zonguldak,Merkez,aegypti,0,0,1,0,0
TUR.81.6_1,2074,4,12.59365658199086,76.70548212437731,Zinguldak,Merkez,2.305161462252155e-4,2.3051348936098393e-5,30,Zonguldak,Merkez,aegypti,0,0,1,0,0
TUR.81.6_1,2074,5,17.161283577189728,80.131089153732745,Zinguldak,Merkez,3.222006200993606e-4,3.118021905779145e-5,31,Zonguldak,Merkez,aegypti,0,0,1,0.005635184858579475,0
TUR.81.6_1,2074,6,20.632358579074637,76.95178893225463,Zinguldak,Merkez,3.6240186217431804e-4,3.6239529549786376e-5,30,Zonguldak,Merkez,aegypti,4.2875147876486605e-15,4.2875147876486605e-15,0.9999999999999957,0.058611106715014134,0
TUR.81.6_1,2074,7,23.586195160360898,73.4551480439532,Zinguldak,Merkez,4.255809244822374e-4,4.118440265554746e-5,31,Zonguldak,Merkez,aegypti,2.637187068590758e-4,2.637187068590758e-4,0.999736281293141,0.14763692784938232,1.1223364482226827e-7
TUR.81.6_1,2074,8,25.989121100481817,77.25047888042316,Zinguldak,Merkez,5.053505213946301e-4,4.89036933426501e-5,31,Zonguldak,Merkez,aegypti,0.20215795635970354,0.20215795635970354,0.7978420436402964,0.2512881058116095,1.0215541043112619e-4
TUR.81.6_1,2074,9,22.431718097013587,78.19980734609685,Zinguldak,Merkez,4.0278876878500187e-4,4.027806569539827e-5,30,Zonguldak,Merkez,aegypti,6.032620125365207e-7,6.032620125365207e-7,0.9999993967379874,0.11706467195205361,2.429871859277455e-10
TUR.81.6_1,2074,10,15.013788223266602,82.90101861341255,Zinguldak,Merkez,3.9693152151018405e-4,3.84119901286617e-5,31,Zonguldak,Merkez,aegypti,0,0,1,3.988048443157182e-5,0
TUR.81.6_1,2074,11,11.462690093938042,73.39212437753233,Zinguldak,Merkez,2.3023997036746794e-4,2.3023731986593354e-5,30,Zonguldak,Merkez,aegypti,0,0,1,0,0
TUR.81.6_1,2074,12,9.14436849075205,80.79262883268339,Zinguldak,Merkez,1.8937599064881313e-4,1.832654083933072e-5,31,Zonguldak,Merkez,aegypti,0,0,1,0,0
TUR.81.6_1,2075,1,5.24559382831349,80.3691838897168,Zinguldak,Merkez,1.8328051473386796e-4,1.773666671001095e-5,31,Zonguldak,Merkez,aegypti,0,0,1,0,0
TUR.81.6_1,2075,2,7.771500407772907,79.10985026530187,Zinguldak,Merkez,1.370993715648367e-4,1.4689110495957891e-5,28,Zonguldak,Merkez,aegypti,0,0,1,0,0
TUR.81.6_1,2075,3,10.182589197860045,77.71592242335585,Zinguldak,Merkez,1.6830091053575622e-4,1.628705225509286e-5,31,Zonguldak,Merkez,aegypti,0,0,1,0,0
TUR.81.6_1,2075,4,9.522820514791153,83.5617519608031,Zinguldak,Merkez,2.225469992452155e-4,2.2254452290537685e-5,30,Zonguldak,Merkez,aegypti,0,0,1,0,0
TUR.81.6_1,2075,5,16.334162796244904,84.13591856047103,Zinguldak,Merkez,3.110618597970331e-4,3.0102307541968187e-5,31,Zonguldak,Merkez,aegypti,0,0,1,0.0019870094008214868,0
TUR.81.6_1,2075,6,21.753479031955496,76.0042715372351,Zinguldak,Merkez,3.498733093905524e-4,3.498671888957361e-5,30,Zonguldak,Merkez,aegypti,5.690436266636567e-10,5.690436266636567e-10,0.9999999994309564,0.08984294846579728,1.9906298831529057e-13
TUR.81.6_1,2075,7,24.840816666098203,63.252778354011795,Zinguldak,Merkez,4.108682156563241e-4,3.9760649749198684e-5,31,Zonguldak,Merkez,aegypti,0.0017211807113949155,0.0017211807113949155,0.9982788192886051,0.15811253488886678,7.07178197667524e-7
TUR.81.6_1,2075,8,25.793778082903692,75.26615728618488,Zinguldak,Merkez,4.878801070771928e-4,4.7213089337749814e-5,31,Zonguldak,Merkez,aegypti,0.1543687761265292,0.1543687761265292,0.8456312238734708,0.23579712772833275,7.531061903898184e-5
TUR.81.6_1,2075,9,21.641921267789954,75.04051321767888,Zinguldak,Merkez,3.888640049326475e-4,3.8885644427000265e-5,30,Zonguldak,Merkez,aegypti,1.2038312879880664e-10,1.2038312879880664e-10,0.9999999998796169,0.08505087244036307,4.6851411639181606e-14
TUR.81.6_1,2075,10,17.765889167785645,72.74453973157661,Zinguldak,Merkez,3.832092478746565e-4,3.708407829194904e-5,31,Zonguldak,Merkez,aegypti,0,0,1,0.009107988132832937,0
TUR.81.6_1,2075,11,12.731454589787651,74.08568211679014,Zinguldak,Merkez,2.2228037103104412e-4,2.2227790062112618e-5,30,Zonguldak,Merkez,aegypti,0,0,1,0,0
TUR.81.6_1,2075,12,8.18118890243418,77.35027653776152,Zinguldak,Merkez,1.828290952201127e-4,1.7692981724493073e-5,31,Zonguldak,Merkez,aegypti,0,0,1,0,0
