district_id,year,month,temp_c,rh,province_name.x,district_name.x,lambda_import,q_import_month,days_in_month,province_name.y,district_name.y,species,p_local_major,p_establishment,q_extinction,lambda_local_i1,p_month_major
TUR.10.4_1,2025,1,1.9076979631174575,82.07717808602479,Artvin,Hopa,0.0012406058465104165,1.2005142355853149e-4,31,Artvin,Hopa,aegypti,0,0,1,0,0
TUR.10.4_1,2025,2,1.5397522550158422,86.2872310110294,Artvin,Hopa,9.280107171415018e-4,9.942477672297834e-5,28,Artvin,Hopa,aegypti,0,0,1,0,0
TUR.10.4_1,2025,3,8.335869807859554,70.30499235306922,Artvin,Hopa,0.001139210536847663,1.1024010409832474e-4,31,Artvin,Hopa,aegypti,0,0,1,0,0
TUR.10.4_1,2025,4,9.7727491014144,84.49056491570018,Artvin,Hopa,0.0015063964043742675,1.5062829485645857e-4,30,Artvin,Hopa,aegypti,0,0,1,0,0
TUR.10.4_1,2025,5,14.633528597214642,82.55988178974857,Artvin,Hopa,0.002105543856917663,2.037415506046525e-4,31,Artvin,Hopa,aegypti,0,0,1,0,0
TUR.10.4_1,2025,6,20.200050914988797,82.508457048709,Artvin,Hopa,0.0023682543329722507,2.3679739236792674e-4,30,Artvin,Hopa,aegypti,1.7486012637846215e-16,1.7486012637846215e-16,0.9999999999999998,0.0527026545071539,0
TUR.10.4_1,2025,7,21.90388303644517,89.0671723615429,Artvin,Hopa,0.0027811222116474535,2.6910464403973045e-4,31,Artvin,Hopa,aegypti,4.39591762203928e-7,4.39591762203928e-7,0.9999995604082378,0.11672769576648714,1.2225583878588964e-9
TUR.10.4_1,2025,8,22.780098915100098,82.17669166736681,Artvin,Hopa,0.0033024073187210875,3.1953674229479034e-4,31,Artvin,Hopa,aegypti,4.611797745503859e-5,4.611797745503859e-5,0.999953882022545,0.13924708297397387,1.5230033467705795e-7
TUR.10.4_1,2025,9,17.966311987708597,83.59601243196332,Artvin,Hopa,0.002632178105334355,2.6318317176476924e-4,30,Artvin,Hopa,aegypti,0,0,1,0.012882716077325797,0
TUR.10.4_1,2025,10,11.512502726386574,87.9230093840779,Artvin,Hopa,0.0025939016705648103,2.509912387402835e-4,31,Artvin,Hopa,aegypti,0,0,1,0,0
TUR.10.4_1,2025,11,9.041542340727414,81.17020000093409,Artvin,Hopa,0.0015045916270261359,1.5044784429041336e-4,30,Artvin,Hopa,aegypti,0,0,1,0,0
TUR.10.4_1,2025,12,4.256676830351353,71.84810634279388,Artvin,Hopa,0.0012375502369776368,1.1975575486622425e-4,31,Artvin,Hopa,aegypti,0,0,1,0,0
TUR.10.4_1,2026,1,3.981240140794612,74.199668015224,Artvin,Hopa,0.001199535865963385,1.1607737856067502e-4,31,Artvin,Hopa,aegypti,0,0,1,0,0
TUR.10.4_1,2026,2,4.729166994624607,73.13338427030675,Artvin,Hopa,8.972891288081533e-4,9.613349982262598e-5,28,Artvin,Hopa,aegypti,0,0,1,0,0
TUR.10.4_1,2026,3,5.834232825895443,76.21394315873329,Artvin,Hopa,0.0011014972254692662,1.0659082448494228e-4,31,Artvin,Hopa,aegypti,0,0,1,0,0
TUR.10.4_1,2026,4,10.756913339390474,73.5511423082783,Artvin,Hopa,0.0014565274865404594,1.4564214180745605e-4,30,Artvin,Hopa,aegypti,0,0,1,0,0
TUR.10.4_1,2026,5,15.082682497361127,79.9875017238306,Artvin,Hopa,0.002035840295961726,1.9699739629919222e-4,31,Artvin,Hopa,aegypti,0,0,1,5.806510149573211e-5,0
TUR.10.4_1,2026,6,17.19030054877786,85.06349550085744,Artvin,Hopa,0.002289853800152597,2.289591648640954e-4,30,Artvin,Hopa,aegypti,0,0,1,0.006199326794840394,0
TUR.10.4_1,2026,7,20.535209711860208,89.92673046701165,Artvin,Hopa,0.002689053779556343,2.6019715377223473e-4,31,Artvin,Hopa,aegypti,2.739806714835424e-13,2.739806714835424e-13,0.999999999999726,0.06919327785305956,7.771561172376096e-16
TUR.10.4_1,2026,8,22.256203651428223,91.02319587879259,Artvin,Hopa,0.0031930818591323308,3.089601838208722e-4,31,Artvin,Hopa,aegypti,2.2493191234552732e-5,2.2493191234552732e-5,0.9999775068087654,0.13653395073245042,7.182259831317594e-8
TUR.10.4_1,2026,9,19.28712802774766,85.53725083528363,Artvin,Hopa,0.002545040434746651,2.544716600678676e-4,30,Artvin,Hopa,aegypti,0,0,1,0.03375433612232317,0
TUR.10.4_1,2026,10,14.798754748176124,82.22702549735915,Artvin,Hopa,0.0025080311328346664,2.4268323793219526e-4,31,Artvin,Hopa,aegypti,0,0,1,4.728530711191424e-6,0
TUR.10.4_1,2026,11,11.483078290434445,72.70373118989893,Artvin,Hopa,0.001454782455944923,1.4546766414769152e-4,30,Artvin,Hopa,aegypti,0,0,1,0,0
TUR.10.4_1,2026,12,4.926443494856358,75.02239986086029,Artvin,Hopa,0.001196581411704396,1.157914967797602e-4,31,Artvin,Hopa,aegypti,0,0,1,0,0
TUR.10.4_1,2027,1,4.327662813066341,70.62942417977479,Artvin,Hopa,0.0012269780305950507,1.1873276012031031e-4,31,Artvin,Hopa,aegypti,0,0,1,0,0
TUR.10.4_1,2027,2,5.652651081614963,72.74163774931066,Artvin,Hopa,9.178166984237405e-4,9.833266842873556e-5,28,Artvin,Hopa,aegypti,0,0,1,0,0
TUR.10.4_1,2027,3,5.483438987394466,78.61359373246376,Artvin,Hopa,0.00112669652885014,1.0902920383748516e-4,31,Artvin,Hopa,aegypti,0,0,1,0,0
TUR.10.4_1,2027,4,10.088720475926118,76.53469333366893,Artvin,Hopa,0.001489848930450841,1.4897379534706268e-4,30,Artvin,Hopa,aegypti,0,0,1,0,0
TUR.10.4_1,2027,5,14.26106346354765,76.92716847187748,Artvin,Hopa,0.0020824148638015055,2.0150371447635873e-4,31,Artvin,Hopa,aegypti,0,0,1,0,0
TUR.10.4_1,2027,6,17.96149309943704,85.21138368445119,Artvin,Hopa,0.0023422395159525705,2.3419652330702867e-4,30,Artvin,Hopa,aegypti,0,0,1,0.013251408568481808,0
TUR.10.4_1,2027,7,21.008031901191263,90.68618328683587,Artvin,Hopa,0.002750572120621303,2.661489748458923e-4,31,Artvin,Hopa,aegypti,8.827051117821228e-11,8.827051117821228e-11,0.9999999999117295,0.08556406692030716,2.4280577548552174e-13
TUR.10.4_1,2027,8,22.17793369293213,92.35766090564806,Artvin,Hopa,0.003266131011347817,3.160272475125625e-4,31,Artvin,Hopa,aegypti,2.120331249097346e-5,2.120331249097346e-5,0.999978796687509,0.13610775053656188,6.925279405489704e-8
TUR.10.4_1,2027,9,18.059913214515237,90.9263804739555,Artvin,Hopa,0.0026032641365852545,2.602925316779192e-4,30,Artvin,Hopa,aegypti,0,0,1,0.015581158294462164,0
TUR.10.4_1,2027,10,16.914449747870947,80.86137150565993,Artvin,Hopa,0.002565408161068262,2.482344906289402e-4,31,Artvin,Hopa,aegypti,0,0,1,0.004259976300074542,0
TUR.10.4_1,2027,11,7.826254178495969,81.88544810884424,Artvin,Hopa,0.0014880639782337431,1.4879532670053486e-4,30,Artvin,Hopa,aegypti,0,0,1,0,0
TUR.10.4_1,2027,12,2.1447251215577126,80.49839778566498,Artvin,Hopa,0.0012239559863435718,1.1844033890628936e-4,31,Artvin,Hopa,aegypti,0,0,1,0,0
TUR.10.4_1,2028,1,1.3842147463549148,90.6447592627826,Artvin,Hopa,0.0011884749778036034,1.1500709370648732e-4,31,Artvin,Hopa,aegypti,0,0,1,0,0
TUR.10.4_1,2028,2,5.726936588817112,72.72405199491612,Artvin,Hopa,9.20765794366801e-4,9.524709760710959e-5,29,Artvin,Hopa,aegypti,0,0,1,0,0
TUR.10.4_1,2028,3,5.401063937803402,81.49243131791297,Artvin,Hopa,0.00109134034899318,1.0560800524261893e-4,31,Artvin,Hopa,aegypti,0,0,1,0,0
TUR.10.4_1,2028,4,9.420816575779634,71.71308383659861,Artvin,Hopa,0.00144309688551601,1.4429927640935425e-4,30,Artvin,Hopa,aegypti,0,0,1,0,0
TUR.10.4_1,2028,5,15.722939379074994,81.50498829609623,Artvin,Hopa,0.0020170678670050277,1.951810658586961e-4,31,Artvin,Hopa,aegypti,0,0,1,5.80970116520289e-4,0
TUR.10.4_1,2028,6,19.067560756907742,83.19980989294729,Artvin,Hopa,0.002268739119462831,2.2684817800644463e-4,30,Artvin,Hopa,aegypti,0,0,1,0.028438330948623178,0
TUR.10.4_1,2028,7,20.21106725580552,90.9856293927929,Artvin,Hopa,0.002664258086526004,2.5779819206217525e-4,31,Artvin,Hopa,aegypti,6.050049350392328e-15,6.050049350392328e-15,0.999999999999994,0.060184660183899674,0
TUR.10.4_1,2028,8,20.4249849319458,83.67695106678087,Artvin,Hopa,0.0031636385366514935,3.061117063111185e-4,31,Artvin,Hopa,aegypti,5.409450665183612e-15,5.409450665183612e-15,0.9999999999999946,0.059499387242393516,0
TUR.10.4_1,2028,9,17.112660940955667,92.37734635530316,Artvin,Hopa,0.0025215726849197244,2.521254795199157e-4,30,Artvin,Hopa,aegypti,0,0,1,0.006475334601380445,0
TUR.10.4_1,2028,10,13.471415575812843,88.70407627860915,Artvin,Hopa,0.002484904644791514,2.404457313349706e-4,31,Artvin,Hopa,aegypti,0,0,1,0,0
TUR.10.4_1,2028,11,8.162676621885861,82.72433818452784,Artvin,Hopa,0.0014413679458009552,1.4412640737138105e-4,30,Artvin,Hopa,aegypti,0,0,1,0,0
TUR.10.4_1,2028,12,2.249324895441532,85.56883235597748,Artvin,Hopa,0.0011855477664883722,1.1472384773103528e-4,31,Artvin,Hopa,aegypti,0,0,1,0,0
TUR.10.4_1,2029,1,5.177292930482722,76.78774174569276,Artvin,Hopa,0.001349822945468278,1.306194955115192e-4,31,Artvin,Hopa,aegypti,0,0,1,0,0
TUR.10.4_1,2029,2,5.077567349009983,71.64999346220128,Artvin,Hopa,0.001009708412354764,1.0817719260636238e-4,28,Artvin,Hopa,aegypti,0,0,1,0,0
TUR.10.4_1,2029,3,7.96041967358221,76.2883373848075,Artvin,Hopa,0.0012395012700299243,1.1994454188757331e-4,31,Artvin,Hopa,aegypti,0,0,1,0,0
TUR.10.4_1,2029,4,11.760371362461763,69.02152499870799,Artvin,Hopa,0.001639012452919489,1.6388781421661225e-4,30,Artvin,Hopa,aegypti,0,0,1,0,0
TUR.10.4_1,2029,5,15.221063501694623,81.46583424336185,Artvin,Hopa,0.0022909060268831924,2.2167600948852506e-4,31,Artvin,Hopa,aegypti,0,0,1,1.1569361844904903e-4,0
TUR.10.4_1,2029,6,19.182301128611844,83.77494417029104,Artvin,Hopa,0.002576744296621187,2.576412344574841e-4,30,Artvin,Hopa,aegypti,0,0,1,0.03085896879037584,0
TUR.10.4_1,2029,7,24.50590139276841,87.01417858712884,Artvin,Hopa,0.0030259591198869115,2.9279188162589787e-4,31,Artvin,Hopa,aegypti,0.14552843179022684,0.14552843179022684,0.8544715682097732,0.23327816164076234,4.4026613978598306e-4
TUR.10.4_1,2029,8,23.41209316253662,90.0406061571129,Artvin,Hopa,0.0035931357139986427,3.476623624620867e-4,31,Artvin,Hopa,aegypti,0.023983522376018848,0.023983522376018848,0.9760164776239811,0.18991722127502733,8.617233774754762e-5
TUR.10.4_1,2029,9,18.79873233682969,84.79652817903363,Artvin,Hopa,0.002863902675562394,2.8634926177817377e-4,30,Artvin,Hopa,aegypti,0,0,1,0.02452779466578474,0
TUR.10.4_1,2029,10,13.594448145698097,85.53522251884353,Artvin,Hopa,0.0028222565636502345,2.730843086242718e-4,31,Artvin,Hopa,aegypti,0,0,1,0,0
TUR.10.4_1,2029,11,11.242145825834836,71.68882335298487,Artvin,Hopa,0.0016370487914690599,1.6369148023431812e-4,30,Artvin,Hopa,aegypti,0,0,1,0,0
TUR.10.4_1,2029,12,3.92484799772501,83.27400203371185,Artvin,Hopa,0.0013464983344555705,1.302978009353195e-4,31,Artvin,Hopa,aegypti,0,0,1,0,0
TUR.10.4_1,2030,1,5.002710210679866,75.30883702157166,Artvin,Hopa,0.0013111630232654787,1.268786944045308e-4,31,Artvin,Hopa,aegypti,0,0,1,0,0
TUR.10.4_1,2030,2,2.5860921245150488,75.17034105741612,Artvin,Hopa,9.8078962059752e-4,1.0507908101342611e-4,28,Artvin,Hopa,aegypti,0,0,1,0,0
TUR.10.4_1,2030,3,6.070763129850521,74.16695371781532,Artvin,Hopa,0.0012040010417736892,1.1650944209673497e-4,31,Artvin,Hopa,aegypti,0,0,1,0,0
TUR.10.4_1,2030,4,12.70617023636313,72.62726077751658,Artvin,Hopa,0.001592069930470884,1.5919432028632663e-4,30,Artvin,Hopa,aegypti,0,0,1,0,0
TUR.10.4_1,2030,5,14.318398363449994,82.8061052394556,Artvin,Hopa,0.0022252927928878975,2.1532772909682585e-4,31,Artvin,Hopa,aegypti,0,0,1,0,0
TUR.10.4_1,2030,6,21.26190813849954,82.10837922888479,Artvin,Hopa,0.0025029444442936483,2.5026312338816137e-4,30,Artvin,Hopa,aegypti,5.0990554611995974e-11,5.0990554611995974e-11,0.9999999999490095,0.0829259107249922,1.27675647831893e-13
TUR.10.4_1,2030,7,21.839975413154153,82.09698803537103,Artvin,Hopa,0.002939293424540404,2.84407299336098e-4,31,Artvin,Hopa,aegypti,1.568521160666414e-8,1.568521160666414e-8,0.9999999843147884,0.10288364774734952,4.610345438749164e-11
TUR.10.4_1,2030,8,20.73572826385498,98.13822426014025,Artvin,Hopa,0.003490225663733423,3.3770673814792485e-4,31,Artvin,Hopa,aegypti,7.606701141193994e-11,7.606701141193994e-11,0.999999999923933,0.08563113471735759,2.6545432518787493e-13
TUR.10.4_1,2030,9,20.64735179788926,79.40615494905316,Artvin,Hopa,0.0027818783960038476,2.7814914895119003e-4,30,Artvin,Hopa,aegypti,1.4419354599226607e-14,1.4419354599226607e-14,0.9999999999999856,0.06150938557875937,0
TUR.10.4_1,2030,10,13.974971827338722,82.89143132011306,Artvin,Hopa,0.002741425059375275,2.6526401057369586e-4,31,Artvin,Hopa,aegypti,0,0,1,0,0
TUR.10.4_1,2030,11,10.113036443205441,76.66955150239893,Artvin,Hopa,0.0015901625097290316,1.590036085590274e-4,30,Artvin,Hopa,aegypti,0,0,1,0,0
TUR.10.4_1,2030,12,7.309409774839878,74.53855891847748,Artvin,Hopa,0.0013079336315580416,1.2656621222995046e-4,31,Artvin,Hopa,aegypti,0,0,1,0,0
TUR.10.4_1,2031,1,3.6620166176546585,87.67217167733338,Artvin,Hopa,0.001278788414855856,1.237460603912277e-4,31,Artvin,Hopa,aegypti,0,0,1,0,0
TUR.10.4_1,2031,2,3.743423471980564,80.14621691190831,Artvin,Hopa,9.565724337674745e-4,1.0248465170714649e-4,28,Artvin,Hopa,aegypti,0,0,1,0,0
TUR.10.4_1,2031,3,6.848488349577083,72.50447050248329,Artvin,Hopa,0.0011742724256057905,1.1363281029719285e-4,31,Artvin,Hopa,aegypti,0,0,1,0,0
TUR.10.4_1,2031,4,11.482088243260103,72.34431705193064,Artvin,Hopa,0.0015527593034587203,1.5526387566255906e-4,30,Artvin,Hopa,aegypti,0,0,1,0,0
TUR.10.4_1,2031,5,13.80810058818144,78.68512593037357,Artvin,Hopa,0.002170346930711982,2.1001151843291765e-4,31,Artvin,Hopa,aegypti,0,0,1,0,0
TUR.10.4_1,2031,6,17.24967154334573,87.93464265661916,Artvin,Hopa,0.002441142940729861,2.4408450060309228e-4,30,Artvin,Hopa,aegypti,0,0,1,0.007030297954300682,0
TUR.10.4_1,2031,7,21.06497007257798,86.71205456369134,Artvin,Hopa,0.0028667178012716206,2.7738582478520346e-4,31,Artvin,Hopa,aegypti,3.731308079180096e-11,3.731308079180096e-11,0.999999999962687,0.08252355719389529,1.0691447727140257e-13
TUR.10.4_1,2031,8,23.044686317443848,92.17335762195665,Artvin,Hopa,0.003404046685894977,3.293696187421924e-4,31,Artvin,Hopa,aegypti,0.008183897739681827,0.008183897739681827,0.9918161022603181,0.17751774700304263,2.7857981937717824e-5
TUR.10.4_1,2031,9,18.765391882728128,86.77843888460004,Artvin,Hopa,0.0027131895891081862,2.712821552506295e-4,30,Artvin,Hopa,aegypti,0,0,1,0.02480917892630374,0
TUR.10.4_1,2031,10,13.418286379645851,89.1246466521443,Artvin,Hopa,0.002673735106862306,2.587150862073395e-4,31,Artvin,Hopa,aegypti,0,0,1,0,0
TUR.10.4_1,2031,11,10.65880804202136,74.12775767915674,Artvin,Hopa,0.001550898979834842,1.5507787216695323e-4,30,Artvin,Hopa,aegypti,0,0,1,0,0
TUR.10.4_1,2031,12,6.405862011015415,74.28870387697357,Artvin,Hopa,0.0012756387617393298,1.2344129292296557e-4,31,Artvin,Hopa,aegypti,0,0,1,0,0
TUR.10.4_1,2032,1,7.047945367692805,73.66447361825135,Artvin,Hopa,0.0013502743071424335,1.306631699671268e-4,31,Artvin,Hopa,aegypti,0,0,1,0,0
TUR.10.4_1,2032,2,6.6836736302905,68.69280962431066,Artvin,Hopa,0.0010461191175659221,1.0821336357003108e-4,29,Artvin,Hopa,aegypti,0,0,1,0,0
TUR.10.4_1,2032,3,7.2365665623151205,74.01274076615516,Artvin,Hopa,0.0012399157416984024,1.1998464723717017e-4,31,Artvin,Hopa,aegypti,0,0,1,0,0
TUR.10.4_1,2032,4,11.76143375565024,76.95840701775096,Artvin,Hopa,0.0016395605154688733,1.6394261148799938e-4,30,Artvin,Hopa,aegypti,0,0,1,0,0
TUR.10.4_1,2032,5,17.313212282517377,75.30653248554935,Artvin,Hopa,0.00229167207341033,2.2175012658698368e-4,31,Artvin,Hopa,aegypti,0,0,1,0.006183648873242314,0
TUR.10.4_1,2032,6,18.221771801219266,81.91493593054494,Artvin,Hopa,0.002577605923417129,2.577273749343467e-4,30,Artvin,Hopa,aegypti,0,0,1,0.015513843931127433,0
TUR.10.4_1,2032,7,19.503847178290872,85.37276013009759,Artvin,Hopa,0.0030269709577571027,2.928897727448865e-4,31,Artvin,Hopa,aegypti,0,0,1,0.038158183731834,0
TUR.10.4_1,2032,8,23.20750331878662,92.54872383289415,Artvin,Hopa,0.00359433720768845,3.477785956143009e-4,31,Artvin,Hopa,aegypti,0.01930792956667634,0.01930792956667634,0.9806920704333236,0.18746824577429347,6.939680157547201e-5
TUR.10.4_1,2032,9,18.696322974036722,85.8013804739555,Artvin,Hopa,0.0028648603240529606,2.8644499920049693e-4,30,Artvin,Hopa,aegypti,0,0,1,0.023018891641660467,0
TUR.10.4_1,2032,10,13.585679110358742,88.53341435233962,Artvin,Hopa,0.0028232002862708504,2.731756116753914e-4,31,Artvin,Hopa,aegypti,0,0,1,0,0
TUR.10.4_1,2032,11,8.119065095396603,79.53969920747706,Artvin,Hopa,0.0016375961973978687,1.637462118652122e-4,30,Artvin,Hopa,aegypti,0,0,1,0,0
TUR.10.4_1,2032,12,6.037477649748325,64.58663936281341,Artvin,Hopa,0.0013469485844268927,1.3034136783474093e-4,31,Artvin,Hopa,aegypti,0,0,1,0,0
TUR.10.4_1,2033,1,4.896757947801448,77.95580967782166,Artvin,Hopa,0.0013036751520448808,1.2615415338368408e-4,31,Artvin,Hopa,aegypti,0,0,1,0,0
TUR.10.4_1,2033,2,2.8710435729556005,80.23020891630284,Artvin,Hopa,9.751884663221018e-4,1.0447902022148181e-4,28,Artvin,Hopa,aegypti,0,0,1,0,0
TUR.10.4_1,2033,3,4.9188034721814535,85.92069212113563,Artvin,Hopa,0.0011971251578520893,1.1584411128029437e-4,31,Artvin,Hopa,aegypti,0,0,1,0,0
TUR.10.4_1,2033,4,11.600061570896822,79.74626407341502,Artvin,Hopa,0.0015829778386394178,1.582852554308234e-4,30,Artvin,Hopa,aegypti,0,0,1,0,0
TUR.10.4_1,2033,5,15.710765726426068,81.76150379902592,Artvin,Hopa,0.002212584452608616,2.1409815377737562e-4,31,Artvin,Hopa,aegypti,0,0,1,5.62336391375474e-4,0
TUR.10.4_1,2033,6,18.303593242869656,83.34839998083791,Artvin,Hopa,0.0024886504737204806,2.4883408303488785e-4,30,Artvin,Hopa,aegypti,0,0,1,0.0168568915232915,0
TUR.10.4_1,2033,7,22.064668711493997,87.26640637033196,Artvin,Hopa,0.002922507525112204,2.82783318140023e-4,31,Artvin,Hopa,aegypti,1.0093847755033302e-6,1.0093847755033302e-6,0.9999989906152245,0.12090655315769411,2.949934629903339e-9
TUR.10.4_1,2033,8,20.461403846740723,95.39339698963244,Artvin,Hopa,0.0034702934662590203,3.357784653620355e-4,31,Artvin,Hopa,aegypti,7.697827930641666e-13,7.697827930641666e-13,0.9999999999992302,0.07196540689272232,2.6645352591003757e-15
TUR.10.4_1,2033,9,22.439725455115823,83.21319230256879,Artvin,Hopa,0.0027659914720965803,2.765608971923017e-4,30,Artvin,Hopa,aegypti,5.06021067677992e-6,5.06021067677992e-6,0.9999949397893232,0.1278268681772234,1.3996499514945526e-8
TUR.10.4_1,2033,10,17.350997027228857,82.09513615409743,Artvin,Hopa,0.0027257691588951057,2.637493241811617e-4,31,Artvin,Hopa,aegypti,0,0,1,0.007116303019786003,0
TUR.10.4_1,2033,11,12.47104768893298,80.00966228120753,Artvin,Hopa,0.0015810813109143947,1.5809563265956061e-4,30,Artvin,Hopa,aegypti,0,0,1,0,0
TUR.10.4_1,2033,12,2.807598866522312,79.37396236086029,Artvin,Hopa,0.0013004642029481618,1.2584345552679732e-4,31,Artvin,Hopa,aegypti,0,0,1,0,0
TUR.10.4_1,2034,1,1.5194215053308975,75.495078171474,Artvin,Hopa,0.0012539588339247668,1.2134349217873819e-4,31,Artvin,Hopa,aegypti,0,0,1,0,0
TUR.10.4_1,2034,2,1.5505802434019964,81.00144915067784,Artvin,Hopa,9.379991558234797e-4,1.0049485960572646e-4,28,Artvin,Hopa,aegypti,0,0,1,0,0
TUR.10.4_1,2034,3,6.485620040556087,73.57438627396766,Artvin,Hopa,0.0011514721782091076,1.1142658303664454e-4,31,Artvin,Hopa,aegypti,0,0,1,0,0
TUR.10.4_1,2034,4,9.326755201115327,79.9721628160908,Artvin,Hopa,0.0015226101698383036,1.522494258634488e-4,30,Artvin,Hopa,aegypti,0,0,1,0,0
TUR.10.4_1,2034,5,13.57526195750517,85.47460041767826,Artvin,Hopa,0.0021282064138456887,2.0593425203474514e-4,31,Artvin,Hopa,aegypti,0,0,1,0,0
TUR.10.4_1,2034,6,18.889795864329617,84.62166963415822,Artvin,Hopa,0.0023937445161687177,2.3934580383877524e-4,30,Artvin,Hopa,aegypti,0,0,1,0.026082404520685405,0
TUR.10.4_1,2034,7,20.12493329889634,88.04761059396478,Artvin,Hopa,0.002811056207198382,2.720006985714729e-4,31,Artvin,Hopa,aegypti,5.187517082561044e-16,5.187517082561044e-16,0.9999999999999994,0.05473375273615856,0
TUR.10.4_1,2034,8,25.461234092712402,79.92542518787462,Artvin,Hopa,0.0033379520515530153,3.2297545008863615e-4,31,Artvin,Hopa,aegypti,0.184259500953143,0.184259500953143,0.815740499046857,0.24557113779712794,6.148602751266941e-4
TUR.10.4_1,2034,9,17.790897902320413,86.27766831575238,Artvin,Hopa,0.0026605089738464785,2.6601550898308624e-4,30,Artvin,Hopa,aegypti,0,0,1,0.01152803030336729,0
TUR.10.4_1,2034,10,15.441498812507179,83.64402531425368,Artvin,Hopa,0.002621820559113127,2.5369238488015533e-4,31,Artvin,Hopa,aegypti,0,0,1,2.728877873213254e-4,0
TUR.10.4_1,2034,11,9.929060269804562,75.6602436410708,Artvin,Hopa,0.0015207859671672276,1.5206703335313154e-4,30,Artvin,Hopa,aegypti,0,0,1,0,0
TUR.10.4_1,2034,12,6.478821434080601,72.68019862795013,Artvin,Hopa,0.001250870336012693,1.2104464150741734e-4,31,Artvin,Hopa,aegypti,0,0,1,0,0
TUR.10.4_1,2035,1,1.0543882721651565,84.47792729256776,Artvin,Hopa,0.0012219343160749677,1.1824471654964253e-4,31,Artvin,Hopa,aegypti,0,0,1,0,0
TUR.10.4_1,2035,2,1.762939582400791,81.47514299833409,Artvin,Hopa,9.140438473268309e-4,9.79284740503239e-5,28,Artvin,Hopa,aegypti,0,0,1,0,0
TUR.10.4_1,2035,3,4.293945569654598,77.01201597367469,Artvin,Hopa,0.001122065039532004,1.0858104396127555e-4,31,Artvin,Hopa,aegypti,0,0,1,0,0
TUR.10.4_1,2035,4,10.963538324131685,75.37996158318064,Artvin,Hopa,0.0014837246376795997,1.4836145711827342e-4,30,Artvin,Hopa,aegypti,0,0,1,0,0
TUR.10.4_1,2035,5,15.85183609233183,76.85546742207279,Artvin,Hopa,0.002073854721872723,2.006754802273969e-4,31,Artvin,Hopa,aegypti,0,0,1,7.203961447285647e-4,0
TUR.10.4_1,2035,6,18.824587429271023,82.93310914831838,Artvin,Hopa,0.0023326113179233097,2.3323392852969693e-4,30,Artvin,Hopa,aegypti,0,0,1,0.024032108535974477,0
TUR.10.4_1,2035,7,20.73703390009263,86.97227032296868,Artvin,Hopa,0.0027392653977645095,2.6505506648122346e-4,31,Artvin,Hopa,aegypti,9.956168112168483e-13,9.956168112168483e-13,0.9999999999990044,0.07231055031378471,2.7755575615628914e-15
TUR.10.4_1,2035,8,21.740256309509277,92.18384803943712,Artvin,Hopa,0.0032527049906729078,3.1472836495716194e-4,31,Artvin,Hopa,aegypti,3.4221817475960093e-7,3.4221817475960093e-7,0.9999996577818252,0.11639371480316585,1.113134806551841e-9
TUR.10.4_1,2035,9,20.031320151160745,85.10698350129925,Artvin,Hopa,0.0025925629497686184,2.5922269096767536e-4,30,Artvin,Hopa,aegypti,4.8405723873656825e-17,4.8405723873656825e-17,1,0.05033522791529899,0
TUR.10.4_1,2035,10,14.176299151252296,89.8003058318318,Artvin,Hopa,0.0025548625880675428,2.4721420411877304e-4,31,Artvin,Hopa,aegypti,0,0,1,0,0
TUR.10.4_1,2035,11,7.90942888400134,82.73323405855128,Artvin,Hopa,0.0014819470228305644,1.4818372199054686e-4,30,Artvin,Hopa,aegypti,0,0,1,0,0
TUR.10.4_1,2035,12,3.7636832371354103,82.41032405519623,Artvin,Hopa,0.0012189246944815082,1.1795349724386117e-4,31,Artvin,Hopa,aegypti,0,0,1,0,0
TUR.10.4_1,2036,1,4.677186118959285,77.73943241952088,Artvin,Hopa,0.0012559017267390507,1.215314912311749e-4,31,Artvin,Hopa,aegypti,0,0,1,0,0
TUR.10.4_1,2036,2,3.7512586217455786,76.76451830350987,Artvin,Hopa,9.73004373390025e-4,1.0065055922603428e-4,29,Artvin,Hopa,aegypti,0,0,1,0,0
TUR.10.4_1,2036,3,4.6292033382855795,81.77004209672157,Artvin,Hopa,0.0011532562774636964,1.115992185500847e-4,31,Artvin,Hopa,aegypti,0,0,1,0,0
TUR.10.4_1,2036,4,11.125422631993013,77.09896335320018,Artvin,Hopa,0.0015249693129599923,1.5248530422995454e-4,30,Artvin,Hopa,aegypti,0,0,1,0,0
TUR.10.4_1,2036,5,13.714172251084271,76.44069538838139,Artvin,Hopa,0.0021315038721329213,2.062532951349061e-4,31,Artvin,Hopa,aegypti,0,0,1,0,0
TUR.10.4_1,2036,6,19.853615368113797,84.69718538122854,Artvin,Hopa,0.002397453401096893,2.3971660349220159e-4,30,Artvin,Hopa,aegypti,1.2212453270876721e-18,1.2212453270876721e-18,1,0.04584227691143452,0
TUR.10.4_1,2036,7,21.081253107856302,90.87288982980462,Artvin,Hopa,0.002815411677854798,2.72422080995427e-4,31,Artvin,Hopa,aegypti,2.1636784647283136e-10,2.1636784647283136e-10,0.9999999997836322,0.08844318085722964,6.091793736118234e-13
TUR.10.4_1,2036,8,21.479886054992676,93.94072212390978,Artvin,Hopa,0.0033431238984110876,3.2347578962266255e-4,31,Artvin,Hopa,aegypti,5.68917395302182e-8,5.68917395302182e-8,0.9999999431082605,0.10876860300310087,1.901960811068193e-10
TUR.10.4_1,2036,9,16.74263816721299,87.431629497393,Artvin,Hopa,0.0026646311855393814,2.664276204101812e-4,30,Artvin,Hopa,aegypti,0,0,1,0.003810944719904668,0
TUR.10.4_1,2036,10,12.284730013679054,83.10027073661696,Artvin,Hopa,0.0026258828266986574,2.5408540774018995e-4,31,Artvin,Hopa,aegypti,0,0,1,0,0
TUR.10.4_1,2036,11,7.605270196409787,82.11738170259424,Artvin,Hopa,0.0015231422838562093,1.5230262916243742e-4,30,Artvin,Hopa,aegypti,0,0,1,0,0
TUR.10.4_1,2036,12,7.593112148344517,77.19879909181732,Artvin,Hopa,0.001252808443486152,1.212321775745373e-4,31,Artvin,Hopa,aegypti,0,0,1,0,0
TUR.10.4_1,2037,1,3.891262161134578,73.70053776620057,Artvin,Hopa,0.001274732239530916,1.2335357579273953e-4,31,Artvin,Hopa,aegypti,0,0,1,0,0
TUR.10.4_1,2037,2,2.0131938558154028,76.25052599393956,Artvin,Hopa,9.5353829187403e-4,1.0215959833925758e-4,28,Artvin,Hopa,aegypti,0,0,1,0,0
TUR.10.4_1,2037,3,5.95460559811224,72.08589903031532,Artvin,Hopa,0.0011705477634316836,1.1327240001313132e-4,31,Artvin,Hopa,aegypti,0,0,1,0,0
TUR.10.4_1,2037,4,10.323769723667818,74.73320254997752,Artvin,Hopa,0.0015478341227962334,1.547714339452666e-4,30,Artvin,Hopa,aegypti,0,0,1,0,0
TUR.10.4_1,2037,5,16.463330156662884,75.1415544582056,Artvin,Hopa,0.0021634628304459456,2.093454548698359e-4,31,Artvin,Hopa,aegypti,0,0,1,0.002128530576181493,0
TUR.10.4_1,2037,6,18.35574015449075,84.98234926062307,Artvin,Hopa,0.002433399905489777,2.433103857748531e-4,30,Artvin,Hopa,aegypti,0,0,1,0.017936833953315967,0
TUR.10.4_1,2037,7,20.23327070124009,89.85450298898431,Artvin,Hopa,0.0028576248896734226,2.7650610929941255e-4,31,Artvin,Hopa,aegypti,5.23014964670665e-15,5.23014964670665e-15,0.9999999999999948,0.0597960105024202,0
TUR.10.4_1,2037,8,21.75776195526123,91.46190132312853,Artvin,Hopa,0.003393249426542399,3.2832506628721614e-4,31,Artvin,Hopa,aegypti,3.2478696955878795e-7,3.2478696955878795e-7,0.9999996752130305,0.11590773206876562,1.1020832024755123e-9
TUR.10.4_1,2037,9,17.63174873239854,84.9652217215141,Artvin,Hopa,0.0027045836520075864,2.7042179463410143e-4,30,Artvin,Hopa,aegypti,0,0,1,0.009849147214604947,0
TUR.10.4_1,2037,10,15.84815984613755,78.30437229911696,Artvin,Hopa,0.002665254315012856,2.5789457641189895e-4,31,Artvin,Hopa,aegypti,0,0,1,7.275752510891751e-4,0
TUR.10.4_1,2037,11,9.928569127531613,79.60614360444971,Artvin,Hopa,0.0015459796999130028,1.5458602034090774e-4,30,Artvin,Hopa,aegypti,0,0,1,0,0
TUR.10.4_1,2037,12,1.5004776567220688,84.65422053957123,Artvin,Hopa,0.0012715925767654947,1.230497748939685e-4,31,Artvin,Hopa,aegypti,0,0,1,0,0
TUR.10.4_1,2038,1,3.1434589499224197,74.4719077002826,Artvin,Hopa,0.0013146456367664038,1.272156786992218e-4,31,Artvin,Hopa,aegypti,0,0,1,0,0
TUR.10.4_1,2038,2,5.210520992808811,71.99725298368566,Artvin,Hopa,9.83394720889132e-4,1.0535816953349819e-4,28,Artvin,Hopa,aegypti,0,0,1,0,0
TUR.10.4_1,2038,3,4.716904897352352,75.69929472123329,Artvin,Hopa,0.0012071990196061983,1.1681888771708504e-4,31,Artvin,Hopa,aegypti,0,0,1,0,0
TUR.10.4_1,2038,4,9.18567291428061,76.18144473747752,Artvin,Hopa,0.0015962986679626309,1.5961712662704297e-4,30,Artvin,Hopa,aegypti,0,0,1,0,0
TUR.10.4_1,2038,5,14.33635700450224,79.21997700459232,Artvin,Hopa,0.002231203449752459,2.1589960481738224e-4,31,Artvin,Hopa,aegypti,0,0,1,0,0
TUR.10.4_1,2038,6,19.17222842048196,81.70742402868947,Artvin,Hopa,0.0025095925787811915,2.509277702376078e-4,30,Artvin,Hopa,aegypti,0,0,1,0.02971868180857671,0
TUR.10.4_1,2038,7,21.207372721503763,86.12670452707025,Artvin,Hopa,0.0029471005566680257,2.851626130883078e-4,31,Artvin,Hopa,aegypti,1.383271090449334e-10,1.383271090449334e-10,0.9999999998616729,0.08645138883495285,4.076738946423575e-13
TUR.10.4_1,2038,8,22.023953437805176,92.57284797840197,Artvin,Hopa,0.003499496141013602,3.3860357773696226e-4,31,Artvin,Hopa,aegypti,6.148467159093562e-6,6.148467159093562e-6,0.9999938515328409,0.1299534417489671,2.151653688553523e-8
TUR.10.4_1,2038,9,20.149325903724222,88.17932542024457,Artvin,Hopa,0.002789267414064871,2.788878449594412e-4,30,Artvin,Hopa,aegypti,8.436584764126565e-16,8.436584764126565e-16,0.9999999999999991,0.055918249663397895,0
TUR.10.4_1,2038,10,14.577888544868019,79.9232535247029,Artvin,Hopa,0.0027487066282985482,2.659684913627336e-4,31,Artvin,Hopa,aegypti,0,0,1,0,0
TUR.10.4_1,2038,11,11.682869245024289,75.21504558198878,Artvin,Hopa,0.0015943861808719647,1.5942590842621396e-4,30,Artvin,Hopa,aegypti,0,0,1,0,0
TUR.10.4_1,2038,12,3.093225158751011,81.94411464357513,Artvin,Hopa,0.0013114076673894012,1.2690236663814858e-4,31,Artvin,Hopa,aegypti,0,0,1,0,0
TUR.10.4_1,2039,1,3.7015397423494827,78.9463721167865,Artvin,Hopa,0.0013606703797651738,1.3166910954875988e-4,31,Artvin,Hopa,aegypti,0,0,1,0,0
TUR.10.4_1,2039,2,3.5465226274065893,76.883689446088,Artvin,Hopa,0.001017822621480348,1.0904647773057885e-4,28,Artvin,Hopa,aegypti,0,0,1,0,0
TUR.10.4_1,2039,3,4.76910116161932,77.81986204301063,Artvin,Hopa,0.0012494621383295102,1.2090838079859001e-4,31,Artvin,Hopa,aegypti,0,0,1,0,0
TUR.10.4_1,2039,4,10.158587610020357,75.15302524284861,Artvin,Hopa,0.0016521838691815455,1.6520473911207922e-4,30,Artvin,Hopa,aegypti,0,0,1,0,0
TUR.10.4_1,2039,5,15.720538027146283,76.41990528828373,Artvin,Hopa,0.0023093161840748505,2.2345724107286635e-4,31,Artvin,Hopa,aegypti,0,0,1,5.246616470798871e-4,0
TUR.10.4_1,2039,6,18.846918667063992,88.02215944128713,Artvin,Hopa,0.0025974515045934167,2.5971141960823285e-4,30,Artvin,Hopa,aegypti,0,0,1,0.026592990212114954,0
TUR.10.4_1,2039,7,22.025030192206888,89.5580170881054,Artvin,Hopa,0.0030502763037429607,2.951444656947855e-4,31,Artvin,Hopa,aegypti,1.871567332497881e-6,1.871567332497881e-6,0.9999981284326676,0.1238292147090498,5.7087974347780346e-9
TUR.10.4_1,2039,8,23.438040733337402,89.55203499012072,Artvin,Hopa,0.003622010836997762,3.5045575380499017e-4,31,Artvin,Hopa,aegypti,0.023019502068599554,0.023019502068599554,0.9769804979314004,0.18908611868516476,8.337341019881706e-5
TUR.10.4_1,2039,9,19.406909521888284,88.84368546663129,Artvin,Hopa,0.0028869175429641993,2.886500868416464e-4,30,Artvin,Hopa,aegypti,0,0,1,0.03794228151021818,0
TUR.10.4_1,2039,10,15.703268107245949,86.34216831962478,Artvin,Hopa,0.0028449367549641838,2.7527856405906714e-4,31,Artvin,Hopa,aegypti,0,0,1,5.942605874378578e-4,0
TUR.10.4_1,2039,11,10.983146954985227,86.26770366304346,Artvin,Hopa,0.001650204427373673,1.6500682761300123e-4,30,Artvin,Hopa,aegypti,0,0,1,0,0
TUR.10.4_1,2039,12,5.273882068693638,73.67183681154388,Artvin,Hopa,0.0013573190515451137,1.3134483011356668e-4,31,Artvin,Hopa,aegypti,0,0,1,0,0
TUR.10.4_1,2040,1,2.4715400212992202,76.36241825936463,Artvin,Hopa,0.00124365952730687,1.2034690553397454e-4,31,Artvin,Hopa,aegypti,0,0,1,0,0
TUR.10.4_1,2040,2,-1.9898838896222193,72.8360591360294,Artvin,Hopa,9.635197828891797e-4,9.966949296491556e-5,29,Artvin,Hopa,aegypti,0,0,1,0,0
TUR.10.4_1,2040,3,6.280911464353695,76.27653471146766,Artvin,Hopa,0.00114201463885095,1.1051143885631998e-4,31,Artvin,Hopa,aegypti,0,0,1,0,0
TUR.10.4_1,2040,4,8.531752740635591,83.24274692253611,Artvin,Hopa,0.001510104313525932,1.5099902985127311e-4,30,Artvin,Hopa,aegypti,0,0,1,0,0
TUR.10.4_1,2040,5,14.016965753891888,80.31693897968998,Artvin,Hopa,0.0021107265334785108,2.0424299763710518e-4,31,Artvin,Hopa,aegypti,0,0,1,0,0
TUR.10.4_1,2040,6,19.78732737372903,83.71857057409963,Artvin,Hopa,0.002374083656441955,2.3738018650820703e-4,30,Artvin,Hopa,aegypti,5.551115123125783e-20,5.551115123125783e-20,1,0.043592911851396556,0
TUR.10.4_1,2040,7,20.122472819160013,92.80226452462884,Artvin,Hopa,0.0027879677859401963,2.6976694047675664e-4,31,Artvin,Hopa,aegypti,3.716749130688868e-15,3.716749130688868e-15,0.9999999999999963,0.05930924264724195,0
TUR.10.4_1,2040,8,22.11472797393799,95.1546198289879,Artvin,Hopa,0.0033105360066839986,3.203231378450244e-4,31,Artvin,Hopa,aegypti,3.4880008672905525e-5,3.4880008672905525e-5,0.9999651199913271,0.13939566620060342,1.154715179030319e-7
TUR.10.4_1,2040,9,20.300008353065042,84.05131943879925,Artvin,Hopa,0.0026386570621728337,2.638308967235492e-4,30,Artvin,Hopa,aegypti,1.2222445278098349e-15,1.2222445278098349e-15,0.9999999999999988,0.056625381291450595,0
TUR.10.4_1,2040,10,14.05279737360337,83.34337376396071,Artvin,Hopa,0.002600286412134079,2.516089616837469e-4,31,Artvin,Hopa,aegypti,0,0,1,0,0
TUR.10.4_1,2040,11,8.062210847349728,78.8094364511294,Artvin,Hopa,0.0015082950938209105,1.5081813518347253e-4,30,Artvin,Hopa,aegypti,0,0,1,0,0
TUR.10.4_1,2040,12,4.766246952116489,74.12985225343841,Artvin,Hopa,0.0012405963965648537,1.200505091574211e-4,31,Artvin,Hopa,aegypti,0,0,1,0,0
TUR.10.4_1,2041,1,1.6812932664145004,81.80313023446229,Artvin,Hopa,0.001308522835199056,1.2662322471868048e-4,31,Artvin,Hopa,aegypti,0,0,1,0,0
TUR.10.4_1,2041,2,1.2469141509466093,83.27225450956456,Artvin,Hopa,9.788146800248948e-4,1.0486750245031207e-4,28,Artvin,Hopa,aegypti,0,0,1,0,0
TUR.10.4_1,2041,3,4.903555888792171,79.57701078568641,Artvin,Hopa,0.0012015766375416857,1.1627484964027435e-4,31,Artvin,Hopa,aegypti,0,0,1,0,0
TUR.10.4_1,2041,4,9.113430654301363,71.32882938103221,Artvin,Hopa,0.0015888641017853928,1.5887378840140354e-4,30,Artvin,Hopa,aegypti,0,0,1,0,0
TUR.10.4_1,2041,5,14.606029398301068,79.96841297871342,Artvin,Hopa,0.00222081189206029,2.1489418681264194e-4,31,Artvin,Hopa,aegypti,0,0,1,0,0
TUR.10.4_1,2041,6,18.69084986518411,80.92937074499807,Artvin,Hopa,0.0024979044577050353,2.497592507345603e-4,30,Artvin,Hopa,aegypti,0,0,1,0.02154404627833493,0
TUR.10.4_1,2041,7,23.067174967597513,74.98903210275384,Artvin,Hopa,0.002933374795593823,2.8383469152892804e-4,31,Artvin,Hopa,aegypti,1.7342446232996078e-5,1.7342446232996078e-5,0.999982657553767,0.13293339513047853,5.0871893364501375e-8
TUR.10.4_1,2041,8,22.987521171569824,80.43194069080431,Artvin,Hopa,0.0034831976649392217,3.370268386853059e-4,31,Artvin,Hopa,aegypti,9.45012496496559e-5,9.45012496496559e-5,0.9999054987503504,0.14335510517803565,3.291664779636605e-7
TUR.10.4_1,2041,9,20.222474631141214,86.9018672293266,Artvin,Hopa,0.0027762767415847986,2.7758913916198225e-4,30,Artvin,Hopa,aegypti,1.2335688026610115e-15,1.2335688026610115e-15,0.9999999999999988,0.0564035260715977,0
TUR.10.4_1,2041,10,17.54054265863755,78.21127842704665,Artvin,Hopa,0.0027359048627267086,2.6472993955950486e-4,31,Artvin,Hopa,aegypti,0,0,1,0.008074786400593077,0
TUR.10.4_1,2041,11,11.30807619235095,79.74810374849268,Artvin,Hopa,0.001586960521869884,1.5868346063463434e-4,30,Artvin,Hopa,aegypti,0,0,1,0,0
TUR.10.4_1,2041,12,4.023632682859898,78.91911311769623,Artvin,Hopa,0.0013052999462691505,1.2631137168583884e-4,31,Artvin,Hopa,aegypti,0,0,1,0,0
TUR.10.4_1,2042,1,3.111923324464656,75.14594944832947,Artvin,Hopa,0.001449103287198965,1.4022596940654886e-4,31,Artvin,Hopa,aegypti,0,0,1,0,0
TUR.10.4_1,2042,2,5.263124714427463,67.66424898588292,Artvin,Hopa,0.001083973112450045,1.1613323234793693e-4,28,Artvin,Hopa,aegypti,0,0,1,0,0
TUR.10.4_1,2042,3,6.541682738920345,73.13429990922157,Artvin,Hopa,0.0013306673819095088,1.287659717159606e-4,31,Artvin,Hopa,aegypti,0,0,1,0,0
TUR.10.4_1,2042,4,13.201498185887056,66.93424472527049,Artvin,Hopa,0.0017595628680483761,1.7594080740535034e-4,30,Artvin,Hopa,aegypti,0,0,1,0,0
TUR.10.4_1,2042,5,13.7148598502664,81.70107899433842,Artvin,Hopa,0.0024594036316879096,2.3797848169437863e-4,31,Artvin,Hopa,aegypti,0,0,1,0,0
TUR.10.4_1,2042,6,18.57485064338235,89.75099550085744,Artvin,Hopa,0.0027662654891449966,2.765882913184914e-4,30,Artvin,Hopa,aegypti,0,0,1,0.022654923380224963,0
TUR.10.4_1,2042,7,21.54140859491685,84.66050274484368,Artvin,Hopa,0.003248520350227562,3.143235271249045e-4,31,Artvin,Hopa,aegypti,2.4355847635937342e-9,2.4355847635937342e-9,0.9999999975644153,0.09628657454792622,7.912004384991178e-12
TUR.10.4_1,2042,8,24.156245231628418,81.19983925037462,Artvin,Hopa,0.00385741314591529,3.73228379332291e-4,31,Artvin,Hopa,aegypti,0.03269790046212648,0.03269790046212648,0.9673020995378735,0.19313460109871067,1.2612135711931316e-4
TUR.10.4_1,2042,9,23.40236240274766,79.64787705598675,Artvin,Hopa,0.003074544550682263,3.0740719579069875e-4,30,Artvin,Hopa,aegypti,0.0010182855440000061,0.0010182855440000061,0.998981714456,0.1581953337464978,3.1307593695295566e-6
TUR.10.4_1,2042,10,15.769349154304054,83.60468052665603,Artvin,Hopa,0.003029835340579134,2.9316688985547845e-4,31,Artvin,Hopa,aegypti,0,0,1,6.664653325189172e-4,0
TUR.10.4_1,2042,11,9.831871320219602,82.67937816255518,Artvin,Hopa,0.0017574547780412266,1.7573003547233235e-4,30,Artvin,Hopa,aegypti,0,0,1,0,0
TUR.10.4_1,2042,12,5.145918048918247,79.59496303224701,Artvin,Hopa,0.001445534148918017,1.3988061730219048e-4,31,Artvin,Hopa,aegypti,0,0,1,0,0
TUR.10.4_1,2043,1,3.7443272942293655,84.63986882088807,Artvin,Hopa,0.001381623848914537,1.3369659557938007e-4,31,Artvin,Hopa,aegypti,0,0,1,0,0
TUR.10.4_1,2043,2,2.542520413928501,79.31980089628331,Artvin,Hopa,0.0010334964505104127,1.1072563201930397e-4,28,Artvin,Hopa,aegypti,0,0,1,0,0
TUR.10.4_1,2043,3,5.600245017667904,79.16395536576454,Artvin,Hopa,0.0012687030704157244,1.2277017961648262e-4,31,Artvin,Hopa,aegypti,0,0,1,0,0
TUR.10.4_1,2043,4,9.994995748295503,77.38113650993846,Artvin,Hopa,0.001677626462955025,1.6774857492962703e-4,30,Artvin,Hopa,aegypti,0,0,1,0,0
TUR.10.4_1,2043,5,11.170132524826947,84.86224995381107,Artvin,Hopa,0.002344878202722959,2.2689795180297345e-4,31,Artvin,Hopa,aegypti,0,0,1,0,0
TUR.10.4_1,2043,6,18.12620791266946,83.65057741003713,Artvin,Hopa,0.002637450626186596,2.6371028494720505e-4,30,Artvin,Hopa,aegypti,0,0,1,0.014799830056424209,0
TUR.10.4_1,2043,7,20.829689081977396,77.90359051339837,Artvin,Hopa,0.0030972486428031687,2.996888239564788e-4,31,Artvin,Hopa,aegypti,6.416234210604443e-14,6.416234210604443e-14,0.9999999999999358,0.06443989368370273,2.220446049250313e-16
TUR.10.4_1,2043,8,23.32682514190674,87.55795540027697,Artvin,Hopa,0.003677787528737601,3.5585159193363136e-4,31,Artvin,Hopa,aegypti,0.00903820237262205,0.00903820237262205,0.9909617976273779,0.17794719877042875,3.3240035505976984e-5
TUR.10.4_1,2043,9,21.724380072425394,80.36065324006879,Artvin,Hopa,0.002931374259721491,2.9309446539482753e-4,30,Artvin,Hopa,aegypti,2.3745025976018574e-9,2.3745025976018574e-9,0.9999999976254974,0.09556796301268906,6.960543252887419e-12
TUR.10.4_1,2043,10,14.845835741828468,86.99198674003493,Artvin,Hopa,0.0028887469939563194,2.7951708852302914e-4,31,Artvin,Hopa,aegypti,0,0,1,9.929946679046992e-6,0
TUR.10.4_1,2043,11,11.549907018156613,80.6567264901919,Artvin,Hopa,0.0016756165389866886,1.6754761622883585e-4,30,Artvin,Hopa,aegypti,0,0,1,0,0
TUR.10.4_1,2043,12,6.410785831511021,77.3973769726767,Artvin,Hopa,0.00137822091234501,1.3336732311142185e-4,31,Artvin,Hopa,aegypti,0,0,1,0,0
TUR.10.4_1,2044,1,5.131695615648128,78.644736374599,Artvin,Hopa,0.001510569807322964,1.4617349051637696e-4,31,Artvin,Hopa,aegypti,0,0,1,0,0
TUR.10.4_1,2044,2,4.200786839061252,81.98654131376378,Artvin,Hopa,0.0011703073556977141,1.2105894994951516e-4,29,Artvin,Hopa,aegypti,0,0,1,0,0
TUR.10.4_1,2044,3,9.535111446043148,69.22896543656532,Artvin,Hopa,0.0013871102139222556,1.3422746300295607e-4,31,Artvin,Hopa,aegypti,0,0,1,0,0
TUR.10.4_1,2044,4,11.210792695774751,75.84971103386424,Artvin,Hopa,0.0018341981320725113,1.834029928217129e-4,30,Artvin,Hopa,aegypti,0,0,1,0,0
TUR.10.4_1,2044,5,14.881404764512006,82.85188923603764,Artvin,Hopa,0.002563723995981877,2.480715473558437e-4,31,Artvin,Hopa,aegypti,0,0,1,1.3777658899166264e-5,0
TUR.10.4_1,2044,6,19.08894213508157,85.53952394324025,Artvin,Hopa,0.0028836019929393665,0.00028831862748768255,30,Artvin,Hopa,aegypti,0,0,1,0.02964695251916145,0
TUR.10.4_1,2044,7,22.938175257514505,87.58645184152337,Artvin,Hopa,0.003386312627178672,3.276539833033665e-4,31,Artvin,Hopa,aegypti,0.0010742577407401015,0.0010742577407401015,0.9989257422592599,0.15978840865468966,3.6377659355935066e-6
TUR.10.4_1,2044,8,22.78173542022705,90.42191566639025,Artvin,Hopa,0.004021032789079777,3.890565032779181e-4,31,Artvin,Hopa,aegypti,9.61788544935583e-4,9.61788544935583e-4,0.9990382114550644,0.1594304264437783,3.867375797050876e-6
TUR.10.4_1,2044,9,21.97063976175645,84.45337327180707,Artvin,Hopa,0.0032049573074305645,3.2044437747269505e-4,30,Artvin,Hopa,aegypti,1.4193369383780352e-7,1.4193369383780352e-7,0.9999998580663062,0.11154431225843163,4.5489145783506046e-10
TUR.10.4_1,2044,10,17.74714380152085,77.8420767668904,Artvin,Hopa,0.0031583516696629564,3.05600230507741e-4,31,Artvin,Hopa,aegypti,0,0,1,0.009811855695527482,0
TUR.10.4_1,2044,11,13.202319432707394,78.59630931489893,Artvin,Hopa,0.0018320006233482886,1.8318328222810543e-4,30,Artvin,Hopa,aegypti,0,0,1,0,0
TUR.10.4_1,2044,12,8.84642044454813,74.59827418947357,Artvin,Hopa,0.0015068492771350974,1.4581349177300584e-4,31,Artvin,Hopa,aegypti,0,0,1,0,0
TUR.10.4_1,2045,1,6.105279790757991,77.83988102791932,Artvin,Hopa,0.0014888728768015955,1.440740922795669e-4,31,Artvin,Hopa,aegypti,0,0,1,0,0
TUR.10.4_1,2045,2,2.1818465691142004,83.79698900663487,Artvin,Hopa,0.0011137219690037776,1.193202345963762e-4,28,Artvin,Hopa,aegypti,0,0,1,0,0
TUR.10.4_1,2045,3,8.233826656004085,72.09569517289344,Artvin,Hopa,0.001367186583917835,1.3229962672123285e-4,31,Artvin,Hopa,aegypti,0,0,1,0,0
TUR.10.4_1,2045,4,13.744108354344087,71.26980838493846,Artvin,Hopa,0.001807852795868203,1.807689389129452e-4,30,Artvin,Hopa,aegypti,0,0,1,0,0
TUR.10.4_1,2045,5,15.737584001877728,79.23338948017826,Artvin,Hopa,0.002526900182115663,2.4450883014404123e-4,31,Artvin,Hopa,aegypti,0,0,1,5.620041115538617e-4,0
TUR.10.4_1,2045,6,20.06606158088235,87.71473298865041,Artvin,Hopa,0.0028421836408785883,2.8417797787483323e-4,30,Artvin,Hopa,aegypti,2.4502622153477203e-16,2.4502622153477203e-16,0.9999999999999998,0.053499183329033306,0
TUR.10.4_1,2045,7,21.199358042548685,84.19748242013665,Artvin,Hopa,0.0033376736371503084,3.229485154609968e-4,31,Artvin,Hopa,aegypti,5.3683466894050016e-11,5.3683466894050016e-11,0.9999999999463165,0.08346779709535138,1.7918999617450027e-13
TUR.10.4_1,2045,8,24.73722553253174,91.55426277332384,Artvin,Hopa,0.003963277054372341,3.834693975546255e-4,31,Artvin,Hopa,aegypti,0.24445673251478692,0.24445673251478692,0.755543267485213,0.266162504857625,9.683805753701868e-4
TUR.10.4_1,2045,9,21.0159888828502,82.18225510774457,Artvin,Hopa,0.0031589231978606746,3.158424310605312e-4,30,Artvin,Hopa,aegypti,3.4202930487836623e-12,3.4202930487836623e-12,0.9999999999965797,0.07516430810717124,1.0769163338864018e-14
TUR.10.4_1,2045,10,14.73785882837632,87.9892935637654,Artvin,Hopa,0.0031129869758854687,3.012114308433844e-4,31,Artvin,Hopa,aegypti,0,0,1,1.3733158554130656e-6,0
TUR.10.4_1,2045,11,11.689615537138547,74.565318714313,Artvin,Hopa,0.0018056868508584665,1.8055238354197645e-4,30,Artvin,Hopa,aegypti,0,0,1,0,0
TUR.10.4_1,2045,12,9.176361240446568,72.0846099438681,Artvin,Hopa,0.0014852057861069572,1.4371926360090548e-4,31,Artvin,Hopa,aegypti,0,0,1,0,0
TUR.10.4_1,2046,1,7.388683187364436,74.94265660164979,Artvin,Hopa,0.001344204583137606,1.3007585389956944e-4,31,Artvin,Hopa,aegypti,0,0,1,0,0
TUR.10.4_1,2046,2,6.2365067105822485,71.350730461713,Artvin,Hopa,0.0010055057073052004,1.0772695138938637e-4,28,Artvin,Hopa,aegypti,0,0,1,0,0
TUR.10.4_1,2046,3,3.6382560917340654,80.46566740189735,Artvin,Hopa,0.0012343420991418194,1.1944532704610822e-4,31,Artvin,Hopa,aegypti,0,0,1,0,0
TUR.10.4_1,2046,4,13.74208275009604,73.55521640495799,Artvin,Hopa,0.0016321903983264026,1.632057203297954e-4,30,Artvin,Hopa,aegypti,0,0,1,0,0
TUR.10.4_1,2046,5,13.18734348521513,86.59219990498295,Artvin,Hopa,0.002281370598427363,2.2075343022276428e-4,31,Artvin,Hopa,aegypti,0,0,1,0,0
TUR.10.4_1,2046,6,18.01539477180032,82.77122865515432,Artvin,Hopa,0.002566019124745487,2.5656899301962355e-4,30,Artvin,Hopa,aegypti,0,0,1,0.013254883647944271,0
TUR.10.4_1,2046,7,19.473934229682474,92.02161724679681,Artvin,Hopa,0.0030133641830543422,2.9157337290230956e-4,31,Artvin,Hopa,aegypti,0,0,1,0.041479295041833945,0
TUR.10.4_1,2046,8,22.65584659576416,89.45129646473009,Artvin,Hopa,0.0035781800204298694,3.462155394114985e-4,31,Artvin,Hopa,aegypti,2.9737115191927436e-4,2.9737115191927436e-4,0.9997026288480807,0.15115531139750701,1.0640469483291781e-6
TUR.10.4_1,2046,9,20.92791705973008,83.06222184358441,Artvin,Hopa,0.0028519822655818775,2.851575614098989e-4,30,Artvin,Hopa,aegypti,1.876176436432786e-12,1.876176436432786e-12,0.9999999999981238,0.07374121212444003,5.3290705182007514e-15
TUR.10.4_1,2046,10,14.711615618537452,83.19482182304274,Artvin,Hopa,0.0028105094971049975,2.719478055325242e-4,31,Artvin,Hopa,aegypti,0,0,1,4.613143922751691e-7,0
TUR.10.4_1,2046,11,12.79966097018298,73.28237498872706,Artvin,Hopa,0.0016302349102157144,1.630102034143599e-4,30,Artvin,Hopa,aegypti,0,0,1,0,0
TUR.10.4_1,2046,12,4.0585445538163185,81.65955348634857,Artvin,Hopa,0.0013408938101392399,1.2975549813731835e-4,31,Artvin,Hopa,aegypti,0,0,1,0,0
TUR.10.4_1,2047,1,3.681419836877681,81.1221533667865,Artvin,Hopa,0.0013689478305141955,1.324700473761542e-4,31,Artvin,Hopa,aegypti,0,0,1,0,0
TUR.10.4_1,2047,2,1.3415197085671346,82.37279467069737,Artvin,Hopa,0.001024014405137752,1.0970981056046547e-4,28,Artvin,Hopa,aegypti,0,0,1,0,0
TUR.10.4_1,2047,3,7.286493796964779,82.01782194291297,Artvin,Hopa,0.0012570630690667362,1.2164386553337181e-4,31,Artvin,Hopa,aegypti,0,0,1,0,0
TUR.10.4_1,2047,4,11.243993913426118,71.59980258659861,Artvin,Hopa,0.0016622347020716086,1.66209655851568e-4,30,Artvin,Hopa,aegypti,0,0,1,0,0
TUR.10.4_1,2047,5,15.25125015483183,79.41387043720951,Artvin,Hopa,0.002323364590846884,2.2481645958960517e-4,31,Artvin,Hopa,aegypti,0,0,1,1.2652443360968324e-4,0
TUR.10.4_1,2047,6,19.174524868235867,85.88090120154104,Artvin,Hopa,0.0026132527428815275,2.6129113181283525e-4,30,Artvin,Hopa,aegypti,0,0,1,0.031709507498195365,0
TUR.10.4_1,2047,7,21.12013822443345,89.21187908761712,Artvin,Hopa,0.003068832239295477,2.969396697800608e-4,31,Artvin,Hopa,aegypti,1.8471932455854656e-10,1.8471932455854656e-10,0.9999999998152806,0.08764682342225658,5.668798763736049e-13
TUR.10.4_1,2047,8,21.18360424041748,93.21948494129259,Artvin,Hopa,0.0036440448407958352,3.5258732719567476e-4,31,Artvin,Hopa,aegypti,1.9072701045175222e-9,1.9072701045175222e-9,0.9999999980927299,0.09601885426215134,6.950218178758405e-12
TUR.10.4_1,2047,9,18.923585470984964,83.47881730256879,Artvin,Hopa,0.0029044797080070637,2.904057948722727e-4,30,Artvin,Hopa,aegypti,0,0,1,0.026100967663137586,0
TUR.10.4_1,2047,10,13.696662958930519,94.25044010917556,Artvin,Hopa,0.0028622435356683846,2.769529513522162e-4,31,Artvin,Hopa,aegypti,0,0,1,0,0
TUR.10.4_1,2047,11,11.163845349760617,78.3557010995669,Artvin,Hopa,0.0016602432186022735,1.6601054058518194e-4,30,Artvin,Hopa,aegypti,0,0,1,0,0
TUR.10.4_1,2047,12,10.104423679411411,73.43492122316498,Artvin,Hopa,0.0013655761149507363,1.3214379549275623e-4,31,Artvin,Hopa,aegypti,0,0,1,0,0
TUR.10.4_1,2048,1,8.682688581346369,73.33622654793885,Artvin,Hopa,0.0014942741018468448,1.445967160335071e-4,31,Artvin,Hopa,aegypti,0,0,1,0,0
TUR.10.4_1,2048,2,7.046231041484348,69.89478258573644,Artvin,Hopa,0.001157682329106733,1.1975306997069612e-4,29,Artvin,Hopa,aegypti,0,0,1,0,0
TUR.10.4_1,2048,3,7.668875713010921,76.53584257279579,Artvin,Hopa,0.0013721463642547896,1.3277954184731655e-4,31,Artvin,Hopa,aegypti,0,0,1,0,0
TUR.10.4_1,2048,4,10.371082460179048,75.38996371941111,Artvin,Hopa,0.001814411193130529,1.8142465986870082e-4,30,Artvin,Hopa,aegypti,0,0,1,0,0
TUR.10.4_1,2048,5,15.282385713913861,83.43420277363529,Artvin,Hopa,0.002536067087338497,2.453957327022138e-4,31,Artvin,Hopa,aegypti,0,0,1,1.5554393545479992e-4,0
TUR.10.4_1,2048,6,21.206478679881375,76.06543336706838,Artvin,Hopa,0.0028524943085678866,2.8520875110593646e-4,30,Artvin,Hopa,aegypti,2.2716630798669257e-12,2.2716630798669257e-12,0.9999999999977284,0.07351064099597028,6.439293542825908e-15
TUR.10.4_1,2048,7,21.29984670526841,86.69499523751946,Artvin,Hopa,0.0033497818075137664,3.241198947793178e-4,31,Artvin,Hopa,aegypti,4.865340441639887e-10,4.865340441639887e-10,0.999999999513466,0.09074816392422543,1.6298074001497298e-12
TUR.10.4_1,2048,8,21.99148464202881,97.0900446336754,Artvin,Hopa,0.003977654743442293,3.848602522966704e-4,31,Artvin,Hopa,aegypti,2.578083232615047e-5,2.578083232615047e-5,0.9999742191676738,0.13773535889949626,1.0254724469582754e-7
TUR.10.4_1,2048,9,19.762322958777933,86.25595505891644,Artvin,Hopa,0.003170382910343957,3.169880397060343e-4,30,Artvin,Hopa,aegypti,1.6653345369377348e-19,1.6653345369377348e-19,1,0.04444073448349155,0
TUR.10.4_1,2048,10,16.447197016547705,85.07614659110915,Artvin,Hopa,0.0031242800442740923,3.0230397864516867e-4,31,Artvin,Hopa,aegypti,0,0,1,0.0024171336719407644,0
TUR.10.4_1,2048,11,12.33196478030261,76.3277241098208,Artvin,Hopa,0.0018122373906625667,1.8120731903636944e-4,30,Artvin,Hopa,aegypti,0,0,1,0,0
TUR.10.4_1,2048,12,6.796635307371616,80.77366634035248,Artvin,Hopa,0.001490593707946532,1.442406003190344e-4,31,Artvin,Hopa,aegypti,0,0,1,0,0
TUR.10.4_1,2049,1,6.07527195155511,77.80065831063416,Artvin,Hopa,0.001382055633241216,1.3373837557195678e-4,31,Artvin,Hopa,aegypti,0,0,1,0,0
TUR.10.4_1,2049,2,5.040968666606418,79.24481920683019,Artvin,Hopa,0.0010338194382536825,1.1076023401668245e-4,28,Artvin,Hopa,aegypti,0,0,1,0,0
TUR.10.4_1,2049,3,7.305328864713802,77.24777189408485,Artvin,Hopa,0.0012690995648027064,1.2280854532953356e-4,31,Artvin,Hopa,aegypti,0,0,1,0,0
TUR.10.4_1,2049,4,9.1621796243331,79.8144708605244,Artvin,Hopa,0.001678150753856123,1.6780099522351044e-4,30,Artvin,Hopa,aegypti,0,0,1,0,0
TUR.10.4_1,2049,5,16.00399387584013,78.44856892353764,Artvin,Hopa,0.0023456110227714133,2.269688537784864e-4,31,Artvin,Hopa,aegypti,0,0,1,0.0010104840931925718,0
TUR.10.4_1,2049,6,18.38939150641946,90.69224153357229,Artvin,Hopa,0.002638274880808194,2.6379268866949523e-4,30,Artvin,Hopa,aegypti,0,0,1,0.020163176580658058,0
TUR.10.4_1,2049,7,21.32884412653306,88.33574230783196,Artvin,Hopa,0.0030982165932484664,2.997824685031514e-4,31,Artvin,Hopa,aegypti,1.2201532982869524e-9,1.2201532982869524e-9,0.9999999987798467,0.09388695987931256,3.780309398848658e-12
TUR.10.4_1,2049,8,23.679631233215332,83.81320442371447,Artvin,Hopa,0.003678936908876785,3.5596278268201775e-4,31,Artvin,Hopa,aegypti,0.013368116854399025,0.013368116854399025,0.986631883145601,0.18169895233781888,4.917924915892602e-5
TUR.10.4_1,2049,9,20.028791006873636,80.19683488069379,Artvin,Hopa,0.002932290371195661,2.9318604968731066e-4,30,Artvin,Hopa,aegypti,4.107825191113079e-18,4.107825191113079e-18,1,0.04657235008393821,0
TUR.10.4_1,2049,10,13.832856234382179,83.31124638358962,Artvin,Hopa,0.0028896497835807972,2.79604430836522e-4,31,Artvin,Hopa,aegypti,0,0,1,0,0
TUR.10.4_1,2049,11,8.311557103605832,82.58191264741846,Artvin,Hopa,0.0016761402017474519,1.6759997372961521e-4,30,Artvin,Hopa,aegypti,0,0,1,0,0
TUR.10.4_1,2049,12,6.569518245756626,77.50405116701263,Artvin,Hopa,0.0013786516331878208,1.334090002137467e-4,31,Artvin,Hopa,aegypti,0,0,1,0,0
TUR.10.4_1,2050,1,7.163182603715755,74.5871420752826,Artvin,Hopa,0.0014075525867418622,1.3620548964876633e-4,31,Artvin,Hopa,aegypti,0,0,1,0,0
TUR.10.4_1,2050,2,6.807374725871555,78.57768206083409,Artvin,Hopa,0.0010528919310761316,1.1280348696629527e-4,28,Artvin,Hopa,aegypti,0,0,1,0,0
TUR.10.4_1,2050,3,7.257225532194271,70.85734525834266,Artvin,Hopa,0.0012925126400893923,1.250740459850519e-4,31,Artvin,Hopa,aegypti,0,0,1,0,0
TUR.10.4_1,2050,4,12.116342698826509,73.91885623650096,Artvin,Hopa,0.001709110239645995,1.708964195076268e-4,30,Artvin,Hopa,aegypti,0,0,1,0,0
TUR.10.4_1,2050,5,14.728458292344037,88.04711781269779,Artvin,Hopa,0.002388884197699942,2.311556211345156e-4,31,Artvin,Hopa,aegypti,0,0,1,1.0239897928854345e-6,0
TUR.10.4_1,2050,6,20.45609530280618,80.44620881872854,Artvin,Hopa,0.002686947286129629,2.686586334172958e-4,30,Artvin,Hopa,aegypti,2.2976620606129926e-15,2.2976620606129926e-15,0.9999999999999977,0.05747405818205475,0
TUR.10.4_1,2050,7,21.002565440009622,84.999934507539,Artvin,Hopa,0.0031553742665815765,3.0531218273854854e-4,31,Artvin,Hopa,aegypti,8.689553077090294e-12,8.689553077090294e-12,0.9999999999913104,0.07818353928531668,2.7422508708241367e-14
TUR.10.4_1,2050,8,23.17652988433838,87.563700334359,Artvin,Hopa,0.003746808043034718,3.625285973669623e-4,31,Artvin,Hopa,aegypti,0.004151002260478701,0.004151002260478701,0.9958489977395213,0.17076140597160325,1.5552887708825125e-5
TUR.10.4_1,2050,9,18.71751361734727,83.45986588655316,Artvin,Hopa,0.0029863869425973705,2.985941061636188e-4,30,Artvin,Hopa,aegypti,0,0,1,0.022538431881273736,0
TUR.10.4_1,2050,10,14.52621274835923,81.34411381523024,Artvin,Hopa,0.0029429596970119397,2.847619989270189e-4,31,Artvin,Hopa,aegypti,0,0,1,0,0
TUR.10.4_1,2050,11,11.280091573210324,77.02032817476221,Artvin,Hopa,0.001707062595721052,1.7069169008765428e-4,30,Artvin,Hopa,aegypti,0,0,1,0,0
TUR.10.4_1,2050,12,6.224629081785679,73.58460231447357,Artvin,Hopa,0.0014040857877468105,1.358700386120404e-4,31,Artvin,Hopa,aegypti,0,0,1,0,0
TUR.10.4_1,2051,1,3.2485214346636306,76.55140599129822,Artvin,Hopa,0.0013751801868537351,1.330730985561468e-4,31,Artvin,Hopa,aegypti,0,0,1,0,0
TUR.10.4_1,2051,2,0.5388997893862646,84.36346392118566,Artvin,Hopa,0.0010286763962870005,1.1020925468741005e-4,28,Artvin,Hopa,aegypti,0,0,1,0,0
TUR.10.4_1,2051,3,6.0484304615460776,80.2341610542411,Artvin,Hopa,0.0012627860519394702,1.221976350612719e-4,31,Artvin,Hopa,aegypti,0,0,1,0,0
TUR.10.4_1,2051,4,12.681438600315767,74.0541940660908,Artvin,Hopa,0.0016698022943145996,1.6696628900891852e-4,30,Artvin,Hopa,aegypti,0,0,1,0,0
TUR.10.4_1,2051,5,14.431196100571576,83.91899739033451,Artvin,Hopa,0.0023339420838046597,2.2583985728807932e-4,31,Artvin,Hopa,aegypti,0,0,1,0,0
TUR.10.4_1,2051,6,17.607740009532254,77.61649690466604,Artvin,Hopa,0.0026251499985225986,2.624805458046886e-4,30,Artvin,Hopa,aegypti,0,0,1,0.008553175080488709,0
TUR.10.4_1,2051,7,22.43151288874009,86.99341900460931,Artvin,Hopa,0.003082803594255273,2.982913339930615e-4,31,Artvin,Hopa,aegypti,2.034343256337229e-5,2.034343256337229e-5,0.9999796565674366,0.13570679564851532,6.271480501585103e-8
TUR.10.4_1,2051,8,23.46333408355713,88.72450508289415,Artvin,Hopa,0.003660634944128385,3.5419225370147966e-4,31,Artvin,Hopa,aegypti,0.019499515043061928,0.019499515043061928,0.9805004849569381,0.18660360234805745,7.137805862533764e-5
TUR.10.4_1,2051,9,23.134694632361917,77.17039139924847,Artvin,Hopa,0.002917702821494495,2.9172772134011815e-4,30,Artvin,Hopa,aegypti,7.397637914398225e-5,7.397637914398225e-5,0.999926023620856,0.14113407323843588,2.1584106690841764e-7
TUR.10.4_1,2051,10,12.62291341669419,86.31940220634353,Artvin,Hopa,0.0028752743621522025,2.782136490306897e-4,31,Artvin,Hopa,aegypti,0,0,1,0,0
TUR.10.4_1,2051,11,10.453243543119992,78.35178722017237,Artvin,Hopa,0.0016678017442947734,1.6676626738931777e-4,30,Artvin,Hopa,aegypti,0,0,1,0,0
TUR.10.4_1,2051,12,4.385530151426792,81.42194362306732,Artvin,Hopa,0.0013717931210100104,1.3274536155571948e-4,31,Artvin,Hopa,aegypti,0,0,1,0,0
TUR.10.4_1,2052,1,2.4752546423662674,83.7702475440326,Artvin,Hopa,0.0013837412190824635,1.339014749535128e-4,31,Artvin,Hopa,aegypti,0,0,1,0,0
TUR.10.4_1,2052,2,4.373042116694919,72.54732469999425,Artvin,Hopa,0.0010720474613114628,1.1089531217522985e-4,29,Artvin,Hopa,aegypti,0,0,1,0,0
TUR.10.4_1,2052,3,5.665110606809749,81.65765348588172,Artvin,Hopa,0.0012706473869063273,1.2295831615871666e-4,31,Artvin,Hopa,aegypti,0,0,1,0,0
TUR.10.4_1,2052,4,13.45382419754477,74.41575870232127,Artvin,Hopa,0.0016801974639032032,1.68005631863255e-4,30,Artvin,Hopa,aegypti,0,0,1,0,0
TUR.10.4_1,2052,5,16.86885917887968,85.4696794582056,Artvin,Hopa,0.002348471782232872,2.272456385942201e-4,31,Artvin,Hopa,aegypti,0,0,1,0.004342480673086504,0
TUR.10.4_1,2052,6,18.605097378001492,86.90663514929494,Artvin,Hopa,0.0026414925796312,2.641143736195062e-4,30,Artvin,Hopa,aegypti,0,0,1,0.022261891233011123,0
TUR.10.4_1,2052,7,21.56754690058091,79.61786968820306,Artvin,Hopa,0.0031019952472310488,3.0014803500488796e-4,31,Artvin,Hopa,aegypti,3.6135659259306506e-10,3.6135659259306506e-10,0.9999999996386434,0.0886633333796507,1.120881165661558e-12
TUR.10.4_1,2052,8,23.46229839324951,86.39398445301134,Artvin,Hopa,0.0036834238222942296,3.5639684544996886e-4,31,Artvin,Hopa,aegypti,0.011905762225045934,0.011905762225045934,0.9880942377749541,0.18076811743143825,4.385300663112268e-5
TUR.10.4_1,2052,9,17.980804022620706,86.12959702668988,Artvin,Hopa,0.002935866657861142,2.9354357343813753e-4,30,Artvin,Hopa,aegypti,0,0,1,0.013551454055955769,0
TUR.10.4_1,2052,10,15.605108317206886,77.07565068046462,Artvin,Hopa,0.0028931740648356296,2.7994539489295533e-4,31,Artvin,Hopa,aegypti,0,0,1,3.930849966227639e-4,0
TUR.10.4_1,2052,11,12.20407228610095,82.45937694185206,Artvin,Hopa,0.001678184459680387,1.678043652403316e-4,30,Artvin,Hopa,aegypti,0,0,1,0,0
TUR.10.4_1,2052,12,5.331286109983921,80.41062160158295,Artvin,Hopa,0.0013803330674347649,1.3357169793548618e-4,31,Artvin,Hopa,aegypti,0,0,1,0,0
TUR.10.4_1,2053,1,5.491386520265437,80.85256108163026,Artvin,Hopa,0.0015508756614616883,1.5007347928042147e-4,31,Artvin,Hopa,aegypti,0,0,1,0,0
TUR.10.4_1,2053,2,8.367942581706515,67.12302736723058,Artvin,Hopa,0.0011601019282946592,1.2428891066773584e-4,28,Artvin,Hopa,aegypti,0,0,1,0,0
TUR.10.4_1,2053,3,7.837383765836849,75.90595213090126,Artvin,Hopa,0.0014241218513094522,1.3780874717728153e-4,31,Artvin,Hopa,aegypti,0,0,1,0,0
TUR.10.4_1,2053,4,12.8485547654769,72.16425571159861,Artvin,Hopa,0.001883139215109152,1.8829619155735777e-4,30,Artvin,Hopa,aegypti,0,0,1,0,0
TUR.10.4_1,2053,5,12.469039804795209,86.23467884785404,Artvin,Hopa,0.0026321306892264085,2.546898857868074e-4,31,Artvin,Hopa,aegypti,0,0,1,0,0
TUR.10.4_1,2053,6,19.422859752879422,81.9623373587676,Artvin,Hopa,0.002960543846773666,2.9601056490247135e-4,30,Artvin,Hopa,aegypti,0,0,1,0.03427765998694311,0
TUR.10.4_1,2053,7,21.963310297797708,88.42772991769525,Artvin,Hopa,0.00347666808255552,3.3639515638184125e-4,31,Artvin,Hopa,aegypti,6.918118433252851e-7,6.918118433252851e-7,0.9999993081881566,0.11907402558891608,2.4052001501573272e-9
TUR.10.4_1,2053,8,23.028389930725098,91.60891212635119,Artvin,Hopa,0.004128324196797572,3.9943544926279717e-4,31,Artvin,Hopa,aegypti,0.006239980883454731,0.006239980883454731,0.9937600191165453,0.17482390595882338,2.5760332265645225e-5
TUR.10.4_1,2053,9,22.169753607581644,87.26716263948285,Artvin,Hopa,0.0032904737404533236,3.2899324389545903e-4,30,Artvin,Hopa,aegypti,2.6171395548937324e-6,2.6171395548937324e-6,0.9999973828604451,0.12492194990093149,8.61162896548251e-9
TUR.10.4_1,2053,10,14.856960352729347,84.35901402274978,Artvin,Hopa,0.003242624545434142,3.137531445489561e-4,31,Artvin,Hopa,aegypti,0,0,1,1.0900851554642189e-5,0
TUR.10.4_1,2053,11,14.433539678068723,73.95880473726221,Artvin,Hopa,0.0018808830712489183,1.8807061962822225e-4,30,Artvin,Hopa,aegypti,0,0,1,0,0
TUR.10.4_1,2053,12,9.156976379454136,68.32917781496185,Artvin,Hopa,0.0015470558580417317,1.4970387629253956e-4,31,Artvin,Hopa,aegypti,0,0,1,0,0
TUR.10.4_1,2054,1,5.3777223700274,76.64605625985291,Artvin,Hopa,0.0014285955314520611,1.3824162420905672e-4,31,Artvin,Hopa,aegypti,0,0,1,0,0
TUR.10.4_1,2054,2,3.6223826509051245,76.60090593778722,Artvin,Hopa,0.0010686326905334639,1.144898052419796e-4,28,Artvin,Hopa,aegypti,0,0,1,0,0
TUR.10.4_1,2054,3,7.681910533567562,74.88192716752235,Artvin,Hopa,0.0013118357348560266,1.2694378726407773e-4,31,Artvin,Hopa,aegypti,0,0,1,0,0
TUR.10.4_1,2054,4,10.17752615143271,81.19439944939158,Artvin,Hopa,0.0017346614784524645,1.7345110346289605e-4,30,Artvin,Hopa,aegypti,0,0,1,0,0
TUR.10.4_1,2054,5,14.455041773178998,82.96044026142826,Artvin,Hopa,0.0024245980733766073,2.3461099776456162e-4,31,Artvin,Hopa,aegypti,0,0,1,0,0
TUR.10.4_1,2054,6,19.867930019603055,88.35663972693166,Artvin,Hopa,0.0027271172120804056,2.726745387466867e-4,30,Artvin,Hopa,aegypti,1.5543122344752193e-17,1.5543122344752193e-17,1,0.04883177226162603,0
TUR.10.4_1,2054,7,24.6338711345897,83.61285717599603,Artvin,Hopa,0.003202547187051537,3.0987589987019337e-4,31,Artvin,Hopa,aegypti,0.11886074017372193,0.11886074017372193,0.881139259826278,0.2248854940624562,3.805846883612185e-4
TUR.10.4_1,2054,8,24.811625480651855,86.09927620105822,Artvin,Hopa,0.0038028229125550194,3.67947411311631e-4,31,Artvin,Hopa,aegypti,0.1805343079426563,0.1805343079426563,0.8194656920573438,0.24438359375115007,6.863043880815933e-4
TUR.10.4_1,2054,9,19.33993106729844,88.27835496126019,Artvin,Hopa,0.003031033498547227,3.0305741867509006e-4,30,Artvin,Hopa,aegypti,0,0,1,0.03628131692868403,0
TUR.10.4_1,2054,10,17.020138796638037,80.50700138847243,Artvin,Hopa,0.002986957014605533,2.890185823325453e-4,31,Artvin,Hopa,aegypti,0,0,1,0.004808218787487283,0
TUR.10.4_1,2054,11,10.60513143679675,80.54199565523096,Artvin,Hopa,0.0017325832222020534,1.7324331386392444e-4,30,Artvin,Hopa,aegypti,0,0,1,0,0
TUR.10.4_1,2054,12,6.657885231077671,73.7927627148642,Artvin,Hopa,0.0014250769037294285,1.3790115886380683e-4,31,Artvin,Hopa,aegypti,0,0,1,0,0
TUR.10.4_1,2055,1,8.565561162828303,73.25141819832947,Artvin,Hopa,0.0015088960588905804,1.4601153852500381e-4,31,Artvin,Hopa,aegypti,0,0,1,0,0
TUR.10.4_1,2055,2,3.710407982402317,82.91037706815831,Artvin,Hopa,0.001128699915159779,1.2092482177139541e-4,28,Artvin,Hopa,aegypti,0,0,1,0,0
TUR.10.4_1,2055,3,6.903225917478695,75.90631834183876,Artvin,Hopa,0.0013855732617504056,1.3407874564952404e-4,31,Artvin,Hopa,aegypti,0,0,1,0,0
TUR.10.4_1,2055,4,9.676855718388277,80.91506442741893,Artvin,Hopa,0.001832165795510934,1.8319979641856499e-4,30,Artvin,Hopa,aegypti,0,0,1,0,0
TUR.10.4_1,2055,5,13.908681757309857,80.4718767238306,Artvin,Hopa,0.002560883326852561,2.477967120496638e-4,31,Artvin,Hopa,aegypti,0,0,1,0,0
TUR.10.4_1,2055,6,18.198664272532742,85.71493135290822,Artvin,Hopa,0.0028804068911361244,2.879992093770545e-4,30,Artvin,Hopa,aegypti,0,0,1,0.016072569583847823,0
TUR.10.4_1,2055,7,24.262449320624857,80.76076824777337,Artvin,Hopa,0.003382560509650687,3.2729099406336726e-4,31,Artvin,Hopa,aegypti,0.04178827779513143,0.04178827779513143,0.9582117222048686,0.19743539072613206,1.4134138860077972e-4
TUR.10.4_1,2055,8,24.221428871154785,87.0923639696129,Artvin,Hopa,0.004016577386029446,3.886255028965335e-4,31,Artvin,Hopa,aegypti,0.1013632520208378,0.1013632520208378,0.8986367479791622,0.21944352527293598,4.07050478307025e-4
TUR.10.4_1,2055,9,21.72034984476426,83.4342158621391,Artvin,Hopa,0.0032014061360492994,3.2008937406680094e-4,30,Artvin,Hopa,aegypti,9.09524943282225e-9,9.09524943282225e-9,0.9999999909047506,0.10078271984478737,2.9117597222239056e-11
TUR.10.4_1,2055,10,16.034191187690283,83.50061558524978,Artvin,Hopa,0.003154852138472549,3.052616696375132e-4,31,Artvin,Hopa,aegypti,0,0,1,0.001165469877822027,0
TUR.10.4_1,2055,11,10.114484120817746,78.40830577485987,Artvin,Hopa,0.0018299707216803288,1.829803292251464e-4,30,Artvin,Hopa,aegypti,0,0,1,0,0
TUR.10.4_1,2055,12,5.030681766569614,82.57774348878998,Artvin,Hopa,0.0015051796511415044,1.4565193861093562e-4,31,Artvin,Hopa,aegypti,0,0,1,0,0
TUR.10.4_1,2056,1,3.8517452353228103,78.45143803475526,Artvin,Hopa,0.0015149673085636053,1.4659899285573985e-4,31,Artvin,Hopa,aegypti,0,0,1,0,0
TUR.10.4_1,2056,2,4.369970808558933,81.55353502714269,Artvin,Hopa,0.001173714300562932,1.2141134979337664e-4,29,Artvin,Hopa,aegypti,0,0,1,0,0
TUR.10.4_1,2056,3,7.286413688322201,75.21156278763954,Artvin,Hopa,0.0013911483052815943,1.346181935075741e-4,31,Artvin,Hopa,aegypti,0,0,1,0,0
TUR.10.4_1,2056,4,10.946053659214693,73.91955814079783,Artvin,Hopa,0.0018395377651846446,1.8393685805995208e-4,30,Artvin,Hopa,aegypti,0,0,1,0,0
TUR.10.4_1,2056,5,15.902657396653119,90.24466572529545,Artvin,Hopa,0.0025711873911843613,2.487936319737205e-4,31,Artvin,Hopa,aegypti,0,0,1,9.951485044937653e-4,0
TUR.10.4_1,2056,6,21.66816576789407,83.75810609656057,Artvin,Hopa,0.0028919966022318286,2.8915784603245065e-4,30,Artvin,Hopa,aegypti,6.137567699959767e-9,6.137567699959767e-9,0.9999999938624323,0.09914111563888985,1.7749801628497153e-11
TUR.10.4_1,2056,7,25.207151469062357,85.29870922677728,Artvin,Hopa,0.0033961707045128187,3.2860767774800514e-4,31,Artvin,Hopa,aegypti,0.2259509362198192,0.2259509362198192,0.7740490637801808,0.259631412259384,7.670735987582722e-4
TUR.10.4_1,2056,8,27.231165885925293,73.2075983446129,Artvin,Hopa,0.004032738634511691,3.901888856555624e-4,31,Artvin,Hopa,aegypti,0.24911685731016045,0.24911685731016045,0.7508831426898396,0.26841737343770583,0.0010041187100674476
TUR.10.4_1,2056,9,23.59934383280137,72.59943040071332,Artvin,Hopa,0.0032142874315117583,3.2137709046708984e-4,30,Artvin,Hopa,aegypti,2.0090387961455274e-4,2.0090387961455274e-4,0.9997990961203854,0.1459866535779523,6.45762606721334e-7
TUR.10.4_1,2056,10,15.537014063666847,81.8228888396443,Artvin,Hopa,0.0031675461175583093,3.064897434735814e-4,31,Artvin,Hopa,aegypti,0,0,1,3.552074466702764e-4,0
TUR.10.4_1,2056,11,10.192529965849484,79.58491099946924,Artvin,Hopa,0.0018373338591742496,1.8371650797255334e-4,30,Artvin,Hopa,aegypti,0,0,1,0,0
TUR.10.4_1,2056,12,6.031317867338657,81.94526668214935,Artvin,Hopa,0.0015112359473396372,1.4623794625412412e-4,31,Artvin,Hopa,aegypti,0,0,1,0,0
TUR.10.4_1,2057,1,3.612908946870662,80.63083561776307,Artvin,Hopa,0.0015627332634373335,1.5122081627994e-4,31,Artvin,Hopa,aegypti,0,0,1,0,0
TUR.10.4_1,2057,2,5.842620621257297,76.29082445585362,Artvin,Hopa,0.0011689717734142426,1.252391326479474e-4,28,Artvin,Hopa,aegypti,0,0,1,0,0
TUR.10.4_1,2057,3,10.242636699339046,71.56432310258094,Artvin,Hopa,0.0014350103257998771,1.3886232474757954e-4,31,Artvin,Hopa,aegypti,0,0,1,0,0
TUR.10.4_1,2057,4,12.83685985733481,73.04741916374705,Artvin,Hopa,0.0018975372199475592,1.8973571989588933e-4,30,Artvin,Hopa,aegypti,0,0,1,0,0
TUR.10.4_1,2057,5,13.663955576279584,81.86858235127201,Artvin,Hopa,0.002652255292917275,2.566369301642002e-4,31,Artvin,Hopa,aegypti,0,0,1,0,0
TUR.10.4_1,2057,6,19.492271984324734,86.70066438513479,Artvin,Hopa,0.002983179414175247,2.982734490448724e-4,30,Artvin,Hopa,aegypti,0,0,1,0.03867773725011448,0
TUR.10.4_1,2057,7,22.448431071113138,90.31982739083978,Artvin,Hopa,0.003503249804964858,3.38966712472355e-4,31,Artvin,Hopa,aegypti,8.958497086794587e-5,8.958497086794587e-5,0.999910415029132,0.14415126150382024,3.138384824241669e-7
TUR.10.4_1,2057,8,23.87736988067627,91.67318977527697,Artvin,Hopa,0.004159888316583882,4.0248881672433345e-4,31,Artvin,Hopa,aegypti,0.10075573677771617,0.10075573677771617,0.8992442632222838,0.219438733160673,4.190447884474535e-4
TUR.10.4_1,2057,9,22.824927862952737,81.78134568391644,Artvin,Hopa,0.0033156318681454135,3.3150822581562434e-4,30,Artvin,Hopa,aegypti,4.843909408690722e-5,4.843909408690722e-5,0.9999515609059131,0.13938271452086876,1.606061911241241e-7
TUR.10.4_1,2057,10,14.528727587531593,85.683896530074,Artvin,Hopa,0.0032674168303165915,3.16151642274054e-4,31,Artvin,Hopa,aegypti,0,0,1,0,0
TUR.10.4_1,2057,11,12.427831937285031,75.47243846528956,Artvin,Hopa,0.0018952638261835713,1.8950842362808196e-4,30,Artvin,Hopa,aegypti,0,0,1,0,0
TUR.10.4_1,2057,12,8.404977954924107,70.65367122316498,Artvin,Hopa,0.0015588842547692035,1.508483878281952e-4,31,Artvin,Hopa,aegypti,0,0,1,0,0
TUR.10.4_1,2058,1,5.643518792985774,75.66165837166932,Artvin,Hopa,0.0014809517123583076,1.433076381268661e-4,31,Artvin,Hopa,aegypti,0,0,1,0,0
TUR.10.4_1,2058,2,4.3648777108721655,79.52286486112706,Artvin,Hopa,0.0011077966982852103,1.1868545971116529e-4,28,Artvin,Hopa,aegypti,0,0,1,0,0
TUR.10.4_1,2058,3,8.936956901212826,77.66505399857704,Artvin,Hopa,0.0013599128200360354,1.3159580696719964e-4,31,Artvin,Hopa,aegypti,0,0,1,0,0
TUR.10.4_1,2058,4,13.456964647068697,74.21674594597361,Artvin,Hopa,0.0017982345809699016,1.7980729082800462e-4,30,Artvin,Hopa,aegypti,0,0,1,0,0
TUR.10.4_1,2058,5,18.424291498520795,81.01904164082279,Artvin,Hopa,0.0025134564609046815,2.4320814212663855e-4,31,Artvin,Hopa,aegypti,0,0,1,0.01781233418216047,0
TUR.10.4_1,2058,6,19.81903704474954,84.47540651159963,Artvin,Hopa,0.0028270625352770236,2.8266629588036274e-4,30,Artvin,Hopa,aegypti,1.6653345369377348e-19,1.6653345369377348e-19,1,0.044848134652865246,0
TUR.10.4_1,2058,7,21.88861089594224,88.77509625070306,Artvin,Hopa,0.003319916404716409,3.212306271047627e-4,31,Artvin,Hopa,aegypti,3.76132205219315e-7,3.76132205219315e-7,0.9999996238677947,0.11626606645699354,1.248727454772336e-9
TUR.10.4_1,2058,8,22.319817543029785,83.3765436571129,Artvin,Hopa,0.003942191460181497,3.814296365853842e-4,31,Artvin,Hopa,aegypti,1.7775184873058957e-6,1.7775184873058957e-6,0.9999982224815127,0.1227376369203814,7.007318170160204e-9
TUR.10.4_1,2058,9,18.5002360904918,82.257068950518,Artvin,Hopa,0.003142116961073203,3.1416233678227545e-4,30,Artvin,Hopa,aegypti,0,0,1,0.019186945654584564,0
TUR.10.4_1,2058,10,15.787604388068702,83.37830113212478,Artvin,Hopa,0.0030964251309287833,2.9960915313942404e-4,31,Artvin,Hopa,aegypti,0,0,1,6.974401557454829e-4,0
TUR.10.4_1,2058,11,9.93303613802966,82.01010478609034,Artvin,Hopa,0.0017960801593124031,1.795918873771507e-4,30,Artvin,Hopa,aegypti,0,0,1,0,0
TUR.10.4_1,2058,12,6.081950820982456,66.98196788454193,Artvin,Hopa,0.0014773041314746632,1.4295469695257967e-4,31,Artvin,Hopa,aegypti,0,0,1,0,0
TUR.10.4_1,2059,1,4.586740838884212,84.51286991952088,Artvin,Hopa,0.001487032561029162,1.4389602284781144e-4,31,Artvin,Hopa,aegypti,0,0,1,0,0
TUR.10.4_1,2059,2,3.6661610703997534,75.49765734159581,Artvin,Hopa,0.0011123453571132672,1.1917275805339855e-4,28,Artvin,Hopa,aegypti,0,0,1,0,0
TUR.10.4_1,2059,3,6.827229995390072,81.97248045121376,Artvin,Hopa,0.0013654966780343664,1.321361090650397e-4,31,Artvin,Hopa,aegypti,0,0,1,0,0
TUR.10.4_1,2059,4,9.436270868076997,80.28024539665721,Artvin,Hopa,0.0018056182061551968,1.8054552031110394e-4,30,Artvin,Hopa,aegypti,0,0,1,0,0
TUR.10.4_1,2059,5,17.24605930552763,80.33120594746342,Artvin,Hopa,0.002523776816559765,2.442066428209877e-4,31,Artvin,Hopa,aegypti,0,0,1,0.006235876886841304,0
TUR.10.4_1,2059,6,19.467762554393094,89.58391176062307,Artvin,Hopa,0.0028386705703781043,2.8382677059690664e-4,30,Artvin,Hopa,aegypti,0,0,1,0.039828091538627146,0
TUR.10.4_1,2059,7,22.60336118585923,85.63537151925775,Artvin,Hopa,0.0033335481180859286,3.225494005361096e-4,31,Artvin,Hopa,aegypti,4.317994664909236e-5,4.317994664909236e-5,0.999956820053351,0.13929361123809134,1.439424195393002e-7
TUR.10.4_1,2059,8,24.371962547302246,83.23925270252306,Artvin,Hopa,0.003958378260534848,3.8299550241327474e-4,31,Artvin,Hopa,aegypti,0.07847649862329786,0.07847649862329786,0.9215235013767021,0.21149394673109143,3.105914226078088e-4
TUR.10.4_1,2059,9,20.548572119544534,89.10945542512738,Artvin,Hopa,0.0031550186226108265,3.1545209678240926e-4,30,Artvin,Hopa,aegypti,1.9428592068493344e-13,1.9428592068493344e-13,0.9999999999998057,0.06863194472323014,6.661338147750939e-16
TUR.10.4_1,2059,10,15.517096575568702,86.03319309989821,Artvin,Hopa,0.0031091391799316533,3.008391755849882e-4,31,Artvin,Hopa,aegypti,0,0,1,3.6279894953606355e-4,0
TUR.10.4_1,2059,11,11.997366239042844,79.04559672944971,Artvin,Hopa,0.0018034549383537202,1.8032923256439126e-4,30,Artvin,Hopa,aegypti,0,0,1,0,0
TUR.10.4_1,2059,12,8.701701320707798,73.1147613110556,Artvin,Hopa,0.0014833700030283143,1.4354163269081344e-4,31,Artvin,Hopa,aegypti,0,0,1,0,0
TUR.10.4_1,2060,1,3.4779807203997146,82.19421299813416,Artvin,Hopa,0.001488925015922719,1.4407913727398913e-4,31,Artvin,Hopa,aegypti,0,0,1,0,0
TUR.10.4_1,2060,2,4.762187252574436,70.39562181913487,Artvin,Hopa,0.0011535381481672516,1.1932441284490114e-4,29,Artvin,Hopa,aegypti,0,0,1,0,0
TUR.10.4_1,2060,3,6.1028738209210776,81.32846800004188,Artvin,Hopa,0.001367234461683632,1.323042594404411e-4,31,Artvin,Hopa,aegypti,0,0,1,0,0
TUR.10.4_1,2060,4,12.674393808140474,71.73843631462596,Artvin,Hopa,0.0018079161054074964,1.8077526872239957e-4,30,Artvin,Hopa,aegypti,0,0,1,0,0
TUR.10.4_1,2060,5,15.556525118210736,82.21096668965092,Artvin,Hopa,0.0025269886721114945,2.4451739159803143e-4,31,Artvin,Hopa,aegypti,0,0,1,3.7747945553053843e-4,0
TUR.10.4_1,2060,6,20.730406368480008,87.47736726599416,Artvin,Hopa,0.002842283171845547,2.841879281431092e-4,30,Artvin,Hopa,aegypti,9.96139004616481e-13,9.96139004616481e-13,0.9999999999990039,0.07242084184115816,2.886579864025407e-15
TUR.10.4_1,2060,7,23.19030195124009,84.27679760568353,Artvin,Hopa,0.003337790519775245,3.22959823029767e-4,31,Artvin,Hopa,aegypti,0.0014922532962865524,0.0014922532962865524,0.9985077467037135,0.16200823913930287,4.980816501132246e-6
TUR.10.4_1,2060,8,22.56247043609619,81.47182716541369,Artvin,Hopa,0.003963415845121775,3.834828237668786e-4,31,Artvin,Hopa,aegypti,5.611118900607393e-6,5.611118900607393e-6,0.9999943888810994,0.12763494375283163,2.2239197261519905e-8
TUR.10.4_1,2060,9,20.627461966346292,82.54752000032269,Artvin,Hopa,0.0031590338207901397,3.1585348985940787e-4,30,Artvin,Hopa,aegypti,4.5753789645885944e-14,4.5753789645885944e-14,0.9999999999999543,0.06431261091673104,1.1102230246251565e-16
TUR.10.4_1,2060,10,18.5227175319896,88.21165226737868,Artvin,Hopa,0.00311309599016568,3.012219774346514e-4,31,Artvin,Hopa,aegypti,0,0,1,0.02133126358338384,0
TUR.10.4_1,2060,11,10.472091008635129,76.53508342378565,Artvin,Hopa,0.0018057500845481218,1.8055870576927369e-4,30,Artvin,Hopa,aegypti,0,0,1,0,0
TUR.10.4_1,2060,12,9.43574921041727,72.10169215822357,Artvin,Hopa,0.0014852577968095372,1.4372429617126592e-4,31,Artvin,Hopa,aegypti,0,0,1,0,0
TUR.10.4_1,2061,1,6.168943273424007,78.82822331307557,Artvin,Hopa,0.0015202790960482868,1.4711296131542095e-4,31,Artvin,Hopa,aegypti,0,0,1,0,0
TUR.10.4_1,2061,2,5.0435745816759985,82.83702043974034,Artvin,Hopa,0.0011372147714339815,1.2183701706425243e-4,28,Artvin,Hopa,aegypti,0,0,1,0,0
TUR.10.4_1,2061,3,8.630637664457455,71.53123441849891,Artvin,Hopa,0.0013960259578326168,1.350901607442001e-4,31,Artvin,Hopa,aegypti,0,0,1,0,0
TUR.10.4_1,2061,4,12.309518968357759,76.24414310173533,Artvin,Hopa,0.0018459875635555227,1.845817190534449e-4,30,Artvin,Hopa,aegypti,0,0,1,0,0
TUR.10.4_1,2061,5,15.145031816819134,81.16373310810795,Artvin,Hopa,0.002580202503872313,2.496658447982414e-4,31,Artvin,Hopa,aegypti,0,0,1,8.15387126580253e-5,0
TUR.10.4_1,2061,6,19.933876598582547,86.80311189490041,Artvin,Hopa,0.002902136538104136,2.901715459014964e-4,30,Artvin,Hopa,aegypti,1.9984014443252817e-17,1.9984014443252817e-17,1,0.049309435313024154,0
TUR.10.4_1,2061,7,22.362951334785013,94.0345795881054,Artvin,Hopa,0.0034080783786534425,3.29759653973416e-4,31,Artvin,Hopa,aegypti,1.64364470689927e-4,1.64364470689927e-4,0.9998356355293101,0.1477874323981736,5.601668419119576e-7
TUR.10.4_1,2061,8,26.028218269348145,82.9246622484215,Artvin,Hopa,0.004046878246955276,3.915567003961451e-4,31,Artvin,Hopa,aegypti,0.2922556737446091,0.2922556737446091,0.7077443262553909,0.2848776754652319,0.0011820239872841753
TUR.10.4_1,2061,9,22.76839786417344,78.73547776399457,Artvin,Hopa,0.003225557385427174,3.225037230332184e-4,30,Artvin,Hopa,aegypti,9.231668583106311e-6,9.231668583106311e-6,0.9999907683314169,0.1302537045381129,2.977727631137128e-8
TUR.10.4_1,2061,10,17.23800187952378,83.3847784880818,Artvin,Hopa,0.0031786521867977506,3.075641943810492e-4,31,Artvin,Hopa,aegypti,0,0,1,0.006436394855605032,0
TUR.10.4_1,2061,11,9.906074811430539,71.47328532808253,Artvin,Hopa,0.001843775930196625,1.8436059651583125e-4,30,Artvin,Hopa,aegypti,0,0,1,0,0
TUR.10.4_1,2061,12,7.06306330114603,71.7411269726767,Artvin,Hopa,0.0015165346519031638,1.467506489960524e-4,31,Artvin,Hopa,aegypti,0,0,1,0,0
TUR.10.4_1,2062,1,5.356229650377132,82.588584030849,Artvin,Hopa,0.0016374548948523424,1.5845082226340068e-4,31,Artvin,Hopa,aegypti,0,0,1,0,0
TUR.10.4_1,2062,2,7.566532383494846,72.49567369901769,Artvin,Hopa,0.0012248658149831037,1.3122701201617737e-4,28,Artvin,Hopa,aegypti,0,0,1,0,0
TUR.10.4_1,2062,3,10.316954631467953,72.0478817573661,Artvin,Hopa,0.0015036249225131378,1.4550150290493225e-4,31,Artvin,Hopa,aegypti,0,0,1,0,0
TUR.10.4_1,2062,4,16.97186676193686,67.25566348747752,Artvin,Hopa,0.001988267404082318,1.9880697568186445e-4,30,Artvin,Hopa,aegypti,0,0,1,0.0036780780746751653,0
TUR.10.4_1,2062,5,18.198659784653607,78.01502094990482,Artvin,Hopa,0.0027790720997598966,2.689062994852831e-4,31,Artvin,Hopa,aegypti,0,0,1,0.014383832677696521,0
TUR.10.4_1,2062,6,20.401392544017117,81.01758943396291,Artvin,Hopa,0.003125819260556033,3.125330774151891e-4,30,Artvin,Hopa,aegypti,1.2330692022999302e-15,1.2330692022999302e-15,0.9999999999999988,0.05600188556985292,0
TUR.10.4_1,2062,7,22.10473066217759,88.71399242990228,Artvin,Hopa,0.003670756664136403,3.5517142757413023e-4,31,Artvin,Hopa,aegypti,2.7519449963195885e-6,2.7519449963195885e-6,0.9999972480550037,0.12553863210616625,1.0101720349098287e-8
TUR.10.4_1,2062,8,24.518595695495605,94.7452188890465,Artvin,Hopa,0.004358792153081023,4.217296425035322e-4,31,Artvin,Hopa,aegypti,0.25239375637133576,0.25239375637133576,0.7476062436286642,0.26888674956762243,0.0010995270014841907
TUR.10.4_1,2062,9,21.532416876624612,85.08335526643597,Artvin,Hopa,0.003474167830843538,3.473564408619234e-4,30,Artvin,Hopa,aegypti,2.7429763114206197e-9,2.7429763114206197e-9,0.9999999972570237,0.09636162815037079,9.529599331870031e-12
TUR.10.4_1,2062,10,14.183118876288917,84.21690892021071,Artvin,Hopa,0.003423647405160245,3.3126583598097614e-4,31,Artvin,Hopa,aegypti,0,0,1,0,0
TUR.10.4_1,2062,11,9.652067471953,85.21089519136378,Artvin,Hopa,0.0019858853086640762,1.985688134693575e-4,30,Artvin,Hopa,aegypti,0,0,1,0,0
TUR.10.4_1,2062,12,4.941576160490513,82.86415858888763,Artvin,Hopa,0.0016334218469666812,1.5806058907319454e-4,31,Artvin,Hopa,aegypti,0,0,1,0,0
TUR.10.4_1,2063,1,4.705512630342342,84.198203171474,Artvin,Hopa,0.0015470794714527736,1.4970616111920076e-4,31,Artvin,Hopa,aegypti,0,0,1,0,0
TUR.10.4_1,2063,2,5.753474960856907,73.69426683866612,Artvin,Hopa,0.0011572622632854321,1.2398469861385486e-4,28,Artvin,Hopa,aegypti,0,0,1,0,0
TUR.10.4_1,2063,3,9.876633662840023,76.09577146683876,Artvin,Hopa,0.0014206359257270477,1.3747144597275884e-4,31,Artvin,Hopa,aegypti,0,0,1,0,0
TUR.10.4_1,2063,4,13.242613946690279,75.17100009636424,Artvin,Hopa,0.0018785297196792896,1.8783532870314534e-4,30,Artvin,Hopa,aegypti,0,0,1,0,0
TUR.10.4_1,2063,5,18.159505731919232,73.6148210597681,Artvin,Hopa,0.0026256878334431273,2.540665422195998e-4,31,Artvin,Hopa,aegypti,0,0,1,0.012814721851411578,0
TUR.10.4_1,2063,6,18.73276766608743,85.73585878210744,Artvin,Hopa,0.002953297110461173,2.952861055197653e-4,30,Artvin,Hopa,aegypti,0,0,1,0.023915229210898656,0
TUR.10.4_1,2063,7,22.540855463813333,86.39772350900384,Artvin,Hopa,0.0034681579917937174,3.3557187591304327e-4,31,Artvin,Hopa,aegypti,3.607317030510893e-5,3.607317030510893e-5,0.9999639268296949,0.13852458628767045,1.2510744606952784e-7
TUR.10.4_1,2063,8,23.346388816833496,89.72998298816759,Artvin,Hopa,0.004118219000450191,3.984579171745217e-4,31,Artvin,Hopa,aegypti,0.01706087556764508,0.01706087556764508,0.9829391244323549,0.18515934069111856,7.025795372139765e-5
TUR.10.4_1,2063,9,20.857110556434183,85.49511368928754,Artvin,Hopa,0.003282419410987393,3.281880756066391e-4,30,Artvin,Hopa,aegypti,2.1206991718258907e-12,2.1206991718258907e-12,0.9999999999978793,0.07413094399177021,6.994405055138486e-15
TUR.10.4_1,2063,10,14.796932276557472,83.62766026298415,Artvin,Hopa,0.0032346873398876722,3.129852685872514e-4,31,Artvin,Hopa,aegypti,0,0,1,4.645875671109336e-6,0
TUR.10.4_1,2063,11,10.17170744082507,83.75715983980128,Artvin,Hopa,0.001876279098344809,1.8761030881908614e-4,30,Artvin,Hopa,aegypti,0,0,1,0,0
TUR.10.4_1,2063,12,3.799047864973545,86.08654018068451,Artvin,Hopa,0.0015432690180406476,1.4933746269996107e-4,31,Artvin,Hopa,aegypti,0,0,1,0,0
TUR.10.4_1,2064,1,2.858176338075496,83.0844794165912,Artvin,Hopa,0.001614723282774565,1.562513349827599e-4,31,Artvin,Hopa,aegypti,0,0,1,0,0
TUR.10.4_1,2064,2,4.808895359569065,76.35784868681066,Artvin,Hopa,0.0012509998055610584,1.29405399387994e-4,29,Artvin,Hopa,aegypti,0,0,1,0,0
TUR.10.4_1,2064,3,6.577809829374447,77.51824918900672,Artvin,Hopa,0.0014827511759711734,1.434817547958378e-4,31,Artvin,Hopa,aegypti,0,0,1,0,0
TUR.10.4_1,2064,4,13.201316987766939,72.86239108757518,Artvin,Hopa,0.0019606657135083833,1.9604735155676067e-4,30,Artvin,Hopa,aegypti,0,0,1,0,0
TUR.10.4_1,2064,5,15.951742060044232,84.48953114277592,Artvin,Hopa,0.0027404922346860477,2.651737611588656e-4,31,Artvin,Hopa,aegypti,0,0,1,0.0010153246343893385,0
TUR.10.4_1,2064,6,19.787670696482937,87.01230226355275,Artvin,Hopa,0.003082425753303051,3.0819507346846464e-4,30,Artvin,Hopa,aegypti,8.881784197001253e-19,8.881784197001253e-19,1,0.04561763101445374,0
TUR.10.4_1,2064,7,24.28355031854966,79.36790020578118,Artvin,Hopa,0.0036197981816869737,3.502417008910408e-4,31,Artvin,Hopa,aegypti,0.033349673328519375,0.033349673328519375,0.9666503266714807,0.19333697933221802,1.2071180061867803e-4
TUR.10.4_1,2064,8,24.7366361618042,87.26596321277697,Artvin,Hopa,0.004298282167332418,4.15876289859618e-4,31,Artvin,Hopa,aegypti,0.1853272662802399,0.1853272662802399,0.8146727337197601,0.2459332096962767,7.962716910775436e-4
TUR.10.4_1,2064,9,25.823432501624612,70.48702653108441,Artvin,Hopa,0.003425938450191834,3.425351664489984e-4,30,Artvin,Hopa,aegypti,0.09281010613381296,0.09281010613381296,0.9071898938661871,0.2151658689426785,3.179111667025447e-4
TUR.10.4_1,2064,10,18.198979433845068,80.7376837615193,Artvin,Hopa,0.003376119363349841,3.2666786114288193e-4,31,Artvin,Hopa,aegypti,0,0,1,0.014935357970990623,0
TUR.10.4_1,2064,11,11.6749585165697,77.2774540292544,Artvin,Hopa,0.00195831668701262,1.9581249493161312e-4,30,Artvin,Hopa,aegypti,0,0,1,0,0
TUR.10.4_1,2064,12,7.926283039152622,76.0538711133017,Artvin,Hopa,0.0016107462228005804,1.558665182744834e-4,31,Artvin,Hopa,aegypti,0,0,1,0,0
TUR.10.4_1,2065,1,1.8479044871021282,78.65368565438416,Artvin,Hopa,0.001530291299527926,1.4808174122238338e-4,31,Artvin,Hopa,aegypti,0,0,1,0,0
TUR.10.4_1,2065,2,5.3999941449694555,76.31868700468175,Artvin,Hopa,0.0011447042026320059,1.226393580324725e-4,28,Artvin,Hopa,aegypti,0,0,1,0,0
TUR.10.4_1,2065,3,6.825752753873958,77.53234831010047,Artvin,Hopa,0.001405219859129431,1.3597977253798632e-4,31,Artvin,Hopa,aegypti,0,0,1,0,0
TUR.10.4_1,2065,4,14.424597894444185,68.73507175163768,Artvin,Hopa,0.0018581448070217014,1.8579721826073037e-4,30,Artvin,Hopa,aegypti,0,0,1,0,0
TUR.10.4_1,2065,5,14.946920282700482,81.86830006367435,Artvin,Hopa,0.002597195115659579,2.513098791864232e-4,31,Artvin,Hopa,aegypti,0,0,1,2.4076695224594485e-5,0
TUR.10.4_1,2065,6,20.112688625560086,81.82850251990041,Artvin,Hopa,0.0029212493323408795,2.9208226890031774e-4,30,Artvin,Hopa,aegypti,3.957945082788683e-17,3.957945082788683e-17,1,0.04982355381525857,0
TUR.10.4_1,2065,7,23.685365732978372,84.68359692208978,Artvin,Hopa,0.0034305231878271874,3.319310136585818e-4,31,Artvin,Hopa,aegypti,0.017789220627563496,0.017789220627563496,0.9822107793724365,0.18511690067296432,6.102447178735204e-5
TUR.10.4_1,2065,8,25.300423622131348,89.55908455066759,Artvin,Hopa,0.004073530043044008,3.9413489323902873e-4,31,Artvin,Hopa,aegypti,0.29852429450955165,0.29852429450955165,0.7014757054904484,0.2870430683949004,0.0012153085958988008
TUR.10.4_1,2065,9,21.05531078226426,80.02177842317425,Artvin,Hopa,0.003246800153917575,3.2462731253957156e-4,30,Artvin,Hopa,aegypti,2.1710188091716985e-12,2.1710188091716985e-12,0.999999999997829,0.07376488298752583,6.994405055138486e-15
TUR.10.4_1,2065,10,16.756168421577,80.10471104423415,Artvin,Hopa,0.0031995860485919065,3.0958942684133905e-4,31,Artvin,Hopa,aegypti,0,0,1,0.003467329406354072,0
TUR.10.4_1,2065,11,11.898217488737668,84.33953441255518,Artvin,Hopa,0.0018559186083614266,1.855746397321223e-4,30,Artvin,Hopa,aegypti,0,0,1,0,0
TUR.10.4_1,2065,12,6.297162689268589,82.0071181836142,Artvin,Hopa,0.0015265221953471577,1.4771704315152956e-4,31,Artvin,Hopa,aegypti,0,0,1,0,0
TUR.10.4_1,2066,1,7.10870062053094,75.93182286141541,Artvin,Hopa,0.0015815820387874342,1.5304461381226986e-4,31,Artvin,Hopa,aegypti,0,0,1,0,0
TUR.10.4_1,2066,2,10.522134075694552,70.90230516874425,Artvin,Hopa,0.0011830712277889636,1.267495981396305e-4,28,Artvin,Hopa,aegypti,0,0,1,0,0
TUR.10.4_1,2066,3,9.925933856626644,75.96129575883094,Artvin,Hopa,0.0014523185817184735,1.405370832598951e-4,31,Artvin,Hopa,aegypti,0,0,1,0,0
TUR.10.4_1,2066,4,12.3685742967269,73.4351983995869,Artvin,Hopa,0.0019204242049590482,1.9202398153062017e-4,30,Artvin,Hopa,aegypti,0,0,1,0,0
TUR.10.4_1,2066,5,14.976573831894818,80.17049275166264,Artvin,Hopa,0.00268424524626181,2.597319328129233e-4,31,Artvin,Hopa,aegypti,0,0,1,2.9533874232477524e-5,0
TUR.10.4_1,2066,6,18.431847179637234,87.6343344290801,Artvin,Hopa,0.0030191607808757637,3.0187050601493404e-4,30,Artvin,Hopa,aegypti,0,0,1,0.019796086253918165,0
TUR.10.4_1,2066,7,24.0203514660106,93.12775738351556,Artvin,Hopa,0.0035455039567858955,3.4305442950866016e-4,31,Artvin,Hopa,aegypti,0.14642627061270605,0.14642627061270605,0.8535737293872939,0.23369831412044761,5.190201842358855e-4
TUR.10.4_1,2066,8,22.535468101501465,86.10748542957384,Artvin,Hopa,0.004210062458387413,4.0734241274142935e-4,31,Artvin,Hopa,aegypti,3.2748567270994344e-5,3.2748567270994344e-5,0.999967251432729,0.13772783573933933,1.3787350416905042e-7
TUR.10.4_1,2066,9,21.949546393226175,84.89426835237347,Artvin,Hopa,0.003355623082057917,3.355060134714316e-4,30,Artvin,Hopa,aegypti,1.2825331038396336e-7,1.2825331038396336e-7,0.9999998717466896,0.11128852079314805,4.303697398455597e-10
TUR.10.4_1,2066,10,15.558487948249367,87.04374455253493,Artvin,Hopa,0.003306826502620047,3.199642685073334e-4,31,Artvin,Hopa,aegypti,0,0,1,4.1077745056265644e-4,0
TUR.10.4_1,2066,11,11.925113965483273,81.22983134859034,Artvin,Hopa,0.0019181233908480684,1.9179394427426555e-4,30,Artvin,Hopa,aegypti,0,0,1,0,0
TUR.10.4_1,2066,12,2.5210618153214455,89.39214320802826,Artvin,Hopa,0.0015776866056261398,1.5266769403288194e-4,31,Artvin,Hopa,aegypti,0,0,1,0,0
TUR.10.4_1,2067,1,4.8103395575274,81.17084416268494,Artvin,Hopa,0.0015954869798418744,1.5439004642114895e-4,31,Artvin,Hopa,aegypti,0,0,1,0,0
TUR.10.4_1,2067,2,5.956097851329319,73.34249071561925,Artvin,Hopa,0.001193472544497278,1.278638830558565e-4,28,Artvin,Hopa,aegypti,0,0,1,0,0
TUR.10.4_1,2067,3,6.941984672208919,77.58033720170204,Artvin,Hopa,0.0014650870652848059,1.4177256854053244e-4,31,Artvin,Hopa,aegypti,0,0,1,0,0
TUR.10.4_1,2067,4,14.599293863072115,71.8087335558369,Artvin,Hopa,0.001937308176017514,1.9371205299867356e-4,30,Artvin,Hopa,aegypti,0,0,1,0,0
TUR.10.4_1,2067,5,17.14059627757353,81.29026661640873,Artvin,Hopa,0.002707844573397283,2.620151428802675e-4,31,Artvin,Hopa,aegypti,0,0,1,0.005606814274140284,0
TUR.10.4_1,2067,6,21.27959498237161,84.61550508337697,Artvin,Hopa,0.0030457046158855125,3.045240847139308e-4,30,Artvin,Hopa,aegypti,1.691664132108528e-10,1.691664132108528e-10,0.9999999998308335,0.08710569035261156,5.152545057285352e-13
TUR.10.4_1,2067,7,24.145071085761575,89.15971691720696,Artvin,Hopa,0.00357667529176463,3.460699709133541e-4,31,Artvin,Hopa,aegypti,0.11480726841824332,0.11480726841824332,0.8851927315817567,0.2237292917980779,4.105440239963176e-4
TUR.10.4_1,2067,8,24.88154697418213,90.77471412830431,Artvin,Hopa,0.0042470764537943595,4.109229467839093e-4,31,Artvin,Hopa,aegypti,0.2545352988787311,0.2545352988787311,0.745464701121269,0.2697959281162392,0.00108044677114838
TUR.10.4_1,2067,9,20.24936061746934,90.87809403596722,Artvin,Hopa,0.003385125023792604,3.3845521348663254e-4,30,Artvin,Hopa,aegypti,9.838629910774443e-15,9.838629910774443e-15,0.9999999999999901,0.06118717426615814,0
TUR.10.4_1,2067,10,15.090745028327492,85.06554936210524,Artvin,Hopa,0.0033358994349552205,3.227768739089143e-4,31,Artvin,Hopa,aegypti,0,0,1,6.680703844354918e-5,0
TUR.10.4_1,2067,11,11.45696478030261,77.04691661470362,Artvin,Hopa,0.0019349871336263652,1.9347999369401236e-4,30,Artvin,Hopa,aegypti,0,0,1,0,0
TUR.10.4_1,2067,12,9.46370331197977,74.1428603711142,Artvin,Hopa,0.001591557298840657,1.540098133522294e-4,31,Artvin,Hopa,aegypti,0,0,1,0,0
TUR.10.4_1,2068,1,8.569174157976008,76.02067479012635,Artvin,Hopa,0.001603153156129524,1.551318196336693e-4,31,Artvin,Hopa,aegypti,0,0,1,0,0
TUR.10.4_1,2068,2,6.320393333964817,75.5205302664005,Artvin,Hopa,0.001242035900514497,1.284782184337585e-4,29,Artvin,Hopa,aegypti,0,0,1,0,0
TUR.10.4_1,2068,3,9.655198115965023,75.29256406937782,Artvin,Hopa,0.0014721266813149795,1.4245372488974617e-4,31,Artvin,Hopa,aegypti,0,0,1,0,0
TUR.10.4_1,2068,4,13.051989709629732,76.53265628532908,Artvin,Hopa,0.001946616773447953,1.9464273198976922e-4,30,Artvin,Hopa,aegypti,0,0,1,0,0
TUR.10.4_1,2068,5,15.593988306382123,79.2100587917017,Artvin,Hopa,0.002720855531256228,2.6327393713199143e-4,31,Artvin,Hopa,aegypti,0,0,1,4.002448211739766e-4,0
TUR.10.4_1,2068,6,21.890133465037625,80.31211458044729,Artvin,Hopa,0.0030603389618880103,3.0598707259266167e-4,30,Artvin,Hopa,aegypti,1.193918492670143e-8,1.193918492670143e-8,0.999999988060815,0.10130394652470652,3.6537994851926214e-11
TUR.10.4_1,2068,7,23.205108698676614,88.52283794992181,Artvin,Hopa,0.0035938609057224857,3.4773251790498616e-4,31,Artvin,Hopa,aegypti,0.006140508012188388,0.006140508012188388,0.9938594919878116,0.17419133882559096,2.2067888186816376e-5
TUR.10.4_1,2068,8,24.248549461364746,91.17632545642931,Artvin,Hopa,0.004267483287076786,4.1289698815527576e-4,31,Artvin,Hopa,aegypti,0.1588925043240263,0.1588925043240263,0.8411074956759736,0.23752530754837012,6.7784126838355e-4
TUR.10.4_1,2068,9,20.63305621988633,86.58617814241254,Artvin,Hopa,0.0034013902553588935,3.4008118481565486e-4,30,Artvin,Hopa,aegypti,2.0125923150260404e-13,2.0125923150260404e-13,0.9999999999997987,0.06855216860889328,6.661338147750939e-16
TUR.10.4_1,2068,10,19.38749223596909,80.50980900565993,Artvin,Hopa,0.003351928141844933,3.243275372089016e-4,31,Artvin,Hopa,aegypti,0,0,1,0.033318860948539815,0
TUR.10.4_1,2068,11,10.52434759280261,85.00657237642237,Artvin,Hopa,0.0019442845786498176,1.944095578773064e-4,30,Artvin,Hopa,aegypti,0,0,1,0,0
TUR.10.4_1,2068,12,5.088627018034458,83.63105006837982,Artvin,Hopa,0.0015992045933525918,1.5474975986107253e-4,31,Artvin,Hopa,aegypti,0,0,1,0,0
TUR.10.4_1,2069,1,2.071140246986247,79.20053776620057,Artvin,Hopa,0.0015344300464309151,1.4848220572571957e-4,31,Artvin,Hopa,aegypti,0,0,1,0,0
TUR.10.4_1,2069,2,4.1095347505144995,78.07315782987706,Artvin,Hopa,0.0011478001105646612,1.2297102171876517e-4,28,Artvin,Hopa,aegypti,0,0,1,0,0
TUR.10.4_1,2069,3,8.135191459318294,77.2133862129325,Artvin,Hopa,0.00140902034426699,1.3634751134272705e-4,31,Artvin,Hopa,aegypti,0,0,1,0,0
TUR.10.4_1,2069,4,12.530862008824068,75.42444858269236,Artvin,Hopa,0.0018631702496075275,1.862996690217278e-4,30,Artvin,Hopa,aegypti,0,0,1,0,0
TUR.10.4_1,2069,5,16.989387400010052,79.54204426533451,Artvin,Hopa,0.0026042193555835145,2.519894732776473e-4,31,Artvin,Hopa,aegypti,0,0,1,0.004581548436391427,0
TUR.10.4_1,2069,6,18.390772426829617,88.07969270544729,Artvin,Hopa,0.002929149992581721,2.9287210384809637e-4,30,Artvin,Hopa,aegypti,0,0,1,0.019266829662202656,0
TUR.10.4_1,2069,7,24.281959589789896,89.98857433908196,Artvin,Hopa,0.003439801203864809,3.3282858774363877e-4,31,Artvin,Hopa,aegypti,0.14870219081142325,0.14870219081142325,0.8512978091885768,0.23430052986257738,5.113751780913001e-4
TUR.10.4_1,2069,8,24.653414726257324,93.13521827869494,Artvin,Hopa,0.004084547102250372,3.952006394772889e-4,31,Artvin,Hopa,aegypti,0.2545721029192096,0.2545721029192096,0.7454278970807904,0.2695612001186024,0.0010392713283864374
TUR.10.4_1,2069,9,22.65025287515977,85.94555314241254,Artvin,Hopa,0.0032555812821157145,3.2550513991458363e-4,30,Artvin,Hopa,aegypti,7.021852226952286e-5,7.021852226952286e-5,0.9999297814777305,0.14167950884010533,2.2860208059860554e-7
TUR.10.4_1,2069,10,12.6623716915355,89.68144749442946,Artvin,Hopa,0.0032082394839564954,3.104265964604114e-4,31,Artvin,Hopa,aegypti,0,0,1,0,0
TUR.10.4_1,2069,11,8.569315721006955,79.307994495563,Artvin,Hopa,0.0018609380300852025,1.8607648863078197e-4,30,Artvin,Hopa,aegypti,0,0,1,0,0
TUR.10.4_1,2069,12,7.551741279661655,70.79404445314545,Artvin,Hopa,0.0015306507485254228,1.4811652145751975e-4,31,Artvin,Hopa,aegypti,0,0,1,0,0
TUR.10.4_1,2070,1,5.45976697146783,83.3528662574115,Artvin,Hopa,0.0016601308934630324,1.6064492362177774e-4,31,Artvin,Hopa,aegypti,0,0,1,0,0
TUR.10.4_1,2070,2,3.725788841777317,80.48292498075597,Artvin,Hopa,0.0012418281481784514,1.3304416471626723e-4,28,Artvin,Hopa,aegypti,0,0,1,0,0
TUR.10.4_1,2070,3,8.78729202236761,74.69683805619422,Artvin,Hopa,0.0015244476009032995,1.475163055838502e-4,31,Artvin,Hopa,aegypti,0,0,1,0,0
TUR.10.4_1,2070,4,14.149382745518404,74.42068729118846,Artvin,Hopa,0.0020158015664182623,2.0155984072711686e-4,30,Artvin,Hopa,aegypti,0,0,1,0,0
TUR.10.4_1,2070,5,17.022520906784955,75.42404042011967,Artvin,Hopa,0.0028175575782126297,2.7262969217722866e-4,31,Artvin,Hopa,aegypti,0,0,1,0.004462164047067121,0
TUR.10.4_1,2070,6,20.143108928904812,86.43806825476369,Artvin,Hopa,0.0031691066044898806,3.168604495699112e-4,30,Artvin,Hopa,aegypti,3.876343690478734e-16,3.876343690478734e-16,0.9999999999999997,0.05446495823326102,0
TUR.10.4_1,2070,7,25.286203440497903,82.48326428048821,Artvin,Hopa,0.0037215904753624784,3.6008906933393536e-4,31,Artvin,Hopa,aegypti,0.19146144025788206,0.19146144025788206,0.808538559742118,0.24801861996878893,7.122872753567711e-4
TUR.10.4_1,2070,8,24.91747760772705,84.58586372547228,Artvin,Hopa,0.004419154099610526,4.2756864062099e-4,31,Artvin,Hopa,aegypti,0.17712545436701624,0.17712545436701624,0.8228745456329838,0.2432959537155651,7.824384131103201e-4
TUR.10.4_1,2070,9,21.46254306681016,86.71239884553754,Artvin,Hopa,0.0035222792170888457,3.5216589673703336e-4,30,Artvin,Hopa,aegypti,2.377930299002351e-9,2.377930299002351e-9,0.9999999976220697,0.09622030977485113,8.375744542377106e-12
TUR.10.4_1,2070,10,15.661577280829933,85.28925846855056,Artvin,Hopa,0.003471059168407566,3.358525406859103e-4,31,Artvin,Hopa,aegypti,0,0,1,5.259545189057943e-4,0
TUR.10.4_1,2070,11,13.371408750029172,79.72393382661768,Artvin,Hopa,0.002013386482981502,2.0131838103276678e-4,30,Artvin,Hopa,aegypti,0,0,1,0,0
TUR.10.4_1,2070,12,7.877468265593052,75.04777522707123,Artvin,Hopa,0.0016560419946415438,1.602492872248007e-4,31,Artvin,Hopa,aegypti,0,0,1,0,0
TUR.10.4_1,2071,1,4.673655616639949,79.70401677010682,Artvin,Hopa,0.0016081591807923842,1.556161983616855e-4,31,Artvin,Hopa,aegypti,0,0,1,0,0
TUR.10.4_1,2071,2,6.923350105815403,74.22164110624425,Artvin,Hopa,0.0012029517343019385,1.2887938015715417e-4,28,Artvin,Hopa,aegypti,0,0,1,0,0
TUR.10.4_1,2071,3,7.495834846159115,81.68299833451454,Artvin,Hopa,0.0014767235611859641,1.4289852076132536e-4,31,Artvin,Hopa,aegypti,0,0,1,0,0
TUR.10.4_1,2071,4,13.949836885227876,76.58653506950877,Artvin,Hopa,0.0019526953015909184,1.9525046630530785e-4,30,Artvin,Hopa,aegypti,0,0,1,0,0
TUR.10.4_1,2071,5,15.986773378708783,79.34133778340092,Artvin,Hopa,0.0027293517063356146,2.640959308191082e-4,31,Artvin,Hopa,aegypti,0,0,1,9.97172750210736e-4,0
TUR.10.4_1,2071,6,21.491571987376492,79.86493287878713,Artvin,Hopa,0.0030698952118703325,3.069424047255076e-4,30,Artvin,Hopa,aegypti,1.866359124469419e-10,1.866359124469419e-10,0.9999999998133641,0.08655528822307759,5.729861030090433e-13
TUR.10.4_1,2071,7,23.180334147285013,88.83288128488275,Artvin,Hopa,0.0036050831375224533,3.4881816210241556e-4,31,Artvin,Hopa,aegypti,0.006459878469739601,0.006459878469739601,0.9935401215302604,0.17475575451947825,2.328812776908329e-5
TUR.10.4_1,2071,8,26.579970359802246,84.94170631580431,Artvin,Hopa,0.004280808979947594,4.1418603804010967e-4,31,Artvin,Hopa,aegypti,0.3675870012950596,0.3675870012950596,0.6324129987049404,0.3190825517954334,0.0015723323243350684
TUR.10.4_1,2071,9,20.653287466834573,87.59990342317425,Artvin,Hopa,0.0034120114760708606,3.4114294511533583e-4,30,Artvin,Hopa,aegypti,4.461970237734647e-13,4.461970237734647e-13,0.9999999999995538,0.07014634307088255,1.5543122344752192e-15
TUR.10.4_1,2071,10,19.450741823981787,84.76526402274978,Artvin,Hopa,0.003362394911586834,3.253401213813012e-4,31,Artvin,Hopa,aegypti,0,0,1,0.03680523210826648,0
TUR.10.4_1,2071,11,12.813576032133664,81.26222575777003,Artvin,Hopa,0.0019503558242542224,1.9501656422260538e-4,30,Artvin,Hopa,aegypti,0,0,1,0,0
TUR.10.4_1,2071,12,5.99882522970438,79.87046046877045,Artvin,Hopa,0.0016041982881874696,1.5523294575026103e-4,31,Artvin,Hopa,aegypti,0,0,1,0,0
TUR.10.4_1,2072,1,2.7315112227190506,86.08270939705994,Artvin,Hopa,0.0015787014075559034,1.5276588567347815e-4,31,Artvin,Hopa,aegypti,0,0,1,0,0
TUR.10.4_1,2072,2,3.182041178279392,76.71658281767003,Artvin,Hopa,0.0012230920151828466,1.2651875601843443e-4,29,Artvin,Hopa,aegypti,0,0,1,0,0
TUR.10.4_1,2072,3,6.149906177183285,77.62209287797157,Artvin,Hopa,0.0014496733858563365,1.402811325064146e-4,31,Artvin,Hopa,aegypti,0,0,1,0,0
TUR.10.4_1,2072,4,12.85249820877524,78.06342563347361,Artvin,Hopa,0.00191692641995206,1.9167427013466742e-4,30,Artvin,Hopa,aegypti,0,0,1,0,0
TUR.10.4_1,2072,5,16.465049631455365,81.69165669209232,Artvin,Hopa,0.0026793562676948827,2.592589286291025e-4,31,Artvin,Hopa,aegypti,0,0,1,0.0023182756451998283,0
TUR.10.4_1,2072,6,21.582985485301297,87.24110017615041,Artvin,Hopa,0.0030136618003454387,3.013207738087331e-4,30,Artvin,Hopa,aegypti,1.1375168608440678e-8,1.1375168608440678e-8,0.9999999886248314,0.10197265758909534,3.428091144286327e-11
TUR.10.4_1,2072,7,22.962099131415872,85.97257549874993,Artvin,Hopa,0.003539046315526095,3.4242971067444117e-4,31,Artvin,Hopa,aegypti,6.333436289671594e-4,6.333436289671594e-4,0.9993666563710328,0.15590635895284705,2.241429924554339e-6
TUR.10.4_1,2072,8,24.5914945602417,85.95181526355822,Artvin,Hopa,0.0042023944164478215,4.066006461674876e-4,31,Artvin,Hopa,aegypti,0.14482542297069098,0.14482542297069098,0.855174577029309,0.23299151911843005,6.084283811929048e-4
TUR.10.4_1,2072,9,21.257964667151956,89.39822037874066,Artvin,Hopa,0.00334951128234449,3.3489503836792167e-4,30,Artvin,Hopa,aegypti,8.902520031162097e-10,8.902520031162097e-10,0.999999999109748,0.0928864626371224,2.981948021840708e-12
TUR.10.4_1,2072,10,18.0149050319896,80.873593795699,Artvin,Hopa,0.0033008035790744535,3.193815912641007e-4,31,Artvin,Hopa,aegypti,0,0,1,0.012862367651477588,0
TUR.10.4_1,2072,11,12.307630826445187,77.29606212251612,Artvin,Hopa,0.0019146297964532794,1.9144465177878267e-4,30,Artvin,Hopa,aegypti,0,0,1,0,0
TUR.10.4_1,2072,12,5.954947151243687,80.0096587719931,Artvin,Hopa,0.001574813069383139,1.5238965229613655e-4,31,Artvin,Hopa,aegypti,0,0,1,0,0
TUR.10.4_1,2073,1,6.600151407121516,76.47374638436463,Artvin,Hopa,0.0017121936730996727,1.6568243506198677e-4,31,Artvin,Hopa,aegypti,0,0,1,0,0
TUR.10.4_1,2073,2,8.754529724650851,62.97957186185948,Artvin,Hopa,0.0012807726829014488,1.3721622958851043e-4,28,Artvin,Hopa,aegypti,0,0,1,0,0
TUR.10.4_1,2073,3,8.162805099149837,79.89394346390907,Artvin,Hopa,0.0015722552646399066,1.5214216049519447e-4,31,Artvin,Hopa,aegypti,0,0,1,0,0
TUR.10.4_1,2073,4,13.606665765537935,74.77818546013377,Artvin,Hopa,0.0020790184086304487,2.0788023077289441e-4,30,Artvin,Hopa,aegypti,0,0,1,0,0
TUR.10.4_1,2073,5,15.19381607280058,78.97969685322514,Artvin,Hopa,0.002905918008035145,2.811783337060003e-4,31,Artvin,Hopa,aegypti,0,0,1,9.982324662060923e-5,0
TUR.10.4_1,2073,6,19.83088549445657,84.90694032507619,Artvin,Hopa,0.003268491839379645,3.2679577456251607e-4,30,Artvin,Hopa,aegypti,5.551115123125783e-19,5.551115123125783e-19,1,0.045190671161643686,0
TUR.10.4_1,2073,7,24.05628209955552,87.71010143869134,Artvin,Hopa,0.0038383019621371387,3.713795984993107e-4,31,Artvin,Hopa,aegypti,0.08360831638763083,0.08360831638763083,0.9163916836123691,0.2136445940842798,3.208624774629909e-4
TUR.10.4_1,2073,8,26.864829063415527,87.3682428758629,Artvin,Hopa,0.004557741633264844,4.409745131073173e-4,31,Artvin,Hopa,aegypti,0.4198134825371185,0.4198134825371185,0.5801865174628815,0.3478973083537444,0.0019115720020992377
TUR.10.4_1,2073,9,22.262044485877542,87.555897075518,Artvin,Hopa,0.003632740173764066,3.6320804135991924e-4,30,Artvin,Hopa,aegypti,6.600056421576961e-6,6.600056421576961e-6,0.9999933999435784,0.12973197571824432,2.397628984240896e-8
TUR.10.4_1,2073,10,18.82938676721909,79.96278904716384,Artvin,Hopa,0.003579913831194773,3.4638326944513853e-4,31,Artvin,Hopa,aegypti,0,0,1,0.023259321649268062,0
TUR.10.4_1,2073,11,10.762046147795285,88.83708537691065,Artvin,Hopa,0.002076527586613515,2.0763120031952464e-4,30,Artvin,Hopa,aegypti,0,0,1,0,0
TUR.10.4_1,2073,12,9.269567169249058,72.45203395509857,Artvin,Hopa,0.0017079765437638687,1.6527439330471516e-4,31,Artvin,Hopa,aegypti,0,0,1,0,0
TUR.10.4_1,2074,1,5.16813026606927,82.78810032723572,Artvin,Hopa,0.0015739023081697283,1.5230152754175386e-4,31,Artvin,Hopa,aegypti,0,0,1,0,0
TUR.10.4_1,2074,2,2.7576331000857275,75.30213121854894,Artvin,Hopa,0.001177326556878346,1.261341755099954e-4,28,Artvin,Hopa,aegypti,0,0,1,0,0
TUR.10.4_1,2074,3,7.42986776318182,79.15320554887,Artvin,Hopa,0.0014452665191601267,1.3985472127076015e-4,31,Artvin,Hopa,aegypti,0,0,1,0,0
TUR.10.4_1,2074,4,13.92111507584067,71.66853580193064,Artvin,Hopa,0.0019110991492843428,1.9109165459185729e-4,30,Artvin,Hopa,aegypti,0,0,1,0,0
TUR.10.4_1,2074,5,15.329636461594525,80.56531391865482,Artvin,Hopa,0.002671211284129215,2.584709084566539e-4,31,Artvin,Hopa,aegypti,0,0,1,1.75278041297884e-4,0
TUR.10.4_1,2074,6,20.553951824412625,87.47284303503713,Artvin,Hopa,0.003004500560337065,3.004049254355934e-4,30,Artvin,Hopa,aegypti,1.2549844496945184e-13,1.2549844496945184e-13,0.9999999999998745,0.06696515682700722,3.3306690738754696e-16
TUR.10.4_1,2074,7,23.35366445429185,83.37740643136712,Artvin,Hopa,0.003528287957473586,3.4138893522250857e-4,31,Artvin,Hopa,aegypti,0.0027475618148638877,0.0027475618148638877,0.9972524381851361,0.16618753049553053,9.694142275251671e-6
TUR.10.4_1,2074,8,24.170506477355957,85.21515907459337,Artvin,Hopa,0.00418961954441191,4.0536487013598244e-4,31,Artvin,Hopa,aegypti,0.07375178627102898,0.07375178627102898,0.926248213728971,0.21028380617259762,3.0894419210802937e-4
TUR.10.4_1,2074,9,22.760457571815042,83.9990351980766,Artvin,Hopa,0.003339329092436918,3.3387715985544464e-4,30,Artvin,Hopa,aegypti,7.783361224407298e-5,7.783361224407298e-5,0.9999221663877559,0.14228535913558393,2.599120119128884e-7
TUR.10.4_1,2074,10,17.411454256843115,84.87824772636306,Artvin,Hopa,0.0032907694558676178,3.184108567451105e-4,31,Artvin,Hopa,aegypti,0,0,1,0.007921172879504473,0
TUR.10.4_1,2074,11,8.999558736296262,86.29898418062159,Artvin,Hopa,0.0019088095072985769,1.9086273412027843e-4,30,Artvin,Hopa,aegypti,0,0,1,0,0
TUR.10.4_1,2074,12,5.759232200682163,80.16388698244232,Artvin,Hopa,0.0015700257901684347,1.519264377034535e-4,31,Artvin,Hopa,aegypti,0,0,1,0,0
TUR.10.4_1,2075,1,9.02692114055047,71.17470463631776,Artvin,Hopa,0.0017517928060173165,1.6951396694986354e-4,31,Artvin,Hopa,aegypti,0,0,1,0,0
TUR.10.4_1,2075,2,6.538350353770725,81.70220903837316,Artvin,Hopa,0.0013103940326963496,1.4038950511707782e-4,28,Artvin,Hopa,aegypti,0,0,1,0,0
TUR.10.4_1,2075,3,6.768683929105892,79.34648100053016,Artvin,Hopa,0.0016086179414697003,1.5566058764659996e-4,31,Artvin,Hopa,aegypti,0,0,1,0,0
TUR.10.4_1,2075,4,12.746912156834322,79.05940494255564,Artvin,Hopa,0.0021271013606907396,2.126875148720231e-4,30,Artvin,Hopa,aegypti,0,0,1,0,0
TUR.10.4_1,2075,5,16.702078707077924,78.65650044209232,Artvin,Hopa,0.002973125261078919,2.87680411511837e-4,31,Artvin,Hopa,aegypti,0,0,1,0.003145987758578692,0
TUR.10.4_1,2075,6,21.694704616771023,83.86130891638479,Artvin,Hopa,0.0033440845978515974,3.3435255150837673e-4,30,Artvin,Hopa,aegypti,8.12949382528183e-9,8.12949382528183e-9,0.9999999918705061,0.10024165035188595,2.718569813708882e-11
TUR.10.4_1,2075,7,24.076576289008646,85.59058697335931,Artvin,Hopa,0.003927073128603115,3.799671292252782e-4,31,Artvin,Hopa,aegypti,0.06485613039147482,0.06485613039147482,0.9351438696085251,0.2072011104463513,2.546623349268806e-4
TUR.10.4_1,2075,8,27.247010231018066,88.19239296131212,Artvin,Hopa,0.004663151797766384,4.5117094638802424e-4,31,Artvin,Hopa,aegypti,0.4538349234613107,0.4538349234613107,0.5461650765386893,0.36972629216134134,0.0021140633528601294
TUR.10.4_1,2075,9,23.769023474525003,83.24438126741254,Artvin,Hopa,0.003716757165098768,3.7160665364732726e-4,30,Artvin,Hopa,aegypti,0.01613595124965447,0.01613595124965447,0.9838640487503455,0.18387132343774798,5.997161405368878e-5
TUR.10.4_1,2075,10,17.079634722541357,88.044980514449,Artvin,Hopa,0.003662709069760603,3.5439290442251803e-4,31,Artvin,Hopa,aegypti,0,0,1,0.005803512816923169,0
TUR.10.4_1,2075,11,13.699590970488156,82.04816020601221,Artvin,Hopa,0.0021245529316439053,2.1243272613680197e-4,30,Artvin,Hopa,aegypti,0,0,1,0,0
TUR.10.4_1,2075,12,10.292761005461216,58.94161220216888,Artvin,Hopa,0.0017474781441022705,1.6909648971563662e-4,31,Artvin,Hopa,aegypti,0,0,1,0,0
TUR.39.3_1,2025,1,1.555623628308668,81.00240771282235,Isparta,Eğirdir,9.720891464377896e-5,9.407270071704055e-6,31,Isparta,E<U+011F>irdir,albopictus,0,0,1,0,0
TUR.39.3_1,2025,2,1.7358007032205078,69.84412308796925,Isparta,Eğirdir,7.271520994751566e-5,7.790885002467718e-6,28,Isparta,E<U+011F>irdir,albopictus,0,0,1,0,0
TUR.39.3_1,2025,3,8.737331535228911,63.79694840767563,Isparta,Eğirdir,8.926398351999726e-5,8.638412706707399e-6,31,Isparta,E<U+011F>irdir,albopictus,0,0,1,0,0
TUR.39.3_1,2025,4,9.108116963330438,62.939964820444644,Isparta,Eğirdir,1.1803520022447692e-4,1.180345036122521e-5,30,Isparta,E<U+011F>irdir,albopictus,0,0,1,0,0
TUR.39.3_1,2025,5,14.235955182243796,63.643213018430714,Isparta,Eğirdir,1.6498199943322905e-4,1.5965872489198674e-5,31,Isparta,E<U+011F>irdir,albopictus,0,0,1,0.003941531426134051,0
TUR.39.3_1,2025,6,21.768963140599865,38.74567384713179,Isparta,Eğirdir,1.8556694211639455e-4,1.855652203730518e-5,30,Isparta,E<U+011F>irdir,albopictus,8.460696809819979e-12,8.460696809819979e-12,0.9999999999915393,0.07818221753336167,1.5543122344752192e-15
TUR.39.3_1,2025,7,24.232003941255456,39.259093491248706,Isparta,Eğirdir,2.1791761859449297e-4,2.1088579432282373e-5,31,Isparta,E<U+011F>irdir,albopictus,9.307401422553596e-8,9.307401422553596e-8,0.9999999069259857,0.1085747655904653,2.028244239227206e-11
TUR.39.3_1,2025,8,25.251696586608887,37.219930490366416,Isparta,Eğirdir,2.587634356774358e-4,2.5041309268725165e-5,31,Isparta,E<U+011F>irdir,albopictus,2.8486481406714284e-7,2.8486481406714284e-7,0.9999997151351859,0.11278649891480727,7.371259158617249e-11
TUR.39.3_1,2025,9,20.673405478982364,42.51436082640991,Isparta,Eğirdir,2.0624695384790186e-4,2.0624482697240154e-5,30,Isparta,E<U+011F>irdir,albopictus,9.97057436613602e-14,9.97057436613602e-14,0.9999999999999003,0.06638204819836815,0
TUR.39.3_1,2025,10,12.127994859919829,40.25222628445064,Isparta,Eğirdir,2.0324776543455785e-4,1.9668945154149853e-5,31,Isparta,E<U+011F>irdir,albopictus,0,0,1,5.908615852119539e-5,0
TUR.39.3_1,2025,11,6.20813252163284,78.55356013486357,Isparta,Eğirdir,1.1789378508631755e-4,1.1789309014131888e-5,30,Isparta,E<U+011F>irdir,albopictus,0,0,1,0,0
TUR.39.3_1,2025,12,1.8241061092737842,81.95597820298956,Isparta,Eğirdir,9.696948929600051e-5,9.384100094433911e-6,31,Isparta,E<U+011F>irdir,albopictus,0,0,1,0,0
TUR.39.3_1,2026,1,3.3625133411191843,78.77988879192391,Isparta,Eğirdir,9.399083515088616e-5,9.095845905249256e-6,31,Isparta,E<U+011F>irdir,albopictus,0,0,1,0,0
TUR.39.3_1,2026,2,3.2987437445451233,77.88075181111378,Isparta,Eğirdir,7.030798909939698e-5,7.532970459078747e-6,28,Isparta,E<U+011F>irdir,albopictus,0,0,1,0,0
TUR.39.3_1,2026,3,5.1959153670160205,75.67703721382797,Isparta,Eğirdir,8.630891920442209e-5,8.352441170256242e-6,31,Isparta,E<U+011F>irdir,albopictus,0,0,1,0,0
TUR.39.3_1,2026,4,8.56395612043493,73.8479619517923,Isparta,Eğirdir,1.1412767118072793e-4,1.1412701992674634e-5,30,Isparta,E<U+011F>irdir,albopictus,0,0,1,0,0
TUR.39.3_1,2026,5,12.998258534599753,66.39563153649712,Isparta,Eğirdir,1.5952030704608438e-4,1.543732991216018e-5,31,Isparta,E<U+011F>irdir,albopictus,0,0,1,8.346551081437753e-4,0
TUR.39.3_1,2026,6,18.767623228185315,54.240455341272416,Isparta,Eğirdir,1.7942378978132411e-4,1.7942218014654898e-5,30,Isparta,E<U+011F>irdir,albopictus,1.0547118733938987e-18,1.0547118733938987e-18,1,0.04612320514390918,0
TUR.39.3_1,2026,7,22.12260414572323,54.11184617679558,Isparta,Eğirdir,2.1070350431177733e-4,2.039045381940774e-5,31,Isparta,E<U+011F>irdir,albopictus,3.520165933207364e-8,3.520165933207364e-8,0.9999999647983406,0.10727504526560856,7.417066960613283e-12
TUR.39.3_1,2026,8,23.73623561859131,46.62299140345235,Isparta,Eğirdir,2.5019712970729375e-4,2.421233233229625e-5,31,Isparta,E<U+011F>irdir,albopictus,7.26510977665018e-7,7.26510977665018e-7,0.9999992734890223,0.11901056524523947,1.8177093163984637e-10
TUR.39.3_1,2026,9,15.786793540505801,79.97370378295288,Isparta,Eğirdir,1.9941919432521068e-4,1.9941720593719126e-5,30,Isparta,E<U+011F>irdir,albopictus,0,0,1,0.016577971695211562,0
TUR.39.3_1,2026,10,12.704949701533598,74.15557711452877,Isparta,Eğirdir,1.9651929337705104e-4,1.9017815292343698e-5,31,Isparta,E<U+011F>irdir,albopictus,0,0,1,5.607717059254016e-4,0
TUR.39.3_1,2026,11,8.214595572475126,77.34172236630889,Isparta,Eğirdir,1.1399093755925624e-4,1.1399028786551746e-5,30,Isparta,E<U+011F>irdir,albopictus,0,0,1,0,0
TUR.39.3_1,2026,12,2.2756002367857624,81.25118236558721,Isparta,Eğirdir,9.375933592598018e-5,9.073442957974187e-6,31,Isparta,E<U+011F>irdir,albopictus,0,0,1,0,0
TUR.39.3_1,2027,1,1.274469174554243,86.93597094524422,Isparta,Eğirdir,9.614109346767842e-5,9.30393350528913e-6,31,Isparta,E<U+011F>irdir,albopictus,0,0,1,0,0
TUR.39.3_1,2027,2,4.562722702675006,72.67661973103566,Isparta,Eğirdir,7.191644739275317e-5,7.705303963212451e-6,28,Isparta,E<U+011F>irdir,albopictus,0,0,1,0,0
TUR.39.3_1,2027,3,5.4543591994134815,67.57674119332016,Isparta,Eğirdir,8.82834358797419e-5,8.543521814896593e-6,31,Isparta,E<U+011F>irdir,albopictus,0,0,1,0,0
TUR.39.3_1,2027,4,8.229949334088495,71.7722554698587,Isparta,Eğirdir,1.1673860631859043e-4,1.1673792492561397e-5,30,Isparta,E<U+011F>irdir,albopictus,0,0,1,0,0
TUR.39.3_1,2027,5,15.135695401360007,55.775171026243214,Isparta,Eğirdir,1.6316970399390864e-4,1.5790491844414056e-5,31,Isparta,E<U+011F>irdir,albopictus,0,0,1,0.007554104194761777,0
TUR.39.3_1,2027,6,20.932443899266858,41.47788591378218,Isparta,Eğirdir,1.835285250524634e-4,1.8352684092670657e-5,30,Isparta,E<U+011F>irdir,albopictus,3.296452000256522e-13,3.296452000256522e-13,0.9999999999996704,0.06927814245296286,1.1102230246251565e-16
TUR.39.3_1,2027,7,25.68974281759823,29.92088624637566,Isparta,Eğirdir,2.1552383558978282e-4,2.0856927870904762e-5,31,Isparta,E<U+011F>irdir,albopictus,1.1574517768397907e-8,1.1574517768397907e-8,0.9999999884254822,0.09844636763886734,2.4945601140302642e-12
TUR.39.3_1,2027,8,24.667180061340332,40.315606912485556,Isparta,Eğirdir,2.5592096925108556e-4,2.4766238723050726e-5,31,Isparta,E<U+011F>irdir,albopictus,3.96927840956518e-7,3.96927840956518e-7,0.9999996030721591,0.1151513561486059,1.0158218710643041e-10
TUR.39.3_1,2027,9,19.726118873147403,45.32383577147827,Isparta,Eğirdir,2.039813708442024e-4,2.0397929043847185e-5,30,Isparta,E<U+011F>irdir,albopictus,4.488076577047196e-16,4.488076577047196e-16,0.9999999999999996,0.05447949850859555,0
TUR.39.3_1,2027,10,14.403704012141509,64.15508120388424,Isparta,Eğirdir,2.0101512793704597e-4,1.9452887687232412e-5,31,Isparta,E<U+011F>irdir,albopictus,0,0,1,0.004681797821832551,0
TUR.39.3_1,2027,11,5.511018769267728,77.95655238339873,Isparta,Eğirdir,1.1659874459844528e-4,1.1659806483765855e-5,30,Isparta,E<U+011F>irdir,albopictus,0,0,1,0,0
TUR.39.3_1,2027,12,0.12037203921114692,75.93258647935674,Isparta,Eğirdir,9.590429816116101e-5,9.281018043427736e-6,31,Isparta,E<U+011F>irdir,albopictus,0,0,1,0,0
TUR.39.3_1,2028,1,1.3509207741521738,73.9626738261036,Isparta,Eğirdir,9.312414817207419e-5,9.011973731154477e-6,31,Isparta,E<U+011F>irdir,albopictus,0,0,1,0,0
TUR.39.3_1,2028,2,3.695609589271686,76.79575272664113,Isparta,Eğirdir,7.21475267614436e-5,7.463509399063817e-6,29,Isparta,E<U+011F>irdir,albopictus,0,0,1,0,0
TUR.39.3_1,2028,3,4.250155355343047,74.07453629830063,Isparta,Eğirdir,8.551306696723615e-5,8.275423852066588e-6,31,Isparta,E<U+011F>irdir,albopictus,0,0,1,0,0
TUR.39.3_1,2028,4,9.75137934965246,59.79390006214386,Isparta,Eğirdir,1.1307530297508654e-4,1.130746636768265e-5,30,Isparta,E<U+011F>irdir,albopictus,0,0,1,0,0
TUR.39.3_1,2028,5,14.857706967522116,60.32788251305962,Isparta,Eğirdir,1.580493745583478e-4,1.5294983794267303e-5,31,Isparta,E<U+011F>irdir,albopictus,0,0,1,0.0065771780618957745,0
TUR.39.3_1,2028,6,21.23130826389088,46.22844667428023,Isparta,Eğirdir,1.777693278112508e-4,1.7776774772437776e-5,30,Isparta,E<U+011F>irdir,albopictus,1.2525256887219172e-11,1.2525256887219172e-11,0.9999999999874748,0.07951453258992974,2.220446049250313e-15
TUR.39.3_1,2028,7,22.106981053071863,52.342257706336596,Isparta,Eğirdir,2.0876061293003873e-4,2.0202435888960757e-5,31,Isparta,E<U+011F>irdir,albopictus,1.4022000148328217e-8,1.4022000148328217e-8,0.9999999859779999,0.10359447859372635,2.9272140267266877e-12
TUR.39.3_1,2028,8,23.95432758331299,37.01782401453634,Isparta,Eğirdir,2.4789006866133813e-4,2.398907374090431e-5,31,Isparta,E<U+011F>irdir,albopictus,1.7102410981906237e-8,1.7102410981906237e-8,0.9999999828975891,0.10183098716666407,4.239497641833623e-12
TUR.39.3_1,2028,9,17.197322677163516,58.332613389886475,Isparta,Eğirdir,1.975803552642599e-4,1.9757840337697452e-5,30,Isparta,E<U+011F>irdir,albopictus,0,0,1,0.026376327078871248,0
TUR.39.3_1,2028,10,12.809509599910063,58.66853182644283,Isparta,Eğirdir,1.947071942252369e-4,1.8842454177936396e-5,31,Isparta,E<U+011F>irdir,albopictus,0,0,1,5.162224136451522e-4,0
TUR.39.3_1,2028,11,7.220285193446805,75.8256624908206,Isparta,Eğirdir,1.1293983017068393e-4,1.1293919240262795e-5,30,Isparta,E<U+011F>irdir,albopictus,0,0,1,0,0
TUR.39.3_1,2028,12,-0.41130234585965386,76.35507183091924,Isparta,Eğirdir,9.289478359533373e-5,8.989777358969775e-6,31,Isparta,E<U+011F>irdir,albopictus,0,0,1,0,0
TUR.39.3_1,2029,1,4.412470139672651,77.92220751750985,Isparta,Eğirdir,1.057667299080703e-4,1.0235437608696607e-5,31,Isparta,E<U+011F>irdir,albopictus,0,0,1,0,0
TUR.39.3_1,2029,2,1.6774968106080506,82.41467972859425,Isparta,Eğirdir,7.911671474689902e-5,8.47675493786948e-6,28,Isparta,E<U+011F>irdir,albopictus,0,0,1,0,0
TUR.39.3_1,2029,3,7.591412212261382,69.09226701119125,Isparta,Eğirdir,9.712236444646066e-5,9.398894324941232e-6,31,Isparta,E<U+011F>irdir,albopictus,0,0,1,0,0
TUR.39.3_1,2029,4,8.29259906095617,68.27658896595246,Isparta,Eğirdir,1.284264636379848e-4,1.2842563897330628e-5,30,Isparta,E<U+011F>irdir,albopictus,0,0,1,0,0
TUR.39.3_1,2029,5,13.65713399999282,67.56438611413384,Isparta,Eğirdir,1.7950623806151566e-4,1.7371420540479576e-5,31,Isparta,E<U+011F>irdir,albopictus,0,0,1,0.0022051355103884164,0
TUR.39.3_1,2029,6,19.745632452123303,54.66675539010054,Isparta,Eğirdir,2.0190338220124612e-4,2.019013439658046e-5,30,Isparta,E<U+011F>irdir,albopictus,1.654826276009658e-14,1.654826276009658e-14,0.9999999999999835,0.06294275263846537,0
TUR.39.3_1,2029,7,27.766868366914636,36.73816224735222,Isparta,Eğirdir,2.3710205995565692e-4,2.2945097398086034e-5,31,Isparta,E<U+011F>irdir,albopictus,5.665634811261589e-7,5.665634811261589e-7,0.9999994334365189,0.11286135255936598,1.3433332224366268e-10
TUR.39.3_1,2029,8,26.028250694274902,36.640035470835166,Isparta,Eğirdir,2.8154375050551156e-4,2.7245798230213225e-5,31,Isparta,E<U+011F>irdir,albopictus,4.773979116355354e-7,4.773979116355354e-7,0.9999995226020884,0.11413347455067985,1.3440837332012734e-10
TUR.39.3_1,2029,9,21.356743644265567,39.048826616204835,Isparta,Eğirdir,2.2440396482082629e-4,2.244014469832134e-5,30,Isparta,E<U+011F>irdir,albopictus,1.3965884559929976e-12,1.3965884559929976e-12,0.9999999999986035,0.07276153856429216,3.3306690738754696e-16
TUR.39.3_1,2029,10,13.60891183684854,62.989843777126424,Isparta,Eğirdir,2.2114074197732473e-4,2.140048797183436e-5,31,Isparta,E<U+011F>irdir,albopictus,0,0,1,0.0019168965559005857,0
TUR.39.3_1,2029,11,8.579536692622831,77.33580958554717,Isparta,Eğirdir,1.2827259897673e-4,1.2827177628738085e-5,30,Isparta,E<U+011F>irdir,albopictus,0,0,1,0,0
TUR.39.3_1,2029,12,2.2499497355345417,70.39674358384893,Isparta,Eğirdir,1.0550622667969432e-4,1.021022787650594e-5,31,Isparta,E<U+011F>irdir,albopictus,0,0,1,0,0
TUR.39.3_1,2030,1,3.1162032262586497,87.94994036663094,Isparta,Eğirdir,1.0273749295249908e-4,9.942288602737825e-6,31,Isparta,E<U+011F>irdir,albopictus,0,0,1,0,0
TUR.39.3_1,2030,2,1.8516543704797241,73.70556565388722,Isparta,Eğirdir,7.685075383156202e-5,8.233975439697616e-6,28,Isparta,E<U+011F>irdir,albopictus,0,0,1,0,0
TUR.39.3_1,2030,3,6.530357028850737,69.42257401802719,Isparta,Eğirdir,9.434070847724056e-5,9.129704305665953e-6,31,Isparta,E<U+011F>irdir,albopictus,0,0,1,0,0
TUR.39.3_1,2030,4,9.76910624784582,64.20652060657746,Isparta,Eğirdir,1.2474823523796105e-4,1.2474745713531021e-5,30,Isparta,E<U+011F>irdir,albopictus,0,0,1,0,0
TUR.39.3_1,2030,5,15.420928898979636,56.2705895748272,Isparta,Eğirdir,1.7436504734337458e-4,1.6873894473912188e-5,31,Isparta,E<U+011F>irdir,albopictus,0,0,1,0.00944739549395152,0
TUR.39.3_1,2030,6,20.907688421361584,51.28388185494429,Isparta,Eğirdir,1.961207207976986e-4,1.9611879764291906e-5,30,Isparta,E<U+011F>irdir,albopictus,1.5116133511572372e-11,1.5116133511572372e-11,0.9999999999848839,0.08053473582297449,2.9976021664879227e-15
TUR.39.3_1,2030,7,25.252488865571863,36.6411850134655,Isparta,Eğirdir,2.3031128252608136e-4,2.228794025171954e-5,31,Isparta,E<U+011F>irdir,albopictus,2.0589360620315577e-7,2.0589360620315577e-7,0.9999997941063938,0.11123756474182776,4.741962378318476e-11
TUR.39.3_1,2030,8,22.432860374450684,46.570298990122275,Isparta,Eğirdir,2.734801303635e-4,2.646546885076706e-5,31,Isparta,E<U+011F>irdir,albopictus,5.465933596349171e-9,5.465933596349171e-9,0.9999999945340664,0.0993630709367698,1.4948042803553108e-12
TUR.39.3_1,2030,9,19.69473917344037,48.864290635980225,Isparta,Eğirdir,2.1797687017771126e-4,2.179744944996731e-5,30,Isparta,E<U+011F>irdir,albopictus,1.3981038549104596e-15,1.3981038549104596e-15,0.9999999999999986,0.05703092026112025,0
TUR.39.3_1,2030,10,14.131652200923247,60.42501681179439,Isparta,Eğirdir,2.1480710843715196e-4,2.0787568623004127e-5,31,Isparta,E<U+011F>irdir,albopictus,0,0,1,0.003395111904946902,0
TUR.39.3_1,2030,11,7.085893885615994,78.05191218564482,Isparta,Eğirdir,1.2459877737380052e-4,1.2459800113440167e-5,30,Isparta,E<U+011F>irdir,albopictus,0,0,1,0,0
TUR.39.3_1,2030,12,5.543430072200649,85.1297681810169,Isparta,Eğirdir,1.0248445072823213e-4,9.917800888770145e-6,31,Isparta,E<U+011F>irdir,albopictus,0,0,1,0,0
TUR.39.3_1,2031,1,3.7822114602826975,80.61799303997078,Isparta,Eğirdir,1.002007480593737e-4,9.696799572078696e-6,31,Isparta,E<U+011F>irdir,albopictus,0,0,1,0,0
TUR.39.3_1,2031,2,4.002129336052081,77.63030930623097,Isparta,Eğirdir,7.495319188302208e-5,8.030666884373261e-6,28,Isparta,E<U+011F>irdir,albopictus,0,0,1,0,0
TUR.39.3_1,2031,3,6.266834403881255,74.86557481148422,Isparta,Eğirdir,9.201129295846671e-5,8.904279030108597e-6,31,Isparta,E<U+011F>irdir,albopictus,0,0,1,0,0
TUR.39.3_1,2031,4,7.937139370862177,73.35765128284699,Isparta,Eğirdir,1.2166801165480807e-4,1.2166727150209056e-5,30,Isparta,E<U+011F>irdir,albopictus,0,0,1,0,0
TUR.39.3_1,2031,5,13.169038716484518,65.53759168054009,Isparta,Eğirdir,1.7005970923674607e-4,1.645725579435542e-5,31,Isparta,E<U+011F>irdir,albopictus,0,0,1,0.0010950068194118957,0
TUR.39.3_1,2031,6,20.67141751682057,41.387401294641556,Isparta,Eğirdir,1.9127820203826526e-4,1.9127637268190334e-5,30,Isparta,E<U+011F>irdir,albopictus,6.18098905391662e-14,6.18098905391662e-14,0.9999999999999382,0.06514678386713137,0
TUR.39.3_1,2031,7,24.091047062593347,43.368006912879565,Isparta,Eğirdir,2.2462454681755753e-4,2.1737623103867953e-5,31,Isparta,E<U+011F>irdir,albopictus,4.303779929279994e-7,4.303779929279994e-7,0.9999995696220071,0.11610645213424929,9.667344702535274e-11
TUR.39.3_1,2031,8,24.215798377990723,48.38423331629415,Isparta,Eğirdir,2.667274901721375e-4,2.581200462303812e-5,31,Isparta,E<U+011F>irdir,albopictus,6.4947482048068885e-6,6.4947482048068885e-6,0.9999935052517952,0.12922908844089634,1.732327836734271e-9
TUR.39.3_1,2031,9,18.713019202737247,52.39371339598999,Isparta,Eğirdir,2.1259468986211392e-4,2.1259243005333772e-5,30,Isparta,E<U+011F>irdir,albopictus,0,0,1,0.044413098217316344,0
TUR.39.3_1,2031,10,15.081730211482329,44.71166079372799,Isparta,Eğirdir,2.0950319435792758e-4,2.02742971534553e-5,31,Isparta,E<U+011F>irdir,albopictus,0,0,1,0.006264161762085417,0
TUR.39.3_1,2031,11,8.685507552150419,74.49852168271514,Isparta,Eğirdir,1.215222441325349e-4,1.2152150575261977e-5,30,Isparta,E<U+011F>irdir,albopictus,0,0,1,0,0
TUR.39.3_1,2031,12,3.331795913112514,79.8002775193958,Isparta,Eğirdir,9.995395383232479e-5,9.672916491121342e-6,31,Isparta,E<U+011F>irdir,albopictus,0,0,1,0,0
TUR.39.3_1,2032,1,5.717662848641767,81.60643450725594,Isparta,Eğirdir,1.0580209680447808e-4,1.0238860176481346e-5,31,Isparta,E<U+011F>irdir,albopictus,0,0,1,0,0
TUR.39.3_1,2032,2,4.696244736366412,75.06272812947316,Isparta,Eğirdir,8.196971205055272e-5,8.479589432619505e-6,29,Isparta,E<U+011F>irdir,albopictus,0,0,1,0,0
TUR.39.3_1,2032,3,5.779665614971343,73.69443986275375,Isparta,Eğirdir,9.715484078949635e-5,9.402037167260957e-6,31,Isparta,E<U+011F>irdir,albopictus,0,0,1,0,0
TUR.39.3_1,2032,4,9.216269829693964,72.82199912220246,Isparta,Eğirdir,1.284694076284008e-4,1.2846858241211123e-5,30,Isparta,E<U+011F>irdir,albopictus,0,0,1,0,0
TUR.39.3_1,2032,5,18.28885072820327,42.945283636106495,Isparta,Eğirdir,1.7956626240500808e-4,1.7377229246995363e-5,31,Isparta,E<U+011F>irdir,albopictus,0,0,1,0.03327554873365184,0
TUR.39.3_1,2032,6,22.972929281346936,23.804908466272416,Isparta,Eğirdir,2.0197089583250713e-4,2.019688562338029e-5,30,Isparta,E<U+011F>irdir,albopictus,1.7581505695751788e-12,1.7581505695751788e-12,0.9999999999982419,0.07154563894025119,3.3306690738754696e-16
TUR.39.3_1,2032,7,25.710653080659753,25.973136154822924,Isparta,Eğirdir,2.3718134352620704e-4,2.2952769825668184e-5,31,Isparta,E<U+011F>irdir,albopictus,1.5851350848028468e-9,1.5851350848028468e-9,0.9999999984148649,0.09043963218114315,3.75921516138078e-13
TUR.39.3_1,2032,8,24.549742698669434,44.55161078821798,Isparta,Eğirdir,2.816378947479122e-4,2.725490871513525e-5,31,Isparta,E<U+011F>irdir,albopictus,2.2776284762066057e-6,2.2776284762066057e-6,0.9999977223715238,0.12425209757534568,6.414664355247623e-10
TUR.39.3_1,2032,9,20.0100658641142,47.62156526366577,Isparta,Eğirdir,2.2447900232821838e-4,2.2447648280632393e-5,30,Isparta,E<U+011F>irdir,albopictus,8.248679517208757e-15,8.248679517208757e-15,0.9999999999999918,0.060686654400997006,0
TUR.39.3_1,2032,10,11.815842951045317,66.39880221218502,Isparta,Eğirdir,2.2121468830921804e-4,2.140764391533878e-5,31,Isparta,E<U+011F>irdir,albopictus,0,0,1,3.7041208869317126e-5,0
TUR.39.3_1,2032,11,6.626499907497098,73.1387957305667,Isparta,Eğirdir,1.2831549151698257e-4,1.2831466827734062e-5,30,Isparta,E<U+011F>irdir,albopictus,0,0,1,0,0
TUR.39.3_1,2032,12,2.843392592800014,81.64366893785284,Isparta,Eğirdir,1.055415064675123e-4,1.021364201470032e-5,31,Isparta,E<U+011F>irdir,albopictus,0,0,1,0,0
TUR.39.3_1,2033,1,1.9799744152628325,79.79973284709969,Isparta,Eğirdir,1.0215077329742561e-4,9.885509844265172e-6,31,Isparta,E<U+011F>irdir,albopictus,0,0,1,0,0
TUR.39.3_1,2033,2,2.2374607521821472,73.46009751423878,Isparta,Eğirdir,7.641186977390803e-5,8.186952533906222e-6,28,Isparta,E<U+011F>irdir,albopictus,0,0,1,0,0
TUR.39.3_1,2033,3,4.704371358761016,74.50158402779282,Isparta,Eğirdir,9.380194170041504e-5,9.077566059945141e-6,31,Isparta,E<U+011F>irdir,albopictus,0,0,1,0,0
TUR.39.3_1,2033,4,10.314694741192987,65.00165610462433,Isparta,Eğirdir,1.2403581526890768e-4,1.2403504602742643e-5,30,Isparta,E<U+011F>irdir,albopictus,0,0,1,0,0
TUR.39.3_1,2033,5,17.169111195732565,49.19045804406548,Isparta,Eğirdir,1.7336927260239006e-4,1.6777530797873474e-5,31,Isparta,E<U+011F>irdir,albopictus,0,0,1,0.02290296702828245,0
TUR.39.3_1,2033,6,22.377682012670178,36.48326845162398,Isparta,Eğirdir,1.9500070240565564e-4,1.949988011540338e-5,30,Isparta,E<U+011F>irdir,albopictus,6.095317400811595e-11,6.095317400811595e-11,0.9999999999390469,0.08304892743237452,1.1879386363489175e-14
TUR.39.3_1,2033,7,25.925443424898035,35.192198959998706,Isparta,Eğirdir,2.2899600655077888e-4,2.216065830873415e-5,31,Isparta,E<U+011F>irdir,albopictus,1.9615411028095498e-7,1.9615411028095498e-7,0.9999998038458897,0.11101564776684046,4.491851335330921e-11
TUR.39.3_1,2033,8,23.50369167327881,44.8449762667336,Isparta,Eğirdir,2.719183230510468e-4,2.6314330196286484e-5,31,Isparta,E<U+011F>irdir,albopictus,1.5058042093279988e-7,1.5058042093279988e-7,0.9999998494195791,0.11163193243669489,4.0945580259688086e-11
TUR.39.3_1,2033,9,20.725220511941348,54.683016221917725,Isparta,Eğirdir,2.1673203433045354e-4,2.1672968570918272e-5,30,Isparta,E<U+011F>irdir,albopictus,1.8435429294250127e-11,1.8435429294250127e-11,0.9999999999815645,0.08128553233600351,3.9968028886505635e-15
TUR.39.3_1,2033,10,13.39562066863565,74.35018771023189,Isparta,Eğirdir,2.1358037466209434e-4,2.0668854911920498e-5,31,Isparta,E<U+011F>irdir,albopictus,0,0,1,0.0017470561280777481,0
TUR.39.3_1,2033,11,8.824021117213896,79.45767390439482,Isparta,Eğirdir,1.2388721093799959e-4,1.2388644353933387e-5,30,Isparta,E<U+011F>irdir,albopictus,0,0,1,0,0
TUR.39.3_1,2033,12,1.657922354472034,70.9618223192005,Isparta,Eğirdir,1.0189917616240772e-4,9.86116197476683e-6,31,Isparta,E<U+011F>irdir,albopictus,0,0,1,0,0
TUR.39.3_1,2034,1,2.2300642357372187,79.49764697063485,Isparta,Eğirdir,9.82552013572038e-5,9.508522667012187e-6,31,Isparta,E<U+011F>irdir,albopictus,0,0,1,0,0
TUR.39.3_1,2034,2,0.880297857501051,75.4520942793755,Isparta,Eğirdir,7.349786407250801e-5,7.874740144742098e-6,28,Isparta,E<U+011F>irdir,albopictus,0,0,1,0,0
TUR.39.3_1,2034,3,5.104265357860747,77.29723832466782,Isparta,Eğirdir,9.022475671951907e-5,8.731389950833446e-6,31,Isparta,E<U+011F>irdir,albopictus,0,0,1,0,0
TUR.39.3_1,2034,4,9.35046611112707,65.66347556263214,Isparta,Eğirdir,1.1930564606953001e-4,1.1930493438061518e-5,30,Isparta,E<U+011F>irdir,albopictus,0,0,1,0,0
TUR.39.3_1,2034,5,12.250689450432272,69.69375775720025,Isparta,Eğirdir,1.6675774679748888e-4,1.6137716249975398e-5,31,Isparta,E<U+011F>irdir,albopictus,0,0,1,1.7763341796409068e-4,0
TUR.39.3_1,2034,6,20.18704251682057,49.7965313910771,Isparta,Eğirdir,1.8756425097123306e-4,1.8756249196449915e-5,30,Isparta,E<U+011F>irdir,albopictus,6.305400646056115e-14,6.305400646056115e-14,0.9999999999999369,0.06613802356014703,0
TUR.39.3_1,2034,7,23.93195702047909,39.19056626956902,Isparta,Eğirdir,2.202631268206893e-4,2.1315559286749775e-5,31,Isparta,E<U+011F>irdir,albopictus,4.129478447240098e-8,4.129478447240098e-8,0.9999999587052155,0.10543430903805895,9.09572417384652e-12
TUR.39.3_1,2034,8,24.815791130065918,48.43908484827657,Isparta,Eğirdir,2.615485788472942e-4,2.531083246715138e-5,31,Isparta,E<U+011F>irdir,albopictus,2.7005562970292274e-5,2.7005562970292274e-5,0.9999729944370297,0.13664858436115812,7.0632666382408615e-9
TUR.39.3_1,2034,9,21.172953437356387,39.79246751586304,Isparta,Eğirdir,2.0846684744805347e-4,2.0846467454149753e-5,30,Isparta,E<U+011F>irdir,albopictus,6.394601514969622e-13,6.394601514969622e-13,0.9999999999993605,0.07082383499174581,1.1102230246251565e-16
TUR.39.3_1,2034,10,16.10363420318155,50.46925204128658,Isparta,Eğirdir,2.0543537793169087e-4,1.9880645403036468e-5,31,Isparta,E<U+011F>irdir,albopictus,0,0,1,0.013439706925744479,0
TUR.39.3_1,2034,11,7.3286922140156525,70.91741358945342,Isparta,Eğirdir,1.1916270884072007e-4,1.191619988560877e-5,30,Isparta,E<U+011F>irdir,albopictus,0,0,1,0,0
TUR.39.3_1,2034,12,3.8294093431357075,76.72436504380987,Isparta,Eğirdir,9.801319900749959e-5,9.485103307116383e-6,31,Isparta,E<U+011F>irdir,albopictus,0,0,1,0,0
TUR.39.3_1,2035,1,0.6676944867872141,74.27439562786141,Isparta,Eğirdir,9.574588816081208e-5,9.26568818560014e-6,31,Isparta,E<U+011F>irdir,albopictus,0,0,1,0,0
TUR.39.3_1,2035,2,2.6111483771134827,77.6444999800591,Isparta,Eğirdir,7.162082186327918e-5,7.673630042948076e-6,28,Isparta,E<U+011F>irdir,albopictus,0,0,1,0,0
TUR.39.3_1,2035,3,4.746445562252227,75.39631364205063,Isparta,Eğirdir,8.792053089177442e-5,8.50840227673011e-6,31,Isparta,E<U+011F>irdir,albopictus,0,0,1,0,0
TUR.39.3_1,2035,4,10.043489792767694,69.5498891368509,Isparta,Eğirdir,1.1625873121972027e-4,1.1625805541815026e-5,30,Isparta,E<U+011F>irdir,albopictus,0,0,1,0,0
TUR.39.3_1,2035,5,15.004808369804831,63.3893525447979,Isparta,Eğirdir,1.624989654926882e-4,1.572558268969626e-5,31,Isparta,E<U+011F>irdir,albopictus,0,0,1,0.007722031406424796,0
TUR.39.3_1,2035,6,21.284391683690686,34.342891406946244,Isparta,Eğirdir,1.8277409794490744e-4,1.8277242763709012e-5,30,Isparta,E<U+011F>irdir,albopictus,1.174781938395597e-13,1.174781938395597e-13,0.9999999999998825,0.06584495360304449,0
TUR.39.3_1,2035,7,24.433650746065027,35.070529190711596,Isparta,Eğirdir,2.146378859868702e-4,2.0771192597135446e-5,31,Isparta,E<U+011F>irdir,albopictus,2.210350531361982e-8,2.210350531361982e-8,0.9999999778964946,0.1025857302653105,4.744205028828219e-12
TUR.39.3_1,2035,8,24.21468448638916,41.18995078455587,Isparta,Eğirdir,2.548689599433236e-4,2.4664433886933956e-5,31,Isparta,E<U+011F>irdir,albopictus,2.2986572731370502e-7,2.2986572731370502e-7,0.9999997701342727,0.11304834933682768,5.858569185335227e-11
TUR.39.3_1,2035,9,20.38124735215131,54.598761003411866,Isparta,Eğirdir,2.0314286862468475e-4,2.0314080528716083e-5,30,Isparta,E<U+011F>irdir,albopictus,1.6278365322364152e-12,1.6278365322364152e-12,0.9999999999983722,0.07444043147987882,3.3306690738754696e-16
TUR.39.3_1,2035,10,14.399374330745024,56.90652315945064,Isparta,Eğirdir,2.001888189940564e-4,1.9372923858007596e-5,31,Isparta,E<U+011F>irdir,albopictus,0,0,1,0.004170883741969731,0
TUR.39.3_1,2035,11,6.929529444698026,74.81603419492217,Isparta,Eğirdir,1.1611944442640435e-4,1.161187702425348e-5,30,Isparta,E<U+011F>irdir,albopictus,0,0,1,0,0
TUR.39.3_1,2035,12,1.4792915777686764,79.05776195543096,Isparta,Eğirdir,9.551006624411582e-5,9.242866920944337e-6,31,Isparta,E<U+011F>irdir,albopictus,0,0,1,0,0
TUR.39.3_1,2036,1,1.6155338362954996,88.50418536174813,Isparta,Eğirdir,9.840743867115566e-5,9.523255170118539e-6,31,Isparta,E<U+011F>irdir,albopictus,0,0,1,0,0
TUR.39.3_1,2036,2,4.748920221977374,73.6359550581841,Isparta,Eğirdir,7.624073298295581e-5,7.88694127551448e-6,29,Isparta,E<U+011F>irdir,albopictus,0,0,1,0,0
TUR.39.3_1,2036,3,4.4104727763025195,64.48756120064438,Isparta,Eğirdir,9.036455160493185e-5,8.744918369885113e-6,31,Isparta,E<U+011F>irdir,albopictus,0,0,1,0,0
TUR.39.3_1,2036,4,9.242530682507685,67.00698905140167,Isparta,Eğirdir,1.1949049909355352e-4,1.1948978519749076e-5,30,Isparta,E<U+011F>irdir,albopictus,0,0,1,0,0
TUR.39.3_1,2036,5,13.927332822014304,57.973047002805714,Isparta,Eğirdir,1.670161224468433e-4,1.6162719941203996e-5,31,Isparta,E<U+011F>irdir,albopictus,0,0,1,0.0025651037351913097,0
TUR.39.3_1,2036,6,20.79437665378346,55.34028596871382,Isparta,Eğirdir,1.8785486436743835e-4,1.878530999055439e-5,30,Isparta,E<U+011F>irdir,albopictus,3.7124399443477786e-11,3.7124399443477786e-11,0.9999999999628756,0.08344274208135269,6.994405055138486e-15
TUR.39.3_1,2036,7,22.468656315523035,51.76217576663933,Isparta,Eğirdir,2.2060440408974618e-4,2.134858541469331e-5,31,Isparta,E<U+011F>irdir,albopictus,6.200493301761201e-8,6.200493301761201e-8,0.999999937995067,0.10930510346731374,1.3678613797196704e-11
TUR.39.3_1,2036,8,24.210213661193848,44.220296701303916,Isparta,Eğirdir,2.619538240919391e-4,2.5350048755479193e-5,31,Isparta,E<U+011F>irdir,albopictus,8.557730451982937e-7,8.557730451982937e-7,0.9999991442269548,0.11934742472262425,2.241730134855402e-10
TUR.39.3_1,2036,9,19.99663050034467,47.23282472411499,Isparta,Eğirdir,2.087898474772135e-4,2.0878766783249958e-5,30,Isparta,E<U+011F>irdir,albopictus,6.973532862275533e-15,6.973532862275533e-15,0.999999999999993,0.060345303306814785,0
TUR.39.3_1,2036,10,13.167101228938384,49.70507281155025,Isparta,Eğirdir,2.0575368098023187e-4,1.9911448310927504e-5,31,Isparta,E<U+011F>irdir,albopictus,0,0,1,8.150885275500019e-4,0
TUR.39.3_1,2036,11,7.106809870723416,73.47686946103545,Isparta,Eğirdir,1.1934734039677569e-4,1.1934662821011521e-5,30,Isparta,E<U+011F>irdir,albopictus,0,0,1,0,0
TUR.39.3_1,2036,12,5.025681239498012,85.19553356187627,Isparta,Eğirdir,9.816506136127448e-5,9.499799524470554e-6,31,Isparta,E<U+011F>irdir,albopictus,0,0,1,0,0
TUR.39.3_1,2037,1,3.687677659203901,77.7059599589161,Isparta,Eğirdir,9.988292237601795e-5,9.666042545708464e-6,31,Isparta,E<U+011F>irdir,albopictus,0,0,1,0,0
TUR.39.3_1,2037,2,2.2959488827516052,72.7675239668755,Isparta,Eğirdir,7.47154486536422e-5,8.005194599758347e-6,28,Isparta,E<U+011F>irdir,albopictus,0,0,1,0,0
TUR.39.3_1,2037,3,5.403511669048491,68.06836411812485,Isparta,Eğirdir,9.171944332034184e-5,8.876035767824142e-6,31,Isparta,E<U+011F>irdir,albopictus,0,0,1,0,0
TUR.39.3_1,2037,4,9.771180489484003,64.50251822620636,Isparta,Eğirdir,1.2128209418716792e-4,1.2128135872258028e-5,30,Isparta,E<U+011F>irdir,albopictus,0,0,1,0,0
TUR.39.3_1,2037,5,18.34684938542983,38.82718442346001,Isparta,Eğirdir,1.6952029866001647e-4,1.640505562849892e-5,31,Isparta,E<U+011F>irdir,albopictus,0,0,1,0.03205927844976434,0
TUR.39.3_1,2037,6,21.14585141574635,39.863841724329056,Isparta,Eğirdir,1.9067148875067736e-4,1.9066967098191334e-5,30,Isparta,E<U+011F>irdir,albopictus,5.652966983404894e-13,5.652966983404894e-13,0.9999999999994347,0.0705120828838497,1.1102230246251565e-16
TUR.39.3_1,2037,7,26.733310475068933,26.677779404334643,Isparta,Eğirdir,2.2391206261486015e-4,2.1668674516139852e-5,31,Isparta,E<U+011F>irdir,albopictus,2.7665779857577456e-9,2.7665779857577456e-9,0.999999997233422,0.09178316003146658,6.195044477408373e-13
TUR.39.3_1,2037,8,25.022753715515137,35.043403467050986,Isparta,Eğirdir,2.6588146009276633e-4,2.573013285445125e-5,31,Isparta,E<U+011F>irdir,albopictus,6.698069914595761e-8,6.698069914595761e-8,0.9999999330193009,0.10627638581231286,1.7808976515709674e-11
TUR.39.3_1,2037,9,22.259840796975528,36.64784471312866,Isparta,Eğirdir,2.1192036303430232e-4,2.119181175386231e-5,30,Isparta,E<U+011F>irdir,albopictus,3.582996954687445e-11,3.582996954687445e-11,0.99999999996417,0.08156203888742196,7.549516567451064e-15
TUR.39.3_1,2037,10,14.269396150813384,63.02545016140377,Isparta,Eğirdir,2.0883867341171103e-4,2.0209989976538445e-5,31,Isparta,E<U+011F>irdir,albopictus,0,0,1,0.004055922557807298,0
TUR.39.3_1,2037,11,7.423191802028348,81.2630404205081,Isparta,Eğirdir,1.2113678902334292e-4,1.2113605531993699e-5,30,Isparta,E<U+011F>irdir,albopictus,0,0,1,0,0
TUR.39.3_1,2037,12,1.6106112719896961,76.77394084947393,Isparta,Eğirdir,9.963691095294386e-5,9.642235218487727e-6,31,Isparta,E<U+011F>irdir,albopictus,0,0,1,0,0
TUR.39.3_1,2038,1,1.885924600174322,83.90821520793953,Isparta,Eğirdir,1.0301037662421557e-4,9.96869643710152e-6,31,Isparta,E<U+011F>irdir,albopictus,0,0,1,0,0
TUR.39.3_1,2038,2,5.4344089228440735,71.28118058308644,Isparta,Eğirdir,7.705487907617384e-5,8.255845821314445e-6,28,Isparta,E<U+011F>irdir,albopictus,0,0,1,0,0
TUR.39.3_1,2038,3,6.338613654979888,65.13975236275375,Isparta,Eğirdir,9.459128923584937e-5,9.153953834828421e-6,31,Isparta,E<U+011F>irdir,albopictus,0,0,1,0,0
TUR.39.3_1,2038,4,9.988282540265253,62.168854285776675,Isparta,Eğirdir,1.250795822028673e-4,1.2507879996070947e-5,30,Isparta,E<U+011F>irdir,albopictus,0,0,1,0,0
TUR.39.3_1,2038,5,17.010635319878073,42.04680798913384,Isparta,Eğirdir,1.7482818278663557e-4,1.6918713275693165e-5,31,Isparta,E<U+011F>irdir,albopictus,0,0,1,0.019262644981147627,0
TUR.39.3_1,2038,6,20.3702719632317,45.19422883980757,Isparta,Eğirdir,1.9664164203933048e-4,1.96639708655022e-5,30,Isparta,E<U+011F>irdir,albopictus,3.705569184830892e-14,3.705569184830892e-14,0.9999999999999629,0.0642702251212191,0
TUR.39.3_1,2038,7,24.908326878267175,41.32652589481316,Isparta,Eğirdir,2.3092301818954073e-4,2.2347139156053686e-5,31,Isparta,E<U+011F>irdir,albopictus,1.1502492672789132e-6,1.1502492672789132e-6,0.9999988497507327,0.11955052671393533,2.656190822847293e-10
TUR.39.3_1,2038,8,23.435681343078613,43.59135230433126,Isparta,Eğirdir,2.7420652790319467e-4,2.6535763523960476e-5,31,Isparta,E<U+011F>irdir,albopictus,6.891033901840204e-8,6.891033901840204e-8,0.999999931089661,0.10849922864838035,1.8895662812212777e-11
TUR.39.3_1,2038,9,22.328402350930606,41.3134903124939,Isparta,Eğirdir,2.185558440943793e-4,2.1855345577859175e-5,30,Isparta,E<U+011F>irdir,albopictus,4.12537093374965e-10,4.12537093374965e-10,0.9999999995874629,0.08977566543411332,9.015010959956271e-14
TUR.39.3_1,2038,10,14.24125989745645,54.70421450466549,Isparta,Eğirdir,2.1537766306892824e-4,2.0842782437968665e-5,31,Isparta,E<U+011F>irdir,albopictus,0,0,1,0.0034353238278748634,0
TUR.39.3_1,2038,11,8.922069804195097,70.96349513242217,Isparta,Eğirdir,1.2492972735986713e-4,1.2492894699178692e-5,30,Isparta,E<U+011F>irdir,albopictus,0,0,1,0,0
TUR.39.3_1,2038,12,3.917420846355312,82.20491771714971,Isparta,Eğirdir,1.0275666228805185e-4,9.944143681273054e-6,31,Isparta,E<U+011F>irdir,albopictus,0,0,1,0,0
TUR.39.3_1,2039,1,3.6193755046628855,73.82128588665047,Isparta,Eğirdir,1.0661669149549706e-4,1.0317691110484084e-5,31,Isparta,E<U+011F>irdir,albopictus,0,0,1,0,0
TUR.39.3_1,2039,2,1.802643736057422,82.82926102742238,Isparta,Eğirdir,7.975251173633713e-5,8.54487546408933e-6,28,Isparta,E<U+011F>irdir,albopictus,0,0,1,0,0
TUR.39.3_1,2039,3,3.634612228283111,73.29996201851547,Isparta,Eğirdir,9.790285826650508e-5,9.474425272215647e-6,31,Isparta,E<U+011F>irdir,albopictus,0,0,1,0,0
TUR.39.3_1,2039,4,10.077444413129022,58.0889401927591,Isparta,Eğirdir,1.2945852316177103e-4,1.2945768518957124e-5,30,Isparta,E<U+011F>irdir,albopictus,0,0,1,0,0
TUR.39.3_1,2039,5,19.224221173454733,34.28055737878228,Isparta,Eğirdir,1.809487843819738e-4,1.751101936242616e-5,31,Isparta,E<U+011F>irdir,albopictus,0,0,1,0.03978043679821982,0
TUR.39.3_1,2039,6,22.694013876073498,36.478667926721634,Isparta,Eğirdir,2.035259162381003e-4,2.0352384511257426e-5,30,Isparta,E<U+011F>irdir,albopictus,2.1558027069046305e-10,2.1558027069046305e-10,0.9999999997844198,0.08689002924800493,4.3853809472693683e-14
TUR.39.3_1,2039,7,25.8717420241412,33.286856857947924,Isparta,Eğirdir,2.390074572714029e-4,2.312948643878876e-5,31,Isparta,E<U+011F>irdir,albopictus,7.415151317047287e-8,7.415151317047287e-8,0.9999999258484868,0.1058730370402074,1.77227121866963e-11
TUR.39.3_1,2039,8,26.790268898010254,41.96142753016134,Isparta,Eğirdir,2.838062897115336e-4,2.7464747647698573e-5,31,Isparta,E<U+011F>irdir,albopictus,1.258797223082525e-5,1.258797223082525e-5,0.9999874120277692,0.13004222187672798,3.5725457037116826e-9
TUR.39.3_1,2039,9,21.200249503640567,44.70735017577515,Isparta,Eğirdir,2.2620731782540298e-4,2.2620475935708484e-5,30,Isparta,E<U+011F>irdir,albopictus,5.396020852366235e-12,5.396020852366235e-12,0.999999999994604,0.07704205247198706,1.2212453270876722e-15
TUR.39.3_1,2039,10,13.912242258296294,68.07197420925533,Isparta,Eğirdir,2.229178711015697e-4,2.157246451439665e-5,31,Isparta,E<U+011F>irdir,albopictus,0,0,1,0.0029695882874152734,0
TUR.39.3_1,2039,11,8.320870654109648,77.65382563779326,Isparta,Eğirdir,1.2930342201479102e-4,1.293025860493735e-5,30,Isparta,E<U+011F>irdir,albopictus,0,0,1,0,0
TUR.39.3_1,2039,12,2.423661571872585,77.8643873216419,Isparta,Eğirdir,1.063540948135586e-4,1.0292278790235976e-5,31,Isparta,E<U+011F>irdir,albopictus,0,0,1,0,0
TUR.39.3_1,2040,1,2.682937421014204,75.41186205852547,Isparta,Eğirdir,9.744818886348924e-5,9.430425423229138e-6,31,Isparta,E<U+011F>irdir,albopictus,0,0,1,0,0
TUR.39.3_1,2040,2,-2.0931818288038757,71.32595749959034,Isparta,Eğirdir,7.549755838723613e-5,7.810061748214636e-6,29,Isparta,E<U+011F>irdir,albopictus,0,0,1,0,0
TUR.39.3_1,2040,3,6.557428504833403,70.37878892281235,Isparta,Eğirdir,8.94837017431998e-5,8.659675576727643e-6,31,Isparta,E<U+011F>irdir,albopictus,0,0,1,0,0
TUR.39.3_1,2040,4,9.93808303159826,59.332359839975894,Isparta,Eğirdir,1.1832573716273567e-4,1.183250371161737e-5,30,Isparta,E<U+011F>irdir,albopictus,0,0,1,0,0
TUR.39.3_1,2040,5,13.662033024956198,61.17335675622368,Isparta,Eğirdir,1.6538809325009025e-4,1.6005171262656326e-5,31,Isparta,E<U+011F>irdir,albopictus,0,0,1,0.002018519386922504,0
TUR.39.3_1,2040,6,21.35187177097096,42.55951662056929,Isparta,Eğirdir,1.8602370459997575e-4,1.8602197436989876e-5,30,Isparta,E<U+011F>irdir,albopictus,5.36982092125271e-12,5.36982092125271e-12,0.9999999999946302,0.07676524925062649,9.992007221626409e-16
TUR.39.3_1,2040,7,25.294936909395105,27.45197984378777,Isparta,Eğirdir,2.1845401042996812e-4,2.114048722356987e-5,31,Isparta,E<U+011F>irdir,albopictus,1.9827369882596812e-9,1.9827369882596812e-9,0.999999998017263,0.09198859587049445,4.3309800190627357e-13
TUR.39.3_1,2040,8,24.3827543258667,44.9526651705422,Isparta,Eğirdir,2.5940036717068585e-4,2.5102946254906833e-5,31,Isparta,E<U+011F>irdir,albopictus,2.0792262444999653e-6,2.0792262444999653e-6,0.9999979207737555,0.12313506776037306,5.393520075003266e-10
TUR.39.3_1,2040,9,21.62672502854291,44.8145889453064,Isparta,Eğirdir,2.0675461900526346e-4,2.0675248164625515e-5,30,Isparta,E<U+011F>irdir,albopictus,5.383290779814587e-11,5.383290779814587e-11,0.9999999999461671,0.08418730239852251,1.1102230246251565e-14
TUR.39.3_1,2040,10,15.713732088313384,44.310923031276815,Isparta,Eğirdir,2.0374804826006236e-4,1.971735866779234e-5,31,Isparta,E<U+011F>irdir,albopictus,0,0,1,0.009741025876659001,0
TUR.39.3_1,2040,11,7.806973235133817,57.158067581152636,Isparta,Eğirdir,1.1818397393924933e-4,1.1818327556922803e-5,30,Isparta,E<U+011F>irdir,albopictus,0,0,1,0,0
TUR.39.3_1,2040,12,3.51896260393893,79.35289745347784,Isparta,Eğirdir,9.720817418382206e-5,9.407198415023466e-6,31,Isparta,E<U+011F>irdir,albopictus,0,0,1,0,0
TUR.39.3_1,2041,1,1.9876613878809355,80.58233324993172,Isparta,Eğirdir,1.025306183701212e-4,9.922268680795376e-6,31,Isparta,E<U+011F>irdir,albopictus,0,0,1,0,0
TUR.39.3_1,2041,2,0.8325485337306472,73.99110337361378,Isparta,Eğirdir,7.669600538338175e-5,8.21739538525712e-6,28,Isparta,E<U+011F>irdir,albopictus,0,0,1,0,0
TUR.39.3_1,2041,3,4.421368266948882,65.9618577704686,Isparta,Eğirdir,9.415074185350285e-5,9.111320606547402e-6,31,Isparta,E<U+011F>irdir,albopictus,0,0,1,0,0
TUR.39.3_1,2041,4,10.500497200909784,59.2644773021341,Isparta,Eğirdir,1.2449703931789746e-4,1.244962643454084e-5,30,Isparta,E<U+011F>irdir,albopictus,0,0,1,2.4735204283646468e-21,0
TUR.39.3_1,2041,5,17.24287790410659,43.96596310998345,Isparta,Eğirdir,1.7401394186752713e-4,1.6839917097444257e-5,31,Isparta,E<U+011F>irdir,albopictus,0,0,1,0.022052223455279647,0
TUR.39.3_1,2041,6,25.044590276830334,20.681964588098587,Isparta,Eğirdir,1.9572580759663936e-4,1.9572389217903385e-5,30,Isparta,E<U+011F>irdir,albopictus,4.508682710513412e-11,4.508682710513412e-11,0.9999999999549132,0.07900587768262836,8.770761894538737e-15
TUR.39.3_1,2041,7,27.265666737275964,26.12037583988152,Isparta,Eğirdir,2.2984752242234273e-4,2.2243061240989626e-5,31,Isparta,E<U+011F>irdir,albopictus,1.945587834673024e-9,1.945587834673024e-9,0.9999999980544122,0.08948671517498152,4.4719783431901305e-13
TUR.39.3_1,2041,8,27.546992301940918,32.88382705103536,Isparta,Eğirdir,2.729294444733571e-4,2.6412178076751225e-5,31,Isparta,E<U+011F>irdir,albopictus,6.35666008531044e-8,6.35666008531044e-8,0.9999999364333991,0.10437444207251445,1.7349233161212396e-11
TUR.39.3_1,2041,9,20.8871410594267,48.09769670287476,Isparta,Eğirdir,2.1753794693080177e-4,2.175355808098356e-5,30,Isparta,E<U+011F>irdir,albopictus,3.3847102898221236e-12,3.3847102898221236e-12,0.9999999999966153,0.07568242250056144,7.771561172376096e-16
TUR.39.3_1,2041,10,15.337055528865141,63.783796719020955,Isparta,Eğirdir,2.1437456789549902e-4,2.0745710730185607e-5,31,Isparta,E<U+011F>irdir,albopictus,0,0,1,0.009928528170378658,0
TUR.39.3_1,2041,11,7.992756621364285,77.2580584258792,Isparta,Eğirdir,1.2434788240553495e-4,1.2434710928932446e-5,30,Isparta,E<U+011F>irdir,albopictus,0,0,1,0,0
TUR.39.3_1,2041,12,1.2854587109211613,79.1761320115833,Isparta,Eğirdir,1.0227808567750589e-4,9.897830275273911e-6,31,Isparta,E<U+011F>irdir,albopictus,0,0,1,0,0
TUR.39.3_1,2042,1,2.610944785287275,77.950199766045,Isparta,Eğirdir,1.1354594059956408e-4,1.0988256460842116e-5,31,Isparta,E<U+011F>irdir,albopictus,0,0,1,0,0
TUR.39.3_1,2042,2,3.388980885200641,76.23998948201222,Isparta,Eğirdir,8.493579976323532e-5,9.100222853053452e-6,28,Isparta,E<U+011F>irdir,albopictus,0,0,1,0,0
TUR.39.3_1,2042,3,6.024629260906401,66.32478806832016,Isparta,Eğirdir,1.0426577652454755e-4,1.009018553155272e-5,31,Isparta,E<U+011F>irdir,albopictus,0,0,1,0,0
TUR.39.3_1,2042,4,12.669315674725702,49.788963843882144,Isparta,Eğirdir,1.3787231225098157e-4,1.3787136181608872e-5,30,Isparta,E<U+011F>irdir,albopictus,0,0,1,3.1982876580247674e-4,0
TUR.39.3_1,2042,5,17.015388432671042,46.07209561730767,Isparta,Eğirdir,1.9270903678216914e-4,1.864908772764018e-5,31,Isparta,E<U+011F>irdir,albopictus,0,0,1,0.020380918088078175,0
TUR.39.3_1,2042,6,21.58172444736256,45.930396747522416,Isparta,Eğirdir,2.1675350521094738e-4,2.1675115612351803e-5,30,Isparta,E<U+011F>irdir,albopictus,7.845990113164447e-11,7.845990113164447e-11,0.9999999999215401,0.08482998752269887,1.6986412276764895e-14
TUR.39.3_1,2042,7,27.686536564546472,25.704583374671557,Isparta,Eğirdir,2.5454106824668955e-4,2.4632703214511054e-5,31,Isparta,E<U+011F>irdir,albopictus,8.428266194404621e-10,8.428266194404621e-10,0.9999999991571734,0.08715149063103768,2.1449508835758024e-13
TUR.39.3_1,2042,8,26.04898738861084,39.953267892710166,Isparta,Eğirdir,3.0225147358591117e-4,2.9249714823875728e-5,31,Isparta,E<U+011F>irdir,albopictus,2.6393442309238237e-6,2.6393442309238237e-6,0.999997360655769,0.12218466152948625,7.97745647318493e-10
TUR.39.3_1,2042,9,23.634369681863223,39.96391145507202,Isparta,Eğirdir,2.4090902008598453e-4,2.4090611825178243e-5,30,Isparta,E<U+011F>irdir,albopictus,2.7056592220020548e-8,2.7056592220020548e-8,0.9999999729434078,0.10438715176194256,6.5182303998767566e-12
TUR.39.3_1,2042,10,17.905624712214752,50.81939928860103,Isparta,Eğirdir,2.374057851133857e-4,2.2974489480409588e-5,31,Isparta,E<U+011F>irdir,albopictus,0,0,1,0.03218065992586378,0
TUR.39.3_1,2042,11,8.488938109401396,67.77555262753935,Isparta,Eğirdir,1.3770713074539475e-4,1.3770618258690526e-5,30,Isparta,E<U+011F>irdir,albopictus,0,0,1,0,0
TUR.39.3_1,2042,12,5.163740378749721,79.81227855699346,Isparta,Eğirdir,1.1326627719197946e-4,1.0961192557168431e-5,31,Isparta,E<U+011F>irdir,albopictus,0,0,1,0,0
TUR.39.3_1,2043,1,3.739140190293684,73.59301440227547,Isparta,Eğirdir,1.0825852157372925e-4,1.0476576240314728e-5,31,Isparta,E<U+011F>irdir,albopictus,0,0,1,0,0
TUR.39.3_1,2043,2,3.2094609934617493,73.41441269978566,Isparta,Eğirdir,8.098065032089276e-5,8.67646060798144e-6,28,Isparta,E<U+011F>irdir,albopictus,0,0,1,0,0
TUR.39.3_1,2043,3,5.810007717022124,79.08107468941391,Isparta,Eğirdir,9.941050078656621e-5,9.620324768255806e-6,31,Isparta,E<U+011F>irdir,albopictus,0,0,1,0,0
TUR.39.3_1,2043,4,9.683740952435663,66.33489279896027,Isparta,Eğirdir,1.3145210309966932e-4,1.314512391203948e-5,30,Isparta,E<U+011F>irdir,albopictus,0,0,1,0,0
TUR.39.3_1,2043,5,13.58126157872817,49.20653699304009,Isparta,Eğirdir,1.8373528199928563e-4,1.7780675663825463e-5,31,Isparta,E<U+011F>irdir,albopictus,0,0,1,0.0014755269360392472,0
TUR.39.3_1,2043,6,22.4836752835442,31.134048175745072,Isparta,Eğirdir,2.06660087504272e-4,2.066579520998424e-5,30,Isparta,E<U+011F>irdir,albopictus,7.434282134344273e-12,7.434282134344273e-12,0.9999999999925657,0.07700654596286163,1.5543122344752192e-15
TUR.39.3_1,2043,7,27.736995472627527,20.136445252112964,Isparta,Eğirdir,2.4268802198191598e-4,2.3485661818645198e-5,31,Isparta,E<U+011F>irdir,albopictus,3.341040477611301e-11,3.341040477611301e-11,0.9999999999665896,0.07463075181446982,8.104628079763643e-15
TUR.39.3_1,2043,8,27.2175931930542,35.343458017221884,Isparta,Eğirdir,2.8817672830143827e-4,2.788768161221533e-5,31,Isparta,E<U+011F>irdir,albopictus,3.5257316636500003e-7,3.5257316636500003e-7,0.9999996474268337,0.11156966698986115,1.0160339236620075e-10
TUR.39.3_1,2043,9,21.262888740090762,49.835333269036866,Isparta,Eğirdir,2.2969076842879808e-4,2.2968813055634918e-5,30,Isparta,E<U+011F>irdir,albopictus,6.534440233352257e-11,6.534440233352257e-11,0.9999999999346556,0.08477370560658083,1.4988010832439613e-14
TUR.39.3_1,2043,10,14.453164423213286,52.838266781276815,Isparta,Eğirdir,2.2635066629166897e-4,2.1904663278893288e-5,31,Isparta,E<U+011F>irdir,albopictus,0,0,1,0.004111912738258708,0
TUR.39.3_1,2043,11,8.246761576656034,74.68547999570342,Isparta,Eğirdir,1.3129461349245194e-4,1.3129375158293932e-5,30,Isparta,E<U+011F>irdir,albopictus,0,0,1,0,0
TUR.39.3_1,2043,12,5.060292703044765,79.36882762925909,Isparta,Eğirdir,1.0799188106783787e-4,1.0450772590431257e-5,31,Isparta,E<U+011F>irdir,albopictus,0,0,1,0,0
TUR.39.3_1,2044,1,3.904834665467634,78.34566180217782,Isparta,Eğirdir,1.1836221139579702e-4,1.1454341952932268e-5,31,Isparta,E<U+011F>irdir,albopictus,0,0,1,0,0
TUR.39.3_1,2044,2,3.967767735176227,74.62081071003956,Isparta,Eğirdir,9.170060593137024e-5,9.486224584631664e-6,29,Isparta,E<U+011F>irdir,albopictus,0,0,1,0,0
TUR.39.3_1,2044,3,9.483875896343413,60.37756821968735,Isparta,Eğirdir,1.0868841120325181e-4,1.0518178025775704e-5,31,Isparta,E<U+011F>irdir,albopictus,0,0,1,0,0
TUR.39.3_1,2044,4,11.051028588238886,60.163353492319644,Isparta,Eğirdir,1.4372043317540376e-4,1.437194004016984e-5,30,Isparta,E<U+011F>irdir,albopictus,0,0,1,9.52879157785638e-8,0
TUR.39.3_1,2044,5,15.613973561455222,59.74992535973931,Isparta,Eğirdir,2.0088316349355334e-4,1.9440117183022743e-5,31,Isparta,E<U+011F>irdir,albopictus,0,0,1,0.01133758578897554,0
TUR.39.3_1,2044,6,20.567459386937756,49.762122821741166,Isparta,Eğirdir,2.2594752457981432e-4,2.259449719843598e-5,30,Isparta,E<U+011F>irdir,albopictus,8.759054037632552e-13,8.759054037632552e-13,0.9999999999991241,0.07214660209021694,2.220446049250313e-16
TUR.39.3_1,2044,7,26.400224461274988,36.819884506873706,Isparta,Eğirdir,2.653379202254134e-4,2.567753357407554e-5,31,Isparta,E<U+011F>irdir,albopictus,7.238471276416747e-7,7.238471276416747e-7,0.9999992761528723,0.11585492172016261,1.9206414236805358e-10
TUR.39.3_1,2044,8,25.225455284118652,44.51010688196798,Isparta,Eğirdir,3.1507205473274417e-4,3.0490379165359904e-5,31,Isparta,E<U+011F>irdir,albopictus,9.048843886085401e-6,9.048843886085401e-6,0.9999909511561139,0.13010036663354443,2.851037850248872e-9
TUR.39.3_1,2044,9,20.40695841172162,59.40636674682007,Isparta,Eğirdir,2.5112764236224117e-4,2.5112448913344743e-5,30,Isparta,E<U+011F>irdir,albopictus,1.2681766248245907e-11,1.2681766248245907e-11,0.9999999999873183,0.08055430252640144,3.219646771412954e-15
TUR.39.3_1,2044,10,15.354820574031157,64.5825866970483,Isparta,Eğirdir,2.474758108990785e-4,2.3948985240940246e-5,31,Isparta,E<U+011F>irdir,albopictus,0,0,1,0.010155615655781,0
TUR.39.3_1,2044,11,10.382078902248075,74.98407923886748,Isparta,Eğirdir,1.4354824517661042e-4,1.435472148769712e-5,30,Isparta,E<U+011F>irdir,albopictus,0,0,1,0,0
TUR.39.3_1,2044,12,6.638276797664516,80.47429637925909,Isparta,Eğirdir,1.1807068552359576e-4,1.142613009452731e-5,31,Isparta,E<U+011F>irdir,albopictus,0,0,1,0,0
TUR.39.3_1,2045,1,4.457981862237348,81.91019885051766,Isparta,Eğirdir,1.1666212665654135e-4,1.1289819494386677e-5,31,Isparta,E<U+011F>irdir,albopictus,0,0,1,0,0
TUR.39.3_1,2045,2,2.958744068794391,69.74204178914113,Isparta,Eğirdir,8.726680123772946e-5,9.349970707117627e-6,28,Isparta,E<U+011F>irdir,albopictus,0,0,1,0,0
TUR.39.3_1,2045,3,6.604376460918608,71.16747758248032,Isparta,Eğirdir,1.0712727520349681e-4,1.0367101926034294e-5,31,Isparta,E<U+011F>irdir,albopictus,0,0,1,0,0
TUR.39.3_1,2045,4,9.942674973431757,70.8062139049173,Isparta,Eğirdir,1.4165611794946003e-4,1.416551146316003e-5,30,Isparta,E<U+011F>irdir,albopictus,0,0,1,0,0
TUR.39.3_1,2045,5,17.4802064334645,46.51352857018853,Isparta,Eğirdir,1.9799779664714685e-4,1.9160893522607303e-5,31,Isparta,E<U+011F>irdir,albopictus,0,0,1,0.025240693329903825,0
TUR.39.3_1,2045,6,22.783157629125256,40.11708040230757,Isparta,Eğirdir,2.2270214808776633e-4,2.2269966829413512e-5,30,Isparta,E<U+011F>irdir,albopictus,1.5342662979533905e-9,1.5342662979533905e-9,0.9999999984657337,0.09407822021710985,3.417266469796232e-13
TUR.39.3_1,2045,7,27.186511769014245,23.144889084510424,Isparta,Eğirdir,2.615267634076972e-4,2.530872134898221e-5,31,Isparta,E<U+011F>irdir,albopictus,3.5170720752430995e-10,3.5170720752430995e-10,0.9999999996482928,0.0836323354857986,9.192646643896296e-14
TUR.39.3_1,2045,8,27.7760648727417,36.93387015711446,Isparta,Eğirdir,3.105465462473892e-4,3.0052439988659252e-5,31,Isparta,E<U+011F>irdir,albopictus,5.52978350802702e-7,5.52978350802702e-7,0.9999994470216492,0.1132527372756544,1.717255226907355e-10
TUR.39.3_1,2045,9,24.361090491799747,36.19499055663452,Isparta,Eğirdir,2.4752059356389084e-4,2.4751753026741596e-5,30,Isparta,E<U+011F>irdir,albopictus,3.180628738902458e-8,3.180628738902458e-8,0.9999999681937126,0.10390681959946878,7.872702489919448e-12
TUR.39.3_1,2045,10,14.615066850886626,61.375837734645955,Isparta,Eğirdir,2.4392121484614107e-4,2.3605000253668074e-5,31,Isparta,E<U+011F>irdir,albopictus,0,0,1,0.005441172629104373,0
TUR.39.3_1,2045,11,8.2085573835408,71.98565852353545,Isparta,Eğirdir,1.4148640315715362e-4,1.414854022419032e-5,30,Isparta,E<U+011F>irdir,albopictus,0,0,1,0,0
TUR.39.3_1,2045,12,6.648716670406215,83.684356498888,Isparta,Eğirdir,1.1637478808939788e-4,1.126201284973316e-5,31,Isparta,E<U+011F>irdir,albopictus,0,0,1,0,0
TUR.39.3_1,2046,1,4.105010785272016,86.61351458538094,Isparta,Eğirdir,1.053264974959981e-4,1.0192834907107873e-5,31,Isparta,E<U+011F>irdir,albopictus,0,0,1,0,0
TUR.39.3_1,2046,2,2.416182418518207,77.83815690144581,Isparta,Eğirdir,7.878740758009404e-5,8.441472325593224e-6,28,Isparta,E<U+011F>irdir,albopictus,0,0,1,0,0
TUR.39.3_1,2046,3,4.707667734035674,74.06801316597641,Isparta,Eğirdir,9.671811244014845e-5,9.35977353000439e-6,31,Isparta,E<U+011F>irdir,albopictus,0,0,1,0,0
TUR.39.3_1,2046,4,12.994058945599726,64.91662650257355,Isparta,Eğirdir,1.278919147121516e-4,1.2789109689825828e-5,30,Isparta,E<U+011F>irdir,albopictus,0,0,1,7.892858520880446e-4,0
TUR.39.3_1,2046,5,14.278328839470358,57.71550916100884,Isparta,Eğirdir,1.7875908000687495e-4,1.729911617565083e-5,31,Isparta,E<U+011F>irdir,albopictus,0,0,1,0.0037661885653993274,0
TUR.39.3_1,2046,6,19.60129575168385,56.117835712366166,Isparta,Eğirdir,2.010630006083838e-4,2.0106097930572275e-5,30,Isparta,E<U+011F>irdir,albopictus,1.0186851362448123e-14,1.0186851362448123e-14,0.9999999999999898,0.06184439563825653,0
TUR.39.3_1,2046,7,24.404645695405847,35.948817459754565,Isparta,Eğirdir,2.3611517105541122e-4,2.2849594207507984e-5,31,Isparta,E<U+011F>irdir,albopictus,2.7766062193623763e-8,2.7766062193623763e-8,0.9999999722339378,0.10369518313647805,6.555977982714012e-12
TUR.39.3_1,2046,8,26.920605659484863,33.416734536997275,Isparta,Eğirdir,2.803718821448596e-4,2.713239469809281e-5,31,Isparta,E<U+011F>irdir,albopictus,1.2856756722007256e-7,1.2856756722007256e-7,0.9999998714324327,0.10691790678616672,3.604672116352958e-11
TUR.39.3_1,2046,9,20.717125724343692,48.04766313353882,Isparta,Eğirdir,2.234699291481956e-4,2.2346743222656507e-5,30,Isparta,E<U+011F>irdir,albopictus,1.1527720999993107e-12,1.1527720999993107e-12,0.9999999999988473,0.07293060509796462,2.220446049250313e-16
TUR.39.3_1,2046,10,14.038780534968657,61.032148769802205,Isparta,Eğirdir,2.2022028880331883e-4,2.131141376049417e-5,31,Isparta,E<U+011F>irdir,albopictus,0,0,1,0.0031057871042232273,0
TUR.39.3_1,2046,11,9.729430453303983,74.22315394589873,Isparta,Eğirdir,1.2773869048112485e-4,1.2773787462561081e-5,30,Isparta,E<U+011F>irdir,albopictus,0,0,1,0,0
TUR.39.3_1,2046,12,2.5418584169272114,74.13656597154424,Isparta,Eğirdir,1.0506707855910662e-4,1.0167730104315709e-5,31,Isparta,E<U+011F>irdir,albopictus,0,0,1,0,0
TUR.39.3_1,2047,1,4.326914586236372,77.54374377239266,Isparta,Eğirdir,1.0726527944596742e-4,1.0380457036829327e-5,31,Isparta,E<U+011F>irdir,albopictus,0,0,1,0,0
TUR.39.3_1,2047,2,0.4537934560109588,76.69509049519581,Isparta,Eğirdir,8.023767515124312e-5,8.59685681298128e-6,28,Isparta,E<U+011F>irdir,albopictus,0,0,1,0,0
TUR.39.3_1,2047,3,6.403172637829009,74.47617814400375,Isparta,Eğirdir,9.849843681333089e-5,9.532061358008548e-6,31,Isparta,E<U+011F>irdir,albopictus,0,0,1,0,0
TUR.39.3_1,2047,4,8.451024392071893,71.05471091419464,Isparta,Eğirdir,1.302460662474797e-4,1.302452180496072e-5,30,Isparta,E<U+011F>irdir,albopictus,0,0,1,0,0
TUR.39.3_1,2047,5,16.142714444328757,59.19854138757134,Isparta,Eğirdir,1.8204956137623425e-4,1.7617544297299226e-5,31,Isparta,E<U+011F>irdir,albopictus,0,0,1,0.015558582176553247,0
TUR.39.3_1,2047,6,21.56236295139088,42.65428133004195,Isparta,Eğirdir,2.0476403810278082e-4,2.0476194170115924e-5,30,Isparta,E<U+011F>irdir,albopictus,1.5810814157912743e-11,1.5810814157912743e-11,0.9999999999841892,0.07995901534772691,3.219646771412954e-15
TUR.39.3_1,2047,7,23.68166519613827,49.73255464237175,Isparta,Eğirdir,2.4046142620144927e-4,2.327018984504825e-5,31,Isparta,E<U+011F>irdir,albopictus,2.477064062050949e-6,2.477064062050949e-6,0.9999975229359379,0.12488252042637552,5.956383164473777e-10
TUR.39.3_1,2047,8,24.937636375427246,38.8342569674172,Isparta,Eğirdir,2.855327861652561e-4,2.7631823346863094e-5,31,Isparta,E<U+011F>irdir,albopictus,3.434009122960102e-7,3.434009122960102e-7,0.9999996565990877,0.11388754314094528,9.805223299963473e-11
TUR.39.3_1,2047,9,23.412249396829043,33.11724321166382,Isparta,Eğirdir,2.2758341887104436e-4,2.2758082917961886e-5,30,Isparta,E<U+011F>irdir,albopictus,6.138700743285597e-10,6.138700743285597e-10,0.9999999993861299,0.08989456936108932,1.396660564978447e-13
TUR.39.3_1,2047,10,12.39930089782266,70.54162447781002,Isparta,Eğirdir,2.2427396125136663e-4,2.1703696205355172e-5,31,Isparta,E<U+011F>irdir,albopictus,0,0,1,2.6282181868527533e-4,0
TUR.39.3_1,2047,11,9.892825858119657,81.10704981992217,Isparta,Eğirdir,1.3009002156404568e-4,1.3008917539747422e-5,30,Isparta,E<U+011F>irdir,albopictus,0,0,1,0,0
TUR.39.3_1,2047,12,6.799827319515102,81.78847484605596,Isparta,Eğirdir,1.0700108529330134e-4,1.03548901257966e-5,31,Isparta,E<U+011F>irdir,albopictus,0,0,1,0,0
TUR.39.3_1,2048,1,4.596595801522627,81.83927599895516,Isparta,Eğirdir,1.170853450589633e-4,1.133077565074192e-5,31,Isparta,E<U+011F>irdir,albopictus,0,0,1,0,0
TUR.39.3_1,2048,2,4.404444475822589,80.57232590779347,Isparta,Eğirdir,9.071135931794328e-5,9.383889693626024e-6,29,Isparta,E<U+011F>irdir,albopictus,0,0,1,0,0
TUR.39.3_1,2048,3,6.901130344280425,69.89625260689438,Isparta,Eğirdir,1.0751590376331142e-4,1.0404710750977486e-5,31,Isparta,E<U+011F>irdir,albopictus,0,0,1,0,0
TUR.39.3_1,2048,4,10.228143074933222,66.93592887073761,Isparta,Eğirdir,1.421700077408605e-4,1.4216899713037634e-5,30,Isparta,E<U+011F>irdir,albopictus,0,0,1,0,0
TUR.39.3_1,2048,5,15.887987080742331,56.60484860803032,Isparta,Eğirdir,1.987160786944712e-4,1.9230403354164594e-5,31,Isparta,E<U+011F>irdir,albopictus,0,0,1,0.012836770610176308,0
TUR.39.3_1,2048,6,26.20736722385182,21.169131946497025,Isparta,Eğirdir,2.2351005078961853e-4,2.235075529710695e-5,30,Isparta,E<U+011F>irdir,albopictus,1.5449903600917025e-10,1.5449903600917025e-10,0.9999999998455009,0.08146665817390335,3.452793606584237e-14
TUR.39.3_1,2048,7,26.74288536520565,34.681334702186206,Isparta,Eğirdir,2.624755112333377e-4,2.5400533326780383e-5,31,Isparta,E<U+011F>irdir,albopictus,2.3538383197924117e-7,2.3538383197924117e-7,0.999999764616168,0.1100341065997017,6.178246803045795e-11
TUR.39.3_1,2048,8,24.541401863098145,45.967611154428916,Isparta,Eğirdir,3.116731244861642e-4,3.0161460406907814e-5,31,Isparta,E<U+011F>irdir,albopictus,4.928199971742098e-6,4.928199971742098e-6,0.9999950718000282,0.12757958133613348,1.5359874483422686e-9
TUR.39.3_1,2048,9,22.37070352890912,42.661863725579835,Isparta,Eğirdir,2.484185308223385e-4,2.4841544525977532e-5,30,Isparta,E<U+011F>irdir,albopictus,7.940033535658308e-10,7.940033535658308e-10,0.9999999992059967,0.09221435772760736,1.9728663147589032e-13
TUR.39.3_1,2048,10,13.680070245967192,68.27388613552486,Isparta,Eğirdir,2.4480609453951345e-4,2.369063174734176e-5,31,Isparta,E<U+011F>irdir,albopictus,0,0,1,0.0022702506204800234,0
TUR.39.3_1,2048,11,10.016826407436064,73.37154566953154,Isparta,Eğirdir,1.4199967726953878e-4,1.4199866907871339e-5,30,Isparta,E<U+011F>irdir,albopictus,0,0,1,0,0
TUR.39.3_1,2048,12,4.861685496700161,83.30990581529424,Isparta,Eğirdir,1.1679696410580456e-4,1.130286813233461e-5,31,Isparta,E<U+011F>irdir,albopictus,0,0,1,0,0
TUR.39.3_1,2049,1,5.627327241113081,76.98677508342782,Isparta,Eğirdir,1.082923544674519e-4,1.047985035707022e-5,31,Isparta,E<U+011F>irdir,albopictus,0,0,1,0,0
TUR.39.3_1,2049,2,4.953790922813556,75.71706315144581,Isparta,Eğirdir,8.100595834926845e-5,8.679172158854165e-6,28,Isparta,E<U+011F>irdir,albopictus,0,0,1,0,0
TUR.39.3_1,2049,3,5.34623446644229,78.45948502876938,Isparta,Eğirdir,9.944156850169046e-5,9.623331292396564e-6,31,Isparta,E<U+011F>irdir,albopictus,0,0,1,0,0
TUR.39.3_1,2049,4,7.700377324048212,70.73477225452667,Isparta,Eğirdir,1.3149318443875596e-4,1.3149231991915755e-5,30,Isparta,E<U+011F>irdir,albopictus,0,0,1,0,0
TUR.39.3_1,2049,5,15.365930501152487,69.41896985436821,Isparta,Eğirdir,1.8379270284873581e-4,1.7786232421324044e-5,31,Isparta,E<U+011F>irdir,albopictus,0,0,1,0.0109114004916124,0
TUR.39.3_1,2049,6,20.53402928745045,52.653045368127884,Isparta,Eğirdir,2.0672467280135167e-4,2.067225360613545e-5,30,Isparta,E<U+011F>irdir,albopictus,2.2026921397966248e-12,2.2026921397966248e-12,0.9999999999977973,0.07499873515387216,4.440892098500626e-16
TUR.39.3_1,2049,7,28.340699925142175,19.432311264686206,Isparta,Eğirdir,2.4276386670929733e-4,2.3493001458652074e-5,31,Isparta,E<U+011F>irdir,albopictus,9.152624214081583e-12,9.152624214081583e-12,0.9999999999908473,0.07061908169734904,2.220446049250313e-15
TUR.39.3_1,2049,8,28.158692359924316,30.93614753138204,Isparta,Eğirdir,2.8826678913434296e-4,2.7896396933568823e-5,31,Isparta,E<U+011F>irdir,albopictus,1.1731042037554929e-8,1.1731042037554929e-8,0.999999988268958,0.09601432914187275,3.3816283107057643e-12
TUR.39.3_1,2049,9,19.951794456033145,58.1893448046814,Isparta,Eğirdir,2.2976255126163516e-4,2.29759911740679e-5,30,Isparta,E<U+011F>irdir,albopictus,3.308030516180338e-13,3.308030516180338e-13,0.9999999999996692,0.07010556985178769,1.1102230246251565e-16
TUR.39.3_1,2049,10,13.999087656245512,58.51758425564205,Isparta,Eğirdir,2.2642140527762012e-4,2.1911508837235694e-5,31,Isparta,E<U+011F>irdir,albopictus,0,0,1,0.002879654255882935,0
TUR.39.3_1,2049,11,7.099762694362332,73.43560969541045,Isparta,Eğirdir,1.31335645612973e-4,1.3133478316440517e-5,30,Isparta,E<U+011F>irdir,albopictus,0,0,1,0,0
TUR.39.3_1,2049,12,4.415021163356655,80.5128477098255,Isparta,Eğirdir,1.08025630631216e-4,1.0454038643081809e-5,31,Isparta,E<U+011F>irdir,albopictus,0,0,1,0,0
TUR.39.3_1,2050,1,6.2194731609128855,80.22311083782235,Isparta,Eğirdir,1.1029019381626065e-4,1.0673187603948975e-5,31,Isparta,E<U+011F>irdir,albopictus,0,0,1,0,0
TUR.39.3_1,2050,2,4.692750712089679,76.98828812703175,Isparta,Eğirdir,8.250040264197954e-5,8.839289787787585e-6,28,Isparta,E<U+011F>irdir,albopictus,0,0,1,0,0
TUR.39.3_1,2050,3,4.534890319713774,72.94097611763657,Isparta,Eğirdir,1.0127612348423682e-4,9.800867147080616e-6,31,Isparta,E<U+011F>irdir,albopictus,0,0,1,0,0
TUR.39.3_1,2050,4,11.574480393353632,64.88191275745636,Isparta,Eğirdir,1.3391904598054072e-4,1.3391814926877466e-5,30,Isparta,E<U+011F>irdir,albopictus,0,0,1,1.1346547979680854e-5,0
TUR.39.3_1,2050,5,14.395052853752585,68.31025861169243,Isparta,Eğirdir,1.8718341584579674e-4,1.811436004706124e-5,31,Isparta,E<U+011F>irdir,albopictus,0,0,1,0.004920245506338439,0
TUR.39.3_1,2050,6,19.372059148900647,63.63654298775679,Isparta,Eğirdir,2.1053844790785086e-4,2.105362316018322e-5,30,Isparta,E<U+011F>irdir,albopictus,2.4843349599734666e-14,2.4843349599734666e-14,0.9999999999999751,0.06425536394355587,0
TUR.39.3_1,2050,7,25.05703140707577,39.17704698245964,Isparta,Eğirdir,2.47242513496191e-4,2.3926408613372807e-5,31,Isparta,E<U+011F>irdir,albopictus,5.484221036701764e-7,5.484221036701764e-7,0.9999994515778964,0.11580486871254529,1.3559331435430977e-10
TUR.39.3_1,2050,8,27.040385246276855,33.964883645883994,Isparta,Eğirdir,2.935848998829687e-4,2.841103832296188e-5,31,Isparta,E<U+011F>irdir,albopictus,1.469773272607666e-7,1.469773272607666e-7,0.9999998530226727,0.10855020481669751,4.3150372164291184e-11
TUR.39.3_1,2050,9,22.199320624856387,32.69093934813843,Isparta,Eğirdir,2.34001342338351e-4,2.3399860452855137e-5,30,Isparta,E<U+011F>irdir,albopictus,4.938542352839192e-12,4.938542352839192e-12,0.9999999999950615,0.07522934728839328,1.1102230246251565e-15
TUR.39.3_1,2050,10,14.698723161921782,52.23909991115963,Isparta,Eğirdir,2.3059855698053338e-4,2.2315740385359106e-5,31,Isparta,E<U+011F>irdir,albopictus,0,0,1,0.005101903775506123,0
TUR.39.3_1,2050,11,9.005884425166776,79.5554217071292,Isparta,Eğirdir,1.3375860078831424e-4,1.3375770622436889e-5,30,Isparta,E<U+011F>irdir,albopictus,0,0,1,0,0
TUR.39.3_1,2050,12,1.489456959945314,68.90836315172002,Isparta,Eğirdir,1.1001854930600379e-4,1.0646899705868407e-5,31,Isparta,E<U+011F>irdir,albopictus,0,0,1,0,0
TUR.39.3_1,2051,1,3.6216462032102488,73.46030108440438,Isparta,Eğirdir,1.077536219740508e-4,1.0427715499417012e-5,31,Isparta,E<U+011F>irdir,albopictus,0,0,1,0,0
TUR.39.3_1,2051,2,0.3898409206201049,76.29957505330128,Isparta,Eğirdir,8.060297014076141e-5,8.635995224715032e-6,28,Isparta,E<U+011F>irdir,albopictus,0,0,1,0,0
TUR.39.3_1,2051,3,8.488965179332915,68.09939286568344,Isparta,Eğirdir,9.894686687284434e-5,9.575457400767817e-6,31,Isparta,E<U+011F>irdir,albopictus,0,0,1,0,0
TUR.39.3_1,2051,4,12.929926255170038,54.167538215220034,Isparta,Eğirdir,1.3083903252317236e-4,1.3083817658410268e-5,30,Isparta,E<U+011F>irdir,albopictus,0,0,1,5.867780799396801e-4,0
TUR.39.3_1,2051,5,13.987526837517233,68.40913556481743,Isparta,Eğirdir,1.828783714394544e-4,1.769775030646681e-5,31,Isparta,E<U+011F>irdir,albopictus,0,0,1,0.0032511167288302185,0
TUR.39.3_1,2051,6,23.64748601352467,25.174815845422806,Isparta,Eğirdir,2.0569625949393508e-4,2.056941439609883e-5,30,Isparta,E<U+011F>irdir,albopictus,2.8987095612720282e-11,2.8987095612720282e-11,0.9999999999710129,0.0790938006914345,5.995204332975845e-15
TUR.39.3_1,2051,7,27.96770264120663,24.27862092655144,Isparta,Eğirdir,2.4155616572372777e-4,2.337612990854776e-5,31,Isparta,E<U+011F>irdir,albopictus,2.5045626683706246e-10,2.5045626683706246e-10,0.9999999997495437,0.08261258021319746,6.050715484207103e-14
TUR.39.3_1,2051,8,27.22667407989502,30.946458658091025,Isparta,Eğirdir,2.868327203412247e-4,2.7757619944446255e-5,31,Isparta,E<U+011F>irdir,albopictus,2.796075291289224e-8,2.796075291289224e-8,0.9999999720392471,0.09980245335768304,8.020029085287206e-12
TUR.39.3_1,2051,9,22.71213991501752,41.91294709960327,Isparta,Eğirdir,2.2861952918274428e-4,2.286169158582929e-5,30,Isparta,E<U+011F>irdir,albopictus,2.5568315891177916e-9,2.5568315891177916e-9,0.9999999974431684,0.096085284281441,5.845324224651449e-13
TUR.39.3_1,2051,10,12.524826372371,60.89650576443111,Isparta,Eğirdir,2.252950047221566e-4,2.1802504714396598e-5,31,Isparta,E<U+011F>irdir,albopictus,0,0,1,2.916219745294377e-4,0
TUR.39.3_1,2051,11,8.121692435268095,77.58682429501982,Isparta,Eğirdir,1.306822774210866e-4,1.3068142353245271e-5,30,Isparta,E<U+011F>irdir,albopictus,0,0,1,0,0
TUR.39.3_1,2051,12,2.172442656886928,78.30083446519659,Isparta,Eğirdir,1.0748822503478793e-4,1.0402032192158295e-5,31,Isparta,E<U+011F>irdir,albopictus,0,0,1,0,0
TUR.39.3_1,2052,1,0.9998546020292185,72.46698443401375,Isparta,Eğirdir,1.0842443023561587e-4,1.0492631748904024e-5,31,Isparta,E<U+011F>irdir,albopictus,0,0,1,0,0
TUR.39.3_1,2052,2,3.160998125724933,80.14173050984425,Isparta,Eğirdir,8.400135341441088e-5,8.689757424629185e-6,29,Isparta,E<U+011F>irdir,albopictus,0,0,1,0,0
TUR.39.3_1,2052,3,4.729532386669341,72.03044602730454,Isparta,Eğirdir,9.95628496541031e-5,9.635068065061425e-6,31,Isparta,E<U+011F>irdir,albopictus,0,0,1,0,0
TUR.39.3_1,2052,4,11.391057351056268,59.0115361705423,Isparta,Eğirdir,1.3165355645604638e-4,1.3165268982651135e-5,30,Isparta,E<U+011F>irdir,albopictus,0,0,1,2.6572468451621087e-6,0
TUR.39.3_1,2052,5,17.38897985570571,56.7213952388897,Isparta,Eğirdir,1.8401686052386487e-4,1.7807924713508783e-5,31,Isparta,E<U+011F>irdir,albopictus,0,0,1,0.02820549409616442,0
TUR.39.3_1,2052,6,20.990257543676037,45.647166919641556,Isparta,Eğirdir,2.0697679881793844e-4,2.069746568633679e-5,30,Isparta,E<U+011F>irdir,albopictus,2.188742742603722e-12,2.188742742603722e-12,0.9999999999978113,0.07498093213994961,4.440892098500626e-16
TUR.39.3_1,2052,7,27.651777043062097,25.043193070106128,Isparta,Eğirdir,2.4305994692969484e-4,2.3521653709557278e-5,31,Isparta,E<U+011F>irdir,albopictus,6.795458413755284e-10,6.795458413755284e-10,0.9999999993204541,0.08492888639031407,1.652011860642233e-13
TUR.39.3_1,2052,8,27.049185752868652,37.708734353891806,Isparta,Eğirdir,2.8861836573269384e-4,2.793041952564579e-5,31,Isparta,E<U+011F>irdir,albopictus,1.3232816442299567e-6,1.3232816442299567e-6,0.9999986767183557,0.11808733521751875,3.819233818092016e-10
TUR.39.3_1,2052,9,20.903754066018497,39.802454393304444,Isparta,Eğirdir,2.3004277478805518e-4,2.3004012882466007e-5,30,Isparta,E<U+011F>irdir,albopictus,1.355363599131465e-13,1.355363599131465e-13,0.9999999999998644,0.06692746304442664,0
TUR.39.3_1,2052,10,18.20962556670694,29.60714953274166,Isparta,Eğirdir,2.2669755386796033e-4,2.193823230844938e-5,31,Isparta,E<U+011F>irdir,albopictus,0,0,1,0.026486679728824795,0
TUR.39.3_1,2052,11,9.855397002223661,76.40332972714873,Isparta,Eğirdir,1.3149582549240168e-4,1.3149496093878277e-5,30,Isparta,E<U+011F>irdir,albopictus,0,0,1,0,0
TUR.39.3_1,2052,12,4.070503932369106,78.31622295396612,Isparta,Eğirdir,1.0815738109704695e-4,1.0466788554763795e-5,31,Isparta,E<U+011F>irdir,albopictus,0,0,1,0,0
TUR.39.3_1,2053,1,5.312126673867597,81.97218768108407,Isparta,Eğirdir,1.2152041699803296e-4,1.1759971205616004e-5,31,Isparta,E<U+011F>irdir,albopictus,0,0,1,0,0
TUR.39.3_1,2053,2,5.60231759136214,70.86478348835988,Isparta,Eğirdir,9.09009494376359e-5,9.739340012027142e-6,28,Isparta,E<U+011F>irdir,albopictus,0,0,1,0,0
TUR.39.3_1,2053,3,5.676603462108794,72.06689927437485,Isparta,Eğirdir,1.1158849514991272e-4,1.0798828319669163e-5,31,Isparta,E<U+011F>irdir,albopictus,0,0,1,0,0
TUR.39.3_1,2053,4,11.280778267804315,60.22094779163605,Isparta,Eğirdir,1.4755526079359118e-4,1.4755417217071631e-5,30,Isparta,E<U+011F>irdir,albopictus,0,0,1,1.2201066245549816e-6,0
TUR.39.3_1,2053,5,15.297648373772116,54.737973913206105,Isparta,Eğirdir,2.0624323851123544e-4,1.995882390171122e-5,31,Isparta,E<U+011F>irdir,albopictus,0,0,1,0.008490763821688818,0
TUR.39.3_1,2053,6,24.841488165013928,30.039745044641556,Isparta,Eğirdir,2.3197638066085787e-4,2.3197369002914137e-5,30,Isparta,E<U+011F>irdir,albopictus,3.870713462028607e-9,3.870713462028607e-9,0.9999999961292866,0.0946727618259048,8.979483823168266e-13
TUR.39.3_1,2053,7,26.623670353608972,34.878985611610034,Isparta,Eğirdir,2.724178125006543e-4,2.636266661171227e-5,31,Isparta,E<U+011F>irdir,albopictus,2.8034054160758217e-7,2.8034054160758217e-7,0.9999997196594584,0.11114355778544496,7.636979937331034e-11
TUR.39.3_1,2053,8,27.26712703704834,36.06820090662618,Isparta,Eğirdir,3.2347898052967366e-4,3.130392749239874e-5,31,Isparta,E<U+011F>irdir,albopictus,4.973146228904878e-7,4.973146228904878e-7,0.9999995026853771,0.11313311549136897,1.6087087217897533e-10
TUR.39.3_1,2053,9,21.758663962869083,48.92830125609741,Isparta,Eğirdir,2.5782836819045847e-4,2.5782504444515908e-5,30,Isparta,E<U+011F>irdir,albopictus,6.00637565295603e-10,6.00637565295603e-10,0.9999999993993625,0.09195126710353503,1.5487611193520934e-13
TUR.39.3_1,2053,10,14.71584256957559,49.672312191433065,Isparta,Eğirdir,2.5407909655235e-4,2.4587997376590565e-5,31,Isparta,E<U+011F>irdir,albopictus,0,0,1,0.004973367703989058,0
TUR.39.3_1,2053,11,11.679019705775907,73.34185969541045,Isparta,Eğirdir,1.4737847837994184e-4,1.4737739236436731e-5,30,Isparta,E<U+011F>irdir,albopictus,0,0,1,2.4718465487285957e-5,0
TUR.39.3_1,2053,12,5.848120433223598,77.34502391832159,Isparta,Eğirdir,1.2122111247222322e-4,1.1731006591686466e-5,31,Isparta,E<U+011F>irdir,albopictus,0,0,1,0,0
TUR.39.3_1,2054,1,4.917211569955244,76.2362333964161,Isparta,Eğirdir,1.1193903484174933e-4,1.083275114877047e-5,31,Isparta,E<U+011F>irdir,albopictus,0,0,1,0,0
TUR.39.3_1,2054,2,3.6470062929917786,75.26832505330128,Isparta,Eğirdir,8.373378562725248e-5,8.971436787907905e-6,28,Isparta,E<U+011F>irdir,albopictus,0,0,1,0,0
TUR.39.3_1,2054,3,6.886836673626128,71.54798600533188,Isparta,Eğirdir,1.027902039434793e-4,9.9473896156832e-6,31,Isparta,E<U+011F>irdir,albopictus,0,0,1,0,0
TUR.39.3_1,2054,4,8.761751988354852,69.4858022227884,Isparta,Eğirdir,1.35921138908901e-4,1.3592021518515907e-5,30,Isparta,E<U+011F>irdir,albopictus,0,0,1,0,0
TUR.39.3_1,2054,5,16.461691800285788,52.02798245812798,Isparta,Eğirdir,1.899818123727974e-4,1.8385167671941538e-5,31,Isparta,E<U+011F>irdir,albopictus,0,0,1,0.016686180132152256,0
TUR.39.3_1,2054,6,21.868763250463147,50.23798341744429,Isparta,Eğirdir,2.1368600272067044e-4,2.136837196520247e-5,30,Isparta,E<U+011F>irdir,albopictus,2.0290999709904334e-9,2.0290999709904334e-9,0.9999999979709,0.09619675952084329,4.3354209111612363e-13
TUR.39.3_1,2054,7,27.25553299398983,36.20938035648308,Isparta,Eğirdir,2.5093879496412104e-4,2.428410464905273e-5,31,Isparta,E<U+011F>irdir,albopictus,5.395492637015331e-7,5.395492637015331e-7,0.9999994604507363,0.11353141517197299,1.3539380727678463e-10
TUR.39.3_1,2054,8,24.82639789581299,50.261514505258994,Isparta,Eğirdir,2.9797400113160263e-4,2.883577789880576e-5,31,Isparta,E<U+011F>irdir,albopictus,5.6938716391676195e-5,5.6938716391676195e-5,0.9999430612836083,0.14113672006262645,1.6966256954908943e-8
TUR.39.3_1,2054,9,19.67825968125287,50.65691224852905,Isparta,Eğirdir,2.3749966798196785e-4,2.3749684769924784e-5,30,Isparta,E<U+011F>irdir,albopictus,2.4145685451060217e-15,2.4145685451060217e-15,0.9999999999999976,0.05823584697930588,0
TUR.39.3_1,2054,10,14.214541757808012,67.51575320095455,Isparta,Eğirdir,2.340460109019711e-4,2.264935745766028e-5,31,Isparta,E<U+011F>irdir,albopictus,0,0,1,0.004101010566374475,0
TUR.39.3_1,2054,11,8.512112395290067,74.37486445615264,Isparta,Eğirdir,1.357582950572277e-4,1.3575737354609707e-5,30,Isparta,E<U+011F>irdir,albopictus,0,0,1,0,0
TUR.39.3_1,2054,12,4.392464620006435,77.36225109117315,Isparta,Eğirdir,1.1166332923959153e-4,1.0806070250057864e-5,31,Isparta,E<U+011F>irdir,albopictus,0,0,1,0,0
TUR.39.3_1,2055,1,6.021202363183393,81.24036852825203,Isparta,Eğirdir,1.1823106315966994e-4,1.144165033351019e-5,31,Isparta,E<U+011F>irdir,albopictus,0,0,1,0,0
TUR.39.3_1,2055,2,3.389295836143634,65.90985032185597,Isparta,Eğirdir,8.84404132221589e-5,9.47571366460842e-6,28,Isparta,E<U+011F>irdir,albopictus,0,0,1,0,0
TUR.39.3_1,2055,3,6.979554798015776,62.28451249458969,Isparta,Eğirdir,1.0856798177523875e-4,1.050652368761451e-5,31,Isparta,E<U+011F>irdir,albopictus,0,0,1,0,0
TUR.39.3_1,2055,4,10.392780640546015,54.03630118519074,Isparta,Eğirdir,1.435611874069774e-4,1.4356015692107427e-5,30,Isparta,E<U+011F>irdir,albopictus,0,0,1,0,0
TUR.39.3_1,2055,5,16.627657834221335,51.18876431847954,Isparta,Eğirdir,2.0066058001653715e-4,1.9418577265062353e-5,31,Isparta,E<U+011F>irdir,albopictus,0,0,1,0.018182500948324697,0
TUR.39.3_1,2055,6,22.11776189243092,36.026309680872025,Isparta,Eğirdir,2.2569716917536156e-4,2.2569462223342995e-5,30,Isparta,E<U+011F>irdir,albopictus,1.5330093028342874e-11,1.5330093028342874e-11,0.9999999999846699,0.07911589328669795,3.4416913763379853e-15
TUR.39.3_1,2055,7,30.004407658296472,21.72499200504265,Isparta,Eğirdir,2.650439192955151e-4,2.5649082601386652e-5,31,Isparta,E<U+011F>irdir,albopictus,2.582393188177434e-13,2.582393188177434e-13,0.9999999999997418,0.05952653301522837,1.1102230246251565e-16
TUR.39.3_1,2055,8,28.424180030822754,32.032993158213095,Isparta,Eğirdir,3.147229471607933e-4,3.0456595591088487e-5,31,Isparta,E<U+011F>irdir,albopictus,1.685694740527488e-8,1.685694740527488e-8,0.9999999831430526,0.09672599217291812,5.305311745473773e-12
TUR.39.3_1,2055,9,22.341612647561465,47.8193382434021,Isparta,Eğirdir,2.5084938676909064e-4,2.5084624052484905e-5,30,Isparta,E<U+011F>irdir,albopictus,6.352349169624905e-9,6.352349169624905e-9,0.9999999936476508,0.09995646823960874,1.5935031072444872e-12
TUR.39.3_1,2055,10,18.107870424495026,45.31819765896236,Isparta,Eğirdir,2.472016016248449e-4,2.392244949478428e-5,31,Isparta,E<U+011F>irdir,albopictus,0,0,1,0.03230335457547974,0
TUR.39.3_1,2055,11,9.334829108241728,68.58607661435576,Isparta,Eğirdir,1.433891901967141e-4,1.4338816217818184e-5,30,Isparta,E<U+011F>irdir,albopictus,0,0,1,0,0
TUR.39.3_1,2055,12,3.4374102176550556,77.94401531236456,Isparta,Eğirdir,1.1793986030529235e-4,1.1413469734100623e-5,31,Isparta,E<U+011F>irdir,albopictus,0,0,1,0,0
TUR.39.3_1,2056,1,4.753589190652265,79.44871966350594,Isparta,Eğirdir,1.1870678201341083e-4,1.1487687114120071e-5,31,Isparta,E<U+011F>irdir,albopictus,0,0,1,0,0
TUR.39.3_1,2056,2,4.047527809791705,77.57460709675831,Isparta,Eğirdir,9.196756051128827e-5,9.513840313224442e-6,29,Isparta,E<U+011F>irdir,albopictus,0,0,1,0,0
TUR.39.3_1,2056,3,8.227461006054106,68.92129227974594,Isparta,Eğirdir,1.0900481989935615e-4,1.0548797899634366e-5,31,Isparta,E<U+011F>irdir,albopictus,0,0,1,0,0
TUR.39.3_1,2056,4,9.662389138165643,56.37938361316925,Isparta,Eğirdir,1.441388254801688e-4,1.4413778668509458e-5,30,Isparta,E<U+011F>irdir,albopictus,0,0,1,0,0
TUR.39.3_1,2056,5,16.487802449394675,60.41123364831353,Isparta,Eğirdir,2.014679653056936e-4,1.949670980494478e-5,31,Isparta,E<U+011F>irdir,albopictus,0,0,1,0.019167077140453227,0
TUR.39.3_1,2056,6,22.344402593724865,47.89910097115523,Isparta,Eğirdir,2.2660529260539163e-4,2.2660272512631252e-5,30,Isparta,E<U+011F>irdir,albopictus,6.413083358913774e-9,6.413083358913774e-9,0.9999999935869166,0.10019034439439235,1.45328193923433e-12
TUR.39.3_1,2056,7,28.254220738130456,29.909388748817065,Isparta,Eğirdir,2.6611035975632674e-4,2.57522838645885e-5,31,Isparta,E<U+011F>irdir,albopictus,6.1305840973191475e-09,6.1305840973191475e-09,0.9999999938694158,0.09282240343471919,1.631361712384205e-12
TUR.39.3_1,2056,8,28.916131019592285,30.976440271250205,Isparta,Eğirdir,3.1598927798509694e-4,3.057913999549022e-5,31,Isparta,E<U+011F>irdir,albopictus,3.1633493134952673e-9,3.1633493134952673e-9,0.9999999968366506,0.08992257779393496,9.995337890700284e-13
TUR.39.3_1,2056,9,22.472912620095645,51.76535646239624,Isparta,Eğirdir,2.518587135868173e-4,2.51855541972823e-5,30,Isparta,E<U+011F>irdir,albopictus,6.739192573262943e-8,6.739192573262943e-8,0.9999999326080743,0.10958801950148024,1.6973200622771856e-11
TUR.39.3_1,2056,10,16.867774332270905,40.461286953395955,Isparta,Eğirdir,2.4819625108011585e-4,2.401870358637037e-5,31,Isparta,E<U+011F>irdir,albopictus,0,0,1,0.017517201150504494,0
TUR.39.3_1,2056,11,8.37561871242874,74.22677027890654,Isparta,Eğirdir,1.4396613621560502e-4,1.4396509990799444e-5,30,Isparta,E<U+011F>irdir,albopictus,0,0,1,0,0
TUR.39.3_1,2056,12,4.0771651090506245,78.55397777574346,Isparta,Eğirdir,1.1841440746451917e-4,1.1459393127521977e-5,31,Isparta,E<U+011F>irdir,albopictus,0,0,1,0,0
TUR.39.3_1,2057,1,4.3519053832792185,75.35026232708016,Isparta,Eğirdir,1.2244953128648535e-4,1.184988443014845e-5,31,Isparta,E<U+011F>irdir,albopictus,0,0,1,0,0
TUR.39.3_1,2057,2,5.357854624443195,74.2347099409966,Isparta,Eğirdir,9.159595504280728e-5,9.81380417031108e-6,28,Isparta,E<U+011F>irdir,albopictus,0,0,1,0,0
TUR.39.3_1,2057,3,8.425830032238188,71.73180863716782,Isparta,Eğirdir,1.1244167248284075e-4,1.088139297300561e-5,31,Isparta,E<U+011F>irdir,albopictus,0,0,1,0,0
TUR.39.3_1,2057,4,10.116681435528925,63.97517447620636,Isparta,Eğirdir,1.4868343089476736e-4,1.4868232556253247e-5,30,Isparta,E<U+011F>irdir,albopictus,0,0,1,0,0
TUR.39.3_1,2057,5,18.100674573112936,39.341096624387745,Isparta,Eğirdir,2.0782012200564102e-4,2.0111422472823826e-5,31,Isparta,E<U+011F>irdir,albopictus,0,0,1,0.02934647405769157,0
TUR.39.3_1,2057,6,25.15578107272877,27.417579364709916,Isparta,Eğirdir,2.337500132337198e-4,2.3374728130187705e-5,30,Isparta,E<U+011F>irdir,albopictus,1.8128334031142224e-9,1.8128334031142224e-9,0.9999999981871666,0.09152445528006187,4.2377212849942225e-13
TUR.39.3_1,2057,7,28.778974308687097,28.105590073279956,Isparta,Eğirdir,2.7450065000463855e-4,2.6564226197400842e-5,31,Isparta,E<U+011F>irdir,albopictus,7.058170917173534e-10,7.058170917173534e-10,0.9999999992941829,0.08447679778371531,1.9373391779708982e-13
TUR.39.3_1,2057,8,28.46085262298584,29.557563623300986,Isparta,Eğirdir,3.259522187743136e-4,3.154326560794729e-5,31,Isparta,E<U+011F>irdir,albopictus,3.724596620069409e-9,3.724596620069409e-9,0.9999999962754034,0.09104674438139186,1.2140288774276087e-12
TUR.39.3_1,2057,9,24.325697730569278,36.93399659911499,Isparta,Eğirdir,2.597996585034106e-4,2.5979628373917762e-5,30,Isparta,E<U+011F>irdir,albopictus,3.906995345204223e-8,3.906995345204223e-8,0.9999999609300465,0.10518305958152822,1.0150325024937956e-11
TUR.39.3_1,2057,10,14.887402857051176,54.5576843532983,Isparta,Eğirdir,2.5602172088524445e-4,2.477598863970254e-5,31,Isparta,E<U+011F>irdir,albopictus,0,0,1,0.006123392971749664,0
TUR.39.3_1,2057,11,10.284175650600126,82.3894060821292,Isparta,Eğirdir,1.4850529684761867e-4,1.485041941617915e-5,30,Isparta,E<U+011F>irdir,albopictus,0,0,1,0,0
TUR.39.3_1,2057,12,4.7954010785940815,76.44562511461065,Isparta,Eğirdir,1.2214793835418065e-4,1.1820698362807747e-5,31,Isparta,E<U+011F>irdir,albopictus,0,0,1,0,0
TUR.39.3_1,2058,1,3.1828046218656443,80.58843676555672,Isparta,Eğirdir,1.1604145587668586e-4,1.1229755256469964e-5,31,Isparta,E<U+011F>irdir,albopictus,0,0,1,0,0
TUR.39.3_1,2058,2,4.245948334388873,74.81202622517628,Isparta,Eğirdir,8.68025207112894e-5,9.300226828878877e-6,28,Isparta,E<U+011F>irdir,albopictus,0,0,1,0,0
TUR.39.3_1,2058,3,8.107092525371733,72.20995042183579,Isparta,Eğirdir,1.0655733214356871e-4,1.0311946716412557e-5,31,Isparta,E<U+011F>irdir,albopictus,0,0,1,0,0
TUR.39.3_1,2058,4,11.283905365887811,61.203644324839175,Isparta,Eğirdir,1.409024730801372e-4,1.4090148040990513e-5,30,Isparta,E<U+011F>irdir,albopictus,0,0,1,1.2004333543732697e-6,0
TUR.39.3_1,2058,5,16.633499089409323,67.39465497399712,Isparta,Eğirdir,1.9694440039613856e-4,1.905895389808787e-5,31,Isparta,E<U+011F>irdir,albopictus,0,0,1,0.02271655841282581,0
TUR.39.3_1,2058,6,22.58815411960377,41.800296497278275,Isparta,Eğirdir,2.215173187014817e-4,2.2151486522292707e-5,30,Isparta,E<U+011F>irdir,albopictus,1.3595323820059235e-9,1.3595323820059235e-9,0.9999999986404676,0.0937668614065036,3.0120350658080497e-13
TUR.39.3_1,2058,7,28.932809605317956,21.245721069984057,Isparta,Eğirdir,2.6013537766110247e-4,2.5174074514189293e-5,31,Isparta,E<U+011F>irdir,albopictus,7.452553296705134e-12,7.452553296705134e-12,0.9999999999925474,0.06954909501446917,1.887379141862766e-15
TUR.39.3_1,2058,8,27.883652687072754,33.68064673792501,Isparta,Eğirdir,3.088943633790942e-4,2.9892556116295488e-5,31,Isparta,E<U+011F>irdir,albopictus,8.198411812671002e-8,8.198411812671002e-8,0.9999999180158818,0.1044164556656755,2.5324409236304746e-11
TUR.39.3_1,2058,9,21.48767931321088,34.10552446166382,Isparta,Eğirdir,2.462037240344172e-4,2.4620069324576832e-5,30,Isparta,E<U+011F>irdir,albopictus,3.2675795402781205e-13,3.2675795402781205e-13,0.9999999999996733,0.06829253320743474,1.1102230246251565e-16
TUR.39.3_1,2058,10,14.32099565337686,64.75832980007564,Isparta,Eğirdir,2.4262349488353855e-4,2.3479417407434866e-5,31,Isparta,E<U+011F>irdir,albopictus,0,0,1,0.004402521201826643,0
TUR.39.3_1,2058,11,8.50593926143997,76.37327754209014,Isparta,Eğirdir,1.4073366121164602e-4,1.407326709179646e-5,30,Isparta,E<U+011F>irdir,albopictus,0,0,1,0,0
TUR.39.3_1,2058,12,3.8779516042593647,75.1540601732044,Isparta,Eğirdir,1.1575564602033878e-4,1.1202096548368345e-5,31,Isparta,E<U+011F>irdir,albopictus,0,0,1,0,0
TUR.39.3_1,2059,1,3.9072815553449534,76.58575121868172,Isparta,Eğirdir,1.1651792686952333e-4,1.1275864833737437e-5,31,Isparta,E<U+011F>irdir,albopictus,0,0,1,0,0
TUR.39.3_1,2059,2,4.87758614604964,71.93486710652394,Isparta,Eğirdir,8.715893543318029e-5,9.338413764603537e-6,28,Isparta,E<U+011F>irdir,albopictus,0,0,1,0,0
TUR.39.3_1,2059,3,5.840561057933989,70.96043107369125,Isparta,Eğirdir,1.0699486093409435e-4,1.035428777473868e-5,31,Isparta,E<U+011F>irdir,albopictus,0,0,1,0,0
TUR.39.3_1,2059,4,10.735882142010858,57.46023993641144,Isparta,Eğirdir,1.4148102443262188e-4,1.4148002359326561e-5,30,Isparta,E<U+011F>irdir,albopictus,0,0,1,6.61917726956828e-11,0
TUR.39.3_1,2059,5,16.014960232902975,64.43468640710259,Isparta,Eğirdir,1.9775306220826068e-4,1.913720999824342e-5,31,Isparta,E<U+011F>irdir,albopictus,0,0,1,0.015455439455496512,0
TUR.39.3_1,2059,6,22.25960187351002,41.1471173285771,Isparta,Eğirdir,2.2242687792732037e-4,2.2242440426034626e-5,30,Isparta,E<U+011F>irdir,albopictus,2.8376742816638157e-10,2.8376742816638157e-10,0.9999999997162325,0.08854012936446058,6.317169010117141e-14
TUR.39.3_1,2059,7,26.822448506074792,37.24629136722527,Isparta,Eğirdir,2.612035042261298e-4,2.5277438993609458e-5,31,Isparta,E<U+011F>irdir,albopictus,9.511489770787085e-7,9.511489770787085e-7,0.999999048851023,0.11679037954836316,2.484434880045683e-10
TUR.39.3_1,2059,8,27.640780448913574,35.42667945276876,Isparta,Eğirdir,3.1016269634587067e-4,3.0015294339658105e-5,31,Isparta,E<U+011F>irdir,albopictus,2.886481071070479e-7,2.886481071070479e-7,0.9999997113518929,0.10958206271583396,8.952782959426031e-11
TUR.39.3_1,2059,9,20.058804343728458,51.216741960443116,Isparta,Eğirdir,2.4721464665637764e-4,2.4721159092799816e-5,30,Isparta,E<U+011F>irdir,albopictus,5.088884869053345e-14,5.088884869053345e-14,0.9999999999999492,0.06522736528525393,0
TUR.39.3_1,2059,10,15.412556970820708,54.36888735622799,Isparta,Eğirdir,2.436197169372821e-4,2.357582372503053e-5,31,Isparta,E<U+011F>irdir,albopictus,0,0,1,0.009156458252586255,0
TUR.39.3_1,2059,11,9.451589362147978,81.10999476621123,Isparta,Eğirdir,1.4131151941565223e-4,1.4131052097354768e-5,30,Isparta,E<U+011F>irdir,albopictus,0,0,1,0,0
TUR.39.3_1,2059,12,5.6699316324118305,78.52609996812627,Isparta,Eğirdir,1.1623094346614529e-4,1.124809255903525e-5,31,Isparta,E<U+011F>irdir,albopictus,0,0,1,0,0
TUR.39.3_1,2060,1,2.3506849185727976,74.9775664042286,Isparta,Eğirdir,1.1666621206963942e-4,1.1290214852466285e-5,31,Isparta,E<U+011F>irdir,albopictus,0,0,1,0,0
TUR.39.3_1,2060,2,6.091326971702716,70.86145707234425,Isparta,Eğirdir,9.038663786644637e-5,9.350298133981028e-6,29,Isparta,E<U+011F>irdir,albopictus,0,0,1,0,0
TUR.39.3_1,2060,3,5.412947799572173,73.82927415230454,Isparta,Eğirdir,1.0713102671382686e-4,1.0367464971738904e-5,31,Isparta,E<U+011F>irdir,albopictus,0,0,1,0,0
TUR.39.3_1,2060,4,9.428148129407099,68.88761954456574,Isparta,Eğirdir,1.416610786318707e-4,1.4166007524352153e-5,30,Isparta,E<U+011F>irdir,albopictus,0,0,1,0,0
TUR.39.3_1,2060,5,14.904698315788718,64.95482800866509,Isparta,Eğirdir,1.9800473036946952e-4,1.9161564515202123e-5,31,Isparta,E<U+011F>irdir,albopictus,0,0,1,0.007242646410556742,0
TUR.39.3_1,2060,6,19.959079069249768,57.00987215035445,Isparta,Eğirdir,2.227099469364488e-4,2.227074669691742e-5,30,Isparta,E<U+011F>irdir,albopictus,2.3256624404055516e-13,2.3256624404055516e-13,0.9999999999997674,0.06925616464740131,0
TUR.39.3_1,2060,7,27.091684117036706,37.755362717322924,Isparta,Eğirdir,2.615359218629332e-4,2.5309607628698494e-5,31,Isparta,E<U+011F>irdir,albopictus,1.1746558878977797e-6,1.1746558878977797e-6,0.9999988253441121,0.11822586661452503,3.072146981253354e-10
TUR.39.3_1,2060,8,28.03842258453369,31.114902337900595,Isparta,Eğirdir,3.1055742133568015e-4,3.0053492384940483e-5,31,Isparta,E<U+011F>irdir,albopictus,1.555257202207061e-8,1.555257202207061e-8,0.999999984447428,0.09654104287378133,4.829914246329281e-12
TUR.39.3_1,2060,9,22.896921943215762,33.58697740355835,Isparta,Eğirdir,2.475292615344137e-4,2.4752619802281828e-5,30,Isparta,E<U+011F>irdir,albopictus,1.2814482946987837e-10,1.2814482946987837e-10,0.9999999998718552,0.08511585153279148,3.175237850427948e-14
TUR.39.3_1,2060,10,19.26092466186075,50.52638094753658,Isparta,Eğirdir,2.4392975676933924e-4,2.3605826871886393e-5,31,Isparta,E<U+011F>irdir,albopictus,7.099876242477876e-17,7.099876242477876e-17,0.9999999999999999,0.05141622632023196,0
TUR.39.3_1,2060,11,9.68858553600662,63.09932887265654,Isparta,Eğirdir,1.4149135789628983e-4,1.4149035691080059e-5,30,Isparta,E<U+011F>irdir,albopictus,0,0,1,0,0
TUR.39.3_1,2060,12,5.997928840053432,83.56831340806768,Isparta,Eğirdir,1.1637886344013228e-4,1.1262407234147176e-5,31,Isparta,E<U+011F>irdir,albopictus,0,0,1,0,0
TUR.39.3_1,2061,1,2.9415803925298594,82.60497729290047,Isparta,Eğirdir,1.1912299244612538e-4,1.1527965079527469e-5,31,Isparta,E<U+011F>irdir,albopictus,0,0,1,0,0
TUR.39.3_1,2061,2,4.193315525703571,76.86922379597706,Isparta,Eğirdir,8.910760332052189e-5,9.547197638126725e-6,28,Isparta,E<U+011F>irdir,albopictus,0,0,1,0,0
TUR.39.3_1,2061,3,6.695970680126372,73.70896622994125,Isparta,Eğirdir,1.0938701325418196e-4,1.0585783962513418e-5,31,Isparta,E<U+011F>irdir,albopictus,0,0,1,0,0
TUR.39.3_1,2061,4,10.991036751691034,65.24076895862824,Isparta,Eğirdir,1.4464420589657408e-4,1.4464315980400322e-5,30,Isparta,E<U+011F>irdir,albopictus,0,0,1,4.5255065681453744e-8,0
TUR.39.3_1,2061,5,16.590675297905417,54.259824499143605,Isparta,Eğirdir,2.0217435349679567e-4,1.9565068617333203e-5,31,Isparta,E<U+011F>irdir,albopictus,0,0,1,0.018581228884741827,0
TUR.39.3_1,2061,6,21.843385976903576,54.106544208459916,Isparta,Eğirdir,2.273998174445878e-4,2.2739723192999328e-5,30,Isparta,E<U+011F>irdir,albopictus,7.960404102225205e-9,7.960404102225205e-9,0.9999999920395959,0.10196265424969475,1.8102186416513177e-12
TUR.39.3_1,2061,7,26.629703297334558,36.747531143836596,Isparta,Eğirdir,2.6704339749945665e-4,2.5842575510304222e-5,31,Isparta,E<U+011F>irdir,albopictus,6.996568335579378e-7,6.996568335579378e-7,0.9999993003431664,0.11491659324435821,1.8683876668035282e-10
TUR.39.3_1,2061,8,29.303723335266113,30.495403131357627,Isparta,Eğirdir,3.1709720149117326e-4,3.0686355114939445e-5,31,Isparta,E<U+011F>irdir,albopictus,1.0149667573067234e-9,1.0149667573067234e-9,0.9999999989850332,0.08564155659233762,3.218536548388329e-13
TUR.39.3_1,2061,9,23.86482317307416,45.19587175170288,Isparta,Eğirdir,2.5274178212247227e-4,2.5273858822894013e-5,30,Isparta,E<U+011F>irdir,albopictus,5.602893629806372e-7,5.602893629806372e-7,0.999999439710637,0.11761708960690072,1.4160850270172887e-10
TUR.39.3_1,2061,10,15.432786310420317,70.79983370632564,Isparta,Eğirdir,2.490664782677126e-4,2.4102917094315224e-5,31,Isparta,E<U+011F>irdir,albopictus,0,0,1,0.011660246041914183,0
TUR.39.3_1,2061,11,10.27538277340286,62.34255397031279,Isparta,Eğirdir,1.4447091114787273e-4,1.4446986756122548e-5,30,Isparta,E<U+011F>irdir,albopictus,0,0,1,0,0
TUR.39.3_1,2061,12,1.4277721894357134,82.27827434556768,Isparta,Eğirdir,1.1882959277183277e-4,1.1499571889617144e-5,31,Isparta,E<U+011F>irdir,albopictus,0,0,1,0,0
TUR.39.3_1,2062,1,3.659740008523359,78.36122576702157,Isparta,Eğirdir,1.2830441961439112e-4,1.2416479651777834e-5,31,Isparta,E<U+011F>irdir,albopictus,0,0,1,0,0
TUR.39.3_1,2062,2,5.992887278251788,72.30144425496144,Isparta,Eğirdir,9.597558869619233e-5,1.0283045917991451e-5,28,Isparta,E<U+011F>irdir,albopictus,0,0,1,0,0
TUR.39.3_1,2062,3,7.853196765789214,67.22377488472641,Isparta,Eğirdir,1.1781803798521037e-4,1.1401680611866638e-5,31,Isparta,E<U+011F>irdir,albopictus,0,0,1,0,0
TUR.39.3_1,2062,4,15.19832930845373,57.8086553111673,Isparta,Eğirdir,1.5579268541744955e-4,1.557914718552933e-5,30,Isparta,E<U+011F>irdir,albopictus,0,0,1,0.008236441031882894,0
TUR.39.3_1,2062,5,19.000893536735983,49.126008733762745,Isparta,Eğirdir,2.1775698002258207e-4,2.1073034091712017e-5,31,Isparta,E<U+011F>irdir,albopictus,1.1102230246251566e-18,1.1102230246251566e-18,1,0.046578241742123154,0
TUR.39.3_1,2062,6,27.319729131810803,18.100536060266556,Isparta,Eğirdir,2.449267013741421e-4,2.4492370194417745e-5,30,Isparta,E<U+011F>irdir,albopictus,1.6191864349313078e-11,1.6191864349313078e-11,0.9999999999838082,0.07276269516416665,3.9968028886505635e-15
TUR.39.3_1,2062,7,28.171525730806238,27.20776673953972,Isparta,Eğirdir,2.876258178581156e-4,2.7834369183632468e-5,31,Isparta,E<U+011F>irdir,albopictus,1.359561715208457e-9,1.359561715208457e-9,0.9999999986404383,0.08760033151937972,3.9102054927298013e-13
TUR.39.3_1,2062,8,27.90920352935791,36.09892066370626,Isparta,Eğirdir,3.415375282573835e-4,3.305147265164621e-5,31,Isparta,E<U+011F>irdir,albopictus,3.385702619728148e-7,3.385702619728148e-7,0.9999996614297381,0.11068806535274266,1.1563450197371594e-10
TUR.39.3_1,2062,9,24.052635978249942,39.47792283812866,Isparta,Eğirdir,2.7222190277159593e-4,2.722181975667315e-5,30,Isparta,E<U+011F>irdir,albopictus,6.263444928283901e-8,6.263444928283901e-8,0.9999999373655507,0.10757833068934583,1.7050472145285767e-11
TUR.39.3_1,2062,10,17.39813646148233,44.38913195461666,Isparta,Eğirdir,2.682633241772516e-4,2.5960629872923136e-5,31,Isparta,E<U+011F>irdir,albopictus,0,0,1,0.023811638321366502,0
TUR.39.3_1,2062,11,8.431802050594023,63.286836502051074,Isparta,Eğirdir,1.55606033943223e-4,1.5560482328758063e-5,30,Isparta,E<U+011F>irdir,albopictus,0,0,1,0,0
TUR.39.3_1,2062,12,3.1781215490225483,61.97601299302862,Isparta,Eğirdir,1.2798840610472222e-4,1.2385898078504098e-5,31,Isparta,E<U+011F>irdir,albopictus,0,0,1,0,0
TUR.39.3_1,2063,1,5.181465424706831,80.70415179241219,Isparta,Eğirdir,1.2122296272471467e-4,1.1731185646346454e-5,31,Isparta,E<U+011F>irdir,albopictus,0,0,1,0,0
TUR.39.3_1,2063,2,5.563682814293048,75.39668198689503,Isparta,Eğirdir,9.067844463945578e-5,9.715500444151814e-6,28,Isparta,E<U+011F>irdir,albopictus,0,0,1,0,0
TUR.39.3_1,2063,3,7.1183325308648975,80.75449845650375,Isparta,Eğirdir,1.11315351956732e-4,1.0772395392488754e-5,31,Isparta,E<U+011F>irdir,albopictus,0,0,1,0,0
TUR.39.3_1,2063,4,10.859610894147089,62.92321829944855,Isparta,Eğirdir,1.4719407915878525e-4,1.4719299585963519e-5,30,Isparta,E<U+011F>irdir,albopictus,0,0,1,2.620327469984915e-9,0
TUR.39.3_1,2063,5,14.29324239843032,73.06028149987603,Isparta,Eğirdir,2.0573840208824027e-4,1.9909969737996747e-5,31,Isparta,E<U+011F>irdir,albopictus,0,0,1,0.004737681632167041,0
TUR.39.3_1,2063,6,21.554207128636975,47.38301439278609,Isparta,Eğirdir,2.3140855537321427e-4,2.3140587789738376e-5,30,Isparta,E<U+011F>irdir,albopictus,1.2259935611158567e-10,1.2259935611158567e-10,0.9999999998774006,0.08653942641703621,2.842170943040401e-14
TUR.39.3_1,2063,7,27.504951252656824,33.826800553016284,Isparta,Eğirdir,2.7175099580879216e-4,2.6298137663305354e-5,31,Isparta,E<U+011F>irdir,albopictus,1.2707095265823698e-7,1.2707095265823698e-7,0.9999998729290474,0.10662511076074815,3.4531710824126094e-11
TUR.39.3_1,2063,8,28.21187114715576,33.13236602198263,Isparta,Eğirdir,3.2268717774077484e-4,3.12273038118871e-5,31,Isparta,E<U+011F>irdir,albopictus,3.814838371307694e-8,3.814838371307694e-8,0.9999999618516163,0.10085110510103347,1.2310041874741273e-11
TUR.39.3_1,2063,9,24.641194175271426,30.73188249389038,Isparta,Eğirdir,2.5719726313177383e-4,2.5719395563839065e-5,30,Isparta,E<U+011F>irdir,albopictus,4.091876040002163e-9,4.091876040002163e-9,0.9999999959081239,0.09526558229949851,1.0523804050421859e-12
TUR.39.3_1,2063,10,19.834348047480866,31.601126125759237,Isparta,Eğirdir,2.534571688557756e-4,2.452781230333212e-5,31,Isparta,E<U+011F>irdir,albopictus,1.6653345369377347e-18,1.6653345369377347e-18,1,0.045535122585927124,0
TUR.39.3_1,2063,11,8.207893626216581,70.5242708892581,Isparta,Eğirdir,1.470177294681769e-4,1.4701664876271003e-5,30,Isparta,E<U+011F>irdir,albopictus,0,0,1,0,0
TUR.39.3_1,2063,12,3.1160481990698505,78.20650463121221,Isparta,Eğirdir,1.2092439082814063e-4,1.170229193037109e-5,31,Isparta,E<U+011F>irdir,albopictus,0,0,1,0,0
TUR.39.3_1,2064,1,1.3497733847402476,82.4972197245411,Isparta,Eğirdir,1.2652326136465398e-4,1.2244111623926912e-5,31,Isparta,E<U+011F>irdir,albopictus,0,0,1,0,0
TUR.39.3_1,2064,2,2.793955226593158,76.03821488484425,Isparta,Eğirdir,9.802334372373756e-5,1.014029448931364e-5,29,Isparta,E<U+011F>irdir,albopictus,0,0,1,0,0
TUR.39.3_1,2064,3,7.828929092296782,65.60155198433579,Isparta,Eğirdir,1.161824546517921e-4,1.124340014591052e-5,31,Isparta,E<U+011F>irdir,albopictus,0,0,1,0,0
TUR.39.3_1,2064,4,15.920030930463007,41.24046378284699,Isparta,Eğirdir,1.5362992728554754e-4,1.5362874718372055e-5,30,Isparta,E<U+011F>irdir,albopictus,0,0,1,0.01043642181643222,0
TUR.39.3_1,2064,5,17.35383695714614,53.48408673669243,Isparta,Eğirdir,2.1473401602359628e-4,2.078049531062387e-5,31,Isparta,E<U+011F>irdir,albopictus,0,0,1,0.02659659968784347,0
TUR.39.3_1,2064,6,23.577453893773693,36.08201570504195,Isparta,Eğirdir,2.415265596171817e-4,2.4152364288654304e-5,30,Isparta,E<U+011F>irdir,albopictus,3.6929432782328854e-9,3.6929432782328854e-9,0.9999999963070567,0.09646163445460788,8.919531779838508e-13
TUR.39.3_1,2064,7,30.040225758272058,23.82290574710808,Isparta,Eğirdir,2.836329148867676e-4,2.7447969899507818e-5,31,Isparta,E<U+011F>irdir,albopictus,9.460420224982613e-13,9.460420224982613e-13,0.999999999999054,0.06302712186834654,2.220446049250313e-16
TUR.39.3_1,2064,8,26.842671394348145,45.59160407435079,Isparta,Eğirdir,3.367962076709316e-4,3.259265023558555e-5,31,Isparta,E<U+011F>irdir,albopictus,7.628450730614717e-5,7.628450730614717e-5,0.9999237154926939,0.1402255537304786,2.569233248372882e-8
TUR.39.3_1,2064,9,23.68014414170209,53.58513490477905,Isparta,Eğirdir,2.684428413071662e-4,2.6843923826125327e-5,30,Isparta,E<U+011F>irdir,albopictus,1.2600593042716712e-5,1.2600593042716712e-5,0.9999873994069572,0.13358161759086035,3.3825390266528643e-9
TUR.39.3_1,2064,10,16.46517690490274,60.58180849880611,Isparta,Eğirdir,2.645392168207297e-4,2.5600241677969926e-5,31,Isparta,E<U+011F>irdir,albopictus,0,0,1,0.019039999901353754,0
TUR.39.3_1,2064,11,9.21316172314041,73.72069728085967,Isparta,Eğirdir,1.534458669598889e-4,1.5344468968447877e-5,30,Isparta,E<U+011F>irdir,albopictus,0,0,1,0,0
TUR.39.3_1,2064,12,4.6886589349631,77.73353557603643,Isparta,Eğirdir,1.2621163484392487e-4,1.2213954587503295e-5,31,Isparta,E<U+011F>irdir,albopictus,0,0,1,0,0
TUR.39.3_1,2065,1,-0.7119428737856008,76.52009264934578,Isparta,Eğirdir,1.1990750868565947e-4,1.160388512788657e-5,31,Isparta,E<U+011F>irdir,albopictus,0,0,1,0,0
TUR.39.3_1,2065,2,4.663701792411945,81.16128464802784,Isparta,Eğirdir,8.969444520919027e-5,9.610072952526139e-6,28,Isparta,E<U+011F>irdir,albopictus,0,0,1,0,0
TUR.39.3_1,2065,3,5.939330722698394,75.48561570503891,Isparta,Eğirdir,1.1010741060594301e-4,1.0655499094847087e-5,31,Isparta,E<U+011F>irdir,albopictus,0,0,1,0,0
TUR.39.3_1,2065,4,11.72698912901037,66.51423697620636,Isparta,Eğirdir,1.4559679889436752e-4,1.4559573897843237e-5,30,Isparta,E<U+011F>irdir,albopictus,0,0,1,2.5548793535809948e-5,0
TUR.39.3_1,2065,5,17.542571965385886,49.635068639768605,Isparta,Eğirdir,2.0350582662619407e-4,1.9693918326346704e-5,31,Isparta,E<U+011F>irdir,albopictus,0,0,1,0.027295972331881878,0
TUR.39.3_1,2065,6,24.40626935397877,34.08225984566695,Isparta,Eğirdir,2.2889741959501272e-4,2.2889479991405892e-5,30,Isparta,E<U+011F>irdir,albopictus,1.1347777839232353e-8,1.1347777839232353e-8,0.9999999886522222,0.1000144825663951,2.5974777884130162e-12
TUR.39.3_1,2065,7,29.386489643770105,24.786761490516284,Isparta,Eğirdir,2.68802083020167e-4,2.6012766470517867e-5,31,Isparta,E<U+011F>irdir,albopictus,2.038690694039502e-11,2.038690694039502e-11,0.9999999999796131,0.07192808478016864,5.440092820663267e-15
TUR.39.3_1,2065,8,29.050068855285645,34.82668479334493,Isparta,Eğirdir,3.1918552968854583e-4,3.0888445170074164e-5,31,Isparta,E<U+011F>irdir,albopictus,2.6154024654834185e-8,2.6154024654834185e-8,0.9999999738459754,0.09823218201123946,8.347988966761477e-12
TUR.39.3_1,2065,9,25.281586478738223,29.766436021722413,Isparta,Eğirdir,2.544062805405551e-4,2.544030444406875e-5,30,Isparta,E<U+011F>irdir,albopictus,7.386079406979107e-9,7.386079406979107e-9,0.9999999926139206,0.0970466620412531,1.8790524691780774e-12
TUR.39.3_1,2065,10,17.26534780334024,53.970190456813924,Isparta,Eğirdir,2.507067719919737e-4,2.4261651358048475e-5,31,Isparta,E<U+011F>irdir,albopictus,0,0,1,0.025633062029166372,0
TUR.39.3_1,2065,11,9.382215277675321,79.44625270078154,Isparta,Eğirdir,1.4542236286687699e-4,1.454213054885578e-5,30,Isparta,E<U+011F>irdir,albopictus,0,0,1,0,0
TUR.39.3_1,2065,12,5.005615931880825,79.39574413316534,Isparta,Eğirdir,1.1961217674955552e-4,1.1575304949107412e-5,31,Isparta,E<U+011F>irdir,albopictus,0,0,1,0,0
TUR.39.3_1,2066,1,5.992615260293379,79.51977984417,Isparta,Eğirdir,1.2392644597240392e-4,1.1992809954008976e-5,31,Isparta,E<U+011F>irdir,albopictus,0,0,1,0,0
TUR.39.3_1,2066,2,7.975779791526935,72.7870552168755,Isparta,Eğirdir,9.27007319231447e-5,9.932171953108693e-6,28,Isparta,E<U+011F>irdir,albopictus,0,0,1,0,0
TUR.39.3_1,2066,3,7.831613685497466,72.03767869332016,Isparta,Eğirdir,1.1379787822454034e-4,1.1012637253116075e-5,31,Isparta,E<U+011F>irdir,albopictus,0,0,1,0,0
TUR.39.3_1,2066,4,12.633518555585077,55.14318137317902,Isparta,Eğirdir,1.5047676354646596e-4,1.5047563138970155e-5,30,Isparta,E<U+011F>irdir,albopictus,0,0,1,3.3076192444724667e-4,0
TUR.39.3_1,2066,5,16.70724100225112,57.75732587243462,Isparta,Eğirdir,2.1032672686557648e-4,2.03539922287721e-5,31,Isparta,E<U+011F>irdir,albopictus,0,0,1,0.020649678676576078,0
TUR.39.3_1,2066,6,22.134805959813733,41.7175633429814,Isparta,Eğirdir,2.365693692880181e-4,2.3656657105686207e-5,30,Isparta,E<U+011F>irdir,albopictus,1.970907190784743e-10,1.970907190784743e-10,0.9999999998029093,0.08726438654919266,4.6629367034256575e-14
TUR.39.3_1,2066,7,26.02025391073788,47.06425782840691,Isparta,Eğirdir,2.778115164246784e-4,2.688462406241765e-5,31,Isparta,E<U+011F>irdir,albopictus,8.513893079323864e-5,8.513893079323864e-5,0.9999148610692068,0.1419441861507509,2.365257523173625e-8
TUR.39.3_1,2066,8,26.84079647064209,38.48611625086446,Isparta,Eğirdir,3.298836639481561e-4,3.1923715970716415e-5,31,Isparta,E<U+011F>irdir,albopictus,2.0684918792331366e-6,2.0684918792331366e-6,0.9999979315081208,0.12045802969004477,6.823617226814349e-10
TUR.39.3_1,2066,9,22.390175651101504,55.885069291986085,Isparta,Eğirdir,2.629332101553365e-4,2.629297534917363e-5,30,Isparta,E<U+011F>irdir,albopictus,2.4076065209027717e-7,2.4076065209027717e-7,0.9999997592393479,0.1154625564176475,6.330391766340426e-11
TUR.39.3_1,2066,10,17.520304048762604,40.625891140407674,Isparta,Eğirdir,2.5910970526147616e-4,2.5074818388759468e-5,31,Isparta,E<U+011F>irdir,albopictus,0,0,1,0.023624173839030982,0
TUR.39.3_1,2066,11,11.32770325374954,73.57773005673857,Isparta,Eğirdir,1.502964809505435e-4,1.5029535150423712e-5,30,Isparta,E<U+011F>irdir,albopictus,0,0,1,3.061368923244161e-6,0
TUR.39.3_1,2066,12,2.3339018048170734,71.01842479722784,Isparta,Eğirdir,1.2362121540240303e-4,1.1963271865478298e-5,31,Isparta,E<U+011F>irdir,albopictus,0,0,1,0,0
TUR.39.3_1,2067,1,4.925318040063276,83.94815508831063,Isparta,Eğirdir,1.250159815665573e-4,1.2098247612390978e-5,31,Isparta,E<U+011F>irdir,albopictus,0,0,1,0,0
TUR.39.3_1,2067,2,4.085955162696979,78.11515732869191,Isparta,Eğirdir,9.351573751974532e-5,1.0019493110191569e-5,28,Isparta,E<U+011F>irdir,albopictus,0,0,1,0,0
TUR.39.3_1,2067,3,6.8926927107660205,73.34335038521469,Isparta,Eğirdir,1.1479836555306726e-4,1.110945753657333e-5,31,Isparta,E<U+011F>irdir,albopictus,0,0,1,0,0
TUR.39.3_1,2067,4,11.94970927518957,65.84088950306183,Isparta,Eğirdir,1.5179972402266153e-4,1.5179857187019863e-5,30,Isparta,E<U+011F>irdir,albopictus,0,0,1,6.039206158840966e-5,0
TUR.39.3_1,2067,5,15.993198338676901,67.58555005456353,Isparta,Eğirdir,2.121758757984269e-4,2.053293846715487e-5,31,Isparta,E<U+011F>irdir,albopictus,0,0,1,0.015956785006380824,0
TUR.39.3_1,2067,6,21.59990529453053,61.02673311226851,Isparta,Eğirdir,2.3864923808683045e-4,2.3864639043691405e-5,30,Isparta,E<U+011F>irdir,albopictus,3.826882610030724e-8,3.826882610030724e-8,0.9999999617311739,0.10814598525662698,9.132805622869e-12
TUR.39.3_1,2067,7,28.34311844320858,34.19233628910027,Isparta,Eğirdir,2.802539776220068e-4,2.7120984892547995e-5,31,Isparta,E<U+011F>irdir,albopictus,7.280302408374517e-8,7.280302408374517e-8,0.999999927196976,0.10329543809771526,2.040334567965374e-11
TUR.39.3_1,2067,8,28.75468921661377,37.453931650034384,Isparta,Eğirdir,3.327839326598182e-4,3.220437813689081e-5,31,Isparta,E<U+011F>irdir,albopictus,2.3375599124864087e-7,2.3375599124864087e-7,0.9999997662440088,0.10831532914359741,7.779021871101577e-11
TUR.39.3_1,2067,9,22.635176490334903,43.86775438109741,Isparta,Eğirdir,2.6524486437168543e-4,2.6524134666083832e-5,30,Isparta,E<U+011F>irdir,albopictus,4.241358390111305e-9,4.241358390111305e-9,0.9999999957586416,0.09775165185774015,1.1249889908526711e-12
TUR.39.3_1,2067,10,16.047792757258698,47.65173571438228,Isparta,Eğirdir,2.6138774401630204e-4,2.529526819994299e-5,31,Isparta,E<U+011F>irdir,albopictus,0,0,1,0.012606518938016597,0
TUR.39.3_1,2067,11,9.936482684138944,73.35881221005889,Isparta,Eğirdir,1.516178564195703e-4,1.5161670702701358e-5,30,Isparta,E<U+011F>irdir,albopictus,0,0,1,0,0
TUR.39.3_1,2067,12,6.94410441530978,82.8715894700794,Isparta,Eğirdir,1.2470806747273038e-4,1.2068449834368167e-5,31,Isparta,E<U+011F>irdir,albopictus,0,0,1,0,0
TUR.39.3_1,2068,1,6.71583632390727,81.35168139446297,Isparta,Eğirdir,1.2561667249388645e-4,1.2156378287442315e-5,31,Isparta,E<U+011F>irdir,albopictus,0,0,1,0,0
TUR.39.3_1,2068,2,3.306489725761554,79.1535331831841,Isparta,Eğirdir,9.73209679587054e-5,1.006763566158142e-5,29,Isparta,E<U+011F>irdir,albopictus,0,0,1,0,0
TUR.39.3_1,2068,3,6.970989372142974,74.38855454781235,Isparta,Eğirdir,1.1534996172337953e-4,1.1162837216693866e-5,31,Isparta,E<U+011F>irdir,albopictus,0,0,1,0,0
TUR.39.3_1,2068,4,10.750142434064081,74.15807395130402,Isparta,Eğirdir,1.5252910850494016e-4,1.5252794525411062e-5,30,Isparta,E<U+011F>irdir,albopictus,0,0,1,3.5295505812997057e-10,0
TUR.39.3_1,2068,5,18.384374562431784,45.61230634118462,Isparta,Eğirdir,2.131953624431994e-4,2.063159643439505e-5,31,Isparta,E<U+011F>irdir,albopictus,0,0,1,0.035715758469229045,0
TUR.39.3_1,2068,6,25.246448797338147,31.68503160470015,Isparta,Eğirdir,2.3979592693681924e-4,2.3979305185495292e-5,30,Isparta,E<U+011F>irdir,albopictus,1.8579516871120026e-8,1.8579516871120026e-8,0.9999999814204831,0.10081588622868087,4.455324997820753e-12
TUR.39.3_1,2068,7,26.649068608003503,38.31109925907097,Isparta,Eğirdir,2.8160057362994055e-4,2.7251297092467652e-5,31,Isparta,E<U+011F>irdir,albopictus,1.617801449588674e-6,1.617801449588674e-6,0.9999983821985504,0.11959301262661753,4.555738009059951e-10
TUR.39.3_1,2068,8,28.152283668518066,37.01598914515157,Isparta,Eğirdir,3.343829305367676e-4,3.235911487153853e-5,31,Isparta,E<U+011F>irdir,albopictus,4.49364296729704e-7,4.49364296729704e-7,0.9999995506357032,0.11113130119573189,1.5025980459881794e-10
TUR.39.3_1,2068,9,23.729306052712833,35.9262718371521,Isparta,Eğirdir,2.6651934289476846e-4,2.665157912984384e-5,30,Isparta,E<U+011F>irdir,albopictus,5.526510723996569e-9,5.526510723996569e-9,0.9999999944734893,0.09767290509833913,1.4729328867701952e-12
TUR.39.3_1,2068,10,18.10824045012979,60.3816589626733,Isparta,Eğirdir,2.626436894112676e-4,2.5416808220768417e-5,31,Isparta,E<U+011F>irdir,albopictus,0,0,1,0.039940479225966864,0
TUR.39.3_1,2068,11,10.201727644923857,70.92789637753935,Isparta,Eğirdir,1.523463670438207e-4,1.5234520657880779e-5,30,Isparta,E<U+011F>irdir,albopictus,0,0,1,0,0
TUR.39.3_1,2068,12,3.3092754901770283,79.02638988511846,Isparta,Eğirdir,1.2530727889959692e-4,1.2126437335391316e-5,31,Isparta,E<U+011F>irdir,albopictus,0,0,1,0,0
TUR.39.3_1,2069,1,2.8986505643628977,81.24266497600594,Isparta,Eğirdir,1.2023180434778019e-4,1.1635268214349459e-5,31,Isparta,E<U+011F>irdir,albopictus,0,0,1,0,0
TUR.39.3_1,2069,2,3.031296749763629,76.58646317585988,Isparta,Eğirdir,8.99370281784847e-5,9.63606373483028e-6,28,Isparta,E<U+011F>irdir,albopictus,0,0,1,0,0
TUR.39.3_1,2069,3,7.354306842693511,75.70810410835922,Isparta,Eğirdir,1.1040520142837146e-4,1.06843172540394e-5,31,Isparta,E<U+011F>irdir,albopictus,0,0,1,0,0
TUR.39.3_1,2069,4,8.823802330914667,70.76469473987824,Isparta,Eğirdir,1.4599057248551e-4,1.4598950682787049e-5,30,Isparta,E<U+011F>irdir,albopictus,0,0,1,0,0
TUR.39.3_1,2069,5,18.811209622551413,45.31192944909478,Isparta,Eğirdir,2.0405621798628954e-4,1.974718095598682e-5,31,Isparta,E<U+011F>irdir,albopictus,0,0,1,0.041438931623433775,0
TUR.39.3_1,2069,6,24.67763738071217,27.087093067102494,Isparta,Eğirdir,2.295164837475328e-4,2.295138498764615e-5,30,Isparta,E<U+011F>irdir,albopictus,6.634203481015177e-10,6.634203481015177e-10,0.9999999993365797,0.08882520737225179,1.5221157667610896e-13
TUR.39.3_1,2069,7,29.60712219687069,26.002425400428393,Isparta,Eğirdir,2.6952907126675765e-4,2.6083118339292888e-5,31,Isparta,E<U+011F>irdir,albopictus,2.1938969863022352e-11,2.1938969863022352e-11,0.999999999978061,0.07181621944188331,5.88418203051333e-15
TUR.39.3_1,2069,8,28.360116004943848,40.37997229944845,Isparta,Eğirdir,3.200487824057801e-4,3.097198317170147e-5,31,Isparta,E<U+011F>irdir,albopictus,2.5236499411657733e-6,2.5236499411657733e-6,0.9999974763500589,0.11976947656345618,8.076911361953876e-10
TUR.39.3_1,2069,9,24.030672858743106,48.1120628527771,Isparta,Eğirdir,2.5509433464242e-4,2.550910810139584e-5,30,Isparta,E<U+011F>irdir,albopictus,3.38805007351517e-6,3.38805007351517e-6,0.9999966119499265,0.12648101705393738,8.642724314000816e-10
TUR.39.3_1,2069,10,15.9306519873002,40.334021023220174,Isparta,Eğirdir,2.5138482059387085e-4,2.432726737056079e-5,31,Isparta,E<U+011F>irdir,albopictus,0,0,1,0.010473505814685253,0
TUR.39.3_1,2069,11,10.150047080043485,71.05558192441435,Isparta,Eğirdir,1.4581566468733844e-4,1.458146015820283e-5,30,Isparta,E<U+011F>irdir,albopictus,0,0,1,0,0
TUR.39.3_1,2069,12,6.338305693996303,70.12364940660284,Isparta,Eğirdir,1.1993567367215763e-4,1.160661074006697e-5,31,Isparta,E<U+011F>irdir,albopictus,0,0,1,0,0
TUR.39.3_1,2070,1,5.258363761117353,78.80412737834969,Isparta,Eğirdir,1.300812202151696e-4,1.2588425947201998e-5,31,Isparta,E<U+011F>irdir,albopictus,0,0,1,0,0
TUR.39.3_1,2070,2,3.0575916964341614,73.58926316365284,Isparta,Eğirdir,9.730468931617078e-5,1.0425448081385902e-5,28,Isparta,E<U+011F>irdir,albopictus,0,0,1,0,0
TUR.39.3_1,2070,3,8.863809253582183,62.561886762167816,Isparta,Eğirdir,1.194496198224052e-4,1.1559573815600466e-5,31,Isparta,E<U+011F>irdir,albopictus,0,0,1,0,0
TUR.39.3_1,2070,4,12.49417720121496,63.06652121692902,Isparta,Eğirdir,1.5795015230657587e-4,1.579489049008398e-5,30,Isparta,E<U+011F>irdir,albopictus,0,0,1,2.80477122031696e-4,0
TUR.39.3_1,2070,5,18.03124231450698,51.716802343381886,Isparta,Eğirdir,2.2077254826326044e-4,2.136485708403857e-5,31,Isparta,E<U+011F>irdir,albopictus,0,0,1,0.034282586633503274,0
TUR.39.3_1,2070,6,24.111690801732678,37.949432086877884,Isparta,Eğirdir,2.4831852459781737e-4,2.4831544151893148e-5,30,Isparta,E<U+011F>irdir,albopictus,3.5312846348944934e-8,3.5312846348944934e-8,0.9999999646871537,0.10554354966652398,8.768874515396874e-12
TUR.39.3_1,2070,7,30.801963581758386,25.01219484012566,Isparta,Eğirdir,2.916089520907915e-4,2.8219822983399645e-5,31,Isparta,E<U+011F>irdir,albopictus,8.808920259895103e-14,8.808920259895103e-14,0.999999999999912,0.05582065702587632,0
TUR.39.3_1,2070,8,28.6920747756958,34.377576669565634,Isparta,Eğirdir,3.462672490824333e-4,3.350917233735373e-5,31,Isparta,E<U+011F>irdir,albopictus,4.428254572946821e-8,4.428254572946821e-8,0.9999999557174543,0.10095621426668838,1.5333623260005425e-11
TUR.39.3_1,2070,9,21.666733573464786,52.89308778563843,Isparta,Eğirdir,2.7599171866603907e-4,2.7598791012994894e-5,30,Isparta,E<U+011F>irdir,albopictus,2.0820140741450997e-9,2.0820140741450997e-9,0.9999999979179859,0.09653687922034018,5.74651437545981e-13
TUR.39.3_1,2070,10,14.795209253535551,65.84092562527096,Isparta,Eğirdir,2.7197832041040944e-4,2.6320136239488257e-5,31,Isparta,E<U+011F>irdir,albopictus,0,0,1,0.006738347402491679,0
TUR.39.3_1,2070,11,11.236803786281278,76.79006373593779,Isparta,Eğirdir,1.577609160230922e-4,1.577596716040297e-5,30,Isparta,E<U+011F>irdir,albopictus,0,0,1,1.5046627989254277e-6,0
TUR.39.3_1,2070,12,4.9596700490835834,77.30304698961065,Isparta,Eğirdir,1.297608304494409e-4,1.2557420875802805e-5,31,Isparta,E<U+011F>irdir,albopictus,0,0,1,0,0
TUR.39.3_1,2071,1,4.09581211965312,72.26847521770516,Isparta,Eğirdir,1.2600892457421105e-4,1.2194337704052316e-5,31,Isparta,E<U+011F>irdir,albopictus,0,0,1,0,0
TUR.39.3_1,2071,2,4.4316764075089905,79.72844620808644,Isparta,Eğirdir,9.425848893850197e-5,1.009907281890321e-5,28,Isparta,E<U+011F>irdir,albopictus,0,0,1,0,0
TUR.39.3_1,2071,3,6.180543567547026,74.14125535347641,Isparta,Eğirdir,1.1571015485342414e-4,1.1197694226638966e-5,31,Isparta,E<U+011F>irdir,albopictus,0,0,1,0,0
TUR.39.3_1,2071,4,12.226690628949335,62.7743535533548,Isparta,Eğirdir,1.530053976704889e-4,1.5300422714359385e-5,30,Isparta,E<U+011F>irdir,albopictus,0,0,1,1.419424929779029e-4,0
TUR.39.3_1,2071,5,17.746522847343893,46.179841741575245,Isparta,Eğirdir,2.1386108875781724e-4,2.0696020230359657e-5,31,Isparta,E<U+011F>irdir,albopictus,0,0,1,0.02834551816695173,0
TUR.39.3_1,2071,6,23.258648199193615,41.32018251412398,Isparta,Eğirdir,2.4054471648303903e-4,2.405418234185941e-5,30,Isparta,E<U+011F>irdir,albopictus,1.3702167438567337e-8,1.3702167438567337e-8,0.9999999862978326,0.1016905021929185,3.2960301155071647e-12
TUR.39.3_1,2071,7,29.527921452241785,24.609027115516284,Isparta,Eğirdir,2.8247990285140456e-4,2.7336391146159933e-5,31,Isparta,E<U+011F>irdir,albopictus,1.140210736938485e-11,1.140210736938485e-11,0.9999999999885979,0.07054265484655406,3.219646771412954e-15
TUR.39.3_1,2071,8,29.165865898132324,42.120435556284384,Isparta,Eğirdir,3.354270785588741e-4,3.2460158179481446e-5,31,Isparta,E<U+011F>irdir,albopictus,1.909060336163504e-6,1.909060336163504e-6,0.9999980909396639,0.11796679424811288,6.403505503627116e-10
TUR.39.3_1,2071,9,22.249573539285098,47.78151552001343,Isparta,Eğirdir,2.6735157928999947e-4,2.6734800547822957e-5,30,Isparta,E<U+011F>irdir,albopictus,3.9759436167297045e-9,3.9759436167297045e-9,0.9999999960240564,0.09843379504665022,1.0629275237761249e-12
TUR.39.3_1,2071,10,17.143315637812897,70.85706942409908,Isparta,Eğirdir,2.634638236459228e-4,2.5496174029582264e-5,31,Isparta,E<U+011F>irdir,albopictus,0,0,1,0.030628223976039093,0
TUR.39.3_1,2071,11,10.192472235683134,77.69811427304717,Isparta,Eğirdir,1.5282208557876076e-4,1.5282091785473462e-5,30,Isparta,E<U+011F>irdir,albopictus,0,0,1,0,0
TUR.39.3_1,2071,12,3.513426762950771,75.32877330797002,Isparta,Eğirdir,1.2569856486389103e-4,1.2164303259121212e-5,31,Isparta,E<U+011F>irdir,albopictus,0,0,1,0,0
TUR.39.3_1,2072,1,0.1498107091688059,82.09520403850594,Isparta,Eğirdir,1.2370073122481206e-4,1.1970966853014353e-5,31,Isparta,E<U+011F>irdir,albopictus,0,0,1,0,0
TUR.39.3_1,2072,2,2.6973797280122254,72.52806016072316,Isparta,Eğirdir,9.583660083484753e-5,9.914081976036826e-6,29,Isparta,E<U+011F>irdir,albopictus,0,0,1,0,0
TUR.39.3_1,2072,3,6.402233268627349,63.65162370064438,Isparta,Eğirdir,1.1359061125130962e-4,1.099257937964282e-5,31,Isparta,E<U+011F>irdir,albopictus,0,0,1,0,0
TUR.39.3_1,2072,4,12.83131156248205,57.50359397083527,Isparta,Eğirdir,1.5020269109618448e-4,1.5020156305944887e-5,30,Isparta,E<U+011F>irdir,albopictus,0,0,1,5.214763944713824e-4,0
TUR.39.3_1,2072,5,19.05540937535903,46.35624478722954,Isparta,Eğirdir,2.0994364604942157e-4,2.0316920645635506e-5,31,Isparta,E<U+011F>irdir,albopictus,6.661338147750939e-19,6.661338147750939e-19,1,0.04515941929377693,0
TUR.39.3_1,2072,6,25.17550115024342,34.45550508492476,Isparta,Eğirdir,2.3613849115657631e-4,2.361357031088751e-5,30,Isparta,E<U+011F>irdir,albopictus,6.445470739924186e-8,6.445470739924186e-8,0.9999999355452927,0.1062355476884414,1.5220269489191196e-11
TUR.39.3_1,2072,7,30.084121479707605,19.65124627750359,Isparta,Eğirdir,2.7730552147085016e-4,2.6835658124113593e-5,31,Isparta,E<U+011F>irdir,albopictus,5.1977255832724726e-14,5.1977255832724726e-14,0.999999999999948,0.05534892971791966,0
TUR.39.3_1,2072,8,29.44619083404541,33.54340537439962,Isparta,Eğirdir,3.2928282683579907e-4,3.186557229828413e-5,31,Isparta,E<U+011F>irdir,albopictus,4.181101283418087e-9,4.181101283418087e-9,0.9999999958188988,0.09093474363319548,1.3767875728376566e-12
TUR.39.3_1,2072,9,24.010088752297793,45.646124284661866,Isparta,Eğirdir,2.62454313962534e-4,2.624508698789718e-5,30,Isparta,E<U+011F>irdir,albopictus,1.055183093854606e-6,1.055183093854606e-6,0.9999989448169061,0.12022951654827334,2.769373619315729e-10
TUR.39.3_1,2072,10,17.458416307673737,55.81590884060299,Isparta,Eğirdir,2.5863777304989063e-4,2.50291486736387e-5,31,Isparta,E<U+011F>irdir,albopictus,0,0,1,0.028763150278592546,0
TUR.39.3_1,2072,11,9.456280962947538,70.2189959258792,Isparta,Eğirdir,1.5002273685988144e-4,1.5002161152466442e-5,30,Isparta,E<U+011F>irdir,albopictus,0,0,1,0,0
TUR.39.3_1,2072,12,4.459710580242031,76.17640666978643,Isparta,Eğirdir,1.2339605658974925e-4,1.1941482563448957e-5,31,Isparta,E<U+011F>irdir,albopictus,0,0,1,0,0
TUR.39.3_1,2073,1,4.649794139077558,83.51128069866219,Isparta,Eğirdir,1.3416065149953084e-4,1.2983204572214468e-5,31,Isparta,E<U+011F>irdir,albopictus,0,0,1,0,0
TUR.39.3_1,2073,2,6.130117197685382,83.49151536091847,Isparta,Eğirdir,1.0035622737104787e-4,1.0752395125157577e-5,28,Isparta,E<U+011F>irdir,albopictus,0,0,1,0,0
TUR.39.3_1,2073,3,6.56568780125064,67.97339341499985,Isparta,Eğirdir,1.231956372352381e-4,1.192208737343936e-5,31,Isparta,E<U+011F>irdir,albopictus,0,0,1,0,0
TUR.39.3_1,2073,4,13.17199645322912,56.821510840952456,Isparta,Eğirdir,1.629035713444911e-4,1.6290224447268464e-5,30,Isparta,E<U+011F>irdir,albopictus,0,0,1,9.137444708931056e-4,0
TUR.39.3_1,2073,5,20.009108487297507,38.666284307493214,Isparta,Eğirdir,2.276961183114469e-4,2.203486545249156e-5,31,Isparta,E<U+011F>irdir,albopictus,2.6190161150907443e-16,2.6190161150907443e-16,0.9999999999999998,0.053242139047989016,0
TUR.39.3_1,2073,6,25.16357831393971,25.38452882760054,Isparta,Eğirdir,2.561059542979319e-4,2.56102674812686e-5,30,Isparta,E<U+011F>irdir,albopictus,6.25749841387524e-10,6.25749841387524e-10,0.9999999993742501,0.08792999890945438,1.602051824534101e-13
TUR.39.3_1,2073,7,29.883695378023035,24.471219269446948,Isparta,Eğirdir,3.0075399762458365e-4,2.9104802023560694e-5,31,Isparta,E<U+011F>irdir,albopictus,2.6343666692518754e-12,2.6343666692518754e-12,0.9999999999973657,0.06600221418963781,7.771561172376096e-16
TUR.39.3_1,2073,8,29.562447547912598,38.30564673792501,Isparta,Eğirdir,3.5712641419727477e-4,3.456002351742704e-5,31,Isparta,E<U+011F>irdir,albopictus,7.54950387758524e-8,7.54950387758524e-8,0.9999999245049612,0.10216858623798945,2.6961322063812077e-11
TUR.39.3_1,2073,9,24.919201682595645,38.94707719603882,Isparta,Eğirdir,2.8464699764857405e-4,2.8464294649088728e-05,30,Isparta,E<U+011F>irdir,albopictus,3.507075679010652e-7,3.507075679010652e-7,0.9999996492924321,0.11400775981406898,9.982781268291774e-11
TUR.39.3_1,2073,10,19.003033960566803,50.72368471950924,Isparta,Eğirdir,2.805077366252557e-4,2.7145541549145058e-5,31,Isparta,E<U+011F>irdir,albopictus,6.106226635438361e-18,6.106226635438361e-18,1,0.04773881486730964,0
TUR.39.3_1,2073,11,10.009012953761747,72.61480891416045,Isparta,Eğirdir,1.6270840048864029e-4,1.6270707679511e-5,30,Isparta,E<U+011F>irdir,albopictus,0,0,1,0,0
TUR.39.3_1,2073,12,6.237811309230678,77.99373607652471,Isparta,Eğirdir,1.3383021410331912e-4,1.2951227174373692e-5,31,Isparta,E<U+011F>irdir,albopictus,0,0,1,0,0
TUR.39.3_1,2074,1,4.910119094064131,78.4370390604786,Isparta,Eğirdir,1.2332469298195685e-4,1.1934576490291171e-5,31,Isparta,E<U+011F>irdir,albopictus,0,0,1,0,0
TUR.39.3_1,2074,2,2.832413693123004,73.96610184773488,Isparta,Eğirdir,9.225060247568351e-5,9.88394427592354e-6,28,Isparta,E<U+011F>irdir,albopictus,0,0,1,0,0
TUR.39.3_1,2074,3,9.396063472637358,65.62397477486313,Isparta,Eğirdir,1.1324530679403713e-4,1.0959163186052834e-5,31,Isparta,E<U+011F>irdir,albopictus,0,0,1,0,0
TUR.39.3_1,2074,4,11.512839653912714,61.797516395151675,Isparta,Eğirdir,1.4974608946196065e-4,1.4974496827302453e-5,30,Isparta,E<U+011F>irdir,albopictus,0,0,1,7.085417549714164e-6,0
TUR.39.3_1,2074,5,17.399938527275534,52.69953702355767,Isparta,Eğirdir,2.093054376978835e-4,2.025515979997561e-5,31,Isparta,E<U+011F>irdir,albopictus,0,0,1,0.02679678945286123,0
TUR.39.3_1,2074,6,23.01546697055592,48.446876239709916,Isparta,Eğirdir,2.3542065301280964e-4,2.3541788189085366e-5,30,Isparta,E<U+011F>irdir,albopictus,1.2904410915876018e-7,1.2904410915876018e-7,0.9999998709558908,0.11198072006361767,3.0379698756632934e-11
TUR.39.3_1,2074,7,27.281259312349206,41.4502670447155,Isparta,Eğirdir,2.7646253954183926e-4,2.6754081413726816e-5,31,Isparta,E<U+011F>irdir,albopictus,9.399219523767045e-6,9.399219523767045e-6,0.9999906007804762,0.12765566318871854,2.5985320561972003e-9
TUR.39.3_1,2074,8,27.16577434539795,43.60650428187032,Isparta,Eğirdir,3.2828183893233466e-4,3.176870558319056e-5,31,Isparta,E<U+011F>irdir,albopictus,2.7743605547319473e-5,2.7743605547319473e-5,0.9999722563944526,0.1339952904833089,9.107721798962132e-9
TUR.39.3_1,2074,9,24.901995490579043,42.17876283446655,Isparta,Eğirdir,2.6165647826605065e-4,2.6165305509029402e-5,30,Isparta,E<U+011F>irdir,albopictus,1.7932529882721538e-6,1.7932529882721538e-6,0.9999982067470117,0.12196662898596074,4.69216221432589e-10
TUR.39.3_1,2074,10,18.231191004023835,63.63429110378658,Isparta,Eğirdir,2.578515392681605e-4,2.495306343497372e-5,31,Isparta,E<U+011F>irdir,albopictus,0,0,1,0.04365903021700965,0
TUR.39.3_1,2074,11,9.318349616054228,66.9521502227542,Isparta,Eğirdir,1.4956668226910787e-4,1.4956556376510832e-5,30,Isparta,E<U+011F>irdir,albopictus,0,0,1,0,0
TUR.39.3_1,2074,12,4.140384179485195,77.33505992906377,Isparta,Eğirdir,1.2302094452827772e-4,1.1905181829030553e-5,31,Isparta,E<U+011F>irdir,albopictus,0,0,1,0,0
TUR.39.3_1,2075,1,8.01054600637187,77.29725329387703,Isparta,Eğirdir,1.3726348125209605e-4,1.3283474475711543e-5,31,Isparta,E<U+011F>irdir,albopictus,0,0,1,0,0
TUR.39.3_1,2075,2,6.0073692995835755,72.97118302449269,Isparta,Eğirdir,1.0267723792564536e-4,1.1001072122707178e-5,28,Isparta,E<U+011F>irdir,albopictus,0,0,1,0,0
TUR.39.3_1,2075,3,7.995488311657134,57.27045533516586,Isparta,Eğirdir,1.2604487122692802e-4,1.21978163699632e-5,31,Isparta,E<U+011F>irdir,albopictus,0,0,1,0,0
TUR.39.3_1,2075,4,9.32264695448034,73.42451529651886,Isparta,Eğirdir,1.6667115924986578e-4,1.6666977029400343e-5,30,Isparta,E<U+011F>irdir,albopictus,0,0,1,0,0
TUR.39.3_1,2075,5,18.379362050224753,52.54790662194634,Isparta,Eğirdir,2.329622099899212e-4,2.254447586846897e-5,31,Isparta,E<U+011F>irdir,albopictus,0,0,1,0.03942260233835812,0
TUR.39.3_1,2075,6,27.35552052890553,21.250228595666947,Isparta,Eğirdir,2.620291006595722e-4,2.620256677265953e-5,30,Isparta,E<U+011F>irdir,albopictus,1.0867328043007163e-10,1.0867328043007163e-10,0.9999999998913267,0.07904241029192635,2.842170943040401e-14
TUR.39.3_1,2075,7,29.914808048921472,23.666075913123706,Isparta,Eğirdir,3.0770975135417666e-4,2.9777919663187546e-5,31,Isparta,E<U+011F>irdir,albopictus,1.4652187796393434e-12,1.4652187796393434e-12,0.9999999999985347,0.06406708616923235,4.440892098500626e-16
TUR.39.3_1,2075,8,30.956509590148926,33.972499688974814,Isparta,Eğirdir,3.653859332963015e-4,3.535930387377206e-5,31,Isparta,E<U+011F>irdir,albopictus,2.9085291453068153e-11,2.9085291453068153e-11,0.9999999999709147,0.07275542096709023,1.0658141036401503e-14
TUR.39.3_1,2075,9,24.512875388650333,44.3105491809021,Isparta,Eğirdir,2.912302332203352e-4,2.91225992509192e-5,30,Isparta,E<U+011F>irdir,albopictus,1.9548434931500604e-6,1.9548434931500604e-6,0.9999980451565068,0.12299915893161592,5.693094884406946e-10
TUR.39.3_1,2075,10,14.77376779387979,74.02334444851314,Isparta,Eğirdir,2.869952405341691e-4,2.7773347268333914e-5,31,Isparta,E<U+011F>irdir,albopictus,0,0,1,0.007390695357029105,0
TUR.39.3_1,2075,11,10.425275580409696,81.01329219052764,Isparta,Eğirdir,1.6647147453744375e-4,1.6647008890702253e-5,30,Isparta,E<U+011F>irdir,albopictus,0,0,1,1.2392615929601265e-43,0
TUR.39.3_1,2075,12,7.498413783443325,75.03954296129034,Isparta,Eğirdir,1.3692540159287455e-4,1.3250757523342038e-5,31,Isparta,E<U+011F>irdir,albopictus,0,0,1,0,0
TUR.40.25_1,2025,1,7.292712092399597,82.98202379195787,Istanbul,Kartal,0.2602807206326946,0.02487387447278877,31,Istanbul,Kartal,albopictus,0,0,1,0,0
TUR.40.25_1,2025,2,7.03781048339956,73.2966847366435,Istanbul,Kartal,0.19469785580316923,0.020644409725905755,28,Istanbul,Kartal,albopictus,0,0,1,0,0
TUR.40.25_1,2025,3,11.50215038131265,75.2146235991413,Istanbul,Kartal,0.23900785274961134,0.022864349044875443,31,Istanbul,Kartal,albopictus,0,0,1,1.0001609190289874e-5,0
TUR.40.25_1,2025,4,12.516645712011002,70.25677119604728,Istanbul,Kartal,0.3160439254674609,0.031110193700225497,30,Istanbul,Kartal,albopictus,0,0,1,3.473715943942191e-4,0
TUR.40.25_1,2025,5,17.11503870346967,74.3607268386646,Istanbul,Kartal,0.4417458405050898,0.04184871646197674,31,Istanbul,Kartal,albopictus,0,0,1,0.03162941278008817,0
TUR.40.25_1,2025,6,23.524976954740637,63.783699320827395,Istanbul,Kartal,0.49686284016906995,0.04847211281142183,30,Istanbul,Kartal,albopictus,5.169606390633603e-4,5.169606390633603e-4,0.9994830393609366,0.1568957828739202,2.5682554605233054e-4
TUR.40.25_1,2025,7,25.477805193732767,66.85717447072821,Istanbul,Kartal,0.583483058258435,0.05490147948766111,31,Istanbul,Kartal,albopictus,0.05306000704288343,0.05306000704288343,0.9469399929571166,0.20404966343003153,0.030485274037452714
TUR.40.25_1,2025,8,27.20446715635412,66.05170279585985,Istanbul,Kartal,0.692849351917182,0.06485149860396189,31,Istanbul,Kartal,albopictus,0.098317157583561507,0.098317157583561507,0.9016828424164385,0.21873442737504906,0.06585067710700365
TUR.40.25_1,2025,9,22.354095290688907,67.78120340398645,Istanbul,Kartal,0.5522343909768721,0.053726310209058936,30,Istanbul,Kartal,albopictus,2.5722601683714098e-5,2.5722601683714098e-5,0.9999742773983162,0.13915030539905554,1.4204804385964387e-5
TUR.40.25_1,2025,10,16.179517465479236,68.26935335404939,Istanbul,Kartal,0.544203945164376,0.0513021301477079,31,Istanbul,Kartal,albopictus,0,0,1,0.01800413415890449,0
TUR.40.25_1,2025,11,9.918107607785394,78.85224246723867,Istanbul,Kartal,0.31566528083179796,0.031073506512889204,30,Istanbul,Kartal,albopictus,0,0,1,0,0
TUR.40.25_1,2025,12,7.979494824128993,77.41064372474264,Istanbul,Kartal,0.2596396497773531,0.024813376634318707,31,Istanbul,Kartal,albopictus,0,0,1,0,0
TUR.40.25_1,2026,1,7.244047999382019,81.56854875533678,Istanbul,Kartal,0.25166418528166407,0.024060418392291893,31,Istanbul,Kartal,albopictus,0,0,1,0,0
TUR.40.25_1,2026,2,8.208456197205713,80.06395768586225,Istanbul,Kartal,0.18825242660188277,0.01996785109471766,28,Istanbul,Kartal,albopictus,0,0,1,0,0
TUR.40.25_1,2026,3,8.594723547206204,80.25071826466865,Istanbul,Kartal,0.23109555095720483,0.022115863279660974,31,Istanbul,Kartal,albopictus,0,0,1,0,0
TUR.40.25_1,2026,4,10.916132253759049,82.02714167944572,Istanbul,Kartal,0.30558136162620053,0.030095956071092278,30,Istanbul,Kartal,albopictus,0,0,1,3.306781258096596e-8,0
TUR.40.25_1,2026,5,16.126164268044864,71.32640219266851,Istanbul,Kartal,0.4271219427318305,0.040491765555154324,31,Istanbul,Kartal,albopictus,0,0,1,0.01819630088306033,0
TUR.40.25_1,2026,6,21.362703547758215,74.43941526321021,Istanbul,Kartal,0.48041430638399624,0.04690570104575942,30,Istanbul,Kartal,albopictus,2.062294468136383e-6,2.062294468136383e-6,0.9999979377055319,0.12682898917319824,9.90755275709354e-7
TUR.40.25_1,2026,7,23.42754846460679,73.80443628103095,Istanbul,Kartal,0.5641669814241999,0.05313315669603691,31,Istanbul,Kartal,albopictus,0.011797759188505256,0.011797759188505256,0.9882022408114948,0.1834546188652939,0.0066338047076649476
TUR.40.25_1,2026,8,24.89251647276037,73.75296240889696,Istanbul,Kartal,0.6699127282624561,0.06277346906407166,31,Istanbul,Kartal,albopictus,0.09857048984773158,0.09857048984773158,0.9014295101522685,0.21959430796328366,0.06390061330969932
TUR.40.25_1,2026,9,19.89190466263715,79.72625650457239,Istanbul,Kartal,0.5339527943209985,0.05199478855000095,30,Istanbul,Kartal,albopictus,6.55476859179327e-10,6.55476859179327e-10,0.9999999993445231,0.09407386465486633,3.499937006878895e-10
TUR.40.25_1,2026,10,16.01679392421947,82.30646654374665,Istanbul,Kartal,0.5261881946305653,0.04964667092264685,31,Istanbul,Kartal,albopictus,0,0,1,0.019743950217020457,0
TUR.40.25_1,2026,11,12.927630999509027,78.5003213856957,Istanbul,Kartal,0.3052152519369628,0.0300604462942613,30,Istanbul,Kartal,albopictus,0,0,1,9.071118823532464e-4,0
TUR.40.25_1,2026,12,8.494317784028896,78.49582591468405,Istanbul,Kartal,0.2510443369343675,0.024001874584484106,31,Istanbul,Kartal,albopictus,0,0,1,0,0
TUR.40.25_1,2027,1,7.459892153739929,78.43659837691881,Istanbul,Kartal,0.25742158712378976,0.02460402916391824,31,Istanbul,Kartal,albopictus,0,0,1,0,0
TUR.40.25_1,2027,2,8.51837746185415,75.52571153107709,Istanbul,Kartal,0.1925591374137103,0.020419966246019605,28,Istanbul,Kartal,albopictus,0,0,1,0,0
TUR.40.25_1,2027,3,9.382052267298977,74.07848468312568,Istanbul,Kartal,0.23638239759093999,0.022616050486480077,31,Istanbul,Kartal,albopictus,0,0,1,0,0
TUR.40.25_1,2027,4,11.346293729894303,77.276355851809,Istanbul,Kartal,0.3125722439099744,0.030773767618216485,30,Istanbul,Kartal,albopictus,0,0,1,3.7727707887956346e-6,0
TUR.40.25_1,2027,5,18.134995292214786,70.34614706571539,Istanbul,Kartal,0.4368933476583769,0.041398666710792065,31,Istanbul,Kartal,albopictus,3.3306690738754697e-19,3.3306690738754697e-19,1,0.04628550285296279,0
TUR.40.25_1,2027,6,22.802183375639075,69.57721738723365,Istanbul,Kartal,0.4914048977129257,0.047952632614297164,30,Istanbul,Kartal,albopictus,3.67532236618274e-4,3.67532236618274e-4,0.9996324677633818,0.15513999387599356,1.8059083265375975e-4
TUR.40.25_1,2027,7,24.577900942634134,68.68994577199774,Istanbul,Kartal,0.5770736094153176,0.054315082100562684,31,Istanbul,Kartal,albopictus,0.028553242335219678,0.028553242335219678,0.9714467576647803,0.1939512224495098,0.016342314078100828
TUR.40.25_1,2027,8,23.891780236188104,72.88154440962938,Istanbul,Kartal,0.6852385354346009,0.06416247938083419,31,Istanbul,Kartal,albopictus,0.02434058127269655,0.02434058127269655,0.9756594187273034,0.1920591942650032,0.01654077812319299
TUR.40.25_1,2027,9,21.143989394692813,70.97524942449427,Istanbul,Kartal,0.5461682027160836,0.053152108631073225,30,Istanbul,Kartal,albopictus,1.551787699509699e-7,1.551787699509699e-7,0.99999984482123,0.11493754986363407,8.475370627536449e-8
TUR.40.25_1,2027,10,18.245900827295642,73.49420305497712,Istanbul,Kartal,0.5382259698017928,0.050753136605524385,31,Istanbul,Kartal,albopictus,1.892930256985892e-17,1.892930256985892e-17,1,0.05023454633477865,0
TUR.40.25_1,2027,11,8.165648081723383,74.79819583637929,Istanbul,Kartal,0.3121977586125949,0.03073747084120415,30,Istanbul,Kartal,albopictus,0,0,1,0,0
TUR.40.25_1,2027,12,6.59471155615414,81.96478190833639,Istanbul,Kartal,0.2567875583081339,0.02454417934534603,31,Istanbul,Kartal,albopictus,0,0,1,0,0
TUR.40.25_1,2028,1,7.573842883110046,80.38896806686022,Istanbul,Kartal,0.24934359655546753,0.023841224000902383,31,Istanbul,Kartal,albopictus,0,0,1,0,0
TUR.40.25_1,2028,2,8.776024022523096,76.01179551545209,Istanbul,Kartal,0.1931778615793539,0.019785561751953118,29,Istanbul,Kartal,albopictus,0,0,1,0,0
TUR.40.25_1,2028,3,7.415939176783842,74.08440509328193,Istanbul,Kartal,0.2289646250583716,0.021914184553194493,31,Istanbul,Kartal,albopictus,0,0,1,0,0
TUR.40.25_1,2028,4,12.88104180728688,70.71318446509025,Istanbul,Kartal,0.3027636040579876,0.029822622117437803,30,Istanbul,Kartal,albopictus,0,0,1,7.380654788297893e-4,0
TUR.40.25_1,2028,5,18.1624096141142,72.23897696073492,Istanbul,Kartal,0.4231834627136852,0.04012598578699267,31,Istanbul,Kartal,albopictus,3.3861802251067274e-18,3.3861802251067274e-18,1,0.04802962652785121,0
TUR.40.25_1,2028,6,22.927730784696692,67.58657865432349,Istanbul,Kartal,0.47598441890497134,0.04648339746467134,30,Istanbul,Kartal,albopictus,2.6848026403118486e-4,2.6848026403118486e-4,0.9997315197359689,0.15286067131103984,1.2778425735848753e-4
TUR.40.25_1,2028,7,25.57499605066636,66.02475412160712,Istanbul,Kartal,0.558964812767106,0.05265635013558312,31,Istanbul,Kartal,albopictus,0.046835318114240146,0.046835318114240146,0.9531646818857599,0.20162176655241315,0.025839587966499877
TUR.40.25_1,2028,8,25.60982833189123,64.68244772994188,Istanbul,Kartal,0.6637354809000572,0.0622130292965295,31,Istanbul,Kartal,albopictus,0.03861586617106764,0.03861586617106764,0.9613841338289324,0.198246462112283,0.0253050419779417
TUR.40.25_1,2028,9,19.465076278237735,70.40927804998255,Istanbul,Kartal,0.5290292298756418,0.051527917150550384,30,Istanbul,Kartal,albopictus,6.866588408982465e-13,6.866588408982465e-13,0.9999999999993133,0.07299563085103965,3.632649736573512e-13
TUR.40.25_1,2028,10,15.11814375484691,82.39140459306306,Istanbul,Kartal,0.5213362273514279,0.049200332279245695,31,Istanbul,Kartal,albopictus,0,0,1,0.01087520110730909,0
TUR.40.25_1,2028,11,12.432306864682367,80.95873355610586,Istanbul,Kartal,0.3024008702564092,0.029787429866322324,30,Istanbul,Kartal,albopictus,0,0,1,3.582711318378099e-4,0
TUR.40.25_1,2028,12,6.539836659150966,80.30700602943014,Istanbul,Kartal,0.24872946381321456,0.023783207012431307,31,Istanbul,Kartal,albopictus,0,0,1,0,0
TUR.40.25_1,2029,1,9.387560725212097,81.45637376754381,Istanbul,Kartal,0.283194610086081,0.02703379482856416,31,Istanbul,Kartal,albopictus,0,0,1,0,0
TUR.40.25_1,2029,2,5.880579152527978,81.36432694855756,Istanbul,Kartal,0.21183813854804795,0.02244130551454837,28,Istanbul,Kartal,albopictus,0,0,1,0,0
TUR.40.25_1,2029,3,9.82847865890054,73.16169848927802,Istanbul,Kartal,0.26004897905002744,0.02485200545934363,31,Istanbul,Kartal,albopictus,0,0,1,0,0
TUR.40.25_1,2029,4,10.480633062474869,75.48541652075431,Istanbul,Kartal,0.34386694498643333,0.03380219098820414,30,Istanbul,Kartal,albopictus,0,0,1,1.398802052386563e-22,0
TUR.40.25_1,2029,5,15.253295730142032,74.65802908475835,Istanbul,Kartal,0.4806350649210276,0.04544791626980993,31,Istanbul,Kartal,albopictus,0,0,1,0.010816098013521071,0
TUR.40.25_1,2029,6,22.831791148466223,72.54999570754615,Istanbul,Kartal,0.5406043057891691,0.05262514563897469,30,Istanbul,Kartal,albopictus,0.0011401401712240655,0.0011401401712240655,0.9988598598287759,0.16302239144100134,6.161747720746513e-4
TUR.40.25_1,2029,7,26.37189012415269,70.96531732351141,Istanbul,Kartal,0.6348501601411941,0.05958791574051625,31,Istanbul,Kartal,albopictus,0.1495223786686437,0.1495223786686437,0.8504776213313563,0.234804912635678,0.09055822889027176
TUR.40.25_1,2029,8,25.418288567486933,67.87556296431688,Istanbul,Kartal,0.7538445474856028,0.07035519708940097,31,Istanbul,Kartal,albopictus,0.060896173560590114,0.060896173560590114,0.9391038264394099,0.20702708537323086,0.044868496901352195
TUR.40.25_1,2029,9,23.58491308548871,64.79226602605677,Istanbul,Kartal,0.6008505072856138,0.05831556076937605,30,Istanbul,Kartal,albopictus,9.354642812904749e-4,9.354642812904749e-4,0.9990645357187096,0.16087429633702768,5.61916253856154e-4
TUR.40.25_1,2029,10,15.725539880640367,74.90797563798493,Istanbul,Kartal,0.5921130988246294,0.05569046338595118,31,Istanbul,Kartal,albopictus,0,0,1,0.014987627890853174,0
TUR.40.25_1,2029,11,13.017712214413812,76.93882083637929,Istanbul,Kartal,0.3434549662593993,0.03376238487390415,30,Istanbul,Kartal,albopictus,0,0,1,0.0010393480946328554,0
TUR.40.25_1,2029,12,7.991967930513271,74.48204722816061,Istanbul,Kartal,0.28249710237027825,0.02696811666657284,31,Istanbul,Kartal,albopictus,0,0,1,0,0
TUR.40.25_1,2030,1,8.326739192008972,83.5936036869774,Istanbul,Kartal,0.2750837081111691,0.026269788554398543,31,Istanbul,Kartal,albopictus,0,0,1,0,0
TUR.40.25_1,2030,2,6.2059661535655755,76.55822801056928,Istanbul,Kartal,0.20577093841387611,0.021805629898226098,28,Istanbul,Kartal,albopictus,0,0,1,0,0
TUR.40.25_1,2030,3,10.612863386378567,73.11495318898506,Istanbul,Kartal,0.2526009849758833,0.024148891146521856,31,Istanbul,Kartal,albopictus,0,0,1,1.578131345775984e-13,0
TUR.40.25_1,2030,4,12.995452207677506,70.86952601782463,Istanbul,Kartal,0.33401834270424446,0.03285015245802658,30,Istanbul,Kartal,albopictus,0,0,1,8.954438133407576e-4,0
TUR.40.25_1,2030,5,18.02836305954877,69.54291678007085,Istanbul,Kartal,0.4668693230656481,0.044175444603441805,31,Istanbul,Kartal,albopictus,0,0,1,0.04399063810040588,0
TUR.40.25_1,2030,6,23.453327403349036,66.67543058303443,Istanbul,Kartal,0.5251210007568509,0.051157160083836195,30,Istanbul,Kartal,albopictus,0.0012474019441228164,0.0012474019441228164,0.9987525980558772,0.16356093780155784,6.548224673715852e-4
TUR.40.25_1,2030,7,25.06810670740464,68.46550424367743,Istanbul,Kartal,0.6166675845049658,0.0579317060778467,31,Istanbul,Kartal,albopictus,0.04975969119837367,0.04975969119837367,0.9502403088016264,0.20324334112138245,0.030219176893686694
TUR.40.25_1,2030,8,23.55887732786291,72.04268485152392,Istanbul,Kartal,0.7322538850534366,0.06841074895004551,31,Istanbul,Kartal,albopictus,0.009748094379372319,0.009748094379372319,0.9902519056206277,0.18111891777940234,0.007112664397032842
TUR.40.25_1,2030,9,20.48796827652875,73.37034524968958,Istanbul,Kartal,0.5836417067202063,0.05669363963274754,30,Istanbul,Kartal,albopictus,5.180281967720468e-9,5.180281967720468e-9,0.999999994819718,0.10124175599347406,3.023428618575963e-9
TUR.40.25_1,2030,10,16.35191698635326,79.66462847001618,Istanbul,Kartal,0.5751545440655256,0.05413943696929291,31,Istanbul,Kartal,albopictus,0,0,1,0.023025573875850212,0
TUR.40.25_1,2030,11,12.015304186764887,77.96537112934804,Istanbul,Kartal,0.3336181633510393,0.0328114483435582,30,Istanbul,Kartal,albopictus,0,0,1,1.0361899721704952e-4,0
TUR.40.25_1,2030,12,11.22606731863583,79.35473552161764,Istanbul,Kartal,0.2744061775294931,0.026205941429349178,31,Istanbul,Kartal,albopictus,0,0,1,1.552522446053407e-6,0
TUR.40.25_1,2031,1,7.835821986198425,79.89978654830553,Istanbul,Kartal,0.2682914731472924,0.025629532567246316,31,Istanbul,Kartal,albopictus,0,0,1,0,0
TUR.40.25_1,2031,2,8.128251233521631,79.56068467560834,Istanbul,Kartal,0.20069014111024364,0.021272984148817065,28,Istanbul,Kartal,albopictus,0,0,1,0,0
TUR.40.25_1,2031,3,8.247802580104153,76.97874560841865,Istanbul,Kartal,0.2463638826267703,0.023559698841528864,31,Istanbul,Kartal,albopictus,0,0,1,0,0
TUR.40.25_1,2031,4,10.996629995458267,78.04504786841056,Istanbul,Kartal,0.32577092201375757,0.03205217427382734,30,Istanbul,Kartal,albopictus,0,0,1,1.0232731221012159e-7,0
TUR.40.25_1,2031,5,14.584830115823184,77.81963491971929,Istanbul,Kartal,0.45534160969628196,0.043108545911784035,31,Istanbul,Kartal,albopictus,0,0,1,0.006738003892774915,0
TUR.40.25_1,2031,6,21.595918879789465,71.43187742141333,Istanbul,Kartal,0.5121549649050833,0.04992608912279173,30,Istanbul,Kartal,albopictus,2.3529079973714782e-6,2.3529079973714782e-6,0.9999976470920027,0.12743914714280447,1.2050527867790706e-6
TUR.40.25_1,2031,7,24.263945635627298,72.13095147878485,Istanbul,Kartal,0.601441124321903,0.05654251843511382,31,Istanbul,Kartal,albopictus,0.03911506727473405,0.03911506727473405,0.960884932725266,0.1989565415982027,0.023250844881240518
TUR.40.25_1,2031,8,24.786733010235956,74.03681403243212,Istanbul,Kartal,0.7141734233836219,0.06677929977697528,31,Istanbul,Kartal,albopictus,0.09454312853763547,0.09454312853763547,0.9054568714623645,0.21850862169918484,0.065291151126595
TUR.40.25_1,2031,9,22.439624618081485,67.19340051702356,Istanbul,Kartal,0.5692307056689934,0.0553332607520195,30,Istanbul,Kartal,albopictus,3.034405690692815e-5,3.034405690692815e-5,0.9999696559430931,0.1402071692399496,1.7272619752595197e-5
TUR.40.25_1,2031,10,17.190284448511463,72.90049883134431,Istanbul,Kartal,0.5609531039633161,0.05283861599050599,31,Istanbul,Kartal,albopictus,0,0,1,0.03211335630989308,0
TUR.40.25_1,2031,11,13.051296809140375,75.62024783833242,Istanbul,Kartal,0.3253806236971769,0.03201439469587497,30,Istanbul,Kartal,albopictus,0,0,1,0.0010806538150242551,0
TUR.40.25_1,2031,12,9.024859204011806,75.51692119056295,Istanbul,Kartal,0.26763067182572975,0.025567221030460052,31,Istanbul,Kartal,albopictus,0,0,1,0,0
TUR.40.25_1,2032,1,10.789401888847351,79.35906846969225,Istanbul,Kartal,0.2832893063525426,0.027042711200646385,31,Istanbul,Kartal,albopictus,0,0,1,1.2402331390126498e-9,0
TUR.40.25_1,2032,2,9.61509720367544,77.8196110672099,Istanbul,Kartal,0.21947715187187017,0.022448724703689416,29,Istanbul,Kartal,albopictus,0,0,1,0,0
TUR.40.25_1,2032,3,8.859096372828763,76.23725238332099,Istanbul,Kartal,0.26013593574530397,0.024860211455172032,31,Istanbul,Kartal,albopictus,0,0,1,0,0
TUR.40.25_1,2032,4,13.031392377965592,78.11001216284416,Istanbul,Kartal,0.34398192922232657,0.03381330067601118,30,Istanbul,Kartal,albopictus,0,0,1,0.0010946948028654844,0
TUR.40.25_1,2032,5,19.68814737656537,68.7265944534107,Istanbul,Kartal,0.48079578247905164,0.04546276260079707,31,Istanbul,Kartal,albopictus,2.263405296520915e-12,2.263405296520915e-12,0.9999999999977366,0.07620115097565153,1.0882406087375784e-12
TUR.40.25_1,2032,6,23.299682841581458,61.20261411574927,Istanbul,Kartal,0.5407850762119388,0.05264227121947873,30,Istanbul,Kartal,albopictus,8.797863236305892e-5,8.797863236305892e-5,0.9999120213676369,0.14523151803494022,4.757639961472382e-5
TUR.40.25_1,2032,7,24.524014529059915,61.38118417531806,Istanbul,Kartal,0.6350624450427665,0.05960723508594867,31,Istanbul,Kartal,albopictus,0.0029828360431477154,0.0029828360431477154,0.9970171639568522,0.1691605464119923,0.0018924941211679869
TUR.40.25_1,2032,8,25.54712424558752,71.67888480269579,Istanbul,Kartal,0.7540966224248741,0.07037787489252734,31,Istanbul,Kartal,albopictus,0.11569938345642265,0.11569938345642265,0.8843006165435774,0.22470236285491796,0.08355068341195093
TUR.40.25_1,2032,9,22.903188537148868,68.10362543157434,Istanbul,Kartal,0.6010514231848404,0.058334480516901044,30,Istanbul,Kartal,albopictus,3.0967651797263884e-4,3.0967651797263884e-4,0.9996903234820274,0.15386170657994472,1.8611419045921895e-4
TUR.40.25_1,2032,10,15.297029214746813,74.40831896073884,Istanbul,Kartal,0.5923110930582227,0.055708556874831894,31,Istanbul,Kartal,albopictus,0,0,1,0.011206185787615775,0
TUR.40.25_1,2032,11,11.422409632626703,79.5018854115746,Istanbul,Kartal,0.3435698127354414,0.0337734817086941,30,Istanbul,Kartal,albopictus,0,0,1,6.970185754952818e-6,0
TUR.40.25_1,2032,12,8.70244385214413,81.89169230872702,Istanbul,Kartal,0.2825915654000393,0.02697701167814981,31,Istanbul,Kartal,albopictus,0,0,1,0,0
TUR.40.25_1,2033,1,6.774407267570496,75.68241746871568,Istanbul,Kartal,0.2735127429873273,0.026121742184678443,31,Istanbul,Kartal,albopictus,0,0,1,0,0
TUR.40.25_1,2033,2,6.400315442506005,73.97376298371381,Istanbul,Kartal,0.2045958089597619,0.021682460892754718,28,Istanbul,Kartal,albopictus,0,0,1,0,0
TUR.40.25_1,2033,3,8.411511266932767,76.11657062062568,Istanbul,Kartal,0.2511584155835701,0.02401264941672754,31,Istanbul,Kartal,albopictus,0,0,1,0,0
TUR.40.25_1,2033,4,12.353217405431412,80.510486711184,Istanbul,Kartal,0.33211081000914305,0.032665647865634084,30,Istanbul,Kartal,albopictus,0,0,1,2.9171373927390845e-4,0
TUR.40.25_1,2033,5,18.47177011826459,68.87541342313726,Istanbul,Kartal,0.46420309674143645,0.04392878911346121,31,Istanbul,Kartal,albopictus,4.268807529683727e-17,4.268807529683727e-17,1,0.05130461193597833,0
TUR.40.25_1,2033,6,24.043991313261145,63.90612058547583,Istanbul,Kartal,0.5221221071340686,0.050872569538965795,30,Istanbul,Kartal,albopictus,0.002416402282307591,0.002416402282307591,0.9975835977176924,0.16785630427707898,0.0012608614966720388
TUR.40.25_1,2033,7,24.766818102668314,70.04460580617743,Istanbul,Kartal,0.613145880966385,0.05761058504635874,31,Istanbul,Kartal,albopictus,0.04904884658518416,0.04904884658518416,0.9509511534148158,0.20306767268613762,0.02962637210303576
TUR.40.25_1,2033,8,23.55403647703283,69.16220313155321,Istanbul,Kartal,0.7280720840914119,0.06803366741329975,31,Istanbul,Kartal,albopictus,0.004018603589037823,0.004018603589037823,0.9959813964109622,0.17268386520371648,0.0029215570119525136
TUR.40.25_1,2033,9,22.26213056900922,78.6298972516427,Istanbul,Kartal,0.5803086094154893,0.0563791740397116,30,Istanbul,Kartal,albopictus,0.0010109202139604579,0.0010109202139604579,0.9989890797860396,0.16281665263130266,5.864736606470133e-4
TUR.40.25_1,2033,10,18.194423395044666,79.3180021882779,Istanbul,Kartal,0.5718699157763762,0.05383873107990966,31,Istanbul,Kartal,albopictus,1.109667913112844e-16,1.109667913112844e-16,0.9999999999999999,0.05331628990912073,1.1102230246251565e-16
TUR.40.25_1,2033,11,13.77565822881811,77.31076907856679,Istanbul,Kartal,0.3317129160250405,0.03262715744795086,30,Istanbul,Kartal,albopictus,0,0,1,0.002965990450821057,0
TUR.40.25_1,2033,12,8.531849636751064,79.88989940101217,Istanbul,Kartal,0.27283908168937393,0.026058250041735675,31,Istanbul,Kartal,albopictus,0,0,1,0,0
TUR.40.25_1,2034,1,8.525988459587097,75.85102708785631,Istanbul,Kartal,0.263082194764533,0.025138205473529185,31,Istanbul,Kartal,albopictus,0,0,1,0,0
TUR.40.25_1,2034,2,5.718563714448144,79.87663316193647,Istanbul,Kartal,0.19679344323366008,0.020864277034558065,28,Istanbul,Kartal,albopictus,0,0,1,0,0
TUR.40.25_1,2034,3,8.203535879359524,76.34666553029365,Istanbul,Kartal,0.24158036105970304,0.02310757904941574,31,Istanbul,Kartal,albopictus,0,0,1,0,0
TUR.40.25_1,2034,4,11.872272771947525,77.48242579809806,Istanbul,Kartal,0.3194455945560109,0.031439721900183515,30,Istanbul,Kartal,albopictus,0,0,1,6.208278441294831e-5,0
TUR.40.25_1,2034,5,16.725609611062442,74.01545095975835,Istanbul,Kartal,0.4465004744326968,0.04228948523678777,31,Istanbul,Kartal,albopictus,0,0,1,0.026045922703574694,0
TUR.40.25_1,2034,6,21.73125098733341,73.72651700881568,Istanbul,Kartal,0.5022107137665528,0.04898084185488272,30,Istanbul,Kartal,albopictus,1.187766280257041e-5,1.187766280257041e-5,0.9999881223371975,0.13571508974342025,5.965071722791038e-6
TUR.40.25_1,2034,7,25.440363940070657,67.1057439592536,Istanbul,Kartal,0.5897632494693072,0.055475698468640755,31,Istanbul,Kartal,albopictus,0.053975015176434445,0.053975015176434445,0.9460249848235656,0.20441594184367187,0.03133116043777506
TUR.40.25_1,2034,8,25.47079024595373,73.31929999434618,Istanbul,Kartal,0.7003066831092072,0.06552613050486356,31,Istanbul,Kartal,albopictus,0.13493506440087877,0.13493506440087877,0.8650649355991212,0.23040059712960095,0.0901685599889882
TUR.40.25_1,2034,9,22.497274230508243,68.18200220159387,Istanbul,Kartal,0.5581782440493263,0.05428859426365895,30,Istanbul,Kartal,albopictus,5.7249131308774794e-5,5.7249131308774794e-5,0.9999427508686912,0.1436475010547428,3.195470902472852e-5
TUR.40.25_1,2034,10,18.451305108911853,72.69188066728181,Istanbul,Kartal,0.5500613643044354,0.05183974431511085,31,Istanbul,Kartal,albopictus,1.6664447599623598e-16,1.6664447599623598e-16,0.9999999999999998,0.05373429596967304,1.1102230246251565e-16
TUR.40.25_1,2034,11,11.836981394711664,74.88589572651601,Istanbul,Kartal,0.31906287446232173,0.031402652442788836,30,Istanbul,Kartal,albopictus,0,0,1,5.1332709060162137e-5,0
TUR.40.25_1,2034,12,8.880429043489345,78.29070201331686,Istanbul,Kartal,0.26243422388442766,0.025077073035387865,31,Istanbul,Kartal,albopictus,0,0,1,0,0
TUR.40.25_1,2035,1,5.957031607627869,78.72382219283678,Istanbul,Kartal,0.25636340925557694,0.02450413929822759,31,Istanbul,Kartal,albopictus,0,0,1,0,0
TUR.40.25_1,2035,2,5.660483994904687,78.65880631867475,Istanbul,Kartal,0.19176758834507934,0.02033688568772618,28,Istanbul,Kartal,albopictus,0,0,1,0,0
TUR.40.25_1,2035,3,7.571480596766752,78.04551043996162,Istanbul,Kartal,0.2354107051064028,0.02252413810330245,31,Istanbul,Kartal,albopictus,0,0,1,0,0
TUR.40.25_1,2035,4,12.071789068334244,80.1563378464379,Istanbul,Kartal,0.31128735931883045,0.03064922523212621,30,Istanbul,Kartal,albopictus,0,0,1,1.3158944226807095e-4,0
TUR.40.25_1,2035,5,17.770090888528262,69.37882376249273,Istanbul,Kartal,0.435097418744928,0.04123204773035538,31,Istanbul,Kartal,albopictus,0,0,1,0.03949364726428694,0
TUR.40.25_1,2035,6,22.33585189370548,61.685100840602786,Istanbul,Kartal,0.4893848892400498,0.04776029881428612,30,Istanbul,Kartal,albopictus,2.1440602071658987e-6,2.1440602071658987e-6,0.9999978559397928,0.12596830662912073,1.0492701165709661e-6
TUR.40.25_1,2035,7,24.600300844977884,65.44062860280829,Istanbul,Kartal,0.5747014442498558,0.05409796161675162,31,Istanbul,Kartal,albopictus,0.013223487254892655,0.013223487254892655,0.9867765127451074,0.18379913434263467,0.007570753599524749
TUR.40.25_1,2035,8,26.06975684446447,68.39599829756884,Istanbul,Kartal,0.6824217388296807,0.06390734164502143,31,Istanbul,Kartal,albopictus,0.09594997276439861,0.09594997276439861,0.90405002723560135,0.21846886404380667,0.06338067308005613
TUR.40.25_1,2035,9,23.262819121865665,71.87627328924036,Istanbul,Kartal,0.5439230797996522,0.052939505776060436,30,Istanbul,Kartal,albopictus,0.00392823077983007,0.00392823077983007,0.9960717692201699,0.17267766404151025,0.0021343743606901944
TUR.40.25_1,2035,10,17.41497965419994,73.37471147782868,Istanbul,Kartal,0.5360134948663952,0.050549871146368774,31,Istanbul,Kartal,albopictus,0,0,1,0.03583140510375906,0
TUR.40.25_1,2035,11,12.234327891293695,77.53257846577382,Istanbul,Kartal,0.31091441341081644,0.03061307301750138,30,Istanbul,Kartal,albopictus,0,0,1,1.9730219291928791e-4,0
TUR.40.25_1,2035,12,6.732897057252773,77.11008372718405,Istanbul,Kartal,0.25573198672973546,0.024444529406649984,31,Istanbul,Kartal,albopictus,0,0,1,0,0
TUR.40.25_1,2036,1,6.561928629875183,80.65445573775865,Istanbul,Kartal,0.2634898162046836,0.025176660318471544,31,Istanbul,Kartal,albopictus,0,0,1,0,0
TUR.40.25_1,2036,2,8.285672345582178,76.71215104523725,Istanbul,Kartal,0.20413758342109564,0.020896264159914746,29,Istanbul,Kartal,albopictus,0,0,1,0,0
TUR.40.25_1,2036,3,7.043254698024076,77.70211902150459,Istanbul,Kartal,0.2419546674044384,0.023142964572841485,31,Istanbul,Kartal,albopictus,0,0,1,0,0
TUR.40.25_1,2036,4,11.888478559606217,76.56291591040275,Istanbul,Kartal,0.3199405458521989,0.03148765973033729,30,Istanbul,Kartal,albopictus,0,0,1,6.447105694152296e-5,0
TUR.40.25_1,2036,5,17.23906214096967,71.2349944167896,Istanbul,Kartal,0.4471922854713689,0.04235360128784804,31,Istanbul,Kartal,albopictus,0,0,1,0.032191241618816056,0
TUR.40.25_1,2036,6,24.557899699491614,65.2239726057395,Istanbul,Kartal,0.502988842649763,0.049054840523364174,30,Istanbul,Kartal,albopictus,0.01153470066215935,0.01153470066215935,0.9884652993378407,0.1822792212399078,0.005785027647661867
TUR.40.25_1,2036,7,25.53910737879136,67.94521768361884,Istanbul,Kartal,0.5906770328795139,0.055559219676050486,31,Istanbul,Kartal,albopictus,0.06620178331986411,0.06620178331986411,0.9337982166801359,0.20889098065318493,0.0383491855416781
TUR.40.25_1,2036,8,25.341039040509393,71.63791495406298,Istanbul,Kartal,0.7013917433086311,0.06562425055349375,31,Istanbul,Kartal,albopictus,0.10038408374505928,0.10038408374505928,0.8996159162549408,0.2200378714931991,0.06798704809412093
TUR.40.25_1,2036,9,21.700156997231876,67.17053140691614,Istanbul,Kartal,0.5590430894255167,0.05437038014064732,30,Istanbul,Kartal,albopictus,8.468320517800998e-7,8.468320517800998e-7,0.9999991531679482,0.12221801928001352,4.7341549436197283e-7
TUR.40.25_1,2036,10,14.892186838037828,75.37824388749665,Istanbul,Kartal,0.5509136333289114,0.05191794311761022,31,Istanbul,Kartal,albopictus,0,0,1,0.008310849049457355,0
TUR.40.25_1,2036,11,11.311141589108637,79.08328342182851,Istanbul,Kartal,0.3195572327692506,0.031450534673713615,30,Istanbul,Kartal,albopictus,0,0,1,3.0566732207443126e-6,0
TUR.40.25_1,2036,12,9.038473858552821,80.56484141761374,Istanbul,Kartal,0.26284084135384755,0.025115435573512257,31,Istanbul,Kartal,albopictus,0,0,1,0,0
TUR.40.25_1,2037,1,8.864784121513367,81.30229051559068,Istanbul,Kartal,0.26744048228701434,0.025549286002111926,31,Istanbul,Kartal,albopictus,0,0,1,0,0
TUR.40.25_1,2037,2,5.647754826966454,77.93067216340131,Istanbul,Kartal,0.2000535741935643,0.02120622916822612,28,Istanbul,Kartal,albopictus,0,0,1,0,0
TUR.40.25_1,2037,3,9.376254881129544,74.25048938283271,Istanbul,Kartal,0.24558244365683737,0.02348585458135155,31,Istanbul,Kartal,albopictus,0,0,1,0,0
TUR.40.25_1,2037,4,12.192278188817642,75.89934932104728,Istanbul,Kartal,0.32473761270308155,0.03195215015606656,30,Istanbul,Kartal,albopictus,0,0,1,1.7347115751960646e-4,0
TUR.40.25_1,2037,5,19.67255480149213,61.68979025419195,Istanbul,Kartal,0.45389731650421644,0.042974791550426716,31,Istanbul,Kartal,albopictus,1.5247730855705298e-13,1.5247730855705298e-13,0.9999999999998476,0.06859912380019863,6.916689443414725e-14
TUR.40.25_1,2037,6,22.52541183022892,67.69876890090552,Istanbul,Kartal,0.5105304660379836,0.0497717371867159,30,Istanbul,Kartal,albopictus,5.3635347002266965e-5,5.3635347002266965e-5,0.9999463646529977,0.14322907452361283,2.7382103804485247e-5
TUR.40.25_1,2037,7,26.019429262946634,66.91470773488837,Istanbul,Kartal,0.5995334196386746,0.0563683244603177,31,Istanbul,Kartal,albopictus,0.07375690376115585,0.07375690376115585,0.9262430962388442,0.2112714016925383,0.043256289708896944
TUR.40.25_1,2037,8,26.420094826642206,65.38375693404345,Istanbul,Kartal,0.711908144324159,0.06657469619209977,31,Istanbul,Kartal,albopictus,0.07228029853160202,0.07228029853160202,0.927719701468398,0.21067804385897484,0.05015544415201956
TUR.40.25_1,2037,9,22.250856231240665,66.82036508611536,Istanbul,Kartal,0.5674251688689176,0.055162682297047017,30,Istanbul,Kartal,albopictus,1.1025792460249428e-5,1.1025792460249428e-5,0.9999889742075397,0.13474135347490163,6.256292577999645e-6
TUR.40.25_1,2037,10,16.879144388086658,76.98491045243806,Istanbul,Kartal,0.5591738227997463,0.05267551165087658,31,Istanbul,Kartal,albopictus,0,0,1,0.02918522228535,0
TUR.40.25_1,2037,11,11.04543075842016,83.5557413075707,Istanbul,Kartal,0.3243485523695657,0.03191448652146811,30,Istanbul,Kartal,albopictus,0,0,1,2.6882949835292034e-7,0
TUR.40.25_1,2037,12,7.466128124910243,74.02109446937155,Istanbul,Kartal,0.266781776954111,0.02548716700138909,31,Istanbul,Kartal,albopictus,0,0,1,0,0
TUR.40.25_1,2038,1,5.854665160179138,78.83003862350084,Istanbul,Kartal,0.2758143649545619,0.0263386373437432,31,Istanbul,Kartal,albopictus,0,0,1,0,0
TUR.40.25_1,2038,2,7.429488339844872,83.310966963206,Istanbul,Kartal,0.2063174918443057,0.021862910594830254,28,Istanbul,Kartal,albopictus,0,0,1,0,0
TUR.40.25_1,2038,3,9.479335630641263,74.36280169972724,Istanbul,Kartal,0.25327192488572997,0.024212250778733013,31,Istanbul,Kartal,albopictus,0,0,1,0,0
TUR.40.25_1,2038,4,13.534031194799088,71.25139247290275,Istanbul,Kartal,0.3349055373316229,0.03293595366671265,30,Istanbul,Kartal,albopictus,0,0,1,0.002016457445454174,0
TUR.40.25_1,2038,5,19.33011324265424,63.74596548612554,Istanbul,Kartal,0.46810938656562906,0.04429014254141728,31,Istanbul,Kartal,albopictus,1.9014234631242742e-14,1.9014234631242742e-14,0.999999999999981,0.06358093312764357,8.881784197001252e-15
TUR.40.25_1,2038,6,22.182037577909583,66.11203031447974,Istanbul,Kartal,0.5265157880215958,0.05128949424565743,30,Istanbul,Kartal,albopictus,5.838463219573376e-6,5.838463219573376e-6,0.9999941615367804,0.131104316170835,3.0740383379912473e-6
TUR.40.25_1,2038,7,24.84224038965562,66.81897027761298,Istanbul,Kartal,0.6183055309824613,0.058081022383101644,31,Istanbul,Kartal,albopictus,0.02778811710748696,0.02778811710748696,0.972211882892513,0.19348193387661636,0.017034785462326174
TUR.40.25_1,2038,8,24.017682412091425,72.974771796104,Istanbul,Kartal,0.7341988432477584,0.06858607781829362,31,Istanbul,Kartal,albopictus,0.032191485381491476,0.032191485381491476,0.9678085146185085,0.19613921531797174,0.023357833383640503
TUR.40.25_1,2038,9,21.720794509438907,73.49097360662317,Istanbul,Kartal,0.585191932322561,0.05683986206563729,30,Istanbul,Kartal,albopictus,1.0559074027306325e-5,1.0559074027306325e-5,0.9999894409259726,0.1348879283238788,6.179065843103793e-6
TUR.40.25_1,2038,10,16.91055079067455,72.90276476152009,Istanbul,Kartal,0.5766822266989882,0.0542792628997798,31,Istanbul,Kartal,albopictus,0,0,1,0.028184613271266035,0
TUR.40.25_1,2038,11,13.999315836850336,79.45938205464101,Istanbul,Kartal,0.33450429505184526,0.032897150189973856,30,Istanbul,Kartal,albopictus,0,0,1,0.003916495583380372,0
TUR.40.25_1,2038,12,7.904643788057216,81.43714061194967,Istanbul,Kartal,0.2751350347666514,0.026274625153524855,31,Istanbul,Kartal,albopictus,0,0,1,0,0
TUR.40.25_1,2039,1,7.451467394828796,75.31519182174303,Istanbul,Kartal,0.2854704159141394,0.0272480566036144,31,Istanbul,Kartal,albopictus,0,0,1,0,0
TUR.40.25_1,2039,2,6.046749272767236,80.871025556956,Istanbul,Kartal,0.2135405101792247,0.022619592989075565,28,Istanbul,Kartal,albopictus,0,0,1,0,0
TUR.40.25_1,2039,3,6.553226793513578,75.62677112111396,Istanbul,Kartal,0.2621387821784232,0.025049198485994517,31,Istanbul,Kartal,albopictus,0,0,1,0,0
TUR.40.25_1,2039,4,11.752667707555435,74.11637507788322,Istanbul,Kartal,0.3466303252542955,0.034069151296890365,30,Istanbul,Kartal,albopictus,0,0,1,3.445437855555603e-5,0
TUR.40.25_1,2039,5,18.517325233010684,67.57064199979742,Istanbul,Kartal,0.4844975398515499,0.045804649609833326,31,Istanbul,Kartal,albopictus,4.2021941482062175e-17,4.2021941482062175e-17,1,0.051103697721496956,0
TUR.40.25_1,2039,6,22.5209581711713,68.57748441604224,Istanbul,Kartal,0.5449487049619306,0.053036633702440716,30,Istanbul,Kartal,albopictus,8.026857377793318e-5,8.026857377793318e-5,0.999919731426222,0.1458400293664408,4.3741298650923355e-5
TUR.40.25_1,2039,7,25.22670083887437,65.3222966936286,Istanbul,Kartal,0.6399519369509787,0.06005210171268405,31,Istanbul,Kartal,albopictus,0.029972944558609993,0.029972944558609993,0.97002705544139,0.19427503283497768,0.018998454442732293
TUR.40.25_1,2039,8,26.195248940411737,67.99099951827196,Istanbul,Kartal,0.7599025858575066,0.07090005257481669,31,Istanbul,Kartal,albopictus,0.09658557720719635,0.09658557720719635,0.9034144227928036,0.21862889364698732,0.07076687509322632
TUR.40.25_1,2039,9,21.688768218545352,71.20702280095911,Istanbul,Kartal,0.6056790564089775,0.05877014796806612,30,Istanbul,Kartal,albopictus,3.6334909758967695e-6,3.6334909758967695e-6,0.9999963665090241,0.1290952506490941,2.20072696410778e-6
TUR.40.25_1,2039,10,17.622867303736072,79.37899919755525,Istanbul,Kartal,0.5968714324693455,0.056125202622326786,31,Istanbul,Kartal,albopictus,0,0,1,0.042417562245805424,0
TUR.40.25_1,2039,11,12.59565220159643,81.96737766010976,Istanbul,Kartal,0.34621503578773943,0.03402903637324206,30,Istanbul,Kartal,albopictus,0,0,1,5.211541872053438e-4,0
TUR.40.25_1,2039,12,9.52623821707333,74.28532329017233,Istanbul,Kartal,0.284767302893475,0.0271818652009983,31,Istanbul,Kartal,albopictus,0,0,1,0,0
TUR.40.25_1,2040,1,8.515513300895691,77.35795457809068,Istanbul,Kartal,0.2609213868366455,0.024934330374755453,31,Istanbul,Kartal,albopictus,0,0,1,0,0
TUR.40.25_1,2040,2,3.955603280488183,73.52967881623334,Istanbul,Kartal,0.2021477039945156,0.02069469530587198,29,Istanbul,Kartal,albopictus,0,0,1,0,0
TUR.40.25_1,2040,3,10.047322118983548,74.06782641896552,Istanbul,Kartal,0.23959615699805253,0.02291997840207971,31,Istanbul,Kartal,albopictus,0,0,1,0,0
TUR.40.25_1,2040,4,10.928249639623306,75.8360253464379,Istanbul,Kartal,0.3168218496314897,0.031185563047865794,30,Istanbul,Kartal,albopictus,0,0,1,2.9435223189453216e-8,0
TUR.40.25_1,2040,5,15.705531905679141,75.55112600858648,Istanbul,Kartal,0.4428331727902455,0.04194953330194362,31,Istanbul,Kartal,albopictus,0,0,1,0.014983031701289107,0
TUR.40.25_1,2040,6,21.964855418485755,74.44501523879615,Istanbul,Kartal,0.4980858398169947,0.04858847752267892,30,Istanbul,Kartal,albopictus,5.23975217456088e-5,5.23975217456088e-5,0.9999476024782544,0.14394517305580784,2.6098123061091272e-5
TUR.40.25_1,2040,7,24.032570895026712,69.31092889577704,Istanbul,Kartal,0.584919268651181,0.05503282780958674,31,Istanbul,Kartal,albopictus,0.013232199203519066,0.013232199203519066,0.986767800796481,0.18410009761960286,0.007709893398823109
TUR.40.25_1,2040,8,25.909442284527948,71.05852347457079,Istanbul,Kartal,0.6945547612272671,0.06500582241341435,31,Istanbul,Kartal,albopictus,0.12616399234827955,0.12616399234827955,0.8738360076517204,0.2279250654364477,0.0838982150873101
TUR.40.25_1,2040,9,23.563056777505313,71.80933298162317,Istanbul,Kartal,0.5535936845507421,0.053854927841970324,30,Istanbul,Kartal,albopictus,0.009159646591428303,0.009159646591428303,0.9908403534085717,0.18081369050814353,0.005057888094775476
TUR.40.25_1,2040,10,19.14979525173412,68.53605409867829,Istanbul,Kartal,0.5455434722521914,0.051425103450611576,31,Istanbul,Kartal,albopictus,2.2537027799529596e-14,2.2537027799529596e-14,0.9999999999999775,0.0643489482747396,1.2323475573339238e-14
TUR.40.25_1,2040,11,12.697851756039789,69.1857233021996,Istanbul,Kartal,0.3164422729835717,0.031148788416287432,30,Istanbul,Kartal,albopictus,0,0,1,5.07745865175745e-4,0
TUR.40.25_1,2040,12,9.351379170137294,78.15474620276999,Istanbul,Kartal,0.2602787380218211,0.024873687379642573,31,Istanbul,Kartal,albopictus,0,0,1,0,0
TUR.40.25_1,2041,1,5.207919478416443,78.46493394820787,Istanbul,Kartal,0.2745297932199349,0.026217590671757107,31,Istanbul,Kartal,albopictus,0,0,1,0,0
TUR.40.25_1,2041,2,2.4248639730846184,77.49569749299116,Istanbul,Kartal,0.20535659331233116,0.021762202857965263,28,Istanbul,Kartal,albopictus,0,0,1,0,0
TUR.40.25_1,2041,3,7.767480695948881,74.44369616994209,Istanbul,Kartal,0.25209234181384615,0.024100855126181764,31,Istanbul,Kartal,albopictus,0,0,1,0,0
TUR.40.25_1,2041,4,12.579940122716568,68.79116450659416,Istanbul,Kartal,0.3333457556752283,0.032785101026156505,30,Istanbul,Kartal,albopictus,0,0,1,3.94455281167114e-4,0
TUR.40.25_1,2041,5,19.162699531106387,63.150949006633354,Istanbul,Kartal,0.4659292242423402,0.044088482305141063,31,Istanbul,Kartal,albopictus,3.618605415312004e-15,3.618605415312004e-15,0.9999999999999963,0.0600070272262033,1.6653345369377348e-15
TUR.40.25_1,2041,6,25.32266067056095,58.039741801296145,Istanbul,Kartal,0.5240636050135106,0.05105682454120819,30,Istanbul,Kartal,albopictus,0.003750488473240648,0.003750488473240648,0.9962495115267593,0.17015341536233572,0.001963564190398559
TUR.40.25_1,2041,7,25.123408373664407,64.64215905935126,Istanbul,Kartal,0.6154258484518054,0.05781849280808593,31,Istanbul,Kartal,albopictus,0.022100729766326124,0.022100729766326124,0.9778992702336738,0.18999712060911333,0.01350927981227823
TUR.40.25_1,2041,8,26.670934060040643,65.46388083541063,Istanbul,Kartal,0.7307794017629494,0.06827780919611048,31,Istanbul,Kartal,albopictus,0.07818725971072432,0.07818725971072432,0.9218127402892757,0.2126112079545435,0.05553593455329686
TUR.40.25_1,2041,9,22.014085601357852,74.18759836248255,Istanbul,Kartal,0.5824664723353077,0.05658277251111277,30,Istanbul,Kartal,albopictus,6.248910925402167e-5,6.248910925402167e-5,0.999937510890746,0.14472176851929927,3.6397148634237375e-5
TUR.40.25_1,2041,10,18.657497125513416,76.15992876298493,Istanbul,Kartal,0.5739963996268511,0.054033420400815046,31,Istanbul,Kartal,albopictus,4.155231714264573e-15,4.155231714264573e-15,0.9999999999999959,0.06079985578797982,2.3314683517128287e-15
TUR.40.25_1,2041,11,11.87959537786596,77.63450717671132,Istanbul,Kartal,0.33294638213238686,0.032746472250706815,30,Istanbul,Kartal,albopictus,0,0,1,6.397169545274646e-5,0
TUR.40.25_1,2041,12,6.599388375001796,77.57794871741842,Istanbul,Kartal,0.2738536269294451,0.026153868699252292,31,Istanbul,Kartal,albopictus,0,0,1,0,0
TUR.40.25_1,2042,1,7.036986231803894,79.34284074752428,Istanbul,Kartal,0.30402375494543205,0.028993050541321952,31,Istanbul,Kartal,albopictus,0,0,1,0,0
TUR.40.25_1,2042,2,8.247154393616846,74.16236161652631,Istanbul,Kartal,0.22741896924680793,0.024071855905744677,28,Istanbul,Kartal,albopictus,0,0,1,0,0
TUR.40.25_1,2042,3,9.423889005885403,73.74332538136787,Istanbul,Kartal,0.279175747929961,0.026655313130686586,31,Istanbul,Kartal,albopictus,0,0,1,0,0
TUR.40.25_1,2042,4,14.94561986362233,65.56841670385978,Istanbul,Kartal,0.3691585789172056,0.03624277549776134,30,Istanbul,Kartal,albopictus,0,0,1,0.007602710017557919,0
TUR.40.25_1,2042,5,18.99302370408002,68.46820211942632,Istanbul,Kartal,0.5159860816253379,0.04870792254729073,31,Istanbul,Kartal,albopictus,5.730083074695358e-15,5.730083074695358e-15,0.9999999999999942,0.06106328649866017,2.9976021664879227e-15
TUR.40.25_1,2042,6,23.452388987821692,68.52589445022193,Istanbul,Kartal,0.5803660985487447,0.05638459881845892,30,Istanbul,Kartal,albopictus,0.002357513209798799,0.002357513209798799,0.9976424867902012,0.16824438168392897,0.0013672851565913469
TUR.40.25_1,2042,7,25.99156862146714,65.8158498552497,Istanbul,Kartal,0.6815437958200077,0.06382780574960467,31,Istanbul,Kartal,albopictus,0.06152004694283995,0.06152004694283995,0.93847995305716,0.2071403833914138,0.04106175973423254
TUR.40.25_1,2042,8,28.163550713483026,64.06185751998095,Istanbul,Kartal,0.8092902965280607,0.07533004985241498,31,Istanbul,Kartal,albopictus,0.0730342328705189,0.0730342328705189,0.9269657671294811,0.21003851542147794,0.05739305441120557
TUR.40.25_1,2042,9,24.07326681473676,74.23903574041223,Istanbul,Kartal,0.6450434467319629,0.06246795901712787,30,Istanbul,Kartal,albopictus,0.046014246660941914,0.046014246660941914,0.9539857533390581,0.20202450210268044,0.029245027703437287
TUR.40.25_1,2042,10,19.35886736477123,69.99458452470368,Istanbul,Kartal,0.635663396285406,0.05966192351510469,31,Istanbul,Kartal,albopictus,2.45855780178772e-13,2.45855780178772e-13,0.9999999999997542,0.07012886706044341,1.5631940186722204e-13
TUR.40.25_1,2042,11,13.229306796017816,75.98050784809804,Istanbul,Kartal,0.36871629889106927,0.03620014949809269,30,Istanbul,Kartal,albopictus,0,0,1,0.00142488011204157,0
TUR.40.25_1,2042,12,9.135934605317958,76.94048228675436,Istanbul,Kartal,0.3032749450906213,0.028922683516971692,31,Istanbul,Kartal,albopictus,0,0,1,0,0
TUR.40.25_1,2043,1,6.452040076255798,83.29558427779772,Istanbul,Kartal,0.2898664810022507,0.027661802219770437,31,Istanbul,Kartal,albopictus,0,0,1,0,0
TUR.40.25_1,2043,2,7.3697377828990716,75.54127549592084,Istanbul,Kartal,0.21682889990146728,0.022963890299078416,28,Istanbul,Kartal,albopictus,0,0,1,0,0
TUR.40.25_1,2043,3,8.337273443446438,79.6357890654499,Istanbul,Kartal,0.2661755547626659,0.025429993907694737,31,Istanbul,Kartal,albopictus,0,0,1,0,0
TUR.40.25_1,2043,4,12.31200055515065,77.8379021774926,Istanbul,Kartal,0.3519682145289214,0.03458461690146719,30,Istanbul,Kartal,albopictus,0,0,1,2.476038949761398e-4,0
TUR.40.25_1,2043,5,16.157856772927676,66.75206137235601,Istanbul,Kartal,0.4919584976302986,0.046493356871594393,31,Istanbul,Kartal,albopictus,0,0,1,0.017395732096300513,0
TUR.40.25_1,2043,6,23.471182093900794,65.08351926711646,Istanbul,Kartal,0.5533405727112499,0.053830979486926944,30,Istanbul,Kartal,albopictus,7.13770010925683e-4,7.13770010925683e-4,0.9992862299890743,0.1592391116145591,3.9487992102305025e-4
TUR.40.25_1,2043,7,27.14298921472886,57.08508737356025,Istanbul,Kartal,0.6498067947970736,0.06094809886652064,31,Istanbul,Kartal,albopictus,0.012113525586456054,0.012113525586456054,0.9878864744135439,0.18062082186975922,0.0078405524885653
TUR.40.25_1,2043,8,25.27821097654455,71.9690230473247,Istanbul,Kartal,0.7716046083502978,0.07195161979319586,31,Istanbul,Kartal,albopictus,0.10378342201510786,0.10378342201510786,0.8962165779848922,0.22099010125593238,0.07695728461877605
TUR.40.25_1,2043,9,22.267871688393985,73.43231882146692,Istanbul,Kartal,0.6150061334230824,0.05964763101864079,30,Istanbul,Kartal,albopictus,1.5161169858328221e-4,1.5161169858328221e-4,0.9998483883014168,0.14986912529423926,9.323777761560681e-5
TUR.40.25_1,2043,10,17.86632891262279,76.65136858232087,Istanbul,Kartal,0.6060628776072496,0.05696440095677835,31,Istanbul,Kartal,albopictus,5.551115123125783e-20,5.551115123125783e-20,1,0.0452654086914156,0
TUR.40.25_1,2043,11,14.46271763128393,77.74832248432851,Istanbul,Kartal,0.3515465298654426,0.03454390595702017,30,Istanbul,Kartal,albopictus,0,0,1,0.006013657039221572,0
TUR.40.25_1,2043,12,11.552867665010341,72.96213450843405,Istanbul,Kartal,0.2891525404827254,0.027594620063012387,31,Istanbul,Kartal,albopictus,0,0,1,1.2192598820410253e-5,0
TUR.40.25_1,2044,1,8.791035532951355,79.1850343510399,Istanbul,Kartal,0.3169195108357169,0.030204088445119015,31,Istanbul,Kartal,albopictus,0,0,1,0,0
TUR.40.25_1,2044,2,6.920527615967919,80.19572495881147,Istanbul,Kartal,0.2455320058014789,0.02508000003547417,29,Istanbul,Kartal,albopictus,0,0,1,0,0
TUR.40.25_1,2044,3,12.037712896571438,76.71927752980537,Istanbul,Kartal,0.29101752751866006,0.027770106493564706,31,Istanbul,Kartal,albopictus,0,0,1,1.0912542119427691e-4,0
TUR.40.25_1,2044,4,13.429938596837662,66.85322963110588,Istanbul,Kartal,0.38481715441034486,0.03775070111698864,30,Istanbul,Kartal,albopictus,0,0,1,0.0016184729323241826,0
TUR.40.25_1,2044,5,19.065857718972598,67.21919394071539,Istanbul,Kartal,0.5378726297755615,0.0507206773171861,31,Istanbul,Kartal,albopictus,6.921407891269382e-15,6.921407891269382e-15,0.9999999999999931,0.06156887333672787,3.774758283725532e-15
TUR.40.25_1,2044,6,24.191070781034583,61.26427488235083,Istanbul,Kartal,0.6049834497002193,0.05870467311089933,30,Istanbul,Kartal,albopictus,0.0013579155452521105,0.0013579155452521105,0.9986420844547479,0.16307697569559035,8.21179078731471e-4
TUR.40.25_1,2044,7,26.607483919929056,63.864998414820015,Istanbul,Kartal,0.7104527947928362,0.06644322305540362,31,Istanbul,Kartal,albopictus,0.058361264278149874,0.058361264278149874,0.9416387357218501,0.20544729250753907,0.04061509450510192
TUR.40.25_1,2044,8,24.839948037091425,76.54868537032274,Istanbul,Kartal,0.8436179105339968,0.07839673192170982,31,Istanbul,Kartal,albopictus,0.13198958418944398,0.13198958418944398,0.868010415810556,0.2296782381567524,0.10537333089906242
TUR.40.25_1,2044,9,23.00552542069379,74.25227273992395,Istanbul,Kartal,0.6724042127654473,0.06502961246125427,30,Istanbul,Kartal,albopictus,0.00373730980109267,0.00373730980109267,0.9962626901989073,0.17248074710597056,0.002509827956538646
TUR.40.25_1,2044,10,18.99372835720287,75.15722795732087,Istanbul,Kartal,0.6626262893276201,0.0621123607900157,31,Istanbul,Kartal,albopictus,6.810096930820464e-14,6.810096930820464e-14,0.9999999999999319,0.06714453797702324,4.5075054799781356e-14
TUR.40.25_1,2044,11,15.365542986813715,79.02369022114492,Istanbul,Kartal,0.3843561142210324,0.037706336534411355,30,Istanbul,Kartal,albopictus,0,0,1,0.012409521958930886,0
TUR.40.25_1,2044,12,12.147301449495204,77.0588523429067,Istanbul,Kartal,0.31613893876187293,0.030130828038856916,31,Istanbul,Kartal,albopictus,0,0,1,1.5352337734518236e-4,0
TUR.40.25_1,2045,1,8.793278574943542,81.72312791793443,Istanbul,Kartal,0.3123674665845117,0.029776779438920653,31,Istanbul,Kartal,albopictus,0,0,1,0,0
TUR.40.25_1,2045,2,6.998077550355126,75.57885026398725,Istanbul,Kartal,0.23366031805520177,0.024724256456024607,28,Istanbul,Kartal,albopictus,0,0,1,0,0
TUR.40.25_1,2045,3,11.091738546595852,70.17266955861396,Istanbul,Kartal,0.28683752402298396,0.02737674393616507,31,Istanbul,Kartal,albopictus,0,0,1,2.565272855542979e-7,0
TUR.40.25_1,2045,4,12.255543989293717,75.37912379614494,Istanbul,Kartal,0.37928986859925834,0.03721869141240408,30,Istanbul,Kartal,albopictus,0,0,1,2.0260993426513942e-4,0
TUR.40.25_1,2045,5,19.32179338791791,65.03384924467046,Istanbul,Kartal,0.5301469457184519,0.05001068624906502,31,Istanbul,Kartal,albopictus,2.9295510461935236e-14,2.9295510461935236e-14,0.9999999999999707,0.06476112316238869,1.554312234475219e-14
TUR.40.25_1,2045,6,23.896469340604895,68.92279844192115,Istanbul,Kartal,0.5962938255523715,0.05788636736364261,30,Istanbul,Kartal,albopictus,0.00900842448683899,0.00900842448683899,0.990991575513161,0.18016902249628122,0.005357266289872875
TUR.40.25_1,2045,7,25.449061449836282,61.390152528589546,Istanbul,Kartal,0.7002482714053007,0.06552084814693615,31,Istanbul,Kartal,albopictus,0.013206976550539932,0.013206976550539932,0.9867930234494601,0.18310845350014354,0.009205529771217913
TUR.40.25_1,2045,8,27.2077096490299,70.82103186690478,Istanbul,Kartal,0.8315006822518586,0.07731539379445795,31,Istanbul,Kartal,albopictus,0.16865441409895376,0.16865441409895376,0.8313455859010462,0.24067854565610128,0.13084713525382885
TUR.40.25_1,2045,9,24.433204482583438,65.06362070134973,Istanbul,Kartal,0.6627461966870628,0.06412618035982465,30,Istanbul,Kartal,albopictus,0.008901084723752959,0.008901084723752959,0.991098915276247,0.17975780584103404,0.005881794167241439
TUR.40.25_1,2045,10,16.786029535181385,74.33709093339509,Istanbul,Kartal,0.6531087175533951,0.061248116430836386,31,Istanbul,Kartal,albopictus,0,0,1,0.02691427302656629,0
TUR.40.25_1,2045,11,11.618275263730219,77.30767917378164,Istanbul,Kartal,0.37883545051830964,0.037174939894875414,30,Istanbul,Kartal,albopictus,0,0,1,2.006198480646295e-5,0
TUR.40.25_1,2045,12,11.233206524568446,82.86104503089499,Istanbul,Kartal,0.311598106185872,0.02970453952479224,31,Istanbul,Kartal,albopictus,0,0,1,1.925942503995364e-6,0
TUR.40.25_1,2046,1,8.838723063468933,81.82406480758287,Istanbul,Kartal,0.2820158703595867,0.026922800699474836,31,Istanbul,Kartal,albopictus,0,0,1,0,0
TUR.40.25_1,2046,2,6.540374436799218,75.65949296418256,Istanbul,Kartal,0.21095640556090783,0.022348949822010966,28,Istanbul,Kartal,albopictus,0,0,1,0,0
TUR.40.25_1,2046,3,7.02112182448892,73.0301753569538,Istanbul,Kartal,0.25896657828559416,0.02474985485763015,31,Istanbul,Kartal,albopictus,0,0,1,0,0
TUR.40.25_1,2046,4,14.412750524633072,80.47111903540275,Istanbul,Kartal,0.3424356690572745,0.033663891524521095,30,Istanbul,Kartal,albopictus,0,0,1,0.0059751074176544695,0
TUR.40.25_1,2046,5,16.94277078965131,70.89378500516851,Istanbul,Kartal,0.47863451962535136,0.04526309599123357,31,Istanbul,Kartal,albopictus,0,0,1,0.02791053814827275,0
TUR.40.25_1,2046,6,21.877336726469153,74.54229001906958,Istanbul,Kartal,0.5383541507761416,0.052411947625669586,30,Istanbul,Kartal,albopictus,3.451099743966601e-5,3.451099743966601e-5,0.9999654890025603,0.14135154507790934,1.8578966127891228e-5
TUR.40.25_1,2046,7,24.419163760016946,69.47543008596259,Istanbul,Kartal,0.6322077260076411,0.05934740334568489,31,Istanbul,Kartal,albopictus,0.02671321762326692,0.02671321762326692,0.973286782376733,0.19302395629794342,0.016746494606949103
TUR.40.25_1,2046,8,25.76983008665197,67.83582907759813,Istanbul,Kartal,0.7507068235174372,0.0700728669254056,31,Istanbul,Kartal,albopictus,0.078339152028172,0.078339152028172,0.921660847971828,0.21294676658296474,0.05711385059539753
TUR.40.25_1,2046,9,22.50764829972211,74.01292337468958,Istanbul,Kartal,0.5983495897631844,0.05808002380621069,30,Istanbul,Kartal,albopictus,5.488397121117454e-4,5.488397121117454e-4,0.9994511602878883,0.15830526708166515,3.2834409986137736e-4
TUR.40.25_1,2046,10,15.458900171167711,80.41401811845368,Istanbul,Kartal,0.5896485489804425,0.05546521414602068,31,Istanbul,Kartal,albopictus,0,0,1,0.01347898393278422,0
TUR.40.25_1,2046,11,13.66111622137182,74.74833774311757,Istanbul,Kartal,0.34202540510755164,0.033624245424396126,30,Istanbul,Kartal,albopictus,0,0,1,0.0024916313105637342,0
TUR.40.25_1,2046,12,8.443874134736904,74.77448192054342,Istanbul,Kartal,0.28132126587719614,0.026857388457354525,31,Istanbul,Kartal,albopictus,0,0,1,0,0
TUR.40.25_1,2047,1,8.75757110118866,81.34480913131334,Istanbul,Kartal,0.28720703585029167,0.027411523552699157,31,Istanbul,Kartal,albopictus,0,0,1,0,0
TUR.40.25_1,2047,2,5.094014325562646,78.58779191437787,Istanbul,Kartal,0.2148395544460916,0.02275561856699726,28,Istanbul,Kartal,albopictus,0,0,1,0,0
TUR.40.25_1,2047,3,8.994986379847806,77.81577411183662,Istanbul,Kartal,0.2637334673359445,0.025199645545177396,31,Istanbul,Kartal,albopictus,0,0,1,0,0
TUR.40.25_1,2047,4,12.105568212621353,74.2796517502465,Istanbul,Kartal,0.34873900307081784,0.03427281351853073,30,Istanbul,Kartal,albopictus,0,0,1,1.300550568129561e-4,0
TUR.40.25_1,2047,5,18.837584327248965,68.24217367704351,Istanbul,Kartal,0.4874449138693746,0.04607677569395552,31,Istanbul,Kartal,albopictus,1.273925409606136e-15,1.273925409606136e-15,0.9999999999999988,0.057777630494615276,6.661338147750939e-16
TUR.40.25_1,2047,6,21.952512965482825,69.22994260696021,Istanbul,Kartal,0.5482638253122716,0.053350511425108826,30,Istanbul,Kartal,albopictus,6.433151822835215e-6,6.433151822835215e-6,0.9999935668481772,0.1318772193940707,3.5270582071644796e-6
TUR.40.25_1,2047,7,24.980864580939798,70.19830377370673,Istanbul,Kartal,0.6438449963712676,0.060406158208998084,31,Istanbul,Kartal,albopictus,0.06440445694291454,0.06440445694291454,0.9355955430570855,0.20855110018276038,0.0406185137781353
TUR.40.25_1,2047,8,24.094674447003534,74.54558783614306,Istanbul,Kartal,0.7645253485206988,0.07131560560457795,31,Istanbul,Kartal,albopictus,0.04972445353488757,0.04972445353488757,0.9502755464651125,0.2035299284883475,0.03730208228949172
TUR.40.25_1,2047,9,23.013870070962344,68.02023996404505,Istanbul,Kartal,0.6093636214834406,0.05911688634912082,30,Istanbul,Kartal,albopictus,4.5297798140574353e-4,4.5297798140574353e-4,0.9995470220185942,0.15629509380658244,2.759902108945278e-4
TUR.40.25_1,2047,10,13.875506120569566,77.69338365800446,Istanbul,Kartal,0.6005024175773006,0.056456808422643,31,Istanbul,Kartal,albopictus,0,0,1,0.0033430828656969796,0
TUR.40.25_1,2047,11,12.925135233822992,82.01919650776601,Istanbul,Kartal,0.3483211872480207,0.03423246306568195,30,Istanbul,Kartal,albopictus,0,0,1,9.719287105125669e-4,0
TUR.40.25_1,2047,12,11.161158337312587,80.55173411780905,Istanbul,Kartal,0.286499645538458,0.027344940660884554,31,Istanbul,Kartal,albopictus,0,0,1,8.652748125573297e-7,0
TUR.40.25_1,2048,1,8.73155391216278,80.13084276168443,Istanbul,Kartal,0.31350065062602755,0.029883171166834477,31,Istanbul,Kartal,albopictus,0,0,1,0,0
TUR.40.25_1,2048,2,8.921506085816553,75.65202378693647,Istanbul,Kartal,0.24288325879746428,0.02481282725104761,29,Istanbul,Kartal,albopictus,0,0,1,0,0
TUR.40.25_1,2048,3,10.030757749781888,77.01735034474677,Istanbul,Kartal,0.2878780923903777,0.02747468232684258,31,Istanbul,Kartal,albopictus,0,0,1,0,0
TUR.40.25_1,2048,4,12.47303800021901,72.49023066870353,Istanbul,Kartal,0.3806658288774041,0.037351157182529016,30,Istanbul,Kartal,albopictus,0,0,1,3.2673001620277215e-4,0
TUR.40.25_1,2048,5,17.791096519021426,76.16525412137945,Istanbul,Kartal,0.5320701743603949,0.05018748076303292,31,Istanbul,Kartal,albopictus,0,0,1,0.04344186712643276,0
TUR.40.25_1,2048,6,24.783996806425208,61.991001414333255,Istanbul,Kartal,0.59845701704782,0.05809014254239786,30,Istanbul,Kartal,albopictus,0.006421750505164061,0.006421750505164061,0.993578249494836,0.17613762608499547,0.003835766233952209
TUR.40.25_1,2048,7,25.29866128809312,70.69449670583563,Istanbul,Kartal,0.7027885813003482,0.065750548940673,31,Istanbul,Kartal,albopictus,0.08787511102421172,0.08787511102421172,0.9121248889757883,0.21607898440646428,0.0598892811167574
TUR.40.25_1,2048,8,26.71312079710119,68.81590872847704,Istanbul,Kartal,0.8345171401241844,0.07758470021851205,31,Istanbul,Kartal,albopictus,0.1268579223924047,0.1268579223924047,0.8731420776075953,0.22785120372330622,0.1004540208873067
TUR.40.25_1,2048,9,23.787294219521915,65.03390802434778,Istanbul,Kartal,0.6651504592752024,0.06435116195417745,30,Istanbul,Kartal,albopictus,0.0018206088375458925,0.0018206088375458925,0.9981793911624541,0.1655505666508033,0.0012102458655094406
TUR.40.25_1,2048,10,16.803220468408924,84.13484331376618,Istanbul,Kartal,0.6554780179936706,0.06146333549038474,31,Istanbul,Kartal,albopictus,0,0,1,0.03094129630680372,0
TUR.40.25_1,2048,11,14.555700877133539,79.0150918935082,Istanbul,Kartal,0.380209762291497,0.03730725298425752,30,Istanbul,Kartal,albopictus,0,0,1,0.0066357899782667484,0
TUR.40.25_1,2048,12,9.753139271455654,80.49158397132467,Istanbul,Kartal,0.3127284991975299,0.029810677126540952,31,Istanbul,Kartal,albopictus,0,0,1,0,0
TUR.40.25_1,2049,1,9.795392870903015,81.75321062057115,Istanbul,Kartal,0.28995706991574177,0.027670326349588437,31,Istanbul,Kartal,albopictus,0,0,1,0,0
TUR.40.25_1,2049,2,7.890648999634911,74.27115678254194,Istanbul,Kartal,0.21689666315021408,0.022970983895570507,28,Istanbul,Kartal,albopictus,0,0,1,0,0
TUR.40.25_1,2049,3,8.533853376612942,78.90105548390693,Istanbul,Kartal,0.2662587398008961,0.02543783932545962,31,Istanbul,Kartal,albopictus,0,0,1,0,0
TUR.40.25_1,2049,4,10.6490977231194,76.61455928198478,Istanbul,Kartal,0.352078211442077,0.0345952361142684,30,Istanbul,Kartal,albopictus,0,0,1,5.039796771396432e-12,0
TUR.40.25_1,2049,5,17.749287436990176,81.32542563016851,Istanbul,Kartal,0.49211224422986716,0.046507543708380394,31,Istanbul,Kartal,albopictus,1.6653345369377348e-19,1.6653345369377348e-19,1,0.04609109335919969,0
TUR.40.25_1,2049,6,23.495516047758215,66.90969114211646,Istanbul,Kartal,0.5535135024032207,0.05384734141718028,30,Istanbul,Kartal,albopictus,0.0015229333596548781,0.0015229333596548781,0.9984770666403451,0.16482818296684265,8.426089833390993e-4
TUR.40.25_1,2049,7,26.114468630622415,65.31359536916571,Istanbul,Kartal,0.6500098720598056,0.06096655353256364,31,Istanbul,Kartal,albopictus,0.060082677733251454,0.060082677733251454,0.9399173222667485,0.20646976202710882,0.03830154487623605
TUR.40.25_1,2049,8,26.63232932371252,68.47940665328173,Istanbul,Kartal,0.7718457497988482,0.07197327672734355,31,Istanbul,Kartal,albopictus,0.11795249718926075,0.11795249718926075,0.8820475028107393,0.22504957773135048,0.08701984406441687
TUR.40.25_1,2049,9,22.32981855729047,69.81150735906458,Istanbul,Kartal,0.6151983348022292,0.05966570454717257,30,Istanbul,Kartal,albopictus,5.173635338438926e-5,5.173635338438926e-5,0.9999482636466156,0.14324576073358186,3.182761194164829e-5
TUR.40.25_1,2049,10,14.980725961572984,79.82097765214509,Istanbul,Kartal,0.6062522840449992,0.0569816863157947,31,Istanbul,Kartal,albopictus,0,0,1,0.009505395516705838,0
TUR.40.25_1,2049,11,12.06879387182348,78.50936984760976,Istanbul,Kartal,0.35165639499393875,0.03455451289453648,30,Istanbul,Kartal,albopictus,0,0,1,1.3098637587061906e-4,0
TUR.40.25_1,2049,12,9.286732449251064,79.21076121741842,Istanbul,Kartal,0.2892429062759172,0.027603123785519323,31,Istanbul,Kartal,albopictus,0,0,1,0,0
TUR.40.25_1,2050,1,10.821970820426941,78.9877687260399,Istanbul,Kartal,0.29530636393184945,0.028173545503318742,31,Istanbul,Kartal,albopictus,0,0,1,3.0110888060905472e-9,0
TUR.40.25_1,2050,2,8.742794194642237,78.87719010773725,Istanbul,Kartal,0.22089809695777857,0.02338977093148198,28,Istanbul,Kartal,albopictus,0,0,1,0,0
TUR.40.25_1,2050,3,9.739834631190579,72.88974872121162,Istanbul,Kartal,0.2711708334565783,0.02590100090318892,31,Istanbul,Kartal,albopictus,0,0,1,0,0
TUR.40.25_1,2050,4,12.683811468236588,75.6750603806176,Istanbul,Kartal,0.35857355183924794,0.03522209576513746,30,Istanbul,Kartal,albopictus,0,0,1,5.601688074052621e-4,0
TUR.40.25_1,2050,5,16.828720878152286,75.42977285917242,Istanbul,Kartal,0.5011910126285034,0.047344905210155774,31,Istanbul,Kartal,albopictus,0,0,1,0.028003935909400465,0
TUR.40.25_1,2050,6,22.725828395170325,73.05766324905005,Istanbul,Kartal,0.5637250363627162,0.05481301528309168,30,Istanbul,Kartal,albopictus,9.442804280184201e-4,9.442804280184201e-4,0.9990557195719816,0.16168956310370902,5.321728643838952e-4
TUR.40.25_1,2050,7,26.49316125757554,66.53401239187079,Istanbul,Kartal,0.6620016262875295,0.06205566258494177,31,Istanbul,Kartal,albopictus,0.08650739750168773,0.08650739750168773,0.9134926024983123,0.21549452321155071,0.055659083651159014
TUR.40.25_1,2050,8,27.994799950543573,66.33215170943407,Istanbul,Kartal,0.7860852020458894,0.07325122751386703,31,Istanbul,Kartal,albopictus,0.10630910923014947,0.10630910923014947,0.8936908907698505,0.22126978313647663,0.08017147999271834
TUR.40.25_1,2050,9,24.70047933915082,62.14857019475794,Istanbul,Kartal,0.6265478658622352,0.060732334474505656,30,Istanbul,Kartal,albopictus,0.005644057040296595,0.005644057040296595,0.9943559429597034,0.17474138385436241,0.0035300266477482634
TUR.40.25_1,2050,10,17.718099313623767,72.27187486894196,Istanbul,Kartal,0.617436773239334,0.05800182878909399,31,Istanbul,Kartal,albopictus,0,0,1,0.04028968738397119,0
TUR.40.25_1,2050,11,12.243209460202387,79.65400027973867,Istanbul,Kartal,0.3581439534797992,0.03518064817436384,30,Istanbul,Kartal,albopictus,0,0,1,2.143012342471728e-4,0
TUR.40.25_1,2050,12,8.069918408113368,75.22685923987936,Istanbul,Kartal,0.2945790249923637,0.02810513852589791,31,Istanbul,Kartal,albopictus,0,0,1,0,0
TUR.40.25_1,2051,1,9.042219996452332,80.30213792770006,Istanbul,Kartal,0.28851459231865584,0.027534584897561443,31,Istanbul,Kartal,albopictus,0,0,1,0,0
TUR.40.25_1,2051,2,5.908907094422509,76.409599775706,Istanbul,Kartal,0.2158176462544792,0.022858024064398186,28,Istanbul,Kartal,albopictus,0,0,1,0,0
TUR.40.25_1,2051,3,10.415628278956692,75.54839435109443,Istanbul,Kartal,0.2649341565882753,0.02531290660760732,31,Istanbul,Kartal,albopictus,0,0,1,1.0418138366138485e-55,0
TUR.40.25_1,2051,4,14.593118948094986,68.77581416479728,Istanbul,Kartal,0.3503266937688751,0.03442612895441788,30,Istanbul,Kartal,albopictus,0,0,1,0.005940350610944531,0
TUR.40.25_1,2051,5,17.684357474831973,72.15871573026617,Istanbul,Kartal,0.4896640856532905,0.04628161687521826,31,Istanbul,Kartal,albopictus,0,0,1,0.039485085558032096,0
TUR.40.25_1,2051,6,25.14761947183048,56.32981138137427,Istanbul,Kartal,0.5507598850241611,0.05358677130291534,30,Istanbul,Kartal,albopictus,0.0014826265954851,0.0014826265954851,0.9985173734045149,0.16273760630144238,8.162379496855499e-4
TUR.40.25_1,2051,7,26.01889711267808,67.74348123342352,Istanbul,Kartal,0.6467762048186398,0.060672650610478884,31,Istanbul,Kartal,albopictus,0.08615917747569067,0.08615917747569067,0.9138408225243093,0.21543757207522238,0.05420147265263986
TUR.40.25_1,2051,8,26.227277138653925,70.09468298995165,Istanbul,Kartal,0.7680059737836804,0.07162836605937883,31,Istanbul,Kartal,albopictus,0.12851058831951784,0.12851058831951784,0.8714894116804821,0.22837033149789304,0.09398271932092639
TUR.40.25_1,2051,9,23.632055114297305,70.7721091657052,Istanbul,Kartal,0.6121378478964448,0.05937787242426773,30,Istanbul,Kartal,albopictus,0.008268184524837017,0.008268184524837017,0.991731815475163,0.17950912544435643,0.005048482042014246
TUR.40.25_1,2051,10,15.744727807886461,73.53116747148103,Istanbul,Kartal,0.6032363019267802,0.0567064081092038,31,Istanbul,Kartal,albopictus,0,0,1,0.01484948974951469,0
TUR.40.25_1,2051,11,11.959693530026605,85.01249789936757,Istanbul,Kartal,0.3499069757719893,0.03438560123081302,30,Istanbul,Kartal,albopictus,0,0,1,1.0375629856201252e-4,0
TUR.40.25_1,2051,12,7.544294132905849,77.24567332679342,Istanbul,Kartal,0.28780398149805175,0.027467707329013824,31,Istanbul,Kartal,albopictus,0,0,1,0,0
TUR.40.25_1,2052,1,7.175515532493591,80.2241197392235,Istanbul,Kartal,0.29031070801819153,0.02770360185961762,31,Istanbul,Kartal,albopictus,0,0,1,0,0
TUR.40.25_1,2052,2,8.523378529969385,75.7298893875224,Istanbul,Kartal,0.22491695212259782,0.022998675157674398,29,Istanbul,Kartal,albopictus,0,0,1,0,0
TUR.40.25_1,2052,3,7.741061056361478,75.74710193166084,Istanbul,Kartal,0.26658347489196055,0.02546846541184211,31,Istanbul,Kartal,albopictus,0,0,1,0,0
TUR.40.25_1,2052,4,13.775637907140396,70.60934840551994,Istanbul,Kartal,0.3525076138727351,0.03463668993946145,30,Istanbul,Kartal,albopictus,0,0,1,0.002662802708167635,0
TUR.40.25_1,2052,5,19.04234773972455,73.02745962675054,Istanbul,Kartal,0.4927124352867444,0.04656292380763061,31,Istanbul,Kartal,albopictus,4.887473759040972e-14,4.887473759040972e-14,0.9999999999999512,0.06617959711985148,2.4091839634365897e-14
TUR.40.25_1,2052,6,23.68948768166935,63.316047953639895,Istanbul,Kartal,0.5541885798025307,0.05391121188889114,30,Istanbul,Kartal,albopictus,7.207550955199701e-4,7.207550955199701e-4,0.9992792449044801,0.159084060696702,3.993544795348747e-4
TUR.40.25_1,2052,7,26.488080080817728,64.09095056325751,Istanbul,Kartal,0.6508026385814003,0.061038592796127555,31,Istanbul,Kartal,albopictus,0.057691992082584895,0.057691992082584895,0.9423080079174151,0.20528177293138808,0.03684998516594262
TUR.40.25_1,2052,8,28.120040276471308,66.40841895186571,Istanbul,Kartal,0.7727871100713263,0.07205781553680268,31,Istanbul,Kartal,albopictus,0.10807310913911908,0.10807310913911908,0.891926890860881,0.22156168776848126,0.08012501651421111
TUR.40.25_1,2052,9,23.921428512124454,59.493559971369265,Istanbul,Kartal,0.615948644397415,0.059736256084820694,30,Istanbul,Kartal,albopictus,3.157866434222276e-4,3.157866434222276e-4,0.9996842133565778,0.1528544910812941,1.944894394111385e-4
TUR.40.25_1,2052,10,18.714591699488025,73.59504839189118,Istanbul,Kartal,0.6069916828373717,0.05704916131481652,31,Istanbul,Kartal,albopictus,3.0443425558246417e-15,3.0443425558246417e-15,0.999999999999997,0.05973913209266967,1.887379141862766e-15
TUR.40.25_1,2052,11,13.537016489926508,77.01379489643789,Istanbul,Kartal,0.352085282967859,0.034595918802494796,30,Istanbul,Kartal,albopictus,0,0,1,0.0022109098443050465,0
TUR.40.25_1,2052,12,10.278871311860927,76.61418834144186,Istanbul,Kartal,0.28959567336848097,0.02763631963361024,31,Istanbul,Kartal,albopictus,0,0,1,0,0
TUR.40.25_1,2053,1,10.045361399650574,79.73432023971178,Istanbul,Kartal,0.325375731472152,0.03099739040396532,31,Istanbul,Kartal,albopictus,0,0,1,0,0
TUR.40.25_1,2053,2,10.51012722534292,74.63056992951459,Istanbul,Kartal,0.24339089385500262,0.025740511739730798,28,Istanbul,Kartal,albopictus,0,0,1,1.5617738987691016e-19,0
TUR.40.25_1,2053,3,9.291116560206692,71.92748370656318,Istanbul,Kartal,0.2987826171948312,0.028500424215742393,31,Istanbul,Kartal,albopictus,0,0,1,0,0
TUR.40.25_1,2053,4,14.485954565160416,70.48806392065666,Istanbul,Kartal,0.3950850573040416,0.038738222277703405,30,Istanbul,Kartal,albopictus,0,0,1,0.005516188760864023,0
TUR.40.25_1,2053,5,16.921271155862247,62.67124319608648,Istanbul,Kartal,0.5522244430157363,0.05203820211671362,31,Istanbul,Kartal,albopictus,0,0,1,0.024677099339959645,0
TUR.40.25_1,2053,6,23.989671931547278,63.35991697219458,Istanbul,Kartal,0.6211259507364166,0.060222933434234016,30,Istanbul,Kartal,albopictus,0.0017629358453020495,0.0017629358453020495,0.9982370641546979,0.16533055270265923,0.0010944059035685738
TUR.40.25_1,2053,7,27.97974687464097,60.88937433034736,Istanbul,Kartal,0.7294094868838273,0.06815428035393101,31,Istanbul,Kartal,albopictus,0.038011872350018044,0.038011872350018044,0.961988127649982,0.1963176671538873,0.027345376563385537
TUR.40.25_1,2053,8,25.61834082883947,68.5216124638286,Istanbul,Kartal,0.8661277874598826,0.08040214454899508,31,Istanbul,Kartal,albopictus,0.07680860793842215,0.07680860793842215,0.9231913920615779,0.2124559990889136,0.06436147623193311
TUR.40.25_1,2053,9,21.68996031144086,74.92896188787317,Istanbul,Kartal,0.6903456716709565,0.06670558182349862,30,Istanbul,Kartal,albopictus,1.4711823672389824e-5,1.4711823672389824e-5,0.9999852881763276,0.13663677466863072,1.0156192220112104e-5
TUR.40.25_1,2053,10,17.64329119289623,73.42421861894196,Istanbul,Kartal,0.6803068483038747,0.06371573492555649,31,Istanbul,Kartal,albopictus,0,0,1,0.03956565251474515,0
TUR.40.25_1,2053,11,15.766564944211176,77.04898929341054,Istanbul,Kartal,0.3946117153869093,0.038692720651547274,30,Istanbul,Kartal,albopictus,0,0,1,0.01575229878987858,0
TUR.40.25_1,2053,12,11.639542355256923,79.39362254554342,Istanbul,Kartal,0.32457433174506056,0.030922236674231662,31,Istanbul,Kartal,albopictus,0,0,1,2.3692358213922625e-5,0
TUR.40.25_1,2054,1,9.481950640678406,79.10790117232897,Istanbul,Kartal,0.2997212011090323,0.028588662196176284,31,Istanbul,Kartal,albopictus,0,0,1,0,0
TUR.40.25_1,2054,2,8.16720501464956,74.53505753937787,Istanbul,Kartal,0.2242005287707387,0.023735265735322697,28,Istanbul,Kartal,albopictus,0,0,1,0,0
TUR.40.25_1,2054,3,10.646422231898587,76.53337970265693,Istanbul,Kartal,0.27522484387806734,0.02628308796294343,31,Istanbul,Kartal,albopictus,0,0,1,4.727196424441419e-12,0
TUR.40.25_1,2054,4,12.84230832492604,71.37345515600822,Istanbul,Kartal,0.363934234983143,0.035739144031042724,30,Istanbul,Kartal,albopictus,0,0,1,6.92294337656928e-4,0
TUR.40.25_1,2054,5,18.81212313034955,69.68077230985601,Istanbul,Kartal,0.5086838302094101,0.04803543587338066,31,Istanbul,Kartal,albopictus,1.7343904090694195e-15,1.7343904090694195e-15,0.9999999999999982,0.05859025001424147,8.881784197001252e-16
TUR.40.25_1,2054,6,24.463316188139075,66.71060209182349,Istanbul,Kartal,0.5721527390884765,0.055609255205040675,30,Istanbul,Kartal,albopictus,0.014933742172852234,0.014933742172852234,0.9850662578271477,0.1853417179141398,0.008507982005655279
TUR.40.25_1,2054,7,25.500392016242532,67.49342019826727,Istanbul,Kartal,0.6718985663743476,0.06295356596767487,31,Istanbul,Kartal,albopictus,0.059408844978630325,0.059408844978630325,0.9405911550213697,0.20649513719108728,0.03913054082960177
TUR.40.25_1,2054,8,28.157832482281854,67.85653906905321,Istanbul,Kartal,0.7978371945468921,0.07430461013763945,31,Istanbul,Kartal,albopictus,0.12717333267760297,0.12717333267760297,0.872826667322397,0.2277047590330029,0.09648594686510215
TUR.40.25_1,2054,9,22.22517187455121,67.74066080144739,Istanbul,Kartal,0.635914771385922,0.061611725699925124,30,Istanbul,Kartal,albopictus,1.5080922448564405e-5,1.5080922448564405e-5,0.9999849190775514,0.1364838478145711,9.590135365500352e-6
TUR.40.25_1,2054,10,17.494968133814197,79.85050340898103,Istanbul,Kartal,0.6266674677112143,0.058842933441693224,31,Istanbul,Kartal,albopictus,0,0,1,0.040305017695280554,0
TUR.40.25_1,2054,11,11.577677348080805,78.27349948628164,Istanbul,Kartal,0.3634982141179842,0.035697099329165205,30,Istanbul,Kartal,albopictus,0,0,1,1.6704704061295696e-5,0
TUR.40.25_1,2054,12,9.947827114778407,79.36161723548483,Istanbul,Kartal,0.29898298843507054,0.028519262153251623,31,Istanbul,Kartal,albopictus,0,0,1,0,0
TUR.40.25_1,2055,1,10.697906374931335,83.48351152389147,Istanbul,Kartal,0.31656835623704715,0.03017113159861362,31,Istanbul,Kartal,albopictus,0,0,1,7.118678007838416e-11,0
TUR.40.25_1,2055,2,7.813695111695458,79.38618516388959,Istanbul,Kartal,0.23680271064511854,0.025052561821223063,28,Istanbul,Kartal,albopictus,0,0,1,0,0
TUR.40.25_1,2055,3,10.131750906214993,72.05100360402412,Istanbul,Kartal,0.290695072953423,0.02773976731365191,31,Istanbul,Kartal,albopictus,0,0,1,0,0
TUR.40.25_1,2055,4,13.754801077001236,65.2289696823754,Istanbul,Kartal,0.3843907675556452,0.03770967119706514,30,Istanbul,Kartal,albopictus,0,0,1,0.0024018610001093903,0
TUR.40.25_1,2055,5,19.06403429367963,67.65753317411382,Istanbul,Kartal,0.5372766536965052,0.05066592595424191,31,Istanbul,Kartal,albopictus,8.508582727273505e-15,8.508582727273505e-15,0.9999999999999915,0.06198378918983842,4.551914400963142e-15
TUR.40.25_1,2055,6,24.42474578408634,62.61736326125708,Istanbul,Kartal,0.6043131131850547,0.058641572533075115,30,Istanbul,Kartal,albopictus,0.003664716255782559,0.003664716255782559,0.9963352837442174,0.17104315393577688,0.002212185592287752
TUR.40.25_1,2055,7,27.922837313483743,61.098953798120796,Istanbul,Kartal,0.70966559565394,0.0663721014666302,31,Istanbul,Kartal,albopictus,0.03803824568491444,0.03803824568491444,0.9619617543150856,0.1964066343968625,0.026633341006030653
TUR.40.25_1,2055,8,27.174144127789667,64.84008627974657,Istanbul,Kartal,0.8426831611775342,0.07831336027393954,31,Istanbul,Kartal,albopictus,0.08190613664099068,0.08190613664099068,0.9180938633590093,0.21362500032083098,0.06669284691316146
TUR.40.25_1,2055,9,23.435357879189883,71.25559915593958,Istanbul,Kartal,0.671659172389565,0.06495995079735184,30,Istanbul,Kartal,albopictus,0.005546348713503299,0.005546348713503299,0.9944536512864967,0.1758752653211184,0.00371832582882059
TUR.40.25_1,2055,10,18.561893182642322,80.3522047639615,Istanbul,Kartal,0.6618920831309638,0.06204571943061876,31,Istanbul,Kartal,albopictus,6.884159908793208e-15,6.884159908793208e-15,0.9999999999999931,0.06189544688563417,4.551914400963142e-15
TUR.40.25_1,2055,11,14.287224390927484,79.39453220112539,Istanbul,Kartal,0.3839302382101815,0.03766535388307479,30,Istanbul,Kartal,albopictus,0,0,1,0.005232457257582096,0
TUR.40.25_1,2055,12,8.353951229768642,77.98851695472311,Istanbul,Kartal,0.3157886490562248,0.03009794988287262,31,Istanbul,Kartal,albopictus,0,0,1,0,0
TUR.40.25_1,2056,1,9.770206332206726,80.91010911910631,Istanbul,Kartal,0.3178421123171759,0.030290671851873396,31,Istanbul,Kartal,albopictus,0,0,1,0,0
TUR.40.25_1,2056,2,8.526358762208154,76.86873673859662,Istanbul,Kartal,0.24624678726665503,0.025152085792326417,29,Istanbul,Kartal,albopictus,0,0,1,0,0
TUR.40.25_1,2056,3,10.978178823695462,71.94490924367256,Istanbul,Kartal,0.29186472433942773,0.02784981323331226,31,Istanbul,Kartal,albopictus,0,0,1,5.4576273927434456e-8,0
TUR.40.25_1,2056,4,13.438917440526627,63.60764705053947,Istanbul,Kartal,0.38593741638416157,0.0378584922090498,30,Istanbul,Kartal,albopictus,0,0,1,0.0015672771103435554,0
TUR.40.25_1,2056,5,18.8303726420683,70.21935415800054,Istanbul,Kartal,0.5394384597989595,0.050864512554325225,31,Istanbul,Kartal,albopictus,2.437494650564531e-15,2.437494650564531e-15,0.9999999999999976,0.05924042149895266,1.3322676295501878e-15
TUR.40.25_1,2056,6,25.44713233498966,69.72656278518286,Istanbul,Kartal,0.6067446496512093,0.05887043944144654,30,Istanbul,Kartal,albopictus,0.08192430417932935,0.08192430417932935,0.9180756958206706,0.21418350262787492,0.048491951219154394
TUR.40.25_1,2056,7,26.87476640589097,62.77739007741767,Istanbul,Kartal,0.7125210322429513,0.06663005762369223,31,Istanbul,Kartal,albopictus,0.05214549878109516,0.05214549878109516,0.9478545012189048,0.20317254609850713,0.03647299607979504
TUR.40.25_1,2056,8,26.723450997296503,71.35885077559618,Istanbul,Kartal,0.8460738121349795,0.0786157414053893,31,Istanbul,Kartal,albopictus,0.1668295822599739,0.1668295822599739,0.8331704177400261,0.2400511395871182,0.1316410740547157
TUR.40.25_1,2056,9,24.89417059281293,75.1709357648263,Istanbul,Kartal,0.6743616849362227,0.06521261240121612,30,Istanbul,Kartal,albopictus,0.11847241366216467,0.11847241366216467,0.8815275863378353,0.22561244320401225,0.07678511168039237
TUR.40.25_1,2056,10,18.192735391504627,70.30301805741853,Istanbul,Kartal,0.6645552964580907,0.062287427540260065,31,Istanbul,Kartal,albopictus,1.7208456881689926e-18,1.7208456881689926e-18,1,0.04727939039951686,0
TUR.40.25_1,2056,11,13.568079569760492,77.14000034077382,Istanbul,Kartal,0.3854750340358872,0.03781400345554253,30,Istanbul,Kartal,albopictus,0,0,1,0.0022997170218121508,0
TUR.40.25_1,2056,12,8.926162495332607,81.71769633704733,Istanbul,Kartal,0.31705926787786665,0.03021720472494538,31,Istanbul,Kartal,albopictus,0,0,1,0,0
TUR.40.25_1,2057,1,8.877755045890808,80.93440874068834,Istanbul,Kartal,0.32786347179344566,0.031230648795114058,31,Istanbul,Kartal,albopictus,0,0,1,0,0
TUR.40.25_1,2057,2,9.67881790680044,78.17221879426069,Istanbul,Kartal,0.24525179890080695,0.025934742847101844,28,Istanbul,Kartal,albopictus,0,0,1,0,0
TUR.40.25_1,2057,3,11.45664199660806,74.08705249318427,Istanbul,Kartal,0.3010670333088856,0.028715172343771966,31,Istanbul,Kartal,albopictus,0,0,1,7.505208422757691e-6,0
TUR.40.25_1,2057,4,13.53851537143483,68.81925593725822,Istanbul,Kartal,0.3981057774510203,0.03902854870759964,30,Istanbul,Kartal,albopictus,0,0,1,0.0019260980367003082,0
TUR.40.25_1,2057,5,19.67946512558881,65.2189040237232,Istanbul,Kartal,0.5564466110522965,0.05242545725404579,31,Istanbul,Kartal,albopictus,5.632063704297252e-13,5.632063704297252e-13,0.9999999999994368,0.07195814752150295,3.134159598516817e-13
TUR.40.25_1,2057,6,24.117132411283606,68.85822324660865,Istanbul,Kartal,0.625874922226262,0.060669124927907325,30,Istanbul,Kartal,albopictus,0.014435251052581618,0.014435251052581618,0.9855647489474184,0.1853836885348615,0.008993971706567572
TUR.40.25_1,2057,7,26.943970736335306,66.00141198903876,Istanbul,Kartal,0.7349863668282688,0.06865705999343974,31,Istanbul,Kartal,albopictus,0.09219980351998125,0.09219980351998125,0.9078001964800188,0.21693098063166827,0.06552050880248073
TUR.40.25_1,2057,8,27.06880698484533,64.8920844181743,Istanbul,Kartal,0.8727499808561384,0.08099128686480617,31,Istanbul,Kartal,albopictus,0.0788682979772293,0.0788682979772293,0.9211317020227707,0.2126081007652351,0.06651679309333614
TUR.40.25_1,2057,9,25.049560378579532,66.88357843450403,Istanbul,Kartal,0.6956238795916151,0.0671980640399209,30,Istanbul,Kartal,albopictus,0.03451473379336779,0.03451473379336779,0.9654852662066322,0.19645105449651956,0.023723343321337853
TUR.40.25_1,2057,10,18.072072702295642,75.33194872148103,Istanbul,Kartal,0.6855083019271072,0.06418691044310565,31,Istanbul,Kartal,albopictus,3.2751579226442116e-18,3.2751579226442116e-18,1,0.04826970866506033,0
TUR.40.25_1,2057,11,14.742427447262934,83.06823825581289,Istanbul,Kartal,0.3976288164816383,0.038982713027021054,30,Istanbul,Kartal,albopictus,0,0,1,0.008220140648030979,0
TUR.40.25_1,2057,12,11.456653370576747,79.10071483069967,Istanbul,Kartal,0.3270559447672912,0.031154938665907794,31,Istanbul,Kartal,albopictus,0,0,1,9.1315886450336e-6,0
TUR.40.25_1,2058,1,8.450946688652039,78.59283311812975,Istanbul,Kartal,0.3107055959788328,0.02962072958907702,31,Istanbul,Kartal,albopictus,0,0,1,0,0
TUR.40.25_1,2058,2,8.29018036407583,79.27911424103803,Istanbul,Kartal,0.23241718854963764,0.024594348442027014,28,Istanbul,Kartal,albopictus,0,0,1,0,0
TUR.40.25_1,2058,3,10.656052435145657,80.18823352345771,Istanbul,Kartal,0.2853114788973769,0.027233094589329987,31,Istanbul,Kartal,albopictus,0,0,1,9.375894632550395e-12,0
TUR.40.25_1,2058,4,13.92494992648854,72.9500847946801,Istanbul,Kartal,0.37727195460024593,0.03702439082091058,30,Istanbul,Kartal,albopictus,0,0,1,0.0032464722034776,0
TUR.40.25_1,2058,5,19.219462226418887,78.90133810575445,Istanbul,Kartal,0.5273264355180352,0.04975134880406129,31,Istanbul,Kartal,albopictus,2.0612386797402848e-12,2.0612386797402848e-12,0.9999999999979388,0.07632510319225526,1.0869083411080283e-12
TUR.40.25_1,2058,6,24.660961375517005,66.36124448684302,Istanbul,Kartal,0.5931213979245245,0.05758744121839687,30,Istanbul,Kartal,albopictus,0.018477473173487982,0.018477473173487982,0.981522526826512,0.18792415249212244,0.01089954944746896
TUR.40.25_1,2058,7,26.26631265528062,63.60103662282783,Istanbul,Kartal,0.6965227809384147,0.0651838783898887,31,Istanbul,Kartal,albopictus,0.046479523813057075,0.046479523813057075,0.9535204761869429,0.20114848679931638,0.031855617335452724
TUR.40.25_1,2058,8,26.44582686704748,67.67515402877001,Istanbul,Kartal,0.8270768971581491,0.07692030035100483,31,Istanbul,Kartal,albopictus,0.10022645582222796,0.10022645582222796,0.899773544177772,0.21959560815057041,0.07955219803661517
TUR.40.25_1,2058,9,21.541381667642032,71.65890420965052,Istanbul,Kartal,0.6592202263440478,0.06379613584359978,30,Istanbul,Kartal,albopictus,1.915574054986824e-6,1.915574054986824e-6,0.9999980844259451,0.12624622686652628,1.262784364741698e-6
TUR.40.25_1,2058,10,17.055011468775135,82.32918688066071,Istanbul,Kartal,0.649634020934434,0.06093239773937098,31,Istanbul,Kartal,albopictus,0,0,1,0.0341541114749507,0
TUR.40.25_1,2058,11,13.614186861935785,79.43647098286367,Istanbul,Kartal,0.37681995413358876,0.036980863294722055,30,Istanbul,Kartal,albopictus,0,0,1,0.0025698706934311707,0
TUR.40.25_1,2058,12,10.924414410310634,77.13471141273092,Istanbul,Kartal,0.3099403287639221,0.02954886246584043,31,Istanbul,Kartal,albopictus,0,0,1,2.6441868841902575e-8,0
TUR.40.25_1,2059,1,9.483457446098328,78.52883012740709,Istanbul,Kartal,0.31198136594119447,0.029740526780066112,31,Istanbul,Kartal,albopictus,0,0,1,0,0
TUR.40.25_1,2059,2,9.3695127157604,75.38828324738569,Istanbul,Kartal,0.23337150308959329,0.02469407660725631,28,Istanbul,Kartal,albopictus,0,0,1,0,0
TUR.40.25_1,2059,3,10.144215429530423,75.96483722218818,Istanbul,Kartal,0.2864829795700557,0.02734337192686287,31,Istanbul,Kartal,albopictus,0,0,1,0,0
TUR.40.25_1,2059,4,12.20677594577565,70.58352290503166,Istanbul,Kartal,0.3788210487702566,0.037173553257483394,30,Istanbul,Kartal,albopictus,0,0,1,1.635294042165252e-4,0
TUR.40.25_1,2059,5,18.105465720681583,72.63204336698492,Istanbul,Kartal,0.5294916595613093,0.04995044096659962,31,Istanbul,Kartal,albopictus,9.436895709313831e-19,9.436895709313831e-19,1,0.04718557799132576,0
TUR.40.25_1,2059,6,24.88955520181095,63.887249278102786,Istanbul,Kartal,0.5955567787908467,0.05781692662442817,30,Istanbul,Kartal,albopictus,0.0131926998808222,0.0131926998808222,0.9868073001191778,0.18357437258344014,0.007826216285744647
TUR.40.25_1,2059,7,27.166089114020853,64.69138009816962,Istanbul,Kartal,0.6993827321382715,0.06544257115252505,31,Istanbul,Kartal,albopictus,0.07659108425398481,0.07659108425398481,0.9234089157460152,0.21165588278395953,0.052157075359555494
TUR.40.25_1,2059,8,27.651141503277948,71.04897147261767,Istanbul,Kartal,0.8304729089313957,0.07722361723477134,31,Istanbul,Kartal,albopictus,0.18106629551371567,0.18106629551371567,0.8189337044862843,0.24448536849564104,0.13961098857673648
TUR.40.25_1,2059,9,23.415658782510196,63.753321781672,Istanbul,Kartal,0.6619270117197715,0.06404951184314966,30,Istanbul,Kartal,albopictus,3.5667090849808385e-4,3.5667090849808385e-4,0.9996433290915019,0.15417674466494957,2.3606224155292566e-4
TUR.40.25_1,2059,10,17.4458901461433,75.97573229081696,Istanbul,Kartal,0.6523014449562816,0.06117477530756066,31,Istanbul,Kartal,albopictus,0,0,1,0.03785149794104549,0
TUR.40.25_1,2059,11,13.269896128598383,81.18479251606679,Istanbul,Kartal,0.3783671923710838,0.03712985377141165,30,Istanbul,Kartal,albopictus,0,0,1,0.0016269143483773076,0
TUR.40.25_1,2059,12,11.269034161287196,75.78879466468405,Istanbul,Kartal,0.3112129565076093,0.029668373465206677,31,Istanbul,Kartal,albopictus,0,0,1,1.928167231743544e-6,0
TUR.40.25_1,2060,1,8.308916926383972,77.87962968795397,Istanbul,Kartal,0.31237840543995665,0.029777806515624672,31,Istanbul,Kartal,albopictus,0,0,1,0,0
TUR.40.25_1,2060,2,10.432326474610498,81.39450883332319,Istanbul,Kartal,0.24201380424475963,0.02472511148632861,29,Istanbul,Kartal,albopictus,0,0,1,6.863239117511518e-40,0
TUR.40.25_1,2060,3,8.320810163722317,76.02499499806709,Istanbul,Kartal,0.2868475688405374,0.027377689402462546,31,Istanbul,Kartal,albopictus,0,0,1,0,0
TUR.40.25_1,2060,4,12.627630514257095,73.81819545141838,Istanbul,Kartal,0.3793031510229682,0.03721997021848289,30,Istanbul,Kartal,albopictus,0,0,1,4.7684158922064123e-4,0
TUR.40.25_1,2060,5,18.3640697703642,74.72209311063726,Istanbul,Kartal,0.5301655110347033,0.05001239303966509,31,Istanbul,Kartal,albopictus,1.2678746941219287e-16,1.2678746941219287e-16,0.9999999999999999,0.05341708460872546,1.1102230246251565e-16
TUR.40.25_1,2060,6,22.87858222512638,70.52763395217505,Istanbul,Kartal,0.5963147072787298,0.0578883346574961,30,Istanbul,Kartal,albopictus,6.824689982814831e-4,6.824689982814831e-4,0.9993175310017185,0.15932132878760363,4.0688350138462503e-4
TUR.40.25_1,2060,7,27.852065142463236,64.9781690385993,Istanbul,Kartal,0.7002727935320773,0.06552306576523048,31,Istanbul,Kartal,albopictus,0.0864108526303097,0.0864108526303097,0.9135891473696903,0.21492027396986707,0.05871674438633889
TUR.40.25_1,2060,8,27.095578530255487,67.17580634200243,Istanbul,Kartal,0.8315298007316573,0.07731799383980098,31,Istanbul,Kartal,albopictus,0.11234205032915123,0.11234205032915123,0.8876579496708488,0.22321931830872455,0.08918526125269732
TUR.40.25_1,2060,9,22.82902510025922,68.75242151311731,Istanbul,Kartal,0.6627694055215856,0.06412835241136561,30,Istanbul,Kartal,albopictus,2.995396954851703e-4,2.995396954851703e-4,0.9997004603045149,0.15374028093323902,1.9850604097493285e-4
TUR.40.25_1,2060,10,19.905782419092517,81.96363970048493,Istanbul,Kartal,0.6531315888912117,0.061250194219968024,31,Istanbul,Kartal,albopictus,1.714701337696134e-9,1.714701337696134e-9,0.9999999982852986,0.09765325735713304,1.1199255967042632e-9
TUR.40.25_1,2060,11,15.301087954465082,75.32418918354726,Istanbul,Kartal,0.3788487170286667,0.03717621722689135,30,Istanbul,Kartal,albopictus,0,0,1,0.011335038527288682,0
TUR.40.25_1,2060,12,11.126214756685146,78.85961833411764,Istanbul,Kartal,0.31160901809893954,0.029705564148094665,31,Istanbul,Kartal,albopictus,0,0,1,5.607783847640922e-7,0
TUR.40.25_1,2061,1,8.660520434379578,77.29800279586412,Istanbul,Kartal,0.3189565322421259,0.030395246541446874,31,Istanbul,Kartal,albopictus,0,0,1,0,0
TUR.40.25_1,2061,2,8.039696851197412,78.75524949494428,Istanbul,Kartal,0.23858913856931957,0.02523915182030334,28,Istanbul,Kartal,albopictus,0,0,1,0,0
TUR.40.25_1,2061,3,10.541421735987942,75.78880420216865,Istanbul,Kartal,0.29288806219048413,0.027946083119496867,31,Istanbul,Kartal,albopictus,0,0,1,8.562241562084881e-17,0
TUR.40.25_1,2061,4,13.777179044835709,75.70957576147697,Istanbul,Kartal,0.38729059247359376,0.03798867808892947,30,Istanbul,Kartal,albopictus,0,0,1,0.0028863420664785693,0
TUR.40.25_1,2061,5,17.466454337624942,75.7934660964771,Istanbul,Kartal,0.5413298421696014,0.05103822357171062,31,Istanbul,Kartal,albopictus,0,0,1,0.03778991195317424,0
TUR.40.25_1,2061,6,23.127254710477942,74.83436612990943,Istanbul,Kartal,0.6088720213893298,0.059070631389461115,30,Istanbul,Kartal,albopictus,0.006752302574401095,0.006752302574401095,0.9932476974255989,0.17810064361563555,0.004102848342592336
TUR.40.25_1,2061,7,27.03636842615464,68.53291375905829,Istanbul,Kartal,0.7150192777696016,0.06685568718171264,31,Istanbul,Kartal,albopictus,0.13168928597256435,0.13168928597256435,0.8683107140274356,0.22920659187187942,0.08986321551493193
TUR.40.25_1,2061,8,27.866336205426386,70.94276267134813,Istanbul,Kartal,0.8490403212213546,0.07888021583830773,31,Istanbul,Kartal,albopictus,0.18199545710022175,0.18199545710022175,0.8180045428997782,0.24478851379173236,0.14317491382132885
TUR.40.25_1,2061,9,25.744338820962344,67.18998636297083,Istanbul,Kartal,0.676726135929947,0.06543361216978327,30,Istanbul,Kartal,albopictus,0.06672524152321023,0.06672524152321023,0.9332747584767898,0.20898560927100068,0.04415041374711959
TUR.40.25_1,2061,10,19.526839929468494,81.08212419755525,Istanbul,Kartal,0.6668853642335808,0.06249884891368962,31,Istanbul,Kartal,albopictus,6.222549747691985e-11,6.222549747691985e-11,0.9999999999377746,0.08627869333921148,4.1497250080624326e-11
TUR.40.25_1,2061,11,15.57600937170141,76.15039920551992,Istanbul,Kartal,0.3868265889175502,0.037944039385879536,30,Istanbul,Kartal,albopictus,0,0,1,0.013834956426495446,0
TUR.40.25_1,2061,12,7.801090969758876,80.11437144691061,Istanbul,Kartal,0.3181709429889374,0.03032152976441349,31,Istanbul,Kartal,albopictus,0,0,1,0,0
TUR.40.25_1,2062,1,8.655359148979187,79.43743761031725,Istanbul,Kartal,0.34354016727755476,0.03269925406257168,31,Istanbul,Kartal,albopictus,0,0,1,0,0
TUR.40.25_1,2062,2,9.52935043853872,81.24288224640912,Istanbul,Kartal,0.25697844154039956,0.027157815248183614,28,Istanbul,Kartal,albopictus,0,0,1,0,0
TUR.40.25_1,2062,3,11.965432966456692,73.3136455107624,Istanbul,Kartal,0.3154624649672832,0.030067333275464958,31,Istanbul,Kartal,albopictus,0,0,1,7.870347024017056e-5,0
TUR.40.25_1,2062,4,16.400831503026627,73.6551629196801,Istanbul,Kartal,0.41714108812294526,0.04085604781733643,30,Istanbul,Kartal,albopictus,0,0,1,0.021860319909750386,0
TUR.40.25_1,2062,5,20.9335220561308,65.99019384916265,Istanbul,Kartal,0.5830529421172191,0.05486213975324372,31,Istanbul,Kartal,albopictus,5.598476459756085e-9,5.598476459756085e-9,0.9999999944015235,0.10128483418852233,3.2642081260192413e-9
TUR.40.25_1,2062,6,25.97282050637638,61.49751691726294,Istanbul,Kartal,0.6558009475721502,0.06347596690948931,30,Istanbul,Kartal,albopictus,0.023587964845216133,0.023587964845216133,0.9764120351547839,0.19010651029258652,0.015349979118388979
TUR.40.25_1,2062,7,27.49470811731675,59.52905328542548,Istanbul,Kartal,0.7701295238097742,0.07181913132235485,31,Istanbul,Kartal,albopictus,0.026935366419084585,0.026935366419084585,0.9730646335809154,0.190992534959906,0.020530049929484928
TUR.40.25_1,2062,8,27.7311528710758,72.5438292607036,Istanbul,Kartal,0.9144802645281885,0.08469514113922905,31,Istanbul,Kartal,albopictus,0.20535992214046417,0.20535992214046417,0.7946400778595358,0.25245148027080844,0.17121756079765427
TUR.40.25_1,2062,9,24.581327270059024,64.52141489080286,Istanbul,Kartal,0.7288849308218128,0.07029550727140255,30,Istanbul,Kartal,albopictus,0.009172967371547725,0.009172967371547725,0.9908270326284523,0.17967957762550657,0.006663735869339438
TUR.40.25_1,2062,10,18.798209863550525,68.7145971894986,Istanbul,Kartal,0.718285679786115,0.06715061067561878,31,Istanbul,Kartal,albopictus,1.099564883588755e-15,1.099564883588755e-15,0.9999999999999989,0.05752732326787173,7.771561172376096e-16
TUR.40.25_1,2062,11,12.367766001645258,74.33830356343007,Istanbul,Kartal,0.41664132140507926,0.040808111797010715,30,Istanbul,Kartal,albopictus,0,0,1,2.617402345974913e-4,0
TUR.40.25_1,2062,12,8.577689900117763,76.11178508216452,Istanbul,Kartal,0.3426940285841262,0.03262004398835705,31,Istanbul,Kartal,albopictus,0,0,1,0,0
TUR.40.25_1,2063,1,9.445466876029968,81.59992082564928,Istanbul,Kartal,0.3245792858694183,0.03092270128041885,31,Istanbul,Kartal,albopictus,0,0,1,0,0
TUR.40.25_1,2063,2,9.327503362122705,78.13275193635053,Istanbul,Kartal,0.24279512844164747,0.025678320814858324,28,Istanbul,Kartal,albopictus,0,0,1,0,0
TUR.40.25_1,2063,3,11.34385951827554,77.25740161427802,Istanbul,Kartal,0.29805126547243493,0.028431662954572,31,Istanbul,Kartal,albopictus,0,0,1,3.7531542181358044e-6,0
TUR.40.25_1,2063,4,14.075530332677506,74.1779900681176,Istanbul,Kartal,0.3941179791658783,0.038645256257476834,30,Istanbul,Kartal,albopictus,0,0,1,0.0039232404347926235,0
TUR.40.25_1,2063,5,18.361664603738223,77.09629202421148,Istanbul,Kartal,0.550872723490214,0.05191418963753314,31,Istanbul,Kartal,albopictus,3.009814619758799e-16,3.009814619758799e-16,0.9999999999999997,0.055232779121876185,1.1102230246251565e-16
TUR.40.25_1,2063,6,23.945860133451575,65.27027540114966,Istanbul,Kartal,0.6196055760300131,0.06008004124385924,30,Istanbul,Kartal,albopictus,0.003128465298910018,0.003128465298910018,0.99687153470109,0.17014961551505892,0.0019365370314777808
TUR.40.25_1,2063,7,27.186713274787454,68.63733346731024,Istanbul,Kartal,0.7276240587703278,0.06799325900355846,31,Istanbul,Kartal,albopictus,0.13470407367065215,0.13470407367065215,0.8652959263293478,0.2302005871851733,0.09336372107837199
TUR.40.25_1,2063,8,27.95309768003576,64.95792990767626,Istanbul,Kartal,0.864007704119288,0.08021345189332152,31,Istanbul,Kartal,albopictus,0.08376607768627994,0.08376607768627994,0.91623392231372,0.21390059531320296,0.06981755668274325
TUR.40.25_1,2063,9,22.664838622598086,72.41187204412317,Istanbul,Kartal,0.6886558628702788,0.06654785958570686,30,Istanbul,Kartal,albopictus,6.203167805424638e-4,6.203167805424638e-4,0.9993796832194576,0.15903228711842846,4.270935573271739e-4
TUR.40.25_1,2063,10,19.685937600977283,69.5100187898404,Istanbul,Kartal,0.6786416122538786,0.06356483880168184,31,Istanbul,Kartal,albopictus,2.8986996136737276e-12,2.8986996136737276e-12,0.9999999999971013,0.07678959910211336,1.967204177333315e-12
TUR.40.25_1,2063,11,11.901012995663812,79.11344241841054,Istanbul,Kartal,0.39364579588183396,0.03859986162175266,30,Istanbul,Kartal,albopictus,0,0,1,7.149723778624894e-5,0
TUR.40.25_1,2063,12,8.642210735994228,77.10760417396139,Istanbul,Kartal,0.3237798477861341,0.030847725738450404,31,Istanbul,Kartal,albopictus,0,0,1,0,0
TUR.40.25_1,2064,1,5.773485541343689,77.13685472457506,Istanbul,Kartal,0.33877104548968867,0.03225271472890745,31,Istanbul,Kartal,albopictus,0,0,1,0,0
TUR.40.25_1,2064,2,7.021895566407372,78.32222794953412,Istanbul,Kartal,0.2624613867641153,0.026785898101705286,29,Istanbul,Kartal,albopictus,0,0,1,0,0
TUR.40.25_1,2064,3,10.985027158961575,69.7980205107624,Istanbul,Kartal,0.3110831257859237,0.02965618188648733,31,Istanbul,Kartal,albopictus,0,0,1,5.354508922210782e-8,0
TUR.40.25_1,2064,4,17.139164251439713,60.23043071142814,Istanbul,Kartal,0.4113502175305874,0.04030045911509539,30,Istanbul,Kartal,albopictus,0,0,1,0.026489937978428683,0
TUR.40.25_1,2064,5,19.370859931497012,67.07907248075445,Istanbul,Kartal,0.5749588362321159,0.05412152270402126,31,Istanbul,Kartal,albopictus,9.731149219760482e-14,9.731149219760482e-14,0.9999999999999026,0.06773220829726309,5.595524044110789e-14
TUR.40.25_1,2064,6,23.242536769193762,70.42619352248755,Istanbul,Kartal,0.6466969332952908,0.06262296586493321,30,Istanbul,Kartal,albopictus,0.002310611086963891,0.002310611086963891,0.9976893889130362,0.1682679195451636,0.0014931492457423978
TUR.40.25_1,2064,7,28.04329019434312,61.74820764333564,Istanbul,Kartal,0.7594383678946269,0.0708583124548402,31,Istanbul,Kartal,albopictus,0.04388969951114314,0.04388969951114314,0.9561103004888568,0.19898068207630917,0.03278214733750462
TUR.40.25_1,2064,8,27.082841256085565,74.34638434493212,Istanbul,Kartal,0.9017851907943176,0.08356994725993183,31,Istanbul,Kartal,albopictus,0.22609434941604495,0.22609434941604495,0.773905650583955,0.2593264901100236,0.18444672906996518
TUR.40.25_1,2064,9,25.29719335892621,73.66140665105677,Istanbul,Kartal,0.7187663440144044,0.06935430160665534,30,Istanbul,Kartal,albopictus,0.12770931079075398,0.12770931079075398,0.872290689209246,0.22826637842443587,0.0877061660168581
TUR.40.25_1,2064,10,19.489854532129627,78.79159685380525,Istanbul,Kartal,0.7083142347800571,0.06624999655873254,31,Istanbul,Kartal,albopictus,1.8313526306545925e-11,1.8313526306545925e-11,0.9999999999816864,0.08248708659215793,1.2971734797417867e-11
TUR.40.25_1,2064,11,14.301328280392816,74.03656863911367,Istanbul,Kartal,0.41085738871568017,0.04025316119087585,30,Istanbul,Kartal,albopictus,0,0,1,0.004910346123842511,0
TUR.40.25_1,2064,12,10.305289997774013,79.6935187857778,Istanbul,Kartal,0.33793665313297055,0.03217456825729115,31,Istanbul,Kartal,albopictus,0,0,1,0,0
TUR.40.25_1,2065,1,5.805530905723572,78.17356737105943,Istanbul,Kartal,0.3210571055580842,0.030592329012934405,31,Istanbul,Kartal,albopictus,0,0,1,0,0
TUR.40.25_1,2065,2,8.689253964844873,81.07882737580366,Istanbul,Kartal,0.24016043097845488,0.025403241684725186,28,Istanbul,Kartal,albopictus,0,0,1,0,0
TUR.40.25_1,2065,3,8.350117529139798,76.20364490041084,Istanbul,Kartal,0.29481695464387037,0.02812751658494428,31,Istanbul,Kartal,albopictus,0,0,1,0,0
TUR.40.25_1,2065,4,14.79332379733815,77.5199853073754,Istanbul,Kartal,0.3898411979694365,0.03823401793581427,30,Istanbul,Kartal,albopictus,0,0,1,0.007972285240800243,0
TUR.40.25_1,2065,5,18.851710151223575,68.87925863798101,Istanbul,Kartal,0.5448949142300482,0.051365565531373836,31,Istanbul,Kartal,albopictus,1.829425499977333e-15,1.829425499977333e-15,0.9999999999999982,0.05857077124860426,9.992007221626409e-16
TUR.40.25_1,2065,6,24.488538966459387,68.66074399856177,Istanbul,Kartal,0.6128819104860458,0.05944785799416119,30,Istanbul,Kartal,albopictus,0.02445538309327546,0.02445538309327546,0.9755446169067246,0.19170819599271482,0.014876496998311173
TUR.40.25_1,2065,7,28.283021029304056,62.17596490651923,Istanbul,Kartal,0.7197282279350694,0.06728082869833696,31,Istanbul,Kartal,albopictus,0.049881959399405006,0.049881959399405006,0.950118040600595,0.20156424937104453,0.03526464062624102
TUR.40.25_1,2065,8,27.268918374005487,69.88141089522509,Istanbul,Kartal,0.8546319027148994,0.07937851807031193,31,Istanbul,Kartal,albopictus,0.15762672524916652,0.15762672524916652,0.8423732747508335,0.2371565261833058,0.12603314563951917
TUR.40.25_1,2065,9,24.021301101235782,67.87600626043177,Istanbul,Kartal,0.681182896396188,0.06585003322148242,30,Istanbul,Kartal,albopictus,0.008554564329861486,0.008554564329861486,0.9914454356701385,0.17954477257077991,0.005810277574935907
TUR.40.25_1,2065,10,19.67450876796947,77.84372850663728,Istanbul,Kartal,0.6712773156730603,0.06289722807211828,31,Istanbul,Kartal,albopictus,6.363688126453937e-11,6.363688126453937e-11,0.9999999999363631,0.08628242960076644,4.2717940296199686e-11
TUR.40.25_1,2065,11,13.397198298398187,77.7923135731957,Istanbul,Kartal,0.38937413859421444,0.038189096704909,30,Istanbul,Kartal,albopictus,0,0,1,0.0018580021815001388,0
TUR.40.25_1,2065,12,9.809809460359462,78.8823615592153,Istanbul,Kartal,0.3202663425973345,0.030518141818229427,31,Istanbul,Kartal,albopictus,0,0,1,0,0
TUR.40.25_1,2066,1,10.846676707267761,83.05159624068834,Istanbul,Kartal,0.33181796938425384,0.03160131941872035,31,Istanbul,Kartal,albopictus,0,0,1,7.737785492232454e-9,0
TUR.40.25_1,2066,2,12.124490895692041,77.74646806183881,Istanbul,Kartal,0.2482098827720886,0.026243411793708482,28,Istanbul,Kartal,albopictus,0,0,1,1.4826802776227423e-4,0
TUR.40.25_1,2066,3,10.095105970607083,75.47472491750068,Istanbul,Kartal,0.30469832791874013,0.029056437025066773,31,Istanbul,Kartal,albopictus,0,0,1,0,0
TUR.40.25_1,2066,4,14.352580350988053,71.71786891333244,Istanbul,Kartal,0.4029074966825201,0.03948986945196076,30,Istanbul,Kartal,albopictus,0,0,1,0.00495229542336767,0
TUR.40.25_1,2066,5,18.39427454331342,69.74514151151617,Istanbul,Kartal,0.5631581448830795,0.05304071019583889,31,Istanbul,Kartal,albopictus,2.4868995751603507e-17,2.4868995751603507e-17,1,0.05036001856635131,0
TUR.40.25_1,2066,6,23.502546534818762,67.74638395217505,Istanbul,Kartal,0.6334238597719801,0.061377952360613386,30,Istanbul,Kartal,albopictus,0.0022082390966237367,0.0022082390966237367,0.9977917609033763,0.1678184041035307,0.0013977735351898835
TUR.40.25_1,2066,7,27.06630044824937,67.5859914568122,Istanbul,Kartal,0.7438513428531988,0.06945571731172906,31,Istanbul,Kartal,albopictus,0.1178530189483428,0.1178530189483428,0.8821469810516572,0.22493979428036756,0.08393240778624245
TUR.40.25_1,2066,8,26.41490302366369,70.29194480025438,Istanbul,Kartal,0.8832765810833445,0.08192700733396674,31,Istanbul,Kartal,albopictus,0.13870730113434418,0.13870730113434418,0.8612926988656558,0.2315058721291215,0.11530905594141672
TUR.40.25_1,2066,9,24.514648269204532,69.69930185369348,Istanbul,Kartal,0.7040140882992405,0.06798037609851404,30,Istanbul,Kartal,albopictus,0.03285882251657759,0.03285882251657759,0.9671411774834224,0.1960040851184445,0.022867555778983584
TUR.40.25_1,2066,10,20.126760202295642,72.46826311357087,Istanbul,Kartal,0.6937765024485656,0.06493540033312095,31,Istanbul,Kartal,albopictus,2.7732000179581105e-10,2.7732000179581105e-10,0.9999999997226799,0.09087189560897775,1.9239809745386083e-10
TUR.40.25_1,2066,11,14.948637583676508,83.4493951771996,Istanbul,Kartal,0.40242478288866507,0.039443503183972606,30,Istanbul,Kartal,albopictus,0,0,1,0.009738687292075566,0
TUR.40.25_1,2066,12,8.307008518892177,72.25297465735983,Istanbul,Kartal,0.33100070243903496,0.03152472539969775,31,Istanbul,Kartal,albopictus,0,0,1,0,0
TUR.40.25_1,2067,1,8.358434557914734,80.59855516402818,Istanbul,Kartal,0.3347352441078777,0.03187467615221817,31,Istanbul,Kartal,albopictus,0,0,1,0,0
TUR.40.25_1,2067,2,7.933705487672021,82.96449326935834,Istanbul,Kartal,0.2503920925496614,0.02647105744579381,28,Istanbul,Kartal,albopictus,0,0,1,0,0
TUR.40.25_1,2067,3,9.799414480433743,78.40867724904365,Istanbul,Kartal,0.30737717238282175,0.029308114735195012,31,Istanbul,Kartal,albopictus,0,0,1,0,0
TUR.40.25_1,2067,4,13.821345609777115,75.62378321997306,Istanbul,Kartal,0.40644977577672237,0.03983004869343387,30,Istanbul,Kartal,albopictus,0,0,1,0.003010557263595843,0
TUR.40.25_1,2067,5,18.243080924539004,75.32419729764898,Istanbul,Kartal,0.5681093144189517,0.05349433273616089,31,Istanbul,Kartal,albopictus,4.7073456244106636e-17,4.7073456244106636e-17,1,0.051764665783865266,0
TUR.40.25_1,2067,6,25.727638469022864,67.94168119338599,Istanbul,Kartal,0.6389927908906958,0.06190051899321025,30,Istanbul,Kartal,albopictus,0.0762194973003092,0.0762194973003092,0.9237805026996908,0.2121588095580941,0.047536706088998626
TUR.40.25_1,2067,7,27.632811602424173,67.00648172170477,Istanbul,Kartal,0.75039112948581,0.07004445625473366,31,Istanbul,Kartal,albopictus,0.11604113732292681,0.11604113732292681,0.8839588626770731,0.2243370394073364,0.08339278925859195
TUR.40.25_1,2067,8,28.090089180890253,66.88197165572313,Istanbul,Kartal,0.8910421654751272,0.08261668750320972,31,Istanbul,Kartal,albopictus,0.11292360529354928,0.11292360529354928,0.8870763947064507,0.22314235137426733,0.09572313039446656
TUR.40.25_1,2067,9,23.643165420083438,68.89032281926966,Istanbul,Kartal,0.710203634057361,0.06855707541572242,30,Istanbul,Kartal,albopictus,0.004618592656680434,0.004618592656680434,0.9953814073433196,0.17384221726441074,0.003274767502765563
TUR.40.25_1,2067,10,18.102117257959705,70.96608110673493,Istanbul,Kartal,0.6998760414765247,0.06548718549791466,31,Istanbul,Kartal,albopictus,2.220446049250313e-19,2.220446049250313e-19,1,0.04603288059976571,0
TUR.40.25_1,2067,11,14.573501208249262,77.94799899800039,Istanbul,Kartal,0.40596281806337087,0.039783291338608695,30,Istanbul,Kartal,albopictus,0,0,1,0.006732441492528452,0
TUR.40.25_1,2067,12,11.85512711020077,79.67734446937155,Istanbul,Kartal,0.3339107919212864,0.031797430518439196,31,Istanbul,Kartal,albopictus,0,0,1,6.053690390924171e-5,0
TUR.40.25_1,2068,1,11.025296092033386,81.04503496139147,Istanbul,Kartal,0.33634361786676276,0.03202535223524883,31,Istanbul,Kartal,albopictus,0,0,1,1.7838348309127076e-7,0
TUR.40.25_1,2068,2,7.232087293091943,77.98568009797162,Istanbul,Kartal,0.2605807478232586,0.026596541992675915,29,Istanbul,Kartal,albopictus,0,0,1,0,0
TUR.40.25_1,2068,3,10.829520071254056,76.81819262990302,Istanbul,Kartal,0.30885409298453015,0.02944684367664685,31,Istanbul,Kartal,albopictus,0,0,1,3.651893996824223e-9,0
TUR.40.25_1,2068,4,13.304062170140885,83.40744410864494,Istanbul,Kartal,0.4084027316281633,0.04001754733648755,30,Istanbul,Kartal,albopictus,0,0,1,0.0018107692546969686,0
TUR.40.25_1,2068,5,19.892470191506778,68.97816610868414,Istanbul,Kartal,0.570839030305084,0.05374433438046644,31,Istanbul,Kartal,albopictus,1.2296328844030313e-11,1.2296328844030313e-11,0.9999999999877037,0.0810450982253429,7.01927405089009e-12
TUR.40.25_1,2068,6,26.65027831582462,60.13980893996802,Istanbul,Kartal,0.6420630957213821,0.06218849991830655,30,Istanbul,Kartal,albopictus,0.024769637013529876,0.024769637013529876,0.9752303629864701,0.1904253784740629,0.015777874217367205
TUR.40.25_1,2068,7,25.85281473047593,71.4832082536872,Istanbul,Kartal,0.7539966936527435,0.07036888491381588,31,Istanbul,Kartal,albopictus,0.1287962757760523,0.1287962757760523,0.8712037242239477,0.2285026844084162,0.09254560367559428
TUR.40.25_1,2068,8,26.798064568463495,71.9763587101665,Istanbul,Kartal,0.8953235456471786,0.08299670555165328,31,Istanbul,Kartal,albopictus,0.17814834779744498,0.17814834779744498,0.821851652202555,0.2435895874918136,0.14743038249923857
TUR.40.25_1,2068,9,24.102453063516055,71.36394418767786,Istanbul,Kartal,0.7136161008011215,0.06887487298934147,30,Istanbul,Kartal,albopictus,0.02540435299351506,0.02540435299351506,0.9745956470064849,0.19246615515205967,0.01796561437234745
TUR.40.25_1,2068,10,21.664100366480213,73.80735155351228,Istanbul,Kartal,0.7032388850354193,0.0657912605714086,31,Istanbul,Kartal,albopictus,9.307234332704751e-6,9.307234332704751e-6,0.9999906927656673,0.1346256317100772,6.545187675066622e-6
TUR.40.25_1,2068,11,14.833350756589105,75.90002536518789,Istanbul,Kartal,0.40791343412531655,0.039970574485625465,30,Istanbul,Kartal,albopictus,0,0,1,0.00797626601248617,0
TUR.40.25_1,2068,12,8.239608540254482,76.93712535316061,Istanbul,Kartal,0.3355152042590612,0.03194774750807827,31,Istanbul,Kartal,albopictus,0,0,1,0,0
TUR.40.25_1,2069,1,7.667696833610535,80.0766359135399,Istanbul,Kartal,0.32192542004286306,0.030673785337807846,31,Istanbul,Kartal,albopictus,0,0,1,0,0
TUR.40.25_1,2069,2,6.032454648438622,76.46357774201459,Istanbul,Kartal,0.2408099564905187,0.02547106348103778,28,Istanbul,Kartal,albopictus,0,0,1,0,0
TUR.40.25_1,2069,3,8.481426084742825,82.78079333791084,Istanbul,Kartal,0.2956143013701815,0.02820250588621087,31,Istanbul,Kartal,albopictus,0,0,1,0,0
TUR.40.25_1,2069,4,12.107775014989517,80.13862239233634,Istanbul,Kartal,0.39089554236207036,0.038335415847325915,30,Istanbul,Kartal,albopictus,0,0,1,1.4784865101570192e-4,0
TUR.40.25_1,2069,5,20.81962282517377,70.65953970487554,Istanbul,Kartal,0.5463686089046633,0.05150084596661597,31,Istanbul,Kartal,albopictus,1.716296461173883e-8,1.716296461173883e-8,0.9999999828370354,0.10569130430033348,9.377305043578588e-9
TUR.40.25_1,2069,6,24.117492900175208,69.44987516311255,Istanbul,Kartal,0.6145394792833753,0.05960374806216373,30,Istanbul,Kartal,albopictus,0.016063584911017136,0.016063584911017136,0.9839364150889829,0.186359016599803,0.00982314174509391
TUR.40.25_1,2069,7,28.160420473884134,66.59178216726141,Istanbul,Kartal,0.72167476777051065,0.06745651295917343,31,Istanbul,Kartal,albopictus,0.10955308102296615,0.10955308102296615,0.8904469189770339,0.22195728929512146,0.07601708179807853
TUR.40.25_1,2069,8,27.02138266843908,73.60224371993212,Istanbul,Kartal,0.8569432960696471,0.07958442262548815,31,Istanbul,Kartal,albopictus,0.20948317574946979,0.20948317574946979,0.7905168242505303,0.25374313190228204,0.16432475400598656
TUR.40.25_1,2069,9,25.794616530923282,72.38269723943567,Istanbul,Kartal,0.6830251885164521,0.06602211508203704,30,Istanbul,Kartal,albopictus,0.13812841191379874,0.13812841191379874,0.8618715880862012,0.23129171794726633,0.09003139911353175
TUR.40.25_1,2069,10,18.178043084986072,71.56012102372712,Istanbul,Kartal,0.6730928176707165,0.06306185670195041,31,Istanbul,Kartal,albopictus,2.331468351712829e-18,2.331468351712829e-18,1,0.04763335327534095,0
TUR.40.25_1,2069,11,14.463724711362055,73.02964877827382,Istanbul,Kartal,0.3904272198021571,0.0382903778707363,30,Istanbul,Kartal,albopictus,0,0,1,0.005617200850687175,0
TUR.40.25_1,2069,12,11.683308376985439,81.45530620032858,Istanbul,Kartal,0.3211325184254042,0.03059940374312553,31,Istanbul,Kartal,albopictus,0,0,1,3.092200441421624e-5,0
TUR.40.25_1,2070,1,10.1383455991745,78.97685869186022,Istanbul,Kartal,0.34829762128767233,0.03314449563902189,31,Istanbul,Kartal,albopictus,0,0,1,0,0
TUR.40.25_1,2070,2,8.060726323548487,75.14841508332319,Istanbul,Kartal,0.2605371611128693,0.027528680881591105,28,Istanbul,Kartal,albopictus,0,0,1,0,0
TUR.40.25_1,2070,3,11.818025434718411,72.20549884328193,Istanbul,Kartal,0.31983108998395454,0.030477305198926996,31,Istanbul,Kartal,albopictus,0,0,1,4.372622068306601e-5,0
TUR.40.25_1,2070,4,15.306015295140885,68.76393519751213,Istanbul,Kartal,0.422917791203118,0.041409956795838254,30,Istanbul,Kartal,albopictus,0,0,1,0.01036975683790653,0
TUR.40.25_1,2070,5,19.510369132546817,63.67057943876226,Istanbul,Kartal,0.5911272455664148,0.05560036709141014,31,Istanbul,Kartal,albopictus,8.665768103099936e-14,8.665768103099936e-14,0.9999999999999133,0.06715816396618586,5.1181281435219717e-14
TUR.40.25_1,2070,6,24.468361125272864,66.46381406692115,Istanbul,Kartal,0.6648826886465363,0.06432610769098179,30,Istanbul,Kartal,albopictus,0.013667944393664477,0.013667944393664477,0.9863320556063355,0.18450239349754866,0.009046412363031497
TUR.40.25_1,2070,7,28.31347375757554,63.42808969289619,Istanbul,Kartal,0.7807945235400637,0.07277660958846233,31,Istanbul,Kartal,albopictus,0.06337477699438908,0.06337477699438908,0.9366252230056109,0.20651025968811737,0.04827835705280037
TUR.40.25_1,2070,8,28.00339637083166,64.47308188521532,Istanbul,Kartal,0.9271442794412921,0.08581620575308802,31,Istanbul,Kartal,albopictus,0.08015055203411,0.08015055203411,0.91984944796589,0.2125071084145219,0.07161719495128205
TUR.40.25_1,2070,9,22.316110442666446,69.74583353093958,Istanbul,Kartal,0.738978762249248,0.07123346185668555,30,Istanbul,Kartal,albopictus,4.6473739945025405e-5,4.6473739945025405e-5,0.999953526260055,0.14261179397047521,3.4342517103880255e-5
TUR.40.25_1,2070,10,17.26121302211986,73.72973009355134,Istanbul,Kartal,0.7282327293983593,0.06804815594753866,31,Istanbul,Kartal,albopictus,0,0,1,0.03358233666051371,0
TUR.40.25_1,2070,11,15.893787005368402,75.39049625141836,Istanbul,Kartal,0.42241110355604927,0.04136138499196251,30,Istanbul,Kartal,albopictus,0,0,1,0.01674620288161549,0
TUR.40.25_1,2070,12,10.640921368318446,79.50730052405905,Istanbul,Kartal,0.3474397649952449,0.03306422555761179,31,Istanbul,Kartal,albopictus,0,0,1,2.974182405741627e-12,0
TUR.40.25_1,2071,1,9.102800250053406,79.03591783492662,Istanbul,Kartal,0.3373938883538955,0.03212373128766721,31,Istanbul,Kartal,albopictus,0,0,1,0,0
TUR.40.25_1,2071,2,8.546485104981592,78.20949601594037,Istanbul,Kartal,0.2523808389031555,0.026678474861174584,28,Istanbul,Kartal,albopictus,0,0,1,0,0
TUR.40.25_1,2071,3,9.919881666407864,76.02845874318427,Istanbul,Kartal,0.3098185243620279,0.02953742318354513,31,Istanbul,Kartal,albopictus,0,0,1,0,0
TUR.40.25_1,2071,4,13.374061864965103,76.21252070776603,Istanbul,Kartal,0.40967801474075494,0.040139964471523015,30,Istanbul,Kartal,albopictus,0,0,1,0.001748569272039918,0
TUR.40.25_1,2071,5,19.031582664040958,68.69593954618414,Istanbul,Kartal,0.5726215388903083,0.053907550191125475,31,Istanbul,Kartal,albopictus,8.743505919284188e-15,8.743505919284188e-15,0.9999999999999912,0.06215655434294982,4.9960036108132044e-15
TUR.40.25_1,2071,6,24.3138162949506,67.26303129104224,Istanbul,Kartal,0.6440680094004053,0.06237650418154683,30,Istanbul,Kartal,albopictus,0.013193370296062204,0.013193370296062204,0.9868066297039378,0.18398312330647573,0.008461426649137405
TUR.40.25_1,2071,7,26.9706049526439,64.42146737844305,Istanbul,Kartal,0.7563511324845599,0.07058067622952291,31,Istanbul,Kartal,albopictus,0.07230058631899852,0.07230058631899852,0.9276994136810015,0.21025191154084888,0.05321631227607537
TUR.40.25_1,2071,8,27.84772239011877,69.86495810591845,Istanbul,Kartal,0.8981192933482716,0.08324477294550381,31,Istanbul,Kartal,albopictus,0.16189599514702094,0.16189599514702094,0.8381040048529791,0.2385396648559095,0.1353253039871195
TUR.40.25_1,2071,9,22.923152755288516,73.72554697088098,Istanbul,Kartal,0.7158444467247568,0.06908233676154729,30,Istanbul,Kartal,albopictus,0.00237818020225555,0.00237818020225555,0.9976218197977444,0.16871368079277105,0.0017009588181101654
TUR.40.25_1,2071,10,20.712259012110096,80.06237169511384,Istanbul,Kartal,0.7054348269445934,0.06598976865131201,31,Istanbul,Kartal,albopictus,3.013717559695039e-7,3.013717559695039e-7,0.999999698628244,0.11822578780879739,2.1259810989437966e-7
TUR.40.25_1,2071,11,14.024501421872309,83.60718631489492,Istanbul,Kartal,0.4091871893518435,0.04009285094778281,30,Istanbul,Kartal,albopictus,0,0,1,0.004245036526948297,0
TUR.40.25_1,2071,12,9.989947094636806,77.74497142249655,Istanbul,Kartal,0.3365628879322421,0.03204589213323239,31,Istanbul,Kartal,albopictus,0,0,1,0,0
TUR.40.25_1,2072,1,6.081567168235779,81.61555345504381,Istanbul,Kartal,0.3312136092041621,0.03154467954295204,31,Istanbul,Kartal,albopictus,0,0,1,0,0
TUR.40.25_1,2072,2,7.1796695379649895,80.53182267609662,Istanbul,Kartal,0.2566062960345826,0.02619624469528714,29,Istanbul,Kartal,albopictus,0,0,1,0,0
TUR.40.25_1,2072,3,9.23750194381265,70.84565845021552,Istanbul,Kartal,0.3041433623854499,0.0290042897977717,31,Istanbul,Kartal,albopictus,0,0,1,0,0
TUR.40.25_1,2072,4,14.750360769384049,71.55525599829338,Istanbul,Kartal,0.402173656837417,0.03941938080508134,30,Istanbul,Kartal,albopictus,0,0,1,0.007058164602883553,0
TUR.40.25_1,2072,5,19.593376945046817,72.12615347440679,Istanbul,Kartal,0.5621324308191509,0.05294670784063005,31,Istanbul,Kartal,albopictus,3.8529444634782805e-12,3.8529444634782805e-12,0.9999999999961471,0.07774279765447593,2.1658230764387554e-12
TUR.40.25_1,2072,6,24.58104918984806,69.37969999221411,Istanbul,Kartal,0.632270166502515,0.0612696579199119,30,Istanbul,Kartal,albopictus,0.03471593572694093,0.03471593572694093,0.9652840642730591,0.19690166379621057,0.021710705423158783
TUR.40.25_1,2072,7,27.450718935798196,62.258213594263374,Istanbul,Kartal,0.742496521315467,0.06933370401295658,31,Istanbul,Kartal,albopictus,0.05011332905578481,0.05011332905578481,0.9498866709442152,0.20195504653749788,0.036525225417599616
TUR.40.25_1,2072,8,28.423226693097284,69.33108740889696,Istanbul,Kartal,0.8816678159082548,0.08178406422073203,31,Istanbul,Kartal,albopictus,0.1491394891495551,0.1491394891495551,0.8508605108504449,0.23449669653172384,0.12321326139079092
TUR.40.25_1,2072,9,24.789743255166446,66.96235574773645,Istanbul,Kartal,0.7027318247678795,0.06786085895863014,30,Istanbul,Kartal,albopictus,0.026819484012880875,0.026819484012880875,0.9731805159871191,0.1929956039578685,0.01867041254449542
TUR.40.25_1,2072,10,19.54189272487865,74.84578844316071,Istanbul,Kartal,0.6925128852528445,0.06482104846657877,31,Istanbul,Kartal,albopictus,6.4811517819229895e-12,6.4811517819229895e-12,0.9999999999935189,0.07934083069184207,4.48829862165212e-12
TUR.40.25_1,2072,11,14.39474830907934,74.3215875600121,Istanbul,Kartal,0.40169182223945343,0.03937309559235336,30,Istanbul,Kartal,albopictus,0,0,1,0.005347064266742047,0
TUR.40.25_1,2072,12,9.553456082063564,77.27213969642233,Istanbul,Kartal,0.33039783079676754,0.03146822056308063,31,Istanbul,Kartal,albopictus,0,0,1,0,0
TUR.40.25_1,2073,1,8.44167411327362,83.60096605270006,Istanbul,Kartal,0.35922046018939285,0.034165969242577754,31,Istanbul,Kartal,albopictus,0,0,1,0,0
TUR.40.25_1,2073,2,10.205664792481592,81.97547959748334,Istanbul,Kartal,0.26870777516480104,0.02837963205170635,28,Istanbul,Kartal,albopictus,0,0,1,0,0
TUR.40.25_1,2073,3,9.921659315333645,74.08638873586006,Istanbul,Kartal,0.32986120003391967,0.031417921455640374,31,Istanbul,Kartal,albopictus,0,0,1,0,0
TUR.40.25_1,2073,4,15.882639211766861,62.67169200293205,Istanbul,Kartal,0.4361807669446829,0.04268048970614624,30,Istanbul,Kartal,albopictus,0,0,1,0.014008131430585945,0
TUR.40.25_1,2073,5,20.30170519211713,63.78152227933843,Istanbul,Kartal,0.609665378700568,0.05729311334214848,31,Istanbul,Kartal,albopictus,3.7053928758634666e-11,3.7053928758634666e-11,0.9999999999629461,0.08400102503848912,2.2590485038165298e-11
TUR.40.25_1,2073,6,24.3040506699506,63.86922483352271,Istanbul,Kartal,0.6857338402271285,0.06627506290268481,30,Istanbul,Kartal,albopictus,0.004330166549856316,0.004330166549856316,0.9956698334501437,0.17266389337554947,0.0029649376020860485
TUR.40.25_1,2073,7,28.267573412726907,61.83153970510322,Istanbul,Kartal,0.805280745307653,0.07497118879598386,31,Istanbul,Kartal,albopictus,0.04319374334282609,0.04319374334282609,0.9568062566571739,0.19855077280808223,0.034185111391598744
TUR.40.25_1,2073,8,28.171933510724237,67.5066321476665,Istanbul,Kartal,0.9562201243050865,0.08838491268890647,31,Istanbul,Kartal,albopictus,0.12637090305160442,0.12637090305160442,0.8736290969483955,0.22745372148001664,0.11382284630290052
TUR.40.25_1,2073,9,25.82735617020551,67.74186243108606,Istanbul,Kartal,0.7621536146700016,0.07338337244691673,30,Istanbul,Kartal,albopictus,0.07826441567508413,0.07826441567508413,0.9217355843249159,0.21279717742481338,0.05790532697566486
TUR.40.25_1,2073,10,21.61764498317943,70.95848985917634,Istanbul,Kartal,0.7510705792716109,0.07010560180203462,31,Istanbul,Kartal,albopictus,2.204195331504344e-6,2.204195331504344e-6,0.9999977958046685,0.1267323631700468,1.6555048940603e-6
TUR.40.25_1,2073,11,14.324996569577387,78.13249301655507,Istanbul,Kartal,0.43565818924495747,0.04263046101620449,30,Istanbul,Kartal,albopictus,0,0,1,0.005326496453631807,0
TUR.40.25_1,2073,12,12.362727894502529,77.50612559730124,Istanbul,Kartal,0.3583357009682335,0.03408326919588922,31,Istanbul,Kartal,albopictus,0,0,1,2.811544783524162e-4,0
TUR.40.25_1,2074,1,9.981964945793152,79.96156175582506,Istanbul,Kartal,0.3302067519092887,0.03145031078701732,31,Istanbul,Kartal,albopictus,0,0,1,0,0
TUR.40.25_1,2074,2,7.916386762086083,76.03643845978803,Istanbul,Kartal,0.2470046433411936,0.026117659763506107,28,Istanbul,Kartal,albopictus,0,0,1,0,0
TUR.40.25_1,2074,3,12.06541999648599,72.02597918996162,Istanbul,Kartal,0.30321879601922813,0.028917406881064145,31,Istanbul,Kartal,albopictus,0,0,1,1.081321607550831e-4,0
TUR.40.25_1,2074,4,13.200835508458756,74.57266627661369,Istanbul,Kartal,0.4009510878700198,0.03930193602043908,30,Istanbul,Kartal,albopictus,0,0,1,0.0013394117736574074,0
TUR.40.25_1,2074,5,18.4098461375517,73.12103415067632,Istanbul,Kartal,0.5604236026704069,0.052790080245939563,31,Istanbul,Kartal,albopictus,1.13464793116691e-16,1.13464793116691e-16,0.9999999999999999,0.053141980161285796,1.1102230246251565e-16
TUR.40.25_1,2074,6,24.492401347440833,68.22631864455786,Istanbul,Kartal,0.6303481264299362,0.06108921284585189,30,Istanbul,Kartal,albopictus,0.022103959517349604,0.022103959517349604,0.9778960404826504,0.19030203235388338,0.013836571835195599
TUR.40.25_1,2074,7,27.037386950324564,72.4870916155036,Istanbul,Kartal,0.7402394037993696,0.06913039569340707,31,Istanbul,Kartal,albopictus,0.19584765286621747,0.19584765286621747,0.8041523471337826,0.2492793707380517,0.13495534559506983
TUR.40.25_1,2074,8,27.18848166746252,71.6137641056743,Istanbul,Kartal,0.8789876311349442,0.08154587316712825,31,Istanbul,Kartal,albopictus,0.18367309319887604,0.18367309319887604,0.816326906801124,0.24533494470867098,0.14908784137536357
TUR.40.25_1,2074,9,24.366775344399844,70.58275522283411,Istanbul,Kartal,0.7005955880781877,0.06766171070469806,30,Istanbul,Kartal,albopictus,0.032789865064610846,0.032789865064610846,0.9672101349353892,0.19622181663364147,0.022710577417612288
TUR.40.25_1,2074,10,20.231185632593494,77.55041643388337,Istanbul,Kartal,0.6904077131496027,0.06463050848013718,31,Istanbul,Kartal,albopictus,4.13042285668519e-9,4.13042285668519e-9,0.9999999958695771,0.10059880389630879,2.8516757843988216e-9
TUR.40.25_1,2074,11,14.034561732236078,74.78330325825429,Istanbul,Kartal,0.40047071800256967,0.039255785871825544,30,Istanbul,Kartal,albopictus,0,0,1,0.003793266151490337,0
TUR.40.25_1,2074,12,9.772362484651454,76.24098887855124,Istanbul,Kartal,0.3293934533892468,0.03137407681647819,31,Istanbul,Kartal,albopictus,0,0,1,0,0
TUR.40.25_1,2075,1,11.84846580028534,84.85208757369615,Istanbul,Kartal,0.3675284097941972,0.034942183015121864,31,Istanbul,Kartal,albopictus,0,0,1,6.816983494302857e-5,0
TUR.40.25_1,2075,2,10.296590962830713,79.23568009797162,Istanbul,Kartal,0.274922372889305,0.02902636989780749,28,Istanbul,Kartal,albopictus,0,0,1,0,0
TUR.40.25_1,2075,3,10.624717558131497,72.78378406056709,Istanbul,Kartal,0.3374901369408464,0.03213274641244401,31,Istanbul,Kartal,albopictus,0,0,1,6.9783790100521e-13,0
TUR.40.25_1,2075,4,12.65506581699147,76.89091884009025,Istanbul,Kartal,0.4462686328431085,0.04364573384579651,30,Istanbul,Kartal,albopictus,0,0,1,5.300384633641942e-4,0
TUR.40.25_1,2075,5,20.468882392434512,70.83304739530523,Istanbul,Kartal,0.6237655478261457,0.05857859028622914,31,Istanbul,Kartal,albopictus,1.6457037538275543e-9,1.6457037538275543e-9,0.9999999983542962,0.09682774567067158,1.0265333028058876e-9
TUR.40.25_1,2075,6,26.035658107084387,61.84583692458716,Istanbul,Kartal,0.7015932993011251,0.06775472650195613,30,Istanbul,Kartal,albopictus,0.02772979832702014,0.02772979832702014,0.9722702016729798,0.19265723317312516,0.01926701273118392
TUR.40.25_1,2075,7,30.51666742212632,59.236282899683296,Istanbul,Kartal,0.8239050515239748,0.07663691495877634,31,Istanbul,Kartal,albopictus,0.0018133064978520994,0.0018133064978520994,0.998186693502148,0.16006773477713276,0.0014928769324814573
TUR.40.25_1,2075,8,28.6052926568424,68.59096366011767,Istanbul,Kartal,0.9783353139566948,0.09033384646356457,31,Istanbul,Kartal,albopictus,0.1363950534660764,0.1363950534660764,0.8636049465339236,0.23047641899008633,0.12492011307996798
TUR.40.25_1,2075,9,24.81895429947797,72.73706735662317,Istanbul,Kartal,0.7797804887585751,0.07501526922465673,30,Istanbul,Kartal,albopictus,0.08046143185004956,0.08046143185004956,0.9195385681499504,0.21382694691871115,0.06081448680966017
TUR.40.25_1,2075,10,17.29374285305248,81.71575304277009,Istanbul,Kartal,0.7684411280397682,0.07166746054598672,31,Istanbul,Kartal,albopictus,0,0,1,0.03785640885037773,0
TUR.40.25_1,2075,11,13.962346651974848,80.37117862446523,Istanbul,Kartal,0.44573396911356283,0.04359459968495871,30,Istanbul,Kartal,albopictus,0,0,1,0.0038143403191901203,0
TUR.40.25_1,2075,12,13.901382221895107,73.8618537467153,Istanbul,Kartal,0.36662318811102246,0.03485763822220733,31,Istanbul,Kartal,albopictus,0,0,1,0.0032959910960607777,0
TUR.59.4_1,2025,1,5.2761454906533745,75.124508335343,Mugla,Fethiye,0.08047900365531951,0.007758040523761722,31,Mugla,Fethiye,albopictus,0,0,1,0,0
TUR.59.4_1,2025,2,4.355545538313249,65.41531101963587,Mugla,Fethiye,0.060200730237635135,0.006429321137386257,28,Mugla,Fethiye,albopictus,0,0,1,0,0
TUR.59.4_1,2025,3,11.784421345766852,64.30715121479798,Mugla,Fethiye,0.07390141616455115,0.00712623704459836,31,Mugla,Fethiye,albopictus,0,0,1,3.0346886538046672e-5,0
TUR.59.4_1,2025,4,12.52401431869058,54.947321071006385,Mugla,Fethiye,0.09772103047474949,0.009724511198799912,30,Mugla,Fethiye,albopictus,0,0,1,2.504553446590021e-4,0
TUR.59.4_1,2025,5,16.270817896899054,61.83173755993958,Mugla,Fethiye,0.13658816152926237,0.01313123230123625,31,Mugla,Fethiye,albopictus,0,0,1,0.0173921399748336,0
TUR.59.4_1,2025,6,23.274103248820584,40.992733517757024,Mugla,Fethiye,0.15363038120133485,0.015245628674227074,30,Mugla,Fethiye,albopictus,1.3034375550002863e-8,1.3034375550002863e-8,0.9999999869656244,0.10182074142599028,2.0024760738479586e-9
TUR.59.4_1,2025,7,25.804128198062674,43.8240285810431,Mugla,Fethiye,0.18041342080293538,0.01730783178291273,31,Mugla,Fethiye,albopictus,1.3635312832238622e-5,1.3635312832238622e-5,0.9999863646871677,0.1317946861875486,2.459990406045165e-6
TUR.59.4_1,2025,8,26.548595316269818,44.012536669262225,Mugla,Fethiye,0.21422956487129263,0.020518465141618147,31,Mugla,Fethiye,albopictus,3.065886996398076e-5,3.065886996398076e-5,0.999969341130036,0.135108691787538,6.568014802366129e-6
TUR.59.4_1,2025,9,23.13782512440401,46.20955193240204,Mugla,Fethiye,0.17075130828740365,0.0169301769902106,30,Mugla,Fethiye,albopictus,7.88412732795618e-8,7.88412732795618e-8,0.9999999211587267,0.10944514336761799,1.3462250425533284e-8
TUR.59.4_1,2025,10,15.787257755503935,40.21283500275607,Mugla,Fethiye,0.16826828812238062,0.01615215985192464,31,Mugla,Fethiye,albopictus,0,0,1,0.00958944599853968,0
TUR.59.4_1,2025,11,8.784019876928891,71.84285884578493,Mugla,Fethiye,0.09760395325541679,0.009712917260870535,30,Mugla,Fethiye,albopictus,0,0,1,0,0
TUR.59.4_1,2025,12,5.457223162931554,72.31593716777105,Mugla,Fethiye,0.08028078404233803,0.007739006616958588,31,Mugla,Fethiye,albopictus,0,0,1,0,0
TUR.59.4_1,2026,1,6.168673547751763,73.94707150672971,Mugla,Fethiye,0.0778147641437409,0.007502178163296458,31,Mugla,Fethiye,albopictus,0,0,1,0,0
TUR.59.4_1,2026,2,6.134770887739519,70.0213748624093,Mugla,Fethiye,0.05820779845617426,0.006217142922686714,28,Mugla,Fethiye,albopictus,0,0,1,0,0
TUR.59.4_1,2026,3,8.539179226931402,70.92635287495423,Mugla,Fethiye,0.07145492622351673,0.006891139311253847,31,Mugla,Fethiye,albopictus,0,0,1,0,0
TUR.59.4_1,2026,4,11.095159376368803,71.26952184615287,Mugla,Fethiye,0.09448599750120454,0.009404101988959801,30,Mugla,Fethiye,albopictus,0,0,1,2.818390177376129e-7,0
TUR.59.4_1,2026,5,14.401186129626105,68.53938679089661,Mugla,Fethiye,0.13206644082905727,0.01269929797150049,31,Mugla,Fethiye,albopictus,0,0,1,0.004966855212835515,0
TUR.59.4_1,2026,6,21.37080773185281,49.228390256038274,Mugla,Fethiye,0.14854448161032488,0.0147446651070684,30,Mugla,Fethiye,albopictus,8.60133341218372e-11,8.60133341218372e-11,0.9999999999139867,0.08565834377751598,1.2776779634293689e-11
TUR.59.4_1,2026,7,24.4906764310949,49.702061265369274,Mugla,Fethiye,0.17444087464442604,0.01673968299404749,31,Mugla,Fethiye,albopictus,2.2639826944793828e-5,2.2639826944793828e-5,0.9999773601730552,0.1357840755724283,3.949303415518024e-6
TUR.59.4_1,2026,8,25.23431194529814,48.397538805492694,Mugla,Fethiye,0.20713754278659002,0.019845992012474833,31,Mugla,Fethiye,albopictus,5.4364562448497244e-5,5.4364562448497244e-5,0.9999456354375515,0.14012497296204252,1.126087847602708e-5
TUR.59.4_1,2026,9,17.51841365589815,77.26077950198211,Mugla,Fethiye,0.1650986242141588,0.016374321588121132,30,Mugla,Fethiye,albopictus,0,0,1,0.03951392411702187,0
TUR.59.4_1,2026,10,14.990127170787138,69.51482551178927,Mugla,Fethiye,0.16269780387929314,0.015621645041868804,31,Mugla,Fethiye,albopictus,0,0,1,0.008278423793197601,0
TUR.59.4_1,2026,11,10.995920111151303,73.21497493465212,Mugla,Fethiye,0.09437279609717131,0.009392888240840835,30,Mugla,Fethiye,albopictus,0,0,1,7.499969904399403e-8,0
TUR.59.4_1,2026,12,5.701531634611242,71.48968136943121,Mugla,Fethiye,0.07762310654694862,0.007483769629933468,31,Mugla,Fethiye,albopictus,0,0,1,0,0
TUR.59.4_1,2027,1,4.946930679328301,80.14500851844846,Mugla,Fethiye,0.07959495732428559,0.0076731477442959495,31,Mugla,Fethiye,albopictus,0,0,1,0,0
TUR.59.4_1,2027,2,6.360260027296404,70.24054447910852,Mugla,Fethiye,0.0595394368284861,0.006358921313959431,28,Mugla,Fethiye,albopictus,0,0,1,0,0
TUR.59.4_1,2027,3,8.746053120669195,65.01837100239564,Mugla,Fethiye,0.07308962336330958,0.007048233228369671,31,Mugla,Fethiye,albopictus,0,0,1,0,0
TUR.59.4_1,2027,4,10.680791700587553,70.25063909468803,Mugla,Fethiye,0.09664758380503112,0.009618204700628463,30,Mugla,Fethiye,albopictus,0,0,1,1.387305845761816e-11,0
TUR.59.4_1,2027,5,16.95223917680628,56.24349979748841,Mugla,Fethiye,0.1350877669222445,0.012987929067689086,31,Mugla,Fethiye,albopictus,0,0,1,0.022834995755171575,0
TUR.59.4_1,2027,6,23.327230537638943,44.3277745638996,Mugla,Fethiye,0.15194278109860412,0.015079427492743602,30,Mugla,Fethiye,albopictus,7.085387065852711e-8,7.085387065852711e-8,0.9999999291461293,0.10861833652517924,1.0765734081985556e-8
TUR.59.4_1,2027,7,27.37584259930779,31.838257401843883,Mugla,Fethiye,0.17843161417653622,0.017119345400671393,31,Mugla,Fethiye,albopictus,4.230956091128002e-8,4.230956091128002e-8,0.999999957690439,0.10178400632133688,7.549363245651364e-9
TUR.59.4_1,2027,8,25.861581690171185,45.1216370110591,Mugla,Fethiye,0.2118762944253191,0.020295376680443566,31,Mugla,Fethiye,albopictus,3.1394042858852275e-5,3.1394042858852275e-5,0.9999686059571411,0.13625016314734337,6.651631345722109e-6
TUR.59.4_1,2027,9,21.81878864063936,47.642909171171574,Mugla,Fethiye,0.16887563810319978,0.01674576822064866,30,Mugla,Fethiye,albopictus,4.98585082053804e-10,4.98585082053804e-10,0.9999999995014149,0.09117767518781483,8.419887009836202e-11
TUR.59.4_1,2027,10,17.4004903681138,54.76071326813693,Mugla,Fethiye,0.16641989343572355,0.015976156454127977,31,Mugla,Fethiye,albopictus,0,0,1,0.02745804241934983,0
TUR.59.4_1,2027,11,8.348328520269956,70.66110377986696,Mugla,Fethiye,0.096531792656369,0.009606736889665846,30,Mugla,Fethiye,albopictus,0,0,1,0,0
TUR.59.4_1,2027,12,5.1719543793622185,68.13390744364996,Mugla,Fethiye,0.07939891511551685,0.007654321312684509,31,Mugla,Fethiye,albopictus,0,0,1,0,0
TUR.59.4_1,2028,1,5.94674781227813,64.31090207313596,Mugla,Fethiye,0.0770972362833443,0.007433258528056763,31,Mugla,Fethiye,albopictus,0,0,1,0,0
TUR.59.4_1,2028,2,6.4534979041884935,66.57150761387415,Mugla,Fethiye,0.05973074682742657,0.006159991749672411,29,Mugla,Fethiye,albopictus,0,0,1,0,0
TUR.59.4_1,2028,3,7.238798043307136,72.06717623921205,Mugla,Fethiye,0.0707960422586017,0.006827813727485421,31,Mugla,Fethiye,albopictus,0,0,1,0,0
TUR.59.4_1,2028,4,12.120408857569975,59.873136653281776,Mugla,Fethiye,0.09361474464359458,0.009317792278447423,30,Mugla,Fethiye,albopictus,0,0,1,9.339356016834218e-5,0
TUR.59.4_1,2028,5,16.470927378710577,61.669338267947396,Mugla,Fethiye,0.1308486597079422,0.012582937938765526,31,Mugla,Fethiye,albopictus,0,0,1,0.01929018747322251,0
TUR.59.4_1,2028,6,23.002702797160428,51.243229428401555,Mugla,Fethiye,0.14717475691557808,0.014609703007949948,30,Mugla,Fethiye,albopictus,4.2767908426222244e-7,4.2767908426222244e-7,0.9999995723209157,0.1172499272192656,6.294356325042827e-8
TUR.59.4_1,2028,7,24.96006348553826,47.740669816394664,Mugla,Fethiye,0.17283236000165056,0.016586614117808596,31,Mugla,Fethiye,albopictus,2.6922434248520366e-5,2.6922434248520366e-5,0.9999730775657515,0.13640411270602598,4.653057022685481e-6
TUR.59.4_1,2028,8,26.963035471299115,35.167565966137225,Mugla,Fethiye,0.2052275330407669,0.019664803941072506,31,Mugla,Fethiye,albopictus,3.094657128593359e-7,3.094657128593359e-7,0.9999996905342872,0.11131606374543483,6.351088277511963e-8
TUR.59.4_1,2028,9,20.318124883315143,48.84643852908173,Mugla,Fethiye,0.16357625421290836,0.016224565966709625,30,Mugla,Fethiye,albopictus,1.2137957305924374e-13,1.2137957305924374e-13,0.9999999999998787,0.06701779417524326,1.9872992140790302e-14
TUR.59.4_1,2028,10,15.808963382945342,53.29825751862521,Mugla,Fethiye,0.16119757177818322,0.015478718924159751,31,Mugla,Fethiye,albopictus,0,0,1,0.011807864186554388,0
TUR.59.4_1,2028,11,10.603726316900815,65.3008590288904,Mugla,Fethiye,0.09350258706668238,0.009306680964545788,30,Mugla,Fethiye,albopictus,0,0,1,5.624652500420113e-14,0
TUR.59.4_1,2028,12,4.3322961190167595,67.94166196025152,Mugla,Fethiye,0.07690734595612955,0.007415018474335455,31,Mugla,Fethiye,albopictus,0,0,1,0,0
TUR.59.4_1,2029,1,7.90774110222564,74.06277127479612,Mugla,Fethiye,0.08756399630707654,0.008438132539201448,31,Mugla,Fethiye,albopictus,0,0,1,0,0
TUR.59.4_1,2029,2,4.2723596271346604,71.84460179112024,Mugla,Fethiye,0.06550051915140931,0.0069933447221507405,28,Mugla,Fethiye,albopictus,0,0,1,0,0
TUR.59.4_1,2029,3,10.443493268069098,68.19451846333314,Mugla,Fethiye,0.08040734897558285,0.007751159972825716,31,Mugla,Fethiye,albopictus,0,0,1,8.217044816882721e-30,0
TUR.59.4_1,2029,4,11.119223440394682,64.57254613814506,Mugla,Fethiye,0.10632393000617234,0.010576068906868463,30,Mugla,Fethiye,albopictus,0,0,1,2.7648553212287044e-7,0
TUR.59.4_1,2029,5,15.789462229784796,62.24435810437318,Mugla,Fethiye,0.14861274032370753,0.014278952897071706,31,Mugla,Fethiye,albopictus,0,0,1,0.013060402312233061,0
TUR.59.4_1,2029,6,22.638504112468045,47.55231908904609,Mugla,Fethiye,0.16715527679472286,0.016576598415731558,30,Mugla,Fethiye,albopictus,2.2668257789681955e-8,2.2668257789681955e-8,0.9999999773317422,0.1047742084098412,3.789118907526756e-9
TUR.59.4_1,2029,7,28.055797128116385,42.60697230662904,Mugla,Fethiye,0.19629616912996015,0.01881710890413557,31,Mugla,Fethiye,albopictus,1.138971356486429e-5,1.138971356486429e-5,0.9999886102864352,0.12834760971924744,2.235754640977916e-6
TUR.59.4_1,2029,8,27.251312143662396,42.88482823420363,Mugla,Fethiye,0.23308932734304003,0.02230452401064542,31,Mugla,Fethiye,albopictus,1.972420171954625e-5,1.972420171954625e-5,0.9999802757982804,0.13154525586055177,4.5974903426504454e-6
TUR.59.4_1,2029,9,23.41736614002901,48.78265679080048,Mugla,Fethiye,0.185783449709972,0.018406831309096594,30,Mugla,Fethiye,albopictus,6.981602859147395e-7,6.981602859147395e-7,0.9999993018397141,0.11899409962738314,1.2970661800171257e-7
TUR.59.4_1,2029,10,16.29921969245462,55.47327582917209,Mugla,Fethiye,0.18308183613767098,0.017561563296386362,31,Mugla,Fethiye,albopictus,0,0,1,0.016169710305559873,0
TUR.59.4_1,2029,11,11.496680189581479,70.63723903377321,Mugla,Fethiye,0.10619654585955444,0.01056346513428208,30,Mugla,Fethiye,albopictus,0,0,1,8.491911362206099e-6,0
TUR.59.4_1,2029,12,6.898381934446447,63.54741299784918,Mugla,Fethiye,0.0873483263724258,0.008417437153894758,31,Mugla,Fethiye,albopictus,0,0,1,0,0
TUR.59.4_1,2030,1,6.786617311484673,79.88387723182737,Mugla,Fethiye,0.08505609903331714,0.00819745153014484,31,Mugla,Fethiye,albopictus,0,0,1,0,0
TUR.59.4_1,2030,2,4.947645204908708,71.43188969395227,Mugla,Fethiye,0.06362453609515893,0.0067937321269333495,28,Mugla,Fethiye,albopictus,0,0,1,0,0
TUR.59.4_1,2030,3,9.59321727472193,64.83129061909486,Mugla,Fethiye,0.07810442334643601,0.007529999011533395,31,Mugla,Fethiye,albopictus,0,0,1,0,0
TUR.59.4_1,2030,4,11.731344068751616,64.29289068160209,Mugla,Fethiye,0.1032787344298677,0.010274724088696341,30,Mugla,Fethiye,albopictus,0,0,1,2.4145471673980764e-5,0
TUR.59.4_1,2030,5,17.81333079057581,54.31266025891419,Mugla,Fethiye,0.1443563621086623,0.013872843302586313,31,Mugla,Fethiye,albopictus,0,0,1,0.03253212677009964,0
TUR.59.4_1,2030,6,22.59666451285867,49.24406103240546,Mugla,Fethiye,0.16236782669368052,0.016105676652675815,30,Mugla,Fethiye,albopictus,3.839699584740064e-8,3.839699584740064e-8,0.9999999616030042,0.1068823768432553,6.2344367446343085e-9
TUR.59.4_1,2030,7,26.75071289960076,36.709629624744274,Mugla,Fethiye,0.1906741024339172,0.01828313052836128,31,Mugla,Fethiye,albopictus,6.625614046747996e-7,6.625614046747996e-7,0.9999993374385954,0.11580218090174241,1.2633329316003028e-7
TUR.59.4_1,2030,8,24.647367365220013,46.46494069147902,Mugla,Fethiye,0.2264134775275973,0.02167267978634624,31,Mugla,Fethiye,albopictus,7.0447767924683994e-6,7.0447767924683994e-6,0.9999929552232075,0.12903850638137557,1.595031139944858e-6
TUR.59.4_1,2030,9,21.226097219130573,51.52802956301728,Mugla,Fethiye,0.18046247503216822,0.017884389086880392,30,Mugla,Fethiye,albopictus,1.0908935826892119e-10,1.0908935826892119e-10,0.9999999998909106,0.0865177674543566,1.9686585694955738e-11
TUR.59.4_1,2030,10,17.166716182933136,56.38236396393771,Mugla,Fethiye,0.1778382376601147,0.017062903299597365,31,Mugla,Fethiye,albopictus,0,0,1,0.025359644539322282,0
TUR.59.4_1,2030,11,10.448315550299252,70.39262538631228,Mugla,Fethiye,0.10315499865892357,0.010262477570926132,30,Mugla,Fethiye,albopictus,0,0,1,2.4765125476128018e-30,0
TUR.59.4_1,2030,12,8.234334216398352,80.04088223613043,Mugla,Fethiye,0.08484660604425995,0.00817734400240755,31,Mugla,Fethiye,albopictus,0,0,1,0,0
TUR.59.4_1,2031,1,6.644005331046441,74.99016232704221,Mugla,Fethiye,0.0829559346371342,0.007995855392820661,31,Mugla,Fethiye,albopictus,0,0,1,0,0
TUR.59.4_1,2031,2,6.875572698957781,74.48720280430383,Mugla,Fethiye,0.062053549570390526,0.006626541592665736,28,Mugla,Fethiye,albopictus,0,0,1,0,0
TUR.59.4_1,2031,3,9.515294453677008,71.41460360737611,Mugla,Fethiye,0.07617590639161621,0.007344756381829298,31,Mugla,Fethiye,albopictus,0,0,1,0,0
TUR.59.4_1,2031,4,10.264001692042632,71.64817632613334,Mugla,Fethiye,0.10072862546181499,0.010022301174566484,30,Mugla,Fethiye,albopictus,0,0,1,0,0
TUR.59.4_1,2031,5,14.52275862413294,67.28647999158021,Mugla,Fethiye,0.14079198406277577,0.013532630114476252,31,Mugla,Fethiye,albopictus,0,0,1,0.005452717413081498,0
TUR.59.4_1,2031,6,22.619014824137967,41.51057485686835,Mugla,Fethiye,0.15835871820430464,0.01571114366324433,30,Mugla,Fethiye,albopictus,1.2895382578981262e-9,1.2895382578981262e-9,0.9999999987104617,0.09415350011041383,2.042096491905454e-10
TUR.59.4_1,2031,7,25.493926553165213,46.725601762195446,Mugla,Fethiye,0.18596606896239634,0.017835742564508594,31,Mugla,Fethiye,albopictus,3.741688773954377e-5,3.741688773954377e-5,0.9999625831122605,0.13735721115674196,6.958247317001565e-6
TUR.59.4_1,2031,8,25.512195474961224,53.80005040217238,Mugla,Fethiye,0.22082298455033103,0.021143246388617865,31,Mugla,Fethiye,albopictus,9.720328900353597e-4,9.720328900353597e-4,0.9990279671099647,0.15912495002311325,2.1462416879580726e-4
TUR.59.4_1,2031,9,21.46980106129366,49.42403328616181,Mugla,Fethiye,0.17600658216596524,0.01744667137851663,30,Mugla,Fethiye,albopictus,1.7443560740293407e-10,1.7443560740293407e-10,0.9999999998255644,0.08784385554807406,3.070177445607669e-11
TUR.59.4_1,2031,10,17.751419628367707,48.32021873078342,Mugla,Fethiye,0.17344714120426388,0.01664512051260325,31,Mugla,Fethiye,albopictus,0,0,1,0.02921194471944933,0
TUR.59.4_1,2031,11,11.863087583990659,68.55265956599978,Mugla,Fethiye,0.10060794491517135,0.010010353997491062,30,Mugla,Fethiye,albopictus,0,0,1,4.7508076370150655e-5,0
TUR.59.4_1,2031,12,6.57406686334049,73.07960904277105,Mugla,Fethiye,0.08275161434846967,0.007976240369235166,31,Mugla,Fethiye,albopictus,0,0,1,0,0
TUR.59.4_1,2032,1,8.442473443991997,76.32059140419065,Mugla,Fethiye,0.08759327646719056,0.008440942189115175,31,Mugla,Fethiye,albopictus,0,0,1,0,0
TUR.59.4_1,2032,2,7.189547556288103,72.83869663975305,Mugla,Fethiye,0.06786250808288492,0.0069956749988278055,29,Mugla,Fethiye,albopictus,0,0,1,0,0
TUR.59.4_1,2032,3,8.967713257845709,68.77223147602845,Mugla,Fethiye,0.08043423605419554,0.0077537417764892425,31,Mugla,Fethiye,albopictus,0,0,1,0,0
TUR.59.4_1,2032,4,11.634715879664702,71.33787359175834,Mugla,Fethiye,0.10635948322240078,0.01057958662091163,30,Mugla,Fethiye,albopictus,0,0,1,1.8781041005344155e-5,0
TUR.59.4_1,2032,5,20.268670222338507,47.33625034680482,Mugla,Fethiye,0.14866243431913004,0.014283693313144274,31,Mugla,Fethiye,albopictus,4.214800730650836e-14,4.214800730650836e-14,0.9999999999999578,0.06503570223570518,6.217248937900877e-15
TUR.59.4_1,2032,6,23.971622551188748,31.573288479915227,Mugla,Fethiye,0.16721117115170595,0.016582095182237078,30,Mugla,Fethiye,albopictus,1.2858003050064682e-9,1.2858003050064682e-9,0.9999999987141996,0.09159316408992199,2.1500012881148223e-10
TUR.59.4_1,2032,7,28.180003671085135,27.464813798328258,Mugla,Fethiye,0.19636180778859033,0.018823341483905853,31,Mugla,Fethiye,albopictus,1.5672794365095832e-9,1.5672794365095832e-9,0.9999999984327206,0.08811898938129102,3.077538224260934e-10
TUR.59.4_1,2032,8,26.04546917186064,46.88951268244582,Mugla,Fethiye,0.23316726911264063,0.02231189849723947,31,Mugla,Fethiye,albopictus,8.348280748575277e-5,8.348280748575277e-5,0.9999165171925143,0.14197578617070025,1.9465268788487755e-5
TUR.59.4_1,2032,9,22.143917195937213,50.04008782107392,Mugla,Fethiye,0.1858455730641296,0.018412929276161005,30,Mugla,Fethiye,albopictus,6.346732203232897e-9,6.346732203232897e-9,0.9999999936532677,0.10038114205365711,1.1795120435920126e-9
TUR.59.4_1,2032,10,14.452939594493193,61.314141918039276,Mugla,Fethiye,0.1831430561105155,0.017567383748926968,31,Mugla,Fethiye,albopictus,0,0,1,0.0046875175717343304,0
TUR.59.4_1,2032,11,10.00388996741351,66.32995753963259,Mugla,Fethiye,0.10623205648032853,0.01056697867860068,30,Mugla,Fethiye,albopictus,0,0,1,0,0
TUR.59.4_1,2032,12,6.102257476133459,75.89577878154059,Mugla,Fethiye,0.0873775344155684,0.008420239942153684,31,Mugla,Fethiye,albopictus,0,0,1,0,0
TUR.59.4_1,2033,1,4.967984470374444,70.63647885536253,Mugla,Fethiye,0.08457035538070731,0.008150828325376946,31,Mugla,Fethiye,albopictus,0,0,1,0,0
TUR.59.4_1,2033,2,5.220468538648943,70.5874149014718,Mugla,Fethiye,0.06326118514314359,0.006755065398247995,28,Mugla,Fethiye,albopictus,0,0,1,0,0
TUR.59.4_1,2033,3,8.143733403261969,69.40142001362611,Mugla,Fethiye,0.0776583797550597,0.0074871576143007434,31,Mugla,Fethiye,albopictus,0,0,1,0,0
TUR.59.4_1,2033,4,12.633642996058745,66.48627294478568,Mugla,Fethiye,0.10268892381935246,0.010216347320228691,30,Mugla,Fethiye,albopictus,0,0,1,4.179049233654747e-4,0
TUR.59.4_1,2033,5,19.345612666186163,47.81204609265443,Mugla,Fethiye,0.14353196283094957,0.013794166372339323,31,Mugla,Fethiye,albopictus,4.8683279629813114e-17,4.8683279629813114e-17,1,0.050465442914210616,0
TUR.59.4_1,2033,6,24.39573677848367,40.6251378451496,Mugla,Fethiye,0.16144056642544727,0.016014439811308234,30,Mugla,Fethiye,albopictus,2.84110249657632e-7,2.84110249657632e-7,0.9999997158897503,0.11379171364817421,4.586691859653769e-8
TUR.59.4_1,2033,7,28.373837975894705,34.314610093494274,Mugla,Fethiye,0.18958518892827816,0.018179673004002583,31,Mugla,Fethiye,albopictus,6.855325066590367e-8,6.855325066590367e-8,0.9999999314467494,0.10308901473651909,1.2996680842647379e-8
TUR.59.4_1,2033,8,25.39615047679228,48.08410038996535,Mugla,Fethiye,0.22512046137914607,0.02155025344717143,31,Mugla,Fethiye,albopictus,5.9482824465784344e-5,5.9482824465784344e-5,0.9999405171755342,0.14075092404344727,1.3390711231520136e-5
TUR.59.4_1,2033,9,21.736488454482135,58.213587882109074,Mugla,Fethiye,0.17943187872246916,0.017783167398604527,30,Mugla,Fethiye,albopictus,2.6830305968561506e-8,2.6830305968561506e-8,0.999999973169694,0.1063971251281777,4.8142121400474025e-9
TUR.59.4_1,2033,10,15.738681400523467,70.64260261139864,Mugla,Fethiye,0.1768226280081733,0.016966290771000758,31,Mugla,Fethiye,albopictus,0,0,1,0.014276152654381013,0
TUR.59.4_1,2033,11,11.466423918219174,72.91160731990603,Mugla,Fethiye,0.10256589468633343,0.01020417002285412,30,Mugla,Fethiye,albopictus,0,0,1,7.685337766403043e-6,0
TUR.59.4_1,2033,12,5.758235678953283,65.66911709941168,Mugla,Fethiye,0.084362058777222207,0.008130834690287303,31,Mugla,Fethiye,albopictus,0,0,1,0,0
TUR.59.4_1,2034,1,5.5301761951516655,73.73585171913206,Mugla,Fethiye,0.0813452216615877,0.007841214249059925,31,Mugla,Fethiye,albopictus,0,0,1,0,0
TUR.59.4_1,2034,2,4.1604659732650315,66.8021594693429,Mugla,Fethiye,0.06084868752032806,0.006498296388508407,28,Mugla,Fethiye,albopictus,0,0,1,0,0
TUR.59.4_1,2034,3,7.90739717203028,75.74161471577455,Mugla,Fethiye,0.07469683775854379,0.007202661835160495,31,Mugla,Fethiye,albopictus,0,0,1,0,0
TUR.59.4_1,2034,4,12.56173690627603,60.5557843583599,Mugla,Fethiye,0.09877282923397428,0.009828662774420183,30,Mugla,Fethiye,albopictus,0,0,1,3.0824106253905234e-4,0
TUR.59.4_1,2034,5,15.491000315722296,59.36725620617982,Mugla,Fethiye,0.1380582980814797,0.01327162539607607,31,Mugla,Fethiye,albopictus,0,0,1,0.010387786455473965,0
TUR.59.4_1,2034,6,21.9196701891282,49.03007177459296,Mugla,Fethiye,0.15528394792634545,0.015408450918057204,30,Mugla,Fethiye,albopictus,1.524346532388865e-9,1.524346532388865e-9,0.9999999984756535,0.09507680927119772,2.367065432551385e-10
TUR.59.4_1,2034,7,27.403094796573416,33.92221888866029,Mugla,Fethiye,0.18235526086772122,0.017492481951051464,31,Mugla,Fethiye,albopictus,1.2826117715752927e-7,1.2826117715752927e-7,0.9999998717388229,0.1069015649236455,2.3389100101134375e-8
TUR.59.4_1,2034,8,26.410373575547162,49.565339708813006,Mugla,Fethiye,0.2165353775446364,0.020737005364579897,31,Mugla,Fethiye,albopictus,4.025686907090103e-4,4.025686907090103e-4,0.999597431309291,0.15154785475740282,8.716656420459934e-5
TUR.59.4_1,2034,9,23.426183812758502,47.19190514285126,Mugla,Fethiye,0.17258915233509925,0.01711083329106544,30,Mugla,Fethiye,albopictus,3.3313009018764996e-7,3.3313009018764996e-7,0.9999996668699098,0.11557875569831946,5.74946382725372e-8
TUR.59.4_1,2034,10,18.644030178294464,54.40290229401584,Mugla,Fethiye,0.17007940673015798,0.016324583302211093,31,Mugla,Fethiye,albopictus,1.1102230246251566e-19,1.1102230246251566e-19,1,0.044672545505199994,0
TUR.59.4_1,2034,11,10.84922974249896,62.692552144124775,Mugla,Fethiye,0.09865449187981258,0.00981694527946797,30,Mugla,Fethiye,albopictus,0,0,1,2.5314065366456626e-9,0
TUR.59.4_1,2034,12,7.217491851133459,72.2097970310523,Mugla,Fethiye,0.08114486855551908,0.00782197708568455,31,Mugla,Fethiye,albopictus,0,0,1,0,0
TUR.59.4_1,2035,1,5.043039831168511,67.32532162880003,Mugla,Fethiye,0.07926776789466948,0.007641726712321439,31,Mugla,Fethiye,albopictus,0,0,1,0,0
TUR.59.4_1,2035,2,5.225029962904314,74.16936222813196,Mugla,Fethiye,0.05929468923353222,0.006332864765436597,28,Mugla,Fethiye,albopictus,0,0,1,0,0
TUR.59.4_1,2035,3,8.117536923464606,71.94901217671205,Mugla,Fethiye,0.07278917528238825,0.007019362119670913,31,Mugla,Fethiye,albopictus,0,0,1,0,0
TUR.59.4_1,2035,4,12.976052129969878,65.80367864546928,Mugla,Fethiye,0.0962502964782711,0.009578857305429844,30,Mugla,Fethiye,albopictus,0,0,1,7.977278591042187e-4,0
TUR.59.4_1,2035,5,17.154949328478644,60.25275806775208,Mugla,Fethiye,0.1345324642888462,0.0129348866358161,31,Mugla,Fethiye,albopictus,0,0,1,0.02664919156821587,0
TUR.59.4_1,2035,6,22.938316429362576,35.50545171844062,Mugla,Fethiye,0.15131819288908488,0.01501790859387453,30,Mugla,Fethiye,albopictus,3.0956323759934177e-10,3.0956323759934177e-10,0.9999999996904367,0.08821550377225762,4.6842529854984605e-11
TUR.59.4_1,2035,7,27.050553826724784,31.9539228376349,Mugla,Fethiye,0.17769813884052912,0.017049576596968263,31,Mugla,Fethiye,albopictus,5.6298630193685195e-8,5.6298630193685195e-8,0.9999999437013698,0.1031533585574106,1.00041617212554e-8
TUR.59.4_1,2035,8,26.639896280625287,43.29282536555129,Mugla,Fethiye,0.2110053386983155,0.020212797779163294,31,Mugla,Fethiye,albopictus,2.1081180070454174e-5,2.1081180070454174e-5,0.9999789188199295,0.1329966443091611,4.448231647469214e-6
TUR.59.4_1,2035,9,22.905239217421588,51.87742150027314,Mugla,Fethiye,0.1681814443305726,0.01667750895495712,30,Mugla,Fethiye,albopictus,4.253010926345002e-7,4.253010926345002e-7,0.9999995746989073,0.1173790620416485,7.152774950114349e-8
TUR.59.4_1,2035,10,17.605573261485382,53.13611762604709,Mugla,Fethiye,0.16573579444452535,0.015911008841017038,31,Mugla,Fethiye,albopictus,0,0,1,0.02939443225266522,0
TUR.59.4_1,2035,11,10.325682569952573,65.96222835262087,Mugla,Fethiye,0.09613498131001226,0.009567436181506905,30,Mugla,Fethiye,albopictus,0,0,1,0,0
TUR.59.4_1,2035,12,5.4856798508588005,67.83568204081793,Mugla,Fethiye,0.07907253155276246,0.007622977077214599,31,Mugla,Fethiye,albopictus,0,0,1,0,0
TUR.59.4_1,2036,1,5.775790246970513,81.2271465799719,Mugla,Fethiye,0.08147125853167216,0.007853315651515036,31,Mugla,Fethiye,albopictus,0,0,1,0,0
TUR.59.4_1,2036,2,7.548009413130144,66.38155094883508,Mugla,Fethiye,0.0631195014459737,0.006508332059705579,29,Mugla,Fethiye,albopictus,0,0,1,0,0
TUR.59.4_1,2036,3,7.89152803140528,59.65985812397767,Mugla,Fethiye,0.07481257357490752,0.007213781341639747,31,Mugla,Fethiye,albopictus,0,0,1,0,0
TUR.59.4_1,2036,4,11.856971586451811,64.32738317427787,Mugla,Fethiye,0.09892586856427232,0.009843816174299524,30,Mugla,Fethiye,albopictus,0,0,1,4.1508086706899794e-5,0
TUR.59.4_1,2036,5,15.938477656420538,61.20390705456849,Mugla,Fethiye,0.1382722065990785,0.013292051275357597,31,Mugla,Fethiye,albopictus,0,0,1,0.014119672571783532,0
TUR.59.4_1,2036,6,23.069812858805935,53.8459744845539,Mugla,Fethiye,0.1555245459894058,0.015432139715043536,30,Mugla,Fethiye,albopictus,1.7716675817536776e-6,1.7716675817536776e-6,0.9999982283324182,0.1239330651564393,2.755377583874008e-7
TUR.59.4_1,2036,7,25.867312936221854,43.57606181468568,Mugla,Fethiye,0.18263780341728628,0.017519346117241485,31,Mugla,Fethiye,albopictus,1.3435168156289035e-5,1.3435168156289035e-5,0.9999865648318437,0.13135093455563154,2.4537665901380734e-6
TUR.59.4_1,2036,8,26.028842813828412,44.840207720287616,Mugla,Fethiye,0.21687087901221883,0.02076879944570953,31,Mugla,Fethiye,albopictus,3.270393347053247e-5,3.270393347053247e-5,0.9999672960665295,0.136297967862356,7.092505647010583e-6
TUR.59.4_1,2036,9,22.60315715565401,46.90324318606415,Mugla,Fethiye,0.17285656320603326,0.017137116464453706,30,Mugla,Fethiye,albopictus,1.3392573420589749e-8,1.3392573420589749e-8,0.9999999866074266,0.10278776493924001,2.314994196339626e-9
TUR.59.4_1,2036,10,16.215239132151886,51.39325110993381,Mugla,Fethiye,0.17034292898324457,0.01634966882383726,31,Mugla,Fethiye,albopictus,0,0,1,0.014451542651618255,0
TUR.59.4_1,2036,11,10.410263945074643,65.69037776668337,Mugla,Fethiye,0.09880734785736503,0.009832080703669255,30,Mugla,Fethiye,albopictus,0,0,1,6.741042679677583e-76,0
TUR.59.4_1,2036,12,7.609024272245519,76.41192258036871,Mugla,Fethiye,0.081270594997063475,0.007834048916651404,31,Mugla,Fethiye,albopictus,0,0,1,0,0
TUR.59.4_1,2037,1,7.095963987357476,72.49015469764768,Mugla,Fethiye,0.08269280759342353,0.007970594769470818,31,Mugla,Fethiye,albopictus,0,0,1,0,0
TUR.59.4_1,2037,2,5.078838842756609,70.41637913487024,Mugla,Fethiye,0.06185672257878791,0.006605592510056213,28,Mugla,Fethiye,albopictus,0,0,1,0,0
TUR.59.4_1,2037,3,8.571244141634772,63.96751345845033,Mugla,Fethiye,0.0759342848471362,0.007321545120804185,31,Mugla,Fethiye,albopictus,0,0,1,0,0
TUR.59.4_1,2037,4,12.2517288572648,64.14848913130912,Mugla,Fethiye,0.10040912540976034,0.009990670876644292,30,Mugla,Fethiye,albopictus,0,0,1,1.5355025077939895e-4,0
TUR.59.4_1,2037,5,19.792147776659796,42.943847697879036,Mugla,Fethiye,0.14034540747115945,0.013489996944617944,31,Mugla,Fethiye,albopictus,2.9209967777887866e-16,2.9209967777887866e-16,0.9999999999999997,0.05350737433098755,0
TUR.59.4_1,2037,6,22.919542396769803,44.34940008269843,Mugla,Fethiye,0.15785642187614948,0.015661701953696983,30,Mugla,Fethiye,albopictus,1.5433405299580816e-8,1.5433405299580816e-8,0.9999999845665947,0.10282518171042125,2.4362620809625923e-9
TUR.59.4_1,2037,7,28.873267678653495,29.255791276355602,Mugla,Fethiye,0.18537620517301692,0.017779675500009362,31,Mugla,Fethiye,albopictus,1.3796340995742007e-9,1.3796340995742007e-9,0.9999999986203659,0.08697754771435953,2.5575130901955845e-10
TUR.59.4_1,2037,8,27.102123148301068,42.14535298395949,Mugla,Fethiye,0.22012255848241608,0.02107689412821645,31,Mugla,Fethiye,albopictus,1.309096532744647e-5,1.309096532744647e-5,0.9999869090346726,0.13006917439785337,2.8816126290687194e-6
TUR.59.4_1,2037,9,24.29349147572237,45.58320915896454,Mugla,Fethiye,0.17544830876646067,0.01739181650863375,30,Mugla,Fethiye,albopictus,2.1268972108189345e-6,2.1268972108189345e-6,0.9999978731027892,0.12317623948637321,3.731604489853879e-7
TUR.59.4_1,2037,10,16.784158313975617,63.31726234040256,Mugla,Fethiye,0.1728969860682296,0.016592764499119506,31,Mugla,Fethiye,albopictus,0,0,1,0.02339666051273337,0
TUR.59.4_1,2037,11,10.267491270514096,75.16919856746462,Mugla,Fethiye,0.1002888276484546,0.009978761214412657,30,Mugla,Fethiye,albopictus,0,0,1,0,0
TUR.59.4_1,2037,12,5.365352855009191,69.17251217997809,Mugla,Fethiye,0.08248913538610195,0.007951041465285247,31,Mugla,Fethiye,albopictus,0,0,1,0,0
TUR.59.4_1,2038,1,5.314736398703912,77.4432110330969,Mugla,Fethiye,0.08528201870430643,0.008219135264600053,31,Mugla,Fethiye,albopictus,0,0,1,0,0
TUR.59.4_1,2038,2,7.956201094038347,66.00815312168665,Mugla,Fethiye,0.06379353084597432,0.006811715533311058,28,Mugla,Fethiye,albopictus,0,0,1,0,0
TUR.59.4_1,2038,3,10.23165836053736,63.7091821596222,Mugla,Fethiye,0.07831187849457681,0.00754992394162779,31,Mugla,Fethiye,albopictus,0,0,1,0,0
TUR.59.4_1,2038,4,13.209909284816069,60.09892858443412,Mugla,Fethiye,0.10355305570685744,0.010301873986460652,30,Mugla,Fethiye,albopictus,0,0,1,0.001044828724623568,0
TUR.59.4_1,2038,5,20.276398798998663,40.074115794802864,Mugla,Fethiye,0.14473979071876142,0.013909433852595798,31,Mugla,Fethiye,albopictus,2.696898260268199e-15,2.696898260268199e-15,0.9999999999999973,0.05795782830936344,4.440892098500626e-16
TUR.59.4_1,2038,6,22.611744011149685,45.87698797332343,Mugla,Fethiye,0.16279909601360917,0.01614810808127165,30,Mugla,Fethiye,albopictus,9.861528059318392e-9,9.861528059318392e-9,0.999999990138472,0.10141146441052439,1.6054478857441268e-9
TUR.59.4_1,2038,7,26.802852181827323,45.17723903026185,Mugla,Fethiye,0.1911805567737897,0.018331244972079275,31,Mugla,Fethiye,albopictus,5.893918171440849e-5,5.893918171440849e-5,0.9999410608182856,0.13906189235638047,1.126796209194314e-5
TUR.59.4_1,2038,8,24.972963220932904,43.581723833568866,Mugla,Fethiye,0.22701486013192457,0.02172961513262872,31,Mugla,Fethiye,albopictus,3.7159365847772573e-6,3.7159365847772573e-6,0.9999962840634152,0.1251876441977267,8.435724682120949e-7
TUR.59.4_1,2038,9,23.580692403456744,49.66697991091767,Mugla,Fethiye,0.18094180600841261,0.017931463802109304,30,Mugla,Fethiye,albopictus,1.7689319044142394e-6,1.7689319044142394e-6,0.9999982310680956,0.12333976185458256,3.2007368222508603e-7
TUR.59.4_1,2038,10,16.36029967139749,54.5959107168674,Mugla,Fethiye,0.17831059833263682,0.017107834610829986,31,Mugla,Fethiye,albopictus,0,0,1,0.016522662918425496,0
TUR.59.4_1,2038,11,12.138928343268002,63.80693965633181,Mugla,Fethiye,0.1034289912781806,0.010289595277036545,30,Mugla,Fethiye,albopictus,0,0,1,1.1151326294211395e-4,0
TUR.59.4_1,2038,12,7.827893004697912,78.89394009745855,Mugla,Fethiye,0.08507196927558529,0.008198974768980904,31,Mugla,Fethiye,albopictus,0,0,1,0,0
TUR.59.4_1,2039,1,7.307010206229546,67.68512387489378,Mugla,Fethiye,0.08826767726012562,0.008505653775613853,31,Mugla,Fethiye,albopictus,0,0,1,0,0
TUR.59.4_1,2039,2,5.342533129103044,77.22108952305383,Mugla,Fethiye,0.06602689379950137,0.0070493460210530046,28,Mugla,Fethiye,albopictus,0,0,1,0,0
TUR.59.4_1,2039,3,7.270816704806159,67.69924105854798,Mugla,Fethiye,0.08105351774751585,0.007813205795551559,31,Mugla,Fethiye,albopictus,0,0,1,0,0
TUR.59.4_1,2039,4,12.161722028956694,59.58800329146537,Mugla,Fethiye,0.10717836935971999,0.010660605569651316,30,Mugla,Fethiye,albopictus,0,0,1,1.062271618427363e-4,0
TUR.59.4_1,2039,5,20.924409052904913,39.34091572156068,Mugla,Fethiye,0.14980702061191506,0.014392871528316253,31,Mugla,Fethiye,albopictus,1.3726580982975633e-13,1.3726580982975633e-13,0.9999999999998628,0.06688275980837802,2.0539125955565396e-14
TUR.59.4_1,2039,6,24.591447914347928,37.816776791682805,Mugla,Fethiye,0.16849856843789549,0.01670869198722824,30,Mugla,Fethiye,albopictus,1.0752221962739839e-7,1.0752221962739839e-7,0.9999998924777804,0.10924861149147656,1.811733996159859e-8
TUR.59.4_1,2039,7,28.23947480145623,34.0690236982306,Mugla,Fethiye,0.1978736425345413,0.018966883592516304,31,Mugla,Fethiye,albopictus,7.20331888605652e-8,7.20331888605652e-8,0.9999999279668111,0.10277515895215115,1.4253469404756913e-8
TUR.59.4_1,2039,8,28.324531442978802,42.70416417170363,Mugla,Fethiye,0.234962477575187,0.02248173735218073,31,Mugla,Fethiye,albopictus,9.893841355601674e-6,9.893841355601674e-6,0.9999901061586444,0.1269851664672748,2.324678775589284e-6
TUR.59.4_1,2039,9,23.390997045180377,49.562613608427434,Mugla,Fethiye,0.18727644089888706,0.01855337136486923,30,Mugla,Fethiye,albopictus,8.851686312276175e-7,8.851686312276175e-7,0.9999991148313687,0.12052515570605853,1.657712170866077e-7
TUR.59.4_1,2039,10,17.44112929175882,57.89827125153537,Mugla,Fethiye,0.18455311664533006,0.017701434872930966,31,Mugla,Fethiye,albopictus,0,0,1,0.02935395462513602,0
TUR.59.4_1,2039,11,11.357659269781674,74.00518947322634,Mugla,Fethiye,0.10704996152983642,0.010647901595621234,30,Mugla,Fethiye,albopictus,0,0,1,3.68951139182443e-6,0
TUR.59.4_1,2039,12,6.565683589262121,69.88319790995855,Mugla,Fethiye,0.08805027416080037,0.00848479349709419,31,Mugla,Fethiye,albopictus,0,0,1,0,0
TUR.59.4_1,2040,1,6.4675259914468315,74.22941251014768,Mugla,Fethiye,0.08067709814977254,0.00777706205137163,31,Mugla,Fethiye,albopictus,0,0,1,0,0
TUR.59.4_1,2040,2,1.7760558303664715,65.81112400791712,Mugla,Fethiye,0.06250422916128007,0.00644509543811711,29,Mugla,Fethiye,albopictus,0,0,1,0,0
TUR.59.4_1,2040,3,10.300460240420172,66.40872897358705,Mugla,Fethiye,0.07408332030115278,0.007143715069269696,31,Mugla,Fethiye,albopictus,0,0,1,0,0
TUR.59.4_1,2040,4,12.829029882655425,58.24808324752006,Mugla,Fethiye,0.09796156523847785,0.009748330480402911,30,Mugla,Fethiye,albopictus,0,0,1,5.190578733930572e-4,0
TUR.59.4_1,2040,5,15.675358912524054,58.49094776501771,Mugla,Fethiye,0.13692436552754111,0.013163340413624325,31,Mugla,Fethiye,albopictus,0,0,1,0.01157003403051507,0
TUR.59.4_1,2040,6,23.642953956828396,38.98210577117499,Mugla,Fethiye,0.1540085336549493,0.01528286669831258,30,Mugla,Fethiye,albopictus,1.5508079689974253e-8,1.5508079689974253e-8,0.9999999844919203,0.10266124335637075,2.388376607598275e-9
TUR.59.4_1,2040,7,28.519370583926932,27.326473801990367,Mugla,Fethiye,0.18085749818664112,0.017350062298090996,31,Mugla,Fethiye,albopictus,7.493084172582876e-10,7.493084172582876e-10,0.9999999992506916,0.08446541292496852,1.3551804123324018e-10
TUR.59.4_1,2040,8,26.9461191962747,45.33962025690871,Mugla,Fethiye,0.21475687877209373,0.020568447178781257,31,Mugla,Fethiye,albopictus,7.085472628364637e-5,7.085472628364637e-5,0.9999291452737163,0.13996515509673577,1.5216424091968328e-5
TUR.59.4_1,2040,9,23.081018560072955,51.18159401614228,Mugla,Fethiye,0.171171602930181,0.01697149401994691,30,Mugla,Fethiye,albopictus,5.823485972688558e-7,5.823485972688558e-7,0.9999994176514028,0.11872955270103638,9.968153791284351e-8
TUR.59.4_1,2040,10,18.22375162910013,46.37349097809787,Mugla,Fethiye,0.168682470952114,0.016191593856695108,31,Mugla,Fethiye,albopictus,0,0,1,0.03414598121728776,0
TUR.59.4_1,2040,11,11.214489866705502,56.86231380183962,Mugla,Fethiye,0.09784419984022243,0.009736708284044271,30,Mugla,Fethiye,albopictus,0,0,1,5.43029036235026e-7,0
TUR.59.4_1,2040,12,7.165027365965002,70.77592862284918,Mugla,Fethiye,0.08047839063047711,0.007757981659020863,31,Mugla,Fethiye,albopictus,0,0,1,0,0
TUR.59.4_1,2041,1,4.886561664588311,78.5444073221594,Mugla,Fethiye,0.08488482811302764,0.0081810126582446685,31,Mugla,Fethiye,albopictus,0,0,1,0,0
TUR.59.4_1,2041,2,3.6492719825576336,69.94010655186243,Mugla,Fethiye,0.06349642026367998,0.00678009859262918,28,Mugla,Fethiye,albopictus,0,0,1,0,0
TUR.59.4_1,2041,3,7.631243130739997,64.29441775532533,Mugla,Fethiye,0.0779471504804422,0.007514893548052237,31,Mugla,Fethiye,albopictus,0,0,1,0,0
TUR.59.4_1,2041,4,12.747357214198393,59.49491704878959,Mugla,Fethiye,0.10307076999118342,0.010254141108525072,30,Mugla,Fethiye,albopictus,0,0,1,4.608582308861339e-4,0
TUR.59.4_1,2041,5,18.70958246904261,47.83693699231263,Mugla,Fethiye,0.1440656828126566,0.013845102904575746,31,Mugla,Fethiye,albopictus,0,0,1,0.04153130723062903,0
TUR.59.4_1,2041,6,26.106086815104764,30.48383382903632,Mugla,Fethiye,0.1620408790976905,0.016073507938431764,30,Mugla,Fethiye,albopictus,2.0349053632073845e-8,2.0349053632073845e-8,0.9999999796509463,0.09976218372143336,3.297378481370572e-9
TUR.59.4_1,2041,7,28.07538559857537,33.79618129100404,Mugla,Fethiye,0.19029015666905869,0.018246653137688695,31,Mugla,Fethiye,albopictus,7.795576210495314e-8,7.795576210495314e-8,0.9999999220442379,0.10392867137671331,1.4834214079328945e-8
TUR.59.4_1,2041,8,28.111087686875287,40.36635365534621,Mugla,Fethiye,0.22595756613378995,0.02162951458520046,31,Mugla,Fethiye,albopictus,3.1879033371181587e-6,3.1879033371181587e-6,0.9999968120966629,0.12146820952791045,7.203306197078874e-7
TUR.59.4_1,2041,9,21.70286762013155,58.13347161013642,Mugla,Fethiye,0.18009909163547175,0.017848699987778827,30,Mugla,Fethiye,albopictus,2.0000400192121683e-8,2.0000400192121683e-8,0.9999999799995998,0.10550437010535185,3.6020538773939847e-9
TUR.59.4_1,2041,10,17.474320018992707,61.47616736969943,Mugla,Fethiye,0.17748013848824015,0.01702883926158605,31,Mugla,Fethiye,albopictus,0,0,1,0.03129832358852261,0
TUR.59.4_1,2041,11,10.866690565558041,71.52713924129274,Mugla,Fethiye,0.10294728337743794,0.010241918996603538,30,Mugla,Fethiye,albopictus,0,0,1,6.229928737349015e-9,0
TUR.59.4_1,2041,12,4.703143582624548,71.82084286845465,Mugla,Fethiye,0.08467575696387891,0.008160945287291943,31,Mugla,Fethiye,albopictus,0,0,1,0,0
TUR.59.4_1,2042,1,5.004846128470757,73.2933086893469,Mugla,Fethiye,0.09400438428970583,0.009055944163906426,31,Mugla,Fethiye,albopictus,0,0,1,0,0
TUR.59.4_1,2042,2,5.465781706220964,74.3415881802804,Mugla,Fethiye,0.07031812426526617,0.007505774667701748,28,Mugla,Fethiye,albopictus,0,0,1,0,0
TUR.59.4_1,2042,3,8.927647015627691,64.75606478901673,Mugla,Fethiye,0.0863213609656406,0.008318885064155679,31,Mugla,Fethiye,albopictus,0,0,1,0,0
TUR.59.4_1,2042,4,14.672416532740874,52.69479574141654,Mugla,Fethiye,0.11414412312157414,0.011349515063950655,30,Mugla,Fethiye,albopictus,0,0,1,0.005022973803372208,0
TUR.59.4_1,2042,5,19.310265681322882,44.21368793835755,Mugla,Fethiye,0.15954330250921916,0.015321093729930402,31,Mugla,Fethiye,albopictus,6.772360450213455e-18,6.772360450213455e-18,1,0.04731552963983193,0
TUR.59.4_1,2042,6,24.77080544303445,40.52513555633124,Mugla,Fethiye,0.1794496544077145,0.01778491335477872,30,Mugla,Fethiye,albopictus,6.111288479884181e-7,6.111288479884181e-7,0.999999388871152,0.11693476051072944,1.0966685459745662e-7
TUR.59.4_1,2042,7,28.67186882916619,32.63496074046693,Mugla,Fethiye,0.21073387802880117,0.020187058051723605,31,Mugla,Fethiye,albopictus,1.5225464352675023e-8,1.5225464352675023e-8,0.9999999847745357,0.09651124327501756,3.208521115460883e-9
TUR.59.4_1,2042,8,26.850114710190716,47.290864611156756,Mugla,Fethiye,0.250233196581657,0.023925258209974043,31,Mugla,Fethiye,albopictus,1.627160941115206e-4,1.627160941115206e-4,0.9998372839058884,0.14541983864160002,4.0716139440344357e-05
TUR.59.4_1,2042,9,24.811227910658893,47.13035881716767,Mugla,Fethiye,0.19944794136573735,0.01974721248545852,30,Mugla,Fethiye,albopictus,1.439063391655432e-5,1.439063391655432e-5,0.9999856093660835,0.1328528272239636,2.87017819067259e-6
TUR.59.4_1,2042,10,20.132273281321808,50.56934516510959,Mugla,Fethiye,0.196547622385751,0.018840984900648228,31,Mugla,Fethiye,albopictus,6.536976515647552e-14,6.536976515647552e-14,0.9999999999999346,0.06595348685410309,1.2878587085651816e-14
TUR.59.4_1,2042,11,12.173427511663999,60.09015804012087,Mugla,Fethiye,0.11400736978942733,0.01133599484668979,30,Mugla,Fethiye,albopictus,0,0,1,1.1479838099589237e-4,0
TUR.59.4_1,2042,12,8.302973494810217,75.6321603123023,Mugla,Fethiye,0.09377285169330003,0.00903374044578642,31,Mugla,Fethiye,albopictus,0,0,1,0,0
TUR.59.4_1,2043,1,7.075089963919976,71.0041241190344,Mugla,Fethiye,0.08962694404498442,0.008636068294600285,31,Mugla,Fethiye,albopictus,0,0,1,0,0
TUR.59.4_1,2043,2,6.668326872236589,68.18384281895227,Mugla,Fethiye,0.06704366648951532,0.0071575121049465285,28,Mugla,Fethiye,albopictus,0,0,1,0,0
TUR.59.4_1,2043,3,9.315402409609625,74.71554507466126,Mugla,Fethiye,0.0823016910074225,0.007933045753616419,31,Mugla,Fethiye,albopictus,0,0,1,0,0
TUR.59.4_1,2043,4,12.934338415370268,64.58453954634818,Mugla,Fethiye,0.10882884892424577,0.010823880540469233,30,Mugla,Fethiye,albopictus,0,0,1,7.064503397869196e-4,0
TUR.59.4_1,2043,5,16.312989375170538,52.25930790295716,Mugla,Fethiye,0.15211395462872782,0.014612885414479138,31,Mugla,Fethiye,albopictus,0,0,1,0.01558758782974224,0
TUR.59.4_1,2043,6,24.16572960685281,36.801701108089055,Mugla,Fethiye,0.17109334055021605,0.016963800574796406,30,Mugla,Fethiye,albopictus,2.5964689731150513e-8,2.5964689731150513e-8,0.9999999740353103,0.103582180567029,4.4423854594910495e-9
TUR.59.4_1,2043,7,29.487247018253104,25.830105393787242,Mugla,Fethiye,0.20092077233612865,0.019256131450820058,31,Mugla,Fethiye,albopictus,2.4423858768773954e-11,2.4423858768773954e-11,0.9999999999755761,0.07294570998521648,4.9072967911456544e-12
TUR.59.4_1,2043,8,29.028785593369427,38.63749089289504,Mugla,Fethiye,0.2385807521392143,0.022823960929604592,31,Mugla,Fethiye,albopictus,3.1214099216769763e-7,3.1214099216769763e-7,0.9999996878590078,0.10892485177534454,7.44708299471597e-8
TUR.59.4_1,2043,9,22.69697391285616,51.573302390165715,Mugla,Fethiye,0.19016038045187023,0.018836373829953956,30,Mugla,Fethiye,albopictus,1.4563646719839562e-7,1.4563646719839562e-7,0.9999998543635328,0.11268268144864606,2.769428564253218e-8
TUR.59.4_1,2043,10,17.65726527045755,45.483689952707245,Mugla,Fethiye,0.1873951187154524,0.017971561713652218,31,Mugla,Fethiye,albopictus,0,0,1,0.0270759719134785,0
TUR.59.4_1,2043,11,11.198192526312436,70.45780330379274,Mugla,Fethiye,0.1086984636944408,0.010810983060822066,30,Mugla,Fethiye,albopictus,0,0,1,8.081699229568366e-7,0
TUR.59.4_1,2043,12,8.713275656980628,72.07276547587652,Mugla,Fethiye,0.08940619307449033,0.008614889563538175,31,Mugla,Fethiye,albopictus,0,0,1,0,0
TUR.59.4_1,2044,1,7.200727018363335,72.4012417337805,Mugla,Fethiye,0.09799176215968232,0.009438251210514004,31,Mugla,Fethiye,albopictus,0,0,1,0,0
TUR.59.4_1,2044,2,7.457743662245134,68.24653355381555,Mugla,Fethiye,0.07591868942256576,0.007822898135448453,29,Mugla,Fethiye,albopictus,0,0,1,0,0
TUR.59.4_1,2044,3,12.781175038393805,61.1490014955597,Mugla,Fethiye,0.08998284853370862,0.008670212629809049,31,Mugla,Fethiye,albopictus,0,0,1,4.963205050983355e-4,0
TUR.59.4_1,2044,4,13.748856390223784,58.39375509200248,Mugla,Fethiye,0.1189857669870367,0.011828068560869931,30,Mugla,Fethiye,albopictus,0,0,1,0.0021361742451888447,0
TUR.59.4_1,2044,5,17.65210833269007,57.19065479626771,Mugla,Fethiye,0.16631064042154128,0.01596575244065046,31,Mugla,Fethiye,albopictus,0,0,1,0.03179259290052411,0
TUR.59.4_1,2044,6,23.53712853263406,44.48358968841132,Mugla,Fethiye,0.18706135875711055,0.018532261973564834,30,Mugla,Fethiye,albopictus,1.3792574253679303e-7,1.3792574253679303e-7,0.9999998620742575,0.11166271529480738,2.580057645307221e-8
TUR.59.4_1,2044,7,28.098113564883963,37.81423625316224,Mugla,Fethiye,0.21967256326200027,0.021034263130416453,31,Mugla,Fethiye,albopictus,7.743279740587416e-7,7.743279740587416e-7,0.9999992256720259,0.11403414416642375,1.7009859643035696e-7
TUR.59.4_1,2044,8,26.51074016795439,48.23591008234816,Mugla,Fethiye,0.260847321847434,0.024927341488905408,31,Mugla,Fethiye,albopictus,2.2288211821657277e-4,2.2288211821657277e-4,0.9997771178817835,0.14753604352925329,5.813651363184569e-5
TUR.59.4_1,2044,9,22.637428395888385,58.98661339480439,Mugla,Fethiye,0.2079079117556631,0.020576152751214716,30,Mugla,Fethiye,albopictus,2.8065623898879677e-6,2.8065623898879677e-6,0.9999971934376101,0.12690651957634902,5.835063554560094e-7
TUR.59.4_1,2044,10,17.292543972239777,64.89048926911349,Mugla,Fethiye,0.2048845701336579,0.01963226611639013,31,Mugla,Fethiye,albopictus,0,0,1,0.03017481205979582,0
TUR.59.4_1,2044,11,13.083141256781186,73.5207076617029,Mugla,Fethiye,0.11884321299767192,0.011813981675362628,30,Mugla,Fethiye,albopictus,0,0,1,0.001073238746270284,0
TUR.59.4_1,2044,12,10.064096198362463,73.80321133769293,Mugla,Fethiye,0.09775040866015523,0.009415114597293828,31,Mugla,Fethiye,albopictus,0,0,1,0,0
TUR.59.4_1,2045,1,7.537030729300835,75.51084561561643,Mugla,Fethiye,0.09658426649484243,0.009303318340474931,31,Mugla,Fethiye,albopictus,0,0,1,0,0
TUR.59.4_1,2045,2,6.297049063093523,66.18219486973352,Mugla,Fethiye,0.07224795422863749,0.007710968999052992,28,Mugla,Fethiye,albopictus,0,0,1,0,0
TUR.59.4_1,2045,3,9.52806892114527,69.86758364888001,Mugla,Fethiye,0.08869038816326694,0.00854621250769616,31,Mugla,Fethiye,albopictus,0,0,1,0,0
TUR.59.4_1,2045,4,12.185087049708647,70.46842016158256,Mugla,Fethiye,0.11727672586438599,0.011659171481970487,30,Mugla,Fethiye,albopictus,0,0,1,1.489861955667258e-4,0
TUR.59.4_1,2045,5,19.183673045214483,49.545124095584114,Mugla,Fethiye,0.1639218528311251,0.015738244002910684,31,Mugla,Fethiye,albopictus,2.0095036745715333e-17,2.0095036745715333e-17,1,0.04943377742307951,0
TUR.59.4_1,2045,6,25.139677131877225,41.729366818538274,Mugla,Fethiye,0.18437452013203662,0.018268522001034904,30,Mugla,Fethiye,albopictus,2.1105721644824606e-6,2.1105721644824606e-6,0.9999978894278355,0.12229286647083479,3.8913565436615727e-7
TUR.59.4_1,2045,7,28.511134652530448,29.232845872302867,Mugla,Fethiye,0.2165173165998197,0.02073529377454464,31,Mugla,Fethiye,albopictus,2.40332400436305e-9,2.40332400436305e-9,0.999999997596676,0.0892100877316494,5.203613095972059e-10
TUR.59.4_1,2045,8,29.50033748851103,40.129548693188006,Mugla,Fethiye,0.25710066532658193,0.024573735871452396,31,Mugla,Fethiye,albopictus,2.931043049068105e-7,2.931043049068105e-7,0.9999997068956951,0.108626475423863,7.535730894847603e-8
TUR.59.4_1,2045,9,25.464975469252643,47.58900368411103,Mugla,Fethiye,0.20492164558356224,0.020283627045088792,30,Mugla,Fethiye,albopictus,5.4890608585034084e-5,5.4890608585034084e-5,0.999945109391415,0.1401180382915073,1.1248210576741968e-5
TUR.59.4_1,2045,10,17.171732509837433,56.53714912018771,Mugla,Fethiye,0.20194172945093006,0.019353026415346863,31,Mugla,Fethiye,albopictus,0,0,1,0.025388973222064615,0
TUR.59.4_1,2045,11,11.297727514715756,65.67186122615603,Mugla,Fethiye,0.11713621943613878,0.011645284560440006,30,Mugla,Fethiye,albopictus,0,0,1,1.7999309767531402e-6,0
TUR.59.4_1,2045,12,9.593310103696936,75.7009087864234,Mugla,Fethiye,0.0963463796541119,0.009280510945329667,31,Mugla,Fethiye,albopictus,0,0,1,0,0
TUR.59.4_1,2046,1,7.512968572623589,79.41759152626096,Mugla,Fethiye,0.08719952905600006,0.008403158519700415,31,Mugla,Fethiye,albopictus,0,0,1,0,0
TUR.59.4_1,2046,2,5.4370889839004075,70.35835758946008,Mugla,Fethiye,0.06522788661787945,0.006964337949902588,28,Mugla,Fethiye,albopictus,0,0,1,0,0
TUR.59.4_1,2046,3,8.465522667940924,70.83972110005189,Mugla,Fethiye,0.08007266980739247,0.007719022192731018,31,Mugla,Fethiye,albopictus,0,0,1,0,0
TUR.59.4_1,2046,4,15.090154493556303,64.38770879683646,Mugla,Fethiye,0.10588137836249106,0.010532280819250839,30,Mugla,Fethiye,albopictus,0,0,1,0.008303430962659734,0
TUR.59.4_1,2046,5,17.23430361467249,54.91664890637513,Mugla,Fethiye,0.14799417014389551,0.014219944262007789,31,Mugla,Fethiye,albopictus,0,0,1,0.02562315465137886,0
TUR.59.4_1,2046,6,21.25505837272195,57.31697515594062,Mugla,Fethiye,0.16645952709386805,0.016508174381712593,30,Mugla,Fethiye,albopictus,1.2359244458970408e-9,1.2359244458970408e-9,0.9999999987640755,0.09497494900132619,2.057314318903991e-10
TUR.59.4_1,2046,7,27.159314660465018,36.00284633006654,Mugla,Fethiye,0.1954791264163231,0.018739525030635473,31,Mugla,Fethiye,albopictus,5.358859210601308e-7,5.358859210601308e-7,0.9999994641140789,0.11350974622072302,1.0475450618052662e-7
TUR.59.4_1,2046,8,27.797292597153607,43.35346379328566,Mugla,Fethiye,0.23211914062275762,0.022212724814087204,31,Mugla,Fethiye,albopictus,2.05603556895651e-5,2.05603556895651e-5,0.9999794396443105,0.13188912998287683,4.772440705402836e-6
TUR.59.4_1,2046,9,23.18994151844698,44.489440085478215,Mugla,Fethiye,0.1850101640438651,0.018330923181471337,30,Mugla,Fethiye,albopictus,4.6245761651964035e-8,4.6245761651964035e-8,0.9999999537542383,0.10679049730530403,8.555935959719818e-9
TUR.59.4_1,2046,10,16.76131972144632,53.41323249421115,Mugla,Fethiye,0.18231979538629725,0.017489109838606853,31,Mugla,Fethiye,albopictus,0,0,1,0.020184900424262367,0
TUR.59.4_1,2046,11,12.160255362005795,68.0624328203943,Mugla,Fethiye,0.10575452442636729,0.010519728952153806,30,Mugla,Fethiye,albopictus,0,0,1,1.3139141145429036e-4,0
TUR.59.4_1,2046,12,6.7773668625775505,67.56083310282965,Mugla,Fethiye,0.08698475680340516,0.00838254854868159,31,Mugla,Fethiye,albopictus,0,0,1,0,0
TUR.59.4_1,2047,1,7.546937021262505,72.65311093544065,Mugla,Fethiye,0.08880464151106884,0.008557174729132533,31,Mugla,Fethiye,albopictus,0,0,1,0,0
TUR.59.4_1,2047,2,4.011657017118791,67.68403355381555,Mugla,Fethiye,0.06642855930913832,0.007092077319113987,28,Mugla,Fethiye,albopictus,0,0,1,0,0
TUR.59.4_1,2047,3,9.386106869753668,72.50557650776673,Mugla,Fethiye,0.08154659565320657,0.00786054905824407,31,Mugla,Fethiye,albopictus,0,0,1,0,0
TUR.59.4_1,2047,4,10.512551153407378,71.2504865067974,Mugla,Fethiye,0.1078303742000757,0.01072510887419742,30,Mugla,Fethiye,albopictus,0,0,1,4.459130521049343e-18,0
TUR.59.4_1,2047,5,18.417975565966437,57.33930210461732,Mugla,Fethiye,0.1507183509777505,0.014479791602309167,31,Mugla,Fethiye,albopictus,0,0,1,0.04277967170251053,0
TUR.59.4_1,2047,6,23.4512921221116,45.422569790950384,Mugla,Fethiye,0.16952360625915389,0.01680947789967424,30,Mugla,Fethiye,albopictus,1.8361111423098597e-7,1.8361111423098597e-7,0.9999998163888858,0.11286293383844068,3.112641777658354e-8
TUR.59.4_1,2047,7,27.30334618512322,39.12404689158998,Mugla,Fethiye,0.19907737957105404,0.019081158152194022,31,Mugla,Fethiye,albopictus,2.529866729159724e-6,2.529866729159724e-6,0.9999974701332709,0.12114645362214303,5.036391123036665e-7
TUR.59.4_1,2047,8,27.262920267441693,38.5272881035884,Mugla,Fethiye,0.23639183942866723,0.02261694354742516,31,Mugla,Fethiye,albopictus,1.918814098374244e-6,1.918814098374244e-6,0.9999980811859016,0.1191082877206091,4.535918913806114e-7
TUR.59.4_1,2047,9,25.342952840468463,39.77651894290009,Mugla,Fethiye,0.18841571131958965,0.018665178307181507,30,Mugla,Fethiye,albopictus,1.1386979533352104e-6,1.1386979533352104e-6,0.9999988613020466,0.11904995948516964,2.145485618054721e-7
TUR.59.4_1,2047,10,15.304602230296416,55.530809093332245,Mugla,Fethiye,0.185675820098222,0.017808154558331735,31,Mugla,Fethiye,albopictus,0,0,1,0.008625521047795548,0
TUR.59.4_1,2047,11,12.616938520880307,72.5264449663904,Mugla,Fethiye,0.1077011852188542,0.010712328450109831,30,Mugla,Fethiye,albopictus,0,0,1,4.547521170094094e-4,0
TUR.59.4_1,2047,12,9.537152037901038,76.35927975810309,Mugla,Fethiye,0.08858591586994793,0.008536188639195585,31,Mugla,Fethiye,albopictus,0,0,1,0,0
TUR.59.4_1,2048,1,7.353328260428765,75.00517697547971,Mugla,Fethiye,0.09693464789227219,0.00933691019235261,31,Mugla,Fethiye,albopictus,0,0,1,0,0
TUR.59.4_1,2048,2,6.822972792036394,77.47568241856165,Mugla,Fethiye,0.07509969476441383,0.0077388337730333046,29,Mugla,Fethiye,albopictus,0,0,1,0,0
TUR.59.4_1,2048,3,10.747759244021246,68.05779971333314,Mugla,Fethiye,0.08901213272137144,0.008577082497494892,31,Mugla,Fethiye,albopictus,0,0,1,2.1489448697474665e-10,0
TUR.59.4_1,2048,4,13.31884368728189,62.84580816207084,Mugla,Fethiye,0.11770217386524172,0.011701219350470748,30,Mugla,Fethiye,albopictus,0,0,1,0.0012853324912022847,0
TUR.59.4_1,2048,5,18.857789179858038,49.36920933117982,Mugla,Fethiye,0.16451651664075612,0.015794884777513007,31,Mugla,Fethiye,albopictus,1.1102230246251566e-19,1.1102230246251566e-19,1,0.044650499321540596,0
TUR.59.4_1,2048,6,27.149007881388943,28.23043493377265,Mugla,Fethiye,0.18504338064481746,0.018334183947054994,30,Mugla,Fethiye,albopictus,6.156822478120549e-9,6.156822478120549e-9,0.9999999938431775,0.09443152613685214,1.1392792265141338e-9
TUR.59.4_1,2048,7,28.50029137555291,36.03765925731263,Mugla,Fethiye,0.21730278241854115,0.020809727618534724,31,Mugla,Fethiye,albopictus,1.5960283354954363e-7,1.5960283354954363e-7,0.9999998403971665,0.10604855828373977,3.468213916058005e-8
TUR.59.4_1,2048,8,26.76941478953642,45.82924428034621,Mugla,Fethiye,0.25803335647459674,0.024661774295821393,31,Mugla,Fethiye,albopictus,8.493006206672371e-5,8.493006206672371e-5,0.9999150699379333,0.14099357395979556,2.1914548853474436e-5
TUR.59.4_1,2048,9,24.660127751967487,43.99384606082001,Mugla,Fethiye,0.2056650454679213,0.020356456441822934,30,Mugla,Fethiye,albopictus,2.4390076245084933e-6,2.4390076245084933e-6,0.9999975609923755,0.12406952570641776,5.016184881911911e-7
TUR.59.4_1,2048,10,16.891344631419464,58.37701575837131,Mugla,Fethiye,0.20267431901165497,0.01942254766728546,31,Mugla,Fethiye,albopictus,0,0,1,0.022920584008467637,0
TUR.59.4_1,2048,11,13.654115606756772,65.33760982234743,Mugla,Fethiye,0.11756115771796405,0.011687282643565333,30,Mugla,Fethiye,albopictus,0,0,1,0.0021076648116857464,0
TUR.59.4_1,2048,12,8.210540519041174,77.10094845927496,Mugla,Fethiye,0.09669589806291305,0.009314020833380177,31,Mugla,Fethiye,albopictus,0,0,1,0,0
TUR.59.4_1,2049,1,8.72414449120269,75.05992551063596,Mugla,Fethiye,0.08965495420832748,0.008638755542473509,31,Mugla,Fethiye,albopictus,0,0,1,0,0
TUR.59.4_1,2049,2,7.794394033796648,73.29573551914758,Mugla,Fethiye,0.06706461893935617,0.007159740939847614,28,Mugla,Fethiye,albopictus,0,0,1,0,0
TUR.59.4_1,2049,3,8.554480454500982,76.77481784077455,Mugla,Fethiye,0.08232741188670822,0.007935515121611614,31,Mugla,Fethiye,albopictus,0,0,1,0,0
TUR.59.4_1,2049,4,10.469156110987944,66.51081670699271,Mugla,Fethiye,0.10886286005635884,0.01082724483471631,30,Mugla,Fethiye,albopictus,0,0,1,4.765088810979804e-26,0
TUR.59.4_1,2049,5,17.354549548205206,67.71822742810365,Mugla,Fethiye,0.15216149319830988,0.014617418684107486,31,Mugla,Fethiye,albopictus,0,0,1,0.03227161661995842,0
TUR.59.4_1,2049,6,23.568979347453396,48.03314260589179,Mugla,Fethiye,0.17114681054706563,0.016969056854992393,30,Mugla,Fethiye,albopictus,8.020163417107318e-7,8.020163417107318e-7,0.9999991979836583,0.11926638694951022,1.3726252945378548e-7
TUR.59.4_1,2049,7,30.574201135074393,27.593060105701305,Mugla,Fethiye,0.20098356398558315,0.019262091031925777,31,Mugla,Fethiye,albopictus,1.689862139109266e-12,1.689862139109266e-12,0.9999999999983101,0.06426952651347179,3.396172232328354e-13
TUR.59.4_1,2049,8,29.102746851303998,42.636865282543475,Mugla,Fethiye,0.23865531326487954,0.022831011808564394,31,Mugla,Fethiye,albopictus,2.975324110961408e-6,2.975324110961408e-6,0.999997024675889,0.12053323422626676,7.100766556966676e-7
TUR.59.4_1,2049,9,22.32734500660616,53.075282218046574,Mugla,Fethiye,0.19021980926956109,0.018842204752054115,30,Mugla,Fethiye,albopictus,5.4930884809789584e-8,5.4930884809789584e-8,0.9999999450691152,0.10877870292718927,1.04489423780052e-8
TUR.59.4_1,2049,10,16.255289638743683,62.16330878815646,Mugla,Fethiye,0.18745368333506363,0.0179771273871,31,Mugla,Fethiye,albopictus,0,0,1,0.01722661260557685,0
TUR.59.4_1,2049,11,10.278204847784604,64.162942463949,Mugla,Fethiye,0.10873243407863346,0.010814343368208967,30,Mugla,Fethiye,albopictus,0,0,1,0,0
TUR.59.4_1,2049,12,7.559338317197912,73.13602841532965,Mugla,Fethiye,0.0894341342488613,0.00861757025000165,31,Mugla,Fethiye,albopictus,0,0,1,0,0
TUR.59.4_1,2050,1,8.911707433707573,75.52457089637815,Mugla,Fethiye,0.09130896012789476,0.008797425169216555,31,Mugla,Fethiye,albopictus,0,0,1,0,0
TUR.59.4_1,2050,2,7.672514932997087,70.65340153477258,Mugla,Fethiye,0.068301865421703,0.007291345229431645,28,Mugla,Fethiye,albopictus,0,0,1,0,0
TUR.59.4_1,2050,3,7.962138077791999,69.23207797261048,Mugla,Fethiye,0.08384623511076404,0.008081320913553847,31,Mugla,Fethiye,albopictus,0,0,1,0,0
TUR.59.4_1,2050,4,13.853605116114897,63.80565465865287,Mugla,Fethiye,0.1108712244188663,0.01102588681775829,30,Mugla,Fethiye,albopictus,0,0,1,0.002627863919729459,0
TUR.59.4_1,2050,5,17.08263411241419,66.88579944958802,Mugla,Fethiye,0.15496865553197625,0.014885072217273865,31,Mugla,Fethiye,albopictus,0,0,1,0.028251459699937476,0
TUR.59.4_1,2050,6,22.221885765300076,56.463017026057805,Mugla,Fethiye,0.1743042248836134,0.017279391458983384,30,Mugla,Fethiye,albopictus,1.3811708779559728e-7,1.3811708779559728e-7,0.9999998618829122,0.11282407671842556,2.4074391591355493e-8
TUR.59.4_1,2050,7,28.209369210635916,34.67736491527162,Mugla,Fethiye,0.2046914238300646,0.019613941325392847,31,Mugla,Fethiye,albopictus,1.1094294145436168e-7,1.1094294145436168e-7,0.9999998890570585,0.10535518521994701,2.270906840351472e-8
TUR.59.4_1,2050,8,29.572486765244427,35.10874333430129,Mugla,Fethiye,0.2430581631058271,0.023247277474521044,31,Mugla,Fethiye,albopictus,9.167774105534044e-9,9.167774105534044e-9,0.9999999908322259,0.09381244340782263,2.228302320439468e-9
TUR.59.4_1,2050,9,24.74635898365694,39.410513999052434,Mugla,Fethiye,0.19372909320516749,0.019186460472883526,30,Mugla,Fethiye,albopictus,3.0237014322587183e-7,3.0237014322587183e-7,0.9999996976298567,0.11379181155015305,5.857789198149277e-8
TUR.59.4_1,2050,10,18.030029857859894,46.466565776681854,Mugla,Fethiye,0.19091193619591987,0.018305725631200476,31,Mugla,Fethiye,albopictus,0,0,1,0.03182023694854787,0
TUR.59.4_1,2050,11,12.021938253851499,72.5511031695154,Mugla,Fethiye,0.11073839226803951,0.01101274997465218,30,Mugla,Fethiye,albopictus,0,0,1,9.494803449519266e-5,0
TUR.59.4_1,2050,12,5.928898558897131,64.13964474833746,Mugla,Fethiye,0.09108406635540463,0.008775852487397762,31,Mugla,Fethiye,albopictus,0,0,1,0,0
TUR.59.4_1,2051,1,7.1187100734780815,71.81123776649534,Mugla,Fethiye,0.08920893900010768,0.008595964729459782,31,Mugla,Fethiye,albopictus,0,0,1,0,0
TUR.59.4_1,2051,2,4.055850046522478,69.65736881992883,Mugla,Fethiye,0.06673098606603034,0.007124249861042986,28,Mugla,Fethiye,albopictus,0,0,1,0,0
TUR.59.4_1,2051,3,11.719843289431402,67.83754672261048,Mugla,Fethiye,0.08191784971494552,0.007896193818015318,31,Mugla,Fethiye,albopictus,0,0,1,2.561985810608659e-5,0
TUR.59.4_1,2051,4,15.262803877101225,53.41362585005912,Mugla,Fethiye,0.10832128941339565,0.0107736726915727,30,Mugla,Fethiye,albopictus,0,0,1,0.008121879475131242,0
TUR.59.4_1,2051,5,16.506086489733526,64.81653980603333,Mugla,Fethiye,0.15140452063978085,0.014545231436179251,31,Mugla,Fethiye,albopictus,0,0,1,0.0204141907167104,0
TUR.59.4_1,2051,6,25.871656501994412,30.511436978450384,Mugla,Fethiye,0.1702953898864189,0.016885356006306473,30,Mugla,Fethiye,albopictus,1.9115489013066257e-8,1.9115489013066257e-8,0.999999980884511,0.10029042800113287,3.2552796014329033e-9
TUR.59.4_1,2051,7,28.700767068301932,36.13517817821107,Mugla,Fethiye,0.19998371152978361,0.019167190323922778,31,Mugla,Fethiye,albopictus,1.2133524555407727e-7,1.2133524555407727e-7,0.9999998786647545,0.10531673612841354,2.4265072395834864e-8
TUR.59.4_1,2051,8,29.191375620224896,36.03664174128371,Mugla,Fethiye,0.23746805149916317,0.02271873225730736,31,Mugla,Fethiye,albopictus,3.8322389973033385e-8,3.8322389973033385e-8,0.9999999616776101,0.10006554356494719,9.100343256740473e-9
TUR.59.4_1,2051,9,24.112064473769244,47.83612358767548,Mugla,Fethiye,0.18927350430975087,0.01874935291001556,30,Mugla,Fethiye,albopictus,3.748345313291657e-6,3.748345313291657e-6,0.9999962516546868,0.12648472160214985,7.094622010983542e-7
TUR.59.4_1,2051,10,15.373428905711455,58.044725108957245,Mugla,Fethiye,0.18652113929059305,0.017888499557540793,31,Mugla,Fethiye,albopictus,0,0,1,0.009397674205217843,0
TUR.59.4_1,2051,11,11.23122208258685,72.099954182699,Mugla,Fethiye,0.10819151227844895,0.01076083471241196,30,Mugla,Fethiye,albopictus,0,0,1,1.2449015793643282e-6,0
TUR.59.4_1,2051,12,6.597419963163488,71.71320737040777,Mugla,Fethiye,0.08898921757514046,0.008574883920754117,31,Mugla,Fethiye,albopictus,0,0,1,0,0
TUR.59.4_1,2052,1,6.0911550846169975,68.49042172645628,Mugla,Fethiye,0.08976429938791104,0.00864924586503224,31,Mugla,Fethiye,albopictus,0,0,1,0,0
TUR.59.4_1,2052,2,5.861512678511003,77.14829746983118,Mugla,Fethiye,0.06954449860142327,0.00716844174634057,29,Mugla,Fethiye,albopictus,0,0,1,0,0
TUR.59.4_1,2052,3,8.690027615603277,64.38897647114564,Mugla,Fethiye,0.08242782023242534,0.007945154902561202,31,Mugla,Fethiye,albopictus,0,0,1,0,0
TUR.59.4_1,2052,4,13.915471876368803,58.37893117842826,Mugla,Fethiye,0.1089956316258494,0.010840378149449603,30,Mugla,Fethiye,albopictus,0,0,1,0.002547445791861315,0
TUR.59.4_1,2052,5,19.37549700456507,58.92643360486146,Mugla,Fethiye,0.15234707274543463,0.014635115317440994,31,Mugla,Fethiye,albopictus,4.867994896073924e-15,4.867994896073924e-15,0.9999999999999951,0.060334227251435175,7.771561172376096e-16
TUR.59.4_1,2052,6,23.382467354045193,44.41757635222968,Mugla,Fethiye,0.17135554501020459,0.01698957588445682,30,Mugla,Fethiye,albopictus,8.720532005046522e-8,8.720532005046522e-8,0.9999999127946799,0.10970839320354091,1.494311507865831e-8
TUR.59.4_1,2052,7,28.80955651227166,35.0748945173224,Mugla,Fethiye,0.20122868801795152,0.019285355507370094,31,Mugla,Fethiye,albopictus,4.681457867999894e-8,4.681457867999894e-8,0.9999999531854213,0.10120904152714268,9.420436208884553e-9
TUR.59.4_1,2052,8,29.140432245591107,39.06241765070754,Mugla,Fethiye,0.23894638260196135,0.022858536317321265,31,Mugla,Fethiye,albopictus,3.2282729212396164e-7,3.2282729212396164e-7,0.9999996771727079,0.10899444659689832,7.713841065903893e-8
TUR.59.4_1,2052,9,23.904598348280963,35.90857994753876,Mugla,Fethiye,0.19045180558687108,0.018864966987535148,30,Mugla,Fethiye,albopictus,8.282828995620494e-9,8.282828995620494e-9,0.999999991717171,0.09911519567931398,1.5774797024192821e-9
TUR.59.4_1,2052,10,20.41807612250833,42.76719443879123,Mugla,Fethiye,0.18768230602355715,0.01799885418313263,31,Mugla,Fethiye,albopictus,2.2329527116227154e-14,2.2329527116227154e-14,0.9999999999999777,0.06290362110766268,4.218847493575595e-15
TUR.59.4_1,2052,11,12.231885839911069,73.86771541316774,Mugla,Fethiye,0.1088650465776958,0.010827461119426118,30,Mugla,Fethiye,albopictus,0,0,1,1.8196946995855233e-4,0
TUR.59.4_1,2052,12,8.035087809843176,69.30517972148199,Mugla,Fethiye,0.08954321011150262,0.008628034958679809,31,Mugla,Fethiye,albopictus,0,0,1,0,0
TUR.59.4_1,2053,1,8.575620683677055,75.9271206400305,Mugla,Fethiye,0.10060643223534357,0.009688863905425005,31,Mugla,Fethiye,albopictus,0,0,1,0,0
TUR.59.4_1,2053,2,8.38766052091823,67.18516270420618,Mugla,Fethiye,0.07525665592370329,0.008030792627992667,28,Mugla,Fethiye,albopictus,0,0,1,0,0
TUR.59.4_1,2053,3,9.15341129022486,67.5729745790558,Mugla,Fethiye,0.0923838203725501,0.00890052344337855,31,Mugla,Fethiye,albopictus,0,0,1,0,0
TUR.59.4_1,2053,4,13.763683164820952,60.10174383101615,Mugla,Fethiye,0.1221606106424007,0.012141747902785549,30,Mugla,Fethiye,albopictus,0,0,1,0.002235893826871305,0
TUR.59.4_1,2053,5,18.17200007158167,55.14675144543763,Mugla,Fethiye,0.1707482323699916,0.016388249694037627,31,Mugla,Fethiye,albopictus,0,0,1,0.03798698597589466,0
TUR.59.4_1,2053,6,27.117542350993435,32.532040158382024,Mugla,Fethiye,0.1920526327813263,0.019022017180916673,30,Mugla,Fethiye,albopictus,6.629453447976052e-8,6.629453447976052e-8,0.9999999337054655,0.10429527349011329,1.2732039755825042e-8
TUR.59.4_1,2053,7,29.020436791812674,35.328602403064586,Mugla,Fethiye,0.22553398737507,0.02158940889652161,31,Mugla,Fethiye,albopictus,4.1781845835753284e-8,4.1781845835753284e-8,0.9999999582181541,0.10001504185118941,9.423226199345436e-9
TUR.59.4_1,2053,8,28.35656536326689,42.20285954523879,Mugla,Fethiye,0.2678073935077381,0.02558388573309156,31,Mugla,Fethiye,albopictus,6.671337099614372e-6,6.671337099614372e-6,0.9999933286629004,0.12489906914837932,1.7866318038350926e-6
TUR.59.4_1,2053,9,22.814170949599323,53.30154335696259,Mugla,Fethiye,0.2134554249688137,0.021119338744099436,30,Mugla,Fethiye,albopictus,5.42530120891227e-7,5.42530120891227e-7,0.9999994574698791,0.11863248235218093,1.1580599079685783e-7
TUR.59.4_1,2053,10,17.770216549144074,49.35328071198459,Mugla,Fethiye,0.21035141288336004,0.020150791803214663,31,Mugla,Fethiye,albopictus,0,0,1,0.029827460858408265,0
TUR.59.4_1,2053,11,13.843284536810483,69.03408199031618,Mugla,Fethiye,0.12201425294911286,0.012127289731475366,30,Mugla,Fethiye,albopictus,0,0,1,0.0027882095706757153,0
TUR.59.4_1,2053,12,9.415241942686194,75.97911465800543,Mugla,Fethiye,0.1003586388090414,0.009665115950734715,31,Mugla,Fethiye,albopictus,0,0,1,0,0
TUR.59.4_1,2054,1,8.650345357901909,72.09809537147581,Mugla,Fethiye,0.0926740312574677,0.008928358006330184,31,Mugla,Fethiye,albopictus,0,0,1,0,0
TUR.59.4_1,2054,2,6.866076486952165,69.94389073154993,Mugla,Fethiye,0.06932297993721767,0.007399946704658156,28,Mugla,Fethiye,albopictus,0,0,1,0,0
TUR.59.4_1,2054,3,10.346287152346441,69.99989260884095,Mugla,Fethiye,0.08509973832351309,0.008201640059290471,31,Mugla,Fethiye,albopictus,0,0,1,0,0
TUR.59.4_1,2054,4,11.837855184779448,65.21799291548881,Mugla,Fethiye,0.11252875186570842,0.011189798406666784,30,Mugla,Fethiye,albopictus,0,0,1,3.933199578884492e-5,0
TUR.59.4_1,2054,5,18.81040110307581,56.73323063244935,Mugla,Fethiye,0.1572854406246893,0.015105915160523953,31,Mugla,Fethiye,albopictus,9.103828801926284e-18,9.103828801926284e-18,1,0.04864201629833081,0
TUR.59.4_1,2054,6,24.31264694999246,46.77154592620429,Mugla,Fethiye,0.176910077198851,0.017535440573525407,30,Mugla,Fethiye,albopictus,3.910562103070281e-6,3.910562103070281e-6,0.999996089437897,0.12646036661428509,6.918176042036706e-7
TUR.59.4_1,2054,7,28.001508263980643,42.50081691112123,Mugla,Fethiye,0.20775156549360155,0.019904232554725287,31,Mugla,Fethiye,albopictus,1.1082995562194664e-5,1.1082995562194664e-5,0.9999889170044378,0.1279820229188692,2.3025070275961568e-6
TUR.59.4_1,2054,8,27.430917627671185,46.944238329418475,Mugla,Fethiye,0.24669188843571874,0.023590693003565533,31,Mugla,Fethiye,albopictus,1.6692196278620392e-4,1.6692196278620392e-4,0.9998330780372138,0.1447883414883456,4.1177446406859275e-5
TUR.59.4_1,2054,9,22.510225408217487,43.434134604521184,Mugla,Fethiye,0.19662534776465768,0.019470487908696765,30,Mugla,Fethiye,albopictus,2.0172190078326935e-9,2.0172190078326935e-9,0.9999999979827809,0.09549898097581601,3.9663639039844156e-10
TUR.59.4_1,2054,10,16.280972088084503,61.00705115876193,Mugla,Fethiye,0.19376607419099612,0.018576838922765737,31,Mugla,Fethiye,albopictus,0,0,1,0.017164272133115242,0
TUR.59.4_1,2054,11,11.789341856451596,69.92049556453493,Mugla,Fethiye,0.11239393387106171,0.011176467375957344,30,Mugla,Fethiye,albopictus,0,0,1,3.7867760352831216e-5,0
TUR.59.4_1,2054,12,8.322131858152503,70.00821316874762,Mugla,Fethiye,0.09244577531772022,0.008906465701086774,31,Mugla,Fethiye,albopictus,0,0,1,0,0
TUR.59.4_1,2055,1,9.356113466269829,76.17901272987424,Mugla,Fethiye,0.09788318488142203,0.009427842849512036,31,Mugla,Fethiye,albopictus,0,0,1,0,0
TUR.59.4_1,2055,2,6.79605724180446,64.81353489658899,Mugla,Fethiye,0.07321958449043948,0.007814264127742332,28,Mugla,Fethiye,albopictus,0,0,1,0,0
TUR.59.4_1,2055,3,10.307107350405524,61.16892947407533,Mugla,Fethiye,0.08988314532837208,0.008660647542630295,31,Mugla,Fethiye,albopictus,0,0,1,0,0
TUR.59.4_1,2055,4,13.448904836879057,51.70493520674857,Mugla,Fethiye,0.11885392783600568,0.011815040500138374,30,Mugla,Fethiye,albopictus,0,0,1,0.0012724703917263804,0
TUR.59.4_1,2055,5,19.31700434404261,51.56501011242982,Mugla,Fethiye,0.16612636414887594,0.01594820381675932,31,Mugla,Fethiye,albopictus,1.865174681370263e-16,1.865174681370263e-16,0.9999999999999998,0.053098153405303154,0
TUR.59.4_1,2055,6,25.17399033378152,33.505550900569524,Mugla,Fethiye,0.18685409017908028,0.018511919020498424,30,Mugla,Fethiye,albopictus,3.6717779025585706e-8,3.6717779025585706e-8,0.999999963282221,0.10368481181150299,6.8608672076919675e-9
TUR.59.4_1,2055,7,31.60905793133904,25.383663743396617,Mugla,Fethiye,0.21942916066874368,0.021011203233112674,31,Mugla,Fethiye,albopictus,1.5535905895092127e-15,1.5535905895092127e-15,0.9999999999999984,0.04704072768778084,3.3306690738754696e-16
TUR.59.4_1,2055,8,29.669855005600873,38.56688847590285,Mugla,Fethiye,0.26055829661078683,0.024900068145628174,31,Mugla,Fethiye,albopictus,6.128184860110242e-8,6.128184860110242e-8,0.9999999387181514,0.10172086349916293,1.596749399368491e-8
TUR.59.4_1,2055,9,23.86695110096651,51.828246237821965,Mugla,Fethiye,0.20767754468510846,0.020553589791075355,30,Mugla,Fethiye,albopictus,1.074001639183475e-5,1.074001639183475e-5,0.9999892599836082,0.13219720635935828,2.230457746610348e-6
TUR.59.4_1,2055,10,21.128656948313996,43.83744590363498,Mugla,Fethiye,0.2046575529998463,0.01961072778886075,31,Mugla,Fethiye,albopictus,2.8724109202293845e-12,2.8724109202293845e-12,0.9999999999971276,0.07528531120722143,5.878630915390204e-13
TUR.59.4_1,2055,11,12.804332663031186,63.080186421468525,Mugla,Fethiye,0.11871153179996098,0.011800969037841336,30,Mugla,Fethiye,albopictus,0,0,1,5.5248778998946e-4,0
TUR.59.4_1,2055,12,6.934045539182775,70.80555356181402,Mugla,Fethiye,0.09764209880749788,0.009404731629687024,31,Mugla,Fethiye,albopictus,0,0,1,0,0
TUR.59.4_1,2056,1,8.2854795780252,74.97159238075315,Mugla,Fethiye,0.09827703126381826,0.0094655969616948,31,Mugla,Fethiye,albopictus,0,0,1,0,0
TUR.59.4_1,2056,2,7.124211805708269,74.08423344395227,Mugla,Fethiye,0.07613970041411686,0.007845582225622705,29,Mugla,Fethiye,albopictus,0,0,1,0,0
TUR.59.4_1,2056,3,11.636147877749274,68.48446597309876,Mugla,Fethiye,0.09024480245741684,0.008695342897808045,31,Mugla,Fethiye,albopictus,0,0,1,1.6613273094820156e-5,0
TUR.59.4_1,2056,4,12.473095739589018,55.4860936540142,Mugla,Fethiye,0.11933215287096444,0.011862296848851095,30,Mugla,Fethiye,albopictus,0,0,1,2.292243940039107e-4,0
TUR.59.4_1,2056,5,19.121113917406866,59.76173023572083,Mugla,Fethiye,0.1667947962970527,0.01601185709887487,31,Mugla,Fethiye,albopictus,7.03825886461118e-16,7.03825886461118e-16,0.9999999999999993,0.056199401481729874,1.1102230246251565e-16
TUR.59.4_1,2056,6,24.38039597342996,47.168453732600774,Mugla,Fethiye,0.18760592316798555,0.018585707758373093,30,Mugla,Fethiye,albopictus,5.818903482745219e-6,5.818903482745219e-6,0.9999941810965173,0.12864661153831947,1.0916601638211176e-6
TUR.59.4_1,2056,7,29.167544869815604,33.384895890613414,Mugla,Fethiye,0.2203120639092371,0.02109484666434025,31,Mugla,Fethiye,albopictus,8.08806976504428e-9,8.08806976504428e-9,0.9999999919119302,0.09370787894896192,1.7818992947837842e-9
TUR.59.4_1,2056,8,28.997819788315716,42.00191273737746,Mugla,Fethiye,0.26160668855520297,0.02499899411879747,31,Mugla,Fethiye,albopictus,2.447617382259959e-6,2.447617382259959e-6,0.9999975523826178,0.11865946347415113,6.403128731680141e-7
TUR.59.4_1,2056,9,23.919628255507526,60.71785652834931,Mugla,Fethiye,0.20851316369135806,0.020635430775231,30,Mugla,Fethiye,albopictus,5.343297895036974e-4,5.343297895036974e-4,0.9994656702104963,0.1562627021964195,1.1140858846614421e-4
TUR.59.4_1,2056,10,19.156242931590363,51.04379432282443,Mugla,Fethiye,0.2054810206564892,0.019688852307214177,31,Mugla,Fethiye,albopictus,3.180788965551073e-17,3.180788965551073e-17,1,0.05028092509189381,0
TUR.59.4_1,2056,11,11.969165731878842,68.90686946590212,Mugla,Fethiye,0.11918918388499242,0.011848169443320344,30,Mugla,Fethiye,albopictus,0,0,1,7.194575062266997e-5,0
TUR.59.4_1,2056,12,7.797955737394445,72.67560208476324,Mugla,Fethiye,0.098034975147101,0.009442393634018886,31,Mugla,Fethiye,albopictus,0,0,1,0,0
TUR.59.4_1,2057,1,7.903422388083794,69.90700192665159,Mugla,Fethiye,0.10137564350048914,0.009762579724458376,31,Mugla,Fethiye,albopictus,0,0,1,0,0
TUR.59.4_1,2057,2,8.428576486952165,72.39717594883508,Mugla,Fethiye,0.07583204922836079,0.008091944933012796,28,Mugla,Fethiye,albopictus,0,0,1,0,0
TUR.59.4_1,2057,3,11.378162762698004,64.99331607075501,Mugla,Fethiye,0.09309016363280523,0.008968268524952139,31,Mugla,Fethiye,albopictus,0,0,1,3.135128074147165e-6,0
TUR.59.4_1,2057,4,12.802231634364409,62.62290777144584,Mugla,Fethiye,0.12309461968909251,0.01223401044844663,30,Mugla,Fethiye,albopictus,0,0,1,5.385939210705781e-4,0
TUR.59.4_1,2057,5,21.324233195360968,39.12525181164857,Mugla,Fethiye,0.17205373004965732,0.016512509862940283,31,Mugla,Fethiye,albopictus,1.2092166712385223e-12,1.2092166712385223e-12,0.9999999999987907,0.07238725822663092,2.0805579481475434e-13
TUR.59.4_1,2057,6,26.851392830119412,37.65739492522773,Mugla,Fethiye,0.1935210185033315,0.01916605201208066,30,Mugla,Fethiye,albopictus,1.1891972512991789e-6,1.1891972512991789e-6,0.9999988108027487,0.11785061185959847,2.301346367916679e-7
TUR.59.4_1,2057,7,29.934541253482596,33.436722367664196,Mugla,Fethiye,0.22725836304278357,0.02175266760485184,31,Mugla,Fethiye,albopictus,1.0480511032362472e-9,1.0480511032362472e-9,0.9999999989519489,0.08466358996679105,2.381783659188841e-10
TUR.59.4_1,2057,8,29.42107380137724,39.631669664867694,Mugla,Fethiye,0.26985498091739335,0.02577695068491037,31,Mugla,Fethiye,albopictus,2.4506739763519026e-7,2.4506739763519026e-7,0.9999997549326024,0.10768705447746825,6.613265568500282e-8
TUR.59.4_1,2057,9,25.900064580580768,43.96751702029267,Mugla,Fethiye,0.21508745101172477,0.02127908158172842,30,Mugla,Fethiye,albopictus,1.778313260902964e-5,1.778313260902964e-5,0.999982216867391,0.13324829363320323,3.8249213488716904e-6
TUR.59.4_1,2057,10,17.17106684516458,59.158860851144745,Mugla,Fethiye,0.21195970643710285,0.02030328495177547,31,Mugla,Fethiye,albopictus,0,0,1,0.026461239699562603,0
TUR.59.4_1,2057,11,12.546972204657163,76.61003261287478,Mugla,Fethiye,0.1229471429820009,0.012219443093478,30,Mugla,Fethiye,albopictus,0,0,1,4.198011987827366e-4,0
TUR.59.4_1,2057,12,8.961752162260169,70.47188962138434,Mugla,Fethiye,0.10112595550849464,0.00973865197797874,31,Mugla,Fethiye,albopictus,0,0,1,0,0
TUR.59.4_1,2058,1,6.55074647331939,72.15999264930784,Mugla,Fethiye,0.09607041479570778,0.009254052163296222,31,Mugla,Fethiye,albopictus,0,0,1,0,0
TUR.59.4_1,2058,2,7.860719698316911,73.22005955479212,Mugla,Fethiye,0.07186357760719914,0.007670102510563548,28,Mugla,Fethiye,albopictus,0,0,1,0,0
TUR.59.4_1,2058,3,11.621132275637457,70.47158755513001,Mugla,Fethiye,0.08821853380946243,0.008500938397934643,31,Mugla,Fethiye,albopictus,0,0,1,1.6491479605484533e-5,0
TUR.59.4_1,2058,4,13.845867002711577,59.39305700240287,Mugla,Fethiye,0.11665278526783364,0.011597502961501527,30,Mugla,Fethiye,albopictus,0,0,1,0.002440571587813022,0
TUR.59.4_1,2058,5,18.242945811327765,67.02925495495911,Mugla,Fethiye,0.16304974885747148,0.015655171601759332,31,Mugla,Fethiye,albopictus,1.6653345369377348e-19,1.6653345369377348e-19,1,0.045996613618387985,0
TUR.59.4_1,2058,6,25.489620292887967,39.44723943816718,Mugla,Fethiye,0.1833936030128696,0.018172217556458703,30,Mugla,Fethiye,albopictus,1.1561993840647488e-6,1.1561993840647488e-6,0.999998843800616,0.11865988474369267,2.1203954836401806e-7
TUR.59.4_1,2058,7,31.607862023746268,27.995052903552867,Mugla,Fethiye,0.2153653920155725,0.020626122616458686,31,Mugla,Fethiye,albopictus,1.0469625166820152e-14,1.0469625166820152e-14,0.9999999999999896,0.05115827977516162,2.220446049250313e-15
TUR.59.4_1,2058,8,29.719188577988568,39.14516224909621,Mugla,Fethiye,0.25573282749417714,0.024444608782035582,31,Mugla,Fethiye,albopictus,8.229156475719757e-8,8.229156475719757e-8,0.9999999177084352,0.10316036139843973,2.1044654352486702e-8
TUR.59.4_1,2058,9,23.742349736830768,39.903433920927434,Mugla,Fethiye,0.20383141277863429,0.02017680932945365,30,Mugla,Fethiye,albopictus,3.3466527257830505e-8,3.3466527257830505e-8,0.9999999665334728,0.10494240500745525,6.821529563438844e-9
TUR.59.4_1,2058,10,16.69178160499124,59.942865062570526,Mugla,Fethiye,0.20086735052183097,0.0192510611360861,31,Mugla,Fethiye,albopictus,0,0,1,0.021118605627646128,0
TUR.59.4_1,2058,11,11.499131132574643,67.8942428179529,Mugla,Fethiye,0.11651302636782798,0.011583689060396085,30,Mugla,Fethiye,albopictus,0,0,1,7.801304693289808e-6,0
TUR.59.4_1,2058,12,8.27671168832218,72.05660641825934,Mugla,Fethiye,0.09583379357060748,0.00923136498225774,31,Mugla,Fethiye,albopictus,0,0,1,0,0
TUR.59.4_1,2059,1,7.303022893912652,68.05780453895628,Mugla,Fethiye,0.09646488387207533,0.00929187260001374,31,Mugla,Fethiye,albopictus,0,0,1,0,0
TUR.59.4_1,2059,2,8.58340837324367,69.21558110020227,Mugla,Fethiye,0.07215865241397977,0.007701474681010567,28,Mugla,Fethiye,albopictus,0,0,1,0,0
TUR.59.4_1,2059,3,9.983437916811774,61.48693789692689,Mugla,Fethiye,0.08858076273940216,0.00853569420593181,31,Mugla,Fethiye,albopictus,0,0,1,0,0
TUR.59.4_1,2059,4,14.103390539393706,55.089994563438026,Mugla,Fethiye,0.11713176640430688,0.011644844442841085,30,Mugla,Fethiye,albopictus,0,0,1,0.0030048090273372724,0
TUR.59.4_1,2059,5,17.776927134569952,65.54000477185365,Mugla,Fethiye,0.16371923783563957,0.015718944504869437,31,Mugla,Fethiye,albopictus,0,0,1,0.03741033047160375,0
TUR.59.4_1,2059,6,24.68777092765359,41.441986600032415,Mugla,Fethiye,0.18414662469333215,0.018246148533508366,30,Mugla,Fethiye,albopictus,7.9072214608449935e-07,7.9072214608449935e-07,0.9999992092778539,0.11806251565353636,1.4560880368108542e-7
TUR.59.4_1,2059,7,28.75720360699822,37.88948497142396,Mugla,Fethiye,0.21624969117729226,0.020709931239907498,31,Mugla,Fethiye,albopictus,3.1974960912822813e-7,3.1974960912822813e-7,0.9999996802503909,0.10993710666849517,6.91457517909555e-8
TUR.59.4_1,2059,8,28.793403513291302,41.293508196361834,Mugla,Fethiye,0.2567828770070579,0.024543737435337887,31,Mugla,Fethiye,albopictus,2.1571932832029073e-6,2.1571932832029073e-6,0.9999978428067168,0.11852013839804225,5.539301440871114e-7
TUR.59.4_1,2059,9,22.57419215931612,48.497042777128605,Mugla,Fethiye,0.2046683529469937,0.02025881123648754,30,Mugla,Fethiye,albopictus,2.5339013380420993e-8,2.5339013380420993e-8,0.9999999746609867,0.10521623065580772,5.186094109710382e-9
TUR.59.4_1,2059,10,17.493097866282746,56.1034790762424,Mugla,Fethiye,0.20169212012859525,0.01932933787506097,31,Mugla,Fethiye,albopictus,0,0,1,0.029262610927620506,0
TUR.59.4_1,2059,11,11.945440222235288,75.18034511287478,Mugla,Fethiye,0.11699143364850682,0.011630974485252077,30,Mugla,Fethiye,albopictus,0,0,1,7.633900863487308e-5,0
TUR.59.4_1,2059,12,9.18323491601383,73.58819211161871,Mugla,Fethiye,0.09622729107048798,0.00926909313301505,31,Mugla,Fethiye,albopictus,0,0,1,0,0
TUR.59.4_1,2060,1,6.2929277744363334,67.08242459510862,Mugla,Fethiye,0.09658764879755469,0.009303642614880592,31,Mugla,Fethiye,albopictus,0,0,1,0,0
TUR.59.4_1,2060,2,9.125844972975115,70.58688084385462,Mugla,Fethiye,0.07483085873247433,0.007711237987109487,29,Mugla,Fethiye,albopictus,0,0,1,0,0
TUR.59.4_1,2060,3,9.369088551577399,67.05731143208314,Mugla,Fethiye,0.08869349402875952,0.008546510506564853,31,Mugla,Fethiye,albopictus,0,0,1,0,0
TUR.59.4_1,2060,4,11.869586790309233,64.85668004927787,Mugla,Fethiye,0.11728083280025009,0.01165957738712664,30,Mugla,Fethiye,albopictus,0,0,1,4.404831094998219e-5,0
TUR.59.4_1,2060,5,17.450907847460577,61.34299091687318,Mugla,Fethiye,0.1639275932415206,0.015738790783379697,31,Mugla,Fethiye,albopictus,0,0,1,0.030710976391007058,0
TUR.59.4_1,2060,6,22.297203148112576,53.83488897429999,Mugla,Fethiye,0.1843809767782601,0.01826915587011424,30,Mugla,Fethiye,albopictus,7.107487866170325e-8,7.107487866170325e-8,0.9999999289251214,0.11007896065122162,1.3104855423051731e-8
TUR.59.4_1,2060,7,28.633218316470877,39.99959620799623,Mugla,Fethiye,0.21652489886071746,0.020736012326586617,31,Mugla,Fethiye,albopictus,1.3570114751353945e-6,1.3570114751353945e-6,0.9999986429885248,0.11669023798150027,2.938267292806884e-7
TUR.59.4_1,2060,8,30.227880365708295,37.444055223949725,Mugla,Fethiye,0.25710966878345143,0.024574585762207724,31,Mugla,Fethiye,albopictus,4.9000039853419605e-9,4.9000039853419605e-9,0.999999995099996,0.0911049752306836,1.259838455780482e-9
TUR.59.4_1,2060,9,25.457260244032916,38.423800589628605,Mugla,Fethiye,0.20492882177346156,0.02028433010791053,30,Mugla,Fethiye,albopictus,6.821343927627677e-7,6.821343927627677e-7,0.9999993178656073,0.11634570664187503,1.3978898760758085e-7
TUR.59.4_1,2060,10,21.29442461799173,57.19583289704318,Mugla,Fethiye,0.2019488012865822,0.019353697541655612,31,Mugla,Fethiye,albopictus,1.5630969484869973e-9,1.5630969484869973e-9,0.999999998436903,0.0959218855134624,3.1566560476647965e-10
TUR.59.4_1,2060,11,14.041884352179135,60.949998433187275,Mugla,Fethiye,0.11714032145158167,0.011645689984987495,30,Mugla,Fethiye,albopictus,0,0,1,0.0031121422665037245,0
TUR.59.4_1,2060,12,9.225465522092932,76.14842618144293,Mugla,Fethiye,0.09634975362621982,0.009280834428495144,31,Mugla,Fethiye,albopictus,0,0,1,0,0
TUR.59.4_1,2061,1,6.561203512198785,75.60618252967893,Mugla,Fethiye,0.09862161078163885,0.009498627172293328,31,Mugla,Fethiye,albopictus,0,0,1,0,0
TUR.59.4_1,2061,2,7.698409574873308,70.50342289707727,Mugla,Fethiye,0.07377194941048527,0.007872981882494967,28,Mugla,Fethiye,albopictus,0,0,1,0,0
TUR.59.4_1,2061,3,9.674036404665777,72.25096072407533,Mugla,Fethiye,0.0905612193263098,0.008725697160394619,31,Mugla,Fethiye,albopictus,0,0,1,0,0
TUR.59.4_1,2061,4,13.45448478530435,65.43335546431693,Mugla,Fethiye,0.11975055598273923,0.011903639972926539,30,Mugla,Fethiye,albopictus,0,0,1,0.0016121208023133938,0
TUR.59.4_1,2061,5,18.730191371020148,54.49678043713685,Mugla,Fethiye,0.16737961321453504,0.016067544514579257,31,Mugla,Fethiye,albopictus,7.771561172376096e-19,7.771561172376096e-19,1,0.04603417220998167,0
TUR.59.4_1,2061,6,23.45684059928445,57.35472540008124,Mugla,Fethiye,0.1882637081836112,0.018650261596778184,30,Mugla,Fethiye,albopictus,3.109169241620058e-5,3.109169241620058e-5,0.9999689083075838,0.13905279637799586,5.853420176671342e-6
TUR.59.4_1,2061,7,27.92430451337029,41.61985835399232,Mugla,Fethiye,0.22108452339214635,0.021168021145570926,31,Mugla,Fethiye,albopictus,6.910783588085112e-6,6.910783588085112e-6,0.999993089216412,0.12583469989250617,1.5278661286144413e-6
TUR.59.4_1,2061,8,29.554586298325482,42.820363665111834,Mugla,Fethiye,0.26252393549929315,0.025085537054467255,31,Mugla,Fethiye,albopictus,1.2965289316725914e-6,1.2965289316725914e-6,0.9999987034710683,0.11534686320106118,3.4036981966245605e-7
TUR.59.4_1,2061,9,25.429908864638385,49.54645073611298,Mugla,Fethiye,0.209244253799393,0.020707028532850447,30,Mugla,Fethiye,albopictus,1.2615483998324405e-4,1.2615483998324405e-4,0.9998738451600168,0.1450720278777095,2.6396826953156705e-5
TUR.59.4_1,2061,10,17.475869739756867,69.58125464997286,Mugla,Fethiye,0.2062014794463872,0.019757199000351222,31,Mugla,Fethiye,albopictus,0,0,1,0.035021048675580056,0
TUR.59.4_1,2061,11,14.147625853033627,64.33526759822634,Mugla,Fethiye,0.11960708571804911,0.011889463626601371,30,Mugla,Fethiye,albopictus,0,0,1,0.003624992788946195,0
TUR.59.4_1,2061,12,5.355248198789709,69.99439633525152,Mugla,Fethiye,0.09837870596630999,0.009475343264461866,31,Mugla,Fethiye,albopictus,0,0,1,0,0
TUR.59.4_1,2062,1,6.634190114981988,71.82961697792112,Mugla,Fethiye,0.1062228900814196,0.010226979659740176,31,Mugla,Fethiye,albopictus,0,0,1,0,0
TUR.59.4_1,2062,2,9.20027448499904,69.12279240391321,Mugla,Fethiye,0.07945793636115467,0.008477214376241271,28,Mugla,Fethiye,albopictus,0,0,1,0,0
TUR.59.4_1,2062,3,11.154449841555426,68.33935488911439,Mugla,Fethiye,0.09754124243049685,0.009395063080905541,31,Mugla,Fethiye,albopictus,0,0,1,4.566307736901956e-7,0
TUR.59.4_1,2062,4,17.66497691939859,55.104459895469276,Mugla,Fethiye,0.12898035272925817,0.012815212083850502,30,Mugla,Fethiye,albopictus,0,0,1,0.0310998573755061,0
TUR.59.4_1,2062,5,21.34611239152796,49.20417408337708,Mugla,Fethiye,0.18028042855357865,0.01729518423940757,31,Mugla,Fethiye,albopictus,8.067483692197897e-11,8.067483692197897e-11,0.9999999999193252,0.0853783691574577,1.4544143667194476e-11
TUR.59.4_1,2062,6,29.123691642985623,22.93832830535468,Mugla,Fethiye,0.20277416909145995,0.020073212664915796,30,Mugla,Fethiye,albopictus,1.0587277443629972e-11,1.0587277443629972e-11,0.9999999999894127,0.07058533032213954,2.1468382627176652e-12
TUR.59.4_1,2062,7,30.684525994693534,27.793575852771617,Mugla,Fethiye,0.23812465483842254,0.022780828943481657,31,Mugla,Fethiye,albopictus,1.247776160173686e-12,1.247776160173686e-12,0.9999999999987522,0.06308086301062309,2.970956813896919e-13
TUR.59.4_1,2062,8,29.13188350901884,43.601071978100116,Mugla,Fethiye,0.2827580174696849,0.026992685263869,31,Mugla,Fethiye,albopictus,4.724025362269458e-6,4.724025362269458e-6,0.9999952759746378,0.1224122959148198,1.3357551538195622e-6
TUR.59.4_1,2062,9,25.605892293593463,43.875670554228215,Mugla,Fethiye,0.22537179422788,0.022285114357523672,30,Mugla,Fethiye,albopictus,1.2598765350323726e-5,1.2598765350323726e-5,0.9999874012346497,0.13137981962616802,2.8394023209310504e-6
TUR.59.4_1,2062,10,19.960613811717316,48.43928687653537,Mugla,Fethiye,0.22209449746624502,0.021263686946612737,31,Mugla,Fethiye,albopictus,8.150202734924505e-15,8.150202734924505e-15,0.9999999999999919,0.06086187227912593,1.7763568394002505e-15
TUR.59.4_1,2062,11,12.494763304205502,59.8748336382654,Mugla,Fethiye,0.12882582446678767,0.012799957170983589,30,Mugla,Fethiye,albopictus,0,0,1,2.615917520775325e-4,0
TUR.59.4_1,2062,12,8.047624812406653,62.255031711228085,Mugla,Fethiye,0.10596126333151734,0.010201919558775585,31,Mugla,Fethiye,albopictus,0,0,1,0,0
TUR.59.4_1,2063,1,8.828202756888725,74.81937070106565,Mugla,Fethiye,0.10036017062819164,0.009665262758524529,31,Mugla,Fethiye,albopictus,0,0,1,0,0
TUR.59.4_1,2063,2,8.917935388929704,71.63723484776087,Mugla,Fethiye,0.07507244478903846,0.008011214030506864,28,Mugla,Fethiye,albopictus,0,0,1,0,0
TUR.59.4_1,2063,3,10.069287678774664,78.73407687397767,Mugla,Fethiye,0.09215768584442607,0.008878833998396618,31,Mugla,Fethiye,albopictus,0,0,1,0,0
TUR.59.4_1,2063,4,13.282772863612456,62.99925817427787,Mugla,Fethiye,0.12186158932100957,0.012112208393151636,30,Mugla,Fethiye,albopictus,0,0,1,0.0012316345108089734,0
TUR.59.4_1,2063,5,16.083996913012335,70.38079456677552,Mugla,Fethiye,0.17033027962892405,0.01634846470617446,31,Mugla,Fethiye,albopictus,0,0,1,0.017458009582339715,0
TUR.59.4_1,2063,6,24.81414612601785,42.568459073176946,Mugla,Fethiye,0.191582531725602,0.018975900218406894,30,Mugla,Fethiye,albopictus,1.7274910101211515e-6,1.7274910101211515e-6,0.9999982725089899,0.1216820564121582,3.3095704643493207e-7
TUR.59.4_1,2063,7,30.239226846133963,32.2863088544806,Mugla,Fethiye,0.22498193159727992,0.02153713615634667,31,Mugla,Fethiye,albopictus,1.5484888388206386e-10,1.5484888388206386e-10,0.9999999998451511,0.07827607059093322,3.48382434012251e-11
TUR.59.4_1,2063,8,30.237613565781537,38.7774101739009,Mugla,Fethiye,0.2671518620703633,0.02552206825011505,31,Mugla,Fethiye,albopictus,1.4317473329583663e-8,1.4317473329583663e-8,0.9999999856825267,0.09516918706406777,3.8249396983047745e-9
TUR.59.4_1,2063,9,26.09577190174776,40.80211174685517,Mugla,Fethiye,0.21293293475779865,0.021068191851597695,30,Mugla,Fethiye,albopictus,4.2697579017806356e-6,4.2697579017806356e-6,0.9999957302420982,0.12515685321098063,9.091716673959027e-7
TUR.59.4_1,2063,10,22.528076732859894,38.927137065744354,Mugla,Fethiye,0.20983652058619398,0.020101966379392322,31,Mugla,Fethiye,albopictus,3.07100287144646e-10,3.07100287144646e-10,0.9999999996928998,0.08832836887706329,6.444089706292289e-11
TUR.59.4_1,2063,11,11.342225004644956,64.76879268367556,Mugla,Fethiye,0.12171558987798434,0.012097785181128251,30,Mugla,Fethiye,albopictus,0,0,1,2.4935122413033367e-6,0
TUR.59.4_1,2063,12,7.338633761686437,68.01968014872809,Mugla,Fethiye,0.10011298374369845,0.009641572369530671,31,Mugla,Fethiye,albopictus,0,0,1,0,0
TUR.59.4_1,2064,1,5.361617836005547,73.4063686869055,Mugla,Fethiye,0.10474827387140852,0.01008572422557974,31,Mugla,Fethiye,albopictus,0,0,1,0,0
TUR.59.4_1,2064,2,6.58050777281032,69.9617053677804,Mugla,Fethiye,0.08115326733929513,0.008360024591126392,29,Mugla,Fethiye,albopictus,0,0,1,0,0
TUR.59.4_1,2064,3,11.312584302004645,62.18048800679017,Mugla,Fethiye,0.09618714730916866,0.009265244254726857,31,Mugla,Fethiye,albopictus,0,0,1,1.6795266290802349e-6,0
TUR.59.4_1,2064,4,18.076687658534333,41.89351858077201,Mugla,Fethiye,0.12718981098480253,0.012638436700912137,30,Mugla,Fethiye,albopictus,0,0,1,0.03019256405393477,0
TUR.59.4_1,2064,5,19.34348787980921,54.670333903933724,Mugla,Fethiye,0.1777777246440062,0.017057147106449455,31,Mugla,Fethiye,albopictus,7.569500581894317e-16,7.569500581894317e-16,0.9999999999999992,0.05601575648389514,1.1102230246251565e-16
TUR.59.4_1,2064,6,26.20902260612039,33.42692998992499,Mugla,Fethiye,0.199959200712379,0.019797327544326837,30,Mugla,Fethiye,albopictus,1.0109112031303491e-7,1.0109112031303491e-7,0.9999998989088796,0.10684014142716781,2.0214099394344487e-8
TUR.59.4_1,2064,7,31.094546822940604,28.75366648997865,Mugla,Fethiye,0.23481894101573442,0.022468158908691582,31,Mugla,Fethiye,albopictus,3.4859926056896027e-13,3.4859926056896027e-13,0.9999999999996514,0.0599495581864393,8.182343691487404e-14
TUR.59.4_1,2064,8,28.350446588852826,49.18156590510207,Mugla,Fethiye,0.2788326906804044,0.02662299843771765,31,Mugla,Fethiye,albopictus,3.083952319697093e-4,3.083952319697093e-4,0.9996916047680303,0.14810572970353308,8.598697523121146e-5
TUR.59.4_1,2064,9,24.628227346083698,57.88471901614228,Mugla,Fethiye,0.2222431192239051,0.021979171287825228,30,Mugla,Fethiye,albopictus,9.869462108688695e-4,9.869462108688695e-4,0.9990130537891311,0.1597944597930578,2.1931795071095106e-4
TUR.59.4_1,2064,10,18.842007244334503,58.58241431794162,Mugla,Fethiye,0.21901131882304525,0.020971615740561833,31,Mugla,Fethiye,albopictus,3.902433931557425e-17,3.902433931557425e-17,1,0.050849062765451015,0
TUR.59.4_1,2064,11,12.323901106329526,62.58431392390993,Mugla,Fethiye,0.12703742792738687,0.012623390868896855,30,Mugla,Fethiye,albopictus,0,0,1,1.8440367673762737e-4,0
TUR.59.4_1,2064,12,8.750913367551917,68.70489895976324,Mugla,Fethiye,0.10449027909806126,0.01006100849356717,31,Mugla,Fethiye,albopictus,0,0,1,0,0
TUR.59.4_1,2065,1,5.321925434119561,68.56596799110471,Mugla,Fethiye,0.0992711097040421,0.009560882916476499,31,Mugla,Fethiye,albopictus,0,0,1,0,0
TUR.59.4_1,2065,2,7.54045011366115,74.4599734952218,Mugla,Fethiye,0.07425779425996544,0.007924625517096051,28,Mugla,Fethiye,albopictus,0,0,1,0,0
TUR.59.4_1,2065,3,9.17193641382105,70.37000216694642,Mugla,Fethiye,0.09115763439089634,0.008782909470011924,31,Mugla,Fethiye,albopictus,0,0,1,0,0
TUR.59.4_1,2065,4,14.050273740992827,68.08479894576224,Mugla,Fethiye,0.12053920520932901,0.01198156304320086,30,Mugla,Fethiye,albopictus,0,0,1,0.0034739400006621093,0
TUR.59.4_1,2065,5,20.078122279223273,57.47518162121888,Mugla,Fethiye,0.16848193630126515,0.016172501315767973,31,Mugla,Fethiye,albopictus,6.091943061115046e-13,6.091943061115046e-13,0.9999999999993908,0.07184214129243367,1.0258460747536446e-13
TUR.59.4_1,2065,6,25.553575599894803,41.43531087981757,Mugla,Fethiye,0.1895035690480178,0.018771927767660346,30,Mugla,Fethiye,albopictus,3.5954063784667257e-6,3.5954063784667257e-6,0.9999964045936215,0.12474065831104669,6.813421087326077e-7
TUR.59.4_1,2065,7,30.587209252750174,31.913555711170055,Mugla,Fethiye,0.22254053448915806,0.021305933063666682,31,Mugla,Fethiye,albopictus,2.9271472468117564e-11,2.9271472468117564e-11,0.9999999999707285,0.07306730975734786,6.5141225746856435e-12
TUR.59.4_1,2065,8,29.872894174912396,40.385697985180194,Mugla,Fethiye,0.2642528568975593,0.025248641197249122,31,Mugla,Fethiye,albopictus,1.1840405072999216e-7,1.1840405072999216e-7,0.9999998815959493,0.10367181389341595,3.128860814882728e-8
TUR.59.4_1,2065,9,26.395090215346393,40.97246849734345,Mugla,Fethiye,0.2106222876429355,0.02084196912074454,30,Mugla,Fethiye,albopictus,6.124959688817378e-6,6.124959688817378e-6,0.9999938750403112,0.12640492980883822,1.2900521892955652e-6
TUR.59.4_1,2065,10,20.02550371955423,51.41919868073459,Mugla,Fethiye,0.20755947428785168,0.01988601292301928,31,Mugla,Fethiye,albopictus,4.073386072889207e-14,4.073386072889207e-14,0.9999999999999593,0.06494197811434094,8.43769498715119e-15
TUR.59.4_1,2065,11,12.671815802069272,68.26823573787478,Mugla,Fethiye,0.12039479008294404,0.011967294459426792,30,Mugla,Fethiye,albopictus,0,0,1,4.6913138353131946e-4,0
TUR.59.4_1,2065,12,8.86792205361759,69.91081631816168,Mugla,Fethiye,0.09902660517426372,0.009537447137541455,31,Mugla,Fethiye,albopictus,0,0,1,0,0
TUR.59.4_1,2066,1,9.161338361747124,74.55999417518674,Mugla,Fethiye,0.10259837726767707,0.0098797466694166,31,Mugla,Fethiye,albopictus,0,0,1,0,0
TUR.59.4_1,2066,2,10.366750734693865,69.99313847324915,Mugla,Fethiye,0.07674669108931358,0.008189144523432113,28,Mugla,Fethiye,albopictus,0,0,1,0,0
TUR.59.4_1,2066,3,10.905638119753668,68.51758517475892,Mugla,Fethiye,0.09421296278392807,0.009075946183231154,31,Mugla,Fethiye,albopictus,0,0,1,1.3085357264089647e-8,0
TUR.59.4_1,2066,4,14.842721784816069,58.65252508101615,Mugla,Fethiye,0.12457931505432865,0.012380652720884622,30,Mugla,Fethiye,albopictus,0,0,1,0.006288922543147929,0
TUR.59.4_1,2066,5,18.7487956495846,58.64656833996888,Mugla,Fethiye,0.17412894159197753,0.016710000798424107,31,Mugla,Fethiye,albopictus,1.432187701766452e-17,1.432187701766452e-17,1,0.04918247928919383,0
TUR.59.4_1,2066,6,24.40712364982156,41.71172384368476,Mugla,Fethiye,0.19585515593332947,0.019394965418334964,30,Mugla,Fethiye,albopictus,4.5348438930364887e-7,4.5348438930364887e-7,0.9999995465156107,0.11602833677669808,8.881725188647493e-8
TUR.59.4_1,2066,7,28.498181847965018,42.50365886058412,Mugla,Fethiye,0.22999942060624973,0.0220121266342983,31,Mugla,Fethiye,albopictus,7.007725744176296e-6,7.007725744176296e-6,0.9999929922742559,0.12458447772218623,1.6117715619934359e-6
TUR.59.4_1,2066,8,28.889028436997357,40.64988484431105,Mugla,Fethiye,0.27310981399186807,0.02608376688415459,31,Mugla,Fethiye,albopictus,1.3585466702181748e-6,1.3585466702181748e-6,0.9999986414533297,0.1162133112863912,3.710323596139986e-7
TUR.59.4_1,2066,9,24.532596700331744,54.66243279177704,Mugla,Fethiye,0.21768171014704796,0.021532954218088096,30,Mugla,Fethiye,albopictus,2.185089295488391e-4,2.185089295488391e-4,0.9997814910704511,0.14994403111121674,4.756426625096566e-5
TUR.59.4_1,2066,10,21.107105816111847,38.47153632721896,Mugla,Fethiye,0.21451624054524526,0.020545638332021277,31,Mugla,Fethiye,albopictus,2.70245548161796e-13,2.70245548161796e-13,0.9999999999997298,0.06841756989474299,5.795364188543317e-14
TUR.59.4_1,2066,11,14.07443325659808,67.88695674617556,Mugla,Fethiye,0.12443005956938266,0.012365911850415134,30,Mugla,Fethiye,albopictus,0,0,1,0.0035444219401461587,0
TUR.59.4_1,2066,12,7.1345774987164665,59.27496731913824,Mugla,Fethiye,0.10234567768504274,0.009855533182242637,31,Mugla,Fethiye,albopictus,0,0,1,0,0
TUR.59.4_1,2067,1,7.90007451439605,77.50984616493284,Mugla,Fethiye,0.1035004009080581,0.00996617307865133,31,Mugla,Fethiye,albopictus,0,0,1,0,0
TUR.59.4_1,2067,2,7.327603357679704,71.81305424473352,Mugla,Fethiye,0.07742143206989428,0.008260843584832367,28,Mugla,Fethiye,albopictus,0,0,1,0,0
TUR.59.4_1,2067,3,10.33616103845484,69.51760043354798,Mugla,Fethiye,0.09504126360041878,0.009155373632344754,31,Mugla,Fethiye,albopictus,0,0,1,0,0
TUR.59.4_1,2067,4,14.218714559779448,61.397001399375526,Mugla,Fethiye,0.12567459053795837,0.012488818323043271,30,Mugla,Fethiye,albopictus,0,0,1,0.0037622168653119914,0
TUR.59.4_1,2067,5,18.509080073412726,65.81291584363099,Mugla,Fethiye,0.17565984710894006,0.01685566653212356,31,Mugla,Fethiye,albopictus,1.7041923427996153e-17,1.7041923427996153e-17,1,0.049870139620560014,0
TUR.59.4_1,2067,6,24.229894722209256,56.3272977267414,Mugla,Fethiye,0.19757707381787315,0.019563803016365844,30,Mugla,Fethiye,albopictus,2.0315470331109414e-4,2.0315470331109414e-4,0.9997968452966889,0.14922597203111543,4.0137906265225176e-5
TUR.59.4_1,2067,7,29.666194466983573,40.053719132800914,Mugla,Fethiye,0.2320215277797336,0.022203488196673393,31,Mugla,Fethiye,albopictus,1.7299608495202624e-7,1.7299608495202624e-7,0.9999998270039151,0.10594715521155473,4.013881516051754e-8
TUR.59.4_1,2067,8,29.725446588852826,44.51784291315871,Mugla,Fethiye,0.2755109387971659,0.026310046505343965,31,Mugla,Fethiye,albopictus,2.4085003117107486e-6,2.4085003117107486e-6,0.9999975914996883,0.11902947033748848,6.635679618005597e-7
TUR.59.4_1,2067,9,24.240917318007526,48.466979147978215,Mugla,Fethiye,0.21959552256650686,0.021720196538607572,30,Mugla,Fethiye,albopictus,6.61427075018195e-6,6.61427075018195e-6,0.9999933857292498,0.12935955487880577,1.4524631869461402e-6
TUR.59.4_1,2067,10,19.645271862254425,46.84734122834201,Mugla,Fethiye,0.21640222281290472,0.020724386557340768,31,Mugla,Fethiye,albopictus,4.2998937743732315e-16,4.2998937743732315e-16,0.9999999999999996,0.05444036914636353,1.1102230246251565e-16
TUR.59.4_1,2067,11,13.54191773078021,69.7598205157068,Mugla,Fethiye,0.1255240228297642,0.012473949481560997,30,Mugla,Fethiye,albopictus,0,0,1,0.0019750935353379006,0
TUR.59.4_1,2067,12,9.827665076536292,77.99762356913824,Mugla,Fethiye,0.10324547964313675,0.009941748841045817,31,Mugla,Fethiye,albopictus,0,0,1,0,0
TUR.59.4_1,2068,1,10.01920417214141,74.67909665321409,Mugla,Fethiye,0.10399771134006312,0.010013819107938748,31,Mugla,Fethiye,albopictus,0,0,1,0,0
TUR.59.4_1,2068,2,5.810650366194109,74.50785557529993,Mugla,Fethiye,0.08057177229875723,0.008300371031990217,29,Mugla,Fethiye,albopictus,0,0,1,0,0
TUR.59.4_1,2068,3,10.020830533083746,72.56533755513001,Mugla,Fethiye,0.09549792861277383,0.009199161446082238,31,Mugla,Fethiye,albopictus,0,0,1,0,0
TUR.59.4_1,2068,4,12.851371610865874,72.33668340621146,Mugla,Fethiye,0.12627844602416086,0.012548447927116069,30,Mugla,Fethiye,albopictus,0,0,1,7.13676658499081e-4,0
TUR.59.4_1,2068,5,20.394131800707648,53.36099247326966,Mugla,Fethiye,0.17650387740916362,0.016935966827465898,31,Mugla,Fethiye,albopictus,1.1934427890381016e-12,1.1934427890381016e-12,0.9999999999988065,0.07317950271834327,2.106093077713922e-13
TUR.59.4_1,2068,6,27.393652046428006,34.60787634002265,Mugla,Fethiye,0.19852641448778943,0.019656875394031714,30,Mugla,Fethiye,albopictus,2.1598427786256868e-7,2.1598427786256868e-7,0.9999997840157221,0.10889544060839626,4.287858335061401e-8
TUR.59.4_1,2068,7,28.452580956851737,37.63365992869935,Mugla,Fethiye,0.23313637105765586,0.022308975074089576,31,Mugla,Fethiye,albopictus,4.4207443162280757e-7,4.4207443162280757e-7,0.9999995579255684,0.11170108715874275,1.0306362341339081e-7
TUR.59.4_1,2068,8,28.789928324082318,43.51215901423293,Mugla,Fethiye,0.2768347449157243,0.026434778197856557,31,Mugla,Fethiye,albopictus,7.949204015453848e-6,7.949204015453848e-6,0.9999920507959845,0.12533767346644067,2.200613444580668e-6
TUR.59.4_1,2068,9,25.391584508559284,42.16327202517548,Mugla,Fethiye,0.22065065996922023,0.021823413054226637,30,Mugla,Fethiye,albopictus,3.9760433067318465e-6,3.9760433067318465e-6,0.9999960239566933,0.12531636402226215,8.773161948028019e-7
TUR.59.4_1,2068,10,20.06257304023294,60.80427711091037,Mugla,Fethiye,0.21744201668780513,0.020822921417585905,31,Mugla,Fethiye,albopictus,2.025300649410866e-12,2.025300649410866e-12,0.9999999999979747,0.07532986297172545,4.404254738687996e-13
TUR.59.4_1,2068,11,13.880458761663999,63.43899684627321,Mugla,Fethiye,0.12612715485121337,0.012533508543752347,30,Mugla,Fethiye,albopictus,0,0,1,0.0026814568494404156,0
TUR.59.4_1,2068,12,6.906356559080236,70.49695218241949,Mugla,Fethiye,0.10374156520061695,0.009989278693619985,31,Mugla,Fethiye,albopictus,0,0,1,0,0
TUR.59.4_1,2069,1,6.439761671073296,71.23807950233518,Mugla,Fethiye,0.09953959322608176,0.009586616444991813,31,Mugla,Fethiye,albopictus,0,0,1,0,0
TUR.59.4_1,2069,2,5.765800493604997,70.15242497227258,Mugla,Fethiye,0.07445862805945908,0.007945972673155222,28,Mugla,Fethiye,albopictus,0,0,1,0,0
TUR.59.4_1,2069,3,10.52237643915064,72.2194360658722,Mugla,Fethiye,0.09140417462616761,0.008806558371252882,31,Mugla,Fethiye,albopictus,0,0,1,2.0950967093329784e-17,0
TUR.59.4_1,2069,4,11.149405325160307,69.39666570601615,Mugla,Fethiye,0.12086520932527924,0.012013772325888294,30,Mugla,Fethiye,albopictus,0,0,1,4.7016517914572203e-7,0
TUR.59.4_1,2069,5,21.070183894213507,46.422504466677864,Mugla,Fethiye,0.16893760385442425,0.016215884062696584,31,Mugla,Fethiye,albopictus,5.516052781207037e-12,5.516052781207037e-12,0.999999999994484,0.07706541621442764,9.319212068703564e-13
TUR.59.4_1,2069,6,27.10213097404031,32.31079916106757,Mugla,Fethiye,0.19001609062462538,0.018822216534804648,30,Mugla,Fethiye,albopictus,6.581383271819786e-8,6.581383271819786e-8,0.9999999341861673,0.104396999371844,1.2505687152497558e-8
TUR.59.4_1,2069,7,31.28269532147576,29.856365769763805,Mugla,Fethiye,0.2231424061381642,0.021362936069233673,31,Mugla,Fethiye,albopictus,2.5547441939721693e-13,2.5547441939721693e-13,0.9999999999997445,0.05865643312065469,5.695444116327053e-14
TUR.59.4_1,2069,8,29.677640802720013,46.58770909357863,Mugla,Fethiye,0.2649675415418673,0.025316055623492595,31,Mugla,Fethiye,albopictus,9.986720752270638e-6,9.986720752270638e-6,0.9999900132792477,0.12598822421033384,2.6461533447763586e-6
TUR.59.4_1,2069,9,26.040271871230182,46.43479073245087,Mugla,Fethiye,0.21119192581636798,0.020897744111372463,30,Mugla,Fethiye,albopictus,6.68070248878237e-5,6.68070248878237e-5,0.9999331929751122,0.14027459645789825,1.4109004711215789e-5
TUR.59.4_1,2069,10,19.843290889964386,41.67292182526584,Mugla,Fethiye,0.20812082893429054,0.01993925581945244,31,Mugla,Fethiye,albopictus,2.41140440948584e-16,2.41140440948584e-16,0.9999999999999998,0.053204593505909135,0
TUR.59.4_1,2069,11,13.476848532171811,60.843431050374775,Mugla,Fethiye,0.12072040362119363,0.011999465618171445,30,Mugla,Fethiye,albopictus,0,0,1,0.001548451766749479,0
TUR.59.4_1,2069,12,10.465824828428381,68.75286496318121,Mugla,Fethiye,0.09929442742196581,0.009563117892659956,31,Mugla,Fethiye,albopictus,0,0,1,3.255646134449646e-26,0
TUR.59.4_1,2070,1,8.721383604056694,71.35026211952268,Mugla,Fethiye,0.10769389860536854,0.010367869426405996,31,Mugla,Fethiye,albopictus,0,0,1,0,0
TUR.59.4_1,2070,2,6.68900157774196,66.86400334141321,Mugla,Fethiye,0.08055829525360299,0.008594103655121699,28,Mugla,Fethiye,albopictus,0,0,1,0,0
TUR.59.4_1,2070,3,11.915842434939215,63.4771264955597,Mugla,Fethiye,0.09889202472367163,0.0095245473538621,31,Mugla,Fethiye,albopictus,0,0,1,5.089592418775834e-5,0
TUR.59.4_1,2070,4,14.26593669723062,61.28404058394584,Mugla,Fethiye,0.13076651386779672,0.012991523447829612,30,Mugla,Fethiye,albopictus,0,0,1,0.0038666778679840256,0
TUR.59.4_1,2070,5,19.45832934099085,53.538044017459114,Mugla,Fethiye,0.1827770095343843,0.017532581574891903,31,Mugla,Fethiye,albopictus,1.265321181165291e-15,1.265321181165291e-15,0.9999999999999988,0.05718884467688353,2.220446049250313e-16
TUR.59.4_1,2070,6,25.866056526408475,38.97324041472968,Mugla,Fethiye,0.20558225057880766,0.02034834546038955,30,Mugla,Fethiye,albopictus,1.418050746143984e-6,1.418050746143984e-6,0.9999985819492538,0.11975360735060331,2.915260213232074e-7
TUR.59.4_1,2070,7,31.51121666852166,34.727879136463024,Mugla,Fethiye,0.2414222811481683,0.02309263438018616,31,Mugla,Fethiye,albopictus,2.3169428042812966e-12,2.3169428042812966e-12,0.9999999999976831,0.06518696698923364,5.593303598061539e-13
TUR.59.4_1,2070,8,30.274988062241498,38.42104878474074,Mugla,Fethiye,0.2866737408471414,0.027361327750207498,31,Mugla,Fethiye,albopictus,9.436860341549557e-9,9.436860341549557e-9,0.9999999905631397,0.09311172904806957,2.705300095051655e-9
TUR.59.4_1,2070,9,24.29901134266573,49.69522774416962,Mugla,Fethiye,0.2284928148488852,0.02259021357595492,30,Mugla,Fethiye,albopictus,1.3416638225893174e-5,1.3416638225893174e-5,0.9999865833617742,0.13319500148377808,3.065600735041585e-6
TUR.59.4_1,2070,10,17.64960631202249,59.237847972726776,Mugla,Fethiye,0.22517013303447883,0.021554956779599732,31,Mugla,Fethiye,albopictus,0,0,1,0.03275799140649054,0
TUR.59.4_1,2070,11,14.589908529730405,67.49720912654665,Mugla,Fethiye,0.1306098456485701,0.012976060040660431,30,Mugla,Fethiye,albopictus,0,0,1,0.005781286894076347,0
TUR.59.4_1,2070,12,8.456973300260657,73.36585629618902,Mugla,Fethiye,0.10742864876463433,0.010342465897295039,31,Mugla,Fethiye,albopictus,0,0,1,0,0
TUR.59.4_1,2071,1,7.916507276542046,65.96035428260862,Mugla,Fethiye,0.10432245580122632,0.010044930799277929,31,Mugla,Fethiye,albopictus,0,0,1,0,0
TUR.59.4_1,2071,2,7.158223169691423,75.74679295322962,Mugla,Fethiye,0.07803635400749802,0.008326181664246368,28,Mugla,Fethiye,albopictus,0,0,1,0,0
TUR.59.4_1,2071,3,9.545035740908453,67.66170443745423,Mugla,Fethiye,0.0957961315536842,0.009227753910022285,31,Mugla,Fethiye,albopictus,0,0,1,0,0
TUR.59.4_1,2071,4,14.38915332625894,64.44903387007865,Mugla,Fethiye,0.12667276456619636,0.012587384205080654,30,Mugla,Fethiye,albopictus,0,0,1,0.00463910286533232,0
TUR.59.4_1,2071,5,20.284176966723273,46.015773814822396,Mugla,Fethiye,0.17705503046651336,0.01698839950147668,31,Mugla,Fethiye,albopictus,3.148065141900247e-14,3.148065141900247e-14,0.9999999999999685,0.06387276834375652,5.551115123125783e-15
TUR.59.4_1,2071,6,25.727132881388943,38.93355993377265,Mugla,Fethiye,0.19914633537517018,0.019717647028306362,30,Mugla,Fethiye,albopictus,1.1010362772995163e-6,1.1010362772995163e-6,0.9999988989637227,0.11879142456438684,2.192673157486169e-7
TUR.59.4_1,2071,7,30.87553742352654,31.718994706531383,Mugla,Fethiye,0.23386436539734953,0.022377852021909672,31,Mugla,Fethiye,albopictus,8.284890384846478e-12,8.284890384846478e-12,0.9999999999917151,0.06851017921160944,1.937561222575823e-12
TUR.59.4_1,2071,8,29.007015116074506,53.03778233576613,Mugla,Fethiye,0.27769919230509943,0.026516219557178866,31,Mugla,Fethiye,albopictus,0.001092203077614786,0.001092203077614786,0.9989077969223852,0.15645643035426,3.032579205051178e-4
TUR.59.4_1,2071,9,24.061054341933307,49.662970664091496,Mugla,Fethiye,0.22133966628247168,0.021890807716820615,30,Mugla,Fethiye,albopictus,7.732486837546405e-6,7.732486837546405e-6,0.9999922675131625,0.1305398784718049,1.71150459149505e-6
TUR.59.4_1,2071,10,19.002356136546418,65.8738419302463,Mugla,Fethiye,0.21812100365428383,0.020887259478712394,31,Mugla,Fethiye,albopictus,2.4162338796429595e-15,2.4162338796429595e-15,0.9999999999999976,0.05904661994040963,5.551115123125783e-16
TUR.59.4_1,2071,11,13.11293594977435,72.59060054500368,Mugla,Fethiye,0.12652100096967528,0.012572398762386361,30,Mugla,Fethiye,albopictus,0,0,1,0.0011074431724463875,0
TUR.59.4_1,2071,12,7.919333682340734,66.79957211650152,Mugla,Fethiye,0.10406550981687045,0.01002031452744856,31,Mugla,Fethiye,albopictus,0,0,1,0,0
TUR.59.4_1,2072,1,5.211082967765191,75.29984708046018,Mugla,Fethiye,0.1024115086243734,0.009861841111213132,31,Mugla,Fethiye,albopictus,0,0,1,0,0
TUR.59.4_1,2072,2,6.225206869490007,67.77351109287805,Mugla,Fethiye,0.07934286867788504,0.008174290266427797,29,Mugla,Fethiye,albopictus,0,0,1,0,0
TUR.59.4_1,2072,3,9.948551556643316,63.51740206929017,Mugla,Fethiye,0.094041367004288,0.009059490718964835,31,Mugla,Fethiye,albopictus,0,0,1,0,0
TUR.59.4_1,2072,4,15.579136694178862,56.48132528243217,Mugla,Fethiye,0.12435241119670559,0.012358243002666969,30,Mugla,Fethiye,albopictus,0,0,1,0.010555036214084868,0
TUR.59.4_1,2072,5,20.999638697680304,48.855651897097786,Mugla,Fethiye,0.17381178999619448,0.01667982111022015,31,Mugla,Fethiye,albopictus,8.68939048492834e-12,8.68939048492834e-12,0.9999999999913106,0.07873954052030475,1.510347402700063e-12
TUR.59.4_1,2072,6,26.341692054972928,44.009769955745305,Mugla,Fethiye,0.19549843306647746,0.019359984370493133,30,Mugla,Fethiye,albopictus,2.6945296742359014e-5,2.6945296742359014e-5,0.9999730547032576,0.13459626778171413,5.26774941700392e-6
TUR.59.4_1,2072,7,32.133883981143725,23.53517588939271,Mugla,Fethiye,0.22958050872056576,0.021972478339260637,31,Mugla,Fethiye,albopictus,7.771561172376097e-18,7.771561172376097e-18,1,0.036997948323836766,0
TUR.59.4_1,2072,8,30.610111124375287,40.14257206965285,Mugla,Fethiye,0.27261238253366454,0.026036882861634525,31,Mugla,Fethiye,albopictus,9.249313310311092e-9,9.249313310311092e-9,0.9999999907506867,0.09326473036250259,2.5214773602399987e-9
TUR.59.4_1,2072,9,25.125471227309284,49.77361595828095,Mugla,Fethiye,0.2172852332540356,0.021494159491609932,30,Mugla,Fethiye,albopictus,8.522360008375246e-5,8.522360008375246e-5,0.9999147763999162,0.14317171578038373,1.851765836902164e-5
TUR.59.4_1,2072,10,19.59258898566751,55.588311839914276,Mugla,Fethiye,0.21412552911388696,0.020508603694878058,31,Mugla,Fethiye,albopictus,7.564116000224886e-15,7.564116000224886e-15,0.9999999999999925,0.06098854988792528,1.6653345369377348e-15
TUR.59.4_1,2072,11,13.34370701453265,63.848863179281025,Mugla,Fethiye,0.12420342755982114,0.012343528646967639,30,Mugla,Fethiye,albopictus,0,0,1,0.0013883928120923506,0
TUR.59.4_1,2072,12,8.384894118589514,67.40451443827887,Mugla,Fethiye,0.10215926929880578,0.009837671288984606,31,Mugla,Fethiye,albopictus,0,0,1,0,0
TUR.59.4_1,2073,1,7.661504777915337,76.62269253944456,Mugla,Fethiye,0.11107124898983498,0.010691268295239253,31,Mugla,Fethiye,albopictus,0,0,1,0,0
TUR.59.4_1,2073,2,9.015477198011736,77.21152226231165,Mugla,Fethiye,0.08308465554856917,0.008862422534658965,28,Mugla,Fethiye,albopictus,0,0,1,0,0
TUR.59.4_1,2073,3,10.664522549685309,63.24127902241517,Mugla,Fethiye,0.10199334264461564,0.00982177171078591,31,Mugla,Fethiye,albopictus,0,0,1,3.3124913637175284e-12,0
TUR.59.4_1,2073,4,15.370323026881499,57.37193120894584,Mugla,Fethiye,0.13486743640478363,0.013396204994343464,30,Mugla,Fethiye,albopictus,0,0,1,0.009222304320624437,0
TUR.59.4_1,2073,5,22.068553111132452,41.51206211438294,Mugla,Fethiye,0.18850901488860225,0.018077415142369158,31,Mugla,Fethiye,albopictus,1.3306433582771505e-10,1.3306433582771505e-10,0.9999999998669357,0.08599910867590069,2.5083823906868474e-11
TUR.59.4_1,2073,6,27.60137184928445,29.84940008269843,Mugla,Fethiye,0.21202944305696353,0.020979742179546013,30,Mugla,Fethiye,albopictus,1.1546297941922301e-8,1.1546297941922301e-8,0.9999999884537021,0.09617865438938393,2.4481551230692844e-9
TUR.59.4_1,2073,7,31.79447510663201,26.977593034168102,Mugla,Fethiye,0.24899344018887076,0.023808145226557498,31,Mugla,Fethiye,albopictus,1.6179280137862407e-15,1.6179280137862407e-15,0.9999999999999983,0.047135357845736525,4.440892098500626e-16
TUR.59.4_1,2073,8,30.70908535228056,44.24424519587355,Mugla,Fethiye,0.2956640149611316,0.02820718118558785,31,Mugla,Fethiye,albopictus,8.790094741728538e-8,8.790094741728538e-8,0.9999999120990526,0.1027677003158623,2.598914672358177e-8
TUR.59.4_1,2073,9,26.313629262587604,48.513495566435246,Mugla,Fethiye,0.23565849745552483,0.023290343531158664,30,Mugla,Fethiye,albopictus,2.2656151723913581e-4,2.2656151723913581e-4,0.9997734384827609,0.14750502332852575,5.33897214518575e-5
TUR.59.4_1,2073,10,20.55299624274759,52.92701881012912,Mugla,Fethiye,0.23223161418821658,0.022223367519498938,31,Mugla,Fethiye,albopictus,3.1723210169865014e-12,3.1723210169865014e-12,0.9999999999968276,0.07621146534011106,7.367439991412539e-13
TUR.59.4_1,2073,11,13.47580330512103,63.98464351375368,Mugla,Fethiye,0.13470585496877044,0.013380263179751384,30,Mugla,Fethiye,albopictus,0,0,1,0.0016498435714897594,0
TUR.59.4_1,2073,12,9.83191655663883,71.62173092997809,Mugla,Fethiye,0.11079768074236478,0.010665076646349747,31,Mugla,Fethiye,albopictus,0,0,1,0,0
TUR.59.4_1,2074,1,8.587743314750053,71.71467251991331,Mugla,Fethiye,0.10210018755642213,0.00983200993257849,31,Mugla,Fethiye,albopictus,0,0,1,0,0
TUR.59.4_1,2074,2,6.23871614301906,69.37188450596399,Mugla,Fethiye,0.07637403010878165,0.008149542746481386,28,Mugla,Fethiye,albopictus,0,0,1,0,0
TUR.59.4_1,2074,3,12.436599156435797,62.48381747456361,Mugla,Fethiye,0.09375549035623709,0.009032075492847458,31,Mugla,Fethiye,albopictus,0,0,1,2.4117986615095885e-4,0
TUR.59.4_1,2074,4,13.593724096522612,62.416830195762245,Mugla,Fethiye,0.12397439190984919,0.012320907533730052,30,Mugla,Fethiye,albopictus,0,0,1,0.0018667681436368461,0
TUR.59.4_1,2074,5,19.894484660204718,53.58871464123841,Mugla,Fethiye,0.17328341898778946,0.016629540030421053,31,Mugla,Fethiye,albopictus,3.529876391183961e-14,3.529876391183961e-14,0.9999999999999647,0.06452436882322628,6.106226635438361e-15
TUR.59.4_1,2074,6,25.734727943644803,40.088749447932805,Mugla,Fethiye,0.19490413676342924,0.019301703565115957,30,Mugla,Fethiye,albopictus,2.3150156805438193e-6,2.3150156805438193e-6,0.9999976849843194,0.12227362646764052,4.5120603098247614e-7
TUR.59.4_1,2074,7,29.30632355633904,41.025494187732555,Mugla,Fethiye,0.22888260620828235,0.021906421153945033,31,Mugla,Fethiye,albopictus,7.019646331558605e-7,7.019646331558605e-7,0.9999992980353668,0.11302742693571723,1.6066748176335466e-7
TUR.59.4_1,2074,8,28.865909464219037,43.444596910961444,Mugla,Fethiye,0.27178366729250536,0.025958769592676956,31,Mugla,Fethiye,albopictus,7.155185541936171e-6,7.155185541936171e-6,0.999992844814458,0.12437056791101286,1.944660675934351e-6
TUR.59.4_1,2074,9,25.71717654957491,48.21905815798798,Mugla,Fethiye,0.21662470718840757,0.021429524495675922,30,Mugla,Fethiye,albopictus,1.0984867508290391e-4,1.0984867508290391e-4,0.9998901513249171,0.14376525230867024,2.3795653953828655e-5
TUR.59.4_1,2074,10,20.877468670115753,62.114495921945526,Mugla,Fethiye,0.2134746082428365,0.020446901294134623,31,Mugla,Fethiye,albopictus,8.61637038551688e-10,8.61637038551688e-10,0.999999999138363,0.09429163526779454,1.8393764289470482e-10
TUR.59.4_1,2074,11,13.631858755560483,62.8214889117029,Mugla,Fethiye,0.12382586116879221,0.012306237354028693,30,Mugla,Fethiye,albopictus,0,0,1,0.001981371754224913,0
TUR.59.4_1,2074,12,8.82091163186466,72.06988919413824,Mugla,Fethiye,0.10184871501397556,0.009807912859180812,31,Mugla,Fethiye,albopictus,0,0,1,0,0
TUR.59.4_1,2075,1,11.186807664878227,73.30984921669065,Mugla,Fethiye,0.11364007354582967,0.01093717584720999,31,Mugla,Fethiye,albopictus,0,0,1,8.239396766070781e-7,0
TUR.59.4_1,2075,2,9.172895449049333,69.25289646885462,Mugla,Fethiye,0.08500621405574917,0.009066458192210192,28,Mugla,Fethiye,albopictus,0,0,1,0,0
TUR.59.4_1,2075,3,11.906882664736578,55.475337402542124,Mugla,Fethiye,0.10435221594005725,0.01004778187907196,31,Mugla,Fethiye,albopictus,0,0,1,3.976241123547367e-5,0
TUR.59.4_1,2075,4,12.162491644130034,69.16470159468803,Mugla,Fethiye,0.13798661247952435,0.013703896099975021,30,Mugla,Fethiye,albopictus,0,0,1,1.3356704425221573e-4,0
TUR.59.4_1,2075,5,19.985528132494757,58.55768589367982,Mugla,Fethiye,0.19286879827878028,0.01849161515539266,31,Mugla,Fethiye,albopictus,5.244148448824149e-13,5.244148448824149e-13,0.9999999999994755,0.0715306207632428,1.0114131754335176e-13
TUR.59.4_1,2075,6,28.47864350150613,27.726662198176946,Mugla,Fethiye,0.21693320028371849,0.021459712253534602,30,Mugla,Fethiye,albopictus,1.0003643330924738e-9,1.0003643330924738e-9,0.9999999989996357,0.08631310108591965,2.170121859990104e-10
TUR.59.4_1,2075,7,32.38616517010857,26.091419785877086,Mugla,Fethiye,0.25475209032791174,0.024352014378688502,31,Mugla,Fethiye,albopictus,1.049160758270773e-17,1.049160758270773e-17,1,0.03711225846095868,0
TUR.59.4_1,2075,8,30.674981958725873,44.162831926830584,Mugla,Fethiye,0.30250204900561817,0.02885004771770483,31,Mugla,Fethiye,albopictus,1.0239177138521294e-7,1.0239177138521294e-7,0.9999998976082286,0.10310951317046581,3.097372014426725e-8
TUR.59.4_1,2075,9,26.002508275649127,49.54239952761689,Mugla,Fethiye,0.241108740795707,0.023822529021009786,30,Mugla,Fethiye,albopictus,2.783831201959946e-4,2.783831201959946e-4,0.999721616879804,0.1499456896230416,6.711835103190289e-5
TUR.59.4_1,2075,10,17.559027279124543,65.99787299714083,Mugla,Fethiye,0.2376026015376032,0.022731457325958382,31,Mugla,Fethiye,albopictus,0,0,1,0.03451852544489117,0
TUR.59.4_1,2075,11,13.005693365545834,71.48135524471071,Mugla,Fethiye,0.13782129403357923,0.013687590671282113,30,Mugla,Fethiye,albopictus,0,0,1,9.178211925880049e-4,0
TUR.59.4_1,2075,12,11.679448828977698,67.08002103007574,Mugla,Fethiye,0.11336017828900076,0.010910385097938624,31,Mugla,Fethiye,albopictus,0,0,1,2.0413469544903944e-5,0
TUR.81.6_1,2025,1,4.572239679448744,82.0864690459668,Zinguldak,Merkez,1.6771288971749335e-4,1.6230147939833017e-5,31,Zonguldak,Merkez,aegypti,0,0,1,0,0
TUR.81.6_1,2025,2,4.049488841610797,77.99371562174719,Zinguldak,Merkez,1.2545431693586475e-4,1.344144362036559e-5,28,Zonguldak,Merkez,aegypti,0,0,1,0,0
TUR.81.6_1,2025,3,10.707058573470396,73.80749804591444,Zinguldak,Merkez,1.540056349635575e-4,1.4903660064846669e-5,31,Zonguldak,Merkez,aegypti,0,0,1,0,0
TUR.81.6_1,2025,4,10.500013393514298,77.18409693150622,Zinguldak,Merkez,2.0364412657596542e-4,2.0364205304379546e-5,30,Zonguldak,Merkez,aegypti,0,0,1,0,0
TUR.81.6_1,2025,5,16.03374108146219,78.32205289884993,Zinguldak,Merkez,2.846406420410276e-4,2.754548920069766e-5,31,Zonguldak,Merkez,aegypti,0,0,1,0.0010695400382375786,0
TUR.81.6_1,2025,6,21.818410901462332,70.26724150793822,Zinguldak,Merkez,3.201554940966626e-4,3.201503691740992e-5,30,Zonguldak,Merkez,aegypti,8.06246748807915e-11,8.06246748807915e-11,0.9999999999193753,0.08377331037061639,2.5757174171303632e-14
TUR.81.6_1,2025,7,23.55538003584918,71.26188022168758,Zinguldak,Merkez,3.759695668732157e-4,3.638348973766803e-5,31,Zonguldak,Merkez,aegypti,8.548713875729608e-5,8.548713875729608e-5,0.9999145128612427,0.14027880718277755,3.214056198963533e-8
TUR.81.6_1,2025,8,25.792954108294317,64.00171865703449,Zinguldak,Merkez,4.464401614782025e-4,4.3202953320164994e-5,31,Zonguldak,Merkez,aegypti,0.027309272403632835,0.027309272403632835,0.9726907275963672,0.1871816405268097,1.2191881660128523e-5
TUR.81.6_1,2025,9,19.47648738412296,76.17290610097966,Zinguldak,Merkez,3.5583436716702164e-4,3.5582803633693594e-5,30,Zonguldak,Merkez,aegypti,0,0,1,0.03261304304087539,0
TUR.81.6_1,2025,10,12.194750785827637,78.34098290784614,Zinguldak,Merkez,3.5065991832709375e-4,3.393425502595804e-5,31,Zonguldak,Merkez,aegypti,0,0,1,0,0
TUR.81.6_1,2025,11,7.4914772300159225,82.12379857186826,Zinguldak,Merkez,2.0340014543948824e-4,2.033980768723076e-5,30,Zonguldak,Merkez,aegypti,0,0,1,0,0
TUR.81.6_1,2025,12,5.410618624266456,77.82774693571073,Zinguldak,Merkez,1.6729981323068463e-4,1.6190173443897393e-5,31,Zonguldak,Merkez,aegypti,0,0,1,0,0
TUR.81.6_1,2026,1,5.6242192212273086,80.21717583307617,Zinguldak,Merkez,1.6216079181503832e-4,1.5692856718874104e-5,31,Zonguldak,Merkez,aegypti,0,0,1,0,0
TUR.81.6_1,2026,2,6.704197703915485,77.7552436368839,Zinguldak,Merkez,1.2130117968394076e-4,1.299647051122843e-5,28,Zonguldak,Merkez,aegypti,0,0,1,0,0
TUR.81.6_1,2026,3,7.135202074752135,81.28645617579726,Zinguldak,Merkez,1.4890731268023315e-4,1.4410281269028324e-5,31,Zonguldak,Merkez,aegypti,0,0,1,0,0
TUR.81.6_1,2026,4,9.399626773946427,85.73882257847887,Zinguldak,Merkez,1.9690253307105208e-4,1.9690059455346187e-5,30,Zonguldak,Merkez,aegypti,0,0,1,0,0
TUR.81.6_1,2026,5,13.958633506999297,81.74126524015853,Zinguldak,Merkez,2.7521767691120674e-4,2.663361405230713e-5,31,Zonguldak,Merkez,aegypti,0,0,1,0,0
TUR.81.6_1,2026,6,18.656032590305106,80.98265746252807,Zinguldak,Merkez,3.095568176906468e-4,3.095520264684293e-5,30,Zonguldak,Merkez,aegypti,0,0,1,0.020859109969245934,0
TUR.81.6_1,2026,7,21.27481668135699,85.72172671826961,Zinguldak,Merkez,3.6352317800507393e-4,3.517904359051638e-5,31,Zonguldak,Merkez,aegypti,2.4864488512577057e-10,2.4864488512577057e-10,0.9999999997513551,0.08835623017700425,9.037215420448774e-14
TUR.81.6_1,2026,8,22.98298515993006,79.94927801372394,Zinguldak,Merkez,4.3166085925348943e-4,4.177275903460842e-5,31,Zonguldak,Merkez,aegypti,7.552081685221079e-5,7.552081685221079e-5,0.9999244791831478,0.14161769903116977,3.259938019528619e-8
TUR.81.6_1,2026,9,18.258925662321204,89.27978628896794,Zinguldak,Merkez,3.440545496056088e-4,3.440486309969071e-5,30,Zonguldak,Merkez,aegypti,0,0,1,0.017752837421005696,0
TUR.81.6_1,2026,10,14.706103324890137,86.14329766614692,Zinguldak,Merkez,3.390513997433499e-4,3.281088749262917e-5,31,Zonguldak,Merkez,aegypti,0,0,1,3.665701904184823e-7,0
TUR.81.6_1,2026,11,11.145589569035698,74.51335545663389,Zinguldak,Merkez,1.9666662887581868e-4,1.966646950002371e-5,30,Zonguldak,Merkez,aegypti,0,0,1,0,0
TUR.81.6_1,2026,12,6.508317789610694,82.89932591520292,Zinguldak,Merkez,1.617613901334269e-4,1.5654205549053835e-5,31,Zonguldak,Merkez,aegypti,0,0,1,0,0
TUR.81.6_1,2027,1,5.68993501102223,75.35738121637695,Zinguldak,Merkez,1.6587059597517954e-4,1.605186432629413e-5,31,Zonguldak,Merkez,aegypti,0,0,1,0,0
TUR.81.6_1,2027,2,6.864497005062946,74.31943736246984,Zinguldak,Merkez,1.2407622546402547e-4,1.3293792936464044e-5,28,Zonguldak,Merkez,aegypti,0,0,1,0,0
TUR.81.6_1,2027,3,7.392005587325377,77.27359301661757,Zinguldak,Merkez,1.5231391277063395e-4,1.4739947440500778e-5,31,Zonguldak,Merkez,aegypti,0,0,1,0,0
TUR.81.6_1,2027,4,10.120988887899063,79.14617121129137,Zinguldak,Merkez,2.0140713512777186e-4,2.014051068999212e-5,30,Zonguldak,Merkez,aegypti,0,0,1,0,0
TUR.81.6_1,2027,5,15.936419571147246,78.13435453459212,Zinguldak,Merkez,2.8151391949439637e-4,2.7242911436853312e-5,31,Zonguldak,Merkez,aegypti,0,0,1,8.645940712915163e-4,0
TUR.81.6_1,2027,6,20.34191515866448,75.7584219278601,Zinguldak,Merkez,3.1663864775089155e-4,3.1663363480261e-5,30,Zonguldak,Merkez,aegypti,7.827072323607353e-17,7.827072323607353e-17,0.9999999999999999,0.050635781209818154,0
TUR.81.6_1,2027,7,22.53730790755328,74.9801724580157,Zinguldak,Merkez,3.7183961370433464e-4,3.598383131198091e-5,31,Zonguldak,Merkez,aegypti,3.424067057052338e-7,3.424067057052338e-7,0.9999996575932943,0.11419949211689288,1.2732037646401295e-10
TUR.81.6_1,2027,8,22.85079064088709,77.55411352397785,Zinguldak,Merkez,4.4153610242111816e-4,4.272838735075446e-5,31,Zonguldak,Merkez,aegypti,1.0272116783668628e-5,1.0272116783668628e-5,0.9999897278832164,0.13058915399294913,4.535510411685095e-9
TUR.81.6_1,2027,9,18.68005298165714,85.00949209951482,Zinguldak,Merkez,3.519255952829032e-4,3.519194027745698e-5,30,Zonguldak,Merkez,aegypti,0,0,1,0.022671365228547406,0
TUR.81.6_1,2027,10,15.65639591217041,84.32655572278755,Zinguldak,Merkez,3.4680798676534866e-4,3.356150003563929e-5,31,Zonguldak,Merkez,aegypti,0,0,1,5.135113716828897e-4,0
TUR.81.6_1,2027,11,6.224012592259575,80.04207249764951,Zinguldak,Merkez,2.0116583407701574e-4,2.011638107057845e-5,30,Zonguldak,Merkez,aegypti,0,0,1,0,0
TUR.81.6_1,2027,12,3.889237722929786,82.36886937223417,Zinguldak,Merkez,1.654620570538974e-4,1.6012328935555153e-5,31,Zonguldak,Merkez,aegypti,0,0,1,0,0
TUR.81.6_1,2028,1,4.954250616185805,81.57593285211914,Zinguldak,Merkez,1.6066551148782008e-4,1.5548154431499484e-5,31,Zonguldak,Merkez,aegypti,0,0,1,0,0
TUR.81.6_1,2028,2,7.419823466854938,72.12491069010656,Zinguldak,Merkez,1.2447490277483778e-4,1.287663117566229e-5,29,Zonguldak,Merkez,aegypti,0,0,1,0,0
TUR.81.6_1,2028,3,5.2581449992516465,82.37585742091444,Zinguldak,Merkez,1.475342423298882e-4,1.4277405399165666e-5,31,Zonguldak,Merkez,aegypti,0,0,1,0,0
TUR.81.6_1,2028,4,11.169330638997696,74.35576593785387,Zinguldak,Merkez,1.9508690007626251e-4,1.9508499714326888e-5,30,Zonguldak,Merkez,aegypti,0,0,1,0,0
TUR.81.6_1,2028,5,16.357348526225373,78.24378294035384,Zinguldak,Merkez,2.726799020682137e-4,2.6388029449320172e-05,31,Zonguldak,Merkez,aegypti,0,0,1,0.0018912027204449756,0
TUR.81.6_1,2028,6,20.948341397678153,72.47005370276244,Zinguldak,Merkez,3.067024025483165e-4,3.0669769927826884e-5,30,Zonguldak,Merkez,aegypti,3.049910324293137e-14,3.049910324293137e-14,0.9999999999999695,0.06252765223634643,0
TUR.81.6_1,2028,7,22.85614221236285,73.27308017285945,Zinguldak,Merkez,3.6017114049665544e-4,3.485466422303851e-5,31,Zonguldak,Merkez,aegypti,1.7701250497358378e-6,1.7701250497358378e-6,0.9999982298749502,0.12138562729789683,6.375479033593479e-10
TUR.81.6_1,2028,8,23.323773047503302,70.40396703960285,Zinguldak,Merkez,4.276805260074106e-4,4.1387581511176386e-5,31,Zonguldak,Merkez,aegypti,1.4976759662446048e-5,1.4976759662446048e-5,0.9999850232403376,0.1308713733833844,6.405268426767918e-9
TUR.81.6_1,2028,9,16.608686671537512,85.46238821767888,Zinguldak,Merkez,3.4088203179931934e-4,3.408762218370942e-5,30,Zonguldak,Merkez,aegypti,0,0,1,0.003065817330657408,0
TUR.81.6_1,2028,10,13.124846458435059,90.95115899427192,Zinguldak,Merkez,3.3592501584822003e-4,3.250834409374015e-5,31,Zonguldak,Merkez,aegypti,0,0,1,0,0
TUR.81.6_1,2028,11,9.9983670501148,85.51383610848936,Zinguldak,Merkez,1.9485317114730825e-4,1.948512727711904e-5,30,Zonguldak,Merkez,aegypti,0,0,1,0,0
TUR.81.6_1,2028,12,3.5749736638630134,81.81146580778105,Zinguldak,Merkez,1.6026979267843992e-4,1.5509859657480973e-5,31,Zonguldak,Merkez,aegypti,0,0,1,0,0
TUR.81.6_1,2029,1,7.386855405919691,75.63947807916992,Zinguldak,Merkez,1.824775430715839e-4,1.7658961150135433e-5,31,Zonguldak,Merkez,aegypti,0,0,1,0,0
TUR.81.6_1,2029,2,4.250436126309284,84.28165660075109,Zinguldak,Merkez,1.364987244614424e-4,1.4624756392356275e-5,28,Zonguldak,Merkez,aegypti,0,0,1,0,0
TUR.81.6_1,2029,3,8.679267550216002,77.05050189112929,Zinguldak,Merkez,1.6756356613178045e-4,1.621569750465124e-5,31,Zonguldak,Merkez,aegypti,0,0,1,0,0
TUR.81.6_1,2029,4,9.33999733363881,81.62318384556872,Zinguldak,Merkez,2.2157199688787417e-4,2.2156954219809677e-5,30,Zonguldak,Merkez,aegypti,0,0,1,0,0
TUR.81.6_1,2029,5,14.081097686991972,81.43235105558821,Zinguldak,Merkez,3.096990643083961e-4,2.997042806884842e-5,31,Zonguldak,Merkez,aegypti,0,0,1,0,0
TUR.81.6_1,2029,6,20.851587323581473,79.22624114172729,Zinguldak,Merkez,3.4834047676381033e-4,3.483344097798824e-5,30,Zonguldak,Merkez,aegypti,1.4336470899323217e-13,1.4336470899323217e-13,0.9999999999998567,0.0668102903183485,0
TUR.81.6_1,2029,7,26.078468491049374,68.04224521192195,Zinguldak,Merkez,4.0906815778009927e-4,3.958645751100942e-5,31,Zonguldak,Merkez,aegypti,0.08184492816595526,0.08184492816595526,0.9181550718340448,0.21075818260446955,3.347959353439123e-5
TUR.81.6_1,2029,8,24.53747048097498,69.37930120708332,Zinguldak,Merkez,4.857426518155468e-4,4.7006248573233655e-5,31,Zonguldak,Merkez,aegypti,0.004884825795744806,0.004884825795744806,0.9951151742042552,0.1684096979148996,2.3727654206995297e-6
TUR.81.6_1,2029,9,21.227711901945227,67.60283011221013,Zinguldak,Merkez,3.871603498720067e-4,3.871528553123227e-5,30,Zonguldak,Merkez,aegypti,9.293227298812212e-14,9.293227298812212e-14,0.9999999999999071,0.0646506143619878,0
TUR.81.6_1,2029,10,13.847553253173828,81.54679345472114,Zinguldak,Merkez,3.815303669133315e-4,3.692161195278931e-5,31,Zonguldak,Merkez,aegypti,0,0,1,0,0
TUR.81.6_1,2029,11,11.245794036809135,73.68976231698545,Zinguldak,Merkez,2.2130653680060733e-4,2.213040879894823e-5,30,Zonguldak,Merkez,aegypti,0,0,1,0,0
TUR.81.6_1,2029,12,5.332079252775977,79.23610264860136,Zinguldak,Merkez,1.8202810127530654e-4,1.7615467549858543e-5,31,Zonguldak,Merkez,aegypti,0,0,1,0,0
TUR.81.6_1,2030,1,6.663497251622816,79.4468969024121,Zinguldak,Merkez,1.7725125199200974e-4,1.715319984918473e-5,31,Zonguldak,Merkez,aegypti,0,0,1,0,0
TUR.81.6_1,2030,2,3.9731448283966855,77.20420298746984,Zinguldak,Merkez,1.3258930057279304e-4,1.4205895585206463e-5,28,Zonguldak,Merkez,aegypti,0,0,1,0,0
TUR.81.6_1,2030,3,8.9446121699669785,72.84982592677382,Zinguldak,Merkez,1.6276442232375241e-4,1.5751271656205823e-5,31,Zonguldak,Merkez,aegypti,0,0,1,0,0
TUR.81.6_1,2030,4,11.819975895040177,74.45980799107653,Zinguldak,Merkez,2.1522601188979544e-4,2.1522369579418665e-5,30,Zonguldak,Merkez,aegypti,0,0,1,0,0
TUR.81.6_1,2030,5,15.895093048320097,79.01843351408431,Zinguldak,Merkez,3.008290552656259e-4,2.9112065454861558e-5,31,Zonguldak,Merkez,aegypti,0,0,1,8.160453591554525e-4,0
TUR.81.6_1,2030,6,21.374597577487723,76.51121428625854,Zinguldak,Merkez,3.3836374924040686e-4,3.3835802480397525e-5,30,Zonguldak,Merkez,aegypti,1.6639792155270783e-11,1.6639792155270783e-11,0.9999999999833602,0.07927625684838534,5.662137425588298e-15
TUR.81.6_1,2030,7,23.573574234457578,75.17344790967586,Zinguldak,Merkez,3.9735214479594104e-4,3.845269404356699e-5,31,Zonguldak,Merkez,aegypti,4.7831398025806804e-4,4.7831398025806804e-4,0.9995216860197419,0.1519707502674299,1.900590679282388e-7
TUR.81.6_1,2030,8,21.081467291888067,86.02507604839191,Zinguldak,Merkez,4.7183062491393284e-4,4.565998576855357e-5,31,Zonguldak,Merkez,aegypti,3.115106173012805e-11,3.115106173012805e-11,0.9999999999688489,0.08187312405874554,1.4654943925052066e-14
TUR.81.6_1,2030,9,18.832238421720618,81.18502920888982,Zinguldak,Merkez,3.7607179262358337e-4,3.760647212125434e-5,30,Zonguldak,Merkez,aegypti,0,0,1,0.02374837293986897,0
TUR.81.6_1,2030,10,14.421724319458008,83.39236688001411,Zinguldak,Merkez,3.706030565187391e-4,3.5864168786536865e-5,31,Zonguldak,Merkez,aegypti,0,0,1,0,0
TUR.81.6_1,2030,11,9.95817921442144,80.37401219491514,Zinguldak,Merkez,2.1496815477472296e-4,2.1496584422631138e-5,30,Zonguldak,Merkez,aegypti,0,0,1,0,0
TUR.81.6_1,2030,12,9.115231833037207,78.79388768278105,Zinguldak,Merkez,1.768146825394254e-4,1.711095191625489e-5,31,Zonguldak,Merkez,aegypti,0,0,1,0,0
TUR.81.6_1,2031,1,5.438591283910414,85.3219197905957,Zinguldak,Merkez,1.728746491047006e-4,1.6729664809700395e-5,31,Zonguldak,Merkez,aegypti,0,0,1,0,0
TUR.81.6_1,2031,2,5.799798785763629,80.72838053873937,Zinguldak,Merkez,1.2931546916572717e-4,1.385513285590001e-5,28,Zonguldak,Merkez,aegypti,0,0,1,0,0
TUR.81.6_1,2031,3,6.814697409377379,80.59982592677382,Zinguldak,Merkez,1.5874552128532446e-4,1.536235179966372e-5,31,Zonguldak,Merkez,aegypti,0,0,1,0,0
TUR.81.6_1,2031,4,10.046568912618302,82.0281368484984,Zinguldak,Merkez,2.0991175444746508e-4,2.0990955131527933e-5,30,Zonguldak,Merkez,aegypti,0,0,1,0,0
TUR.81.6_1,2031,5,13.380848968730254,82.075913372482745,Zinguldak,Merkez,2.934011285397748e-4,2.8393254504543997e-5,31,Zonguldak,Merkez,aegypti,0,0,1,0,0
TUR.81.6_1,2031,6,19.056722669040457,81.26170256750854,Zinguldak,Merkez,3.300090338562071e-4,3.300035886177888e-5,30,Zonguldak,Merkez,aegypti,0,0,1,0.027466079872729563,0
TUR.81.6_1,2031,7,21.898311783285703,80.41294986280086,Zinguldak,Merkez,3.8754091624523503e-4,3.750325637197349e-5,31,Zonguldak,Merkez,aegypti,1.2635376908931573e-8,1.2635376908931573e-8,0.9999999873646231,0.10156284111341304,4.8967496724117154e-12
TUR.81.6_1,2031,8,22.62410607057459,82.40057195903644,Zinguldak,Merkez,4.6018040945924996e-4,4.453259640668783e-5,31,Zonguldak,Merkez,aegypti,1.5280933382481544e-5,1.5280933382481544e-5,0.9999847190666176,0.13297057955004898,7.031986104522048e-9
TUR.81.6_1,2031,9,18.766494021696204,83.91069906972966,Zinguldak,Merkez,3.667860083205981e-4,3.667792818040638e-5,30,Zonguldak,Merkez,aegypti,0,0,1,0.02374677762318585,0
TUR.81.6_1,2031,10,13.725408554077148,83.30076836927192,Zinguldak,Merkez,3.6145230362431873e-4,3.4978643422389766e-5,31,Zonguldak,Merkez,aegypti,0,0,1,0,0
TUR.81.6_1,2031,11,11.353561141911674,75.4872095215753,Zinguldak,Merkez,2.0966026421658472e-4,2.0965806636019657e-5,30,Zonguldak,Merkez,aegypti,0,0,1,0,0
TUR.81.6_1,2031,12,6.759343466337989,76.84513432584745,Zinguldak,Merkez,1.7244885921561843e-4,1.6688460025005014e-5,31,Zonguldak,Merkez,aegypti,0,0,1,0,0
TUR.81.6_1,2032,1,8.618620199315687,77.11847435602539,Zinguldak,Merkez,1.8253856097738634e-4,1.7664866004518665e-5,31,Zonguldak,Merkez,aegypti,0,0,1,0,0
TUR.81.6_1,2032,2,7.6878936878022035,77.79896006754797,Zinguldak,Merkez,1.4142095226231212e-4,1.4629646667985163e-5,29,Zonguldak,Merkez,aegypti,0,0,1,0,0
TUR.81.6_1,2032,3,7.148221636519713,79.72848803614882,Zinguldak,Merkez,1.6761959701493484e-4,1.62211197601847e-5,31,Zonguldak,Merkez,aegypti,0,0,1,0,0
TUR.81.6_1,2032,4,11.418006939046524,82.03818476109606,Zinguldak,Merkez,2.216460874253013e-4,2.2164363109422602e-5,30,Zonguldak,Merkez,aegypti,0,0,1,0,0
TUR.81.6_1,2032,5,18.681531990275666,69.23856443449446,Zinguldak,Merkez,3.098026232889423e-4,2.9980449605337967e-5,31,Zonguldak,Merkez,aegypti,0,0,1,0.01780784564732661,0
TUR.81.6_1,2032,6,20.251232175266043,73.57308104651244,Zinguldak,Merkez,3.48456956885367e-4,3.484508858431212e-5,30,Zonguldak,Merkez,aegypti,6.3837823915946504e-18,6.3837823915946504e-18,1,0.04662910122947872,0
TUR.81.6_1,2032,7,21.903907944174374,71.44905215772273,Zinguldak,Merkez,4.092049443780447e-4,3.9599694399594654e-5,31,Zonguldak,Merkez,aegypti,3.513690512435552e-10,3.513690512435552e-10,0.999999999648631,0.08778002686887558,1.4377388168895777e-13
TUR.81.6_1,2032,8,23.98782028871424,77.12731756450519,Zinguldak,Merkez,4.859050772782848e-4,4.7021966427363004e-5,31,Zonguldak,Merkez,aegypti,0.006955792540295565,0.006955792540295565,0.9930442074597045,0.17409220826992008,3.3798492000691738e-6
TUR.81.6_1,2032,9,19.71354793099796,81.10175436758122,Zinguldak,Merkez,3.8728981080928844e-4,3.8728231123608126e-5,30,Zonguldak,Merkez,aegypti,0,0,1,0.0398625504289584,0
TUR.81.6_1,2032,10,13.039313316345215,83.59377526624458,Zinguldak,Merkez,3.816579452640546e-4,3.693395778880948e-5,31,Zonguldak,Merkez,aegypti,0,0,1,0,0
TUR.81.6_1,2032,11,9.059825637761284,80.29145451669248,Zinguldak,Merkez,2.2138053857194125e-4,2.2137808812328075e-5,30,Zonguldak,Merkez,aegypti,0,0,1,0,0
TUR.81.6_1,2032,12,6.708268484648536,78.61796147428495,Zinguldak,Merkez,1.8208896889413816e-4,1.7621357860875264e-5,31,Zonguldak,Merkez,aegypti,0,0,1,0,0
TUR.81.6_1,2033,1,4.643563551061293,78.86713921198242,Zinguldak,Merkez,1.7623899453427544e-4,1.7055241125607523e-5,31,Zonguldak,Merkez,aegypti,0,0,1,0,0
TUR.81.6_1,2033,2,3.728993712979205,77.9439872281925,Zinguldak,Merkez,1.3183210136087078e-4,1.4124768247469888e-5,28,Zonguldak,Merkez,aegypti,0,0,1,0,0
TUR.81.6_1,2033,3,6.009040499434752,81.72510058497694,Zinguldak,Merkez,1.6183489715256512e-4,1.5661319020199294e-5,31,Zonguldak,Merkez,aegypti,0,0,1,0,0
TUR.81.6_1,2033,4,11.692542118184708,80.79096949009997,Zinguldak,Merkez,2.1399688581488524e-4,2.1399459609772187e-5,30,Zonguldak,Merkez,aegypti,0,0,1,0,0
TUR.81.6_1,2033,5,16.13122757743387,79.17583555265853,Zinguldak,Merkez,2.991110620143877e-4,2.8945812869718424e-5,31,Zonguldak,Merkez,aegypti,0,0,1,0.0012929238483418096,0
TUR.81.6_1,2033,6,22.10791972104241,63.269392997196036,Zinguldak,Merkez,3.364314005277953e-4,3.364257412874494e-5,30,Zonguldak,Merkez,aegypti,6.657678963684078e-11,6.657678963684078e-11,0.9999999999334233,0.08156892679676635,2.2426505097428162e-14
TUR.81.6_1,2033,7,23.159650970907773,75.40073520215633,Zinguldak,Merkez,3.9508292149062675e-4,3.8233100208340254e-5,31,Zonguldak,Merkez,aegypti,3.7101418246688554e-5,3.7101418246688554e-5,0.9999628985817534,0.13753722813524155,1.4658136593403981e-8
TUR.81.6_1,2033,8,21.545454642351935,76.33184637309894,Zinguldak,Merkez,4.6913606527901363e-4,4.539923380542099e-5,31,Zonguldak,Merkez,aegypti,7.982223709790403e-11,7.982223709790403e-11,0.9999999999201777,0.08349426036435,3.7414515929867775e-14
TUR.81.6_1,2033,9,21.160899386686438,82.82257193349919,Zinguldak,Merkez,3.7392409847503155e-4,3.739171076000414e-5,30,Zonguldak,Merkez,aegypti,2.2562985757534905e-11,2.2562985757534905e-11,0.999999999977437,0.08065514977012227,8.43769498715119e-15
TUR.81.6_1,2033,10,16.11387062072754,85.05618523938911,Zinguldak,Merkez,3.6848659356796047e-4,3.5659357115913615e-5,31,Zonguldak,Merkez,aegypti,0,0,1,0.001386650013452508,0
TUR.81.6_1,2033,11,12.079685905400444,77.3637735474542,Zinguldak,Merkez,2.1374050128623927e-4,2.1373821705195084e-5,30,Zonguldak,Merkez,aegypti,0,0,1,0,0
TUR.81.6_1,2033,12,5.329762301024268,81.50596959196073,Zinguldak,Merkez,1.7580491826963324e-4,1.7013234460683258e-5,31,Zonguldak,Merkez,aegypti,0,0,1,0,0
TUR.81.6_1,2034,1,5.562175077550551,75.27706658014648,Zinguldak,Merkez,1.6951803041703235e-4,1.640483612475041e-5,31,Zonguldak,Merkez,aegypti,0,0,1,0,0
TUR.81.6_1,2034,2,3.172340928631671,83.62847361735265,Zinguldak,Merkez,1.26804616807361e-4,1.3586116651476132e-5,28,Zonguldak,Merkez,aegypti,0,0,1,0,0
TUR.81.6_1,2034,3,6.778891230330748,78.58134753321913,Zinguldak,Merkez,1.5566324064967594e-4,1.506407111473429e-5,31,Zonguldak,Merkez,aegypti,0,0,1,0,0
TUR.81.6_1,2034,4,9.977211040609024,81.68592035679919,Zinguldak,Merkez,2.0583600521882688e-4,2.0583388681050252e-5,30,Zonguldak,Merkez,aegypti,0,0,1,0,0
TUR.81.6_1,2034,5,14.5914345629075,78.80974668547103,Zinguldak,Merkez,2.877043088143846e-4,2.7841964871155866e-5,31,Zonguldak,Merkez,aegypti,0,0,1,0,0
TUR.81.6_1,2034,6,19.84763148251702,80.57485106604369,Zinguldak,Merkez,3.2360141714735005e-4,3.2359618130972656e-5,30,Zonguldak,Merkez,aegypti,0,0,1,0.04280484817809252,0
TUR.81.6_1,2034,7,22.315021683188046,78.65773898633601,Zinguldak,Merkez,3.800162323864873e-4,3.6775088204321627e-5,31,Zonguldak,Merkez,aegypti,2.4711459049941986e-7,2.4711459049941986e-7,0.9999997528854095,0.11289781066781501,9.390754840410409e-11
TUR.81.6_1,2034,8,24.23864807802088,79.47453130962238,Zinguldak,Merkez,4.512453216942751e-4,4.3667948626868736e-5,31,Zonguldak,Merkez,aegypti,0.030494832447432216,0.030494832447432216,0.9695051675525678,0.19210462760597055,1.3760555800490515e-5
TUR.81.6_1,2034,9,19.600018725675696,73.41099661611638,Zinguldak,Merkez,3.5966431189905676e-4,3.596578440556719e-5,30,Zonguldak,Merkez,aegypti,0,0,1,0.03345571759143544,0
TUR.81.6_1,2034,10,16.580500602722168,73.24551629407661,Zinguldak,Merkez,3.544341690202606e-4,3.4299492631895134e-5,31,Zonguldak,Merkez,aegypti,0,0,1,0.002427819328994683,0
TUR.81.6_1,2034,11,9.818531730595756,75.54606267098936,Zinguldak,Merkez,2.05589398045197e-4,2.055872847095408e-5,30,Zonguldak,Merkez,aegypti,0,0,1,0,0
TUR.81.6_1,2034,12,7.0446699472034675,78.31776005826933,Zinguldak,Merkez,1.6910050787256157e-4,1.6364431379201072e-5,31,Zonguldak,Merkez,aegypti,0,0,1,0,0
TUR.81.6_1,2035,1,2.9330964509178608,80.14960991510742,Zinguldak,Merkez,1.6518875497027654e-4,1.598588077000862e-5,31,Zonguldak,Merkez,aegypti,0,0,1,0,0
TUR.81.6_1,2035,2,3.2661069026764706,82.17336497477453,Zinguldak,Merkez,1.2356618775808016e-4,1.3239146764321141e-5,28,Zonguldak,Merkez,aegypti,0,0,1,0,0
TUR.81.6_1,2035,3,5.689252520308775,81.7633238515785,Zinguldak,Merkez,1.5168779895743118e-4,1.4679356672431254e-5,31,Zonguldak,Merkez,aegypti,0,0,1,0,0
TUR.81.6_1,2035,4,11.039211315267227,84.25227320103747,Zinguldak,Merkez,2.005792147685136e-4,2.0057720318100714e-5,30,Zonguldak,Merkez,aegypti,0,0,1,0,0
TUR.81.6_1,2035,5,15.944062317118926,77.01275724455306,Zinguldak,Merkez,2.803567057481398e-4,2.7130926054441673e-5,31,Zonguldak,Merkez,aegypti,0,0,1,8.764770511152533e-4,0
TUR.81.6_1,2035,6,21.17524149838616,61.326006919315176,Zinguldak,Merkez,3.1533704747325163e-4,3.153320756532629e-5,30,Zonguldak,Merkez,aegypti,3.411049220858331e-15,3.411049220858331e-15,0.9999999999999966,0.056449228998080574,0
TUR.81.6_1,2035,7,22.50760476729449,75.23524600537898,Zinguldak,Merkez,3.703110998988568e-4,3.583591593292468e-5,31,Zonguldak,Merkez,aegypti,3.1183492957548297e-7,3.1183492957548297e-7,0.9999996881650705,0.11383604307589097,1.1547596212579947e-10
TUR.81.6_1,2035,8,23.376341483172247,78.60404028179035,Zinguldak,Merkez,4.3972108862674544e-4,4.2552748344193425e-5,31,Zonguldak,Merkez,aegypti,5.612594109500012e-4,5.612594109500012e-4,0.99943874058905,0.15379593568682076,2.467975687148183e-7
TUR.81.6_1,2035,9,21.736785159391516,71.87677878164372,Zinguldak,Merkez,3.504789416422863e-4,3.5047279993927205e-5,30,Zonguldak,Merkez,aegypti,7.591170470000463e-11,7.591170470000463e-11,0.9999999999240883,0.08328983605186904,2.6645352591003757e-14
TUR.81.6_1,2035,10,14.5374116897583,81.97602319104926,Zinguldak,Merkez,3.4538236997767006e-4,3.342354174140638e-5,31,Zonguldak,Merkez,aegypti,0,0,1,0,0
TUR.81.6_1,2035,11,9.866165855351616,83.30149479989561,Zinguldak,Merkez,2.0033890562925309e-4,2.003368988590104e-5,30,Zonguldak,Merkez,aegypti,0,0,1,0,0
TUR.81.6_1,2035,12,3.9837830873096687,86.57249791227323,Zinguldak,Merkez,1.6478189542192359e-4,1.5946507893938033e-5,31,Zonguldak,Merkez,aegypti,0,0,1,0,0
TUR.81.6_1,2036,1,4.735696596257826,82.12311302790039,Zinguldak,Merkez,1.6978068286963157e-4,1.6430253686694485e-5,31,Zonguldak,Merkez,aegypti,0,0,1,0,0
TUR.81.6_1,2036,2,6.299050628262409,77.15143046549719,Zinguldak,Merkez,1.315368419615374e-4,1.3607166934881398e-5,29,Zonguldak,Merkez,aegypti,0,0,1,0,0
TUR.81.6_1,2036,3,4.946576262221617,84.3228941640785,Zinguldak,Merkez,1.5590442639160318e-4,1.5087411318503996e-5,31,Zonguldak,Merkez,aegypti,0,0,1,0,0
TUR.81.6_1,2036,4,10.406201404683731,79.55331385045153,Zinguldak,Merkez,2.0615492900216098e-4,2.0615280402425107e-5,30,Zonguldak,Merkez,aegypti,0,0,1,0,0
TUR.81.6_1,2036,5,15.058338249430937,77.49447721525618,Zinguldak,Merkez,2.881500799347047e-4,2.7885102809932505e-5,31,Zonguldak,Merkez,aegypti,0,0,1,4.694610939676805e-5,0
TUR.81.6_1,2036,6,22.128656415378348,72.79445555823119,Zinguldak,Merkez,3.2410280750487855e-4,3.240975554297254e-5,30,Zonguldak,Merkez,aegypti,4.601476027210616e-9,4.601476027210616e-9,0.999999995398524,0.09694799927802632,1.4913625889789728e-12
TUR.81.6_1,2036,7,22.91076676985797,76.20439273389461,Zinguldak,Merkez,3.8060503226351673e-4,3.683206674054418e-5,31,Zonguldak,Merkez,aegypti,9.81736657640292e-6,9.81736657640292e-6,0.9999901826334237,0.13004831528742342,3.736539078147416e-9
TUR.81.6_1,2036,8,22.819944998797247,82.40782751323566,Zinguldak,Merkez,4.5194448443333803e-4,4.3735606580108666e-5,31,Zonguldak,Merkez,aegypti,5.927763790291185e-5,5.927763790291185e-5,0.9999407223620971,0.14070626257429317,2.6790201168580552e-8
TUR.81.6_1,2036,9,19.15110705880558,75.73705405019841,Zinguldak,Merkez,3.6022157836446047e-4,3.6021509046357814e-5,30,Zonguldak,Merkez,aegypti,0,0,1,0.02669955100255086,0
TUR.81.6_1,2036,10,13.019452095031738,79.42692040784614,Zinguldak,Merkez,3.5498333186476225e-4,3.435263559903312e-5,31,Zonguldak,Merkez,aegypti,0,0,1,0,0
TUR.81.6_1,2036,11,8.749646881047417,81.42530461434873,Zinguldak,Merkez,2.0590793973360692e-4,2.059058198444763e-5,30,Zonguldak,Merkez,aegypti,0,0,1,0,0
TUR.81.6_1,2036,12,7.82646592574961,82.25154454313261,Zinguldak,Merkez,1.693625134127347e-4,1.6389786338777412e-5,31,Zonguldak,Merkez,aegypti,0,0,1,0,0
TUR.81.6_1,2037,1,6.1900971356560195,79.81903587946289,Zinguldak,Merkez,1.7232630985024685e-4,1.66766006068908e-5,31,Zonguldak,Merkez,aegypti,0,0,1,0,0
TUR.81.6_1,2037,2,4.114113151150592,80.45065531901281,Zinguldak,Merkez,1.2890529480922726e-4,1.3811186211354354e-5,28,Zonguldak,Merkez,aegypti,0,0,1,0,0
TUR.81.6_1,2037,3,7.897123957381529,75.93256671046522,Zinguldak,Merkez,1.5824199806060488e-4,1.5313624493029643e-5,31,Zonguldak,Merkez,aegypti,0,0,1,0,0
TUR.81.6_1,2037,4,10.62047485744252,79.7734218826781,Zinguldak,Merkez,2.09245937593861e-4,2.092437484157994e-5,30,Zonguldak,Merkez,aegypti,0,0,1,0,0
TUR.81.6_1,2037,5,18.16742142509012,66.04529279753157,Zinguldak,Merkez,2.924704926315454e-4,2.8303195518164515e-5,31,Zonguldak,Merkez,aegypti,0,0,1,0.011606678972195179,0
TUR.81.6_1,2037,6,20.495996503268973,73.95746520178588,Zinguldak,Merkez,3.2896228172381016e-4,3.289568709741175e-5,30,Zonguldak,Merkez,aegypti,2.6612045900265e-16,2.6612045900265e-16,0.9999999999999998,0.05271696146390223,0
TUR.81.6_1,2037,7,23.85528009078082,71.8654263642657,Zinguldak,Merkez,3.863116793491096e-4,3.7384302416842985e-5,31,Zonguldak,Merkez,aegypti,5.7249646077932e-4,5.7249646077932e-4,0.9994275035392207,0.15275388826545572,2.21162044677925e-7
TUR.81.6_1,2037,8,24.51235069948084,66.1420308518587,Zinguldak,Merkez,4.5872076812985944e-4,4.439134707467929e-5,31,Zonguldak,Merkez,aegypti,0.001482058309558245,0.001482058309558245,0.9985179416904417,0.15768468245677358,6.798506950733696e-7
TUR.81.6_1,2037,9,20.090707049650305,69.92127341054997,Zinguldak,Merkez,3.656226036954076e-4,3.656159197829023e-5,30,Zonguldak,Merkez,aegypti,0,0,1,0.04068069316134807,0
TUR.81.6_1,2037,10,15.532163619995117,77.0911202369477,Zinguldak,Merkez,3.6030581692012936e-4,3.4867696970919404e-5,31,Zonguldak,Merkez,aegypti,0,0,1,3.232922274282189e-4,0
TUR.81.6_1,2037,11,9.21861622614019,83.86404820565733,Zinguldak,Merkez,2.089952450621599e-4,2.0899306112709404e-5,30,Zonguldak,Merkez,aegypti,0,0,1,0,0
TUR.81.6_1,2037,12,4.340147814329932,83.57596928678495,Zinguldak,Merkez,1.719018705195695e-4,1.6635526517094767e-5,31,Zonguldak,Merkez,aegypti,0,0,1,0,0
TUR.81.6_1,2038,1,3.7334821644951313,77.77358757624023,Zinguldak,Merkez,1.777220535569485e-4,1.7198760508319033e-5,31,Zonguldak,Merkez,aegypti,0,0,1,0,0
TUR.81.6_1,2038,2,6.338653384762653,80.90311656168859,Zinguldak,Merkez,1.3294147439104413e-4,1.4243627957655214e-5,28,Zonguldak,Merkez,aegypti,0,0,1,0,0
TUR.81.6_1,2038,3,7.882183695540709,72.23533923243788,Zinguldak,Merkez,1.631967450514352e-4,1.5793108679607037e-5,31,Zonguldak,Merkez,aegypti,0,0,1,0,0
TUR.81.6_1,2038,4,11.39434246455922,74.04788935093981,Zinguldak,Merkez,2.157976791817016e-4,2.1579535076643452e-5,30,Zonguldak,Merkez,aegypti,0,0,1,0,0
TUR.81.6_1,2038,5,16.84679802726297,70.19015592619368,Zinguldak,Merkez,3.0162809498132e-4,2.918938962481743e-5,31,Zonguldak,Merkez,aegypti,0,0,1,0.003309314044092175,0
TUR.81.6_1,2038,6,19.331127194797293,77.15286162512572,Zinguldak,Merkez,3.392624858127619e-4,3.3925673092571884e-5,30,Zonguldak,Merkez,aegypti,0,0,1,0.030359576458519937,0
TUR.81.6_1,2038,7,23.11535661360797,70.92249805005672,Zinguldak,Merkez,3.9840756194814344e-4,3.8554827254677626e-5,31,Zonguldak,Merkez,aegypti,4.621727633129958e-6,4.621727633129958e-6,0.9999953782723668,0.12511274277630094,1.8413311986265057e-9
TUR.81.6_1,2038,8,22.090283057268927,82.40272344829425,Zinguldak,Merkez,4.7308386625411554e-4,4.5781261643562665e-5,31,Zonguldak,Merkez,aegypti,1.67249660183999e-7,1.67249660183999e-7,0.9999998327503398,0.11198571386678588,7.912315247438073e-11
TUR.81.6_1,2038,9,20.77790568856632,75.34038656972966,Zinguldak,Merkez,3.770706864903782e-4,3.77063577464698e-5,30,Zonguldak,Merkez,aegypti,1.5150158905186117e-14,1.5150158905186117e-14,0.9999999999999849,0.061150269895838015,0
TUR.81.6_1,2038,10,15.226212501525879,75.24514245374458,Zinguldak,Merkez,3.715874247362791e-4,3.5959426805898254e-5,31,Zonguldak,Merkez,aegypti,0,0,1,1.054706612563684e-4,0
TUR.81.6_1,2038,11,12.326086738530327,76.02211400155576,Zinguldak,Merkez,2.1553913716577827e-4,2.1553681432640026e-5,30,Zonguldak,Merkez,aegypti,0,0,1,0,0
TUR.81.6_1,2038,12,5.657654127653907,85.50274998746855,Zinguldak,Merkez,1.772843245211219e-4,1.715640036159538e-5,31,Zonguldak,Merkez,aegypti,0,0,1,0,0
TUR.81.6_1,2039,1,5.305311006658217,76.5515569365918,Zinguldak,Merkez,1.8394396736506134e-4,1.7800870662498802e-5,31,Zonguldak,Merkez,aegypti,0,0,1,0,0
TUR.81.6_1,2039,2,3.965861617642291,81.99797282389562,Zinguldak,Merkez,1.375956542107673e-4,1.4742282854030009e-5,28,Zonguldak,Merkez,aegypti,0,0,1,0,0
TUR.81.6_1,2039,3,4.557674074874205,81.70029742335585,Zinguldak,Merkez,1.6891013886583445e-4,1.634600887345794e-5,31,Zonguldak,Merkez,aegypti,0,0,1,0,0
TUR.81.6_1,2039,4,10.635138553731583,76.67579615025622,Zinguldak,Merkez,2.2335259165872344e-4,2.233500973580771e-5,30,Zonguldak,Merkez,aegypti,0,0,1,0,0
TUR.81.6_1,2039,5,16.885299766764923,73.98798460051009,Zinguldak,Merkez,3.121878649790129e-4,3.02112724992476e-5,31,Zonguldak,Merkez,aegypti,0,0,1,0.003675541797237823,0
TUR.81.6_1,2039,6,20.480236081516043,77.34039977209838,Zinguldak,Merkez,3.5113980718513003e-4,3.5113364229899524e-5,30,Zonguldak,Merkez,aegypti,8.980594046192892e-16,8.980594046192892e-16,0.9999999999999991,0.05514954557103948,0
TUR.81.6_1,2039,7,24.292036224814023,64.73415118726375,Zinguldak,Merkez,4.1235550741315245e-4,3.990457547642379e-5,31,Zonguldak,Merkez,aegypti,3.045826606375657e-4,3.045826606375657e-4,0.9996954173393624,0.1466999975378963,1.2559632966979706e-7
TUR.81.6_1,2039,8,24.20737709718592,76.74275793315753,Zinguldak,Merkez,4.896461722872195e-4,4.7383990790406116e-5,31,Zonguldak,Merkez,aegypti,0.014617085559823969,0.014617085559823969,0.985382914440176,0.18158103032888154,7.157174381711151e-6
TUR.81.6_1,2039,9,19.652381167692297,78.86934775137028,Zinguldak,Merkez,3.9027164418782735e-4,3.9026402868902466e-5,30,Zonguldak,Merkez,aegypti,0,0,1,0.03745849428875464,0
TUR.81.6_1,2039,10,15.222813606262207,85.29348992688911,Zinguldak,Merkez,3.84596417613727e-4,3.7218315537490554e-5,31,Zonguldak,Merkez,aegypti,0,0,1,1.2425851156956584e-4,0
TUR.81.6_1,2039,11,10.363227584782768,81.38087864999326,Zinguldak,Merkez,2.2308499828363191e-4,2.230825099558409e-5,30,Zonguldak,Merkez,aegypti,0,0,1,0,0
TUR.81.6_1,2039,12,6.602924189146827,81.10088688932402,Zinguldak,Merkez,1.8349091376890182e-4,1.775702754558406e-5,31,Zonguldak,Merkez,aegypti,0,0,1,0,0
TUR.81.6_1,2040,1,5.663658422582289,73.63235222467773,Zinguldak,Merkez,1.681257054656124e-4,1.627009720173156e-5,31,Zonguldak,Merkez,aegypti,0,0,1,0,0
TUR.81.6_1,2040,2,0.03470677049721038,81.27952799967687,Zinguldak,Merkez,1.3025465545148815e-4,1.3474528747225989e-5,29,Zonguldak,Merkez,aegypti,0,0,1,0,0
TUR.81.6_1,2040,3,8.489582682357115,76.44775683497694,Zinguldak,Merkez,1.5438471108298474e-4,1.494034430316038e-5,31,Zonguldak,Merkez,aegypti,0,0,1,0,0
TUR.81.6_1,2040,4,9.419710201375626,80.2312618484984,Zinguldak,Merkez,2.0414538502189715e-4,2.041433012689442e-5,30,Zonguldak,Merkez,aegypti,0,0,1,0,0
TUR.81.6_1,2040,5,13.818104828105254,84.74808591886946,Zinguldak,Merkez,2.8534126880732556e-4,2.7613289920958017e-5,31,Zonguldak,Merkez,aegypti,0,0,1,0,0
TUR.81.6_1,2040,6,19.82770731869866,81.0552969278601,Zinguldak,Merkez,3.2094353865324117e-4,3.209383884705819e-5,30,Zonguldak,Merkez,aegypti,0,0,1,0.042570256560097004,0
TUR.81.6_1,2040,7,22.027342010946835,74.54275638135555,Zinguldak,Merkez,3.7689499459842035e-4,3.647304399700957e-5,31,Zonguldak,Merkez,aegypti,3.536744256182889e-9,3.536744256182889e-9,0.9999999964632558,0.09618538794840452,1.332933763364963e-12
TUR.81.6_1,2040,8,24.213104865130255,73.33746923686847,Zinguldak,Merkez,4.475390485676889e-4,4.330929263207661e-5,31,Zonguldak,Merkez,aegypti,0.005500988978565649,0.005500988978565649,0.9944990110214343,0.170239563749732,2.4619043431650667e-6
TUR.81.6_1,2040,9,21.623971209806555,76.54528158926091,Zinguldak,Merkez,3.5671023324228854e-4,3.5670387120823044e-5,30,Zonguldak,Merkez,aegypti,1.7631459864331234e-10,1.7631459864331234e-10,0.9999999998236854,0.0868691974286164,6.283862319378386e-14
TUR.81.6_1,2040,10,16.867892265319824,68.46033715589301,Zinguldak,Merkez,3.515230477905679e-4,3.4017780845774226e-5,31,Zonguldak,Merkez,aegypti,0,0,1,0.003330977359940481,0
TUR.81.6_1,2040,11,9.595114448491264,76.15961857919248,Zinguldak,Merkez,2.0390080333971617e-4,2.038987245767121e-5,30,Zonguldak,Merkez,aegypti,0,0,1,0,0
TUR.81.6_1,2040,12,6.516300043639014,81.08157689176542,Zinguldak,Merkez,1.677116122145036e-4,1.6230024312502422e-5,31,Zonguldak,Merkez,aegypti,0,0,1,0,0
TUR.81.6_1,2041,1,2.2098484460045307,86.28292595514648,Zinguldak,Merkez,1.7689433478799778e-4,1.7118660066484104e-5,31,Zonguldak,Merkez,aegypti,0,0,1,0,0
TUR.81.6_1,2041,2,0.014622389393694757,82.93097911051672,Zinguldak,Merkez,1.3232231570295148e-4,1.4177290469485904e-5,28,Zonguldak,Merkez,aegypti,0,0,1,0,0
TUR.81.6_1,2041,3,5.4837943560936875,79.0212813100746,Zinguldak,Merkez,1.6243667613366608e-4,1.5719554781967737e-5,31,Zonguldak,Merkez,aegypti,0,0,1,0,0
TUR.81.6_1,2041,4,11.23461059963002,73.0038448563109,Zinguldak,Merkez,2.1479262783450078e-4,2.1479032105697904e-5,30,Zonguldak,Merkez,aegypti,0,0,1,0,0
TUR.81.6_1,2041,5,17.79223831962137,67.5384759335179,Zinguldak,Merkez,3.002232989503147e-4,2.905344558079559e-5,31,Zonguldak,Merkez,aegypti,0,0,1,0.008638415124818598,0
TUR.81.6_1,2041,6,23.963939694797293,53.30412581579955,Zinguldak,Merkez,3.3768241220069253e-4,3.376767107943213e-5,30,Zonguldak,Merkez,aegypti,3.371894490895033e-7,3.371894490895033e-7,0.9999996628105509,0.10994817822180608,1.1386291909332158e-10
TUR.81.6_1,2041,7,24.355421234579648,64.10864764722469,Zinguldak,Merkez,3.965520273641324e-4,3.837526629879573e-5,31,Zonguldak,Merkez,aegypti,3.467770532187371e-4,3.467770532187371e-4,0.9996532229467813,0.14720157813936188,1.3751513405768634e-7
TUR.81.6_1,2041,8,25.77756752687342,62.38795675517902,Zinguldak,Merkez,4.708805358989391e-4,4.556804586430818e-5,31,Zonguldak,Merkez,aegypti,0.01717892788893817,0.01717892788893817,0.9828210721110618,0.18074614334132372,8.089190052795736e-6
TUR.81.6_1,2041,9,20.50258182076847,80.35875052236638,Zinguldak,Merkez,3.7531452579910404e-4,3.7530748283720605e-5,30,Zonguldak,Merkez,aegypti,3.642530721492676e-15,3.642530721492676e-15,0.9999999999999963,0.058194011798256166,0
TUR.81.6_1,2041,10,17.60387134552002,75.19400262220161,Zinguldak,Merkez,3.6985680166725336e-4,3.579195316250061e-5,31,Zonguldak,Merkez,aegypti,0,0,1,0.00822648701848681,0
TUR.81.6_1,2041,11,10.011393287602592,80.00778599862608,Zinguldak,Merkez,2.14535289946455e-4,2.14532988693783e-5,30,Zonguldak,Merkez,aegypti,0,0,1,0,0
TUR.81.6_1,2041,12,3.8869384141529304,85.34563023649198,Zinguldak,Merkez,1.7645864442171957e-4,1.7076497203505347e-05,31,Zonguldak,Merkez,aegypti,0,0,1,0,0
TUR.81.6_1,2042,1,4.971719068639418,78.56443535456054,Zinguldak,Merkez,1.9589888317781396e-4,1.8957776735661902e-5,31,Zonguldak,Merkez,aegypti,0,0,1,0,0
TUR.81.6_1,2042,2,6.6306732288178285,70.87272868327062,Zinguldak,Merkez,1.4653829302547618e-4,1.5700408142915734e-5,28,Zonguldak,Merkez,aegypti,0,0,1,0,0
TUR.81.6_1,2042,3,7.665470743880553,73.63912493800429,Zinguldak,Merkez,1.798879736868798e-4,1.7408362055326698e-5,31,Zonguldak,Merkez,aegypti,0,0,1,0,0
TUR.81.6_1,2042,4,13.636343044393204,67.97552835850817,Zinguldak,Merkez,2.3786875909867462e-4,2.3786593004393453e-5,30,Zonguldak,Merkez,aegypti,0,0,1,0,0
TUR.81.6_1,2042,5,15.94248207877664,77.51153654142806,Zinguldak,Merkez,3.324776287426707e-4,3.2174736776524604e-5,31,Zonguldak,Merkez,aegypti,0,0,1,8.718714297513501e-4,0
TUR.81.6_1,2042,6,20.599721936618582,78.83784392493041,Zinguldak,Merkez,3.7396114182054773e-4,3.739541495606513e-5,30,Zonguldak,Merkez,aegypti,7.193856621512395e-15,7.193856621512395e-15,0.9999999999999928,0.059671625199095225,0
TUR.81.6_1,2042,7,24.45251481673297,70.19923526319148,Zinguldak,Merkez,4.391553826505149e-4,4.24980049326118e-5,31,Zonguldak,Merkez,aegypti,0.004694206364328472,0.004694206364328472,0.9953057936356715,0.16906769840637648,2.061483867277225e-6
TUR.81.6_1,2042,8,26.776690146502325,63.243463652151675,Zinguldak,Merkez,5.214693348055796e-4,5.046350101067798e-5,31,Zonguldak,Merkez,aegypti,0.06835607094342418,0.06835607094342418,0.9316439290565758,0.20470903815337355,3.564495954810898e-5
TUR.81.6_1,2042,9,22.596383319181555,80.10739249013982,Zinguldak,Merkez,4.156362414464609e-4,4.1562760389135534e-05,30,Zonguldak,Merkez,aegypti,4.80229808707211e-6,4.80229808707211e-6,0.9999951977019129,0.12706470200651548,1.9960091357518195e-9
TUR.81.6_1,2042,10,16.77400493621826,74.78702782972114,Zinguldak,Merkez,4.095921696371318e-4,3.9637166327155526e-5,31,Zonguldak,Merkez,aegypti,0,0,1,0.0032415468949332097,0
TUR.81.6_1,2042,11,10.493549087468315,82.58891698007139,Zinguldak,Merkez,2.375837742520546e-4,2.3758095197168316e-5,30,Zonguldak,Merkez,aegypti,0,0,1,0,0
TUR.81.6_1,2042,12,6.781395754393409,82.3354297360037,Zinguldak,Merkez,1.9541638464970948e-4,1.8911084213812934e-5,31,Zonguldak,Merkez,aegypti,0,0,1,0,0
TUR.81.6_1,2043,1,4.706991476171156,82.17137657770508,Zinguldak,Merkez,1.8677658891890197e-4,1.8074990411731662e-5,31,Zonguldak,Merkez,aegypti,0,0,1,0,0
TUR.81.6_1,2043,2,5.066577254849323,79.06879649332922,Zinguldak,Merkez,1.3971454085551764e-4,1.4969303050560434e-5,28,Zonguldak,Merkez,aegypti,0,0,1,0,0
TUR.81.6_1,2043,3,6.7588187701561875,84.34792620753554,Zinguldak,Merkez,1.7151124890421915e-4,1.6597725053468793e-5,31,Zonguldak,Merkez,aegypti,0,0,1,0,0
TUR.81.6_1,2043,4,11.015975040547989,79.60502588658434,Zinguldak,Merkez,2.2679208127233513e-4,2.2678950955978827e-5,30,Zonguldak,Merkez,aegypti,0,0,1,0,0
TUR.81.6_1,2043,5,12.970989311442656,77.2391824154515,Zinguldak,Merkez,3.1699536200027696e-4,3.067649998267363e-5,31,Zonguldak,Merkez,aegypti,0,0,1,0,0
TUR.81.6_1,2043,6,20.63667300168206,74.27427580969604,Zinguldak,Merkez,3.565471396488799e-4,3.5654078343161366e-5,30,Zonguldak,Merkez,aegypti,1.4464540676328851e-15,1.4464540676328851e-15,0.9999999999999986,0.05652045897449513,0
TUR.81.6_1,2043,7,25.35563867232379,55.39436847242,Zinguldak,Merkez,4.1870552320804515e-4,4.051906842306163e-5,31,Zonguldak,Merkez,aegypti,4.623881621073419e-4,4.623881621073419e-4,0.9995376118378927,0.14586117796276696,1.9360445857596886e-7
TUR.81.6_1,2043,8,24.863489768084357,68.69976248027668,Zinguldak,Merkez,4.971864157713871e-4,4.811365693035974e-5,31,Zonguldak,Merkez,aegypti,0.011952393575571492,0.011952393575571492,0.9880476064244285,0.17754865998094402,5.942550064697016e-6
TUR.81.6_1,2043,9,21.21412395028507,74.25269430898747,Zinguldak,Merkez,3.962815823609301e-4,3.962737305096553e-5,30,Zonguldak,Merkez,aegypti,1.1611543393463819e-12,1.1611543393463819e-12,0.9999999999988388,0.07159997574224665,4.440892098500626e-16
TUR.81.6_1,2043,10,15.106546401977539,83.72653436048286,Zinguldak,Merkez,3.9051896086245684e-4,3.7791443388224266e-5,31,Zonguldak,Merkez,aegypti,0,0,1,7.0169907493722e-5,0
TUR.81.6_1,2043,11,12.124029853764702,77.8894083130792,Zinguldak,Merkez,2.265203671273548e-4,2.2651780157256773e-5,30,Zonguldak,Merkez,aegypti,0,0,1,0,0
TUR.81.6_1,2043,12,8.83247884231455,78.0264926632498,Zinguldak,Merkez,1.8631655858194517e-4,1.8030472150543098e-5,31,Zonguldak,Merkez,aegypti,0,0,1,0,0
TUR.81.6_1,2044,1,6.292524618261,80.94023644098633,Zinguldak,Merkez,2.042083133968241e-4,1.9761899575976294e-5,31,Zonguldak,Merkez,aegypti,0,0,1,0,0
TUR.81.6_1,2044,2,4.751098453122028,84.70575938395422,Zinguldak,Merkez,1.5820949823329238e-4,1.636636588675522e-5,29,Zonguldak,Merkez,aegypti,0,0,1,0,0
TUR.81.6_1,2044,3,11.149539614424986,72.92292315577772,Zinguldak,Merkez,1.8751827019670465e-4,1.814676471934007e-5,31,Zonguldak,Merkez,aegypti,0,0,1,0,0
TUR.81.6_1,2044,4,11.570233387105606,72.48283350377184,Zinguldak,Merkez,2.4795842282186644e-4,2.4795534867783076e-5,30,Zonguldak,Merkez,aegypti,0,0,1,0,0
TUR.81.6_1,2044,5,16.952371681437775,74.9482659725804,Zinguldak,Merkez,3.465803107518965e-4,3.353946761219806e-5,31,Zonguldak,Merkez,aegypti,0,0,1,0.004086761845575593,0
TUR.81.6_1,2044,6,21.361360577976004,68.73223784582885,Zinguldak,Merkez,3.8982342731279666e-4,3.898158292958698e-5,30,Zonguldak,Merkez,aegypti,5.257319024565277e-13,5.257319024565277e-13,0.9999999999994743,0.0686987507925155,2.220446049250313e-16
TUR.81.6_1,2044,7,25.090627838583554,68.37952548535945,Zinguldak,Merkez,4.5778300802663764e-4,4.430060012139414e-5,31,Zonguldak,Merkez,aegypti,0.019646234366851218,0.019646234366851218,0.9803537656331488,0.18362121501785256,8.993671821500016e-6
TUR.81.6_1,2044,8,23.723433157976935,79.79292883159503,Zinguldak,Merkez,5.435884657502289e-4,5.260395175876731e-5,31,Zonguldak,Merkez,aegypti,0.005235149824871734,0.005235149824871734,0.9947648501751283,0.17136140780674397,2.8457630121270228e-6
TUR.81.6_1,2044,9,20.987067446989172,84.24131888174138,Zinguldak,Merkez,4.3326625693591197e-4,4.332568710885276e-5,30,Zonguldak,Merkez,aegypti,5.133028224690861e-12,5.133028224690861e-12,0.999999999994867,0.07658290372518792,2.220446049250313e-15
TUR.81.6_1,2044,10,17.44446849822998,75.60727166517036,Zinguldak,Merkez,4.269658141247497e-4,4.131841870524955e-5,31,Zonguldak,Merkez,aegypti,0,0,1,0.0070809078421389445,0
TUR.81.6_1,2044,11,13.550887802067924,77.30295964364561,Zinguldak,Merkez,2.4766134979149545e-4,2.476582830091001e-5,30,Zonguldak,Merkez,aegypti,0,0,1,0,0
TUR.81.6_1,2044,12,10.047584852751562,77.43385655485136,Zinguldak,Merkez,2.0370534875995463e-4,1.971322653948615e-5,31,Zonguldak,Merkez,aegypti,0,0,1,0,0
TUR.81.6_1,2045,1,6.4913714352776015,83.89231621393554,Zinguldak,Merkez,2.0127518606554985e-4,1.947805411306458e-5,31,Zonguldak,Merkez,aegypti,0,0,1,0,0
TUR.81.6_1,2045,2,4.299541770535358,80.35964427164953,Zinguldak,Merkez,1.5055993028637705e-4,1.613129099142796e-5,28,Zonguldak,Merkez,aegypti,0,0,1,0,0
TUR.81.6_1,2045,3,8.9147659785607285,74.70549304103163,Zinguldak,Merkez,1.8482486876618396e-4,1.788611766406767e-5,31,Zonguldak,Merkez,aegypti,0,0,1,0,0
TUR.81.6_1,2045,4,11.125538868062637,79.2385097733031,Zinguldak,Merkez,2.443968948169552e-4,2.4439390834962715e-5,30,Zonguldak,Merkez,aegypti,0,0,1,0,0
TUR.81.6_1,2045,5,16.853109443888947,75.03586668058821,Zinguldak,Merkez,3.4160223632858695e-4,3.30577345161176e-5,31,Zonguldak,Merkez,aegypti,0,0,1,0.003569765753380499,0
TUR.81.6_1,2045,6,21.885841397678153,76.56010344641479,Zinguldak,Merkez,3.842242343612331e-4,3.842168530421297e-5,30,Zonguldak,Merkez,aegypti,2.5080123830512056e-9,2.5080123830512056e-9,0.9999999974919876,0.09524276136188409,9.636735853746359e-13
TUR.81.6_1,2045,7,23.364471603842343,68.72846728833797,Zinguldak,Merkez,4.512076838867892e-4,4.3664306417445786e-5,31,Zonguldak,Merkez,aegypti,9.368086462614277e-6,9.368086462614277e-6,0.9999906319135374,0.12850850109256656,4.226952565744568e-9
TUR.81.6_1,2045,8,26.266674658831427,69.0160657334505,Zinguldak,Merkez,5.357806828087033e-4,5.184839932292906e-5,31,Zonguldak,Merkez,aegypti,0.10853845898955404,0.10853845898955404,0.891461541010446,0.22014493482730965,5.8151118826565984e-5
TUR.81.6_1,2045,9,23.18579600839054,62.764611423245285,Zinguldak,Merkez,4.270430768958902e-4,4.270339587364447e-5,30,Zonguldak,Merkez,aegypti,2.1946817061901935e-7,2.1946817061901935e-7,0.9999997805318294,0.10997186937414943,9.372236320359661e-11
TUR.81.6_1,2045,10,14.487485885620117,81.19618462903755,Zinguldak,Merkez,4.2083312991568185e-4,4.072495748241867e-5,31,Zonguldak,Merkez,aegypti,0,0,1,0,0
TUR.81.6_1,2045,11,10.224694946232963,76.14883824471983,Zinguldak,Merkez,2.4410408876773823e-4,2.4410110945116692e-5,30,Zonguldak,Merkez,aegypti,0,0,1,0,0
TUR.81.6_1,2045,12,9.767674765166113,79.69413334928495,Zinguldak,Merkez,2.0077944571499136e-4,1.943008017368797e-5,31,Zonguldak,Merkez,aegypti,0,0,1,0,0
TUR.81.6_1,2046,1,6.761406702153822,82.57365929254883,Zinguldak,Merkez,1.8171801756668052e-4,1.7585459977209617e-5,31,Zonguldak,Merkez,aegypti,0,0,1,0,0
TUR.81.6_1,2046,2,5.141919910031207,80.41592631510656,Zinguldak,Merkez,1.3593057639856224e-4,1.4563884274010341e-5,28,Zonguldak,Merkez,aegypti,0,0,1,0,0
TUR.81.6_1,2046,3,4.513392592177672,79.96998126124647,Zinguldak,Merkez,1.668661170099467e-4,1.6148203520582882e-5,31,Zonguldak,Merkez,aegypti,0,0,1,0,0
TUR.81.6_1,2046,4,14.012926143758438,79.2852627029906,Zinguldak,Merkez,2.2064974870338004e-4,2.20647314406186e-5,30,Zonguldak,Merkez,aegypti,0,0,1,0,0
TUR.81.6_1,2046,5,14.49740609000711,79.46067136808821,Zinguldak,Merkez,3.084100052043141e-4,2.9845684144658158e-5,31,Zonguldak,Merkez,aegypti,0,0,1,0,0
TUR.81.6_1,2046,6,19.55976298276116,84.78958037512572,Zinguldak,Merkez,3.4689058067227576e-4,3.468845640886009e-5,30,Zonguldak,Merkez,aegypti,0,0,1,0.03903163849123178,0
TUR.81.6_1,2046,7,21.96380059859332,80.9601529267657,Zinguldak,Merkez,4.073654951189962e-4,3.9421690214314076e-5,31,Zonguldak,Merkez,aegypti,2.8323856719802977e-8,2.8323856719802977e-8,0.9999999716761433,0.10483489837270406,1.1538214828021864e-11
TUR.81.6_1,2046,8,24.71929421144373,65.84781851055011,Zinguldak,Merkez,4.8372084723256545e-4,4.681059924316333e-5,31,Zonguldak,Merkez,aegypti,0.0029542044996902377,0.0029542044996902377,0.9970457955003098,0.16303758465999005,1.4290092824609246e-6
TUR.81.6_1,2046,9,21.17225955514347,75.47599905752263,Zinguldak,Merkez,3.855488739870001e-4,3.855414416853442e-5,30,Zonguldak,Merkez,aegypti,1.1652482312385359e-12,1.1652482312385359e-12,0.9999999999988347,0.0716286223906942,4.440892098500626e-16
TUR.81.6_1,2046,10,14.00725269317627,83.40181969983833,Zinguldak,Merkez,3.7994232468255604e-4,3.676793610896123e-5,31,Zonguldak,Merkez,aegypti,0,0,1,0,0
TUR.81.6_1,2046,11,12.206143119755913,71.68980809335264,Zinguldak,Merkez,2.2038539353951047e-4,2.2038296507154165e-5,30,Zonguldak,Merkez,aegypti,0,0,1,0,0
TUR.81.6_1,2046,12,5.477879843291114,79.32233006559355,Zinguldak,Merkez,1.8127044648008885e-4,1.7542147407012543e-5,31,Zonguldak,Merkez,aegypti,0,0,1,0,0
TUR.81.6_1,2047,1,6.308532518499037,80.81790672907226,Zinguldak,Merkez,1.8506296514225024e-4,1.790915883637112e-5,31,Zonguldak,Merkez,aegypti,0,0,1,0,0
TUR.81.6_1,2047,2,2.9040434947785214,82.11446604899328,Zinguldak,Merkez,1.3843269841188062e-4,1.4831964835204658e-5,28,Zonguldak,Merkez,aegypti,0,0,1,0,0
TUR.81.6_1,2047,3,7.896369600997252,79.26478106593397,Zinguldak,Merkez,1.6993768041907503e-4,1.6445446748170056e-5,31,Zonguldak,Merkez,aegypti,0,0,1,0,0
TUR.81.6_1,2047,4,10.843926471822403,77.56233179478747,Zinguldak,Merkez,2.2471132637112346e-4,2.247088016305021e-5,30,Zonguldak,Merkez,aegypti,0,0,1,0,0
TUR.81.6_1,2047,5,16.942152107463166,73.39025205656478,Zinguldak,Merkez,3.1408701683477094e-4,3.039505581914348e-5,31,Zonguldak,Merkez,aegypti,0,0,1,0.003925008177052927,0
TUR.81.6_1,2047,6,20.795030621921317,71.48841765539916,Zinguldak,Merkez,3.532759178135525e-4,3.5326967769311324e-5,30,Zonguldak,Merkez,aegypti,3.191058528528856e-15,3.191058528528856e-15,0.9999999999999968,0.05756065575024258,0
TUR.81.6_1,2047,7,23.14451234480914,77.05834323438289,Zinguldak,Merkez,4.14864015318123e-4,4.0147324589234756e-5,31,Zonguldak,Merkez,aegypti,7.17768364581306e-5,7.17768364581306e-5,0.9999282231635419,0.14055255823606136,2.977762614264634e-8
TUR.81.6_1,2047,8,22.45235314088709,79.39089788677082,Zinguldak,Merkez,4.926248673009626e-4,4.767223789770014e-5,31,Zonguldak,Merkez,aegypti,1.04667212813081e-6,1.04667212813081e-6,0.9999989533278719,0.11962103607006222,5.156167715014703e-10
TUR.81.6_1,2047,9,21.332238421720618,68.48544043325505,Zinguldak,Merkez,3.9264580795411876e-4,3.9263809951894935e-5,30,Zonguldak,Merkez,aegypti,3.9888287117761935e-13,3.9888287117761935e-13,0.9999999999996011,0.06827684665396228,1.1102230246251565e-16
TUR.81.6_1,2047,10,12.159482955932617,87.1172661720063,Zinguldak,Merkez,3.869360569212257e-4,3.744472379219044e-5,31,Zonguldak,Merkez,aegypti,0,0,1,0,0
TUR.81.6_1,2047,11,11.418191650334526,81.39985295419248,Zinguldak,Merkez,2.2444210512861007e-4,2.2443958643481032e-5,30,Zonguldak,Merkez,aegypti,0,0,1,0,0
TUR.81.6_1,2047,12,10.006904921110937,78.42665440641386,Zinguldak,Merkez,1.846071554569712e-4,1.7865049010690193e-5,31,Zonguldak,Merkez,aegypti,0,0,1,0,0
TUR.81.6_1,2048,1,6.810819429509779,78.87747704157226,Zinguldak,Merkez,2.0200535758852086e-4,1.9548714494499464e-5,31,Zonguldak,Merkez,aegypti,0,0,1,0,0
TUR.81.6_1,2048,2,7.1072590938385805,76.25580058268469,Zinguldak,Merkez,1.5650276784967424e-4,1.618981044526624e-5,29,Zonguldak,Merkez,aegypti,0,0,1,0,0
TUR.81.6_1,2048,3,8.002864504561705,78.872332640641,Zinguldak,Merkez,1.854953630210792e-4,1.7951003042138147e-5,31,Zonguldak,Merkez,aegypti,0,0,1,0,0
TUR.81.6_1,2048,4,10.652806324117325,80.15544855504137,Zinguldak,Merkez,2.45283500147628e-4,2.452804919728102e-5,30,Zonguldak,Merkez,aegypti,0,0,1,0,0
TUR.81.6_1,2048,5,15.99681958030252,82.47767728849837,Zinguldak,Merkez,3.428414761475933e-4,3.3177656978522485e-5,31,Zonguldak,Merkez,aegypti,0,0,1,0.0010589372067693584,0
TUR.81.6_1,2048,6,22.374034909641043,69.92973235266479,Zinguldak,Merkez,3.856180951736362e-4,3.8561066020292856e-5,30,Zonguldak,Merkez,aegypti,1.0927066541210895e-8,1.0927066541210895e-8,0.9999999890729334,0.09942253927718994,4.213629445359857e-12
TUR.81.6_1,2048,7,23.122190643759335,78.55787021192195,Zinguldak,Merkez,4.528445423995546e-4,4.382270515068676e-5,31,Zonguldak,Merkez,aegypti,1.0722713580896631e-4,1.0722713580896631e-4,0.999892772864191,0.14324469496592224,4.855722202101731e-8
TUR.81.6_1,2048,8,23.669167182024786,81.88163580180988,Zinguldak,Merkez,5.377243491134879e-4,5.2036486291817674e-5,31,Zonguldak,Merkez,aegypti,0.008062575880826355,0.008062575880826355,0.9919374241191736,0.1758427712572398,4.335433969715474e-6
TUR.81.6_1,2048,9,21.56563113717472,70.30608481191716,Zinguldak,Merkez,4.285922727998987e-4,4.285830883643538e-5,30,Zonguldak,Merkez,aegypti,7.824629055797061e-12,7.824629055797061e-12,0.9999999999921754,0.07646052293301726,3.3306690738754696e-15
TUR.81.6_1,2048,10,15.497873306274414,86.02611016614692,Zinguldak,Merkez,4.2235979782439826e-4,4.087269351038536e-5,31,Zonguldak,Merkez,aegypti,0,0,1,3.3553271966675483e-4,0
TUR.81.6_1,2048,11,12.643666961613823,78.8897745240167,Zinguldak,Merkez,2.4498963187786083e-4,2.4498663090621875e-5,30,Zonguldak,Merkez,aegypti,0,0,1,0,0
TUR.81.6_1,2048,12,7.14268382507212,83.72863347135527,Zinguldak,Merkez,2.0150781882707108e-4,1.9500566522112628e-5,31,Zonguldak,Merkez,aegypti,0,0,1,0,0
TUR.81.6_1,2049,1,7.523986143224379,81.36558281549804,Zinguldak,Merkez,1.868349602359208e-4,1.808063914676694e-5,31,Zonguldak,Merkez,aegypti,0,0,1,0,0
TUR.81.6_1,2049,2,5.36258250387276,81.39421305827062,Zinguldak,Merkez,1.3975820436711522e-4,1.497398121386162e-5,28,Zonguldak,Merkez,aegypti,0,0,1,0,0
TUR.81.6_1,2049,3,6.666046286330504,84.96612078761366,Zinguldak,Merkez,1.7156484950555807e-4,1.6602912122243296e-5,31,Zonguldak,Merkez,aegypti,0,0,1,0,0
TUR.81.6_1,2049,4,8.705888790242813,82.68398249058825,Zinguldak,Merkez,2.2686295820905367e-4,2.268603848887274e-5,30,Zonguldak,Merkez,aegypti,0,0,1,0,0
TUR.81.6_1,2049,5,16.267151916728302,86.80524534269759,Zinguldak,Merkez,3.170944292167623e-4,3.068608683853835e-5,31,Zonguldak,Merkez,aegypti,0,0,1,0.0018639270990754618,0
TUR.81.6_1,2049,6,20.46138003293206,78.76953795569213,Zinguldak,Merkez,3.5665856756519996e-4,3.566522073739087e-5,30,Zonguldak,Merkez,aegypti,1.1396994459289544e-15,1.1396994459289544e-15,0.9999999999999989,0.05584908354564284,0
TUR.81.6_1,2049,7,25.17530839583453,61.82643634351375,Zinguldak,Merkez,4.188363768282669e-4,4.053173116347342e-5,31,Zonguldak,Merkez,aegypti,0.00349187456198429,0.00349187456198429,0.9965081254380157,0.16351384973103344,1.4625230203568762e-6
TUR.81.6_1,2049,8,26.027063986834357,61.3244153428255,Zinguldak,Merkez,4.973417961970627e-4,4.812869302217582e-5,31,Zonguldak,Merkez,aegypti,0.020218406087765123,0.020218406087765123,0.9797815939122348,0.18194207202414928,1.0055407843934105e-5
TUR.81.6_1,2049,9,20.64420436410343,74.46086233877263,Zinguldak,Merkez,3.9640542806347026e-4,3.963975713039414e-5,30,Zonguldak,Merkez,aegypti,2.026823153755686e-15,2.026823153755686e-15,0.999999999999998,0.05649826526371261,0
TUR.81.6_1,2049,10,13.776092529296875,81.72828912122505,Zinguldak,Merkez,3.9064100563369024e-4,3.780325372615412e-5,31,Zonguldak,Merkez,aegypti,0,0,1,0,0
TUR.81.6_1,2049,11,9.816973426762749,85.62587376718076,Zinguldak,Merkez,2.2659115914811791e-4,2.265885919894295e-5,30,Zonguldak,Merkez,aegypti,0,0,1,0,0
TUR.81.6_1,2049,12,7.519205412443946,81.47369725309355,Zinguldak,Merkez,1.8637478613053567e-4,1.803610697304059e-5,31,Zonguldak,Merkez,aegypti,0,0,1,0,0
TUR.81.6_1,2050,1,8.970911306493422,77.01557671198242,Zinguldak,Merkez,1.902817985388467e-4,1.841419805714839e-5,31,Zonguldak,Merkez,aegypti,0,0,1,0,0
TUR.81.6_1,2050,2,6.727222262936481,82.53479991129797,Zinguldak,Merkez,1.423365437279738e-4,1.525022768500417e-5,28,Zonguldak,Merkez,aegypti,0,0,1,0,0
TUR.81.6_1,2050,3,7.80843701432733,74.91314227198866,Zinguldak,Merkez,1.747299760641248e-4,1.690920955998987e-5,31,Zonguldak,Merkez,aegypti,0,0,1,0,0
TUR.81.6_1,2050,4,12.044712108724259,77.31501734166247,Zinguldak,Merkez,2.3104825593321963e-4,2.3104558678932463e-5,30,Zonguldak,Merkez,aegypti,0,0,1,0,0
TUR.81.6_1,2050,5,14.907270515666289,83.321640911545245,Zinguldak,Merkez,3.229443687724463e-4,3.125219248900635e-5,31,Zonguldak,Merkez,aegypti,0,0,1,1.774585136090561e-5,0
TUR.81.6_1,2050,6,20.59571841183831,81.86812499182494,Zinguldak,Merkez,3.632384089942242e-4,3.632318119672906e-5,30,Zonguldak,Merkez,aegypti,2.0521417898322624e-14,2.0521417898322624e-14,0.9999999999999795,0.06233996477620723,0
TUR.81.6_1,2050,7,23.850029159994687,74.97611362012508,Zinguldak,Merkez,4.265633100772019e-4,4.127946830934093e-5,31,Zonguldak,Merkez,aegypti,0.0019604520496748898,0.0019604520496748898,0.9980395479503251,0.16179535957945676,8.362565658837084e-7
TUR.81.6_1,2050,8,26.038790366228888,69.9064694810091,Zinguldak,Merkez,5.065170423641256e-4,4.901657694167394e-5,31,Zonguldak,Merkez,aegypti,0.10358424990655592,0.10358424990655592,0.8964157500934441,0.2188108556543366,5.2465811519297745e-5
TUR.81.6_1,2050,9,21.133269534391516,73.86765402578435,Zinguldak,Merkez,4.03718542328657e-4,4.037103930054631e-5,30,Zonguldak,Merkez,aegypti,3.9848940813769216e-13,3.9848940813769216e-13,0.9999999999996015,0.06850706677397182,1.1102230246251565e-16
TUR.81.6_1,2050,10,15.076292991638184,80.81908654554145,Zinguldak,Merkez,3.978477745339617e-4,3.850065636623601e-5,31,Zonguldak,Merkez,aegypti,0,0,1,5.662992327121103e-5,0
TUR.81.6_1,2050,11,10.831207969609428,79.54843541268858,Zinguldak,Merkez,2.3077144256761228e-4,2.3076877981531574e-5,30,Zonguldak,Merkez,aegypti,0,0,1,0,0
TUR.81.6_1,2050,12,5.932724794920753,73.1530795773123,Zinguldak,Merkez,1.898131348781318e-4,1.8368844343474855e-5,31,Zonguldak,Merkez,aegypti,0,0,1,0,0
TUR.81.6_1,2051,1,6.338232797734877,76.53803002008789,Zinguldak,Merkez,1.859054942133435e-4,1.7990692444236345e-5,31,Zonguldak,Merkez,aegypti,0,0,1,0,0
TUR.81.6_1,2051,2,2.3756065955933408,85.44244609049719,Zinguldak,Merkez,1.3906293565417403e-4,1.4899489250153053e-5,28,Zonguldak,Merkez,aegypti,0,0,1,0,0
TUR.81.6_1,2051,3,8.472739840255064,78.53184039210585,Zinguldak,Merkez,1.707113491859035e-4,1.652031668508691e-5,31,Zonguldak,Merkez,aegypti,0,0,1,0,0
TUR.81.6_1,2051,4,13.444758457296036,73.13886988072497,Zinguldak,Merkez,2.2573436101733737e-4,2.2573181323592983e-5,30,Zonguldak,Merkez,aegypti,0,0,1,0,0
TUR.81.6_1,2051,5,15.411556328044218,80.83326047941634,Zinguldak,Merkez,3.155169487627115e-4,3.053343211267823e-5,31,Zonguldak,Merkez,aegypti,0,0,1,2.3386209980641093e-4,0
TUR.81.6_1,2051,6,21.81872179928948,63.46159651892455,Zinguldak,Merkez,3.548842635495364e-4,3.548779664819257e-5,30,Zonguldak,Merkez,aegypti,5.394784341472558e-12,5.394784341472558e-12,0.9999999999946052,0.0744037890187284,1.887379141862766e-15
TUR.81.6_1,2051,7,25.118177582235898,66.4589322236407,Zinguldak,Merkez,4.1675275082599366e-4,4.033009809001342e-5,31,Zonguldak,Merkez,aegypti,0.01209691891544713,0.01209691891544713,0.9879030810845528,0.1776992921150084,5.041411526574002e-6
TUR.81.6_1,2051,8,24.70322098451502,73.8351575303255,Zinguldak,Merkez,4.948676216604074e-4,4.788926827181683e-5,31,Zonguldak,Merkez,aegypti,0.026791162127369306,0.026791162127369306,0.9732088378726307,0.1889705171858155,1.325799079554546e-5
TUR.81.6_1,2051,9,21.847235904020422,80.08244437002263,Zinguldak,Merkez,3.9443339148056863e-4,3.944256126975354e-5,30,Zonguldak,Merkez,aegypti,7.561287520940763e-9,7.561287520940763e-9,0.9999999924387125,0.099627420032983,2.982392111050558e-12
TUR.81.6_1,2051,10,13.038206100463867,83.30609368665473,Zinguldak,Merkez,3.886976458829056e-4,3.7615193745343944e-5,31,Zonguldak,Merkez,aegypti,0,0,1,0,0
TUR.81.6_1,2051,11,10.227763870183159,85.20549412850889,Zinguldak,Merkez,2.2546391410158787e-4,2.2546137242174247e-5,30,Zonguldak,Merkez,aegypti,0,0,1,0,0
TUR.81.6_1,2051,12,4.586473307188819,83.34493596158964,Zinguldak,Merkez,1.8544760938077375e-4,1.794638180507846e-5,31,Zonguldak,Merkez,aegypti,0,0,1,0,0
TUR.81.6_1,2052,1,4.2078583661247695,80.5959447539746,Zinguldak,Merkez,1.8706282831593802e-4,1.810269049751234e-5,31,Zonguldak,Merkez,aegypti,0,0,1,0,0
TUR.81.6_1,2052,2,6.349562942105182,76.97404704264562,Zinguldak,Merkez,1.4492610860780626e-4,1.4992243678069173e-5,29,Zonguldak,Merkez,aegypti,0,0,1,0,0
TUR.81.6_1,2052,3,5.367653513655943,84.06517321681288,Zinguldak,Merkez,1.7177409381832434e-4,1.6623161235518324e-5,31,Zonguldak,Merkez,aegypti,0,0,1,0,0
TUR.81.6_1,2052,4,12.417714161031387,76.36721002965075,Zinguldak,Merkez,2.2713964532718644e-4,2.2713706572585757e-5,30,Zonguldak,Merkez,aegypti,0,0,1,0,0
TUR.81.6_1,2052,5,17.682285392985627,76.44542783781478,Zinguldak,Merkez,3.174811646472114e-4,3.0723511698749206e-5,31,Zonguldak,Merkez,aegypti,0,0,1,0.00900735381402122,0
TUR.81.6_1,2052,6,20.815732983981864,72.46861174719604,Zinguldak,Merkez,3.5709355630023196e-4,3.5708718058580224e-5,30,Zonguldak,Merkez,aegypti,5.738909347741128e-15,5.738909347741128e-15,0.9999999999999942,0.0592886124463191,0
TUR.81.6_1,2052,7,25.28136079451617,60.37294131787898,Zinguldak,Merkez,4.193471990047414e-4,4.058116356275843e-5,31,Zonguldak,Merkez,aegypti,0.002584122117472361,0.002584122117472361,0.9974158778825276,0.1599644717241259,1.0836437847050462e-6
TUR.81.6_1,2052,8,25.815365454729864,73.48715032817707,Zinguldak,Merkez,4.979483653320287e-4,4.81873904341068e-5,31,Zonguldak,Merkez,aegypti,0.13094445423858608,0.13094445423858608,0.869055545761414,0.22805287401728366,6.52014512303456e-5
TUR.81.6_1,2052,9,20.066104159635657,72.86925619863591,Zinguldak,Merkez,3.9688889295508994e-4,3.968810170196235e-5,30,Zonguldak,Merkez,aegypti,0,0,1,0.04228635479567214,0
TUR.81.6_1,2052,10,17.70390224456787,63.00991677625434,Zinguldak,Merkez,3.9111744010728847e-4,3.7849358544006506e-5,31,Zonguldak,Merkez,aegypti,0,0,1,0.007402932398020501,0
TUR.81.6_1,2052,11,11.46401188654058,79.65226384286436,Zinguldak,Merkez,2.2686751477406054e-4,2.2686494135060187e-5,30,Zonguldak,Merkez,aegypti,0,0,1,0,0
TUR.81.6_1,2052,12,7.533686956938575,82.35274083219511,Zinguldak,Merkez,1.866020929719617e-4,1.8058104012230736e-5,31,Zonguldak,Merkez,aegypti,0,0,1,0,0
TUR.81.6_1,2053,1,7.967160982244154,79.92995964655273,Zinguldak,Merkez,2.0965711189245535e-4,2.0289192096623054e-5,31,Zonguldak,Merkez,aegypti,0,0,1,0,0
TUR.81.6_1,2053,2,9.050679980831989,74.27079997233312,Zinguldak,Merkez,1.5682986446372506e-4,1.6803058590975084e-5,28,Zonguldak,Merkez,aegypti,0,0,1,0,0
TUR.81.6_1,2053,3,7.201411867842955,79.35810381984022,Zinguldak,Merkez,1.925217357831702e-4,1.8630962162369258e-5,31,Zonguldak,Merkez,aegypti,0,0,1,0,0
TUR.81.6_1,2053,4,12.685808223836563,76.67063105015856,Zinguldak,Merkez,2.5457458579181087e-4,2.545713454082943e-5,30,Zonguldak,Merkez,aegypti,0,0,1,0,0
TUR.81.6_1,2053,5,14.617677772746367,70.82888883634993,Zinguldak,Merkez,3.558279571597616e-4,3.4434370719593765e-5,31,Zonguldak,Merkez,aegypti,0,0,1,0,0
TUR.81.6_1,2053,6,23.485189465915457,56.116065055301505,Zinguldak,Merkez,4.0022491033261975e-4,4.002169014405421e-5,30,Zonguldak,Merkez,aegypti,7.395880661109633e-8,7.395880661109633e-8,0.9999999260411934,0.10405336868807002,2.960021117104361e-11
TUR.81.6_1,2053,7,25.32053201338824,69.29874164136531,Zinguldak,Merkez,4.69997825944525e-4,4.548262620929222e-5,31,Zonguldak,Merkez,aegypti,0.038579069824433224,0.038579069824433224,0.9614209301755667,0.19428521399993717,1.8131914559349482e-5
TUR.81.6_1,2053,8,24.71807350831873,70.55855001689777,Zinguldak,Merkez,5.58092792068554e-4,5.4007521418930615e-5,31,Zonguldak,Merkez,aegypti,0.012917015617908102,0.012917015617908102,0.9870829843820919,0.17892009739762738,7.208867327412882e-6
TUR.81.6_1,2053,9,21.360652194303626,75.26488608144841,Zinguldak,Merkez,4.4482690542142506e-4,4.448170120197048e-5,30,Zonguldak,Merkez,aegypti,7.43858719065571e-12,7.43858719065571e-12,0.9999999999925614,0.07681955128489448,3.3306690738754696e-15
TUR.81.6_1,2053,10,15.366390228271484,79.22377251966255,Zinguldak,Merkez,0.00043835835073107317,4.2420876086413095e-5,31,Zonguldak,Merkez,aegypti,0,0,1,1.9665861651315463e-4,0
TUR.81.6_1,2053,11,14.579065063420463,74.21656437997373,Zinguldak,Merkez,2.542695860955072e-4,2.5426635347214344e-5,30,Zonguldak,Merkez,aegypti,0,0,1,0,0
TUR.81.6_1,2053,12,9.265638670500586,79.01097447477323,Zinguldak,Merkez,2.0914072687660548e-4,2.023922036586967e-5,31,Zonguldak,Merkez,aegypti,0,0,1,0,0
TUR.81.6_1,2054,1,6.695215028875014,82.07139336237304,Zinguldak,Merkez,1.9312651596093506e-4,1.868948818428695e-5,31,Zonguldak,Merkez,aegypti,0,0,1,0,0
TUR.81.6_1,2054,2,5.388614474850543,80.60338053873937,Zinguldak,Merkez,1.4446447844822583e-4,1.5478217187725463e-5,28,Zonguldak,Merkez,aegypti,0,0,1,0,0
TUR.81.6_1,2054,3,8.96948781083612,77.23907000636366,Zinguldak,Merkez,1.7734219336965564e-4,1.7162000476633743e-5,31,Zonguldak,Merkez,aegypti,0,0,1,0,0
TUR.81.6_1,2054,4,10.26351742183461,78.63780939488512,Zinguldak,Merkez,2.3450243286471522e-4,2.344996833170132e-5,30,Zonguldak,Merkez,aegypti,0,0,1,0,0
TUR.81.6_1,2054,5,16.21086224387674,79.25264066740462,Zinguldak,Merkez,3.277723947805396e-4,3.171940610136037e-5,31,Zonguldak,Merkez,aegypti,0,0,1,0.001482558429071396,0
TUR.81.6_1,2054,6,21.676403073703543,77.76868346350463,Zinguldak,Merkez,3.6866883186373783e-4,3.686620361120774e-5,30,Zonguldak,Merkez,aegypti,5.685687058387678e-10,5.685687058387678e-10,0.9999999994314313,0.09029255071303234,2.0961010704922955e-13
TUR.81.6_1,2054,7,23.984310318441953,76.48394137891414,Zinguldak,Merkez,4.329404417267778e-4,4.189658441622335e-5,31,Zonguldak,Merkez,aegypti,0.005731594637240881,0.005731594637240881,0.9942684053627591,0.171624401126008,2.4814360353175857e-6
TUR.81.6_1,2054,8,25.779226920183966,75.58410467388019,Zinguldak,Merkez,5.140894842164857e-4,4.974935770640787e-5,31,Zonguldak,Merkez,aegypti,0.15458442010393847,0.15458442010393847,0.8454155798960615,0.23579546335580934,7.946706712447238e-5
TUR.81.6_1,2054,9,19.089459643644446,83.19934958242497,Zinguldak,Merkez,4.0975414415605924e-4,4.0974574934793395e-5,30,Zonguldak,Merkez,aegypti,0,0,1,0.02883570463839171,0
TUR.81.6_1,2054,10,15.817390441894531,84.95593499524848,Zinguldak,Merkez,4.037956082429478e-4,3.907623085031009e-5,31,Zonguldak,Merkez,aegypti,0,0,1,7.639692303369031e-4,0
TUR.81.6_1,2054,11,9.627203681889702,79.66108342294248,Zinguldak,Merkez,2.3422148113269627e-4,2.342187381687566e-5,30,Zonguldak,Merkez,aegypti,0,0,1,0,0
TUR.81.6_1,2054,12,7.254341444548438,78.11923558317167,Zinguldak,Merkez,1.9265084576732544e-4,1.8643456444200623e-5,31,Zonguldak,Merkez,aegypti,0,0,1,0,0
TUR.81.6_1,2055,1,8.609420103185316,82.78451286920898,Zinguldak,Merkez,2.0398204557207965e-4,1.9740003122215022e-5,31,Zonguldak,Merkez,aegypti,0,0,1,0,0
TUR.81.6_1,2055,2,4.969220458584674,83.28472361735265,Zinguldak,Merkez,1.5258474311385305e-4,1.6348231699825355e-5,28,Zonguldak,Merkez,aegypti,0,0,1,0,0
TUR.81.6_1,2055,3,8.047449732528014,75.92558581446913,Zinguldak,Merkez,1.8731049534958174e-4,1.812665784073353e-5,31,Zonguldak,Merkez,aegypti,0,0,1,0,0
TUR.81.6_1,2055,4,11.426964801900528,72.16046869664294,Zinguldak,Merkez,2.476836788017738e-4,2.4768061146707154e-5,30,Zonguldak,Merkez,aegypti,0,0,1,0,0
TUR.81.6_1,2055,5,17.02733239005594,70.81353086515853,Zinguldak,Merkez,3.461962912587199e-4,3.3502305681221145e-5,31,Zonguldak,Merkez,aegypti,0,0,1,0.004180970757910681,0
TUR.81.6_1,2055,6,21.040721921359793,72.56170561926635,Zinguldak,Merkez,3.8939149338481255e-4,3.893839121960063e-5,30,Zonguldak,Merkez,aegypti,8.849998511806233e-14,8.849998511806233e-14,0.9999999999999115,0.06501873992991956,0
TUR.81.6_1,2055,7,26.480880905600156,62.59721499951961,Zinguldak,Merkez,4.572757732147528e-4,4.4251515054938295e-5,31,Zonguldak,Merkez,aegypti,0.048027295305915166,0.048027295305915166,0.9519727046940848,0.19664288328104762,2.196147743960264e-5
TUR.81.6_1,2055,8,26.284487387713263,64.13954748393878,Zinguldak,Merkez,5.429861563845837e-4,5.254566682011408e-5,31,Zonguldak,Merkez,aegypti,0.05297485176504045,0.05297485176504045,0.9470251482349595,0.19904095386724527,2.8764197447461726e-5
TUR.81.6_1,2055,9,21.931084857267493,74.9815837743195,Zinguldak,Merkez,4.327861872861443e-4,4.327768222267547e-5,30,Zonguldak,Merkez,aegypti,1.8066909622804772e-9,1.8066909622804772e-9,0.9999999981933091,0.09377880239874208,7.819300762434978e-13
TUR.81.6_1,2055,10,17.06009578704834,84.25545739515083,Zinguldak,Merkez,4.2649272552029835e-4,4.1272637827716174e-5,31,Zonguldak,Merkez,aegypti,0,0,1,0.005383252084637513,0
TUR.81.6_1,2055,11,11.908319213811088,81.1232950318292,Zinguldak,Merkez,2.4738693493561384e-4,2.47383874946161e-5,30,Zonguldak,Merkez,aegypti,0,0,1,0,0
TUR.81.6_1,2055,12,5.8402255387867195,85.58967930875761,Zinguldak,Merkez,2.0347963823237603e-4,1.9691384015585456e-5,31,Zonguldak,Merkez,aegypti,0,0,1,0,0
TUR.81.6_1,2056,1,7.1563847485710586,82.34713493952148,Zinguldak,Merkez,2.0480279523219406e-4,1.981942893758415e-5,31,Zonguldak,Merkez,aegypti,0,0,1,0,0
TUR.81.6_1,2056,2,6.194092094021686,78.70572123698156,Zinguldak,Merkez,1.58670070436834e-4,1.641401050622715e-5,29,Zonguldak,Merkez,aegypti,0,0,1,0,0
TUR.81.6_1,2056,3,9.376514101729674,75.95566088771132,Zinguldak,Merkez,1.880641647471156e-4,1.8199592264123154e-5,31,Zonguldak,Merkez,aegypti,0,0,1,0,0
TUR.81.6_1,2056,4,11.068419498555802,74.33712732701403,Zinguldak,Merkez,2.486802679605025e-4,2.486771758924977e-5,30,Zonguldak,Merkez,aegypti,0,0,1,0,0
TUR.81.6_1,2056,5,16.69548424552469,77.68270963713118,Zinguldak,Merkez,3.4758925938778527e-4,3.363710452319868e-5,31,Zonguldak,Merkez,aegypti,0,0,1,0.003067240175594498,0
TUR.81.6_1,2056,6,23.92576220456292,71.49864104407104,Zinguldak,Merkez,3.9095826331767946e-4,3.909506209986979e-5,30,Zonguldak,Merkez,aegypti,7.145778454764198e-4,7.145778454764198e-4,0.9992854221545235,0.15417930174421365,2.793700744074812e-7
TUR.81.6_1,2056,7,25.383524109335507,69.94899112256648,Zinguldak,Merkez,4.5911568483242483e-4,4.442956312278312e-5,31,Zonguldak,Merkez,aegypti,0.047490150382191725,0.047490150382191725,0.9525098496178083,0.19818582507140486,2.1803235221495854e-5
TUR.81.6_1,2056,8,27.416983267840216,63.61541570903644,Zinguldak,Merkez,5.451709354520238e-4,5.2757085920340785e-5,31,Zonguldak,Merkez,aegypti,0.10763229188664122,0.10763229188664122,0.8923677081133587,0.21824464858606019,5.867627573263867e-5
TUR.81.6_1,2056,9,23.698161349577063,74.412125766507,Zinguldak,Merkez,4.345275617052561e-4,4.3451812113182164e-5,30,Zonguldak,Merkez,aegypti,7.492759977784932e-4,7.492759977784932e-4,0.9992507240022215,0.15492060528422952,3.255810193669717e-7
TUR.81.6_1,2056,10,16.007171630859375,75.35547112806098,Zinguldak,Merkez,4.282087773352036e-4,4.1438700490337155e-5,31,Zonguldak,Merkez,aegypti,0,0,1,9.600664084401313e-4,0
TUR.81.6_1,2056,11,11.376001098576713,77.06347294930967,Zinguldak,Merkez,2.483823301048098e-4,2.4837924544107715e-5,30,Zonguldak,Merkez,aegypti,0,0,1,0,0
TUR.81.6_1,2056,12,6.312697252806495,87.14739567838652,Zinguldak,Merkez,2.0429836638784213e-4,1.9770614209213555e-5,31,Zonguldak,Merkez,aegypti,0,0,1,0,0
TUR.81.6_1,2057,1,6.0890839520622695,84.0068334258496,Zinguldak,Merkez,2.112600969969098e-4,2.0444316527923334e-5,31,Zonguldak,Merkez,aegypti,0,0,1,0,0
TUR.81.6_1,2057,2,7.753063975888141,78.25415263346594,Zinguldak,Merkez,1.5802894583234525e-4,1.6931529427832714e-5,28,Zonguldak,Merkez,aegypti,0,0,1,0,0
TUR.81.6_1,2057,3,10.647116327986998,73.83071429347304,Zinguldak,Merkez,1.9399370814775395e-4,1.8773408436811856e-5,31,Zonguldak,Merkez,aegypti,0,0,1,0,0
TUR.81.6_1,2057,4,12.212711376302384,72.09024011998278,Zinguldak,Merkez,2.5652099850976466e-4,2.5651770838686083e-5,30,Zonguldak,Merkez,aegypti,0,0,1,0,0
TUR.81.6_1,2057,5,16.357753837809845,76.4008035092015,Zinguldak,Merkez,3.585485274753928e-4,3.469764261732067e-5,31,Zonguldak,Merkez,aegypti,0,0,1,0.0018180358047024596,0
TUR.81.6_1,2057,6,22.447454480563895,71.9168463053015,Zinguldak,Merkez,4.032849284922894e-4,4.032767966644091e-5,30,Zonguldak,Merkez,aegypti,4.6508451567617295e-8,4.6508451567617295e-8,0.9999999534915485,0.10523939256202142,1.8756107778017395e-11
TUR.81.6_1,2057,7,25.851051498861874,67.94717151197078,Zinguldak,Merkez,4.735913101212103e-4,4.583036686511832e-5,31,Zonguldak,Merkez,aegypti,0.06279978400087526,0.06279978400087526,0.9372002159991247,0.20374387248047715,2.9740989708315624e-5
TUR.81.6_1,2057,8,26.019716879900763,63.51480306865558,Zinguldak,Merkez,5.623598280136459e-4,5.442043799430696e-5,31,Zonguldak,Merkez,aegypti,0.03483654423928237,0.03483654423928237,0.9651634557607176,0.19105871269750835,1.9590481130982162e-5
TUR.81.6_1,2057,9,23.906497226041907,70.01233786367497,Zinguldak,Merkez,4.4822793912362006e-4,4.482178938591819e-5,30,Zonguldak,Merkez,aegypti,3.785009014049838e-4,3.785009014049838e-4,0.999621499098595,0.1495764188821122,1.696546646501318e-7
TUR.81.6_1,2057,10,15.99832534790039,76.6260552345063,Zinguldak,Merkez,4.4170992750465563e-4,4.2745208414074476e-5,31,Zonguldak,Merkez,aegypti,0,0,1,9.589659111752783e-4,0
TUR.81.6_1,2057,11,12.851749160710503,81.6917993653253,Zinguldak,Merkez,2.562136668631368e-4,2.5621038461931533e-5,30,Zonguldak,Merkez,aegypti,0,0,1,0,0
TUR.81.6_1,2057,12,8.923555693205664,78.82426030240995,Zinguldak,Merkez,2.107397638321939e-4,2.0393962733789017e-5,31,Zonguldak,Merkez,aegypti,0,0,1,0,0
TUR.81.6_1,2058,1,5.898848337285658,81.6776097930371,Zinguldak,Merkez,2.0020435330875763e-4,1.937442714972093e-5,31,Zonguldak,Merkez,aegypti,0,0,1,0,0
TUR.81.6_1,2058,2,5.614595710354694,81.12703166178625,Zinguldak,Merkez,1.4975891497811893e-4,1.6045469303449522e-5,28,Zonguldak,Merkez,aegypti,0,0,1,0,0
TUR.81.6_1,2058,3,9.436715746627135,81.20514208888319,Zinguldak,Merkez,1.8384155568316836e-4,1.7790960030961145e-5,31,Zonguldak,Merkez,aegypti,0,0,1,0,0
TUR.81.6_1,2058,4,12.83551792537465,74.6674419632445,Zinguldak,Merkez,2.4309664412165555e-4,2.4309368934716247e-5,30,Zonguldak,Merkez,aegypti,0,0,1,0,0
TUR.81.6_1,2058,5,18.52141197989969,81.11858457609603,Zinguldak,Merkez,3.3978482966458317e-4,3.2881862250477845e-5,31,Zonguldak,Merkez,aegypti,0,0,1,0.019112231719544365,0
TUR.81.6_1,2058,6,22.96696093503167,66.71238616125854,Zinguldak,Merkez,3.821800683408205e-4,3.8217276535412736e-5,30,Zonguldak,Merkez,aegypti,2.4680093356355125e-7,2.4680093356355125e-7,0.9999997531990664,0.11134599119462385,9.432243874840651e-11
TUR.81.6_1,2058,7,25.086879898520078,62.60170489820125,Zinguldak,Merkez,4.488071496854944e-4,4.34320067725924e-5,31,Zonguldak,Merkez,aegypti,0.0034738703883074413,0.0034738703883074413,0.9965261296116925,0.16371741656986652,1.559096652004044e-6
TUR.81.6_1,2058,8,25.281077048357794,67.49991430522785,Zinguldak,Merkez,5.329301997619693e-4,5.157256038934577e-5,31,Zonguldak,Merkez,aegypti,0.02331243548825451,0.02331243548825451,0.9766875645117455,0.18580664273005637,1.2423823725349337e-5
TUR.81.6_1,2058,9,19.970263705534094,71.57436484121403,Zinguldak,Merkez,4.247711042586247e-4,4.2476208286235106e-5,30,Zonguldak,Merkez,aegypti,0,0,1,0.03928430165983454,0
TUR.81.6_1,2058,10,15.627808570861816,82.64289330823676,Zinguldak,Merkez,4.185941957009578e-4,4.0508295229835234e-5,31,Zonguldak,Merkez,aegypti,0,0,1,4.6763979472514377e-4,0
TUR.81.6_1,2058,11,11.145301559392143,82.42262669686826,Zinguldak,Merkez,2.4280539587156433e-4,2.4280244817265206e-5,30,Zonguldak,Merkez,aegypti,0,0,1,0,0
TUR.81.6_1,2058,12,7.981614431914161,76.14393193326933,Zinguldak,Merkez,1.997112504169769e-4,1.9326708438405227e-5,31,Zonguldak,Merkez,aegypti,0,0,1,0,0
TUR.81.6_1,2059,1,6.73374776279225,84.65250145563476,Zinguldak,Merkez,2.010264006216833e-4,1.9453978570949104e-5,31,Zonguldak,Merkez,aegypti,0,0,1,0,0
TUR.81.6_1,2059,2,6.836166678982623,75.52935252360265,Zinguldak,Merkez,1.5037383124547185e-4,1.6111352129977163e-5,28,Zonguldak,Merkez,aegypti,0,0,1,0,0
TUR.81.6_1,2059,3,7.5815445430138535,83.68618304347304,Zinguldak,Merkez,1.8459641667572805e-4,1.7864009792423197e-5,31,Zonguldak,Merkez,aegypti,0,0,1,0,0
TUR.81.6_1,2059,4,10.158537906758927,75.75783502965075,Zinguldak,Merkez,2.4409480894564044e-4,2.4409182985629663e-5,30,Zonguldak,Merkez,aegypti,0,0,1,0,0
TUR.81.6_1,2059,5,16.639767730937287,78.61255735441634,Zinguldak,Merkez,3.4118000015704447e-4,3.3016874301017296e-5,31,Zonguldak,Merkez,aegypti,0,0,1,0.002869450521172113,0
TUR.81.6_1,2059,6,22.64155009213616,65.68131545203002,Zinguldak,Merkez,3.837493154278147e-4,3.837419523455843e-5,30,Zonguldak,Merkez,aegypti,1.5718021098398705e-8,1.5718021098398705e-8,0.9999999842819789,0.10038289262930139,6.031730670486013e-12
TUR.81.6_1,2059,7,25.025949646444882,70.12028247388484,Zinguldak,Merkez,4.5064997031013786e-4,4.361033649102897e-5,31,Zonguldak,Merkez,aegypti,0.025062017885752904,0.025062017885752904,0.9749379821142471,0.18747356519431677,1.129413383693656e-5
TUR.81.6_1,2059,8,27.442747733172247,66.4053708481966,Zinguldak,Merkez,5.351184330918193e-4,5.17843139614671e-5,31,Zonguldak,Merkez,aegypti,0.1486773515520571,0.1486773515520571,0.8513226484479429,0.23268743937108208,7.95568265865576e-5
TUR.81.6_1,2059,9,20.50480578927433,74.36191672109685,Zinguldak,Merkez,4.265152318916825e-4,4.2650613625849765e-5,30,Zonguldak,Merkez,aegypti,3.606559495494821e-16,3.606559495494821e-16,0.9999999999999997,0.05324619731368678,0
TUR.81.6_1,2059,10,15.184165000915527,82.31107568128364,Zinguldak,Merkez,4.203129606933032e-4,4.067462057422144e-5,31,Zonguldak,Merkez,aegypti,0,0,1,1.006884050735569e-4,0
TUR.81.6_1,2059,11,12.035167434636284,81.51118870858701,Zinguldak,Merkez,2.4380236481824977e-4,2.4379939286278685e-5,30,Zonguldak,Merkez,aegypti,0,0,1,0,0
TUR.81.6_1,2059,12,9.194158873137305,75.39931065641386,Zinguldak,Merkez,2.0053127302913817e-4,1.940606392858424e-5,31,Zonguldak,Merkez,aegypti,0,0,1,0,0
TUR.81.6_1,2060,1,5.548990530126234,77.87118279108398,Zinguldak,Merkez,2.0128223455939301e-4,1.9478736212108494e-5,31,Zonguldak,Merkez,aegypti,0,0,1,0,0
TUR.81.6_1,2060,2,8.385337649899371,76.41227183512609,Zinguldak,Merkez,1.5594253144354448e-4,1.613185589166566e-5,29,Zonguldak,Merkez,aegypti,0,0,1,0,0
TUR.81.6_1,2060,3,5.956915999160094,82.5521422109535,Zinguldak,Merkez,1.8483134118325148e-4,1.7886744015815914e-5,31,Zonguldak,Merkez,aegypti,0,0,1,0,0
TUR.81.6_1,2060,4,11.394775432698868,77.29052698521716,Zinguldak,Merkez,2.444054533980802e-4,2.444024667214162e-5,30,Zonguldak,Merkez,aegypti,0,0,1,0,0
TUR.81.6_1,2060,5,16.11106404136209,83.01767820402571,Zinguldak,Merkez,3.4161419896196784e-4,3.3058892151993646e-5,31,Zonguldak,Merkez,aegypti,0,0,1,0.001328259637154658,0
TUR.81.6_1,2060,6,20.560443906223075,79.45654967444213,Zinguldak,Merkez,3.842376895824317e-4,3.842303077472575e-5,30,Zonguldak,Merkez,aegypti,5.704603456280211e-15,5.704603456280211e-15,0.9999999999999943,0.05921394789825293,0
TUR.81.6_1,2060,7,25.569708038778867,72.89338809522273,Zinguldak,Merkez,4.5122348481408693e-4,4.366583547266156e-5,31,Zonguldak,Merkez,aegypti,0.0977587402340149,0.0977587402340149,0.9022412597659851,0.21727068269283922,4.411006656179772e-5
TUR.81.6_1,2060,8,25.8418508978451,65.63500799419269,Zinguldak,Merkez,5.357994454138603e-4,5.1850214964788144e-5,31,Zonguldak,Merkez,aegypti,0.039177194009448205,0.039177194009448205,0.9608228059905518,0.19344738314279578,2.0990898511152878e-5
TUR.81.6_1,2060,9,20.767592654508704,74.06236380361638,Zinguldak,Merkez,4.2705803159824124e-4,4.270489127999877e-5,30,Zonguldak,Merkez,aegypti,7.619183062246293e-15,7.619183062246293e-15,0.9999999999999923,0.05958929106642254,0
TUR.81.6_1,2060,10,18.79737377166748,82.0159478126313,Zinguldak,Merkez,4.208478671507241e-4,4.072638360841374e-5,31,Zonguldak,Merkez,aegypti,0,0,1,0.02346530990531406,0
TUR.81.6_1,2060,11,12.75108406824224,71.24639531259092,Zinguldak,Merkez,2.4411263709503287e-4,2.4410965757004632e-5,30,Zonguldak,Merkez,aegypti,0,0,1,0,0
TUR.81.6_1,2060,12,9.088170370634863,80.2101855953787,Zinguldak,Merkez,2.0078647684840934e-4,1.9430760592742402e-5,31,Zonguldak,Merkez,aegypti,0,0,1,0,0
TUR.81.6_1,2061,1,6.128311914556166,82.23183952936523,Zinguldak,Merkez,2.0552087602403215e-4,1.9888919247423864e-5,31,Zonguldak,Merkez,aegypti,0,0,1,0,0
TUR.81.6_1,2061,2,5.646940528469928,84.68954692057531,Zinguldak,Merkez,1.5373583486091554e-4,1.6471560934538942e-5,28,Zonguldak,Merkez,aegypti,0,0,1,0,0
TUR.81.6_1,2061,3,9.16905942033319,75.4545088491371,Zinguldak,Merkez,1.8872355645212075e-4,1.8263403201213002e-5,31,Zonguldak,Merkez,aegypti,0,0,1,0,0
TUR.81.6_1,2061,4,12.272296947591446,82.50192987828356,Zinguldak,Merkez,2.49552192210995e-4,2.495490784215626e-5,30,Zonguldak,Merkez,aegypti,0,0,1,0,0
TUR.81.6_1,2061,5,16.012862289653107,80.542771282639,Zinguldak,Merkez,3.4880797893862257e-4,3.375504115077366e-5,31,Zonguldak,Merkez,aegypti,0,0,1,0.001065896772383422,0
TUR.81.6_1,2061,6,21.08843615475823,81.55146697180541,Zinguldak,Merkez,3.9232904353081336e-4,3.923213475276466e-5,30,Zonguldak,Merkez,aegypti,5.229653543548096e-12,5.229653543548096e-12,0.9999999999947703,0.07679503874694868,1.9984014443252818e-15
TUR.81.6_1,2061,7,24.78793923995074,76.22689181836726,Zinguldak,Merkez,4.6072543900660965e-4,4.4585338851321765e-5,31,Zonguldak,Merkez,aegypti,0.05176237885641338,0.05176237885641338,0.9482376211435866,0.2010612770286907,2.384796035548309e-5
TUR.81.6_1,2061,8,27.610327384051153,67.03943838359699,Zinguldak,Merkez,5.470824170632619e-4,5.294205823558329e-5,31,Zonguldak,Merkez,aegypti,0.17073339944064717,0.17073339944064717,0.8292666005593529,0.24047825699405334,9.340087870568503e-5
TUR.81.6_1,2061,9,24.20725368050968,68.84521216177068,Zinguldak,Merkez,4.360511048543182e-4,4.360415979642873e-5,30,Zonguldak,Merkez,aegypti,0.0010805287124405745,0.0010805287124405745,0.9989194712875594,0.15639375611921147,4.7116562784665916e-7
TUR.81.6_1,2061,10,18.151040077209473,84.10433434827583,Zinguldak,Merkez,4.297101655245214e-4,4.1583990090132694e-5,31,Zonguldak,Merkez,aegypti,0,0,1,0.015130917672390233,0
TUR.81.6_1,2061,11,13.030761459294487,69.65961094979795,Zinguldak,Merkez,2.4925320972380154e-4,2.4925010339127418e-5,30,Zonguldak,Merkez,aegypti,0,0,1,0,0
TUR.81.6_1,2061,12,5.722921690520118,84.62397343717558,Zinguldak,Merkez,2.0501467854823371e-4,1.9839933367959972e-5,31,Zonguldak,Merkez,aegypti,0,0,1,0,0
TUR.81.6_1,2062,1,6.154613775365492,82.50545250543945,Zinguldak,Merkez,2.213614364064137e-4,2.1421845039948373e-5,31,Zonguldak,Merkez,aegypti,0,0,1,0,0
TUR.81.6_1,2062,2,8.10141068609322,79.88877329996984,Zinguldak,Merkez,1.6558505340339298e-4,1.7741098346624185e-05,28,Zonguldak,Merkez,aegypti,0,0,1,0,0
TUR.81.6_1,2062,3,10.079898501143736,74.17155749415663,Zinguldak,Merkez,2.032694602522196e-4,1.967104461142455e-5,31,Zonguldak,Merkez,aegypti,0,0,1,0,0
TUR.81.6_1,2062,4,16.226074260823868,75.7662960281859,Zinguldak,Merkez,2.6878647461455824e-4,2.687828623382238e-5,30,Zonguldak,Merkez,aegypti,0,0,1,0.0014555832750755115,0
TUR.81.6_1,2062,5,19.615831459269806,68.36527341886946,Zinguldak,Merkez,3.756924198729227e-4,3.635667003565324e-5,31,Zonguldak,Merkez,aegypti,0,0,1,0.03121726721724525,0
TUR.81.6_1,2062,6,23.712352780734793,65.43028166907104,Zinguldak,Merkez,4.2256787874814255e-4,4.225589506934302e-5,30,Zonguldak,Merkez,aegypti,1.85983635186453e-5,1.85983635186453e-5,0.9999814016364813,0.1307520005428452,7.859070949578495e-9
TUR.81.6_1,2062,7,25.319349457235898,65.17055636914851,Zinguldak,Merkez,4.962359393386054e-4,4.802167976147853e-5,31,Zonguldak,Merkez,aegypti,0.0144118347910968,0.0144118347910968,0.9855881652089032,0.1788244337222476,7.151644802028123e-6
TUR.81.6_1,2062,8,26.877579352434942,72.0525762009798,Zinguldak,Merkez,5.892488978085877e-4,5.7022461042333106e-5,31,Zonguldak,Merkez,aegypti,0.20409371549827512,0.20409371549827512,0.7959062845017248,0.25222692514972267,1.2025476572297134e-4
TUR.81.6_1,2062,9,23.04308818368351,67.13768500112614,Zinguldak,Merkez,4.696598262157497e-4,4.6964879737099174e-5,30,Zonguldak,Merkez,aegypti,4.884035822183553e-7,4.884035822183553e-7,0.9999995115964178,0.11459657656076903,2.2938351218471098e-10
TUR.81.6_1,2062,10,15.81372356414795,80.73642205579536,Zinguldak,Merkez,4.628301577880733e-4,4.4789012212054224e-5,31,Zonguldak,Merkez,aegypti,0,0,1,7.035168304394718e-4,0
TUR.81.6_1,2062,11,9.791840293828178,79.8942911255792,Zinguldak,Merkez,2.684644479956285e-4,2.684608443703773e-5,30,Zonguldak,Merkez,aegypti,0,0,1,0,0
TUR.81.6_1,2062,12,5.507111868437598,79.46173436246855,Zinguldak,Merkez,2.2081622366444903e-4,2.136908364536172e-5,31,Zonguldak,Merkez,aegypti,0,0,1,0,0
TUR.81.6_1,2063,1,6.740685743444105,82.60719048151367,Zinguldak,Merkez,2.0914391908580964e-4,2.0239529283094804e-5,31,Zonguldak,Merkez,aegypti,0,0,1,0,0
TUR.81.6_1,2063,2,7.309642612057575,77.39244303873937,Zinguldak,Merkez,1.5644598071380824e-4,1.6761928879449606e-5,28,Zonguldak,Merkez,aegypti,0,0,1,0,0
TUR.81.6_1,2063,3,9.73087182115106,79.15908343409804,Zinguldak,Merkez,1.920504864702561e-4,1.8585358238842886e-5,31,Zonguldak,Merkez,aegypti,0,0,1,0,0
TUR.81.6_1,2063,4,12.583043140523575,79.89120447545153,Zinguldak,Merkez,2.5395144525055326e-4,2.5394822071089784e-5,30,Zonguldak,Merkez,aegypti,0,0,1,0,0
TUR.81.6_1,2063,5,16.53374584983377,83.77497953459212,Zinguldak,Merkez,3.549569714518621e-4,3.435008467900236e-5,31,Zonguldak,Merkez,aegypti,0,0,1,0.0026662186678770377,0
TUR.81.6_1,2063,6,20.564443616306082,77.99945738928588,Zinguldak,Merkez,3.992452510061644e-4,3.992372812733347e-5,30,Zonguldak,Merkez,aegypti,3.2870928201589324e-15,3.2870928201589324e-15,0.9999999999999967,0.058080960545952104,0
TUR.81.6_1,2063,7,24.862926651449765,75.39037448438289,Zinguldak,Merkez,4.688473784293576e-4,4.537129763626524e-5,31,Zonguldak,Merkez,aegypti,0.05336171217318051,0.05336171217318051,0.9466382878268195,0.20173437517083162,2.501818590083804e-5
TUR.81.6_1,2063,8,26.050980231341192,67.04266180278644,Zinguldak,Merkez,5.567267081625746e-4,5.3875326881724916e-5,31,Zonguldak,Merkez,aegypti,0.06742686386924925,0.06742686386924925,0.9325731361307508,0.2055385063435386,3.7537631409123584e-5
TUR.81.6_1,2063,9,21.47144816903507,74.18406027578435,Zinguldak,Merkez,4.4373807058055475e-4,4.437282255520536e-5,30,Zonguldak,Merkez,aegypti,1.6854293127810392e-11,1.6854293127810392e-11,0.9999999999831457,0.07873191089594535,7.438494264988549e-15
TUR.81.6_1,2063,10,17.655787467956543,68.78286599500434,Zinguldak,Merkez,4.372853494372098e-4,4.2317041651029896e-5,31,Zonguldak,Merkez,aegypti,0,0,1,0.007804973760295453,0
TUR.81.6_1,2063,11,9.56312535089605,83.68988438729795,Zinguldak,Merkez,2.5364719212396406e-4,2.536439753064723e-5,30,Zonguldak,Merkez,aegypti,0,0,1,0,0
TUR.81.6_1,2063,12,5.728409609373878,86.77973515592558,Zinguldak,Merkez,2.0862879806273922e-4,2.0189679869164756e-5,31,Zonguldak,Merkez,aegypti,0,0,1,0,0
TUR.81.6_1,2064,1,3.176188511006972,83.58505760797851,Zinguldak,Merkez,2.1828843432422567e-4,2.1124464067989734e-5,31,Zonguldak,Merkez,aegypti,0,0,1,0,0
TUR.81.6_1,2064,2,5.045355617123493,77.84354624918859,Zinguldak,Merkez,1.6911801037921819e-4,1.7494813554952415e-5,29,Zonguldak,Merkez,aegypti,0,0,1,0,0
TUR.81.6_1,2064,3,8.857006693587584,74.36630541896132,Zinguldak,Merkez,2.0044761610112964e-4,1.9397968253898057e-5,31,Zonguldak,Merkez,aegypti,0,0,1,0,0
TUR.81.6_1,2064,4,15.485904735677384,65.7689930191527,Zinguldak,Merkez,2.6505510473566913e-4,2.6505159205658657e-5,30,Zonguldak,Merkez,aegypti,0,0,1,2.2307676040544123e-4,0
TUR.81.6_1,2064,5,17.3440037615159,74.98426908537337,Zinguldak,Merkez,3.7047695141882345e-4,3.585196550470737e-5,31,Zonguldak,Merkez,aegypti,0,0,1,0.00633973183725064,0
TUR.81.6_1,2064,6,20.593606976901786,79.93437102453979,Zinguldak,Merkez,4.16701671913115e-4,4.166929900195626e-5,30,Zonguldak,Merkez,aegypti,9.8504537859867e-15,9.8504537859867e-15,0.9999999999999901,0.06057715930660468,0
TUR.81.6_1,2064,7,26.393152405233945,66.80923587354305,Zinguldak,Merkez,4.893470516461514e-4,4.735504500275045e-5,31,Zonguldak,Merkez,aegypti,0.0893298327006707,0.0893298327006707,0.9106701672993293,0.2132614719031187,4.3712334844125955e-5
TUR.81.6_1,2064,8,25.87641777711756,75.56739629985675,Zinguldak,Merkez,5.810687779137733e-4,5.623088136352816e-5,31,Zonguldak,Merkez,aegypti,0.16584860872487905,0.16584860872487905,0.834151391275121,0.23924676641537965,9.636480500430089e-5
TUR.81.6_1,2064,9,23.509909854215735,82.64338797353825,Zinguldak,Merkez,4.631398756439109e-4,4.631291508827573e-5,30,Zonguldak,Merkez,aegypti,0.0046073316578875536,0.0046073316578875536,0.9953926683421125,0.1704539084393218,2.1338367344192477e-6
TUR.81.6_1,2064,10,17.848631858825684,84.22094201429145,Zinguldak,Merkez,4.5640501860542493e-4,4.4167252205129515e-5,31,Zonguldak,Merkez,aegypti,0,0,1,0.01183088102261132,0
TUR.81.6_1,2064,11,12.067939498845268,75.11543675546201,Zinguldak,Merkez,2.64737548581363e-4,2.6473404431404113e-5,30,Zonguldak,Merkez,aegypti,0,0,1,0,0
TUR.81.6_1,2064,12,8.063050589140722,80.01020390592558,Zinguldak,Merkez,2.177507903797828e-4,2.1072435106628262e-5,31,Zonguldak,Merkez,aegypti,0,0,1,0,0
TUR.81.6_1,2065,1,2.9489832345177143,83.16939293512695,Zinguldak,Merkez,2.0687438857012647e-4,2.0019901718737465e-5,31,Zonguldak,Merkez,aegypti,0,0,1,0,0
TUR.81.6_1,2065,2,6.845325290280231,78.52545390299719,Zinguldak,Merkez,1.5474830320619547e-4,1.6580037893176858e-5,28,Zonguldak,Merkez,aegypti,0,0,1,0,0
TUR.81.6_1,2065,3,6.724937105880064,81.99511248683241,Zinguldak,Merkez,1.899664457699515e-4,1.8383680608691222e-5,31,Zonguldak,Merkez,aegypti,0,0,1,0,0
TUR.81.6_1,2065,4,14.576997799031876,72.71875727086169,Zinguldak,Merkez,2.5119568473398046e-4,2.5119252979655116e-5,30,Zonguldak,Merkez,aegypti,0,0,1,0,0
TUR.81.6_1,2065,5,16.55145653556375,74.665329876389,Zinguldak,Merkez,3.5110514691885257e-4,3.397734020083032e-5,31,Zonguldak,Merkez,aegypti,0,0,1,0.002387188059637529,0
TUR.81.6_1,2065,6,21.960626630222098,76.60476592200072,Zinguldak,Merkez,3.9491283108996164e-4,3.9490503338512895e-5,30,Zonguldak,Merkez,aegypti,4.4745120985067995e-9,4.4745120985067995e-9,0.9999999955254879,0.09739483491719576,1.7670309659933991e-12
TUR.81.6_1,2065,7,26.447357346029843,66.85929614575984,Zinguldak,Merkez,4.6375966927102006e-4,4.4878960903327325e-5,31,Zonguldak,Merkez,aegypti,0.09477493935450348,0.09477493935450348,0.9052250606454966,0.2149485406606153,4.395182862027003e-5
TUR.81.6_1,2065,8,25.990488669451544,74.97320379497394,Zinguldak,Merkez,5.50685374240012e-4,5.329071299042809e-5,31,Zonguldak,Merkez,aegypti,0.1686024566399895,0.1686024566399895,0.8313975433600105,0.23996743296042197,9.284259679187556e-5
TUR.81.6_1,2065,9,22.30078624276554,68.28077429555974,Zinguldak,Merkez,4.3892283570996906e-4,4.389132031878962e-5,30,Zonguldak,Merkez,aegypti,3.076409406277403e-9,3.076409406277403e-9,0.9999999969235905,0.09485447990109613,1.3502532425491154e-12
TUR.81.6_1,2065,10,17.92756938934326,77.4563775001313,Zinguldak,Merkez,4.3254013643294483e-4,4.185784681653981e-5,31,Zonguldak,Merkez,aegypti,0,0,1,0.011341739459427345,0
TUR.81.6_1,2065,11,11.335330703679253,81.03576298837217,Zinguldak,Merkez,2.5089473321787225e-4,2.508915858356886e-5,30,Zonguldak,Merkez,aegypti,0,0,1,0,0
TUR.81.6_1,2065,12,7.031130632933448,83.79091221891386,Zinguldak,Merkez,2.0636485739583692e-4,1.9970593236218193e-5,31,Zonguldak,Merkez,aegypti,0,0,1,0,0
TUR.81.6_1,2066,1,9.009872717015883,79.93819176325195,Zinguldak,Merkez,2.138081928248418e-4,2.0690901375020054e-5,31,Zonguldak,Merkez,aegypti,0,0,1,0,0
TUR.81.6_1,2066,2,10.7178762546357,73.79841838053625,Zinguldak,Merkez,1.5993499862362927e-4,1.7135745891128096e-5,28,Zonguldak,Merkez,aegypti,0,0,1,0,0
TUR.81.6_1,2066,3,8.600278521285338,78.4651289663246,Zinguldak,Merkez,1.9633354688399944e-4,1.899984016695555e-5,31,Zonguldak,Merkez,aegypti,0,0,1,0,0
TUR.81.6_1,2066,4,12.5760574761559,77.02140009312731,Zinguldak,Merkez,2.596150048809216e-4,2.5961163491294847e-5,30,Zonguldak,Merkez,aegypti,0,0,1,0,0
TUR.81.6_1,2066,5,16.051452720866486,77.98825925871321,Zinguldak,Merkez,3.628731302752512e-4,3.511613795681434e-5,31,Zonguldak,Merkez,aegypti,0,0,1,0.0010922840136115821,0
TUR.81.6_1,2066,6,20.734796552097098,77.14028838293822,Zinguldak,Merkez,4.081491156169128e-4,4.0814078644535456e-5,30,Zonguldak,Merkez,aegypti,1.8146650848649415e-14,1.8146650848649415e-14,0.9999999999999819,0.06153018995504009,0
TUR.81.6_1,2066,7,24.63187043807086,78.70763522657039,Zinguldak,Merkez,4.79303491733445e-4,4.638313314664355e-5,31,Zonguldak,Merkez,aegypti,0.06104480301385004,0.06104480301385004,0.9389551969861499,0.20482689085883327,2.9258559196776446e-5
TUR.81.6_1,2066,8,24.644909522112677,73.89415563823566,Zinguldak,Merkez,5.691426836116867e-4,5.507680743743748e-5,31,Zonguldak,Merkez,aegypti,0.025386543953112656,0.025386543953112656,0.9746134560468873,0.1884344337054905,1.4448461373106625e-5
TUR.81.6_1,2066,9,22.71947978524601,75.92052572988591,Zinguldak,Merkez,4.536342025774334e-4,4.5362391353331866e-5,30,Zonguldak,Merkez,aegypti,2.0389785112432945e-6,2.0389785112432945e-6,0.9999979610214887,0.12240890771326865,9.2495033854334e-10
TUR.81.6_1,2066,10,17.12787914276123,77.69469689710395,Zinguldak,Merkez,4.470375745114977e-4,4.326076498528675e-5,31,Zonguldak,Merkez,aegypti,0,0,1,0.005185378284083519,0
TUR.81.6_1,2066,11,13.288354614201713,84.47917576913389,Zinguldak,Merkez,2.593039663795792e-4,2.5930060448153824e-5,30,Zonguldak,Merkez,aegypti,0,0,1,0,0
TUR.81.6_1,2066,12,4.859965166624854,82.74614293180448,Zinguldak,Merkez,2.1328158370557986e-4,2.0639940255362532e-5,31,Zonguldak,Merkez,aegypti,0,0,1,0,0
TUR.81.6_1,2067,1,6.165955824010512,82.78571068415039,Zinguldak,Merkez,2.1568795008388678e-4,2.087280958740223e-5,31,Zonguldak,Merkez,aegypti,0,0,1,0,0
TUR.81.6_1,2067,2,6.167053042965778,85.95854411295812,Zinguldak,Merkez,1.6134111393972667e-4,1.728639851061864e-5,28,Zonguldak,Merkez,aegypti,0,0,1,0,0
TUR.81.6_1,2067,3,7.702610636458678,80.09921557521132,Zinguldak,Merkez,1.9805967068249947e-4,1.9166881217724807e-5,31,Zonguldak,Merkez,aegypti,0,0,1,0,0
TUR.81.6_1,2067,4,13.392757457845352,80.18393671422106,Zinguldak,Merkez,2.6189748612513524e-4,2.6189405664012178e-5,30,Zonguldak,Merkez,aegypti,0,0,1,0,0
TUR.81.6_1,2067,5,16.59403046439676,82.92113584562728,Zinguldak,Merkez,3.660634355284558e-4,3.542486628538288e-5,31,Zonguldak,Merkez,aegypti,0,0,1,0.002892349581333994,0
TUR.81.6_1,2067,6,23.150564221774832,75.66060546057494,Zinguldak,Merkez,4.1173747793697696e-4,4.1172900166586146e-5,30,Zonguldak,Merkez,aegypti,4.006842079446849e-5,4.006842079446849e-5,0.9999599315792055,0.137183530966526,1.649767034095362e-8
TUR.81.6_1,2067,7,26.40443437239703,68.87152606519344,Zinguldak,Merkez,4.835174285614395e-4,4.679091448667183e-5,31,Zonguldak,Merkez,aegypti,0.12045940878479428,0.12045940878479428,0.8795405912152057,0.22420204208481093,5.824252741981617e-5
TUR.81.6_1,2067,8,27.616579672869513,58.224733488577456,Zinguldak,Merkez,5.741464679700713e-4,5.556101784598422e-5,31,Zonguldak,Merkez,aegypti,0.050000926248273375,0.050000926248273375,0.9499990737517267,0.1954377356770999,2.8707443134101673e-5
TUR.81.6_1,2067,9,21.657443270963782,74.60776633047185,Zinguldak,Merkez,4.5762246034239466e-4,4.5761198958604865e-5,30,Zonguldak,Merkez,aegypti,1.2307563734825778e-10,1.2307563734825778e-10,0.9999999998769243,0.08461335908049997,5.6288307348495437e-14
TUR.81.6_1,2067,10,16.54698657989502,67.35884713514106,Zinguldak,Merkez,4.5096783609152173e-4,4.364109635368596e-5,31,Zonguldak,Merkez,aegypti,0,0,1,0.002125595970484943,0
TUR.81.6_1,2067,11,12.350570419255424,77.27595158700498,Zinguldak,Merkez,2.6158371303783973e-4,2.6158029176603925e-5,30,Zonguldak,Merkez,aegypti,0,0,1,0,0
TUR.81.6_1,2067,12,9.999121985014746,77.35452611051542,Zinguldak,Merkez,2.151567111265371e-4,2.0821400437465165e-5,31,Zonguldak,Merkez,aegypti,0,0,1,0,0
TUR.81.6_1,2068,1,9.44858102237477,78.06825005182617,Zinguldak,Merkez,2.1672431194039578e-4,2.0973100571808345e-5,31,Zonguldak,Merkez,aegypti,0,0,1,0,0
TUR.81.6_1,2068,2,5.191174804287799,80.40833506754797,Zinguldak,Merkez,1.6790621339894384e-4,1.736945743191498e-5,29,Zonguldak,Merkez,aegypti,0,0,1,0,0
TUR.81.6_1,2068,3,9.391279841170592,76.6863203725746,Zinguldak,Merkez,1.990113301884118e-4,1.9258975529568012e-5,31,Zonguldak,Merkez,aegypti,0,0,1,0,0
TUR.81.6_1,2068,4,12.115373653524063,84.19829523472887,Zinguldak,Merkez,2.6315588078663633e-4,2.6315241826613267e-5,30,Zonguldak,Merkez,aegypti,0,0,1,0,0
TUR.81.6_1,2068,5,18.188287819133087,71.47866910978743,Zinguldak,Merkez,3.678223385246444e-4,3.559507666006656e-5,31,Zonguldak,Merkez,aegypti,0,0,1,0.012775977167465213,0
TUR.81.6_1,2068,6,24.723869351779715,60.89934828894408,Zinguldak,Merkez,4.1371584073778776e-4,4.137072828158672e-5,30,Zonguldak,Merkez,aegypti,4.815354833129934e-4,4.815354833129934e-4,0.999518464516687,0.14868937826725911,1.9921883742668456e-7
TUR.81.6_1,2068,7,23.780794311972226,82.16484195264461,Zinguldak,Merkez,4.85840687787203e-4,4.701573547927218e-5,31,Zonguldak,Merkez,aegypti,0.013070324845194508,0.013070324845194508,0.9869296751548055,0.18115006022557584,6.3500754505785295e-6
TUR.81.6_1,2068,8,25.79892410951502,74.25130285503253,Zinguldak,Merkez,5.769051918543778e-4,5.582797625613978e-5,31,Zonguldak,Merkez,aegypti,0.13667944570068472,0.13667944570068472,0.8633205542993153,0.22975407688068547,7.88479731796965e-5
TUR.81.6_1,2068,9,22.168128238004797,72.64968222402653,Zinguldak,Merkez,4.598212964961816e-4,4.598107248765526e-5,30,Zonguldak,Merkez,aegypti,6.053301436104164e-9,6.053301436104164e-9,0.9999999939466986,0.09774443275493613,2.78344014503773e-12
TUR.81.6_1,2068,10,20.24879550933838,71.34823083265083,Zinguldak,Merkez,4.5313469735408133e-4,4.3850783431498286e-5,31,Zonguldak,Merkez,aegypti,1.4988010832439613e-18,1.4988010832439613e-18,1,0.04514609496662827,0
TUR.81.6_1,2068,11,12.246293762150932,80.8972208130792,Zinguldak,Merkez,2.6284060004692385e-4,2.6283714581798456e-5,30,Zonguldak,Merkez,aegypti,0,0,1,0,0
TUR.81.6_1,2068,12,5.508357367094825,86.05061680875761,Zinguldak,Merkez,2.1619052042602156e-4,2.0921444410570977e-5,31,Zonguldak,Merkez,aegypti,0,0,1,0,0
TUR.81.6_1,2069,1,4.951820177190443,83.21487175592773,Zinguldak,Merkez,2.0743389036907584e-4,2.0074045968709875e-5,31,Zonguldak,Merkez,aegypti,0,0,1,0,0
TUR.81.6_1,2069,2,4.461995898800739,79.03153453043859,Zinguldak,Merkez,1.551668274837857e-4,1.662487903553167e-5,28,Zonguldak,Merkez,aegypti,0,0,1,0,0
TUR.81.6_1,2069,3,8.437423372969908,83.42556292628554,Zinguldak,Merkez,1.9048021921906202e-4,1.843339970464264e-5,31,Zonguldak,Merkez,aegypti,0,0,1,0,0
TUR.81.6_1,2069,4,11.112572712056778,82.89545404820544,Zinguldak,Merkez,2.5187505562405726e-4,2.518718835986533e-5,30,Zonguldak,Merkez,aegypti,0,0,1,0,0
TUR.81.6_1,2069,5,18.580211723552033,74.67018217131087,Zinguldak,Merkez,3.520547277861569e-4,3.40692319968916e-5,31,Zonguldak,Merkez,aegypti,0,0,1,0.018141294909207056,0
TUR.81.6_1,2069,6,21.761217145358817,71.92316344397338,Zinguldak,Merkez,3.959808919598944e-4,3.959730520197713e-5,30,Zonguldak,Merkez,aegypti,1.0257618249243095e-10,1.0257618249243095e-10,0.9999999998974238,0.08421475862591031,4.063416270128073e-14
TUR.81.6_1,2069,7,26.881054092856015,70.17120868238094,Zinguldak,Merkez,4.6501392974777954e-4,4.500033549459381e-5,31,Zonguldak,Merkez,aegypti,0.1721847565228512,0.1721847565228512,0.8278152434771489,0.2411008825210048,8.006510489177998e-5
TUR.81.6_1,2069,8,25.679669043597052,75.67301000835285,Zinguldak,Merkez,5.521747294940479e-4,5.343483645281477e-5,31,Zonguldak,Merkez,aegypti,0.14718830001697386,0.14718830001697386,0.8528116999830262,0.23296298597874499,8.127035713212383e-5
TUR.81.6_1,2069,9,23.809834704679602,75.10366171621403,Zinguldak,Merkez,4.401099237679789e-4,4.40100239073038e-5,30,Zonguldak,Merkez,aegypti,0.0016506042313684682,0.0016506042313684682,0.9983493957686316,0.1610656453340208,7.264470385237587e-7
TUR.81.6_1,2069,10,15.375518798828125,72.66520928724067,Zinguldak,Merkez,4.337099621717651e-4,4.1971051013889316e-5,31,Zonguldak,Merkez,aegypti,0,0,1,1.8018475111806877e-4,0
TUR.81.6_1,2069,11,11.684690216008354,75.06270238046201,Zinguldak,Merkez,2.515732901700043e-4,2.5157012574106297e-5,30,Zonguldak,Merkez,aegypti,0,0,1,0,0
TUR.81.6_1,2069,12,8.54749520736582,80.36501652799589,Zinguldak,Merkez,2.0692298114305835e-4,2.0024604131640977e-5,31,Zonguldak,Merkez,aegypti,0,0,1,0,0
TUR.81.6_1,2070,1,7.814213556401869,83.2170613921582,Zinguldak,Merkez,2.244269203108511e-4,2.171849837362405e-5,31,Zonguldak,Merkez,aegypti,0,0,1,0,0
TUR.81.6_1,2070,2,5.464316665249713,81.36324534586828,Zinguldak,Merkez,1.6787812813340864e-4,1.798678053588354e-5,28,Zonguldak,Merkez,aegypti,0,0,1,0,0
TUR.81.6_1,2070,3,9.936928415999693,75.18935687159804,Zinguldak,Merkez,2.060844006898251e-4,1.994345280631471e-5,31,Zonguldak,Merkez,aegypti,0,0,1,0,0
TUR.81.6_1,2070,4,13.637484592549942,75.76645624547106,Zinguldak,Merkez,2.7250871560213763e-4,2.725050025853548e-5,30,Zonguldak,Merkez,aegypti,0,0,1,0,0
TUR.81.6_1,2070,5,18.16334732841043,69.407578411545245,Zinguldak,Merkez,3.8089512855080256e-4,3.686013954040668e-5,31,Zonguldak,Merkez,aegypti,0,0,1,0.012174876783980555,0
TUR.81.6_1,2070,6,21.8636913580053,76.95667174475463,Zinguldak,Merkez,4.2841973375895126e-4,4.284105567164964e-5,30,Zonguldak,Merkez,aegypti,2.086925375066606e-9,2.086925375066606e-9,0.9999999979130746,0.09518014260702418,8.940626017306386e-13
TUR.81.6_1,2070,7,27.62088601729449,63.22289020093562,Zinguldak,Merkez,5.031079731921127e-4,4.868668313839919e-5,31,Zonguldak,Merkez,aegypti,0.10795290430937013,0.10795290430937013,0.8920470956906299,0.2184978697468235,5.431049201909399e-5
TUR.81.6_1,2070,8,26.36307778077967,69.37427725078449,Zinguldak,Merkez,5.97409004832032e-4,5.781210347710619e-5,31,Zonguldak,Merkez,aegypti,0.12388946776787656,0.12388946776787656,0.8761105322321234,0.22530553773556086,7.400994477724243e-5
TUR.81.6_1,2070,9,21.002606616300696,73.25047415517888,Zinguldak,Merkez,4.7616382556269084e-4,4.761524891427893e-5,30,Zonguldak,Merkez,aegypti,7.69923569343689e-14,7.69923569343689e-14,0.9999999999999231,0.06474837783439012,0
TUR.81.6_1,2070,10,15.179813385009766,81.71897363050239,Zinguldak,Merkez,4.692395777042988e-4,4.540925068208246e-5,31,Zonguldak,Merkez,aegypti,0,0,1,9.711593454148888e-5,0
TUR.81.6_1,2070,11,13.911859252873588,74.01369114999326,Zinguldak,Merkez,2.7218222945568963e-4,2.7217852533123477e-5,30,Zonguldak,Merkez,aegypti,0,0,1,0,0
TUR.81.6_1,2070,12,8.409178099211523,80.05605656705839,Zinguldak,Merkez,2.238741572886203e-4,2.166500633826729e-5,31,Zonguldak,Merkez,aegypti,0,0,1,0,0
TUR.81.6_1,2071,1,6.332462591283461,81.34859978327148,Zinguldak,Merkez,2.1740105779369546e-4,2.1038590730326767e-5,31,Zonguldak,Merkez,aegypti,0,0,1,0,0
TUR.81.6_1,2071,2,6.905954181271442,80.99893412760656,Zinguldak,Merkez,1.626225703497476e-4,1.742369502888419e-5,28,Zonguldak,Merkez,aegypti,0,0,1,0,0
TUR.81.6_1,2071,3,8.2399422175744,78.88449389552382,Zinguldak,Merkez,1.9963276527919065e-4,1.9319113249260944e-5,31,Zonguldak,Merkez,aegypti,0,0,1,0,0
TUR.81.6_1,2071,4,12.690455478780411,79.82303583531481,Zinguldak,Merkez,2.639776143960284e-4,2.639741302179477e-5,30,Zonguldak,Merkez,aegypti,0,0,1,0,0
TUR.81.6_1,2071,5,17.255764091716095,73.83319944426009,Zinguldak,Merkez,3.689709048304681e-4,3.570622427540027e-5,31,Zonguldak,Merkez,aegypti,0,0,1,0.005670736309201105,0
TUR.81.6_1,2071,6,21.779846219455496,76.58949187414916,Zinguldak,Merkez,4.150077146265866e-4,4.1499910317543964e-5,30,Zonguldak,Merkez,aegypti,8.673301062911421e-10,8.673301062911421e-10,0.9999999991326699,0.09120575078193036,3.5993430458347575e-13
TUR.81.6_1,2071,7,24.944471527548398,70.46967059644344,Zinguldak,Merkez,4.873577795609892e-4,4.7162543898804365e-5,31,Zonguldak,Merkez,aegypti,0.023309050845132916,0.023309050845132916,0.9766909491548671,0.18647130963816375,1.1359782740694158e-5
TUR.81.6_1,2071,8,27.617396018084357,66.15722097637043,Zinguldak,Merkez,5.787066427061027e-4,5.6002300461655e-5,31,Zonguldak,Merkez,aegypti,0.15607491618533312,0.15607491618533312,0.8439250838146669,0.2354037037374146,9.03175118841526e-5
TUR.81.6_1,2071,9,21.481459842008704,79.11160391592107,Zinguldak,Merkez,4.6125713981655755e-4,4.6124650207257645e-5,30,Zonguldak,Merkez,aegypti,1.2591492443148055e-10,1.2591492443148055e-10,0.999999999874085,0.08562528146594889,5.806466418789569e-14
TUR.81.6_1,2071,10,19.15504550933838,83.17416619642036,Zinguldak,Merkez,4.545496610223241e-4,4.398770938551788e-5,31,Zonguldak,Merkez,aegypti,0,0,1,0.030099485046173106,0
TUR.81.6_1,2071,11,12.11161873621099,86.7867700684503,Zinguldak,Merkez,2.6366134915701666e-4,2.6365787332172097e-5,30,Zonguldak,Merkez,aegypti,0,0,1,0,0
TUR.81.6_1,2071,12,7.186033091124366,79.78939396940214,Zinguldak,Merkez,2.168655994557395e-4,2.0986773270337267e-5,31,Zonguldak,Merkez,aegypti,0,0,1,0,0
TUR.81.6_1,2072,1,3.3464849415947406,84.79050194391601,Zinguldak,Merkez,2.134187710037135e-4,2.0653216171395705e-5,31,Zonguldak,Merkez,aegypti,0,0,1,0,0
TUR.81.6_1,2072,2,5.093083678799518,86.1760200040714,Zinguldak,Merkez,1.65345260006386e-4,1.710453578540605e-5,29,Zonguldak,Merkez,aegypti,0,0,1,0,0
TUR.81.6_1,2072,3,7.486627245650572,73.278826781266,Zinguldak,Merkez,1.9597595269471232e-4,1.896523493460922e-5,31,Zonguldak,Merkez,aegypti,0,0,1,0,0
TUR.81.6_1,2072,4,13.170670551412247,76.12992060093981,Zinguldak,Merkez,2.5914215233651154e-4,2.5913879463268508e-5,30,Zonguldak,Merkez,aegypti,0,0,1,0,0
TUR.81.6_1,2072,5,17.921012962565705,77.75031370207259,Zinguldak,Merkez,3.6221220744828505e-4,3.505217992716414e-5,31,Zonguldak,Merkez,aegypti,0,0,1,0.01126393506775333,0
TUR.81.6_1,2072,6,23.819116620456473,69.67677214758666,Zinguldak,Merkez,4.0740572889353473e-4,4.07397430034484e-5,30,Zonguldak,Merkez,aegypti,2.2014027281603605e-4,2.2014027281603605e-4,0.999779859727184,0.14606044953118003,8.968640430317976e-8
TUR.81.6_1,2072,7,26.762191940756406,57.06464892896297,Zinguldak,Merkez,0.00047843050723197237,4.629865469052419e-5,31,Zonguldak,Merkez,aegypti,0.01910649257803341,0.01910649257803341,0.9808935074219666,0.1793246101916655,9.141087155550842e-6
TUR.81.6_1,2072,8,27.962595603045294,64.08951391460285,Zinguldak,Merkez,5.681060695446314e-4,5.497649546726269e-5,31,Zonguldak,Merkez,aegypti,0.13600231555915038,0.13600231555915038,0.8639976844408497,0.2280842897890691,7.726075617531247e-5
TUR.81.6_1,2072,9,23.27856181649601,70.14607733511052,Zinguldak,Merkez,4.528079711081907e-4,4.527977195101229e-5,30,Zonguldak,Merkez,aegypti,9.990998043813426e-6,9.990998043813426e-6,0.9999900090019562,0.1287664222163733,4.524003505146368e-9
TUR.81.6_1,2072,10,18.025017738342285,75.77257012708442,Zinguldak,Merkez,4.4622335788079237e-4,4.318197323316397e-5,31,Zonguldak,Merkez,aegypti,0,0,1,0.012054846898235275,0
TUR.81.6_1,2072,11,12.082347610417534,75.3357202637628,Zinguldak,Merkez,2.5883168034844447e-4,2.5882833068591182e-5,30,Zonguldak,Merkez,aegypti,0,0,1,0,0
TUR.81.6_1,2072,12,6.773947557982276,84.41166264615995,Zinguldak,Merkez,2.1289312102955977e-4,2.0602347868381443e-5,31,Zonguldak,Merkez,aegypti,0,0,1,0,0
TUR.81.6_1,2073,1,6.777924818151137,85.62694298395508,Zinguldak,Merkez,2.314650938323981e-4,2.239959691552329e-5,31,Zonguldak,Merkez,aegypti,0,0,1,0,0
TUR.81.6_1,2073,2,8.760484515744098,79.4164985196964,Zinguldak,Merkez,1.731428949209173e-4,1.8550852386667316e-5,28,Zonguldak,Merkez,aegypti,0,0,1,0,0
TUR.81.6_1,2073,3,7.917074824080748,79.08015734767226,Zinguldak,Merkez,2.1254734092056928e-4,2.0568885966021355e-5,31,Zonguldak,Merkez,aegypti,0,0,1,0,0
TUR.81.6_1,2073,4,14.089599651448868,68.8830410233031,Zinguldak,Merkez,2.8105476535358995e-4,2.810508158013203e-5,30,Zonguldak,Merkez,aegypti,0,0,1,0,0
TUR.81.6_1,2073,5,18.13754853080301,67.5931634335179,Zinguldak,Merkez,3.9284024638488123e-4,3.801607540798724e-5,31,Zonguldak,Merkez,aegypti,0,0,1,0.011617184517026504,0
TUR.81.6_1,2073,6,22.81925585690667,62.455462485721426,Zinguldak,Merkez,4.418552539811868e-4,4.418454923216242e-5,30,Zonguldak,Merkez,aegypti,1.3644347127361733e-8,1.3644347127361733e-8,0.9999999863556529,0.09939331623365139,6.0288440906219876e-12
TUR.81.6_1,2073,7,27.416149307699765,59.270566287361405,Zinguldak,Merkez,5.188857649583382e-4,5.0213490708106434e-5,31,Zonguldak,Merkez,aegypti,0.053894597648566266,0.053894597648566266,0.9461054023514337,0.19754747173368373,2.7964748507081083e-5
TUR.81.6_1,2073,8,27.60481896119959,66.14451040508136,Zinguldak,Merkez,6.16144138003751e-4,5.9625074419478175e-5,31,Zonguldak,Merkez,aegypti,0.1548111993149691,0.1548111993149691,0.8451888006850309,0.2346334217572731,9.538146385412727e-5
TUR.81.6_1,2073,9,23.760501132291907,72.27414053701482,Zinguldak,Merkez,4.910966314148229e-4,4.91084572816769e-5,30,Zonguldak,Merkez,aegypti,4.1786989407111117e-4,4.1786989407111117e-4,0.9995821301059289,0.15045257455186112,2.0521447630095224e-7
TUR.81.6_1,2073,10,18.76937770843506,77.11711358411567,Zinguldak,Merkez,4.8395523466062974e-4,4.6833280835434365e-5,31,Zonguldak,Merkez,aegypti,0,0,1,0.02146688930531248,0
TUR.81.6_1,2073,11,11.968898513737846,84.68180485848936,Zinguldak,Merkez,2.8071804039021256e-4,2.8071410029584243e-5,30,Zonguldak,Merkez,aegypti,0,0,1,0,0
TUR.81.6_1,2073,12,9.825935682829687,79.62802464567167,Zinguldak,Merkez,2.308949958039151e-4,2.2344427372811282e-5,31,Zonguldak,Merkez,aegypti,0,0,1,0,0
TUR.81.6_1,2074,1,7.432425779454848,81.30711113581054,Zinguldak,Merkez,2.1276999860887045e-4,2.0590433040812428e-5,31,Zonguldak,Merkez,aegypti,0,0,1,0,0
TUR.81.6_1,2074,2,5.286811172085651,81.28465495280187,Zinguldak,Merkez,1.591583979316321e-4,1.7052540096429425e-5,28,Zonguldak,Merkez,aegypti,0,0,1,0,0
TUR.81.6_1,2074,3,10.428846979842467,74.7909117422035,Zinguldak,Merkez,1.9538020477824069e-4,1.8907583002159e-5,31,Zonguldak,Merkez,aegypti,0,0,1,0,0
TUR.81.6_1,2074,4,12.200538677327774,79.27059900670153,Zinguldak,Merkez,2.5835438529059774e-4,2.5835104797033992e-5,30,Zonguldak,Merkez,aegypti,0,0,1,0,0
TUR.81.6_1,2074,5,16.903575981364533,76.87860960051009,Zinguldak,Merkez,3.611111174168767e-4,3.494562655670386e-5,31,Zonguldak,Merkez,aegypti,0,0,1,0.003960249551342797,0
TUR.81.6_1,2074,6,21.835226087009207,78.48676970618041,Zinguldak,Merkez,4.061672549337984e-4,4.061590064530218e-5,30,Zonguldak,Merkez,aegypti,3.0748334864938443e-9,3.0748334864938443e-9,0.9999999969251665,0.09626600963418734,1.2488898804008386e-12
TUR.81.6_1,2074,7,24.887815643759335,79.83244449170711,Zinguldak,Merkez,4.769761248246373e-4,4.615791451245688e-5,31,Zonguldak,Merkez,aegypti,0.10571261267277607,0.10571261267277607,0.8942873873272239,0.2202293701972898,5.042112115027919e-5
TUR.81.6_1,2074,8,25.423159262713263,77.1378919053255,Zinguldak,Merkez,5.663790821126922e-4,5.480937682533771e-5,31,Zonguldak,Merkez,aegypti,0.1364594872886926,0.1364594872886926,0.8635405127113074,0.22972117795199662,7.728481253110875e-5
TUR.81.6_1,2074,9,23.293839679044837,74.19675558828435,Zinguldak,Merkez,4.5143147872920143e-4,4.5142128936359605e-5,30,Zonguldak,Merkez,aegypti,6.279799196475894e-5,6.279799196475894e-5,0.9999372020080353,0.13952824324105617,2.8348989933313362e-8
TUR.81.6_1,2074,10,18.35792064666748,81.89200066907661,Zinguldak,Merkez,4.44866882088313e-4,4.3050707042247005e-5,31,Zonguldak,Merkez,aegypti,0,0,1,0.017140242699382274,0
TUR.81.6_1,2074,11,11.063556411687065,80.04468937997373,Zinguldak,Merkez,2.580448571073061e-4,2.5804152777864076e-5,30,Zonguldak,Merkez,aegypti,0,0,1,0,0
TUR.81.6_1,2074,12,6.599479040678809,79.41498906217558,Zinguldak,Merkez,2.1224594655973043e-4,2.053971936932797e-5,31,Zonguldak,Merkez,aegypti,0,0,1,0,0
TUR.81.6_1,2075,1,10.288253110997816,77.78193413385742,Zinguldak,Merkez,2.368183533149371e-4,2.291764254636064e-5,31,Zonguldak,Merkez,aegypti,0,0,1,0,0
TUR.81.6_1,2075,2,7.459920703488239,82.76001200846594,Zinguldak,Merkez,1.771472950173776e-4,1.8979887202896784e-5,28,Zonguldak,Merkez,aegypti,0,0,1,0,0
TUR.81.6_1,2075,3,8.029337549910826,80.82501513575819,Zinguldak,Merkez,2.1746307594321319e-4,2.1044592360408565e-5,31,Zonguldak,Merkez,aegypti,0,0,1,0,0
TUR.81.6_1,2075,4,10.768898052327774,84.91370355992419,Zinguldak,Merkez,2.87554920788825e-4,2.8755078643638576e-5,30,Zonguldak,Merkez,aegypti,0,0,1,0,0
TUR.81.6_1,2075,5,18.500927055583283,78.46904844328353,Zinguldak,Merkez,4.019257449335546e-4,3.8895283391182645e-5,31,Zonguldak,Merkez,aegypti,0,0,1,0.018053678925545134,0
TUR.81.6_1,2075,6,23.823987988864676,67.400366813114,Zinguldak,Merkez,4.52074357817194e-4,4.5206413941012435e-5,30,Zonguldak,Merkez,aegypti,8.682180496729675e-5,8.682180496729675e-5,0.9999131781950327,0.13973062347817725,3.9249910988026215e-8
TUR.81.6_1,2075,7,27.80051820418414,64.9555256989825,Zinguldak,Merkez,5.308864087514323e-4,5.1374784343249935e-5,31,Zonguldak,Merkez,aegypti,0.14409952649362145,0.14409952649362145,0.8559004735063785,0.23061403178574763,7.649755403582592e-5
TUR.81.6_1,2075,8,28.717558524187872,64.7641354966341,Zinguldak,Merkez,6.303941460493171e-4,6.100402428033114e-5,31,Zonguldak,Merkez,aegypti,0.16805583626061416,0.16805583626061416,0.8319441637393858,0.23904101483286774,1.0593580379458789e-4
TUR.81.6_1,2075,9,23.64092753915226,75.363297641507,Zinguldak,Merkez,5.024545759559897e-4,5.0244195313742246e-5,30,Zonguldak,Merkez,aegypti,7.276212431731289e-4,7.276212431731289e-4,0.9992723787568268,0.15499776831453688,3.655965563620356e-7
TUR.81.6_1,2075,10,15.724357604980469,85.87570428235786,Zinguldak,Merkez,4.951480149895173e-4,4.7916401810232934e-5,31,Zonguldak,Merkez,aegypti,0,0,1,6.157625025102735e-4,0
TUR.81.6_1,2075,11,12.154226043645073,82.83379765634092,Zinguldak,Merkez,2.8721040814535577e-4,2.872062836933864e-5,30,Zonguldak,Merkez,aegypti,0,0,1,0,0
TUR.81.6_1,2075,12,12.157369932707617,66.43883854948027,Zinguldak,Merkez,2.362350702198575e-4,2.2861197087276075e-5,31,Zonguldak,Merkez,aegypti,0,0,1,0,0
