district_id,year,month,species,temp_c,rh,lambda_import,lambda_local_i1_mean,lambda_local_i1_p2_5,lambda_local_i1_p97_5,p_establishment_mean,p_establishment_p2_5,p_establishment_p97_5,q_extinction_mean,q_extinction_p2_5,q_extinction_p97_5,q_import_month,p_month_major_mean,p_month_major_p2_5,p_month_major_p97_5
TUR.10.4_1,2025,1,aegypti,1.9657135480631363,81.5102606665912,0.001126005959446217,0,0,0,0,0,0,1,1,1,1.0896238182445117e-4,0,0,0
TUR.10.4_1,2025,2,aegypti,3.5756135087542456,70.99600939237706,8.422865335275644e-4,0,0,0,0,0,0,1,1,1,9.024091377884957e-5,0,0,0
TUR.10.4_1,2025,3,aegypti,6.340497035642757,78.78458372269813,0.0010339769534075157,0,0,0,0,0,0,1,1,1,1.0005727975004319e-4,0,0,0
TUR.10.4_1,2025,4,aegypti,12.522296106114107,66.99001559929393,0.001367244345482404,0,0,0,0,0,0,1,1,1,1.3671508818868805e-4,0,0,0
TUR.10.4_1,2025,5,aegypti,15.194339640000287,82.29067097431889,0.0019110460727179512,1.0510319957810038e-4,1.036757070005259e-4,1.0658104791725232e-4,0,0,0,1,1,1,1.849228421840765e-4,0,0,0
TUR.10.4_1,2025,6,aegypti,18.075207317576687,86.63648591833791,0.0021494888968256118,0.014798943526019044,0.014701103511192628,0.014897192408406198,0,0,0,1,1,1,2.1492578982507116e-4,0,0,0
TUR.10.4_1,2025,7,aegypti,20.67627721674302,85.82045300119134,0.0025242184639639948,0.06892744362356384,0.06858748448904653,0.06923306673492795,2.5173529927258186e-14,2.186861802755402e-14,2.853273173286652e-14,0.9999999999999748,0.9999999999999715,0.9999999999999781,2.4424937245404177e-4,1.0735856648125263e-16,0,1.1102230246251565e-16
TUR.10.4_1,2025,8,aegypti,23.336569786071777,85.56484474353869,0.002997350312235147,0.1718691981825995,0.17113187878316993,0.1725203871157183,0.0017542645017293568,0.0015855437928524953,0.0019127900199389202,0.9982457354982707,0.9980872099800612,0.9984144562071474,2.900240941274834e-4,5.2581313964945585e-6,4.752418889789057e-6,5.733285328188287e-6
TUR.10.4_1,2025,9,aegypti,21.33476978189805,80.64357407747113,0.0023890329400486593,0.08323821574237514,0.08285725517236735,0.08361396167402388,5.3297724011969194e-12,4.670888675839535e-12,6.040634659143506e-12,0.9999999999946703,0.9999999999939594,0.9999999999953292,2.38874758885399e-4,1.2732814802518533e-14,1.1210476991152518e-14,1.4432899320127035e-14
TUR.10.4_1,2025,10,aegypti,16.77194219477036,82.89293431083571,0.002354292257681175,0.003689281186456942,0.0036567902874160008,0.003723089157160112,0,0,0,1,1,1,2.2780878225214796e-4,0,0,0
TUR.10.4_1,2025,11,aegypti,9.891834546537961,73.60925639741846,0.00136560628287357,0,0,0,0,0,0,1,1,1,1.3655130430922924e-4,0,0,0
TUR.10.4_1,2025,12,aegypti,5.2754260674119,73.84113307619232,0.0011232326091888982,0,0,0,0,0,0,1,1,1,1.0869402229818359e-4,0,0,0
TUR.10.4_1,2026,1,aegypti,5.386256086229182,74.13976200936463,0.0010668487846904398,0,0,0,0,0,0,1,1,1,1.0323810135692835e-4,0,0,0
TUR.10.4_1,2026,2,aegypti,1.5337925952010076,80.52215532743566,7.980351765606498e-4,0,0,0,0,0,0,1,1,1,8.550011357411069e-5,0,0,0
TUR.10.4_1,2026,3,aegypti,6.737254161497249,72.80940214310829,9.79654722860657e-4,0,0,0,0,0,0,1,1,1,9.480080188062345e-5,0,0,0
TUR.10.4_1,2026,4,aegypti,10.405821000828462,76.2376886339619,0.0012954131868628445,0,0,0,0,0,0,1,1,1,1.2953292857198484e-4,0,0,0
TUR.10.4_1,2026,5,aegypti,14.795085794785443,84.62063465840092,0.0018106451063272246,4.610471928422262e-6,4.537513005912289e-6,4.686028468563804e-6,0,0,0,1,1,1,1.752083691877182e-4,0,0,0
TUR.10.4_1,2026,6,aegypti,16.16892966102151,88.49244294958791,0.0020365608175038534,0.0016221672030165965,0.001605694247235665,0.0016379048179514285,0,0,0,1,1,1,2.0363534525824623e-4,0,0,0
TUR.10.4_1,2026,7,aegypti,19.954179819892435,83.88656170480462,0.0023916031509261157,0.04750997822684554,0.047272691914016174,0.047751344488724666,0,0,0,1,1,1,2.314186847829358e-4,0,0,0
TUR.10.4_1,2026,8,aegypti,21.21584415435791,89.36805977039415,0.002839877987388498,0.09132160348368387,0.09090822931586041,0.0917036451066484,7.289094317020072e-11,6.403020891276867e-11,8.183236310799203e-11,0.9999999999271091,0.9999999999181676,0.9999999999359699,2.747891405516789e-4,2.070029703205023e-13,1.8185175587603907e-13,2.3237800572672993e-13
TUR.10.4_1,2026,9,aegypti,20.747897681067972,81.0951045340141,0.002263519892851934,0.06602035822886926,0.06565822046279231,0.06634976878968551,7.37632177560954e-15,6.328271240363392e-15,8.43769498715119e-15,0.9999999999999927,0.9999999999999916,0.9999999999999937,2.263263736064225e-4,0,0,0
TUR.10.4_1,2026,10,aegypti,12.93986135370591,88.65097569267165,0.0022306043878742386,0,0,0,0,0,0,1,1,1,2.1584164360211044e-4,0,0,0
TUR.10.4_1,2026,11,aegypti,12.600487042875852,70.11733592622706,0.0012938611834397533,0,0,0,0,0,0,1,1,1,1.2937774832111337e-4,0,0,0
TUR.10.4_1,2026,12,aegypti,4.658952631056309,78.27014918947357,0.0010642211384273626,0,0,0,0,0,0,1,1,1,1.029838392287985e-4,0,0,0
TUR.10.4_1,2027,1,aegypti,1.3178260797251236,78.31272038338807,0.0010547005395436801,0,0,0,0,0,0,1,1,1,0.00010206258540934598,0,0,0
TUR.10.4_1,2027,2,aegypti,2.4267673593096655,84.70047716581456,7.889479215534563e-4,0,0,0,0,0,0,1,1,1,8.452656188095986e-5,0,0,0
TUR.10.4_1,2027,3,aegypti,4.539976615568294,78.74471250687782,9.684993596046118e-4,0,0,0,0,0,0,1,1,1,9.37213523575231e-5,0,0,0
TUR.10.4_1,2027,4,aegypti,8.463714277043062,78.48745975212596,0.0012806622707197274,0,0,0,0,0,0,1,1,1,1.280580269428233e-4,0,0,0
TUR.10.4_1,2027,5,aegypti,15.688494570115033,74.57418690449467,0.0017900272259480236,4.683834074261482e-4,4.6206947305798114e-4,4.745141086101676e-4,0,0,0,1,1,1,1.732134380406647e-4,0,0,0
TUR.10.4_1,2027,6,aegypti,18.603863323436062,86.30595002966604,0.002013370426867095,0.021965980746465535,0.021829198947114645,0.022102514191070604,0,0,0,1,1,1,2.013167757445311e-4,0,0,0
TUR.10.4_1,2027,7,aegypti,20.820234354804544,89.60231335275384,0.002364369880580644,0.07781925130509332,0.07746665569646383,0.07816981690551054,7.916600708313127e-13,6.945499730903748e-13,8.974210263801297e-13,0.9999999999992083,0.9999999999991026,0.9999999999993054,2.2878381343427456e-4,1.8721690864254014e-15,1.6653345369377348e-15,2.1094237467877974e-15
TUR.10.4_1,2027,8,aegypti,24.242478370666504,92.88365425281603,0.0028075401954982516,0.24462652454032657,0.24368991754498673,0.24547729137569804,0.18285930854082,0.1797640344755466,0.18565812827535574,0.81714069145918,0.8143418717246442,0.8202359655244534,2.716605318675569e-4,5.13253090697732e-4,5.045674155213758e-4,5.211068343999481e-4
TUR.10.4_1,2027,9,aegypti,17.628123816321878,83.52886613069379,0.0022377451111326007,0.009556030582610864,0.00948640552123574,0.009624596817346388,0,0,0,1,1,1,2.23749475464885e-4,0,0,0
TUR.10.4_1,2027,10,aegypti,13.965504702399757,84.82090519706618,0.002205204416183596,0,0,0,0,0,0,1,1,1,2.1338410935722862e-4,0,0,0
TUR.10.4_1,2027,11,aegypti,9.297504712553586,73.05932201021143,0.001279127940014947,0,0,0,0,0,0,1,1,1,1.2790461350886684e-4,0,0,0
TUR.10.4_1,2027,12,aegypti,4.361113466322422,74.93762965822357,0.001052102814382282,0,0,0,0,0,0,1,1,1,1.0181121827790296e-4,0,0,0
TUR.10.4_1,2028,1,aegypti,2.2980104857672226,76.63059147713807,0.0010439410373659112,0,0,0,0,0,0,1,1,1,1.0102144899293286e-4,0,0,0
TUR.10.4_1,2028,2,aegypti,4.838685761027805,71.61239580595128,8.087887557538202e-4,0,0,0,0,0,0,1,1,1,8.36643022663619e-5,0,0,0
TUR.10.4_1,2028,3,aegypti,8.946312446256771,71.02184263383094,9.58619236689967e-4,0,0,0,0,0,0,1,1,1,9.276530058399679e-5,0,0,0
TUR.10.4_1,2028,4,aegypti,11.199972306980806,80.21775302605174,0.0012675976253780673,0,0,0,0,0,0,1,1,1,1.2675172885856512e-4,0,0,0
TUR.10.4_1,2028,5,aegypti,13.215268976548138,84.72950611836185,0.0017717663062710633,0,0,0,0,0,0,1,1,1,1.7144655680456644e-4,0,0,0
TUR.10.4_1,2028,6,aegypti,17.455156887278836,89.76124177771291,0.0019928310768996577,0.008888051516001513,0.008817142766970525,0.00895400731867361,0,0,0,1,1,1,1.9926325213048823e-4,0,0,0
TUR.10.4_1,2028,7,aegypti,20.706586893867044,90.41083843820306,0.0023402498181312914,0.07501684459751436,0.07468530254442644,0.07534670592891833,2.79553824533707e-13,2.459921155661959e-13,3.159750239234427e-13,0.9999999999997204,0.999999999999684,0.999999999999754,2.2645014514588446e-4,6.5625282985593e-16,5.551115123125783e-16,7.771561172376096e-16
TUR.10.4_1,2028,8,aegypti,20.22187900543213,91.71339668445665,0.0027788991417440675,0.061167712749743496,0.060867804948479876,0.06145183934713967,8.343326030058051e-16,7.771561172376096e-16,9.992007221626409e-16,0.9999999999999991,0.999999999999999,0.9999999999999992,2.688895661134838e-4,0,0,0
TUR.10.4_1,2028,9,aegypti,19.721629675696878,79.587879497393,0.002214916808222146,0.03935807164260404,0.039135825441931484,0.03956922222326288,0,0,0,1,1,1,2.2146715335080724e-4,0,0,0
TUR.10.4_1,2028,10,aegypti,12.535780962775734,84.63954685966384,0.002182708076389725,0,0,0,0,0,0,1,1,1,2.112075063976926e-4,0,0,0
TUR.10.4_1,2028,11,aegypti,5.703599263640012,79.05849803560206,0.0012660789471110557,0,0,0,0,0,0,1,1,1,1.2659988026986202e-4,0,0,0
TUR.10.4_1,2028,12,aegypti,3.9574791565537453,77.44739528322357,0.001041369812835245,0,0,0,0,0,0,1,1,1,1.007726459185676e-4,0,0,0
TUR.10.4_1,2029,1,aegypti,2.585593270658351,80.35810765145447,0.001044550913477506,0,0,0,0,0,0,1,1,1,1.0108046329770914e-4,0,0,0
TUR.10.4_1,2029,2,aegypti,2.635614882045261,71.76618914091222,7.813556941019398e-4,0,0,0,0,0,0,1,1,1,8.37131773673283e-5,0,0,0
TUR.10.4_1,2029,3,aegypti,6.635465163847103,75.03612486039344,9.591792673350385e-4,0,0,0,0,0,0,1,1,1,9.281949206907392e-5,0,0,0
TUR.10.4_1,2029,4,aegypti,11.801244889988618,74.38216647820018,0.0012683381629018946,0,0,0,0,0,0,1,1,1,1.2682577322176147e-4,0,0,0
TUR.10.4_1,2029,5,aegypti,14.94385326609892,77.22593556172123,0.00177280138191887,2.1660440177819984e-5,2.1281032067441372e-5,2.2031410251675685e-5,0,0,0,1,1,1,1.71546708237158e-4,0,0,0
TUR.10.4_1,2029,6,aegypti,17.30479201148538,84.78430543738088,0.001993995299805687,0.007071121137916705,0.00701261932239507,0.007129713942133873,0,0,0,1,1,1,1.993796512156365e-4,0,0,0
TUR.10.4_1,2029,7,aegypti,20.031726893256693,86.75939495675775,0.00234161700498204,0.05163674208580363,0.051369964555064505,0.0518917147936574,0,0,0,1,1,1,2.2658242358075675e-4,0,0,0
TUR.10.4_1,2029,8,aegypti,22.319058418273926,87.42350258045275,0.002780522589948918,0.13152792347795786,0.13096591473080463,0.13202468256097144,1.8063056079948848e-6,1.6060356540004152e-6,1.997339501955131e-6,0.999998193694392,0.9999980026604981,0.999998393964346,2.6904663174731613e-4,5.022473534066485e-9,4.465618363980184e-9,5.553647602907219e-9
TUR.10.4_1,2029,9,aegypti,19.67801814920762,87.48245652376019,0.0022162107748372657,0.043399500028261095,0.043167723761320054,0.0436203661182631,0,0,0,1,1,1,2.2159652134678964e-4,0,0,0
TUR.10.4_1,2029,10,aegypti,13.797747668098,79.45858525077712,0.00218398322648607,0,0,0,0,0,0,1,1,1,2.1133088194902339e-4,0,0,0
TUR.10.4_1,2029,11,aegypti,6.741824437590207,82.15520061128565,0.0012668185974146636,0,0,0,0,0,0,1,1,1,1.2667383593345516e-4,0,0,0
TUR.10.4_1,2029,12,aegypti,4.041211761534214,73.41589351320404,0.0010419781868232882,0,0,0,0,0,0,1,1,1,1.0083151488593511e-4,0,0,0
TUR.10.4_1,2030,1,aegypti,3.8657716387499343,80.45009526131776,0.001028455282916217,0,0,0,0,0,0,1,1,1,9.952297786464115e-5,0,0,0
TUR.10.4_1,2030,2,aegypti,4.000797043376438,76.83013109647862,7.693156753465541e-4,0,0,0,0,0,0,1,1,1,8.242328251595321e-5,0,0,0
TUR.10.4_1,2030,3,aegypti,4.194285888334408,82.18651548539344,9.443991403638459e-4,0,0,0,0,0,0,1,1,1,9.138928894103504e-5,0,0,0
TUR.10.4_1,2030,4,aegypti,10.523950731053072,76.62612399773143,0.0012487941634343259,0,0,0,0,0,0,1,1,1,1.2487161923369072e-4,0,0,0
TUR.10.4_1,2030,5,aegypti,15.22605598674101,83.02466450459232,0.0017454840384234606,1.2244203266522445e-4,1.2067494043559298e-4,1.242439633636898e-4,0,0,0,1,1,1,1.6890354435994404e-4,0,0,0
TUR.10.4_1,2030,6,aegypti,17.150930965647976,85.53833375769338,0.0019632695484109847,0.006058378949765547,0.006011326058319125,0.006106815778740645,0,0,0,1,1,1,1.9630768396561304e-4,0,0,0
TUR.10.4_1,2030,7,aegypti,19.945283945868997,88.26723797433587,0.0023055347022987297,0.050570155295276586,0.05032264213091119,0.0508178070774034,0,0,0,1,1,1,2.2309137293075043e-4,0,0,0
TUR.10.4_1,2030,8,aegypti,22.577738761901855,89.98900856189806,0.0027376771299548797,0.14890190726770913,0.14831624792630188,0.14943782032718456,4.922527346912942e-5,4.43590905835789e-5,5.399461244228743e-5,0.9999507747265308,0.9999460053875577,0.9999556409094165,2.6490140387280814e-4,1.3476289628899795e-7,1.214408604011119e-7,1.478198046606094e-7
TUR.10.4_1,2030,9,aegypti,18.48817211038926,77.98440964876019,0.002182060874226895,0.017817189444544673,0.01769313821095064,0.0179307499158384,0,0,0,1,1,1,2.181822822059365e-4,0,0,0
TUR.10.4_1,2030,10,aegypti,15.079580363105324,83.56203984062087,0.0021503299246584525,6.055659197854428e-5,5.9637559001687216e-5,6.151244882709442e-5,0,0,0,1,1,1,2.080747937585059e-4,0,0,0
TUR.10.4_1,2030,11,aegypti,6.812552262755002,80.84498942964503,0.001247298013143406,0,0,0,0,0,0,1,1,1,1.2472202287605594e-4,0,0,0
TUR.10.4_1,2030,12,aegypti,6.22461811453104,84.68695827150482,0.0010259221997654677,0,0,0,0,0,0,1,1,1,9.927786515229187e-5,0,0,0
TUR.10.4_1,2031,1,aegypti,5.147630321382381,75.82160099862244,0.001165958846219597,0,0,0,0,0,0,1,1,1,1.1282836145509734e-4,0,0,0
TUR.10.4_1,2031,2,aegypti,5.627388248973362,70.73110918485753,8.721725019120657e-4,0,0,0,0,0,0,1,1,1,9.344268773636699e-5,0,0,0
TUR.10.4_1,2031,3,aegypti,6.691677112241878,74.0686108223075,0.001070664471621089,0,0,0,0,0,0,1,1,1,1.0360732319258936e-4,0,0,0
TUR.10.4_1,2031,4,aegypti,11.058575784458833,73.54623660759471,0.0014157568405259188,0,0,0,0,0,0,1,1,1,1.415656626884143e-4,0,0,0
TUR.10.4_1,2031,5,aegypti,13.835385210373822,82.16825733906498,0.0019788537132739248,0,0,0,0,0,0,1,1,1,1.9148363692000903e-4,0,0,0
TUR.10.4_1,2031,6,aegypti,18.071501339183133,81.07728181677541,0.002225756953664092,0.013561567802901495,0.013465745618368817,0.013655429451782114,0,0,0,1,1,1,2.2255092723399983e-4,0,0,0
TUR.10.4_1,2031,7,aegypti,20.612855967353372,96.36520702951165,0.002613782656440941,0.07882435224113472,0.07848788212017786,0.07915844261044597,1.1389096332692362e-12,1.0069389766442783e-12,1.2815498662277493e-12,0.9999999999988611,0.9999999999987185,0.9999999999989931,2.529147203662596e-4,2.975952817507732e-15,2.6645352591003757e-15,3.3306690738754696e-15
TUR.10.4_1,2031,8,aegypti,22.410330772399902,93.288797990609,0.003103702145136442,0.14914321006242054,0.14852976204863522,0.14968891784300284,5.135069718163898e-5,4.605800320457986e-5,5.640745291365101e-5,0.9999486493028183,0.9999435925470863,0.9999539419967954,3.0031316907996874e-4,1.593772562654694e-7,1.429503131367138e-7,1.750719172410875e-7
TUR.10.4_1,2031,9,aegypti,18.623706396888284,87.24718888460004,0.002473800486570866,0.02259200903671987,0.02245358250188878,0.022735230661646934,0,0,0,1,1,1,2.473494527358566e-4,0,0,0
TUR.10.4_1,2031,10,aegypti,14.984412249396827,83.5919318083943,0.0024378271370603583,3.3269586805904076e-5,3.274804527549143e-5,3.376138902817915e-5,0,0,0,1,1,1,2.3589092855813565e-4,0,0,0
TUR.10.4_1,2031,11,aegypti,10.085946370573605,80.6823841440005,0.0014140606562620531,0,0,0,0,0,0,1,1,1,1.4139606825969153e-4,0,0,0
TUR.10.4_1,2031,12,aegypti,8.595172084867954,74.16262813234466,0.00116308709208805,0,0,0,0,0,0,1,1,1,1.1255048108271826e-4,0,0,0
TUR.10.4_1,2032,1,aegypti,2.606942283510066,78.78694065926697,0.00112443308760628,0,0,0,0,0,0,1,1,1,1.0881018499453443e-4,0,0,0
TUR.10.4_1,2032,2,aegypti,4.4002266030840795,83.46768145048253,8.711496198561128e-4,0,0,0,0,0,0,1,1,1,9.011486560350779e-5,0,0,0
TUR.10.4_1,2032,3,aegypti,7.028916854520931,76.14108244095985,0.0010325326331359266,0,0,0,0,0,0,1,1,1,9.991752079607785e-5,0,0,0
TUR.10.4_1,2032,4,aegypti,11.548327600254732,74.91903171257518,0.0013653344975714926,0,0,0,0,0,0,1,1,1,1.365241294898345e-4,0,0,0
TUR.10.4_1,2032,5,aegypti,17.480913050034466,77.2991472316431,0.001908376610334219,0.00753373998835768,0.007474508087763618,0.007593929346955328,0,0,0,1,1,1,1.8466455485344202e-4,0,0,0
TUR.10.4_1,2032,6,aegypti,18.103119457469266,86.58011995154104,0.0021464863633774436,0.015125100335398215,0.015024629146018173,0.015227195653148657,0,0,0,1,1,1,2.146256009674108e-4,0,0,0
TUR.10.4_1,2032,7,aegypti,20.01651388056138,87.89496929757806,0.0025206924860537447,0.052136440976354254,0.05185592698499449,0.052395945375273034,0,0,0,1,1,1,2.439082320707664e-4,0,0,0
TUR.10.4_1,2032,8,aegypti,21.08690357208252,92.6809870164879,0.0029931634357261996,0.09130787119003288,0.09092571270070754,0.09170416029863561,7.2579211640722e-11,6.437797239744469e-11,8.184532773736208e-11,0.9999999999274208,0.9999999999181546,0.999999999935622,2.896190299602752e-4,2.1724044785287334e-13,1.927319415173656e-13,2.4492352590499425e-13
TUR.10.4_1,2032,9,aegypti,17.385322150062112,92.10760911165082,0.0023856957972879476,0.008582628831003627,0.008523670831091248,0.008646395859026788,0,0,0,1,1,1,2.3854112426957563e-4,0,0,0
TUR.10.4_1,2032,10,aegypti,15.291791971992042,84.32378147880446,0.002351003642763978,1.6363759655280827e-4,1.6145660732302735e-4,1.6587738478838747e-4,0,0,0,1,1,1,2.2749060164584112e-4,0,0,0
TUR.10.4_1,2032,11,aegypti,8.88283329150256,80.55071605318018,0.0013636987231055657,0,0,0,0,0,0,1,1,1,1.3636057436217097e-4,0,0,0
TUR.10.4_1,2032,12,aegypti,5.51247850805521,72.78430171632904,0.0011216636113289215,0,0,0,0,0,0,1,1,1,1.0854220028799766e-4,0,0,0
TUR.10.4_1,2033,1,aegypti,4.185930835603572,76.3559409034076,0.0011042902768190258,0,0,0,0,0,0,1,1,1,1.0686109092927776e-4,0,0,0
TUR.10.4_1,2033,2,aegypti,5.100694428019993,76.33489183866612,8.260425457495271e-4,0,0,0,0,0,0,1,1,1,8.850064206022967e-5,0,0,0
TUR.10.4_1,2033,3,aegypti,6.643027324339046,73.06095091019813,0.001014036103915857,0,0,0,0,0,0,1,1,1,9.812771134654064e-5,0,0,0
TUR.10.4_1,2033,4,aegypti,11.741853868260103,73.51462802605174,0.0013408762396733371,0,0,0,0,0,0,1,1,1,1.3407863462366887e-4,0,0,0
TUR.10.4_1,2033,5,aegypti,14.054036028244916,88.00001393086185,0.0018741904329649492,0,0,0,0,0,0,1,1,1,1.8135682056952263e-4,0,0,0
TUR.10.4_1,2033,6,aegypti,16.06953581641702,90.19427858191213,0.0021080347479354115,0.0013912742459702059,0.0013770851313054686,0.0014052475783829423,0,0,0,1,1,1,2.107812573022283e-4,0,0,0
TUR.10.4_1,2033,7,aegypti,21.30666166193345,83.30437023751946,0.00247553743649226,0.08594736803558586,0.08554811432391658,0.08633623558004205,1.317932485367379e-11,1.1529899257567423e-11,1.4939049997053644e-11,0.9999999999868207,0.999999999985061,0.9999999999884701,2.3953944486021506e-4,3.262579095775209e-14,2.853273173286652e-14,3.697042672001771e-14
TUR.10.4_1,2033,8,aegypti,20.35909938812256,92.10675300769884,0.0029395446607135313,0.06571014758237219,0.06541913209296454,0.06600047345734379,6.446954081695822e-15,5.662137425588298e-15,7.327471962526033e-15,0.9999999999999936,0.9999999999999927,0.9999999999999943,2.844316055989893e-4,0,0,0
TUR.10.4_1,2033,9,aegypti,16.903460081885843,87.76627000032269,0.002342959044367399,0.004699294420504475,0.004657976197738552,0.004736618793164976,0,0,0,1,1,1,2.3426845929475082e-4,0,0,0
TUR.10.4_1,2033,10,aegypti,11.805398997138527,85.18183659355056,0.0023088883563513797,0,0,0,0,0,0,1,1,1,2.2341584764085098e-4,0,0,0
TUR.10.4_1,2033,11,aegypti,10.988128949614133,74.92185557954737,0.0013392697680587055,0,0,0,0,0,0,1,1,1,1.339180089886538e-4,0,0,0
TUR.10.4_1,2033,12,aegypti,6.25970283895731,73.29360957765716,0.001101570412241331,0,0,0,0,0,0,1,1,1,1.0659790632083777e-4,0,0,0
TUR.10.4_1,2034,1,aegypti,3.74089490115533,76.55995854256776,0.0011220584417567104,0,0,0,0,0,0,1,1,1,1.0858040553618498e-4,0,0,0
TUR.10.4_1,2034,2,aegypti,4.4527707200579565,80.18448595487706,8.393336708336864e-4,0,0,0,0,0,0,1,1,1,8.992456413325911e-5,0,0,0
TUR.10.4_1,2034,3,aegypti,9.568304080625667,74.43638578568641,0.0010303520682282885,0,0,0,0,0,0,1,1,1,9.970651944823938e-5,0,0,0
TUR.10.4_1,2034,4,aegypti,10.762887155308443,76.01148471550486,0.001362451101544047,0,0,0,0,0,0,1,1,1,1.362358292108512e-4,0,0,0
TUR.10.4_1,2034,5,aegypti,15.776381380417767,79.59984455830326,0.0019043463851059726,6.327378533433022e-4,6.251907071172752e-4,6.403183542340106e-4,0,0,0,1,1,1,1.842746050042532e-4,0,0,0
TUR.10.4_1,2034,6,aegypti,19.933710659251492,85.77368532019338,0.0021419532835613713,0.048385946314220905,0.04814976915389575,0.04863370640190296,0,0,0,1,1,1,2.141723901746273e-4,0,0,0
TUR.10.4_1,2034,7,aegypti,22.12612539179185,88.44474346749993,0.0025153691350993613,0.12552263452805443,0.12499769833795933,0.12602539592573977,5.067133218418229e-7,4.51163047046621e-7,5.642443869163793e-7,0.9999994932866781,0.9999994357556131,0.999999548836953,2.4339319459509845e-4,1.2745710480377425e-9,1.1348416484313617e-9,1.4192829272952068e-9
TUR.10.4_1,2034,8,aegypti,22.42187213897705,89.86120857410509,0.002986842292024477,0.14151681795930854,0.14096765159596647,0.14207554299951505,1.2887488962318838e-5,1.160557616568525e-5,1.4290181639958766e-5,0.9999871125110377,0.99998570981836,0.9999883944238342,2.8900748335591864e-4,3.849289632862352e-8,3.466402506424604e-8,4.268251796724076e-8
TUR.10.4_1,2034,9,aegypti,18.438585814307718,90.14223893342816,0.0023806575405114364,0.02065564675722016,0.02052637584771978,0.02078341297946277,0,0,0,1,1,1,2.3803741864814043e-4,0,0,0
TUR.10.4_1,2034,10,aegypti,12.646494921515968,88.02747105399978,0.0023460386509790974,0,0,0,0,0,0,1,1,1,2.2701022775983848e-4,0,0,0
TUR.10.4_1,2034,11,aegypti,8.366699983091916,79.92814220064112,0.0013608187816056406,0,0,0,0,0,0,1,1,1,1.3607261944181825e-4,0,0,0
TUR.10.4_1,2034,12,aegypti,7.566662468016148,73.33470912599701,0.0011192948142269739,0,0,0,0,0,0,1,1,1,1.083129867145427e-4,0,0,0
TUR.10.4_1,2035,1,aegypti,3.120018946527339,77.97828587411072,9.942445975914425e-4,0,0,0,0,0,0,1,1,1,9.62125903936073e-5,0,0,0
TUR.10.4_1,2035,2,aegypti,1.037916655474178,80.27610735380284,7.43725047419524e-4,0,0,0,0,0,0,1,1,1,7.968165175775699e-5,0,0,0
TUR.10.4_1,2035,3,aegypti,2.672528524061336,84.89140287553016,9.12984510725926e-4,0,0,0,0,0,0,1,1,1,8.834943670632533e-5,0,0,0
TUR.10.4_1,2035,4,aegypti,11.577551996006685,70.14223727898143,0.0012072540937100233,0,0,0,0,0,0,1,1,1,1.2071812235203705e-4,0,0,0
TUR.10.4_1,2035,5,aegypti,14.04234016642851,80.6007829738306,0.0016874220048379064,0,0,0,0,0,0,1,1,1,1.6328557115374842e-4,0,0,0
TUR.10.4_1,2035,6,aegypti,15.828699672923367,86.45721803503713,0.001897963066112646,8.003287875675728e-4,7.909647044254442e-4,8.093844166676783e-4,0,0,0,1,1,1,1.8977829643174182e-4,0,0,0
TUR.10.4_1,2035,7,aegypti,20.96928602106431,91.61894543283196,0.0022288430624035657,0.08554310272347175,0.0851775951068148,0.08592724097645596,1.1533309751676768e-11,1.0199066591276563e-11,1.3064074821933501e-11,0.9999999999884667,0.999999999986936,0.9999999999898009,2.1567122952592666e-4,2.570599288986841e-14,2.275957200481571e-14,2.909061880274066e-14
TUR.10.4_1,2035,8,aegypti,21.117440223693848,92.42210640125353,0.002646610641825081,0.09207281253469167,0.09168788002802337,0.09244505321053414,9.178944959664647e-11,8.143729302023673e-11,1.0264960548234114e-10,0.9999999999082105,0.9999999998973504,0.9999999999185627,2.560908136473028e-4,2.429328960218413e-13,2.1549428907974288e-13,2.716715741257758e-13
TUR.10.4_1,2035,9,aegypti,18.075335081885843,89.38460953889691,0.002109476485612538,0.015423194863020453,0.01532794404700163,0.015526888699361252,0,0,0,1,1,1,2.1092540067046972e-4,0,0,0
TUR.10.4_1,2035,10,aegypti,14.92783456690171,85.9254507903279,0.00207880103894128,2.2373684101673856e-5,2.2010942014001503e-5,2.2717421099108436e-5,0,0,0,1,1,1,2.01154059899733e-4,0,0,0
TUR.10.4_1,2035,11,aegypti,10.26396875521716,78.77483714693018,0.0012058077115788392,0,0,0,0,0,0,1,1,1,1.2057350158889424e-4,0,0,0
TUR.10.4_1,2035,12,aegypti,8.734985508024693,63.07344051027435,9.917957752850984e-4,0,0,0,0,0,0,1,1,1,9.59756303623438e-5,0,0,0
TUR.10.4_1,2036,1,aegypti,6.489383565782405,70.27297123788026,0.0011002702992775509,0,0,0,0,0,0,1,1,1,1.0647210234115967e-4,0,0,0
TUR.10.4_1,2036,2,aegypti,3.9846267800860327,78.11795000517003,8.524296052111804e-4,0,0,0,0,0,0,1,1,1,8.817848500175529e-5,0,0,0
TUR.10.4_1,2036,3,aegypti,1.5435117372476,81.88947263871376,0.0010103446810630465,0,0,0,0,0,0,1,1,1,9.777051186776742e-5,0,0,0
TUR.10.4_1,2036,4,aegypti,11.160260354771333,72.63022861198924,0.001335995011899684,0,0,0,0,0,0,1,1,1,1.3359057717399203e-4,0,0,0
TUR.10.4_1,2036,5,aegypti,14.429431803086224,83.3465105128931,0.0018673677672156237,0,0,0,0,0,0,1,1,1,1.8069668211817547e-4,0,0,0
TUR.10.4_1,2036,6,aegypti,18.41525706122903,87.62165437536916,0.0021003608124483043,0.019553244334448987,0.019435275470223886,0.019677385056148314,0,0,0,1,1,1,2.1001402521136914e-4,0,0,0
TUR.10.4_1,2036,7,aegypti,20.97821813471177,88.63077862374993,0.0024665256711016914,0.08195712274238877,0.08160996951210528,0.0823331159222543,3.4357225953129956e-12,3.0406205331345858e-12,3.903186107656609e-12,0.9999999999965643,0.9999999999960968,0.9999999999969594,2.3866754705581528e-4,8.475886659198294e-15,7.549516567451064e-15,9.658940314238862e-15
TUR.10.4_1,2036,8,aegypti,23.866389274597168,82.42006172351915,0.0029288437573674747,0.1858691989747991,0.18509001669642247,0.18668001156129022,0.009499508698657682,0.008737929690907233,0.010331651572586897,0.9905004913013423,0.9896683484274131,0.9912620703090927,2.8339632832052875e-4,2.7822188982771224e-5,2.559170335431904e-5,3.025933538866321e-5
TUR.10.4_1,2036,9,aegypti,19.224856909583597,81.93979294954144,0.002334429907657001,0.030778975226771945,0.030600526152534967,0.030949114333639956,0,0,0,1,1,1,2.3341574507085294e-4,0,0,0
TUR.10.4_1,2036,10,aegypti,14.306251581977394,88.41743992607009,0.0023004832480812585,0,0,0,0,0,0,1,1,1,2.2260263146145487e-4,0,0,0
TUR.10.4_1,2036,11,aegypti,9.462164689512814,78.076060901813,0.0013343943883668001,0,0,0,0,0,0,1,1,1,1.334305361907484e-4,0,0,0
TUR.10.4_1,2036,12,aegypti,5.037474073469639,77.47128291750091,0.0010975603358958984,0,0,0,0,0,0,1,1,1,1.0620987570875151e-4,0,0,0
TUR.10.4_1,2037,1,aegypti,5.126077997087337,81.86920079110291,0.0010899631208966605,0,0,0,0,0,0,1,1,1,1.0547473917077443e-4,0,0,0
TUR.10.4_1,2037,2,aegypti,0.5765988331370275,74.10700182401769,8.153253995426874e-4,0,0,0,0,0,0,1,1,1,8.735247735824903e-5,0,0,0
TUR.10.4_1,2037,3,aegypti,3.6890888401471513,80.07656065140907,0.0010008799133048524,0,0,0,0,0,0,1,1,1,9.685465573383567e-5,0,0,0
TUR.10.4_1,2037,4,aegypti,10.19764105011435,75.58273563103221,0.0013234795973577562,0,0,0,0,0,0,1,1,1,1.3233920213095995e-4,0,0,0
TUR.10.4_1,2037,5,aegypti,15.710514910080853,79.17830525166264,0.001849874526970882,5.364935730753445e-4,5.301418108237763e-4,5.431840250638584e-4,0,0,0,1,1,1,1.7900409236859538e-4,0,0,0
TUR.10.4_1,2037,6,aegypti,17.732834423289578,85.70231996374807,0.002080684925920829,0.010876285743753884,0.010802124231089522,0.010952244808626081,0,0,0,1,1,1,2.0804684784447858e-4,0,0,0
TUR.10.4_1,2037,7,aegypti,19.680830057929544,90.78211529367181,0.002443419603356536,0.04568027124985213,0.04545413861659127,0.04591398420013439,0,0,0,1,1,1,2.3643200716183532e-4,0,0,0
TUR.10.4_1,2037,8,aegypti,22.69395160675049,88.13784279041369,0.002901406758407523,0.1496281908297182,0.14904678761511359,0.1502021079258905,5.588447489622683e-5,5.043032258020552e-5,6.16590253460475e-5,0.9999441155251038,0.999938340974654,0.9999495696774198,2.807418838208786e-4,1.6214357997601513e-7,1.4631886804672424e-7,1.788978968353394e-7
TUR.10.4_1,2037,9,aegypti,17.34151512033799,89.35256608186566,0.0023125612945610148,0.007874836405581068,0.00781424180955623,0.007936771384862103,0,0,0,1,1,1,2.3122939181852153e-4,0,0,0
TUR.10.4_1,2037,10,aegypti,15.234284457038429,76.1408820037068,0.002278932642547516,1.1167394705546816e-4,1.0997227565886737e-4,1.1342749943905989e-4,0,0,0,1,1,1,2.2051755106344828e-4,0,0,0
TUR.10.4_1,2037,11,aegypti,7.674769689055051,82.55065501802393,0.001321893968242412,0,0,0,0,0,0,1,1,1,1.3218066019093921e-4,0,0,0
TUR.10.4_1,2037,12,aegypti,4.93737880140543,61.257476765157165,0.0010872785440732007,0,0,0,0,0,0,1,1,1,1.0521496878201919e-4,0,0,0
TUR.10.4_1,2038,1,aegypti,4.543249236940242,79.9327002417865,0.001130907470004825,0,0,0,0,0,0,1,1,1,1.0943666975826716e-4,0,0,0
TUR.10.4_1,2038,2,aegypti,4.666197071605198,78.28155474149816,8.4595301175783e-4,0,0,0,0,0,0,1,1,1,9.063371520501295e-5,0,0,0
TUR.10.4_1,2038,3,aegypti,6.6992316433392904,74.15722623978797,0.0010384778611620157,0,0,0,0,0,0,1,1,1,1.004928077913414e-4,0,0,0
TUR.10.4_1,2038,4,aegypti,10.76769367386313,80.16279849724314,0.0013731959681531005,0,0,0,0,0,0,1,1,1,1.373101689110534e-4,0,0,0
TUR.10.4_1,2038,5,aegypti,12.650344736435834,74.69463215595951,0.0019193648675030345,0,0,0,0,0,0,1,1,1,1.8572773764558015e-4,0,0,0
TUR.10.4_1,2038,6,aegypti,17.650762165293973,82.99174867468557,0.00215884563462528,0.009679219260616925,0.009604924845359577,0.009756163998162998,0,0,0,1,1,1,2.158612620669631e-4,0,0,0
TUR.10.4_1,2038,7,aegypti,20.37558942682603,87.10162670724603,0.0025352064017715695,0.06133741374591095,0.061041989840544215,0.061631467578334105,9.037215420448775e-16,7.771561172376096e-16,9.992007221626409e-16,0.9999999999999991,0.999999999999999,0.9999999999999992,2.453124609866908e-4,0,0,0
TUR.10.4_1,2038,8,aegypti,21.97766399383545,86.88101448230822,0.003010397795758675,0.11635476114440428,0.11588020998550894,0.11683656564467984,6.309456361042188e-8,5.626875135278375e-8,7.060204857411989e-8,0.9999999369054364,0.9999999293979515,0.9999999437312486,2.912863868246296e-4,1.8993973616154847e-10,1.6939132041482452e-10,2.1254024373806856e-10
TUR.10.4_1,2038,9,aegypti,17.708932455848245,87.72401841340863,0.002399432414476193,0.010975132622220808,0.010898468362075055,0.011058667026803961,0,0,0,1,1,1,2.3991445737026051e-4,0,0,0
TUR.10.4_1,2038,10,aegypti,14.125068720649269,82.84425877372634,0.0023645405057142045,0,0,0,0,0,0,1,1,1,2.2880032176619824e-4,0,0,0
TUR.10.4_1,2038,11,aegypti,8.86325960299548,85.95483745210596,0.0013715507750481036,0,0,0,0,0,0,1,1,1,1.3714567217715246e-4,0,0,0
TUR.10.4_1,2038,12,aegypti,4.020701088011265,77.27646632814545,0.001128122047337538,0,0,0,0,0,0,1,1,1,1.0916714218911494e-4,0,0,0
TUR.10.4_1,2039,1,aegypti,3.5281927460421096,76.286337937099,0.0010911803216947522,0,0,0,0,0,0,1,1,1,1.0559252036523858e-4,0,0,0
TUR.10.4_1,2039,2,aegypti,1.9953875046305578,81.32396654569737,8.162359025753142e-4,0,0,0,0,0,0,1,1,1,8.745002272836366e-5,0,0,0
TUR.10.4_1,2039,3,aegypti,5.986389178892269,79.84755674515907,0.0010019976316990918,0,0,0,0,0,0,1,1,1,9.696281154780717e-5,0,0,0
TUR.10.4_1,2039,4,aegypti,7.654845868839937,77.81900272087596,0.001324957574356498,0,0,0,0,0,0,1,1,1,1.3248698026047112e-4,0,0,0
TUR.10.4_1,2039,5,aegypti,12.952532656052533,86.18750630146732,0.0018519403480132914,0,0,0,0,0,0,1,1,1,1.7920397472781513e-4,0,0,0
TUR.10.4_1,2039,6,aegypti,18.372128093943875,84.64994417029104,0.0020830085011903526,0.018110087129139103,0.017993621890510986,0.018230919670389003,0,0,0,1,1,1,2.0827915700316613e-4,0,0,0
TUR.10.4_1,2039,7,aegypti,20.648468073676614,87.32780010812493,0.002446148257413043,0.06969085736781497,0.06936466420795459,0.07001218173002638,3.444722285195212e-14,3.008704396734174e-14,3.9190872769268026e-14,0.9999999999999656,0.9999999999999608,0.9999999999999699,2.3669600798981172e-4,1.1102230246251565e-16,1.1102230246251565e-16,1.1102230246251565e-16
TUR.10.4_1,2039,8,aegypti,22.800393104553223,91.35941566639025,0.002904646863099338,0.16306348412554067,0.16241570524942608,0.16365889622968754,4.969777219819988e-4,4.499484942522336e-4,5.430100748180039e-4,0.999503022278018,0.999456989925182,0.9995500515057478,2.810553542612615e-4,1.4435437367549264e-6,1.3069406283178209e-6,1.5772512666434312e-6
TUR.10.4_1,2039,9,aegypti,20.332374152015237,80.6851924246391,0.0023151438144641285,0.05438834380348291,0.05411106348676503,0.054641227888729445,0,0,0,1,1,1,2.3148758405999725e-4,0,0,0
TUR.10.4_1,2039,10,aegypti,15.582872446845558,80.85351322929274,0.0022814776081322456,3.959774780744123e-4,3.9077803661759827e-4,4.012759710405723e-4,0,0,0,1,1,1,2.2076378371460592e-4,0,0,0
TUR.10.4_1,2039,11,aegypti,8.799225617857541,77.51311839693018,0.001323370174512413,0,0,0,0,0,0,1,1,1,1.323282612943899e-4,0,0,0
TUR.10.4_1,2039,12,aegypti,3.188196577131748,80.4417876782431,0.0010884927469083437,0,0,0,0,0,0,1,1,1,1.0533245991217743e-4,0,0,0
TUR.10.4_1,2040,1,aegypti,4.666908132432796,83.7508383643451,0.0011421618442635623,0,0,0,0,0,0,1,1,1,1.1052568296698873e-4,0,0,0
TUR.10.4_1,2040,2,aegypti,3.4167554479174536,71.12950090849034,8.848848965859994e-4,0,0,0,0,0,0,1,1,1,9.153562724706354e-5,0,0,0
TUR.10.4_1,2040,3,aegypti,4.728863973280086,78.519172345745,0.0010488124100255759,0,0,0,0,0,0,1,1,1,1.0149282441851426e-4,0,0,0
TUR.10.4_1,2040,4,aegypti,11.675282632603365,71.01424655632518,0.0013868615082313865,0,0,0,0,0,0,1,1,1,1.3867653434351812e-4,0,0,0
TUR.10.4_1,2040,5,aegypti,14.04448688731474,80.12088642842045,0.001938465679135182,0,0,0,0,0,0,1,1,1,1.875758582680076e-4,0,0,0
TUR.10.4_1,2040,6,aegypti,16.49003371070413,88.08595643835744,0.0021803296705728095,0.0027075619460018175,0.002682958856134046,0.0027330076175813983,0,0,0,1,1,1,2.1800919959735765e-4,0,0,0
TUR.10.4_1,2040,7,aegypti,20.484306391547708,87.42602856271478,0.0025604358413370914,0.06483215466387773,0.06451058272901541,0.06513195539729895,4.39559499909592e-15,3.774758283725532e-15,4.9960036108132044e-15,0.9999999999999956,0.999999999999995,0.9999999999999962,2.477534177296459e-4,0,0,0
TUR.10.4_1,2040,8,aegypti,21.79542827606201,88.19446815662462,0.0030403561649088944,0.11148933860116875,0.11100637695915691,0.1119595903801523,1.9345303962747805e-8,1.7121781767381882e-8,2.1705008060313167e-8,0.9999999806546961,0.9999999782949919,0.9999999828782182,2.941847351412008e-4,5.881661468976063e-11,5.205636199878683e-11,6.599093771431086e-11
TUR.10.4_1,2040,9,aegypti,17.707387503455667,87.16458543001019,0.002423310681370075,0.010865771234735498,0.010788615575329723,0.010946118716943634,0,0,0,1,1,1,2.4230170833539066e-4,0,0,0
TUR.10.4_1,2040,10,aegypti,16.12214380152085,77.90273808280837,0.0023880715411941783,0.0012536292703220168,0.0012388632115960811,0.0012668911479916316,0,0,0,1,1,1,2.3107699513247315e-4,0,0,0
TUR.10.4_1,2040,11,aegypti,10.51397161624011,76.23791850679346,0.001385199942771071,0,0,0,0,0,0,1,1,1,1.3851040082568655e-4,0,0,0
TUR.10.4_1,2040,12,aegypti,3.865312732756138,87.61159511232513,0.001139348702096672,0,0,0,0,0,0,1,1,1,1.102534734548355e-4,0,0,0
TUR.10.4_1,2041,1,aegypti,1.240842031835414,79.48416050789979,0.001115080418727909,0,0,0,0,0,0,1,1,1,1.0790518608061461e-4,0,0,0
TUR.10.4_1,2041,2,aegypti,-2.6559944052167017,80.4730220266544,8.341138984350612e-4,0,0,0,0,0,0,1,1,1,8.936535293979642e-5,0,0,0
TUR.10.4_1,2041,3,aegypti,3.1445201822720903,75.92192808304969,0.001023944362361726,0,0,0,0,0,0,1,1,1,9.908648051637492e-5,0,0,0
TUR.10.4_1,2041,4,aegypti,9.232463514103609,77.08781680779002,0.0013539780890801812,0,0,0,0,0,0,1,1,1,1.3538864303841436e-4,0,0,0
TUR.10.4_1,2041,5,aegypti,13.901015169480267,79.09500752217045,0.0018925033540876596,0,0,0,0,0,0,1,1,1,1.8312871576875445e-4,0,0,0
TUR.10.4_1,2041,6,aegypti,19.008032406077664,84.75085054236135,0.0021286325876126756,0.028101858768681404,0.02794018726874174,0.02826300586891763,0,0,0,1,1,1,2.12840604985165e-4,0,0,0
TUR.10.4_1,2041,7,aegypti,20.86709981806138,87.8582108747265,0.002499726185412017,0.07728166043664063,0.07691626448980912,0.077644814401436,6.504345950730794e-13,5.673156389107703e-13,7.413181180027095e-13,0.9999999999993495,0.9999999999992587,0.9999999999994327,2.418797280656637e-4,1.6252554857487666e-15,1.4432899320127035e-15,1.887379141862766e-15
TUR.10.4_1,2041,8,aegypti,21.89294147491455,84.71581520252306,0.0029682672753216805,0.1090556210109533,0.10853899248629635,0.10954974777912979,1.0483989126841564e-8,9.169041112477848e-9,1.1864241994397061e-8,0.9999999895160109,0.999999988135758,0.9999999908309589,2.8721041899393285e-4,3.111928426058341e-11,2.7216184861345028e-11,3.5216216054401177e-11
TUR.10.4_1,2041,9,aegypti,18.489388998816995,81.78757889924847,0.0023658523552170145,0.01890194110326867,0.01877395033377538,0.019029869790136256,0,0,0,1,1,1,2.365572514417824e-4,0,0,0
TUR.10.4_1,2041,10,aegypti,17.761599596808935,81.26343296806228,0.0023314487587562287,0.010432410528976569,0.010352705585490575,0.010511200831346594,0,0,0,1,1,1,2.2559862223092697e-4,0,0,0
TUR.10.4_1,2041,11,aegypti,10.656195928068723,75.645396839313,0.0013523559204544845,0,0,0,0,0,0,1,1,1,1.3522644812491436e-4,0,0,0
TUR.10.4_1,2041,12,aegypti,4.653854764997959,75.40783687257904,0.0011123339780538906,0,0,0,0,0,0,1,1,1,1.076394301434691e-4,0,0,0
TUR.10.4_1,2042,1,aegypti,5.612524139283992,67.3859816443744,0.0011848782000829774,0,0,0,0,0,0,1,1,1,1.1465905841379076e-4,0,0,0
TUR.10.4_1,2042,2,aegypti,7.418292294078342,76.33545641386144,8.863247511506089e-4,0,0,0,0,0,0,1,1,1,9.495885731702902e-5,0,0,0
TUR.10.4_1,2042,3,aegypti,6.456706542631283,73.5393368354911,0.0010880375376372917,0,0,0,0,0,0,1,1,1,1.0528841204127115e-4,0,0,0
TUR.10.4_1,2042,4,aegypti,8.777173196568208,73.39746341423533,0.0014387295249712207,0,0,0,0,0,0,1,1,1,1.438626032802537e-4,0,0,0
TUR.10.4_1,2042,5,aegypti,14.204639322617474,82.9032732082056,0.002010963451766566,0,0,0,0,0,0,1,1,1,1.9459043112557417e-4,0,0,0
TUR.10.4_1,2042,6,aegypti,17.636091793284695,83.6925619681426,0.0022618730512062855,0.009650257029596357,0.009575716400311712,0.009724630793317245,0,0,0,1,1,1,2.261617267006466e-4,0,0,0
TUR.10.4_1,2042,7,aegypti,21.74957281000474,84.68638928048821,0.002656195027305923,0.10363675301388237,0.1032043685466177,0.10408974373996562,2.533312703278945e-9,2.2500917989942693e-9,2.8562447740299036e-9,0.9999999974666873,0.9999999971437552,0.9999999977499082,2.570180968631819e-4,6.728974044634128e-12,5.976727446288522e-12,7.586781203272609e-12
TUR.10.4_1,2042,8,aegypti,24.672478675842285,89.74574531726915,0.0031540641620813434,0.2540834875000007,0.25311173722463404,0.2549454900467394,0.2130167786969471,0.2100145243520816,0.21566692196307063,0.7869832213030529,0.7843330780369294,0.7899854756479183,3.0518543713276003e-4,6.716429237435576e-4,6.621799468015943e-4,6.799960073628402e-4
TUR.10.4_1,2042,9,aegypti,20.12263255960801,85.59574540315472,0.00251394144604348,0.05306473882507169,0.052832129171816455,0.053309687943818795,0,0,0,1,1,1,2.5136254774416056e-4,0,0,0
TUR.10.4_1,2042,10,aegypti,12.540601786445167,87.01393650810134,0.002477384377363769,0,0,0,0,0,0,1,1,1,2.3971813824319455e-4,0,0,0
TUR.10.4_1,2042,11,aegypti,11.19227628848132,71.69166911714503,0.0014370058176859295,0,0,0,0,0,0,1,1,1,1.4369025733451668e-4,0,0,0
TUR.10.4_1,2042,12,aegypti,5.662291683256626,71.09077449464935,0.0011819598476235393,0,0,0,0,0,0,1,1,1,1.143766695502757e-4,0,0,0
TUR.10.4_1,2043,1,aegypti,4.5308743590105545,79.46140202401307,0.0011634360461373634,0,0,0,0,0,0,1,1,1,1.1258424702798031e-4,0,0,0
TUR.10.4_1,2043,2,aegypti,3.6434817414812963,82.33098558866612,8.702853711040788e-4,0,0,0,0,0,0,1,1,1,9.324051402281874e-5,0,0,0
TUR.10.4_1,2043,3,aegypti,6.935701865812435,80.80352750931922,0.0010683478611971378,0,0,0,0,0,0,1,1,1,1.0338315828939404e-4,0,0,0
TUR.10.4_1,2043,4,aegypti,12.993227159275728,70.49199924187205,0.001412693549325477,0,0,0,0,0,0,1,1,1,1.412593768871373e-4,0,0,0
TUR.10.4_1,2043,5,aegypti,15.43785560832304,82.69084797627201,0.0019745720421611213,2.6563276794169e-4,2.6213849181056675e-4,2.6934440553125883e-4,0,0,0,1,1,1,1.9106936090751425e-4,0,0,0
TUR.10.4_1,2043,6,aegypti,20.15174731086282,84.75975404577932,0.002220941054849188,0.053139333551594906,0.05284975243711522,0.05341888838946922,0,0,0,1,1,1,2.2206944441482968e-4,0,0,0
TUR.10.4_1,2043,7,aegypti,21.728702601264505,87.89622814767571,0.0026081271814454125,0.10834598767002614,0.10790362704505266,0.10882122630658629,8.742196853317451e-9,7.787318156982083e-9,9.855730462304811e-9,0.9999999912578031,0.9999999901442695,0.9999999922126819,2.5236755460600335e-4,2.2800759169605556e-11,2.0310364501341382e-11,2.5705026995836984e-11
TUR.10.4_1,2043,8,aegypti,20.158791542053223,91.62884773426134,0.0030969866250712473,0.05924185172429269,0.05894888572947639,0.05951755863493682,3.3439917501709715e-16,3.3306690738754696e-16,3.3306690738754696e-16,0.9999999999999997,0.9999999999999997,0.9999999999999997,2.9966347500054447e-4,0,0,0
TUR.10.4_1,2043,9,aegypti,20.499406393836527,86.58967240510785,0.002468447892788345,0.06443782887224017,0.064122658564732607,0.06473913511776572,3.6933789360205086e-15,3.219646771412954e-15,4.218847493575595e-15,0.9999999999999963,0.9999999999999958,0.9999999999999968,2.468143256104671e-4,0,0,0
TUR.10.4_1,2043,10,aegypti,15.593092020820167,81.79163121024978,0.002432552379274706,4.139455203311239e-4,4.090202366207569e-4,4.191994987910477e-4,0,0,0,1,1,1,2.3538058840999465e-4,0,0,0
TUR.10.4_1,2043,11,aegypti,9.623359014006223,79.28068126314112,0.0014110010351172176,0,0,0,0,0,0,1,1,1,1.4109014936025677e-4,0,0,0
TUR.10.4_1,2043,12,aegypti,3.1284956112504005,87.42803187990326,0.001160570505656995,0,0,0,0,0,0,1,1,1,1.1230696784125804e-4,0,0,0
TUR.10.4_1,2044,1,aegypti,5.185178624986507,77.71092900155213,0.001186633434106836,0,0,0,0,0,0,1,1,1,1.1482890028036152e-4,0,0,0
TUR.10.4_1,2044,2,aegypti,4.887145529323093,72.0669169851505,9.19339066436905e-4,0,0,0,0,0,0,1,1,1,9.509951910957604e-5,0,0,0
TUR.10.4_1,2044,3,aegypti,7.793342132230892,79.54508939896766,0.0010896493155442214,0,0,0,0,0,0,1,1,1,1.0544437411352803e-4,0,0,0
TUR.10.4_1,2044,4,aegypti,12.541673814549165,73.3707452745869,0.0014408608048050323,0,0,0,0,0,0,1,1,1,1.4407570057972663e-4,0,0,0
TUR.10.4_1,2044,5,aegypti,14.730005152085248,83.53905354267826,0.00201394241742821,9.821258075374596e-7,9.651160230507994e-7,9.985129760703485e-7,0,0,0,1,1,1,1.948786619856424e-4,0,0,0
TUR.10.4_1,2044,6,aegypti,20.30658587287454,81.92717347937307,0.002265223704916387,0.054790279690248654,0.05450541298884944,0.05508217732315837,0,0,0,1,1,1,2.2649671623664602e-4,0,0,0
TUR.10.4_1,2044,7,aegypti,21.99692731745103,87.49903423898431,0.0026601298147681325,0.11828754273402509,0.11779961707704946,0.11877206294462055,9.938883945881382e-8,8.854145667758218e-8,1.1105045461812234e-7,0.9999999006111605,0.9999998889495454,0.9999999114585434,2.573987848053516e-4,2.643872170082773e-10,2.355317413327285e-10,2.95408678074871e-10
TUR.10.4_1,2044,8,aegypti,20.68283748626709,87.88290657215197,0.003158736474163996,0.07137992258810333,0.07104628630478299,0.07171060482592022,6.809075525637809e-14,5.950517856234683e-14,7.749356711883593e-14,0.9999999999999319,0.9999999999999225,0.9999999999999405,3.0563745827194566e-4,2.220446049250313e-16,2.220446049250313e-16,2.220446049250313e-16
TUR.10.4_1,2044,9,aegypti,18.24400001413682,91.4504512137016,0.0025176655043979805,0.018185154543977046,0.01806890901240645,0.018293765457351518,0,0,0,1,1,1,2.517348599014868e-4,0,0,0
TUR.10.4_1,2044,10,aegypti,14.916663225959327,85.69789646903884,0.002481054281450975,2.0207376018435855e-5,1.9905852592030372e-5,2.0486474297981515e-5,0,0,0,1,1,1,2.4007320505226026e-4,0,0,0
TUR.10.4_1,2044,11,aegypti,10.278676320524777,82.35573924653956,0.001439134544084566,0,0,0,0,0,0,1,1,1,1.439030993640733e-4,0,0,0
TUR.10.4_1,2044,12,aegypti,5.404351390898228,75.38204951906341,0.001183710758509771,0,0,0,0,0,0,1,1,1,1.1454609314454078e-4,0,0,0
TUR.10.4_1,2045,1,aegypti,5.02392803370843,76.15808018563416,0.0011306936098044243,0,0,0,0,0,0,1,1,1,1.0941597587454943e-4,0,0,0
TUR.10.4_1,2045,2,aegypti,1.9159287910990637,79.95026354276769,8.457930378559657e-4,0,0,0,0,0,0,1,1,1,9.061657669739986e-5,0,0,0
TUR.10.4_1,2045,3,aegypti,5.89399768795599,76.12438932572547,0.0010382814798581598,0,0,0,0,0,0,1,1,1,1.0047380505862069e-4,0,0,0
TUR.10.4_1,2045,4,aegypti,13.393706475987154,77.74910983757518,0.001372936289998408,0,0,0,0,0,0,1,1,1,1.372842046608591e-4,0,0,0
TUR.10.4_1,2045,5,aegypti,14.76725185618681,84.88139210468998,0.0019190019061060206,2.7357851350294193e-6,2.6870168866661867e-6,2.78299487768332e-6,0,0,0,1,1,1,1.856926188722463e-4,0,0,0
TUR.10.4_1,2045,6,aegypti,17.3617826349595,85.30139528113088,0.002158437386229809,0.007559991214414889,0.007502504644038418,0.00761901146456559,0,0,0,1,1,1,2.1582044603907224e-4,0,0,0
TUR.10.4_1,2045,7,aegypti,20.82117467768052,85.79320843332025,0.002534726981692102,0.07337135544582973,0.07302301882088816,0.07370182531001541,1.488947853900413e-13,1.2978229602111923e-13,1.6875667530058537e-13,0.9999999999998511,0.9999999999998312,0.9999999999998702,2.452660768754722e-4,3.680389326632394e-16,3.3306690738754696e-16,4.440892098500626e-16
TUR.10.4_1,2045,8,aegypti,21.215983390808105,88.26726020984728,0.0030098285146344782,0.08974901040936521,0.0893715453524539,0.0901697251655948,4.4686752076472656e-11,3.9604575174934097e-11,5.08842523672115e-11,0.9999999999553133,0.9999999999491157,0.9999999999603953,2.9123131114894285e-4,1.3450041080886876e-13,1.1923517728718024e-13,1.5310253065337066e-13
TUR.10.4_1,2045,9,aegypti,17.759321745704202,82.59968217073285,0.002398978669929784,0.010623375667258468,0.010547953126031191,0.010701565905694696,0,0,0,1,1,1,2.3986909380058208e-4,0,0,0
TUR.10.4_1,2045,10,aegypti,12.990064677070167,84.45678471366774,0.002364093359400452,0,0,0,0,0,0,1,1,1,2.2875705944203073e-4,0,0,0
TUR.10.4_1,2045,11,aegypti,9.362079431028928,75.22953380220362,0.001371291408007571,0,0,0,0,0,0,1,1,1,1.371197390298562e-4,0,0,0
TUR.10.4_1,2045,12,aegypti,7.5118128433823586,77.0980376782431,0.0011279087138743513,0,0,0,0,0,0,1,1,1,1.0914649926874187e-4,0,0,0
TUR.10.4_1,2046,1,aegypti,5.4022451513994705,78.23849400399354,0.0011730533661037767,0,0,0,0,0,0,1,1,1,1.1351485019572838e-4,0,0,0
TUR.10.4_1,2046,2,aegypti,3.8668921094469946,70.27577166044347,8.774794174840108e-4,0,0,0,0,0,0,1,1,1,9.40112325403808e-5,0,0,0
TUR.10.4_1,2046,3,aegypti,9.676003474851742,65.49882856522743,0.0010771791529992773,0,0,0,0,0,0,1,1,1,1.0423771071088606e-4,0,0,0
TUR.10.4_1,2046,4,aegypti,13.583226358189302,70.86627444939158,0.0014243713084283157,0,0,0,0,0,0,1,1,1,1.4242698715627444e-4,0,0,0
TUR.10.4_1,2046,5,aegypti,15.892081148484174,79.96056996113529,0.001990894461592121,8.238081914205388e-4,8.148163814560065e-4,8.333365933399574e-4,0,0,0,1,1,1,1.926486468263322e-4,0,0,0
TUR.10.4_1,2046,6,aegypti,18.2986780054429,82.65390382605275,0.0022393000362662947,0.016624713517495136,0.016505204152786418,0.016733405820081506,0,0,0,1,1,1,2.2390493317470117e-4,0,0,0
TUR.10.4_1,2046,7,aegypti,21.86585813410142,89.05400402658196,0.0026296867623955963,0.11589634706023853,0.1154273620737426,0.11637421354517864,5.65800250525994e-8,5.049918679889132e-8,6.32829033786475e-8,0.999999943419975,0.9999999367170966,0.9999999495008132,2.5445343694718847e-4,1.4878774334814438e-10,1.3279706223556787e-10,1.6641423516983168e-10
TUR.10.4_1,2046,8,aegypti,22.672961235046387,87.32760872058947,0.003122587268444726,0.1466748202386282,0.14606941714519106,0.1472398214760267,3.318821424690688e-5,2.9729650686571853e-5,3.665929000601087e-5,0.9999668117857531,0.999963340709994,0.9999702703493134,3.0214021113850187e-4,1.0363308988559083e-7,9.28334244393314e-8,1.1447182563795177e-7
TUR.10.4_1,2046,9,aegypti,21.035560187171487,87.38229020295941,0.0024888528418048213,0.08228361366836001,0.08188428207574752,0.08266584419182167,3.845958440606978e-12,3.343628152130407e-12,4.3750308931223e-12,0.9999999999961541,0.9999999999956249,0.9999999999966563,2.4885431480747844e-4,9.571232695293474e-15,8.326672684688674e-15,1.0880185641326534e-14
TUR.10.4_1,2046,10,aegypti,14.374315317939308,88.08236454765212,0.002452660604943161,0,0,0,0,0,0,1,1,1,2.3732608579929426e-4,0,0,0
TUR.10.4_1,2046,11,aegypti,10.000252057524289,78.88109935396143,0.0014226648033773776,0,0,0,0,0,0,1,1,1,0.00014225636094189476,0,0,0
TUR.10.4_1,2046,12,aegypti,6.785894550383091,79.17597194337982,0.0011701641381850073,0,0,0,0,0,0,1,1,1,1.1323527919382403e-4,0,0,0
TUR.10.4_1,2047,1,aegypti,3.6357046240557205,80.73895939705994,0.0011753019207062319,0,0,0,0,0,0,1,1,1,1.1373242752921175e-4,0,0,0
TUR.10.4_1,2047,2,aegypti,3.8197755914263647,78.11772112333409,8.791614043737434e-4,0,0,0,0,0,0,1,1,1,9.419142846311956e-5,0,0,0
TUR.10.4_1,2047,3,aegypti,5.399433631559505,76.91446653519813,0.0010792439321577823,0,0,0,0,0,0,1,1,1,1.0443750720035005e-4,0,0,0
TUR.10.4_1,2047,4,aegypti,11.28448883224936,72.12828311638377,0.0014271015990985599,0,0,0,0,0,0,1,1,1,1.4269997729943196e-4,0,0,0
TUR.10.4_1,2047,5,aegypti,15.93914306865019,86.43617878681889,0.001994710686014616,0.0010132367684278414,0.0010016832863631807,0.0010245895218355824,0,0,0,1,1,1,1.930178876515809e-4,0,0,0
TUR.10.4_1,2047,6,aegypti,18.012934292063992,87.75751100378713,0.002243592414216284,0.014302705562911654,0.014207477326447428,0.01439265637960246,0,0,0,1,1,1,2.2433407476918354e-4,0,0,0
TUR.10.4_1,2047,7,aegypti,20.818304117988138,87.8634370099804,0.0026347274489009675,0.07567766670176221,0.07533550926847701,0.0760150921710244,3.585761687574518e-13,3.146261029485231e-13,4.0602243789322756e-13,0.9999999999996414,0.9999999999995939,0.9999999999996854,2.5494112107526945e-4,9.443557047461582e-16,7.771561172376096e-16,1.1102230246251565e-15
TUR.10.4_1,2047,8,aegypti,21.580313682556152,90.90906013660509,0.0031285727659309576,0.10768292028243664,0.1072334169043687,0.10811038339827088,7.368044977584809e-9,6.5473551358330445e-9,8.2133701395648e-9,0.999999992631955,0.9999999917866299,0.9999999934526449,3.027192776507981e-4,2.305146629133503e-11,2.0483892360090294e-11,2.5696167416100476e-11
TUR.10.4_1,2047,9,aegypti,18.5231910312877,91.6043589895805,0.0024936235723393256,0.022448279919232823,0.02231574452734034,0.022591489751179347,0,0,0,1,1,1,2.4933126902548786e-4,0,0,0
TUR.10.4_1,2047,10,aegypti,15.800519045661476,79.60486363212478,0.0024573619607815766,6.689704843142224e-4,6.611382154576972e-4,6.767964887776564e-4,0,0,0,1,1,1,2.3778094763937663e-4,0,0,0
TUR.10.4_1,2047,11,aegypti,10.222285558195676,81.8529926645083,0.0014253918229519516,0,0,0,0,0,0,1,1,1,1.4252902406863832e-4,0,0,0
TUR.10.4_1,2047,12,aegypti,8.34366051107645,75.79558559084076,0.0011724071546023109,0,0,0,0,0,0,1,1,1,1.134523206957061e-4,0,0,0
TUR.10.4_1,2048,1,aegypti,3.1185637587297927,79.87193974373963,0.0011921939552735593,0,0,0,0,0,0,1,1,1,1.1536695329605884e-4,0,0,0
TUR.10.4_1,2048,2,aegypti,1.8594011765055578,86.87552599393956,9.236470559064293e-4,0,0,0,0,0,0,1,1,1,9.554513071186044e-5,0,0,0
TUR.10.4_1,2048,3,aegypti,4.135554570814266,80.17215696488563,0.0010947553726543932,0,0,0,0,0,0,1,1,1,1.0593845644679689e-4,0,0,0
TUR.10.4_1,2048,4,aegypti,11.245202218785005,76.86302432732127,0.0014476126261958146,0,0,0,0,0,0,1,1,1,1.4475078521358764e-4,0,0,0
TUR.10.4_1,2048,5,aegypti,16.106089479783,81.52588520771732,0.0020233796784380515,0.0012928348489401533,0.0012788995191967262,0.0013064446467619666,0,0,0,1,1,1,1.9579176691286726e-4,0,0,0
TUR.10.4_1,2048,6,aegypti,17.898941601023953,77.72935853796682,0.0022758384609113847,0.011147125353324834,0.011060340334416309,0.011231515760456372,0,0,0,1,1,1,2.2755795085216413e-4,0,0,0
TUR.10.4_1,2048,7,aegypti,23.445816096137552,84.42940075509759,0.0026725950864485847,0.17345369709188313,0.17277423483955462,0.17417037699558002,0.0021675609683093856,0.001978746291356301,0.0023789430000943387,0.9978324390316906,0.9976210569999057,0.9980212537086437,2.5860479018768867e-4,5.792995975374637e-6,5.288373632161835e-6,6.357931161210529e-6
TUR.10.4_1,2048,8,aegypti,21.525744438171387,86.10638679676134,0.003173538198538052,0.09771615524955864,0.09727885705281482,0.09815150096313423,4.883659845411614e-10,4.298285921633394e-10,5.521615303871741e-10,0.999999999511634,0.9999999994478385,0.9999999995701714,3.0706944438307904e-4,1.5498489158716212e-12,1.3640838458783832e-12,1.7522899797839387e-12
TUR.10.4_1,2048,9,aegypti,17.627645071815042,87.73687394319379,0.0025294631934951787,0.01017987183431768,0.010101437042213593,0.010250563512698378,0,0,0,1,1,1,2.5291433112639705e-4,0,0,0
TUR.10.4_1,2048,10,aegypti,15.103705462287452,77.06836460868728,0.002492680411687379,6.12193709196251e-5,6.025235818878837e-5,6.217475211208441e-5,0,0,0,1,1,1,2.411980436886063e-4,0,0,0
TUR.10.4_1,2048,11,aegypti,12.536393453093137,81.41279948823878,0.00144587827628032,0,0,0,0,0,0,1,1,1,1.4457737531181625e-4,0,0,0
TUR.10.4_1,2048,12,aegypti,5.052390016615391,80.83605189943451,0.0011892575841248151,0,0,0,0,0,0,1,1,1,1.150828210890742e-4,0,0,0
TUR.10.4_1,2049,1,aegypti,3.0289918059099685,85.18733128426697,0.001315687458317803,0,0,0,0,0,0,1,1,1,1.273164873084598e-4,0,0,0
TUR.10.4_1,2049,2,aegypti,4.376554499202244,77.10607103788487,9.84174034937802e-4,0,0,0,0,0,0,1,1,1,1.0544165866654964e-4,0,0,0
TUR.10.4_1,2049,3,aegypti,8.75784160580267,74.14432493363563,0.0012081556925835242,0,0,0,0,0,0,1,1,1,1.1691145815340143e-4,0,0,0
TUR.10.4_1,2049,4,aegypti,14.888072168125825,66.43388614372752,0.0015975636920179676,1.0566895251809043e-5,1.0365809075501155e-5,1.074814106312241e-5,0,0,0,1,1,1,1.5974360883252992e-4,0,0,0
TUR.10.4_1,2049,5,aegypti,17.643781549790326,79.2293230128931,0.002232971618888307,0.009077450994192686,0.00900041486487459,0.009148930471618733,0,0,0,1,1,1,2.1607068100171212e-4,0,0,0
TUR.10.4_1,2049,6,aegypti,17.881052578196805,86.1498373587676,0.002511581363865693,0.012483830499546263,0.012393730184015744,0.012566882868568045,0,0,0,1,1,1,2.5112659882220445e-4,0,0,0
TUR.10.4_1,2049,7,aegypti,21.381961878608255,86.77890331857415,0.002949436055138647,0.09354390872418086,0.09309942072027183,0.09394764724305407,1.4342331944305897e-10,1.251822534520386e-10,1.6155178583776575e-10,0.9999999998565767,0.9999999998384482,0.9999999998748178,2.8538856459259243e-4,4.230183980880042e-13,3.6924630020251925e-13,4.765382533022943e-13
TUR.10.4_1,2049,8,aegypti,23.57197856903076,96.44584144764025,0.003502269398229679,0.22059424102194783,0.2198567003853142,0.22135952454630156,0.0985684889103253,0.09592223362068544,0.10131909624312903,0.9014315110896747,0.8986809037568709,0.9040777663793146,3.388718665572332e-4,3.451538116380444e-4,3.3588908004749676e-4,3.547838195586961e-4
TUR.10.4_1,2049,9,aegypti,20.229913290809183,86.90035660920941,0.002791477833985889,0.05705399332740436,0.056794046475013,0.057327580433841514,1.1102230246251565e-16,1.1102230246251565e-16,1.1102230246251565e-16,0.9999999999999999,0.9999999999999999,0.9999999999999999,2.7910882528126013e-4,0,0,0
TUR.10.4_1,2049,10,aegypti,14.46512704737046,74.06453465263259,0.0027508849048802735,0,0,0,0,0,0,1,1,1,2.661792362336213e-4,0,0,0
TUR.10.4_1,2049,11,aegypti,8.45458154818591,77.87575114839503,0.001595649689332367,0,0,0,0,0,0,1,1,1,1.5955223912067495e-4,0,0,0
TUR.10.4_1,2049,12,aegypti,5.153447784483433,79.6209868969931,0.001312446922936559,0,0,0,0,0,0,1,1,1,1.2700292698764049e-4,0,0,0
TUR.10.4_1,2050,1,aegypti,1.5059009069193374,76.93731602547791,0.0011742186358059267,0,0,0,0,0,0,1,1,1,1.136276054242158e-4,0,0,0
TUR.10.4_1,2050,2,aegypti,1.9716085892252844,72.13599352323644,8.783510744853034e-4,0,0,0,0,0,0,1,1,1,9.410461557768368e-5,0,0,0
TUR.10.4_1,2050,3,aegypti,6.846518058439388,77.83777586137,0.0010782491846509034,0,0,0,0,0,0,1,1,1,1.0434125136171701e-4,0,0,0
TUR.10.4_1,2050,4,aegypti,14.666762506260591,69.47882327751658,0.0014257862284807906,0,0,0,0,0,0,1,1,1,1.425684589992926e-4,0,0,0
TUR.10.4_1,2050,5,aegypti,12.63430679545683,87.57276020771732,0.0019928721456969603,0,0,0,0,0,0,1,1,1,1.928399987215501e-4,0,0,0
TUR.10.4_1,2050,6,aegypti,18.404715145335476,86.46761689978322,0.002241524477678497,0.019070739472431084,0.018957998684719854,0.019192323982353755,0,0,0,1,1,1,2.2412732748489095e-4,0,0,0
TUR.10.4_1,2050,7,aegypti,21.946842249702005,90.01179821603509,0.0026322990001666213,0.12110540336832748,0.12059122895850227,0.12158461061962432,1.8992890269764473e-7,1.6870370869448425e-7,2.1133976290388378e-7,0.9999998100710973,0.9999997886602372,0.9999998312962913,2.547061697938391e-4,4.999496604485287e-10,4.4407865440465597e-10,5.563094651606093e-10
TUR.10.4_1,2050,8,aegypti,24.090874671936035,82.25760139637072,0.0031256891361358136,0.19530389273541718,0.19448301441547441,0.1960932415858926,0.023135252989903026,0.021581073589082456,0.0246796769533602,0.976864747010097,0.9753203230466397,0.9784189264109175,3.0244030114112697e-4,7.231099131494756e-5,6.745345217676612e-5,7.713802284619597e-5
TUR.10.4_1,2050,9,aegypti,20.029944952796487,83.56401475129925,0.00249132518014293,0.04911159112257635,0.048861889038250415,0.049364057586704944,0,0,0,1,1,1,2.491014870855679e-4,0,0,0
TUR.10.4_1,2050,10,aegypti,13.746198710273292,83.7041144255818,0.002455096991193933,0,0,0,0,0,0,1,1,1,2.3756180912948288e-4,0,0,0
TUR.10.4_1,2050,11,aegypti,9.658702184172238,73.61293376558253,0.0014240780282481242,0,0,0,0,0,0,1,1,1,1.4239766331503034e-4,0,0,0
TUR.10.4_1,2050,12,aegypti,6.9206544533371925,74.89143367433685,0.0011713265378303864,0,0,0,0,0,0,1,1,1,1.1334775673788045e-4,0,0,0
TUR.10.4_1,2051,1,aegypti,4.057075845598079,79.17919834969666,0.0011916698492210561,0,0,0,0,0,0,1,1,1,1.1531623920557621e-4,0,0,0
TUR.10.4_1,2051,2,aegypti,2.242134223514072,80.45614580595128,8.914051102388158e-4,0,0,0,0,0,0,1,1,1,9.550312966843943e-5,0,0,0
TUR.10.4_1,2051,3,aegypti,6.697003383299007,73.89900938187782,0.0010942741020404294,0,0,0,0,0,0,1,1,1,1.0589188680421024e-4,0,0,0
TUR.10.4_1,2051,4,aegypti,13.348014985813814,69.47449741081736,0.0014469762343270979,0,0,0,0,0,0,1,1,1,1.4468715523652254e-4,0,0,0
TUR.10.4_1,2051,5,aegypti,15.30039394603056,87.49306355244389,0.0020224901708782365,1.7891681077034902e-4,1.7670394878385007e-4,1.8131041720795184e-4,0,0,0,1,1,1,1.9570570238636176e-4,0,0,0
TUR.10.4_1,2051,6,aegypti,20.512995327220242,86.43329225378713,0.0022748379687459893,0.06467854761103359,0.06437346204155163,0.06499922030987176,4.106048834273679e-15,3.552713678800501e-15,4.665712260987218e-15,0.9999999999999959,0.9999999999999953,0.9999999999999964,2.2745792439760049e-4,0,0,0
TUR.10.4_1,2051,7,aegypti,22.160173472236185,83.26748211496087,0.00267142017421681,0.11658143908298968,0.11607548421725203,0.11708363457483272,6.65961215213784e-8,5.894726048671917e-8,7.483936734498098e-8,0.9999999334038785,0.9999999251606326,0.9999999410527395,2.584911184011496e-4,1.7790622375279953e-10,1.5747292081425e-10,1.9992741906449395e-10
TUR.10.4_1,2051,8,aegypti,21.730679512023926,87.51724495105822,0.0031721430643232313,0.10776867136123845,0.10727502842055148,0.10823526494097,7.534559934407881e-9,6.6184661695611884e-9,8.481461696852045e-9,0.99999999246544,0.9999999915185382,0.9999999933815338,3.069344728438006e-4,2.3900703749468734e-11,2.0994769811544243e-11,2.6904439787145406e-11
TUR.10.4_1,2051,9,aegypti,19.202985342811136,90.23341782747113,0.0025283512041553314,0.03443943996465593,0.03425893089209091,0.03460986787116436,0,0,0,1,1,1,2.5280316031006667e-4,0,0,0
TUR.10.4_1,2051,10,aegypti,16.121555384467626,84.66516636649978,0.002491584592601111,0.001400164357063045,0.0013839389515626615,0.0014140119950514897,0,0,0,1,1,1,2.4109202225297555e-4,0,0,0
TUR.10.4_1,2051,11,aegypti,7.555319596739377,90.95746196382471,0.001445242646857415,0,0,0,0,0,0,1,1,1,1.4451382155733494e-4,0,0,0
TUR.10.4_1,2051,12,aegypti,8.129521049559116,74.32646937990326,0.0011887347689443922,0,0,0,0,0,0,1,1,1,1.1503223189290868e-4,0,0,0
TUR.10.4_1,2052,1,aegypti,3.5995170944918167,74.07266148446229,0.001182895365632753,0,0,0,0,0,0,1,1,1,1.1446719319208043e-4,0,0,0
TUR.10.4_1,2052,2,aegypti,5.075557718806736,76.13738207304112,9.164430142252737e-4,0,0,0,0,0,0,1,1,1,9.479995594763313e-5,0,0,0
TUR.10.4_1,2052,3,aegypti,7.628672618528499,74.98136869584266,0.0010862167611957862,0,0,0,0,0,0,1,1,1,1.0511222640630091e-4,0,0,0
TUR.10.4_1,2052,4,aegypti,11.769247209324556,82.06677493767283,0.0014363218830157286,0,0,0,0,0,0,1,1,1,1.4362187369265644e-4,0,0,0
TUR.10.4_1,2052,5,aegypti,14.940963632920209,80.99412403828373,0.0020075982049335794,2.274780407817372e-5,2.2390521468529044e-5,2.3112803688202897e-5,0,0,0,1,1,1,1.942648253963064e-4,0,0,0
TUR.10.4_1,2052,6,aegypti,19.149490917430203,86.6932943900176,0.002258087919698547,0.03160671124594485,0.03143284624512251,0.03178298177815186,0,0,0,1,1,1,2.2578329908351513e-4,0,0,0
TUR.10.4_1,2052,7,aegypti,22.379671152900247,85.05713207833978,0.00265175001767853,0.12895524666478336,0.12839643520795535,0.12952843776177825,1.0570648577438168e-6,9.377164581964025e-7,1.190429635480883e-6,0.9999989429351422,0.9999988095703645,0.9999990622835417,2.56588045108197e-4,2.803071752044417e-9,2.486589653627469e-9,3.1567218033989873e-9
TUR.10.4_1,2052,8,aegypti,21.631217002868652,90.1456095140465,0.0031487859933393117,0.10840439399234755,0.10796439233978022,0.10887498000471127,8.873010676979654e-9,7.910279239964347e-9,9.991998123348722e-9,0.9999999911269893,0.9999999900080019,0.9999999920897208,3.04674802364846e-4,2.7939211610927828e-11,2.490776751518098e-11,3.146261029485231e-11
TUR.10.4_1,2052,9,aegypti,19.948157843421487,89.21950181184613,0.002509734490674808,0.05137760484197324,0.05112511614168477,0.05161503091505772,0,0,0,1,1,1,2.5094195786590223e-4,0,0,0
TUR.10.4_1,2052,10,aegypti,15.259994562934425,87.4710821990193,0.0024732385984224904,1.5266694334063407e-4,1.5069279340565643e-4,1.5470357938862636e-4,0,0,0,1,1,1,2.3931702992507908e-4,0,0,0
TUR.10.4_1,2052,11,aegypti,6.671569158049191,82.84758342378565,0.0014346010602684326,0,0,0,0,0,0,1,1,1,1.434498161179132e-4,0,0,0
TUR.10.4_1,2052,12,aegypti,3.710455097258091,81.05149074220795,0.0011799818968903032,0,0,0,0,0,0,1,1,1,1.141852768382634e-4,0,0,0
TUR.10.4_1,2053,1,aegypti,0.6986636990297805,83.5324774634662,0.0011846703272027754,0,0,0,0,0,0,1,1,1,1.1463894398977548e-4,0,0,0
TUR.10.4_1,2053,2,aegypti,3.8051951032214086,83.13379625761144,8.861692559454452e-4,0,0,0,0,0,0,1,1,1,9.494219869832232e-5,0,0,0
TUR.10.4_1,2053,3,aegypti,6.023443717619076,77.75306669388954,0.0010878466543070885,0,0,0,0,0,0,1,1,1,1.0526994140569457e-4,0,0,0
TUR.10.4_1,2053,4,aegypti,8.87526956726523,78.02026614861033,0.0014384771168754632,0,0,0,0,0,0,1,1,1,1.438373661015735e-4,0,0,0
TUR.10.4_1,2053,5,aegypti,12.775644190171185,82.01906452900639,0.0020106106519896185,0,0,0,0,0,0,1,1,1,1.94556295854853e-4,0,0,0
TUR.10.4_1,2053,6,aegypti,18.785811031565945,83.43090425329885,0.0022614762323047537,0.023829666943155695,0.023679221776730944,0.02397665407984081,0,0,0,1,1,1,2.261220537842501e-4,0,0,0
TUR.10.4_1,2053,7,aegypti,21.81316572077134,81.01481182687493,0.0026557290292728206,0.09981683774504135,0.09935054562030907,0.10028894175370863,8.866756877612402e-10,7.759772602256021e-10,1.0096755986843676e-9,0.9999999991133243,0.9999999989903244,0.9999999992240228,2.5697301186899946e-4,2.354771710955106e-12,2.0608348361150773e-12,2.6814356290927324e-12
TUR.10.4_1,2053,8,aegypti,23.212199211120605,86.80016578846056,0.003153510818791149,0.16978366738659548,0.169078506517996,0.17042919774196413,0.001318223501605021,0.0011932977520637989,0.0014398870896749933,0.998681776498395,0.998560112910325,0.9988067022479361,3.0513190412317925e-4,4.157023413040694e-6,3.76307029080758e-6,4.540689206150583e-6
TUR.10.4_1,2053,9,aegypti,20.6794410312877,85.99386246858441,0.002513500404720404,0.0691995161957356,0.06887120513652165,0.06950911988285358,2.8160029863499858e-14,2.453592884421596e-14,3.186340080674199e-14,0.9999999999999718,0.9999999999999681,0.9999999999999755,2.5131845469705816e-4,1.1080025785759062e-16,1.1102230246251565e-16,1.1102230246251565e-16
TUR.10.4_1,2053,10,aegypti,14.995698984931495,82.93402622978103,0.002476949749546451,3.556053403875999e-5,3.503348049641813e-5,3.609756918385201e-5,0,0,0,1,1,1,2.396760875685855e-4,0,0,0
TUR.10.4_1,2053,11,aegypti,12.729879666777219,73.6566044198794,0.0014367537119942487,0,0,0,0,0,0,1,1,1,1.4366505038754251e-4,0,0,0
TUR.10.4_1,2053,12,aegypti,6.201526798307896,76.93118281984466,0.0011817524867337944,0,0,0,0,0,0,1,1,1,1.1435660466241337e-4,0,0,0
TUR.10.4_1,2054,1,aegypti,5.964260446428157,72.31178196786072,0.0011296335478240631,0,0,0,0,0,0,1,1,1,1.0931340045061688e-4,0,0,0
TUR.10.4_1,2054,2,aegypti,7.6889088254504125,67.55294756376378,8.450000794144297e-4,0,0,0,0,0,0,1,1,1,9.053162455952002e-5,0,0,0
TUR.10.4_1,2054,3,aegypti,7.873091239591732,71.9824520698661,0.0010373080572508618,0,0,0,0,0,0,1,1,1,1.0037961233122505e-4,0,0,0
TUR.10.4_1,2054,4,aegypti,11.892731820835786,73.83259067253611,0.001371649117638128,0,0,0,0,0,0,1,1,1,1.3715550508741625e-4,0,0,0
TUR.10.4_1,2054,5,aegypti,13.342509157517377,88.65029011494389,0.0019172027794962438,0,0,0,0,0,0,1,1,1,1.8551854216108943e-4,0,0,0
TUR.10.4_1,2054,6,aegypti,17.122830951915066,90.73447023230275,0.002156413781081348,0.006355919541965617,0.0063073268340032304,0.006406982889027036,0,0,0,1,1,1,2.15618129177364e-4,0,0,0
TUR.10.4_1,2054,7,aegypti,20.738367136786966,94.978938413789,0.0025323505928272596,0.08161100942533092,0.08128083567802367,0.08192667472956562,3.0467534051226153e-12,2.7119501089245547e-12,3.3929664633447487e-12,0.9999999999969532,0.999999999996607,0.9999999999972881,2.4503616013760166e-4,7.71571695423745e-15,6.8833827526759706e-15,8.548717289613705e-15
TUR.10.4_1,2054,8,aegypti,23.195937156677246,86.3516413133629,0.0030070067026527836,0.16775953707712132,0.16707907996788737,0.1684297456028389,9.91215922813979e-4,8.98022360565473e-4,0.0010890283128009437,0.9990087840771861,0.9989109716871991,0.9991019776394345,2.9095831206182865e-4,2.9805884703573147e-6,2.7003556114152393e-6,3.274710074049891e-6
TUR.10.4_1,2054,9,aegypti,18.549603995154886,89.95729478059613,0.0023967295495158723,0.022326063658222678,0.02218937240846132,0.02245737240969412,0,0,0,1,1,1,2.3964423568334503e-4,0,0,0
TUR.10.4_1,2054,10,aegypti,13.672709521125343,91.60654209892165,0.0023618769450981206,0,0,0,0,0,0,1,1,1,2.2854261677884846e-4,0,0,0
TUR.10.4_1,2054,11,aegypti,8.974113275023068,82.88730205171534,0.0013700057777775777,0,0,0,0,0,0,1,1,1,1.3699119362720058e-4,0,0,0
TUR.10.4_1,2054,12,aegypti,5.140540756285191,80.6538238110556,0.0011268512628243687,0,0,0,0,0,0,1,1,1,1.0904417646040443e-4,0,0,0
TUR.10.4_1,2055,1,aegypti,5.425093995927669,75.6929541480365,0.001216644857026982,0,0,0,0,0,0,1,1,1,1.1773289381245e-4,0,0,0
TUR.10.4_1,2055,2,aegypti,4.268083820872776,78.42208818876378,9.100871718861832e-4,0,0,0,0,0,0,1,1,1,9.750458596380351e-5,0,0,0
TUR.10.4_1,2055,3,aegypti,3.2577108332120317,85.35407224808876,0.0011172078905038589,0,0,0,0,0,0,1,1,1,1.0811104820884765e-4,0,0,0
TUR.10.4_1,2055,4,aegypti,10.33320299316855,74.65298709587596,0.0014773019514465926,0,0,0,0,0,0,1,1,1,1.4771928357670827e-4,0,0,0
TUR.10.4_1,2055,5,aegypti,15.699337847092572,82.31508503681889,0.002064877504784612,5.506529061344691e-4,5.436353518079354e-4,5.573163910511661e-4,0,0,0,1,1,1,1.998068912455464e-4,0,0,0
TUR.10.4_1,2055,6,aegypti,18.115963543162625,87.02887330847463,0.002322514005916674,0.015385954101778333,0.015287468398514852,0.015486916212875413,0,0,0,1,1,1,2.322244323229583e-4,0,0,0
TUR.10.4_1,2055,7,aegypti,20.450729426215677,92.94962627999993,0.0027274077782898547,0.06948876713544706,0.06917010790742886,0.06979300937615138,3.1708635717109245e-14,2.7755575615628914e-14,3.5860203695392556e-14,0.9999999999999682,0.9999999999999641,0.9999999999999722,2.6390785841468034e-4,1.1102230246251565e-16,1.1102230246251565e-16,1.1102230246251565e-16
TUR.10.4_1,2055,8,aegypti,21.243536949157715,92.57202400379259,0.0032386248149899725,0.09709144253538178,0.09667887950514328,0.09750849621798816,4.079097074560778e-10,3.613315396888694e-10,4.5921847435792527e-10,0.9999999995920903,0.9999999995407814,0.9999999996386685,3.1336619523048004e-4,1.3210692539900037e-12,1.1701695168397917e-12,1.4872630904605443e-12
TUR.10.4_1,2055,9,aegypti,20.051045950721292,83.17886765657269,0.002581340369821625,0.04933702727473943,0.04907713149751096,0.04959294289702918,0,0,0,1,1,1,2.581007232581589e-4,0,0,0
TUR.10.4_1,2055,10,aegypti,16.82861715204575,80.6963019255818,0.0025438032038968593,0.0038321861549507653,0.0037966976423629427,0.0038663200807150756,0,0,0,1,1,1,2.46144205146126e-4,0,0,0
TUR.10.4_1,2055,11,aegypti,11.151399899931516,78.49973643892237,0.0014755320314636588,0,0,0,0,0,0,1,1,1,1.4754231770786053e-4,0,0,0
TUR.10.4_1,2055,12,aegypti,8.277674831449986,72.5295791211142,0.0012136482633597861,0,0,0,0,0,0,1,1,1,1.1744293497650826e-4,0,0,0
TUR.10.4_1,2056,1,aegypti,6.157258378862239,75.80535801766541,0.0011973185560422894,0,0,0,0,0,0,1,1,1,1.158628250659266e-4,0,0,0
TUR.10.4_1,2056,2,aegypti,4.4441135030322,81.26453356229894,9.276173179529663e-4,0,0,0,0,0,0,1,1,1,9.595580814891758e-5,0,0,0
TUR.10.4_1,2056,3,aegypti,5.044238109251156,80.97706571732704,0.0010994611373493577,0,0,0,0,0,0,1,1,1,1.0639380468246973e-4,0,0,0
TUR.10.4_1,2056,4,aegypti,12.815586244358736,69.73404178337596,0.0014538351344917273,0,0,0,0,0,0,1,1,1,1.453729457783215e-4,0,0,0
TUR.10.4_1,2056,5,aegypti,14.646757013657513,79.39770375019779,0.0020320770997004985,0,0,0,0,0,0,1,1,1,1.966332876921495e-4,0,0,0
TUR.10.4_1,2056,6,aegypti,19.192665661082547,81.65974794226369,0.0022856210667321097,0.030067560969250912,0.029898080105736167,0.030251681987605382,0,0,0,1,1,1,2.2853598834482458e-4,0,0,0
TUR.10.4_1,2056,7,aegypti,21.16935354120591,92.02046520822259,0.0026840831356656904,0.09345860002261841,0.09307171271503825,0.09384948460927806,1.3975407253674631e-10,1.241384439687465e-10,1.5687259824481714e-10,0.9999999998602459,0.9999999998431274,0.9999999998758616,2.597162487653071e-4,3.751108312854967e-13,3.3317515413244796e-13,4.211103687978834e-13
TUR.10.4_1,2056,8,aegypti,23.43202495574951,85.07652534656603,0.003187179532835953,0.174779346446767,0.17402757518270945,0.17542027657711812,0.002577256155629327,0.0023349560019980727,0.0027962277792491245,0.9974227438443707,0.997203772220751,0.9976650439980019,3.083891672662764e-4,8.214144262523537e-6,7.441896288643002e-6,8.912040234668184e-6
TUR.10.4_1,2056,9,aegypti,19.66138225443223,85.83009751497113,0.0025403359956667738,0.041936730993957505,0.04170756523259228,0.04216494925241052,0,0,0,1,1,1,2.5400133576392037e-4,0,0,0
TUR.10.4_1,2056,10,aegypti,14.67340570337632,85.38027714530837,0.002503395104458154,3.118111040355565e-9,3.0638818534734076e-9,3.172163552733884e-9,0,0,0,1,1,1,2.4223469880346737e-4,0,0,0
TUR.10.4_1,2056,11,aegypti,6.0483863844591035,77.98698009126612,0.0014520933295385095,0,0,0,0,0,0,1,1,1,1.451987905889407e-4,0,0,0
TUR.10.4_1,2056,12,aegypti,3.003295697271824,88.29623408937591,0.0011943695630128692,0,0,0,0,0,0,1,1,1,1.1557747166868193e-4,0,0,0
TUR.10.4_1,2057,1,aegypti,3.2429832094896804,82.91831120370057,0.0012252152905420012,0,0,0,0,0,0,1,1,1,1.1856219261296985e-4,0,0,0
TUR.10.4_1,2057,2,aegypti,4.98378087096738,81.55913500272862,9.164981155189722e-4,0,0,0,0,0,0,1,1,1,9.819140557110195e-5,0,0,0
TUR.10.4_1,2057,3,aegypti,4.2662298866712,76.13256040726844,0.0011250778583853781,0,0,0,0,0,0,1,1,1,1.0887257537539607e-4,0,0,0
TUR.10.4_1,2057,4,aegypti,10.43539158035727,72.99408969597361,0.001487708536477018,0,0,0,0,0,0,1,1,1,1.4875978781303534e-4,0,0,0
TUR.10.4_1,2057,5,aegypti,16.126585848191205,85.30670033222904,0.0020794231589820575,0.0014278090675257347,0.0014130975778879633,0.0014429733806907625,0,0,0,1,1,1,2.0121425295260842e-4,0,0,0
TUR.10.4_1,2057,6,aegypti,20.37658747504739,87.10632692175588,0.0023388745336092418,0.061362419719803635,0.061068636191411625,0.06163461668453785,9.133804823591163e-16,7.771561172376096e-16,9.992007221626409e-16,0.9999999999999991,0.999999999999999,0.9999999999999992,2.3386010382275835e-4,0,0,0
TUR.10.4_1,2057,7,aegypti,23.587432917426614,86.20276196115228,0.0027466205065541233,0.18553264970914687,0.18485423148977184,0.18620505510311364,0.009165599990456366,0.008519310804756782,0.009833298893936238,0.9908344000095436,0.9901667011060638,0.9914806891952432,2.657666622873922e-4,2.5174107568309623e-5,2.339903999624693e-5,2.7007975667195372e-5
TUR.10.4_1,2057,8,aegypti,23.80861759185791,86.27621711902697,0.003261438718732425,0.19629523161621706,0.19549420011288818,0.19707819417392486,0.025096469104349033,0.0234947531557052,0.026710712750963417,0.974903530895651,0.9732892872490366,0.9765052468442947,3.1557329808151735e-4,8.184724279251576e-5,7.662376187867193e-5,8.711155833857619e-5
TUR.10.4_1,2057,9,aegypti,20.736527975867777,85.24619706331097,0.002599524152781307,0.07012851733067246,0.06979670911764677,0.070442346020958585,4.1167180775403266e-14,3.5857428137830996e-14,4.6632142591818135e-14,0.9999999999999588,0.9999999999999533,0.9999999999999641,2.5991863057661657e-4,1.1102230246251565e-16,1.1102230246251565e-16,1.1102230246251565e-16
TUR.10.4_1,2057,10,aegypti,16.307760294745947,85.61755894462478,0.0025617225631152643,0.001960640309947149,0.0019414673738344242,0.0019799272954750535,0,0,0,1,1,1,2.478779083336935e-4,0,0,0
TUR.10.4_1,2057,11,aegypti,7.308226396055783,85.98796428316065,0.0014859261486145278,0,0,0,0,0,0,1,1,1,0.00014858157552566365,0,0,0
TUR.10.4_1,2057,12,aegypti,4.681266225874424,79.37683864259857,0.0012221975879154834,0,0,0,0,0,0,1,1,1,1.1827019145671525e-4,0,0,0
TUR.10.4_1,2058,1,aegypti,4.8184016817797195,72.44233616707947,0.001257999538834999,0,0,0,0,0,0,1,1,1,1.2173448061170156e-4,0,0,0
TUR.10.4_1,2058,2,aegypti,3.4132273297839086,79.78736071073644,9.410217253785477e-4,0,0,0,0,0,0,1,1,1,1.0081867374645004e-4,0,0,0
TUR.10.4_1,2058,3,aegypti,10.987910289426937,67.76306120072547,0.0011551826343729058,0,0,0,0,0,0,1,1,1,1.1178561936453502e-4,0,0,0
TUR.10.4_1,2058,4,aegypti,10.806402360691743,78.7943292589619,0.001527516565665014,0,0,0,0,0,0,1,1,1,1.5273999062626054e-4,0,0,0
TUR.10.4_1,2058,5,aegypti,18.311662561753216,72.63619862324467,0.002135064257878334,0.014384222402838565,0.014280669808040887,0.014485115765484072,0,0,0,1,1,1,2.0659777746945274e-4,0,0,0
TUR.10.4_1,2058,6,aegypti,19.290142620311062,87.26333223181447,0.002401458019163111,0.03470199952588899,0.03450884454985163,0.034893223507685305,0,0,0,1,1,1,2.4011696922132675e-4,0,0,0
TUR.10.4_1,2058,7,aegypti,22.355060633491068,89.36938030832025,0.0028201144380685396,0.13740095028569516,0.136836103005332,0.1379482517189919,5.861797080253695e-6,5.24075921894962e-6,6.510740613885346e-6,0.9999941382029197,0.999993489259386,0.9999947592407811,2.728770627381527e-4,1.6530938440229014e-8,1.4779540588594208e-8,1.8361033449210138e-8
TUR.10.4_1,2058,8,aegypti,22.643881797790527,88.65127052478869,0.003348708129727141,0.14863631765547458,0.14799907624995295,0.14920094327671327,4.699095421790911e-5,4.1944417468808834e-5,5.1808063313887874e-5,0.9999530090457821,0.999948191936686,0.9999580555825313,3.2401602414944275e-4,1.573589779978457e-7,1.404596018911297e-7,1.7349006779521227e-7
TUR.10.4_1,2058,9,aegypti,18.349661406348734,89.10043748079144,0.0026690820875592235,0.019037419858638393,0.018913730599233857,0.019154323045790164,0,0,0,1,1,1,2.6687259192881285e-4,0,0,0
TUR.10.4_1,2058,10,aegypti,16.846548136542822,82.1627783660115,0.002630269004883709,0.00401196094485952,0.0039727217319179,0.004048118588287935,0,0,0,1,1,1,2.5450976865537545e-4,0,0,0
TUR.10.4_1,2058,11,aegypti,10.205418874235715,77.007213245563,0.0015256864847589505,0,0,0,0,0,0,1,1,1,1.5255701047156567e-4,0,0,0
TUR.10.4_1,2058,12,aegypti,5.722886241972446,79.75628657961029,0.0012549010886754182,0,0,0,0,0,0,1,1,1,1.2143466705338835e-4,0,0,0
TUR.10.4_1,2059,1,aegypti,2.6512457603205215,80.5398779761615,0.0011896378729646425,0,0,0,0,0,0,1,1,1,1.1511961899879353e-4,0,0,0
TUR.10.4_1,2059,2,aegypti,3.489846478038303,79.74697832548253,8.898851305061449e-4,0,0,0,0,0,0,1,1,1,9.534029023705592e-5,0,0,0
TUR.10.4_1,2059,3,aegypti,5.697213191648617,77.3608471504325,0.0010924082001760767,0,0,0,0,0,0,1,1,1,1.0571133476078298e-4,0,0,0
TUR.10.4_1,2059,4,aegypti,8.397237931980806,81.40137729362986,0.0014445089222996355,0,0,0,0,0,0,1,1,1,1.4444045970218866e-4,0,0,0
TUR.10.4_1,2059,5,aegypti,15.944475061753216,81.26691303974857,0.0020190415210624003,9.397745808894434e-4,9.288534079234986e-4,9.504575451781907e-4,0,0,0,1,1,1,1.9537202734087877e-4,0,0,0
TUR.10.4_1,2059,6,aegypti,17.74517878364114,88.48945222693166,0.002270959027995158,0.01147274039899936,0.011396013831559191,0.011553239027703279,0,0,0,1,1,1,2.2707011847689085e-4,0,0,0
TUR.10.4_1,2059,7,aegypti,22.376821574042825,85.89742596261712,0.0026668650011808714,0.13063440749148553,0.1300391456712782,0.1312167848493318,1.5019279003453124e-6,1.3246631343555305e-6,1.691517044860591e-6,0.9999984980720996,0.9999983084829551,0.9999986753368657,2.580504090559099e-4,4.0054389423005436e-9,3.532697784303096e-9,4.511047582700378e-9
TUR.10.4_1,2059,8,aegypti,23.826655387878418,94.39268745594103,0.0031667340834776857,0.2273332328388311,0.22653568659421996,0.22811720574398964,0.12286662089770041,0.11999423023535968,0.12568683248883492,0.8771333791022996,0.8743131675111651,0.8800057697646403,3.064111836124095e-4,3.890102215489938e-4,3.7991763171950355e-4,3.9793757811731054e-4
TUR.10.4_1,2059,9,aegypti,19.73980670816758,83.45541794954144,0.0025240399852232785,0.042183740092915104,0.04194676103492006,0.042421881206638416,0,0,0,1,1,1,2.523721473128848e-4,0,0,0
TUR.10.4_1,2059,10,aegypti,15.300396975348976,84.50442265312087,0.002487336066269492,1.6967578868527173e-4,1.6747388416986627e-4,1.7197402058691678e-4,0,0,0,1,1,1,2.406809735833182e-4,0,0,0
TUR.10.4_1,2059,11,aegypti,9.638372708769406,79.99331248872706,0.0014427782908572274,0,0,0,0,0,0,1,1,1,1.4426742154027838e-4,0,0,0
TUR.10.4_1,2059,12,aegypti,6.412493385374546,78.7756499829306,0.0011867077974411296,0,0,0,0,0,0,1,1,1,1.1483609590567934e-4,0,0,0
TUR.10.4_1,2060,1,aegypti,4.425381290315486,81.22955998299744,0.0013661135202573773,0,0,0,0,0,0,1,1,1,1.3219579558410022e-4,0,0,0
TUR.10.4_1,2060,2,aegypti,2.8148437839083593,73.77699236356847,0.001058390478695358,0,0,0,0,0,0,1,1,1,1.0948267654420363e-4,0,0,0
TUR.10.4_1,2060,3,aegypti,8.690500278135433,77.36730161820594,0.0012544604083438765,0,0,0,0,0,0,1,1,1,1.2139202574756869e-4,0,0,0
TUR.10.4_1,2060,4,aegypti,13.986234819187837,70.21684512810252,0.0016587931619629903,0,0,0,0,0,0,1,1,1,1.6586555898323585e-4,0,0,0
TUR.10.4_1,2060,5,aegypti,16.304330713608685,79.51515827900639,0.0023185542277757857,0.0017658983323070572,0.0017484020153899148,0.0017855204251524088,0,0,0,1,1,1,2.24351045130744e-4,0,0,0
TUR.10.4_1,2060,6,aegypti,20.00433977912454,78.37330232458791,0.0026078421867684978,0.044725243143219136,0.044488214094321785,0.04498767765299679,0,0,0,1,1,1,2.6075021742821836e-4,0,0,0
TUR.10.4_1,2060,7,aegypti,22.45623212702134,89.13789684884759,0.003062478437858776,0.1413686771864886,0.14080763547918965,0.14191918215443214,1.2534361776867287e-5,1.1259974708185961e-5,1.3878402338485251e-5,0.9999874656382232,0.9999861215976615,0.9999887400252918,2.96324968164563e-4,3.8386211934970937e-8,3.448342917322655e-8,4.2502306979441684e-8
TUR.10.4_1,2060,8,aegypti,27.48542881011963,74.70736946277697,0.0036365001021006482,0.2827086203412134,0.281286378353938,0.2841417095912234,0.29256232322357373,0.28899126279282183,0.2961337417332217,0.7074376767764263,0.7038662582667783,0.711008737207178,3.518574483631909e-4,0.0010633371528005731,0.0010503647370300184,0.001076310743688272
TUR.10.4_1,2060,9,aegypti,21.7242351139293,80.50271256624066,0.002898466186933706,0.09592466936226449,0.09548375162650206,0.09637657346399318,2.9066845574909904e-10,2.5482310150870543e-10,3.309261781270223e-10,0.9999999997093315,0.9999999996690738,0.999999999745177,2.898046172202795e-4,8.424922981475902e-13,7.386424805133629e-13,9.591910599127118e-13
TUR.10.4_1,2060,10,aegypti,16.38126188166001,83.2088980559529,0.0028563174616209833,0.0021224478524587025,0.0021007246384354733,0.0021438143525764762,0,0,0,1,1,1,2.763796189810819e-4,0,0,0
TUR.10.4_1,2060,11,aegypti,11.79614763400134,78.03609050386378,0.0016568058017201927,0,0,0,0,0,0,1,1,1,1.656668559026908e-4,0,0,0
TUR.10.4_1,2060,12,aegypti,4.544873155653477,77.46240230226654,0.001362748785593987,0,0,0,0,0,0,1,1,1,1.3187021909311092e-4,0,0,0
TUR.10.4_1,2061,1,aegypti,4.037307369111873,80.38541325448182,0.001235250648250718,0,0,0,0,0,0,1,1,1,1.195332406473959e-4,0,0,0
TUR.10.4_1,2061,2,aegypti,3.807047853999607,79.930808586713,9.240048667810536e-4,0,0,0,0,0,0,1,1,1,9.899562105086801e-5,0,0,0
TUR.10.4_1,2061,3,aegypti,8.741119403501644,69.47714964066688,0.001134293021505045,0,0,0,0,0,0,1,1,1,1.0976426786557525e-4,0,0,0
TUR.10.4_1,2061,4,aegypti,10.769379770054536,82.9077096910908,0.0014998938947933136,0,0,0,0,0,0,1,1,1,1.4997814163320022e-4,0,0,0
TUR.10.4_1,2061,5,aegypti,17.86111057505888,77.90899525410404,0.0020964550678957503,0.010817027332524352,0.010734803174393931,0.01089947171075518,0,0,0,1,1,1,2.028621691929633e-4,0,0,0
TUR.10.4_1,2061,6,aegypti,18.912487591014187,85.22396455603322,0.0023580315281078934,0.026620019415230504,0.026466953397047455,0.026775892090661498,0,0,0,1,1,1,2.357753534324436e-4,0,0,0
TUR.10.4_1,2061,7,aegypti,22.19265371210435,91.62061627023431,0.002769117221609952,0.135158962736967,0.13459947521461016,0.13572376330476735,3.76831694236468e-6,3.3646669186260245e-6,4.2089651707433175e-6,0.9999962316830576,0.9999957910348292,0.9999966353330814,2.679431827741219e-4,1.0434911286161252e-8,9.317157098620576e-9,1.1655117873599075e-8
TUR.10.4_1,2061,8,aegypti,24.017888069152832,87.1983438890465,0.003288152149784252,0.2098275236907633,0.20893936689120005,0.21069190907733287,0.061402126876222034,0.05855550853966445,0.06420661678569499,0.938597873123778,0.9357933832143049,0.9414444914603355,3.18157649677131e-4,2.0187914450815191e-4,1.925208867615713e-4,2.1109884051762894e-4
TUR.10.4_1,2061,9,aegypti,19.65015178568223,88.51762803254925,0.0026208160473136293,0.04342024951284938,0.04318782593977364,0.043653877469493715,0,0,0,1,1,1,2.6204726434764236e-4,0,0,0
TUR.10.4_1,2061,10,aegypti,15.30434709436753,83.87360142509353,0.00258270483657349,1.7035463399692164e-4,1.6792885841806414e-4,1.725705564510747e-4,0,0,0,1,1,1,2.4990794553869655e-4,0,0,0
TUR.10.4_1,2061,11,aegypti,8.34864311358508,79.51378978364893,0.0014980969079457192,0,0,0,0,0,0,1,1,1,1.497984698831667e-4,0,0,0
TUR.10.4_1,2061,12,aegypti,8.289159931242466,74.61637874269623,0.0012322082285597385,0,0,0,0,0,0,1,1,1,1.192388480859563e-4,0,0,0
TUR.10.4_1,2062,1,aegypti,4.531334268449641,75.28645237801697,0.0012899579326139828,0,0,0,0,0,0,1,1,1,1.2482684712078473e-4,0,0,0
TUR.10.4_1,2062,2,aegypti,2.4900316100649755,79.11463884794347,9.649275710691404e-4,0,0,0,0,0,0,1,1,1,1.0337975284535617e-4,0,0,0
TUR.10.4_1,2062,3,aegypti,7.33822729076971,77.0021053901786,0.0011845290533311526,0,0,0,0,0,0,1,1,1,1.1462527389194399e-4,0,0,0
TUR.10.4_1,2062,4,aegypti,13.399171983494478,75.26892337517283,0.001566321807163474,0,0,0,0,0,0,1,1,1,1.5661991453674862e-4,0,0,0
TUR.10.4_1,2062,5,aegypti,15.63983429179472,80.0857912135767,0.0021893037247384716,4.5538434524732105e-4,4.4999901201760054e-4,4.611478507454019e-4,0,0,0,1,1,1,2.1184565993259685e-4,0,0,0
TUR.10.4_1,2062,6,aegypti,20.213875377879422,79.37025056677541,0.0024624649898740748,0.050366537106948155,0.0501098012885108,0.05062937469222073,0,0,0,1,1,1,2.462161828067355e-4,0,0,0
TUR.10.4_1,2062,7,aegypti,25.10447126276353,82.77269299142571,0.0028917570141835163,0.24289033304815452,0.24188508322228328,0.24394366959488314,0.17710116381465446,0.17373988156440526,0.18060519244800272,0.8228988361853455,0.8193948075519972,0.8262601184355947,2.7980829933949014e-4,5.120024023834204e-4,5.022873326173099e-4,5.221299747380032e-4
TUR.10.4_1,2062,8,aegypti,23.33467197418213,71.17430366687853,0.0034337791728849243,0.13328068056891276,0.13260463815842785,0.13393712219786558,2.5858732920028826e-6,2.2487169334339804e-6,2.94569752315732e-6,0.999997414126708,0.9999970543024769,0.9999977512830666,3.322460043472253e-4,8.879317816012921e-9,7.721597314325202e-9,1.0114874740563273e-8
TUR.10.4_1,2062,9,aegypti,19.687385138343362,83.82638962922894,0.002736887817012545,0.041250926652194875,0.041023446262541306,0.04147948750636831,0,0,0,1,1,1,2.736513323432499e-4,0,0,0
TUR.10.4_1,2062,10,aegypti,14.767265375922706,87.15669010917556,0.0026970887214319158,2.8595279359672304e-6,2.814569936735907e-6,2.905911044253547e-6,0,0,0,1,1,1,2.6097452616746786e-4,0,0,0
TUR.10.4_1,2062,11,aegypti,10.10659628054675,82.02152598970362,0.0015644452346296812,0,0,0,0,0,0,1,1,1,1.56432286656627e-4,0,0,0
TUR.10.4_1,2062,12,aegypti,5.399812377989292,75.96110530519623,0.0012867807689992317,0,0,0,0,0,0,1,1,1,1.2451941800717403e-4,0,0,0
TUR.10.4_1,2063,1,aegypti,-1.2223900681745041,83.7628012549701,0.0011807221934983867,0,0,0,0,0,0,1,1,1,1.1425691026245577e-4,0,0,0
TUR.10.4_1,2063,2,aegypti,3.384942780070774,74.56768755399816,8.832159324537929e-4,0,0,0,0,0,0,1,1,1,9.462580117358677e-5,0,0,0
TUR.10.4_1,2063,3,aegypti,6.295777816434994,79.39169279252235,0.0010842212034601704,0,0,0,0,0,0,1,1,1,1.0491912819621252e-4,0,0,0
TUR.10.4_1,2063,4,aegypti,11.552198564305025,73.6732355089619,0.001433683124945626,0,0,0,0,0,0,1,1,1,1.4335803574916373e-4,0,0,0
TUR.10.4_1,2063,5,aegypti,15.251839525559369,80.46953449970951,0.0020039099188833317,1.301829587455321e-4,1.2832064057100265e-4,1.3204900867217414e-4,0,0,0,1,1,1,1.9390796376361763e-4,0,0,0
TUR.10.4_1,2063,6,aegypti,19.723732555613797,84.67427430945119,0.002253939443099002,0.04261816079805449,0.04239650376565176,0.04283041968192297,0,0,0,1,1,1,2.2536854500310177e-4,0,0,0
TUR.10.4_1,2063,7,aegypti,21.984638270209818,90.21129925363275,0.002646878319459777,0.1230870245716219,0.12257738617853244,0.12356438306907357,2.9644313259613586e-7,2.641608666781314e-7,3.2908037717049865e-7,0.9999997035568674,0.9999996709196228,0.9999997358391334,2.561167113004359e-4,7.846488999652123e-10,6.992017020923669e-10,8.710357518593171e-10
TUR.10.4_1,2063,8,aegypti,23.301156044006348,92.53814186267931,0.003143001158791289,0.19188940993365655,0.19115455431334288,0.1925635774735558,0.01717211548056638,0.0160409660069797,0.018245649140634864,0.9828278845194336,0.9817543508593651,0.9839590339930203,3.041151500737804e-4,5.397052079956266e-5,5.041550384383697e-5,5.734445213598227e-5
TUR.10.4_1,2063,9,aegypti,20.47513728983262,83.72162278352582,0.0025051236981920126,0.060947918340946386,0.06066062077440033,0.06124851611910251,7.55062679047569e-16,6.661338147750939e-16,8.881784197001252e-16,0.9999999999999992,0.9999999999999991,0.9999999999999993,2.504809942155406e-4,0,0,0
TUR.10.4_1,2063,10,aegypti,15.680894907783058,84.33984898368728,0.0024686948548591227,5.443783080759555e-4,5.377101887891668e-4,5.510388257599744e-4,0,0,0,1,1,1,2.3887741794115236e-4,0,0,0
TUR.10.4_1,2063,11,aegypti,12.545798589201535,76.11298717134424,0.00143196546363099,0,0,0,0,0,0,1,1,1,1.4318629422704898e-4,0,0,0
TUR.10.4_1,2063,12,aegypti,7.926311172544956,68.34907527589935,0.0011778140772742314,0,0,0,0,0,0,1,1,1,1.1397551177594334e-4,0,0,0
TUR.10.4_1,2064,1,aegypti,7.429861413835384,72.63343724129822,0.0013283416004796296,0,0,0,0,0,0,1,1,1,1.2854092505043546e-4,0,0,0
TUR.10.4_1,2064,2,aegypti,6.0523355107836645,75.81497911893956,0.0010291268489442365,0,0,0,0,0,0,1,1,1,1.0645573135315001e-4,0,0,0
TUR.10.4_1,2064,3,aegypti,8.976663608213558,69.34030882035438,0.0012197756056494425,0,0,0,0,0,0,1,1,1,1.180358337694587e-4,0,0,0
TUR.10.4_1,2064,4,aegypti,14.99203220535727,72.66849002556346,0.0016129288898417843,2.8470456180157393e-5,2.799410259264652e-5,2.894559653663635e-5,0,0,0,1,1,1,1.612798819854433e-4,0,0,0
TUR.10.4_1,2064,5,aegypti,17.575277216294232,78.65813313252201,0.002254448102630779,0.00843206321880169,0.008362052385612597,0.00849738617901295,0,0,0,1,1,1,2.181485991621379e-4,0,0,0
TUR.10.4_1,2064,6,aegypti,19.995800579295437,89.41242585974416,0.0025357374865287345,0.05280277129369773,0.05254784368115506,0.05307331611980582,0,0,0,1,1,1,2.535416015471137e-4,0,0,0
TUR.10.4_1,2064,7,aegypti,20.744640406440286,88.5404389631054,0.002977803417693475,0.07409178396127894,0.07373836877491237,0.07441830279960862,1.9654222693787916e-13,1.7119361483963757e-13,2.2215840278505537e-13,0.9999999999998035,0.9999999999997778,0.9999999999998288,2.881330060029441e-4,5.829781102306697e-16,5.551115123125783e-16,6.661338147750939e-16
TUR.10.4_1,2064,8,aegypti,22.259325981140137,84.5380426805504,0.0035359538531312073,0.12299241829398319,0.12248751043801777,0.12351070206530423,2.902715141731571e-7,2.589014167303505e-7,3.251877878918119e-7,0.9999997097284858,0.9999996748122121,0.9999997410985833,3.4213054255438635e-4,1.0263866776494268e-9,9.154634106334215e-10,1.1498490243289084e-9
TUR.10.4_1,2064,9,aegypti,19.747581061194925,85.10839493928754,0.0028183259711551897,0.043455261291171325,0.04323472371193393,0.04366656167744702,0,0,0,1,1,1,2.817928860398e-4,0,0,0
TUR.10.4_1,2064,10,aegypti,16.651953753303076,77.88116978446853,0.0027773426235710667,0.0028999887079551217,0.0028733859611167396,0.002928422976977458,0,0,0,1,1,1,2.687389758142533e-4,0,0,0
TUR.10.4_1,2064,11,aegypti,7.332063008757199,79.62038005464503,0.0016109964784817464,0,0,0,0,0,0,1,1,1,1.6108667199676852e-4,0,0,0
TUR.10.4_1,2064,12,aegypti,6.2425538673996925,76.24350734377045,0.0013250698979734462,0,0,0,0,0,0,1,1,1,1.2822434932691085e-4,0,0,0
TUR.10.4_1,2065,1,aegypti,5.221776353715755,77.58273991463807,0.001269142422610931,0,0,0,0,0,0,1,1,1,1.2281269235003833e-4,0,0,0
TUR.10.4_1,2065,2,aegypti,5.78540350013303,66.49661211454503,9.493569396555185e-4,0,0,0,0,0,0,1,1,1,1.0171164198324867e-4,0,0,0
TUR.10.4_1,2065,3,aegypti,6.827274341245785,73.79786649857704,0.0011654148049241866,0,0,0,0,0,0,1,1,1,1.1277571823642418e-4,0,0,0
TUR.10.4_1,2065,4,aegypti,10.392036592259126,71.72552737907908,0.0015410467292553591,0,0,0,0,0,0,1,1,1,1.540927994103658e-4,0,0,0
TUR.10.4_1,2065,5,aegypti,13.189365274765912,83.50952778584232,0.002153975848976147,0,0,0,0,0,0,1,1,1,2.084275516666123e-4,0,0,0
TUR.10.4_1,2065,6,aegypti,20.785505855784695,87.11855684118947,0.002422729225371259,0.07375924286144865,0.07340629456089409,0.07409698670421513,1.7296453158621716e-13,1.5054624213917123e-13,1.9652057758889895e-13,0.999999999999827,0.9999999999998035,0.9999999999998495,2.4224357682256503e-4,4.283240429003854e-16,3.3306690738754696e-16,4.440892098500626e-16
TUR.10.4_1,2065,7,aegypti,21.207817133735208,89.68664867990228,0.002845093944378476,0.09150307043297087,0.09104264414385074,0.09191220816552184,7.709856675308658e-11,6.675102415254486e-11,8.723679001398921e-11,0.9999999999229015,0.9999999999127632,0.999999999933249,2.752937717502846e-4,2.1935198102340792e-13,1.8994528172555647e-13,2.482486438637466e-13
TUR.10.4_1,2065,8,aegypti,25.05185031890869,92.31794227771837,0.003378369718890857,0.28770200227468173,0.28673321314005057,0.288604432534889,0.3048398109267033,0.30249362854741196,0.30701506691899866,0.6951601890732967,0.6929849330810013,0.6975063714525881,3.2688556632132215e-4,0.0010293314528385335,0.0010214133167793212,0.0010366726885344929
TUR.10.4_1,2065,9,aegypti,21.22830348856309,88.82474168001019,0.002692723806472441,0.09098434628786473,0.09057248246137108,0.09140530680416246,6.568842791931928e-11,5.7692442489987174e-11,7.465853490984387e-11,0.9999999999343115,0.9999999999253415,0.9999999999423075,2.6923613009355307e-4,1.7688062126097749e-13,1.5531742558749783e-13,2.01066940874739e-13
TUR.10.4_1,2065,10,aegypti,16.809266146491552,81.4587759856404,0.002653566932200914,0.003784215439911422,0.0037503128562194014,0.003817905903678029,0,0,0,1,1,1,2.567638304143971e-4,0,0,0
TUR.10.4_1,2065,11,aegypti,11.182908345671262,77.27470744722315,0.0015392004381852955,0,0,0,0,0,0,1,1,1,1.5390819873628558e-4,0,0,0
TUR.10.4_1,2065,12,aegypti,7.30030170828104,72.99384303712982,0.0012660165275525663,0,0,0,0,0,0,1,1,1,1.2251022348241936e-4,0,0,0
TUR.10.4_1,2066,1,aegypti,2.6950239413965713,82.91621312020447,0.0011746709906438678,0,0,0,0,0,0,1,1,1,1.1367137672368965e-4,0,0,0
TUR.10.4_1,2066,2,aegypti,3.565344105296604,72.82025865995519,8.786894495935143e-4,0,0,0,0,0,0,1,1,1,9.414086664116805e-5,0,0,0
TUR.10.4_1,2066,3,aegypti,3.39948536839117,85.92367521439735,0.0010786645683114155,0,0,0,0,0,0,1,1,1,1.0438144558533313e-4,0,0,0
TUR.10.4_1,2066,4,aegypti,9.82800689865561,75.42737064079783,0.0014263354969719008,0,0,0,0,0,0,1,1,1,1.4262337801607128e-4,0,0,0
TUR.10.4_1,2066,5,aegypti,15.073506243088666,80.98338185078373,0.001993639877811759,5.576592499737405e-5,5.4944818199329206e-5,5.665833583761391e-5,0,0,0,1,1,1,1.9291428104772912e-4,0,0,0
TUR.10.4_1,2066,6,aegypti,18.973705852732937,87.55269227820119,0.0022423880003742892,0.02867794392124361,0.028516265456466516,0.028842582772085453,0,0,0,1,1,1,2.2421366039682145e-4,0,0,0
TUR.10.4_1,2066,7,aegypti,22.246587809394388,91.92692883126946,0.0026333130644569692,0.13828675905622237,0.13773433378369285,0.13882733331806588,6.96197034739765e-6,6.245668652499203e-6,7.716842163446591e-6,0.9999930380296526,0.9999922831578366,0.9999937543313475,2.54804280047205e-4,1.8333047302032667e-8,1.6446800676916952e-8,2.0320861043865433e-8
TUR.10.4_1,2066,8,aegypti,26.531535148620605,84.7305704515465,0.003126893273559215,0.3160545210311957,0.31482686026457685,0.3173687787968242,0.3671955012566547,0.3647306364798202,0.3698186455380953,0.6328044987433453,0.6301813544619047,0.6352693635201798,3.0255679531920876e-4,0.0011475222268932147,0.0011398236808167345,0.0011557150814944296
TUR.10.4_1,2066,9,aegypti,21.80246883280137,85.68813737092816,0.0024922849358168363,0.1073385123588087,0.10687572008524875,0.10782046394899776,6.740971017604736e-9,5.9656210554814855e-9,7.622007061613978e-9,0.999999993259029,0.999999992377993,0.999999994034379,2.491974387406337e-4,1.6800421609453053e-11,1.4868070663531795e-11,1.899626289603162e-11
TUR.10.4_1,2066,10,aegypti,14.986157473395851,87.02106999198806,0.0024560427903557885,3.5899947756613813e-5,3.536129000163952e-5,3.642986840005559e-5,0,0,0,1,1,1,2.376533163326311e-4,0,0,0
TUR.10.4_1,2066,11,aegypti,10.376411725493039,79.1153446542544,0.0014246266386738489,0,0,0,0,0,0,1,1,1,1.4245251654398938e-4,0,0,0
TUR.10.4_1,2066,12,aegypti,4.485990442335606,73.77979274416107,0.0011717777785193336,0,0,0,0,0,0,1,1,1,1.1339142024102689e-4,0,0,0
TUR.10.4_1,2067,1,aegypti,4.756329881547786,82.2051840674701,0.0012308495568609246,0,0,0,0,0,0,1,1,1,1.1910737939735405e-4,0,0,0
TUR.10.4_1,2067,2,aegypti,1.8328304391436498,80.27728990995519,9.20712717233044e-4,0,0,0,0,0,0,1,1,1,9.864292559880194e-5,0,0,0
TUR.10.4_1,2067,3,aegypti,6.553166408201351,77.23752561722938,0.0011302516334211622,0,0,0,0,0,0,1,1,1,1.0937320864556899e-4,0,0,0
TUR.10.4_1,2067,4,aegypti,11.977418100132661,76.67183932976268,0.0014945499023693253,0,0,0,0,0,0,1,1,1,1.4944382239623355e-4,0,0,0
TUR.10.4_1,2067,5,aegypti,13.227750666001263,82.72565327412357,0.0020889855795279675,0,0,0,0,0,0,1,1,1,2.0213946185843046e-4,0,0,0
TUR.10.4_1,2067,6,aegypti,17.98417910407571,88.122226579959,0.002349630065400779,0.014039717280463137,0.013947402410650615,0.014132072919637716,0,0,0,1,1,1,2.3493540489472053e-4,0,0,0
TUR.10.4_1,2067,7,aegypti,21.777824457953958,90.48248608224603,0.0027592510960761465,0.11494674478893928,0.11446349142942508,0.11541569497739736,4.507540139220279e-8,4.004924732403658e-8,5.035831856792239e-8,0.9999999549245986,0.9999999496416814,0.9999999599507526,2.669886518049669e-4,1.2437435137346852e-10,1.1050596826489566e-10,1.389512865879183e-10
TUR.10.4_1,2067,8,aegypti,21.227160453796387,90.45950569324572,0.0032764367476225617,0.09332453329600819,0.09293681381504028,0.0937238045208517,1.342326212405709e-10,1.1917521969273536e-10,1.5107186612794975e-10,0.9999999998657674,0.9999999998489281,0.9999999998808248,3.1702426114910143e-4,4.39806746577176e-13,3.9045711108798284e-13,4.949513021657026e-13
TUR.10.4_1,2067,9,aegypti,20.221444662879495,84.23528702913129,0.0026114783060573114,0.05453610718673291,0.05424993932235697,0.054808457124478294,0,0,0,1,1,1,2.6111373447912367e-4,0,0,0
TUR.10.4_1,2067,10,aegypti,17.137910898993994,81.29108189384353,0.0025735028822699503,0.005592654124326418,0.005545099350742037,0.005639719591696789,0,0,0,1,1,1,2.490176559815094e-4,0,0,0
TUR.10.4_1,2067,11,aegypti,10.455588628264035,83.51818431489893,0.0014927593180306903,0,0,0,0,0,0,1,1,1,1.4926479070553889e-4,0,0,0
TUR.10.4_1,2067,12,aegypti,6.12858072668314,81.31067653322357,0.0012278179770485761,0,0,0,0,0,0,1,1,1,1.1881403560642934e-4,0,0,0
TUR.10.4_1,2068,1,aegypti,4.3751877421129715,80.51862248299744,0.0012791279140551245,0,0,0,0,0,0,1,1,1,1.237789110862808e-4,0,0,0
TUR.10.4_1,2068,2,aegypti,5.25361467414426,75.97239641630284,9.909987604941773e-4,0,0,0,0,0,0,1,1,1,1.0251185845489008e-4,0,0,0
TUR.10.4_1,2068,3,aegypti,10.704208392759456,64.2944523445243,0.0011745841773729982,0,0,0,0,0,0,1,1,1,1.1366297639436862e-4,0,0,0
TUR.10.4_1,2068,4,aegypti,12.409007226719575,76.6533380480244,0.0015531715378315505,0,0,0,0,0,0,1,1,1,1.553050926984545e-4,0,0,0
TUR.10.4_1,2068,5,aegypti,15.77947223887724,85.12945423847904,0.0021709231253635376,7.000824290600896e-4,6.920287840987804e-4,7.076814228756259e-4,0,0,0,1,1,1,2.1006726749372984e-4,0,0,0
TUR.10.4_1,2068,6,aegypti,18.708147609935086,84.62885652380666,0.0024417910276721957,0.023023991666854978,0.022882274794694065,0.023166185462436404,0,0,0,1,1,1,2.4414929347638115e-4,0,0,0
TUR.10.4_1,2068,7,aegypti,19.924003657172708,89.69192059152337,0.0028674788719747595,0.05111162253820642,0.05086767755263555,0.051352731922921696,0,0,0,1,1,1,2.7745945635604397e-4,0,0,0
TUR.10.4_1,2068,8,aegypti,24.08541202545166,92.32939399890978,0.00340495040938098,0.23351995525167146,0.23267894065716282,0.23438306481850885,0.14492846032072645,0.1419612982865653,0.14796447022204917,0.8550715396792735,0.8520355297779509,0.8580387017134347,3.2945704704423484e-4,4.93352468705603e-4,4.8325437568860486e-4,5.036847916604359e-4
TUR.10.4_1,2068,9,aegypti,19.708573874305277,81.53103287874066,0.0027139099003670813,0.04028013424735317,0.04005283880503627,0.040489388422745756,0,0,0,1,1,1,2.7135416683321534e-4,0,0,0
TUR.10.4_1,2068,10,aegypti,14.58569818384507,87.32712315360915,0.0026744449435462253,0,0,0,0,0,0,1,1,1,2.5878376230548117e-4,0,0,0
TUR.10.4_1,2068,11,aegypti,8.614094068022336,83.15751994722315,0.001551310720319572,0,0,0,0,0,0,1,1,1,1.551190398294544e-4,0,0,0
TUR.10.4_1,2068,12,aegypti,6.768782295286655,76.79009242677826,0.0012759774247528002,0,0,0,0,0,0,1,1,1,1.23474062716733e-4,0,0,0
TUR.10.4_1,2069,1,aegypti,5.220218765138484,75.63803013680604,0.0011949098381212073,0,0,0,0,0,0,1,1,1,1.1562975031220724e-4,0,0,0
TUR.10.4_1,2069,2,aegypti,4.937222490840427,75.933982414838,8.938287199865995e-4,0,0,0,0,0,0,1,1,1,9.576277730816152e-5,0,0,0
TUR.10.4_1,2069,3,aegypti,2.352336187025203,80.70018736039344,0.0010972492850969207,0,0,0,0,0,0,1,1,1,1.0617977721516514e-4,0,0,0
TUR.10.4_1,2069,4,aegypti,12.016885911717134,76.44797000603221,0.001450910366705346,0,0,0,0,0,0,1,1,1,1.4508051147510415e-4,0,0,0
TUR.10.4_1,2069,5,aegypti,16.145955927231732,80.9754396510767,0.002027989047692645,0.0013774251696564016,0.001362760803316699,0.001392298906681305,0,0,0,1,1,1,1.9623774746924116e-4,0,0,0
TUR.10.4_1,2069,6,aegypti,17.81892260383157,83.52838502722463,0.0022810229450405542,0.011366498056745248,0.011281989251881152,0.011444565314594316,0,0,0,1,1,1,2.2807628115362188e-4,0,0,0
TUR.10.4_1,2069,7,aegypti,21.538442667792825,90.16017468087884,0.0026786834038082614,0.10475674554071572,0.10432978897495612,0.1051875878899183,3.4195646316792505e-9,3.045919405586517e-9,3.827680883361495e-9,0.9999999965804354,0.999999996172319,0.9999999969540806,2.5919382964889603e-4,9.159932479185784e-12,8.159103948024438e-12,1.025310392144263e-11
TUR.10.4_1,2069,8,aegypti,22.0850191116333,76.33673347644884,0.003180767691626522,0.10131900515033189,0.10083105081967986,0.10184198423278741,1.3472044815276973e-9,1.1741142641463753e-9,1.5520461749130022e-9,0.9999999986527955,0.9999999984479538,0.9999999988258857,3.077688576673676e-4,4.285144905580296e-12,3.734546005773609e-12,4.936739905758713e-12
TUR.10.4_1,2069,9,aegypti,20.173068579505472,88.16225846467816,0.0025352254485968622,0.056581996319265186,0.05629047279822819,0.056858837648914154,1.1102230246251565e-16,1.1102230246251565e-16,1.1102230246251565e-16,0.9999999999999999,0.9999999999999999,0.9999999999999999,2.534904107349689e-4,0,0,0
TUR.10.4_1,2069,10,aegypti,13.143202837775734,88.47690342704665,0.0024983588736061163,0,0,0,0,0,0,1,1,1,2.4174743956517641e-4,0,0,0
TUR.10.4_1,2069,11,aegypti,10.991135884733762,70.49665416353174,0.0014491720658461596,0,0,0,0,0,0,1,1,1,1.449067065933951e-4,0,0,0
TUR.10.4_1,2069,12,aegypti,3.962373413145542,76.43685908937591,0.0011919667777588482,0,0,0,0,0,0,1,1,1,1.1534497091136853e-4,0,0,0
TUR.10.4_1,2070,1,aegypti,4.430336582063533,81.54077061532166,0.0012458390300155017,0,0,0,0,0,0,1,1,1,1.205577997451801e-4,0,0,0
TUR.10.4_1,2070,2,aegypti,7.879558334880344,69.31867174589269,9.31925296773016e-4,0,0,0,0,0,0,1,1,1,9.984415418062831e-5,0,0,0
TUR.10.4_1,2070,3,aegypti,4.71979000057806,87.53794828568641,0.001144016009759966,0,0,0,0,0,0,1,1,1,1.1070509848920551e-4,0,0,0
TUR.10.4_1,2070,4,aegypti,10.459746515049654,81.14681491570018,0.0015127507584486617,0,0,0,0,0,0,1,1,1,1.5126363434747603e-4,0,0,0
TUR.10.4_1,2070,5,aegypti,15.753965265610638,81.11936817890873,0.0021144255637161984,6.159214113318893e-4,6.083482014970197e-4,6.237443563021814e-4,0,0,0,1,1,1,2.0460089512819302e-4,0,0,0
TUR.10.4_1,2070,6,aegypti,19.48695811103372,87.48234163122854,0.002378244217790235,0.03902903967299064,0.038809348764611784,0.03925672467900111,0,0,0,1,1,1,2.3779614379304537e-4,0,0,0
TUR.10.4_1,2070,7,aegypti,21.11359411127427,88.60453350656243,0.0027928536756934735,0.08660338399697534,0.08623405449518484,0.08696780974015067,1.633216417662453e-11,1.4447654184124303e-11,1.8352647179753488e-11,0.9999999999836678,0.9999999999816473,0.9999999999855523,2.702396408523766e-4,4.561340194442209e-14,4.030109579389318e-14,5.129230373768223e-14
TUR.10.4_1,2070,8,aegypti,22.755610466003418,96.55475868396837,0.0033163376927847067,0.17531745522727238,0.1747170911349759,0.17592784932435693,0.0027615324878631628,0.002554184311451194,0.0029832192154171737,0.9972384675121369,0.9970167807845829,0.9974458156885487,3.2088441133448775e-4,9.15813227725193e-6,8.4705018314285e-6,9.893313390754721e-6
TUR.10.4_1,2070,9,aegypti,18.729209479163675,87.28481705842816,0.0026432812861568763,0.02431269334943968,0.024173143563955342,0.024451322207500747,0,0,0,1,1,1,2.642931970138207e-4,0,0,0
TUR.10.4_1,2070,10,aegypti,18.125422533820654,82.07681034843337,0.0026048433918813706,0.014384895233509372,0.014293375513621726,0.014474090837866107,0,0,0,1,1,1,2.520498486675571e-4,0,0,0
TUR.10.4_1,2070,11,aegypti,8.392675687285031,88.05707133882471,0.0015109383681015467,0,0,0,0,0,0,1,1,1,1.5108242271122396e-4,0,0,0
TUR.10.4_1,2070,12,aegypti,4.222527898848057,78.72580714845795,0.0012427705311629995,0,0,0,0,0,0,1,1,1,1.202608839990793e-4,0,0,0
TUR.10.4_1,2071,1,aegypti,4.566818820833064,75.65843876717713,0.0012966186545578175,0,0,0,0,0,0,1,1,1,1.2547135244600494e-4,0,0,0
TUR.10.4_1,2071,2,aegypti,2.2713813882403295,77.04695848905675,9.699099926538563e-4,0,0,0,0,0,0,1,1,1,1.0391352839955736e-4,0,0,0
TUR.10.4_1,2071,3,aegypti,7.9236417004071615,72.4519344917411,0.0011906453912823014,0,0,0,0,0,0,1,1,1,1.1521710954243147e-4,0,0,0
TUR.10.4_1,2071,4,aegypti,12.476822053684907,81.34051761345408,0.0015744095391493841,0,0,0,0,0,0,1,1,1,1.5742856073841516e-4,0,0,0
TUR.10.4_1,2071,5,aegypti,16.53261173472685,79.91415272480717,0.002200608235523203,0.0025303412756301894,0.0025054555285895304,0.0025564929809554094,0,0,0,1,1,1,2.129394124930073e-4,0,0,0
TUR.10.4_1,2071,6,aegypti,19.652700985179226,87.5691488822051,0.0024751799739671934,0.0428585404366273,0.04262790242429196,0.043087636860298574,0,0,0,1,1,1,2.474873673443678e-4,0,0,0
TUR.10.4_1,2071,7,aegypti,23.922691401313333,87.15773327462884,0.002906688655684088,0.20499193447553013,0.20420704023930306,0.20578096619792074,0.046596322565819054,0.04435496382111718,0.04888660444989722,0.953403677434181,0.9511133955501028,0.9556450361788829,2.812528915380197e-4,1.3543182439581391e-4,1.2891775955320984e-4,1.4208804310702206e-4
TUR.10.4_1,2071,8,aegypti,25.12196445465088,85.98657478504259,0.0034515095559531305,0.2590031674249191,0.25796018317698316,0.2600515058274239,0.22790329103006984,0.2247952176083999,0.23100923389208203,0.7720967089699301,0.768990766107918,0.7752047823916001,3.339612763161304e-4,7.863010756645582e-4,7.755819224469163e-4,7.97012794731436e-4
TUR.10.4_1,2071,9,aegypti,23.601117667029886,71.46901353059613,0.00275101978851308,0.1431437920721518,0.1424349648685803,0.14384578283490143,1.7468426414868455e-5,1.528118737941786e-5,1.983908060578243e-5,0.9999825315735851,0.9999801609193942,0.9999847188126205,2.75064141771697e-4,4.805598557988677e-8,4.203884803044567e-8,5.457770180516963e-8
TUR.10.4_1,2071,10,aegypti,16.379610117743994,85.37904881278884,0.0027110151895570482,0.0021919120444523973,0.0021717705562970444,0.0022140586664542903,0,0,0,1,1,1,2.6232189625996494e-4,0,0,0
TUR.10.4_1,2071,11,aegypti,8.31095771929797,82.50012553804346,0.0015725232768981677,0,0,0,0,0,0,1,1,1,1.5723996419059194e-4,0,0,0
TUR.10.4_1,2071,12,aegypti,4.955126442015171,77.62696071291107,0.0012934250855992384,0,0,0,0,0,0,1,1,1,1.2516233611525873e-4,0,0,0
TUR.10.4_1,2072,1,aegypti,4.774532424806453,75.41497715829041,0.0013608069065166725,0,0,0,0,0,0,1,1,1,1.3168232007532144e-4,0,0,0
TUR.10.4_1,2072,2,aegypti,7.877246628337375,64.93565706693761,0.0010542792028943415,0,0,0,0,0,0,1,1,1,1.0905741862399232e-4,0,0,0
TUR.10.4_1,2072,3,aegypti,9.147630233427181,70.73154417191688,0.0012495875066842591,0,0,0,0,0,0,1,1,1,1.2092051175305318e-4,0,0,0
TUR.10.4_1,2072,4,aegypti,9.72886482407065,77.60297641472361,0.0016523496457721825,0,0,0,0,0,0,1,1,1,1.6522131403229334e-4,0,0,0
TUR.10.4_1,2072,5,aegypti,16.32784927592558,85.4624773097681,0.0023095478959144584,0.0020211595629174095,0.002000289497694328,0.00204313748533532,0,0,0,1,1,1,2.2347965978830597e-4,0,0,0
TUR.10.4_1,2072,6,aegypti,18.235470379100125,87.6493490775176,0.002597712127313931,0.017068815400081747,0.01695143154402974,0.017187745629960085,0,0,0,1,1,1,2.597374751113213e-4,0,0,0
TUR.10.4_1,2072,7,aegypti,23.304187830756693,86.64197094552728,0.003050582361933921,0.17361173003813335,0.17291880321339914,0.1743033575078721,0.0022131329137994814,0.0020172071791516614,0.0024205613758893933,0.9977868670862006,0.9975794386241107,0.9979827928208483,2.951740754871812e-4,6.751321390009002e-6,6.153637707392856e-6,7.384094576676214e-6
TUR.10.4_1,2072,8,aegypti,22.246840476989746,93.96308387928087,0.0036223742618071955,0.14294759316052025,0.14241194487885428,0.14350337472572638,1.682984746375826e-5,1.5215806997381787e-5,1.8627068592497188e-5,0.9999831701525362,0.9999813729314074,0.9999847841930026,3.5049091162164814e-4,6.096400442090477e-8,5.5117346162147915e-8,6.747421160968603e-8
TUR.10.4_1,2072,9,aegypti,18.817498740027933,87.96764786897504,0.002887207210086999,0.026056864695887166,0.02590130464507581,0.026215949949045844,0,0,0,1,1,1,2.8867904519236376e-4,0,0,0
TUR.10.4_1,2072,10,aegypti,19.086747225593115,78.1172003630818,0.002845222209824634,0.02667850655718431,0.0265174635453494,0.026851179625720183,0,0,0,1,1,1,2.753061811181512e-4,0,0,0
TUR.10.4_1,2072,11,aegypti,12.515937139006223,77.28993571870753,0.0016503700053513586,0,0,0,0,0,0,1,1,1,1.6502338267854189e-4,0,0,0
TUR.10.4_1,2072,12,aegypti,4.990626730024815,81.23555751466888,0.001357455242031517,0,0,0,0,0,0,1,1,1,1.3135800810692988e-4,0,0,0
TUR.10.4_1,2073,1,aegypti,4.876278030275203,77.11574467538026,0.0013304134576416476,0,0,0,0,0,0,1,1,1,1.2874140156360347e-4,0,0,0
TUR.10.4_1,2073,2,aegypti,4.0052094560198706,83.56223253690831,9.951895280789842e-4,0,0,0,0,0,0,1,1,1,1.0662176493259068e-4,0,0,0
TUR.10.4_1,2073,3,aegypti,7.571302432676449,76.67048612748329,0.0012216781289338954,0,0,0,0,0,0,1,1,1,1.182199271768658e-4,0,0,0
TUR.10.4_1,2073,4,aegypti,11.228752290501314,73.21393832878611,0.0016154446269616926,0,0,0,0,0,0,1,1,1,1.6153141509200886e-4,0,0,0
TUR.10.4_1,2073,5,aegypti,17.796672708847943,74.87808857685795,0.0022579644379214507,0.009750055843096385,0.00967518764372323,0.009822110747406122,0,0,0,1,1,1,2.184888153823339e-4,0,0,0
TUR.10.4_1,2073,6,aegypti,18.615982616648953,84.52549348669729,0.002539692557927963,0.02156546232305996,0.02143643276710781,0.021692723381992178,0,0,0,1,1,1,2.539370083313175e-4,0,0,0
TUR.10.4_1,2073,7,aegypti,23.734882410834818,85.5506928693554,0.00298244799355845,0.19033600434948572,0.1896091270127443,0.19108408829936657,0.014859542527531872,0.013853109897159729,0.015936025537499385,0.9851404574724681,0.9840639744625006,0.9861468901028403,2.8858235147710687e-4,4.4316829548305516e-5,4.131532631569679e-5,4.7527237934660846e-5
TUR.10.4_1,2073,8,aegypti,25.469319343566895,76.26725258045275,0.003541468994200741,0.228179092367094,0.22708598987494338,0.22917124429975455,0.12590800613398223,0.12197700382237847,0.12946918670432794,0.8740919938660178,0.870530813295672,0.8780229961776216,3.426640831383221e-4,4.457998796480297e-4,4.3188448807589264e-4,4.584060102619025e-4
TUR.10.4_1,2073,9,aegypti,21.50652271158555,75.61318619905316,0.002822721804912208,0.08180241153843994,0.08136965185504734,0.08220183251923344,3.258397218708353e-12,2.7971014393557424e-12,3.730774023047445e-12,0.9999999999967416,0.9999999999962692,0.9999999999972029,2.822323454474418e-4,9.195533223760321e-15,7.882583474838611e-15,1.0547118733938987e-14
TUR.10.4_1,2073,10,aegypti,14.227706011603859,82.64136265556228,0.0027816745342813436,0,0,0,0,0,0,1,1,1,2.691580802319793e-4,0,0,0
TUR.10.4_1,2073,11,aegypti,11.06524877688464,84.48774303071924,0.0016135092015574395,0,0,0,0,0,0,1,1,1,1.6133790379613266e-4,0,0,0
TUR.10.4_1,2073,12,aegypti,5.783214725553989,74.87649531984466,0.0013271366521557283,0,0,0,0,0,0,1,1,1,1.2842433213022808e-4,0,0,0
TUR.10.4_1,2074,1,aegypti,5.754559862016536,72.3142920386615,0.0014043109591740344,0,0,0,0,0,0,1,1,1,1.3589182643436448e-4,0,0,0
TUR.10.4_1,2074,2,aegypti,8.457215557628146,76.49708513700597,0.0010504670955553356,0,0,0,0,0,0,1,1,1,1.1254371243352157e-4,0,0,0
TUR.10.4_1,2074,3,aegypti,9.110232371946468,79.01147428666297,0.001289535952294318,0,0,0,0,0,0,1,1,1,1.2478601541232592e-4,0,0,0
TUR.10.4_1,2074,4,aegypti,11.396217500462251,78.83703860954783,0.0017051741175277313,0,0,0,0,0,0,1,1,1,1.7050287448516777e-4,0,0,0
TUR.10.4_1,2074,5,aegypti,16.67099941478056,80.42448292500248,0.0023833825397551133,0.003101023203643644,0.0030722536039734885,0.003130777014398488,0,0,0,1,1,1,2.3062332555356946e-4,0,0,0
TUR.10.4_1,2074,6,aegypti,18.4729944116929,89.8462484915801,0.002680759181700664,0.02108768010320176,0.020961470276076172,0.021217171298381153,0,0,0,1,1,1,2.680399890317986e-4,0,0,0
TUR.10.4_1,2074,7,aegypti,22.03385549433091,89.17118389718743,0.0031481073635147134,0.12310639461472957,0.1225924463167854,0.12361588846536689,2.977287744164725e-7,2.6505213011063235e-7,3.3285718857301027e-7,0.9999997022712256,0.9999996671428114,0.99999973494787,3.046091485178204e-4,9.372821468955905e-10,8.344125251857903e-10,1.047870162862452e-9
TUR.10.4_1,2074,8,aegypti,27.180211067199707,85.11102546863634,0.0037381790537109336,0.34415540836244873,0.34272840529918075,0.3455068530591656,0.41886468089543183,0.4164475917051592,0.4211403123627211,0.5811353191045682,0.5788596876372789,0.5835524082948408,3.6169383626993845e-4,0.0015645659547036846,0.0015555445487331677,0.0015730593374552015
TUR.10.4_1,2074,9,aegypti,23.831409033607034,82.08587296663129,0.0029795092214148647,0.18324660659019948,0.182493259332177,0.18399346810465725,0.007148780123925743,0.006564623381096893,0.007758311388369162,0.9928512198760743,0.9922416886116309,0.9934353766189031,2.979065391736091e-4,2.129962906223737e-5,1.955916461619245e-5,2.311569315249784e-5
TUR.10.4_1,2074,10,aegypti,14.212996538947609,88.90674351493728,0.002936181989823803,0,0,0,0,0,0,1,1,1,2.841062783421888e-4,0,0,0
TUR.10.4_1,2074,11,aegypti,10.824670125456418,70.97534526460596,0.001703131189376152,0,0,0,0,0,0,1,1,1,1.7029861648165667e-4,0,0,0
TUR.10.4_1,2074,12,aegypti,9.358746208250523,72.2221831860556,0.001400852144300713,0,0,0,0,0,0,1,1,1,1.355571478446338e-4,0,0,0
TUR.10.4_1,2075,1,aegypti,6.273750650285579,77.92813023446229,0.0013557626877295306,0,0,0,0,0,0,1,1,1,1.3119423403173958e-4,0,0,0
TUR.10.4_1,2075,2,aegypti,5.974202881389133,80.99170641386144,0.0010141515193181926,0,0,0,0,0,0,1,1,1,1.0865318817021574e-4,0,0,0
TUR.10.4_1,2075,3,aegypti,9.865775127073421,69.89083067094032,0.0012449555543130523,0,0,0,0,0,0,1,1,1,1.2047231240031042e-4,0,0,0
TUR.10.4_1,2075,4,aegypti,11.213988458409029,79.83200320915721,0.0016462247406984225,0,0,0,0,0,0,1,1,1,1.646089245338489e-4,0,0,0
TUR.10.4_1,2075,5,aegypti,15.153172380783978,79.78951893574467,0.0023009868981486575,8.277854690172176e-5,8.158969788796199e-5,8.397277829666002e-5,0,0,0,1,1,1,2.2265136093968518e-4,0,0,0
TUR.10.4_1,2075,6,aegypti,20.88281306098489,87.79611574011525,0.002588082966664148,0.07771348145268363,0.07735263205750335,0.07807204097206996,7.618055075653274e-13,6.661282636599708e-13,8.660960837403309e-13,0.9999999999992382,0.9999999999991339,0.9999999999993339,2.5877480868830016e-4,1.9714230248268906e-15,1.7763568394002505e-15,2.220446049250313e-15
TUR.10.4_1,2075,7,aegypti,20.83276372797349,87.32934887521478,0.0030392745086388635,0.07552143463470298,0.0751634355113765,0.07586871901768746,3.38198247185062e-13,2.948696842253185e-13,3.843703133554755e-13,0.9999999999996618,0.9999999999996156,0.9999999999997051,2.940800895167017e-4,1.028066520802895e-15,8.881784197001252e-16,1.2212453270876722e-15
TUR.10.4_1,2075,8,aegypti,25.234225273132324,91.89834846668322,0.0036089468988081065,0.29562991965538343,0.2945986770926655,0.296668020906346,0.3234789973689555,0.3211132137382155,0.3258481497506197,0.6765210026310445,0.6741518502493804,0.6788867862617846,3.4919194398763675e-4,0.001166737347170955,0.0011582092941591542,0.0011752774893309863
TUR.10.4_1,2075,9,aegypti,21.430692251990823,83.48687394319379,0.0028765049533731706,0.090393076819665,0.08999115176944955,0.09078150494395089,5.4667021243126615e-11,4.811965825801679e-11,6.156304077631348e-11,0.999999999945333,0.999999999938437,0.9999999999518804,2.876091279001569e-4,1.5725010182876531e-13,1.3844481117075702e-13,1.7708334798527404e-13
TUR.10.4_1,2075,10,aegypti,16.85152440912583,78.2975439910115,0.0028346755824848833,0.0037957621504770976,0.003762002247969159,0.0038306445286205915,0,0,0,1,1,1,2.7428582023081294e-4,0,0,0
TUR.10.4_1,2075,11,aegypti,12.556517888517941,71.70914043062159,0.0016442524383792462,0,0,0,0,0,0,1,1,1,1.6441172674841464e-4,0,0,0
TUR.10.4_1,2075,12,aegypti,8.498067058622837,72.4256972851767,0.0013524234471444033,0,0,0,0,0,0,1,1,1,1.3087112406051649e-4,0,0,0
TUR.39.3_1,2025,1,albopictus,1.2152294294141672,77.8297163676075,8.82293256218946e-5,0,0,0,0,0,0,1,1,1,8.538285383052902e-6,0,0,0
TUR.39.3_1,2025,2,albopictus,0.9362543459762546,82.47486039265675,6.599820561348449e-5,0,0,0,0,0,0,1,1,1,7.071211314602088e-6,0,0,0
TUR.39.3_1,2025,3,albopictus,5.302489902385894,71.35082719185532,8.101830060703479e-5,0,0,0,0,0,0,1,1,1,7.840449967377872e-6,0,0,0
TUR.39.3_1,2025,4,albopictus,11.550636628094843,52.86654334217316,1.0713180116878685e-4,6.489320343816516e-6,6.1803873265295855e-6,6.818520628035449e-6,0,0,0,1,1,1,1.0713122730932056e-5,0,0,0
TUR.39.3_1,2025,5,albopictus,15.298782292534323,50.302617773069386,1.4974193059439888e-4,0.007945961737672947,0.007879058400530516,0.008016794013976423,0,0,0,1,1,1,1.4491049577403103e-5,0,0,0
TUR.39.3_1,2025,6,albopictus,22.76730565463795,30.183047962122025,1.684253570842067e-4,0.07858363683207474,0.07813974084837894,0.07901500539354211,1.0456092658372996e-12,8.877065749146595e-13,1.217340117598553e-12,0.9999999999989544,0.9999999999987826,0.9999999999991123,1.6842393873672812e-5,1.941780070069399e-16,1.1102230246251565e-16,2.220446049250313e-16
TUR.39.3_1,2025,7,albopictus,24.53032471151913,35.04917070072136,1.9778766793331128e-4,0.10311276536299761,0.10261077562265919,0.1036315798826239,2.200538574581579e-9,1.9151693231300725e-9,2.5252613305992712e-9,0.9999999977994615,0.9999999974747387,0.9999999980848306,1.9140558875196945e-5,4.3523895598696073e-13,3.788080960021034e-13,4.994948898939811e-13
TUR.39.3_1,2025,8,albopictus,25.422099113464355,40.793145974985556,2.3486038815562208e-4,0.12207540986196803,0.1214648207143987,0.12267772601467271,2.36565700040825e-7,2.0569768580946946e-7,2.701535979310332e-7,0.9999997634343,0.9999997298464021,0.9999997943023142,2.2728166371499547e-5,5.555991156036555e-11,4.831024469353906e-11,6.344843261896215e-11
TUR.39.3_1,2025,9,albopictus,19.010950873879825,61.66373674193726,1.871950707016247e-4,0.0558719465386341,0.05562644291898677,0.05611752351671559,1.0735856648125263e-16,0,1.1102230246251565e-16,0.9999999999999999,0.9999999999999999,1,1.8719331861261068e-5,0,0,0
TUR.39.3_1,2025,10,albopictus,14.642031038508696,74.28254549831783,1.8447292971186024e-4,0.006687749300402792,0.006630894164309125,0.006741282292866712,0,0,0,1,1,1,1.7852059654432928e-5,0,0,0
TUR.39.3_1,2025,11,albopictus,7.591015116695096,76.39626490781279,1.0700344913113424e-4,0,0,0,0,0,0,1,1,1,1.070028766458897e-5,0,0,0
TUR.39.3_1,2025,12,albopictus,1.0478261233690906,83.16094951646612,8.801201698257185e-5,0,0,0,0,0,0,1,1,1,8.517255694062698e-6,0,0,0
TUR.39.3_1,2026,1,albopictus,4.349636592080488,83.7203413676075,8.359400589679674e-5,0,0,0,0,0,0,1,1,1,8.089709784275811e-6,0,0,0
TUR.39.3_1,2026,2,albopictus,1.315854926757953,75.303290568438,6.253084618230992e-5,0,0,0,0,0,0,1,1,1,6.699711076363357e-6,0,0,0
TUR.39.3_1,2026,3,albopictus,7.682564880260649,55.456383679892426,7.676182778180783e-5,0,0,0,0,0,0,1,1,1,7.428536387132922e-6,0,0,0
TUR.39.3_1,2026,4,albopictus,10.351044991437128,59.96149497181183,1.015033987340786e-4,0,0,0,0,0,0,1,1,1,1.015028835893439e-5,0,0,0
TUR.39.3_1,2026,5,albopictus,13.383130017448874,71.25634930993462,1.4187491223439222e-4,0.0016358945544216468,0.0016137883204108004,0.001656661577536381,0,0,0,1,1,1,1.3729735962586531e-5,0,0,0
TUR.39.3_1,2026,6,albopictus,18.421166700475354,54.257972431116166,1.5957676423374365e-4,0.041120487328402545,0.040930187669701405,0.0413327607459242,0,0,0,1,1,1,1.5957549100331647e-5,0,0,0
TUR.39.3_1,2026,7,albopictus,22.78537727804745,46.67185517948113,1.8739646215121844e-4,0.10528754145635172,0.10486790863375668,0.10573431068474863,3.937011097909782e-9,3.516112861978726e-9,4.42299038505567e-9,0.999999996062989,0.9999999955770096,0.9999999964838872,1.8134977057826518e-5,7.37783167892303e-13,6.588812828667301e-13,8.288925101851419e-13
TUR.39.3_1,2026,8,albopictus,23.799044609069824,42.81522925745626,2.2252148629744287e-4,0.11181317948058765,0.11131033772023843,0.1123419908500832,2.0976342166356687e-8,1.8471520854546064e-8,2.385685057559872e-8,0.9999999790236578,0.9999999761431494,0.9999999815284791,2.153410552141466e-5,4.6676884579710535e-12,4.110359275166787e-12,5.3086451901052094e-12
TUR.39.3_1,2026,9,albopictus,21.49874765732709,43.80601732055054,1.773603700785815e-4,0.08067039380935546,0.0803146293736999,0.08102447116173511,2.194911030706237e-12,1.932767834667004e-12,2.479860761184227e-12,0.9999999999978051,0.9999999999975201,0.9999999999980672,1.773587972531132e-5,3.8924419243357986e-16,3.3306690738754696e-16,4.440892098500626e-16
TUR.39.3_1,2026,10,albopictus,12.410467470393462,66.73484652370846,1.747812426926887e-4,2.5157496476890844e-4,2.457077208544796e-4,2.570551335200924e-4,0,0,0,1,1,1,1.6914170762771796e-5,0,0,0
TUR.39.3_1,2026,11,albopictus,8.362307803157499,80.94767939755889,1.0138178995018763e-4,0,0,0,0,0,0,1,1,1,1.0138127603864788e-5,0,0,0
TUR.39.3_1,2026,12,albopictus,2.4524296344641376,80.5412443162708,8.338811403999145e-5,0,0,0,0,0,0,1,1,1,8.06978492684518e-6,0,0,0
TUR.39.3_1,2027,1,albopictus,1.532305665423765,77.86012713420907,8.2642117971341e-5,0,0,0,0,0,0,1,1,1,7.997592338937487e-6,0,0,0
TUR.39.3_1,2027,2,albopictus,2.908730765037677,78.74973221882863,6.18188052074707e-5,0,0,0,0,0,0,1,1,1,6.6234214801674796e-6,0,0,0
TUR.39.3_1,2027,3,albopictus,3.167457010158721,74.76822373726547,7.588773811212954e-5,0,0,0,0,0,0,1,1,1,7.3439476890868605e-6,0,0,0
TUR.39.3_1,2027,4,albopictus,8.672171929303339,62.13159995228058,1.0034757591387575e-4,0,0,0,0,0,0,1,1,1,1.003470724336708e-5,0,0,0
TUR.39.3_1,2027,5,albopictus,16.89629644506118,54.85139630700493,1.4025937755062867e-4,0.021868760943927625,0.02172731977916173,0.022013099415593273,0,0,0,1,1,1,1.3573396030697182e-5,0,0,0
TUR.39.3_1,2027,6,albopictus,20.643059057347912,43.89634675972945,1.577596579301538e-4,0.06737300283057016,0.06705636568519455,0.06767685093908281,1.3144818566956928e-14,1.1435297153639112e-14,1.4876988529977098e-14,0.9999999999999869,0.9999999999999851,0.9999999999999886,1.5775841353149467e-5,0,0,0
TUR.39.3_1,2027,7,albopictus,25.2140271803912,29.818793503455737,1.852625719556093e-4,0.09661025303361837,0.09603774682154759,0.09713168506247631,3.552900169623285e-10,2.9977317850260476e-10,4.119538571378811e-10,0.99999999964471,0.9999999995880461,0.9999999997002268,1.792847527870567e-5,6.582268063937136e-14,5.551115123125783e-14,7.627509734930981e-14
TUR.39.3_1,2027,8,albopictus,24.752671241760254,46.2761514986672,2.1998762619959686e-4,0.13029478237949832,0.12972616903526843,0.13089908998270725,1.3997712063176237e-6,1.240780481756576e-6,1.583971606677892e-6,0.9999986002287937,0.9999984160283932,0.9999987592195182,2.1288898504279175e-5,3.079323459553862e-10,2.7295634363877495e-10,3.484541821752174e-10
TUR.39.3_1,2027,9,albopictus,20.131073783425723,55.59682313720093,1.7534076122121205e-4,0.07101979654992999,0.07074695534351763,0.07130730972020984,5.893419086078211e-14,5.2732818112133375e-14,6.595002322029586e-14,0.999999999999941,0.999999999999934,0.9999999999999473,1.7533922401113955e-5,0,0,0
TUR.39.3_1,2027,10,albopictus,12.62630399535684,74.44130556911861,1.7279100245081396e-4,4.8014760215207337e-4,4.7143359967897195e-4,4.892716632663494e-4,0,0,0,1,1,1,1.6721570107569583e-5,0,0,0
TUR.39.3_1,2027,11,albopictus,9.443389193538358,69.18312251279326,1.0022735189354257e-4,0,0,0,0,0,0,1,1,1,1.0022684961863426e-5,0,0,0
TUR.39.3_1,2027,12,albopictus,2.76824615610873,78.48311595933721,8.243857061244965e-5,0,0,0,0,0,0,1,1,1,7.977894364685767e-6,0,0,0
TUR.39.3_1,2028,1,albopictus,-0.43584986765156764,79.45980517375985,8.179904639324852e-5,0,0,0,0,0,0,1,1,1,7.916005415942173e-6,0,0,0
TUR.39.3_1,2028,2,albopictus,4.343131085090778,72.006171427813,6.337345365900719e-5,0,0,0,0,0,0,1,1,1,6.555853026779523e-6,0,0,0
TUR.39.3_1,2028,3,albopictus,6.8823496359674365,76.86275193550766,7.511357117765855e-5,0,0,0,0,0,0,1,1,1,7.269028855727555e-6,0,0,0
TUR.39.3_1,2028,4,albopictus,8.603319027844599,71.47395377308136,9.93238825325807e-5,0,0,0,0,0,0,1,1,1,9.932338927209905e-6,0,0,0
TUR.39.3_1,2028,5,albopictus,14.151623669792624,62.60935376550103,1.3882852488522523e-4,0.003559350527101216,0.00352171144674302,0.0035979377605423906,0,0,0,1,1,1,1.3434928287869852e-5,0,0,0
TUR.39.3_1,2028,6,albopictus,21.805107397191662,35.47379655831343,1.5615027657552016e-4,0.07434461772577278,0.07402002212962268,0.07470095989491807,2.1655566229128453e-13,1.907363156306019e-13,2.474742633040705e-13,0.9999999999997834,0.9999999999997525,0.9999999999998093,1.561490574364388e-5,0,0,0
TUR.39.3_1,2028,7,albopictus,25.405118717866785,27.43099900882683,1.833726202852727e-4,0.09258971971109109,0.09202895513810076,0.09309156769057457,1.0760609414628419e-10,9.041030701872899e-11,1.2488554357314994e-10,0.9999999998923939,0.9999999998751145,0.9999999999095897,1.7745579992345384e-5,1.9732770972780144e-14,1.6542323066914832e-14,2.2873369864839785e-14
TUR.39.3_1,2028,8,albopictus,24.67050838470459,32.78803428064962,2.177434277238846e-4,0.0996177581086084,0.09906357523384142,0.10012560485716332,8.388300719586184e-10,7.155730424868168e-10,9.64636623357329e-10,0.9999999991611699,0.9999999990353634,0.999999999284427,2.107172260656931e-5,1.8264956214153472e-13,1.5576429035490946e-13,2.1006252293176429e-13
TUR.39.3_1,2028,9,albopictus,21.87626917221967,41.41575090209351,1.7355202666436093e-4,0.08317787005890914,0.0827837312552372,0.08356178290903576,5.221754806328249e-12,4.5550008209716e-12,5.934949753871876e-12,0.9999999999947783,0.999999999994065,0.999999999995445,1.7355052065792798e-5,9.04942787371965e-16,7.771561172376096e-16,9.992007221626409e-16
TUR.39.3_1,2028,10,albopictus,11.090854013667387,54.68559878200924,1.7102827919671115e-4,1.2048843454435536e-7,1.0889914883512788e-7,1.3274109161368868e-7,0,0,0,1,1,1,1.655098682418199e-5,0,0,0
TUR.39.3_1,2028,11,albopictus,4.6947693986927765,58.416658279394824,9.920488497469832e-5,0,0,0,0,0,0,1,1,1,9.92043928960129e-6,0,0,0
TUR.39.3_1,2028,12,albopictus,2.8374302209738422,76.23314647691534,8.15975755178415e-5,0,0,0,0,0,0,1,1,1,7.896508388616219e-6,0,0,0
TUR.39.3_1,2029,1,albopictus,0.2435144559644602,81.70825640667,8.184683384729129e-5,0,0,0,0,0,0,1,1,1,7.920629971680526e-6,0,0,0
TUR.39.3_1,2029,2,albopictus,0.8313443857957336,77.62408372029347,6.122390861532052e-5,0,0,0,0,0,0,1,1,1,6.559682979689896e-6,0,0,0
TUR.39.3_1,2029,3,albopictus,4.794006015667144,76.50212571480454,7.51574529402085e-5,0,0,0,0,0,0,1,1,1,7.273275447028382e-6,0,0,0
TUR.39.3_1,2029,4,albopictus,12.72618518156164,57.049095679819644,9.938190809254941e-5,4.187783540612184e-4,4.1033274673066874e-4,4.272359505631502e-4,0,0,0,1,1,1,9.938141425580582e-6,0,0,0
TUR.39.3_1,2029,5,albopictus,14.867059651543112,58.195161565793995,1.3890962927513322e-4,0.006404620513361497,0.006346047204674358,0.006462946794602807,0,0,0,1,1,1,1.3442776994221362e-5,0,0,0
TUR.39.3_1,2029,6,albopictus,20.80627850925221,38.392669391565384,1.5624150042829892e-4,0.06404592849125396,0.06371764402745966,0.06436206319963295,3.103184376129775e-15,2.6645352591003757e-15,3.552713678800501e-15,0.9999999999999969,0.9999999999999964,0.9999999999999973,1.562402798638285e-5,0,0,0
TUR.39.3_1,2029,7,albopictus,23.85045410605038,37.727389542274096,1.8347974758138396e-4,0.10231164966906538,0.10182932980816954,0.10278033204441636,1.7689381369700995e-9,1.5466624869731049e-9,2.0056019456315963e-9,0.9999999982310619,0.999999997994398,0.9999999984533375,1.775594696595828e-5,3.2456182186280103e-13,2.8377022953662844e-13,3.680389326632394e-13
TUR.39.3_1,2029,8,albopictus,25.163723945617676,39.94922812830587,2.178706346352641e-4,0.11840023921548411,0.11785535417499296,0.11894675108443688,1.0207943691609156e-7,8.970355401816121e-8,1.1563667100811247e-7,0.9999998979205631,0.999999884363329,0.999999910296446,2.1084032693408084e-5,2.2240112973470614e-11,1.954380268731626e-11,2.5193824804148334e-11
TUR.39.3_1,2029,9,albopictus,19.333712409524356,55.90574495116577,1.7365341671551606e-4,0.056943511266666594,0.05670628185462828,0.057180190382342684,1.1102230246251565e-16,1.1102230246251565e-16,1.1102230246251565e-16,0.9999999999999999,0.9999999999999999,0.9999999999999999,1.7365190894902405e-5,0,0,0
TUR.39.3_1,2029,10,albopictus,14.721798265681548,42.3010811123315,1.7112819486067666e-4,0.004456284104132357,0.0044115494562310485,0.00450010687777101,0,0,0,1,1,1,1.656065592181566e-5,0,0,0
TUR.39.3_1,2029,11,albopictus,4.8658836050068635,76.03264033505889,9.926284101563743e-5,0,0,0,0,0,0,1,1,1,9.926234836199477e-6,0,0,0
TUR.39.3_1,2029,12,albopictus,3.310285312068813,78.44439678209112,8.16452452714877e-5,0,0,0,0,0,0,1,1,1,7.901121554132473e-6,0,0,0
TUR.39.3_1,2030,1,albopictus,1.8658217118286036,82.60306994426766,8.058564458095728e-5,0,0,0,0,0,0,1,1,1,7.79858035682146e-6,0,0,0
TUR.39.3_1,2030,2,albopictus,2.148975272827289,79.568183146563,6.0280500877243285e-5,0,0,0,0,0,0,1,1,1,6.4586042370917696e-6,0,0,0
TUR.39.3_1,2030,3,albopictus,3.3656431692926323,79.08623978951157,7.399934127629189e-5,0,0,0,0,0,0,1,1,1,7.161200933580858e-6,0,0,0
TUR.39.3_1,2030,4,albopictus,9.386855462018183,70.27287345081574,9.785051842403796e-5,0,0,0,0,0,0,1,1,1,9.785003968976191e-6,0,0,0
TUR.39.3_1,2030,5,albopictus,14.714007321526022,62.965242132200245,1.367691514435887e-4,0.006046184299021457,0.005996258056699955,0.006096046012924398,0,0,0,1,1,1,1.3235636741382173e-5,0,0,0
TUR.39.3_1,2030,6,albopictus,21.10984830295338,34.640880298547806,1.5383395337933498e-4,0.06426798253104528,0.063955465237314,0.06458119461452479,3.4257041647833832e-15,2.9976021664879227e-15,3.885780586188048e-15,0.9999999999999966,0.9999999999999961,0.999999999999997,1.5383277014113794e-5,0,0,0
TUR.39.3_1,2030,7,albopictus,23.926774754243738,37.22559281986199,1.8065248258697912e-4,0.10211425558002653,0.10163131957070573,0.10264091528399392,1.6763439422140535e-9,1.46472585171864e-9,1.9309525256527847e-9,0.999999998323656,0.9999999980690475,0.9999999985352741,1.7482345496921958e-5,3.0283409113707193e-13,2.6456059565305166e-13,3.488404010099089e-13
TUR.39.3_1,2030,8,albopictus,22.83646869659424,53.659646829477744,2.1451343567062184e-4,0.11952659987307364,0.11907734959189756,0.12000331748092237,1.3239328384084813e-7,1.1918344483552445e-7,1.4749473523645306e-7,0.9999998676067161,0.9999998525052648,0.9999998808165551,2.0759149268245736e-5,2.840013901828087e-11,2.55664545090184e-11,3.1639565967189753e-11
TUR.39.3_1,2030,9,albopictus,20.23036844590131,33.962889116204835,1.709775670225095e-4,0.052194203754082145,0.05192110146151442,0.05249133203533042,0,0,0,1,1,1,1.7097610536476182e-5,0,0,0
TUR.39.3_1,2030,10,albopictus,12.722462976680083,67.05515902370846,1.684912566630662e-4,5.06858103687007e-4,4.969281084590902e-4,5.166667818776233e-4,0,0,0,1,1,1,1.6305472547828437e-5,0,0,0
TUR.39.3_1,2030,11,albopictus,5.681344525340726,75.81363856503935,9.773328606830353e-5,0,0,0,0,0,0,1,1,1,9.77328084805773e-6,0,0,0
TUR.39.3_1,2030,12,albopictus,4.272405606639736,79.51867656724737,8.038716231160525e-5,0,0,0,0,0,0,1,1,1,7.77937254492489e-6,0,0,0
TUR.39.3_1,2031,1,albopictus,5.16026786725749,82.04060809124032,9.135987411241669e-5,0,0,0,0,0,0,1,1,1,8.841239055978889e-6,0,0,0
TUR.39.3_1,2031,2,albopictus,2.2584042746354553,80.67793198689503,6.833995062291467e-5,0,0,0,0,0,0,1,1,1,7.322110759933054e-6,0,0,0
TUR.39.3_1,2031,3,albopictus,5.227650787243071,70.99889848091782,8.389298787096055e-5,0,0,0,0,0,0,1,1,1,8.118643289201088e-6,0,0,0
TUR.39.3_1,2031,4,albopictus,11.12457499784582,57.5263181224466,1.1093304634517107e-4,2.1050613717299148e-7,1.9230571768636573e-7,2.297472518946725e-7,0,0,0,1,1,1,1.1093243103998951e-5,0,0,0
TUR.39.3_1,2031,5,albopictus,15.556923810173483,43.76062940026665,1.550550662381993e-4,0.008648310958146894,0.008576368601803013,0.008723618162725868,0,0,0,1,1,1,1.5005216411401179e-5,0,0,0
TUR.39.3_1,2031,6,albopictus,23.30232457553639,26.21973390572554,1.74401417126252e-4,0.07791806540658602,0.07749171811501712,0.07834378593268036,8.214601221467888e-13,7.009393065970926e-13,9.55843737493467e-13,0.9999999999991785,0.9999999999990441,0.9999999999992991,1.743998963421589e-5,1.1401990462900357e-16,1.1102230246251565e-16,2.220446049250313e-16
TUR.39.3_1,2031,7,albopictus,23.259647144990808,41.84693071048699,2.0480556001089574e-4,0.10321101016543217,0.1027697928133157,0.10365794911917454,2.258324925730193e-9,1.9998632638795757e-9,2.5432659617186107e-9,0.999999997741675,0.9999999974567341,0.9999999980001367,1.98196964914521e-5,4.625183569473279e-13,4.0955017155397396e-13,5.208222741970303e-13
TUR.39.3_1,2031,8,albopictus,21.779484748840332,59.79681952845235,2.431936926260074e-4,0.11015811833236754,0.10976480246233893,0.11055471509457221,1.3854174542915487e-8,1.2528700271685622e-8,1.528968055497515e-8,0.9999999861458254,0.9999999847103194,0.9999999874712997,2.3534596536922692e-5,3.3692492129588913e-12,3.0469432532598265e-12,3.718400587437998e-12
TUR.39.3_1,2031,9,albopictus,18.85817034104291,63.46342698851929,1.9383711677743335e-4,0.054494211186228034,0.054258606357341047,0.0547144426288063,0,0,0,1,1,1,1.938352381480879e-5,0,0,0
TUR.39.3_1,2031,10,albopictus,14.557723367915434,61.99696963161861,1.910183889180943e-4,0.0052040905406872985,0.005153012629968681,0.005251340465596422,0,0,0,1,1,1,1.8485479681862316e-5,0,0,0
TUR.39.3_1,2031,11,albopictus,8.113579051021269,78.57860743710967,1.1080014012697933e-4,0,0,0,0,0,0,1,1,1,1.1079952629611256e-5,0,0,0
TUR.39.3_1,2031,12,albopictus,5.022574645412319,78.31610088365362,9.113485493889215e-5,0,0,0,0,0,0,1,1,1,8.819463199194466e-6,0,0,0
TUR.39.3_1,2032,1,albopictus,1.4516415969633005,78.75073687542,8.810608167228393e-5,0,0,0,0,0,0,1,1,1,8.52635865089546e-6,0,0,0
TUR.39.3_1,2032,2,albopictus,4.3811950880815,72.16939469441456,6.825980167411882e-5,0,0,0,0,0,0,1,1,1,7.061333862523611e-6,0,0,0
TUR.39.3_1,2032,3,albopictus,5.269629623302642,69.69138810494125,8.090512944441767e-5,0,0,0,0,0,0,1,1,1,7.829498005262892e-6,0,0,0
TUR.39.3_1,2032,4,albopictus,11.06656489652746,59.36121421009308,1.069821531213618e-4,1.0913535394872805e-7,9.912644026872249e-8,1.2066816506379476e-7,0,0,0,1,1,1,1.0698158086408505e-5,0,0,0
TUR.39.3_1,2032,5,albopictus,18.07894224279067,45.55054639245415,1.4953276219354465e-4,0.03196894043625331,0.03178435272621382,0.032152713020928876,0,0,0,1,1,1,1.4470807767175131e-5,0,0,0
TUR.39.3_1,2032,6,albopictus,21.53638867770924,38.48069734566695,1.6819009056623965e-4,0.07444246466841409,0.07410779182465635,0.07479626095314854,2.2477708583323875e-13,1.9728385591832874e-13,2.5657531654843525e-13,0.9999999999997752,0.9999999999997434,0.9999999999998027,1.681886761784046e-5,0,0,0
TUR.39.3_1,2032,7,albopictus,23.918466343599206,36.725428787879565,1.9751138639983513e-4,0.10107199198310576,0.10057812423072036,0.10156659889092402,1.2580382310334316e-9,1.0944212536223575e-9,1.4388614993920967e-9,0.9999999987419618,0.9999999985611385,0.9999999989055788,1.911382246400084e-5,2.4847679469530703e-13,2.161576473369564e-13,2.8421986986160165e-13
TUR.39.3_1,2032,8,albopictus,24.23534870147705,41.31357367884298,2.3453232124998307e-4,0.1135204488431197,0.1129686598159247,0.11402364637864651,3.1919386559775554e-8,2.7832816143491533e-8,3.600244584678336e-8,0.9999999680806134,0.9999999639975541,0.9999999721671838,2.269641868235528e-5,7.486127939770882e-12,6.527742235640232e-12,8.443712395944658e-12
TUR.39.3_1,2032,9,albopictus,19.456194709329043,42.46375505248413,1.8693358553557247e-4,0.048392682440493086,0.04815764459901631,0.04862846848621659,0,0,0,1,1,1,1.86931838338511e-5,0,0,0
TUR.39.3_1,2032,10,albopictus,13.515192354426665,67.96568148464596,1.8421524699362921e-4,0.0018527992838029996,0.0018293295297472883,0.0018763520191423001,0,0,0,1,1,1,1.7827123062086336e-5,0,0,0
TUR.39.3_1,2032,11,albopictus,6.822131888393094,76.37166011044951,1.0685398037344023e-4,0,0,0,0,0,0,1,1,1,1.0685340948723976e-5,0,0,0
TUR.39.3_1,2032,12,albopictus,2.81564388884341,79.96647624986456,8.788907658254412e-5,0,0,0,0,0,0,1,1,1,8.505358337185243e-6,0,0,0
TUR.39.3_1,2033,1,albopictus,2.531579770257368,80.11571948040047,8.652777154259073e-5,0,0,0,0,0,0,1,1,1,8.373620251633795e-6,0,0,0
TUR.39.3_1,2033,2,albopictus,5.141297121696613,81.06666489705128,6.472539166872403e-5,0,0,0,0,0,0,1,1,1,6.934839346994792e-6,0,0,0
TUR.39.3_1,2033,3,albopictus,5.343416835674468,72.9284105048436,7.945581535709703e-5,0,0,0,0,0,0,1,1,1,7.689242891517623e-6,0,0,0
TUR.39.3_1,2033,4,albopictus,10.89865718168371,60.984230567514956,1.050657018076388e-4,7.016719781011255e-9,5.889505989833007e-9,8.288042354074163e-9,0,0,0,1,1,1,1.0506514986907689e-5,0,0,0
TUR.39.3_1,2033,5,albopictus,13.932917538811179,69.11895154382134,1.4685406999873196e-4,0.0031182816646106387,0.0030849416412211316,0.003151264734364018,0,0,0,1,1,1,1.4211583207912604e-5,0,0,0
TUR.39.3_1,2033,6,albopictus,19.747198385350842,41.638282489709916,1.6517717569570787e-4,0.051892764139958025,0.05163585131499957,0.05213860338623457,0,0,0,1,1,1,1.6517581152841743e-5,0,0,0
TUR.39.3_1,2033,7,albopictus,25.746400608735925,29.38844987552605,1.939732172295828e-4,0.09745391413276211,0.09690163528727337,0.09800499337115133,4.534731148364557e-10,3.854374958089934e-10,5.295133415073039e-10,0.9999999995465269,0.9999999994704866,0.9999999996145625,1.8771425482011495e-5,8.796208206263146e-14,7.471800955727304e-14,1.0269562977782698e-13
TUR.39.3_1,2033,8,albopictus,24.563965797424316,35.0035570467629,2.3033096838825714e-4,0.10328549585035861,0.10275452662308791,0.1038158200110862,2.3056952438427204e-9,1.9915786658719625e-9,2.653666861252013e-9,0.9999999976943048,0.9999999973463332,0.9999999980084213,2.2289845292733368e-5,5.310738515618141e-13,4.587191737570606e-13,6.111916528439565e-13
TUR.39.3_1,2033,9,albopictus,19.337393592385684,42.19087068358765,1.835849044226377e-4,0.04654165521616652,0.046298004383147365,0.046775326167170624,0,0,0,1,1,1,1.8358321926204013e-5,0,0,0
TUR.39.3_1,2033,10,albopictus,13.373467767939848,61.1795105251733,1.8091526151186148e-4,0.0013616401908269553,0.0013432540846403515,0.0013809310387837975,0,0,0,1,1,1,1.7507775270542147e-5,0,0,0
TUR.39.3_1,2033,11,albopictus,8.244013087276151,83.28608119199248,1.0493982511400266e-4,0,0,0,0,0,0,1,1,1,1.0493927449783946e-5,0,0,0
TUR.39.3_1,2033,12,albopictus,4.9606396974447895,81.70369701402471,8.631465382730714e-5,0,0,0,0,0,0,1,1,1,8.352996129112888e-6,0,0,0
TUR.39.3_1,2034,1,albopictus,4.556750573327436,81.62857501018563,8.792001391647791e-5,0,0,0,0,0,0,1,1,1,8.508352247305062e-6,0,0,0
TUR.39.3_1,2034,2,albopictus,2.997776051216266,74.43945237263722,6.576683109725808e-5,0,0,0,0,0,0,1,1,1,7.0464213628440575e-6,0,0,0
TUR.39.3_1,2034,3,albopictus,6.176232005962554,74.1343431220311,8.073426909535672e-5,0,0,0,0,0,0,1,1,1,7.812963262021633e-6,0,0,0
TUR.39.3_1,2034,4,albopictus,7.531957486096552,76.33046012073761,1.0675622173541469e-4,0,0,0,0,0,0,1,1,1,1.0675565189299796e-5,0,0,0
TUR.39.3_1,2034,5,albopictus,14.135250989128561,68.00921796227837,1.492169698560268e-4,0.003800069304503793,0.0037584493402164207,0.0038401169881429817,0,0,0,1,1,1,1.4440247660174599e-5,0,0,0
TUR.39.3_1,2034,6,albopictus,19.04332570468678,64.59912843697555,1.6783489655344862e-4,0.05886879781046666,0.058624036145356564,0.059094345374639555,2.8221869285971477e-16,2.220446049250313e-16,3.3306690738754696e-16,0.9999999999999997,0.9999999999999997,0.9999999999999998,1.6783348813387278e-5,0,0,0
TUR.39.3_1,2034,7,albopictus,22.991302265840417,50.19372865360222,1.9709426989986128e-4,0.11526042167102858,0.11480928218597289,0.11571949660662226,4.85938664419594e-8,4.35336907855799e-8,5.4152291958931007e-8,0.9999999514061335,0.999999945847708,0.9999999564663092,1.9073457121820958e-5,9.577571735697176e-12,8.580208765707197e-12,1.0673140149464188e-11
TUR.39.3_1,2034,8,albopictus,23.98740863800049,44.32372077356954,2.3403702169913845e-4,0.11723321093938303,0.11674782671805366,0.11773293635374772,7.765269744219871e-8,6.913709146294523e-8,8.717009120640106e-8,0.9999999223473025,0.9999999128299089,0.9999999308629085,2.2648487554510766e-5,1.817360550937508e-11,1.618063183439489e-11,2.040105862022301e-11
TUR.39.3_1,2034,9,albopictus,19.18497927048627,50.664095323480225,1.8653880787567435e-4,0.05040193429240003,0.05017813076157964,0.05064437527072791,0,0,0,1,1,1,1.8653706804983017e-5,0,0,0
TUR.39.3_1,2034,10,albopictus,13.578437174067778,52.101335934108846,1.8382621008558865e-4,0.0015426768039856385,0.0015213000102061495,0.0015649068231327202,0,0,0,1,1,1,1.7789474999529986e-5,0,0,0
TUR.39.3_1,2034,11,albopictus,6.0523812933003205,74.13479792783232,1.0662831967045971e-4,0,0,0,0,0,0,1,1,1,1.0662775119296697e-5,0,0,0
TUR.39.3_1,2034,12,albopictus,5.756918174159877,81.87465648668096,8.770346711122062e-5,0,0,0,0,0,0,1,1,1,8.487396282896853e-6,0,0,0
TUR.39.3_1,2035,1,albopictus,3.5615653173231028,81.76530901897469,7.79050320407251e-5,0,0,0,0,0,0,1,1,1,7.539168229375726e-6,0,0,0
TUR.39.3_1,2035,2,albopictus,-0.5184802811811952,79.39748307332081,5.827532157485921e-5,0,0,0,0,0,0,1,1,1,6.243764962055032e-6,0,0,0
TUR.39.3_1,2035,3,albopictus,3.375273849376861,70.59229752876938,7.153781648207285e-5,0,0,0,0,0,0,1,1,1,6.922990534286022e-6,0,0,0
TUR.39.3_1,2035,4,albopictus,11.642956116620233,65.95642905384308,9.459560462245896e-5,1.645034476583013e-5,1.5798497948196853e-5,1.709451160026649e-5,0,0,0,1,1,1,9.459515720733336e-6,0,0,0
TUR.39.3_1,2035,5,albopictus,12.10029691808364,69.15297864343071,1.3221964260261537e-4,1.1180009379585319e-4,1.0904453907210444e-4,1.1484694041980707e-4,0,0,0,1,1,1,1.2795367422713255e-5,0,0,0
TUR.39.3_1,2035,6,albopictus,18.101375860326428,45.835818958215775,1.4871679849788624e-4,0.0323770611770346,0.032201893652543015,0.03256430614558873,0,0,0,1,1,1,1.4871569266938778e-5,0,0,0
TUR.39.3_1,2035,7,albopictus,24.02022720785702,36.7370216528698,1.746432322699423e-4,0.10210696714303626,0.10158801255420878,0.10261189489050493,1.6730490893790417e-9,1.4473700460371218e-9,1.9157533226454858e-9,0.9999999983269509,0.9999999980842467,0.9999999985526299,1.6900815141274173e-5,2.921867192640093e-13,2.5279223159202505e-13,3.3453240178005215e-13
TUR.39.3_1,2035,8,albopictus,24.50490665435791,37.69698508631368,2.073778297113088e-4,0.10837534757529727,0.10782705762956987,0.1089064438119776,8.814130058820701e-9,7.634990001337272e-9,1.0072598566335244e-8,0.9999999911858699,0.9999999899274015,0.9999999923650099,2.006862085268679e-5,1.8278548674643956e-12,1.583344566569167e-12,2.0887791496448926e-12
TUR.39.3_1,2035,9,albopictus,16.168073485879336,61.581079881585694,1.652901444965472e-4,0.016315757053698175,0.016215617273077156,0.016425567606063216,0,0,0,1,1,1,1.6528877846200274e-5,0,0,0
TUR.39.3_1,2035,10,albopictus,12.03599580596475,75.21114199489986,1.628865391246124e-4,1.0499002798960463e-4,1.0209232294183591e-4,1.0796860450416512e-4,0,0,0,1,1,1,1.5763089224907212e-5,0,0,0
TUR.39.3_1,2035,11,albopictus,7.35647703838699,76.81976496884795,9.448227190076652e-5,0,0,0,0,0,0,1,1,1,9.44818255577129e-6,0,0,0
TUR.39.3_1,2035,12,albopictus,2.890810829532497,86.45124797838018,7.771315211429662e-5,0,0,0,0,0,0,1,1,1,7.520599344168488e-6,0,0,0
TUR.39.3_1,2036,1,albopictus,3.627004541566267,82.2113081644825,8.62127821728418e-5,0,0,0,0,0,0,1,1,1,8.3431376641796e-6,0,0,0
TUR.39.3_1,2036,2,albopictus,4.2641160685349915,70.77736588582081,6.679297616231897e-5,0,0,0,0,0,0,1,1,1,6.909594352344506e-6,0,0,0
TUR.39.3_1,2036,3,albopictus,3.8255924242822563,60.11764237740219,7.916657021931025e-5,0,0,0,0,0,0,1,1,1,7.661251641422062e-6,0,0,0
TUR.39.3_1,2036,4,albopictus,8.385100701275995,70.14090018421417,1.0468322831266005e-4,0,0,0,0,0,0,1,1,1,1.0468268038521522e-5,0,0,0
TUR.39.3_1,2036,5,albopictus,12.433034840752097,74.393159612669,1.4631947318513905e-4,3.1209423773762197e-4,3.052830318907483e-4,3.1859675211797406e-4,0,0,0,1,1,1,1.415984876629306e-5,0,0,0
TUR.39.3_1,2036,6,albopictus,21.12985257541432,40.82796831124312,1.6457587678852766e-4,0.07138232548856982,0.07104422670742828,0.07169361674616562,6.814437902846748e-14,5.939415625988431e-14,7.693845560652335e-14,0.9999999999999318,0.9999999999999231,0.9999999999999406,1.6457452253537674e-5,0,0,0
TUR.39.3_1,2036,7,albopictus,26.65963150473202,25.152783600501635,1.932670913193224e-4,0.08900692220433187,0.088383979115081,0.08958220869599468,3.545603699528499e-11,2.8950766783886193e-11,4.232238726142867e-11,0.9999999999645439,0.9999999999576776,0.9999999999710492,1.8703091996918886e-5,6.854072864825866e-15,5.551115123125783e-15,8.215650382226158e-15
TUR.39.3_1,2036,8,albopictus,26.131190299987793,32.133931955210166,2.2949248838036092e-4,0.10414171350513482,0.10351875712932196,0.10473347906013193,2.9057319443914762e-9,2.449601535503554e-9,3.3925077136398584e-9,0.999999997094268,0.9999999966074923,0.9999999975503984,2.220870387148466e-5,6.668422480871073e-13,5.622113885550561e-13,7.785411204608294e-13
TUR.39.3_1,2036,9,albopictus,20.76668436387006,51.80351487914429,1.829165953663824e-4,0.07841864166466461,0.07808296255425531,0.07874640399698904,9.838768688652522e-13,8.69607164055708e-13,1.105260327705082e-12,0.9999999999990161,0.9999999999988948,0.9999999999991304,1.8291492245303687e-5,2.0972112935169207e-16,1.1102230246251565e-16,2.220446049250313e-16
TUR.39.3_1,2036,10,albopictus,12.74989255736856,74.99986880154049,1.8025667082836592e-4,6.217796432098875e-4,6.109870227387062e-4,6.325059002558291e-4,0,0,0,1,1,1,1.74440418020394e-5,0,0,0
TUR.39.3_1,2036,11,albopictus,7.482090727809598,68.52393519589873,1.0455780985133115e-4,0,0,0,0,0,0,1,1,1,1.0455726323632675e-5,0,0,0
TUR.39.3_1,2036,12,albopictus,3.203780514133327,81.38778667466924,8.600044027569873e-5,0,0,0,0,0,0,1,1,1,8.322588619602556e-6,0,0,0
TUR.39.3_1,2037,1,albopictus,5.321433819939985,82.15823809612313,8.54051528792475e-5,0,0,0,0,0,0,1,1,1,8.264980639660635e-6,0,0,0
TUR.39.3_1,2037,2,albopictus,-1.7058412831495788,76.13869401082081,6.388563893518986e-5,0,0,0,0,0,0,1,1,1,6.8448664597431375e-6,0,0,0
TUR.39.3_1,2037,3,albopictus,3.519054796108428,71.41589829781235,7.842494885446065e-5,0,0,0,0,0,0,1,1,1,7.58948237922219e-6,0,0,0
TUR.39.3_1,2037,4,albopictus,10.652520516339472,57.56119971424347,1.0370257046120798e-4,1.169554225852072e-12,5.148841329447315e-13,2.82203172752115e-12,0,0,0,1,1,1,1.0370203275211765e-5,0,0,0
TUR.39.3_1,2037,5,albopictus,15.79946512334487,56.13707135583306,1.449487728111424e-4,0.012115934655753361,0.012022136211143465,0.012206221061071722,0,0,0,1,1,1,1.4027202212552048e-5,0,0,0
TUR.39.3_1,2037,6,albopictus,21.662592214696545,35.83824892037398,1.630341529772382e-4,0.07291621954011966,0.07256331046238418,0.073261965530097,1.2477108235486866e-13,1.0846323839075467e-13,1.4244161405940758e-13,0.9999999999998752,0.9999999999998576,0.9999999999998915,1.6303282397767127e-5,0,0,0
TUR.39.3_1,2037,7,albopictus,24.786590351777917,34.94277116458855,1.9145659222042635e-4,0.10473534631171783,0.10418025589443373,0.10527209942121359,3.403047143746285e-9,2.926390810231716e-9,3.914382762371104e-9,0.9999999965969528,0.9999999960856173,0.9999999970736091,1.8527885668251365e-5,6.515361583581125e-13,5.603156827405087e-13,7.494255216400348e-13
TUR.39.3_1,2037,8,albopictus,25.00207805633545,40.2623461092629,2.2734263482495373e-4,0.11800047901174653,0.11746298500804184,0.11854505510977396,9.300078613927454e-8,8.182365940634373e-8,1.0535072220985154e-7,0.9999999069992138,0.9999998946492777,0.9999999181763406,2.20006581262977e-5,2.1143043094085103e-11,1.8601983842181368e-11,2.395066367455456e-11
TUR.39.3_1,2037,9,albopictus,18.06269628861371,52.9868187121521,1.8120305826690387e-4,0.035343717185787625,0.03516049848865559,0.03552159449737533,0,0,0,1,1,1,1.8120141654920374e-5,0,0,0
TUR.39.3_1,2037,10,albopictus,14.803507173762602,62.02612917751705,1.785680515301868e-4,0.006428854992198307,0.00637107765975157,0.006486256686543641,0,0,0,1,1,1,1.7280629868499098e-5,0,0,0
TUR.39.3_1,2037,11,albopictus,8.040474192622831,67.98317897031279,1.035783269024953e-4,0,0,0,0,0,0,1,1,1,1.0357779048120186e-5,0,0,0
TUR.39.3_1,2037,12,albopictus,3.510668259990566,71.17394237535284,8.519480017131823e-5,0,0,0,0,0,0,1,1,1,8.244624093989295e-6,0,0,0
TUR.39.3_1,2038,1,albopictus,5.372005976846113,81.52864520061532,8.861338839481925e-5,0,0,0,0,0,0,1,1,1,8.575452430048536e-6,0,0,0
TUR.39.3_1,2038,2,albopictus,4.860421200447223,80.43764420613331,6.62854961903681e-5,0,0,0,0,0,0,1,1,1,7.101992229752163e-6,0,0,0
TUR.39.3_1,2038,3,albopictus,6.142318870433989,71.96704575874985,8.137097374569312e-5,0,0,0,0,0,0,1,1,1,7.87457935780278e-6,0,0,0
TUR.39.3_1,2038,4,albopictus,10.027263977948358,66.40443473011261,1.0759814652885029e-4,0,0,0,0,0,0,1,1,1,1.0759756766232087e-5,0,0,0
TUR.39.3_1,2038,5,albopictus,18.31481927983901,36.10444425012017,1.5039375809825666e-4,0.030376689575434632,0.030199661689385943,0.03055986601431883,0,0,0,1,1,1,1.4554128742294559e-5,0,0,0
TUR.39.3_1,2038,6,albopictus,21.405111593358654,34.21407670968062,1.6915851365337052e-4,0.06765751558672312,0.06731685924159735,0.0680096586689297,1.482813871689359e-14,1.27675647831893e-14,1.709743457922741e-14,0.9999999999999851,0.9999999999999829,0.9999999999999872,1.6915708293097076e-5,0,0,0
TUR.39.3_1,2038,7,albopictus,25.48920227499569,30.844420639686206,1.9864863881415316e-4,0.09975351844162426,0.09915888893476575,0.10034835106052568,8.720309273568816e-10,7.351155933976727e-10,1.0265535727027596e-9,0.9999999991279691,0.9999999989734464,0.9999999992648845,1.9223877039675763e-5,1.732279875099607e-13,1.4599432773820809e-13,2.0395629629632592e-13
TUR.39.3_1,2038,8,albopictus,25.563040733337402,33.887037118784384,2.3588273680545498e-4,0.10659803383633748,0.10606392900516237,0.1071792709581649,5.563772576433479e-9,4.823876509352232e-9,6.455922121895163e-9,0.9999999944362274,0.9999999935440779,0.9999999951761235,2.2827101084144097e-5,1.3123983011453787e-12,1.1379008846290616e-12,1.5228457383997805e-12
TUR.39.3_1,2038,9,albopictus,16.908590148476993,53.24961320678101,1.880099319444681e-4,0.02151161940911503,0.021386822486958088,0.021641556581348878,0,0,0,1,1,1,1.880081645688758e-5,0,0,0
TUR.39.3_1,2038,10,albopictus,11.925319040522856,68.82247011989986,1.8527594145897815e-4,6.0959591299839825e-05,5.9148936507324675e-5,6.286535280588141e-5,0,0,0,1,1,1,1.792976907832866e-5,0,0,0
TUR.39.3_1,2038,11,albopictus,6.973926798824002,77.1135271758792,1.074692357740235e-4,0,0,0,0,0,0,1,1,1,1.0746865829469598e-5,0,0,0
TUR.39.3_1,2038,12,albopictus,3.6845946134451557,83.1166074754505,8.839513380971249e-5,0,0,0,0,0,0,1,1,1,8.554331199506215e-6,0,0,0
TUR.39.3_1,2039,1,albopictus,2.9058235661291025,83.09722582805672,8.550052786786203e-5,0,0,0,0,0,0,1,1,1,8.274210400949222e-6,0,0,0
TUR.39.3_1,2039,2,albopictus,0.06554188316359244,76.27368088826222,6.395698231296813e-5,0,0,0,0,0,0,1,1,1,6.852510340715767e-6,0,0,0
TUR.39.3_1,2039,3,albopictus,6.303795482525054,78.66623399117172,7.851252879960359e-5,0,0,0,0,0,0,1,1,1,7.597957793370469e-6,0,0,0
TUR.39.3_1,2039,4,albopictus,9.362977841321161,65.1020894542337,1.0381837883041749e-4,0,0,0,0,0,0,1,1,1,1.0381783991930682e-5,0,0,0
TUR.39.3_1,2039,5,albopictus,14.423843327690573,65.94494031335259,1.4511064228962808e-4,0.004883681955558439,0.004837043076581842,0.0049322663453657475,0,0,0,1,1,1,1.4042866780861196e-5,0,0,0
TUR.39.3_1,2039,6,albopictus,21.731493276708264,39.64781923287398,1.6321621904655332e-4,0.07868997566876418,0.07831592638692088,0.07905566892347453,1.08547426602712e-12,9.461764705065434e-13,1.23525356610088e-12,0.9999999999989145,0.9999999999987648,0.9999999999990539,1.632148870767125e-5,2.0095036745715334e-16,1.1102230246251565e-16,2.220446049250313e-16
TUR.39.3_1,2039,7,albopictus,27.15653397055233,23.902302948646167,1.9167039864413264e-4,0.08524195640491951,0.08465560964458943,0.08585085989128469,1.0471713274284867e-11,8.572656473582185e-12,1.2739939658779062e-11,0.9999999999895283,0.99999999998726,0.9999999999914274,1.8548576228960556e-5,2.008393451546908e-15,1.6653345369377348e-15,2.4424906541753444e-15
TUR.39.3_1,2039,8,albopictus,24.87101459503174,42.48194297205587,2.2759651647584993e-4,0.12215829223756362,0.12159880432444117,0.1227303324046078,2.4097159376845754e-7,2.1201802853365594e-7,2.7334729319483666e-7,0.9999997590284062,0.9999997266527068,0.9999997879819715,2.2025226777522278e-5,5.484429588253903e-11,4.825451982437556e-11,6.221290427266269e-11
TUR.39.3_1,2039,9,albopictus,19.23176653244916,55.19399110595093,1.8140541420254115e-4,0.05462289834368313,0.05436773026402357,0.05486476860793171,0,0,0,1,1,1,1.8140376881636833e-5,0,0,0
TUR.39.3_1,2039,10,albopictus,16.00618776153116,53.01857607693111,1.7876746485956385e-4,0.013164915661120468,0.013073746288109245,0.013262414806172764,0,0,0,1,1,1,1.7299927599023768e-5,0,0,0
TUR.39.3_1,2039,11,albopictus,8.124983088496855,72.59713923642607,1.036939965244794e-4,0,0,0,0,0,0,1,1,1,1.0369345890381965e-5,0,0,0
TUR.39.3_1,2039,12,albopictus,3.690196734798305,79.04544811265752,8.528994025154084e-5,0,0,0,0,0,0,1,1,1,8.253831122573274e-6,0,0,0
TUR.39.3_1,2040,1,albopictus,3.992234148194685,79.53255908000985,8.949523617085868e-5,0,0,0,0,0,0,1,1,1,8.660791801951007e-6,0,0,0
TUR.39.3_1,2040,2,albopictus,3.4149575430680725,62.027320109453626,6.933604305005612e-5,0,0,0,0,0,0,1,1,1,7.172668384902714e-6,0,0,0
TUR.39.3_1,2040,3,albopictus,3.9916695612756645,64.7157640204686,8.218074768089226e-5,0,0,0,0,0,0,1,1,1,7.952943957167946e-6,0,0,0
TUR.39.3_1,2040,4,albopictus,10.273977616254022,54.220699836313784,1.086689236195498e-4,0,0,0,0,0,0,1,1,1,1.086683331752436e-5,0,0,0
TUR.39.3_1,2040,5,albopictus,15.57291311376235,54.14317868615532,1.5189042133968752e-4,0.010167701341515723,0.010088101904886517,0.010250420830301338,0,0,0,1,1,1,1.4698965002057918e-5,0,0,0
TUR.39.3_1,2040,6,albopictus,18.478887838475842,54.0013882636357,1.708419168248949e-4,0.04182728723231718,0.04162938194757304,0.04204833077094177,0,0,0,1,1,1,1.708404574851663e-5,0,0,0
TUR.39.3_1,2040,7,albopictus,25.664966358857995,29.774760452918628,2.0062551684042848e-4,0.09805626717872856,0.09743709672333513,0.09860956749046104,5.392792022940185e-10,4.4987942537932923e-10,6.291434095917482e-10,0.9999999994607208,0.9999999993708566,0.9999999995501205,1.941518412029719e-5,1.0819267703965352e-13,9.025835634446367e-14,1.2623513345744185e-13
TUR.39.3_1,2040,8,albopictus,25.38461971282959,38.66450675379415,2.3823015484945504e-4,0.1167248306260782,0.11616866365253065,0.11729516771683325,6.892305878170024e-8,6.026808324899324e-8,7.866012290136391e-8,0.9999999310769412,0.9999999213398771,0.9999999397319167,2.305426536075572e-5,1.6419549830892777e-11,1.4357706690226734e-11,1.8739182428006983e-11
TUR.39.3_1,2040,9,albopictus,20.588820289163028,36.21431581298218,1.8988093748168833e-4,0.05890547145106313,0.058620086133803956,0.059201249493831126,2.898792317296284e-16,2.220446049250313e-16,3.3306690738754696e-16,0.9999999999999997,0.9999999999999997,0.9999999999999998,1.8987913475432272e-5,0,0,0
TUR.39.3_1,2040,10,albopictus,15.838675821528716,50.08777468532955,1.8711973933070882e-4,0.011393773727046783,0.011302585909640067,0.011477753287974417,0,0,0,1,1,1,1.810819791536744e-5,0,0,0
TUR.39.3_1,2040,11,albopictus,7.417914645198514,74.02473628232451,1.0853872999241094e-4,0,0,0,0,0,0,1,1,1,1.0853814096156711e-5,0,0,0
TUR.39.3_1,2040,12,albopictus,1.5680807353380848,75.5296476365833,8.927480959657542e-5,0,0,0,0,0,0,1,1,1,8.639460382542374e-6,0,0,0
TUR.39.3_1,2041,1,albopictus,2.6251104847692392,70.76934496868172,8.737324392752688e-5,0,0,0,0,0,0,1,1,1,8.45543947136651e-6,0,0,0
TUR.39.3_1,2041,2,albopictus,-0.7205591004560975,63.71494980916066,6.535783059884422e-5,0,0,0,0,0,0,1,1,1,7.00260018871024e-6,0,0,0
TUR.39.3_1,2041,3,albopictus,4.604751731762114,68.62540147164047,8.023218687931916e-5,0,0,0,0,0,0,1,1,1,7.764375038910032e-6,0,0,0
TUR.39.3_1,2041,4,albopictus,11.55520949644201,49.74658255726105,1.0609231035075344e-4,6.00586288206744e-6,5.697276815712249e-6,6.3061674447990535e-6,0,0,0,1,1,1,1.0609174757369999e-5,0,0,0
TUR.39.3_1,2041,5,albopictus,18.617768231560202,39.601262792600636,1.4828899728954164e-4,0.035598309430559555,0.03539615187430212,0.03579279902516711,0,0,0,1,1,1,1.4350445156185998e-5,0,0,0
TUR.39.3_1,2041,6,albopictus,22.22598294650807,36.25147981637007,1.6679114007018303e-4,0.08080818135380068,0.08040865964831902,0.08120415066308444,2.3047020958344433e-12,1.9978935172915157e-12,2.6404378683508864e-12,0.9999999999976953,0.9999999999973597,0.9999999999980022,1.6678974911421562e-5,3.8202774277351635e-16,3.3306690738754696e-16,4.440892098500626e-16
TUR.39.3_1,2041,7,albopictus,24.57989288778866,36.11601182620964,1.9586855089715691e-4,0.10569132387381722,0.10515075511865112,0.10619715469331834,4.383866482826626e-9,3.790473693254804e-9,4.9956244418947185e-9,0.9999999956161335,0.9999999950043755,0.9999999962095263,1.8954841409235534e-5,8.586600319659965e-13,7.42395034336596e-13,9.784340004870272e-13
TUR.39.3_1,2041,8,albopictus,25.47681713104248,39.38184531580587,2.325815576464356e-4,0.1189602736941949,0.11835285051095727,0.11953740405422458,1.1627194017505004e-7,1.0074515785496452e-7,1.3252720708623043e-7,0.9999998837280598,0.9999998674727929,0.9999998992548421,2.2507639374724775e-5,2.7042709183078274e-11,2.3431501183779348e-11,3.0823382735079005e-11
TUR.39.3_1,2041,9,albopictus,21.29669458725873,43.20894471923218,1.8537873274172348e-4,0.07675642143532962,0.0763867438101529,0.07710972893323736,5.359561683349057e-13,4.662770169971964e-13,6.091821491693849e-13,0.9999999999994641,0.9999999999993908,0.9999999999995337,1.8537701448884114e-5,1.1102230246251565e-16,1.1102230246251565e-16,1.1102230246251565e-16
TUR.39.3_1,2041,10,albopictus,16.61784681151895,55.3734802517358,1.8268300445606166e-4,0.019141672223225752,0.019015471818322516,0.01926456378108804,0,0,0,1,1,1,1.767884415859733e-5,0,0,0
TUR.39.3_1,2041,11,albopictus,7.870461718562772,78.73245417783232,1.0596520370208113e-4,0,0,0,0,0,0,1,1,1,1.0596464227297098e-5,0,0,0
TUR.39.3_1,2041,12,albopictus,4.901251775157802,75.61650829332159,8.715804381557688e-5,0,0,0,0,0,0,1,1,1,8.434613829932935e-6,0,0,0
TUR.39.3_1,2042,1,albopictus,5.278843440225019,77.02035204875985,9.284231904848876e-5,0,0,0,0,0,0,1,1,1,8.984700190395323e-6,0,0,0
TUR.39.3_1,2042,2,albopictus,7.065584440879962,74.71507950886769,6.94488642977266e-5,0,0,0,0,0,0,1,1,1,7.440922062396105e-6,0,0,0
TUR.39.3_1,2042,3,albopictus,4.83329501331729,71.23432633736313,8.525427187282148e-5,0,0,0,0,0,0,1,1,1,8.25037937246531e-6,0,0,0
TUR.39.3_1,2042,4,albopictus,6.309176781598261,69.55947165638214,1.127330940619082e-4,0,0,0,0,0,0,1,1,1,1.12732458626974e-5,0,0,0
TUR.39.3_1,2042,5,albopictus,14.411012593437643,60.13752911950493,1.5757105698348316e-4,0.004424919445959745,0.004379518728443138,0.004471509712084586,0,0,0,1,1,1,1.5248695703573567e-5,0,0,0
TUR.39.3_1,2042,6,albopictus,20.3332903805901,42.133853626184525,1.7723133015069945e-4,0.06086960779839095,0.060560833660811476,0.061154747181318955,7.259748358023898e-16,6.661338147750939e-16,7.771561172376096e-16,0.9999999999999992,0.9999999999999992,0.9999999999999993,1.772297596125405e-5,0,0,0
TUR.39.3_1,2042,7,albopictus,25.534751667695886,32.55197068851433,2.0812882384271721e-4,0.1035809699805936,0.10303966828548548,0.10415629665597606,2.4985194494453464e-09,2.1519062143315893e-9,2.9076631297142438e-9,0.9999999975014805,0.9999999970923369,0.9999999978480938,2.0141296242948137e-5,5.200134767235909e-13,4.47858417018665e-13,6.05188121838296e-13
TUR.39.3_1,2042,8,albopictus,24.177090644836426,51.396470865122275,2.471398589448716e-4,0.13611782053253696,0.13556204651630963,0.13664889051802098,4.556577208626012e-6,4.076157693000404e-6,5.051685182655419e-6,0.9999954434227913,0.9999949483148173,0.9999959238423071,2.3916474539587007e-5,1.1261118477712273e-9,1.0073809869615145e-9,1.2484727085482207e-9
TUR.39.3_1,2042,9,albopictus,21.31821329453412,45.92477266112671,1.9698240189282146e-4,0.08054280560414889,0.08018162116064831,0.08090792936669691,2.0988738524962967e-12,1.8441220772658085e-12,2.380862174078402e-12,0.9999999999979011,0.9999999999976191,0.9999999999981558,1.9698046180183226e-5,4.2443826231419734e-16,3.3306690738754696e-16,4.440892098500626e-16
TUR.39.3_1,2042,10,albopictus,13.525285089717192,60.806860378688924,1.941179361328796e-4,0.0016671515342870664,0.0016440523242048698,0.001691457191176816,0,0,0,1,1,1,1.8785430274115278e-5,0,0,0
TUR.39.3_1,2042,11,albopictus,10.15883232784622,68.11824214169951,1.1259803124978453e-4,0,0,0,0,0,0,1,1,1,1.1259739733593399e-5,0,0,0
TUR.39.3_1,2042,12,albopictus,4.636884909999721,83.6739347459583,9.26136486162738e-5,0,0,0,0,0,0,1,1,1,8.962570992365748e-6,0,0,0
TUR.39.3_1,2043,1,albopictus,4.136688985040083,78.38800494182625,9.11621975832056e-5,0,0,0,0,0,0,1,1,1,8.822109238137976e-6,0,0,0
TUR.39.3_1,2043,2,albopictus,3.3681433398057434,71.70996018513722,6.819208259686011e-5,0,0,0,0,0,0,1,1,1,7.306267873041783e-6,0,0,0
TUR.39.3_1,2043,3,albopictus,7.5614196318475635,68.174725507285,8.371146753910158e-5,0,0,0,0,0,0,1,1,1,8.101076947930608e-6,0,0,0
TUR.39.3_1,2043,4,albopictus,11.747123101178339,60.99694113880402,1.1069301909262315e-4,2.3539025490295824e-5,2.2669672330328173e-5,2.4417902812522417e-5,0,0,0,1,1,1,1.1069240644756562e-5,0,0,0
TUR.39.3_1,2043,5,albopictus,15.435411397148581,60.12243054772759,1.5471957160635632e-4,0.010079475795429059,0.010003242102623478,0.010153916776119574,0,0,0,1,1,1,1.4972749675656871e-5,0,0,0
TUR.39.3_1,2043,6,albopictus,22.255739492528576,48.17560548775679,1.7402406254731954e-4,0.0993852275718966,0.09896620500073622,0.09979819153043551,7.849833688622354e-10,6.961252824178032e-10,8.801024020677061e-10,0.9999999992150166,0.9999999991198976,0.9999999993038747,1.7402254833709385e-5,1.366058377527679e-13,1.2112533198660458e-13,1.5310808176849378e-13
TUR.39.3_1,2043,7,albopictus,24.21794105978573,42.02512666385613,2.0436241959876828e-4,0.1148631777446433,0.1142768087821189,0.11536546296302846,4.419176933134761e-8,3.828102079772577e-8,4.975610415902665e-8,0.9999999558082306,0.9999999502438959,0.9999999617189792,1.977681278453325e-5,9.031136949388952e-12,7.823242054172397e-12,1.0168252351228092e-11
TUR.39.3_1,2043,8,albopictus,23.72318935394287,39.37252982508321,2.4266749131989372e-4,0.10410340712234074,0.10362732391755827,0.10459017503905871,2.872682551613437e-9,2.5223669319895944e-9,3.265344694636241e-9,0.9999999971273175,0.9999999967346553,0.999999997477633,2.3483675027025086e-5,6.971061505822718e-13,6.120659534758488e-13,7.923828260203437e-13
TUR.39.3_1,2043,9,albopictus,20.987133811501895,51.50349656859741,1.934177089263487e-4,0.0820376119005269,0.08168056818861577,0.08235907702027277,3.5317779811805394e-12,3.1160268809671265e-12,3.938127601799124e-12,0.9999999999964683,0.9999999999960619,0.999999999996884,1.934158384175877e-5,6.799005802804458e-16,5.551115123125783e-16,7.771561172376096e-16
TUR.39.3_1,2043,10,albopictus,13.260150278315825,72.42371218532955,1.9060507998456449e-4,0.0013998505354948032,0.001380729993227495,0.0014190022562616846,0,0,0,1,1,1,1.8445482781737077e-5,0,0,0
TUR.39.3_1,2043,11,albopictus,7.280051009181668,75.42951380917998,1.1056040044531718e-4,0,0,0,0,0,0,1,1,1,1.1055978926699517e-5,0,0,0
TUR.39.3_1,2043,12,albopictus,3.118625861537807,78.05131511705206,9.093766528654752e-5,0,0,0,0,0,0,1,1,1,8.800380497664406e-6,0,0,0
TUR.39.3_1,2044,1,albopictus,5.80231264989604,79.95146624553719,9.29798521698142e-5,0,0,0,0,0,0,1,1,1,8.998009727645417e-6,0,0,0
TUR.39.3_1,2044,2,albopictus,4.535628338508746,75.2802421675591,7.203573406439378e-5,0,0,0,0,0,0,1,1,1,7.451944723513293e-6,0,0,0
TUR.39.3_1,2044,3,albopictus,7.130111839183989,67.99329087593735,8.538056434630948e-5,0,0,0,0,0,0,1,1,1,8.262601123854019e-6,0,0,0
TUR.39.3_1,2044,4,albopictus,10.348233559552362,63.478432227671206,1.1290009262960781e-4,0,0,0,0,0,0,1,1,1,1.1289945531012258e-5,0,0,0
TUR.39.3_1,2044,5,albopictus,17.176706257988425,43.66037534142876,1.5780447682391355e-4,0.021312274095960284,0.021174203661239923,0.021444476084978514,0,0,0,1,1,1,1.5271284375728555e-5,0,0,0
TUR.39.3_1,2044,6,albopictus,19.922859472386975,64.4025113105107,1.7749387398073403e-4,0.07643758503974762,0.07613650533304189,0.07673886978591198,4.759437288726076e-13,4.248518203908702e-13,5.313555151431614e-13,0.999999999999524,0.9999999999994686,0.9999999999995752,1.774922987862748e-5,1.1102230246251565e-16,1.1102230246251565e-16,1.1102230246251565e-16
TUR.39.3_1,2044,7,albopictus,24.77860428305233,41.1364357153698,2.084371380584137e-4,0.11822958965136479,0.11766659812782769,0.11880012909671037,9.810155165879131e-8,8.582602357420921e-8,1.1177534131601163e-7,0.9999999018984483,0.9999998882246586,0.9999999141739764,2.0171132501078937e-5,2.0448005733086914e-11,1.7889373316037904e-11,2.3298182827424796e-11
TUR.39.3_1,2044,8,albopictus,24.55273151397705,38.072801431528525,2.4750596264147215e-4,0.10956262430128805,0.10903910964056222,0.11007850023752809,1.1929656509979125e-8,1.0419369894654196e-8,1.3562392497945552e-8,0.9999999880703435,0.9999999864376075,0.9999999895806302,2.3951903081687043e-5,2.9526624478748432e-12,2.5788288171568753e-12,3.3567926216448995e-12
TUR.39.3_1,2044,9,albopictus,19.500181983498965,52.39833680907593,1.9727420421805582e-4,0.05685510407823872,0.05659864626331532,0.05709575208367372,1.1102230246251565e-16,1.1102230246251565e-16,1.1102230246251565e-16,0.9999999999999999,0.9999999999999999,0.9999999999999999,1.9727225837540274e-5,0,0,0
TUR.39.3_1,2044,10,albopictus,11.145115221247954,75.36165469021236,1.944054951462177e-4,5.806269177902447e-7,5.41020036184811e-7,6.229145172813858e-7,0,0,0,1,1,1,1.8813258042538195e-5,0,0,0
TUR.39.3_1,2044,11,albopictus,7.9203951520954865,77.22603785703154,1.1276482974051152e-4,0,0,0,0,0,0,1,1,1,1.1276419394801174e-5,0,0,0
TUR.39.3_1,2044,12,albopictus,3.8781714261892963,74.95502452867315,9.275084299381708e-5,0,0,0,0,0,0,1,1,1,8.975847748504684e-6,0,0,0
TUR.39.3_1,2045,1,albopictus,4.143538035561933,82.10343615520516,8.859663116445077e-5,0,0,0,0,0,0,1,1,1,8.573830776570368e-6,0,0,0
TUR.39.3_1,2045,2,albopictus,2.2375222641755554,72.41014786824269,6.627296127493521e-5,0,0,0,0,0,0,1,1,1,7.100649212610222e-6,0,0,0
TUR.39.3_1,2045,3,albopictus,4.564749147304717,72.48225114205063,8.135558609178366e-5,0,0,0,0,0,0,1,1,1,7.873090241750091e-6,0,0,0
TUR.39.3_1,2045,4,albopictus,10.674039223614862,73.67156272083527,1.0757779918674695e-4,1.4005620728086216e-11,8.19758376790369e-12,2.628608136946377e-11,0,0,0,1,1,1,1.075772205394454e-5,0,0,0
TUR.39.3_1,2045,5,albopictus,14.238710347343893,67.04593823815728,1.503653178941737e-4,0.004155985724534588,0.0041136195737908506,0.004198010404169931,0,0,0,1,1,1,1.4551376504523539e-5,0,0,0
TUR.39.3_1,2045,6,albopictus,19.03449944888844,53.74205751412398,1.691265249411293e-4,0.05026441617753392,0.05002369847218669,0.050492653294012625,0,0,0,1,1,1,1.6912509475996984e-5,0,0,0
TUR.39.3_1,2045,7,albopictus,25.653505100923425,28.051722733192065,1.9861107337327234e-4,0.09450752031243422,0.09394502801854851,0.09505129898330933,1.9155512664958961e-10,1.6142518710626774e-10,2.2431626001129246e-10,0.9999999998084449,0.9999999997756837,0.9999999998385749,1.9220241744277722e-5,3.804456749634255e-14,3.2082669854105464e-14,4.452271884503034e-14
TUR.39.3_1,2045,8,albopictus,23.335375785827637,45.4340990389504,2.358381302123408e-4,0.11103473439745372,0.1105625455091061,0.11151375472992928,1.727443601895473e-8,1.5319775889532927e-8,1.9431246123247092e-8,0.999999982725564,0.9999999805687538,0.9999999846802241,2.2822784415565955e-5,4.073970383267067e-12,3.6129516045591004e-12,4.582631496496958e-12
TUR.39.3_1,2045,9,albopictus,20.196226905373965,43.56067888060913,1.8797437833571634e-4,0.060154411247873574,0.05985810330421445,0.060458805820922217,5.195843755245732e-16,4.440892098500626e-16,5.551115123125783e-16,0.9999999999999994,0.9999999999999994,0.9999999999999996,1.8797261162828427e-5,0,0,0
TUR.39.3_1,2045,10,albopictus,14.929728830561919,51.63576357693111,1.8524090486136006e-4,0.006116696465376584,0.006058626869269711,0.006176940020922081,0,0,0,1,1,1,1.79263785007322e-5,0,0,0
TUR.39.3_1,2045,11,albopictus,8.642232672694853,74.77298915097685,1.0744891280958198e-4,0,0,0,0,0,0,1,1,1,1.0744833554787725e-5,0,0,0
TUR.39.3_1,2045,12,albopictus,5.087021333110683,84.42681102769659,8.837841785236638e-5,0,0,0,0,0,0,1,1,1,8.552713540055379e-6,0,0,0
TUR.39.3_1,2046,1,albopictus,2.99613235156764,84.58184496868172,9.19157723292433e-5,0,0,0,0,0,0,1,1,1,8.895035180533917e-6,0,0,0
TUR.39.3_1,2046,2,albopictus,2.922252197914264,68.31603928669972,6.875577931202331e-5,0,0,0,0,0,0,1,1,1,7.366663506536142e-6,0,0,0
TUR.39.3_1,2046,3,albopictus,5.331630851635161,72.9988450751561,8.44034522604401e-5,0,0,0,0,0,0,1,1,1,8.168042666567565e-6,0,0,0
TUR.39.3_1,2046,4,albopictus,10.227288582745722,64.68446402698761,1.1160804161250849e-4,0,0,0,0,0,0,1,1,1,1.116074187967886e-5,0,0,0
TUR.39.3_1,2046,5,albopictus,14.233403149773093,64.72412274743462,1.5599853114190183e-4,0.003993184155230953,0.0039524415648832835,0.004032704261551453,0,0,0,1,1,1,1.509651809239454e-5,0,0,0
TUR.39.3_1,2046,6,albopictus,20.53366307651295,44.10197038643843,1.754625989386659e-4,0.06587699435511787,0.06557013835014415,0.06617893711050843,6.931566431944702e-15,6.106226635438361e-15,7.882583474838611e-15,0.9999999999999931,0.9999999999999921,0.9999999999999939,1.754610595916528e-5,0,0,0
TUR.39.3_1,2046,7,albopictus,26.107784046846277,34.74045869510613,2.0605174217469928e-4,0.11013923547383285,0.10952953200838071,0.11072633205784013,1.3810248600698571e-8,1.1803552943390195e-8,1.596246742285867e-8,0.9999999861897514,0.9999999840375327,0.999999988196447,1.9940292367959245e-5,2.845624735847707e-12,2.4320906399921683e-12,3.2890412615671493e-12
TUR.39.3_1,2046,8,albopictus,24.151179313659668,48.00054725062032,2.446734553926234e-4,0.12754995956394485,0.12703045468320415,0.1280808081162677,7.84470351995914e-7,7.007611690368343e-7,8.769673330799587e-7,0.999999215529648,0.9999991230326669,0.9999992992388309,2.3677796004872853e-5,1.9193907196957127e-10,1.7145764807935395e-10,2.1457066678998158e-10
TUR.39.3_1,2046,9,albopictus,18.20040495255414,65.38517991820679,1.9501655915975098e-4,0.04428720174754713,0.04409808702826964,0.044479791725220943,0,0,0,1,1,1,1.9501465759907965e-5,0,0,0
TUR.39.3_1,2046,10,albopictus,14.16784509490518,63.79458468288814,1.921806801626072e-4,0.0036864578321125856,0.00364439972094755,0.0037280946748087657,0,0,0,1,1,1,1.8597957394117515e-5,0,0,0
TUR.39.3_1,2046,11,albopictus,8.68628765774124,72.9515398711917,1.1147432669870047e-4,0,0,0,0,0,0,1,1,1,1.1147370537423207e-5,0,0,0
TUR.39.3_1,2046,12,albopictus,3.9408526243094135,78.21815471666143,9.168938397960585e-5,0,0,0,0,0,0,1,1,1,8.87312682518182e-6,0,0,0
TUR.39.3_1,2047,1,albopictus,0.5146056787275217,82.30636279094735,9.209196007899215e-5,0,0,0,0,0,0,1,1,1,8.912085456058705e-6,0,0,0
TUR.39.3_1,2047,2,albopictus,3.2420234877397034,72.03926011189503,6.888757308073388e-5,0,0,0,0,0,0,1,1,1,7.380784163402154e-6,0,0,0
TUR.39.3_1,2047,3,albopictus,6.069306041607085,72.89084336617172,8.456524010106808e-5,0,0,0,0,0,0,1,1,1,8.183699426345115e-6,0,0,0
TUR.39.3_1,2047,4,albopictus,9.85749278349035,71.41200308948761,1.1182197627472455e-4,0,0,0,0,0,0,1,1,1,1.118213510697963e-5,0,0,0
TUR.39.3_1,2047,5,albopictus,15.417150441338034,61.75652478600884,1.56297555231778e-4,0.010182692730051618,0.010103356152451105,0.010257144369102621,0,0,0,1,1,1,1.5125455470332838e-5,0,0,0
TUR.39.3_1,2047,6,albopictus,20.59850911533131,47.61237306588179,1.7579893251546872e-4,0.07064574898420974,0.0703386297692038,0.07097073543795757,5.073474973471548e-14,4.473921233483225e-14,5.773159728050814e-14,0.9999999999999493,0.9999999999999423,0.9999999999999553,1.7579738726181127e-5,0,0,0
TUR.39.3_1,2047,7,albopictus,25.501390232759363,27.481795517615893,2.0644671021843777e-4,0.092966990019299,0.09239197398966681,0.09347616584045776,1.2070137822561833e-10,1.0100385250400023e-10,1.4024029160175644e-10,0.9999999998792987,0.9999999998597597,0.9999999998989961,1.9978514318896856e-5,2.4919177832316563e-14,2.0872192862952943e-14,2.8976820942716586e-14
TUR.39.3_1,2047,8,albopictus,24.738776206970215,40.68917258631368,2.451424550478131e-4,0.11687279616573812,0.11633624561282227,0.11740636065303464,7.135069665864525e-8,6.271534266910628e-8,8.074282930037313e-8,0.9999999286493033,0.9999999192571707,0.9999999372846573,2.372318199261869e-5,1.7491085579912635e-11,1.5374140849289118e-11,1.9793491845554455e-11
TUR.39.3_1,2047,9,albopictus,20.11674768784467,46.046995561517335,1.9539037453279753e-4,0.061253159070218804,0.060976141409951716,0.06154793483344165,8.698597397938101e-16,7.771561172376096e-16,9.992007221626409e-16,0.9999999999999991,0.999999999999999,0.9999999999999992,1.9538846567579427e-5,0,0,0
TUR.39.3_1,2047,10,albopictus,13.877900446162505,65.13246767849361,1.9254905961180302e-4,0.0027555762647599423,0.002723567590764781,0.002789105701129891,0,0,0,1,1,1,1.863360635467881e-5,0,0,0
TUR.39.3_1,2047,11,albopictus,9.358851210597685,73.39736354062529,1.1168800505093648e-4,0,0,0,0,0,0,1,1,1,1.1168738134226253e-5,0,0,0
TUR.39.3_1,2047,12,albopictus,5.785917025936,85.30095653550909,9.186513777930586e-5,0,0,0,0,0,0,1,1,1,8.890135106298658e-6,0,0,0
TUR.39.3_1,2048,1,albopictus,2.0678775125347517,76.62006060588875,9.341555237950717e-5,0,0,0,0,0,0,1,1,1,9.040173883811953e-6,0,0,0
TUR.39.3_1,2048,2,albopictus,0.2930585343171569,74.12068863972706,7.237329089745823e-5,0,0,0,0,0,0,1,1,1,7.486864135097804e-6,0,0,0
TUR.39.3_1,2048,3,albopictus,4.488333131679717,67.3295335517186,8.578065456931231e-5,0,0,0,0,0,0,1,1,1,8.301319211811986e-6,0,0,0
TUR.39.3_1,2048,4,albopictus,9.397581913891962,64.31150107532746,1.1342913836247514e-4,0,0,0,0,0,0,1,1,1,1.1342849505657782e-5,0,0,0
TUR.39.3_1,2048,5,albopictus,16.44523805730483,57.46820233727837,1.5854394286992418e-4,0.01798919467314999,0.01786902860494916,0.01810179873137632,0,0,0,1,1,1,1.534284451054635e-5,0,0,0
TUR.39.3_1,2048,6,albopictus,24.743252081029553,28.96474809639937,1.7832560382658691e-4,0.09270190934787041,0.09217932446670947,0.0932120884052464,1.113320426959774e-10,9.466167849581097e-11,1.2951416050732688e-10,0.999999999888668,0.9999999998704858,0.9999999999053383,1.7832401383532925e-5,1.9853674260161824e-14,1.687538997430238e-14,2.3095414469764816e-14
TUR.39.3_1,2048,7,albopictus,23.27486778708065,56.15135499637566,2.0941386691569337e-4,0.13287491093774811,0.13236369908514578,0.13337598241932477,2.378969640520978e-6,2.140818110332732e-6,2.6301744010054363e-6,0.9999976210303595,0.999997369825599,0.9999978591818897,2.0265652737494477e-5,4.981892344213535e-10,4.48316972434526e-10,5.507950456840049e-10
TUR.39.3_1,2048,8,albopictus,26.593867301940918,32.317117532602744,2.4866576659153864e-4,0.10479464061802077,0.10417128720586367,0.10547960261992646,3.460908863939238e-9,2.919366820508529e-9,4.135344994216084e-9,0.9999999965390911,0.999999995864655,0.9999999970806331,2.4064139478974234e-5,8.606088064411211e-13,7.259692846872668e-13,1.0283357498863665e-12
TUR.39.3_1,2048,9,albopictus,19.970818351296817,44.61070100585327,1.9819862397286292e-4,0.05767318661252537,0.057392333083113464,0.05794551403578284,1.291189377639057e-16,1.1102230246251565e-16,2.220446049250313e-16,0.9999999999999999,0.9999999999999998,0.9999999999999999,1.9819665985076895e-5,0,0,0
TUR.39.3_1,2048,10,albopictus,15.825951898799223,51.99942248196041,1.9531647223452255e-4,0.01161754287040122,0.011534011436553648,0.011702919671279611,0,0,0,1,1,1,1.8901415453242976e-5,0,0,0
TUR.39.3_1,2048,11,albopictus,9.718198554042509,81.23766505429717,1.132932416363941e-4,0,0,0,0,0,0,1,1,1,1.1329259987036266e-5,0,0,0
TUR.39.3_1,2048,12,albopictus,3.705272418392055,81.43383770005987,9.318547007483028e-5,0,0,0,0,0,0,1,1,1,9.017908055297674e-6,0,0,0
TUR.39.3_1,2049,1,albopictus,3.186840929200544,72.0335966776661,1.0309200959616138e-4,0,0,0,0,0,0,1,1,1,9.976596323402198e-6,0,0,0
TUR.39.3_1,2049,2,albopictus,4.286417265586993,80.0870048628716,7.711594300961486e-5,0,0,0,0,0,0,1,1,1,8.262388331625736e-6,0,0,0
TUR.39.3_1,2049,3,albopictus,7.078853275188628,76.87607285835922,9.466625030592368e-5,0,0,0,0,0,0,1,1,1,9.161208065489035e-6,0,0,0
TUR.39.3_1,2049,4,albopictus,12.906957009259393,57.55745368152863,1.2517870443073964e-4,6.004943461112409e-4,5.899502409908563e-4,6.107930770612745e-4,0,0,0,1,1,1,1.2517792094879354e-5,0,0,0
TUR.39.3_1,2049,5,albopictus,17.5608252918019,45.21426175500298,1.7496672945162666e-4,0.025823222285411757,0.025664174602773385,0.02598551599543802,0,0,0,1,1,1,1.693212079045825e-5,0,0,0
TUR.39.3_1,2049,6,albopictus,22.354641241185803,38.62726564400679,1.9679747528811604e-4,0.08589877404287385,0.08551661398239067,0.08629940533746706,1.2968632945309366e-11,1.1410511424614356e-11,1.4760145883307983e-11,0.9999999999870314,0.9999999999852399,0.9999999999885895,1.9679553883822365e-5,2.553735001242785e-15,2.220446049250313e-15,2.886579864025407e-15
TUR.39.3_1,2049,7,albopictus,25.595096363740808,33.21789094608269,2.3110601851322933e-4,0.10522597856169401,0.10463432550170648,0.10581513620927578,3.878551038782874e-9,3.304025664174759e-9,4.5182194097215245e-9,0.999999996121449,0.9999999954817805,0.9999999966959744,2.2364848468847676e-5,8.963546571649772e-13,7.635891918766902e-13,1.0442008369082601e-12
TUR.39.3_1,2049,8,albopictus,25.38752269744873,47.749742349497275,2.744238292521776e-4,0.14002801990253474,0.13943079817388448,0.14062360000208918,9.727107504779008e-6,8.664896032120617e-6,1.0874600732976858e-5,0.9999902728924952,0.999989125399267,0.9999913351039679,2.655679212848483e-5,2.6693500836394434e-9,2.37785389989309e-9,2.9842495863352523e-9
TUR.39.3_1,2049,9,albopictus,23.952120612649356,31.958082597650147,2.187290437629393e-4,0.09265096475740671,0.09219183533627742,0.09312689978054975,1.0957567186942186e-10,9.502400533101252e-11,1.2622569656173252e-10,0.9999999998904243,0.9999999998737743,0.999999999904976,2.187266516606723e-5,2.396660647718818e-14,2.0758395002928867e-14,2.7647328870727958e-14
TUR.39.3_1,2049,10,albopictus,15.396000231013579,50.29432528347408,2.1554834411391852e-4,0.008516312982105303,0.008447363805159832,0.008580396099339884,0,0,0,1,1,1,2.0859299614151006e-5,0,0,0
TUR.39.3_1,2049,11,albopictus,7.71104361248367,73.70921504209014,1.250287308317792e-4,0,0,0,0,0,0,1,1,1,1.2502794922597538e-5,0,0,0
TUR.39.3_1,2049,12,albopictus,3.9976405919912983,80.595733452013,1.0283809419816327e-4,0,0,0,0,0,0,1,1,1,9.952024110360114e-6,0,0,0
TUR.39.3_1,2050,1,albopictus,0.48894468705882055,77.55985705364266,9.200707820478137e-5,0,0,0,0,0,0,1,1,1,8.903871154264387e-6,0,0,0
TUR.39.3_1,2050,2,albopictus,3.6758716303636048,80.20402451619191,6.882407887007848e-5,0,0,0,0,0,0,1,1,1,7.373981262381868e-6,0,0,0
TUR.39.3_1,2050,3,albopictus,5.880498554119292,76.9976014838475,8.448729566306604e-5,0,0,0,0,0,0,1,1,1,8.1761564779681e-6,0,0,0
TUR.39.3_1,2050,4,albopictus,12.85025344175451,52.99565940052277,1.1171890909148715e-4,4.937179117565866e-4,4.8414535845486416e-4,5.033553049776729e-4,0,0,0,1,1,1,1.117182850385312e-5,0,0,0
TUR.39.3_1,2050,5,albopictus,14.201909009148093,58.03411267663384,1.5615349456229877e-4,0.0034925996947360437,0.0034553031693907144,0.0035299109550955055,0,0,0,1,1,1,1.5111514325982789e-5,0,0,0
TUR.39.3_1,2050,6,albopictus,22.280418676488537,42.36180086129195,1.7563689727522226e-4,0.0904914887273799,0.09008307709638855,0.09089015286277674,5.6369525380794985e-11,4.9524262468736427e-11,6.367253391204032e-11,0.9999999999436304,0.9999999999363275,0.9999999999504757,1.756353548687528e-5,9.901857112026846e-15,8.659739592076221e-15,1.1213252548714081e-14
TUR.39.3_1,2050,7,albopictus,24.906862034517175,36.109984604529956,2.0625642668366492e-4,0.1079999699273113,0.10743655006391153,0.10852968824752685,8.003138131873478e-9,6.901591229069304e-9,9.147206905812943e-9,0.9999999919968618,0.9999999908527931,0.9999999930984087,1.996010015103966e-5,1.6506990219156136e-12,1.4235196355016911e-12,1.8866963547026215e-12
TUR.39.3_1,2050,8,albopictus,28.22590732574463,29.497585138193564,2.4491650534476356e-4,0.09228083101117616,0.0916009225099502,0.09296432740575998,9.813433421435036e-11,7.929048528865224e-11,1.2017173089962086e-10,0.9999999999018656,0.9999999998798282,0.9999999999207095,2.3701316410829065e-5,2.4033330880968153e-14,1.942890293094024e-14,2.942368571012821e-14
TUR.39.3_1,2050,9,albopictus,21.773464988259708,38.424131791986085,1.9521028170842e-4,0.07768483734192655,0.07730747698249872,0.07802935883579797,7.539254776034454e-13,6.551037490254431e-13,8.527789585599522e-13,0.999999999999246,0.9999999999991472,0.999999999999345,1.9520837636788357e-5,1.1379786002407854e-16,1.1102230246251565e-16,1.1379786002407602e-16
TUR.39.3_1,2050,10,albopictus,11.422150934443755,71.34392397732174,1.923715856494359e-4,5.332214871718702e-6,5.062502857325743e-6,5.610913925345407e-6,0,0,0,1,1,1,1.861643177492045e-5,0,0,0
TUR.39.3_1,2050,11,albopictus,7.6878888769184845,78.74711787412139,1.1158506135001564e-4,0,0,0,0,0,0,1,1,1,1.1158443879111246e-5,0,0,0
TUR.39.3_1,2050,12,albopictus,5.097330075633876,71.02355175035284,9.178046496896877e-5,0,0,0,0,0,0,1,1,1,8.88194103620954e-6,0,0,0
TUR.39.3_1,2051,1,albopictus,3.063815631081953,80.47721545208016,9.337448552441745e-5,0,0,0,0,0,0,1,1,1,9.036199707934678e-6,0,0,0
TUR.39.3_1,2051,2,albopictus,1.8517065841485474,69.42476578816456,6.984694092645954e-5,0,0,0,0,0,0,1,1,1,7.483572811439743e-6,0,0,0
TUR.39.3_1,2051,3,albopictus,6.364767696270171,71.95517442085922,8.574294412794612e-5,0,0,0,0,0,0,1,1,1,8.297669844559152e-6,0,0,0
TUR.39.3_1,2051,4,albopictus,12.21237788480871,56.91280799061066,1.133792732397046e-4,1.1773880706682906e-4,1.148013163331111e-4,1.2104554538806925e-4,0,0,0,1,1,1,1.133786304996498e-5,0,0,0
TUR.39.3_1,2051,5,albopictus,13.399167004753561,73.41996930505181,1.5847424461346322e-4,0.001732888500417146,0.0017101180263326735,0.001755533884069035,0,0,0,1,1,1,1.5336099621454657e-5,0,0,0
TUR.39.3_1,2051,6,albopictus,19.37001256381764,66.16023225777633,1.7824720926010854e-4,0.06671709489580942,0.0664529139008021,0.066987488570851,9.943046386240439e-15,8.881784197001252e-15,1.1105005803813126e-14,0.99999999999999,0.9999999999999888,0.9999999999999911,1.7824562066670602e-5,0,0,0
TUR.39.3_1,2051,7,albopictus,24.72124458761776,42.85844728153191,2.0932180549008123e-4,0.12171755276276065,0.12116665216553012,0.12230643798560237,2.1822878431421166e-7,1.9227392132337153e-7,2.4860826245975963e-7,0.9999997817712157,0.9999997513917376,0.9999998077260787,2.025674374783737e-5,4.5680042859430616e-11,4.024717226158714e-11,5.203907860185097e-11
TUR.39.3_1,2051,8,albopictus,23.86434841156006,44.86624701868673,2.48556449451702e-4,0.11688242776746624,0.11638887474359978,0.11738285554081755,7.149865784505937e-8,6.35033814255781e-8,8.029819774379998e-8,0.9999999285013421,0.9999999197018022,0.9999999364966186,2.4053560655379336e-5,1.777145397507951e-11,1.5784190621204172e-11,1.9958634744909886e-11
TUR.39.3_1,2051,9,albopictus,17.973721335915958,65.64936296264038,1.9811149293351944e-4,0.04071607055310866,0.04050842080411051,0.04090449298749178,0,0,0,1,1,1,1.981095305381153e-5,0,0,0
TUR.39.3_1,2051,10,albopictus,16.44276651214151,50.68080752224361,1.9523060823160686e-4,0.016331100956630613,0.016225408363811002,0.016446605017602683,0,0,0,1,1,1,1.889310619063167e-5,0,0,0
TUR.39.3_1,2051,11,albopictus,8.007986323360136,67.91750514218779,1.1324343625582938e-4,0,0,0,0,0,0,1,1,1,1.132427950545356e-5,0,0,0
TUR.39.3_1,2051,12,albopictus,6.02562354220187,76.06835918443487,9.314450436731637e-5,0,0,0,0,0,0,1,1,1,9.013943667812718e-6,0,0,0
TUR.39.3_1,2052,1,albopictus,2.7856355087064646,74.87379137981453,9.268695206761667e-5,0,0,0,0,0,0,1,1,1,8.969664811120381e-6,0,0,0
TUR.39.3_1,2052,2,albopictus,4.763342161827228,71.73791428669972,7.18088109904487e-5,0,0,0,0,0,0,1,1,1,7.428470097492479e-6,0,0,0
TUR.39.3_1,2052,3,albopictus,6.9488293188898,70.96703049996079,8.51116031096639e-5,0,0,0,0,0,0,1,1,1,8.236572831776812e-6,0,0,0
TUR.39.3_1,2052,4,albopictus,12.020055153790643,58.20937781482941,1.1254444086314848e-4,6.539589588656924e-5,6.339405941831411e-5,6.748869015346686e-5,0,0,0,1,1,1,1.125438075533225e-5,0,0,0
TUR.39.3_1,2052,5,albopictus,16.509879056145163,49.86467145348931,1.5730736969467725e-4,0.016736186447934585,0.016621832136930338,0.016852703069738184,0,0,0,1,1,1,1.522317796764927e-5,0,0,0
TUR.39.3_1,2052,6,albopictus,20.504987997167248,52.288421344690384,1.7693474237732556e-4,0.0742447468866028,0.07390555141055881,0.07457332124124415,2.0834789449253322e-13,1.8252066524837574e-13,2.357086748006054e-13,0.9999999999997916,0.9999999999997643,0.9999999999998175,1.7693317709177592e-5,0,0,0
TUR.39.3_1,2052,7,albopictus,26.469367756563074,32.25377198856316,2.0778053065783874e-4,0.10465410019646816,0.10404396169199506,0.1052649376915337,3.3328044298785997e-9,2.821382538709116e-9,3.906962764421707e-9,0.9999999966671955,0.9999999960930372,0.9999999971786175,2.010759112913707e-5,6.924907314243001e-13,5.861922058869595e-13,8.11797851163476e-13
TUR.39.3_1,2052,8,albopictus,24.333788871765137,40.51532538782735,2.4672628274243576e-4,0.11279550135041207,0.112268405914796,0.11330353667280608,2.672968863925984e-8,2.34274648125421e-8,3.0210787635431835e-8,0.9999999732703113,0.9999999697892124,0.9999999765725353,2.3876451992532743e-5,6.594918833258134e-12,5.78020409314206e-12,7.4538208938435e-12
TUR.39.3_1,2052,9,albopictus,20.312241385964786,51.243040483392335,1.966527616880024e-4,0.06968471411745572,0.06937206853002947,0.06997676488524635,3.435041140420481e-14,3.019806626980426e-14,3.863576125695545e-14,0.9999999999999657,0.9999999999999614,0.9999999999999698,1.9665082808484335e-5,0,0,0
TUR.39.3_1,2052,10,albopictus,13.664164865718169,70.0685257229272,1.9379308946835007e-4,0.0023150965375754303,0.002285168536754988,0.002344147934018206,0,0,0,1,1,1,1.8753994090237036e-5,0,0,0
TUR.39.3_1,2052,11,albopictus,6.6276753110920685,72.23856532285185,1.1240960407189076e-4,0,0,0,0,0,0,1,1,1,1.1240897227815516e-5,0,0,0
TUR.39.3_1,2052,12,albopictus,1.4983912044588257,80.62552623765752,9.245866430394156e-5,0,0,0,0,0,0,1,1,1,8.947572644801838e-6,0,0,0
TUR.39.3_1,2053,1,albopictus,-4.227330885717974,78.5202910136036,9.282603096059593e-5,0,0,0,0,0,0,1,1,1,8.983123938044457e-6,0,0,0
TUR.39.3_1,2053,2,albopictus,1.4045508701135132,81.32533188923878,6.943668031506296e-5,0,0,0,0,0,0,1,1,1,7.439616645399383e-6,0,0,0
TUR.39.3_1,2053,3,albopictus,7.156078960308257,64.99374101021469,8.523931501814859e-5,0,0,0,0,0,0,1,1,1,8.248931946841509e-6,0,0,0
TUR.39.3_1,2053,4,albopictus,11.645881989422968,51.478539039194644,1.1271331637255996e-4,1.066360215761121e-5,1.018663414681858e-5,1.1134956302393278e-5,0,0,0,1,1,1,1.127126811606427e-5,0,0,0
TUR.39.3_1,2053,5,albopictus,15.15985101812026,55.33810208703423,1.575434130033261e-4,0.007719670346949096,0.007656104893399322,0.007780593733117532,0,0,0,1,1,1,1.5246020520498504e-5,0,0,0
TUR.39.3_1,2053,6,albopictus,23.20440511142506,27.30991716378218,1.7720023700791237e-4,0.07867195332742162,0.07823227996677247,0.0790787891523012,1.0792696736316998e-12,9.17929621202518e-13,1.245534231308909e-12,0.9999999999989208,0.9999999999987544,0.9999999999990821,1.7719866702070597e-5,2.1671553440683055e-16,1.1102230246251565e-16,2.220446049250313e-16
TUR.39.3_1,2053,7,albopictus,26.394283070283777,29.758895126990893,2.0809231009973314e-4,0.09902597326018674,0.09841971576629518,0.09963076785430672,7.105338067914247e-10,5.960609644750647e-10,8.396757039674796e-10,0.9999999992894661,0.9999999991603242,0.999999999403939,2.0137762726024633e-5,1.4785561663899217e-13,1.2400913629306844e-13,1.7474910407599964e-13
TUR.39.3_1,2053,8,albopictus,25.654786109924316,39.745958169809775,2.4709650117671626e-4,0.12076735964682588,0.12012363774605588,0.12132234521167137,1.7601346993556532e-7,1.516157435793586e-7,1.9917500883037672e-7,0.9999998239865301,0.9999998008249912,0.9999998483842564,2.3912278726889724e-5,4.349231264022535e-11,3.74637182387616e-11,4.921547613889742e-11
TUR.39.3_1,2053,9,albopictus,21.521738837747012,51.63784639159546,1.9694784365786728e-4,0.09194895316282105,0.09155364209898213,0.09234962493214399,8.837696319208277e-11,7.814628666391599e-11,9.97090215948404e-11,0.999999999911623,0.999999999900291,0.9999999999218536,1.969459042483468e-5,1.7406187602375667e-14,1.5429324484728116e-14,1.965094753586527e-14
TUR.39.3_1,2053,10,albopictus,14.73558648894815,60.69934695095455,1.940838804345977e-4,0.0059575193022774415,0.005903275356169779,0.006010532601174192,0,0,0,1,1,1,1.8782134623251956e-5,0,0,0
TUR.39.3_1,2053,11,albopictus,9.025199191096952,81.97718989560576,1.1257827725561085e-4,0,0,0,0,0,0,1,1,1,1.125776435650927e-5,0,0,0
TUR.39.3_1,2053,12,albopictus,4.538625937831752,78.15029125230596,9.259740064590643e-5,0,0,0,0,0,0,1,1,1,8.960998622242755e-6,0,0,0
TUR.39.3_1,2054,1,albopictus,3.212236084153547,83.62373797405282,8.851356894541004e-5,0,0,0,0,0,0,1,1,1,8.565792566139763e-6,0,0,0
TUR.39.3_1,2054,2,albopictus,5.257176657371661,78.03702469929738,6.62108282214145e-5,0,0,0,0,0,0,1,1,1,7.093992146933736e-6,0,0,0
TUR.39.3_1,2054,3,albopictus,5.268307353862944,78.65539262154282,8.127931258766363e-5,0,0,0,0,0,0,1,1,1,7.865708993026743e-6,0,0,0
TUR.39.3_1,2054,4,albopictus,8.881639817181757,75.61789755970246,1.0747694150624009e-4,0,0,0,0,0,0,1,1,1,1.0747636394414783e-5,0,0,0
TUR.39.3_1,2054,5,albopictus,12.373607579399557,69.8842484798565,1.5022434552528226e-4,2.4535133274255843e-4,2.3992092032588605e-4,2.5084677471983726e-4,0,0,0,1,1,1,1.4537734215669396e-5,0,0,0
TUR.39.3_1,2054,6,albopictus,20.292211813085217,46.554534625940384,1.689679633313297e-4,0.06453446290091107,0.06423995761855433,0.06479704827304883,3.850364471702505e-15,3.3306690738754696e-15,4.3298697960381105e-15,0.9999999999999961,0.9999999999999957,0.9999999999999967,1.6896653583065024e-5,0,0,0
TUR.39.3_1,2054,7,albopictus,26.43844772787655,25.042845932654956,0.00019842486904175752,0.08902631698417919,0.08847160447660465,0.08959422218123968,3.5656530394945206e-11,2.977134649917446e-11,4.2482720119529917e-11,0.9999999999643435,0.9999999999575173,0.9999999999702286,1.9202222316438977e-5,7.075118269028735e-15,5.88418203051333e-15,8.43769498715119e-15
TUR.39.3_1,2054,8,albopictus,26.859732627868652,34.329889139048056,2.3561702430602828e-4,0.10942801104684208,0.10874204245319799,0.11008164678730632,1.1546620094837756e-8,9.65824108745128e-9,1.3573165380531548e-8,0.9999999884533799,0.9999999864268346,0.9999999903417589,2.2801387557946917e-5,2.720580094539571e-12,2.275638011361991e-12,3.1981112202927873e-12
TUR.39.3_1,2054,9,albopictus,17.30109197953168,59.18592302123413,1.877981462512437e-4,0.028069222618864815,0.02790541625565259,0.028228945992605378,0,0,0,1,1,1,1.877963828555984e-5,0,0,0
TUR.39.3_1,2054,10,albopictus,11.723707521662993,67.90884249538814,1.8506723549704376e-4,2.5786638212965654e-5,2.491148950468878e-5,2.6681248476586472e-5,0,0,0,1,1,1,1.790957208913646e-5,0,0,0
TUR.39.3_1,2054,11,albopictus,9.22409464550369,78.52150141904326,1.0734817596423952e-4,0,0,0,0,0,0,1,1,1,1.0734759978481279e-5,0,0,0
TUR.39.3_1,2054,12,albopictus,2.664439422023647,75.97934703843877,8.829556021539258e-5,0,0,0,0,0,0,1,1,1,8.54469512767686e-6,0,0,0
TUR.39.3_1,2055,1,albopictus,4.839411534478559,84.51115862834969,9.533142729513608e-5,0,0,0,0,0,0,1,1,1,9.225579440386156e-6,0,0,0
TUR.39.3_1,2055,2,albopictus,4.145858545951984,77.33718796834034,7.131079259309242e-5,0,0,0,0,0,0,1,1,1,7.640412875487002e-6,0,0,0
TUR.39.3_1,2055,3,albopictus,4.474178697475615,71.32244584419907,8.753994411103564e-5,0,0,0,0,0,0,1,1,1,8.471571610657591e-6,0,0,0
TUR.39.3_1,2055,4,albopictus,12.482700684491327,49.79613547474152,1.1575547520205413e-4,2.075866275753513e-4,2.024506332263832e-4,2.1252501811998978e-4,0,0,0,1,1,1,1.157548052377333e-5,0,0,0
TUR.39.3_1,2055,5,albopictus,14.898448887993307,67.50046704675103,1.6179554664929688e-4,0.007510519629735004,0.00744501383561167,0.007578107948735496,0,0,0,1,1,1,1.5657510966549104e-5,0,0,0
TUR.39.3_1,2055,6,albopictus,21.162563604467053,37.0059048651982,1.8198291294143067e-4,0.0675225215607247,0.06719013094196438,0.06786134252561403,1.40076839016956e-14,1.2101430968414206e-14,1.609823385706477e-14,0.999999999999986,0.9999999999999839,0.9999999999999879,1.8198125706248014e-5,0,0,0
TUR.39.3_1,2055,7,albopictus,23.273189320283777,46.694979874305346,2.1370877032726536e-4,0.11266027428273072,0.11218672567634638,0.11312217623326148,2.58455377868394e-8,2.2959531956190382e-8,2.889973581277072e-8,0.9999999741544622,0.9999999711002642,0.999999977040468,2.0681280042067485e-5,5.523416835018225e-12,4.9067000462699184e-12,6.176101297050707e-12
TUR.39.3_1,2055,8,albopictus,25.06246852874756,36.16958793055196,2.537656936642054e-4,0.10914492439522763,0.10861260840155951,0.10970264110902093,1.0730596770036627e-8,9.343583867726935e-9,1.23330535117816e-8,0.9999999892694033,0.9999999876669464,0.9999999906564162,2.455766881015453e-5,2.7230553367729725e-12,2.3710616803285234e-12,3.129721481975878e-12
TUR.39.3_1,2055,9,albopictus,21.79484255173627,42.986631791986085,2.0226351212381154e-4,0.0841374788850542,0.08376123578470349,0.08452130885040296,7.221395703638223e-12,6.348901959718489e-12,8.196376910518665e-12,0.9999999999927786,0.9999999999918037,0.9999999999936512,2.0226146661084243e-5,1.4611645227091685e-15,1.3322676295501878e-15,1.6653345369377348e-15
TUR.39.3_1,2055,10,albopictus,16.41077073882608,59.104475429958455,1.9932224986181775e-4,0.018062719144212383,0.017955589834705663,0.01817450797740464,0,0,0,1,1,1,1.9289063950211904e-5,0,0,0
TUR.39.3_1,2055,11,albopictus,9.78483273220413,75.84305751035185,1.1561679134768467e-4,0,0,0,0,0,0,1,1,1,1.1561612298760515e-5,0,0,0
TUR.39.3_1,2055,12,albopictus,4.4285270990256,79.18413524644659,9.509662619466094e-5,0,0,0,0,0,0,1,1,1,9.202856962597927e-6,0,0,0
TUR.39.3_1,2056,1,albopictus,5.156951464822187,77.80962054241219,9.381709560946385e-5,0,0,0,0,0,0,1,1,1,9.079032553982458e-6,0,0,0
TUR.39.3_1,2056,2,albopictus,3.6489479738999817,73.46563645466847,7.26843847597682e-5,0,0,0,0,0,0,1,1,1,7.51904601736797e-6,0,0,0
TUR.39.3_1,2056,3,albopictus,7.2746788519708545,64.40954301216782,8.614937947888226e-5,0,0,0,0,0,0,1,1,1,8.337001970781799e-6,0,0,0
TUR.39.3_1,2056,4,albopictus,10.921236374798944,61.12782340198761,1.1391670923722879e-4,1.1186200991948619e-8,9.646809725016323e-9,1.2965365988579986e-8,0,0,0,1,1,1,1.1391606038912983e-5,0,0,0
TUR.39.3_1,2056,5,albopictus,17.16590398900649,49.44693540002251,1.5922543803093792e-4,0.023032006542747476,0.022893844680884602,0.023175859512442734,0,0,0,1,1,1,1.5408794641125212e-5,0,0,0
TUR.39.3_1,2056,6,albopictus,22.661623281591076,35.70466585152632,1.7909212971141603e-4,0.08546245639761495,0.08504017753021349,0.0858861726751421,1.1236630959032822e-11,9.744202666972513e-12,1.2888765055230067e-11,0.9999999999887633,0.9999999999871112,0.9999999999902558,1.7909052602127495e-5,2.0126122990404838e-15,1.7763568394002505e-15,2.3314683517128287e-15
TUR.39.3_1,2056,7,albopictus,23.55880333395565,48.04706117313347,2.103140245273235e-4,0.11957171357895574,0.11909910483116998,0.12007105351091986,1.3380199733981078e-7,1.1978432143677774e-7,1.4980131850250708e-7,0.9999998661980026,0.9999998501986815,0.9999998802156785,2.0352762995279328e-5,2.814043553733825e-11,2.5192295471931913e-11,3.150526506345841e-11
TUR.39.3_1,2056,8,albopictus,26.054057121276855,39.398370584360556,2.49734647014053e-4,0.12147527222411558,0.12083243982577276,0.12207280137160198,2.0669360426661675e-7,1.7822569155778733e-7,2.3590534349304803e-7,0.9999997933063958,0.9999997640946565,0.9999998217743085,2.4167577025280274e-5,5.161855387569858e-11,4.450915747078454e-11,5.891374055266851e-11
TUR.39.3_1,2056,9,albopictus,20.257164786843692,46.106653612054444,1.9905057328553963e-4,0.0635277058655141,0.06322057898177182,0.0638217190021736,2.4603652448718096e-15,2.1094237467877974e-15,2.7755575615628914e-15,0.9999999999999976,0.9999999999999972,0.9999999999999979,1.9904859224206817e-5,0,0,0
TUR.39.3_1,2056,10,albopictus,14.14910730193643,63.629003933376424,1.9615603272661467e-4,0.003607349417232432,0.0035635709851554315,0.00364648345701219,0,0,0,1,1,1,1.898266170374807e-5,0,0,0
TUR.39.3_1,2056,11,albopictus,5.421504990581204,75.06055628964873,1.1378022836419427e-4,0,0,0,0,0,0,1,1,1,1.137795810701725e-5,0,0,0
TUR.39.3_1,2056,12,albopictus,3.0504245580557514,69.52770214097784,9.358602430467486e-5,0,0,0,0,0,0,1,1,1,9.056671017582119e-6,0,0,0
TUR.39.3_1,2057,1,albopictus,2.7668762580655955,83.19420306194344,9.600297220391199e-5,0,0,0,0,0,0,1,1,1,9.290567055675325e-6,0,0,0
TUR.39.3_1,2057,2,albopictus,5.575125952415607,74.76772233113331,7.181312850754808e-5,0,0,0,0,0,0,1,1,1,7.69423416790982e-6,0,0,0
TUR.39.3_1,2057,3,albopictus,5.04138245762271,70.26192948677719,8.815660333297611e-5,0,0,0,0,0,0,1,1,1,8.531247802201491e-6,0,0,0
TUR.39.3_1,2057,4,albopictus,12.846462586346796,50.77221732288605,1.1657089360331456e-4,4.685475939530988e-4,4.601077401302929e-4,4.7761091313972996e-4,0,0,0,1,1,1,1.1657021416699997e-5,0,0,0
TUR.39.3_1,2057,5,albopictus,15.752564374138327,65.30454419518853,1.6293528596399918e-4,0.01336301618422279,0.013272156296290746,0.013459647775600905,0,0,0,1,1,1,1.576780658651966e-5,0,0,0
TUR.39.3_1,2057,6,albopictus,22.365474981420178,43.9218976020146,1.8326485848800978e-4,0.09420365492083163,0.09379552067331642,0.09464746836938531,1.747320288458809e-10,1.543561278793959e-10,1.9902427761397944e-10,0.999999999825268,0.9999999998009758,0.9999999998456439,1.8326317919759028e-5,3.2023161899985555e-14,2.830791157037993e-14,3.652633751016765e-14
TUR.39.3_1,2057,7,albopictus,27.209956898408777,30.671977249793628,2.1521420290858745e-4,0.09993145886826088,0.09933240838153137,0.10058048433091842,9.170205028663502e-10,7.720187156223802e-10,1.0951402396042198e-9,0.9999999990829795,0.9999999989048597,0.9999999992279812,2.0826964042375273e-5,1.9735557632571955e-13,1.6618928455613967e-13,2.3570034812792073e-13
TUR.39.3_1,2057,8,albopictus,26.27181339263916,35.6462457979836,2.555532999598144e-4,0.11259798974278737,0.11191714437953339,0.11319268643051059,2.5488519427740997e-8,2.147798437157622e-8,2.940283505836749e-8,0.9999999745114806,0.99999997059716494,0.9999999785220156,2.473065870445268e-5,6.51367293436067e-12,5.488717813584287e-12,7.514019961796236e-12
TUR.39.3_1,2057,9,albopictus,20.82119638779584,51.69956437865601,2.0368832066441344e-4,0.0792710476672497,0.07894873492906047,0.07960031420242385,1.336594168677152e-12,1.1887574258295786e-12,1.5005247044896918e-12,0.9999999999986634,0.9999999999984995,0.9999999999988113,2.0368624623179343e-5,2.6134649999676186e-16,2.220446049250313e-16,3.3306690738754696e-16
TUR.39.3_1,2057,10,albopictus,12.57088693450479,71.10389559597408,2.007263392151227e-4,3.996201713167129e-4,3.918490407718244e-4,4.0697780465890157e-4,0,0,0,1,1,1,1.942494093487568e-5,0,0,0
TUR.39.3_1,2057,11,albopictus,5.544293419841458,74.40889155576201,1.1643123281574509e-4,0,0,0,0,0,0,1,1,1,1.1643055500720756e-5,0,0,0
TUR.39.3_1,2057,12,albopictus,4.155102712047451,78.06718425767706,9.576651708977028e-5,0,0,0,0,0,0,1,1,1,9.267684515035235e-6,0,0,0
TUR.39.3_1,2058,1,albopictus,3.2729336396955393,80.26490466106453,9.85718148407081e-5,0,0,0,0,0,0,1,1,1,9.539162389660127e-6,0,0,0
TUR.39.3_1,2058,2,albopictus,3.9360950190354798,72.93296738728566,7.37347005397147e-5,0,0,0,0,0,0,1,1,1,7.900115280290443e-6,0,0,0
TUR.39.3_1,2058,3,albopictus,7.985541011699858,71.234295819785,9.051549323146658e-5,0,0,0,0,0,0,1,1,1,8.75952549628245e-6,0,0,0
TUR.39.3_1,2058,4,albopictus,10.497100212994745,62.02098899036652,1.1969009163253365e-4,1.379378945559912e-19,1.6395270285053267e-22,8.214076588814302e-19,0,0,0,1,1,1,1.1968937534967417e-5,0,0,0
TUR.39.3_1,2058,5,albopictus,19.269461575676413,49.17546246911431,1.6729510004073284e-4,0.05061087520216329,0.050376862177759774,0.050832745295062154,0,0,0,1,1,1,1.6189717336190235e-5,0,0,0
TUR.39.3_1,2058,6,albopictus,20.459350866429943,59.3525616645146,1.8816865023010772e-4,0.08170968305564956,0.08137581973608946,0.08204353168812838,3.152654248772535e-12,2.8030633369979796e-12,3.532735215472371e-12,0.9999999999968473,0.9999999999964672,0.9999999999971969,1.8816687986866754e-5,5.857536677922326e-16,5.551115123125783e-16,6.661338147750939e-16
TUR.39.3_1,2058,7,albopictus,25.40609146566952,39.56065293949089,2.2097289358017833e-4,0.11900142579002382,0.11844184370941313,0.1195478959457116,1.1735241050614408e-7,1.0285305871993167e-7,1.328476249201627e-7,0.9999998826475895,0.9999998671523751,0.9999998971469413,2.1384244926037077e-5,2.5931703895309966e-11,2.2727725257354336e-11,2.93557650410392e-11
TUR.39.3_1,2058,8,albopictus,26.93027400970459,33.83467849146505,2.623913821341491e-4,0.10814182545587651,0.10744704020249667,0.10881198473208777,8.310119640309032e-9,6.920377973451685e-9,9.832482186777902e-9,0.9999999916898804,0.9999999901675178,0.999999993079622,2.5392392007828057e-5,2.1805042216271887e-12,1.8158780035193445e-12,2.580011204678101e-12
TUR.39.3_1,2058,9,albopictus,20.121512244729434,47.83228532592163,2.0913860236640872e-4,0.06301658151045192,0.06273645976807932,0.06329360443367521,1.953881501037813e-15,1.6653345369377348e-15,2.220446049250313e-15,0.999999999999998,0.9999999999999978,0.9999999999999983,2.0913641543440775e-5,0,0,0
TUR.39.3_1,2058,10,albopictus,14.771589601741118,68.26551668972408,2.0609736436847512e-4,0.006849813573147214,0.006791817324175043,0.006907477340719138,0,0,0,1,1,1,1.9944707330910028e-5,0,0,0
TUR.39.3_1,2058,11,albopictus,8.12014128399246,76.3472689361331,1.1954669380872913e-4,0,0,0,0,0,0,1,1,1,1.1954597924135335e-5,0,0,0
TUR.39.3_1,2058,12,albopictus,2.5878635467413593,79.97050457017706,9.83290326726747e-5,0,0,0,0,0,0,1,1,1,9.51566756501876e-6,0,0,0
TUR.39.3_1,2059,1,albopictus,2.5381677524351023,83.58367602336922,9.321526798806336e-5,0,0,0,0,0,0,1,1,1,9.020791698399755e-6,0,0,0
TUR.39.3_1,2059,2,albopictus,2.3869267899323914,74.78885575398488,6.972784139093092e-5,0,0,0,0,0,0,1,1,1,7.470812242393876e-6,0,0,0
TUR.39.3_1,2059,3,albopictus,5.121978427776519,73.44050309517563,8.559673951704919e-5,0,0,0,0,0,0,1,1,1,8.28352112858255e-6,0,0,0
TUR.39.3_1,2059,4,albopictus,9.868464806500604,52.740963508188784,1.1318594453264442e-4,0,0,0,0,0,0,1,1,1,1.1318530398263249e-5,0,0,0
TUR.39.3_1,2059,5,albopictus,17.57701582067153,53.60323880578423,1.582040222003359e-4,0.02929255089398838,0.02911112835105736,0.02945355718486802,0,0,0,1,1,1,1.530994946608022e-5,0,0,0
TUR.39.3_1,2059,6,albopictus,20.22140721713795,50.45276613228804,1.779432709694609e-4,0.06727232380157089,0.06695313481463828,0.06756122186412032,1.2594925102860088e-14,1.099120794378905e-14,1.4210854715202004e-14,0.9999999999999875,0.9999999999999858,0.999999999999989,1.779416877889517e-5,0,0,0
TUR.39.3_1,2059,7,albopictus,27.616374745088464,28.565131394080737,2.0896488034090216e-4,0.09355605169992542,0.09291677060886089,0.09415672930630087,1.4429274430849404e-10,1.1845433800505844e-10,1.7197007151636967e-10,0.9999999998557073,0.99999999982803,0.9999999998815456,2.022220330344382e-5,3.015132588046754e-14,2.4752422334017867e-14,3.597122599785507e-14
TUR.39.3_1,2059,8,albopictus,27.647439002990723,37.65461905848165,2.4813262333577365e-4,0.11607077930503705,0.11537932210182326,0.11676556541873676,5.9076297120541634e-8,4.992156218686095e-8,6.942761540673635e-8,0.9999999409237029,0.9999999305723846,0.9999999500784379,2.4012546210538943e-5,1.465875643091863e-11,1.2387171843819545e-11,1.72272335285939e-11
TUR.39.3_1,2059,9,albopictus,20.932072471169864,55.824522416986085,1.977736830526815e-4,0.08664785492535894,0.08629377485702039,0.0869930393528204,1.6564770444205123e-11,1.473291488807149e-11,1.8503595877739085e-11,0.9999999999834353,0.9999999999814965,0.9999999999852671,1.9777172734380954e-5,3.276712234878687e-15,2.886579864025407e-15,3.6637359812630166e-15
TUR.39.3_1,2059,10,albopictus,15.696888292537016,44.83686678738033,1.9489771069231682e-4,0.009643084058537199,0.009559034571136266,0.009728579690606181,0,0,0,1,1,1,1.886089090785692e-5,0,0,0
TUR.39.3_1,2059,11,albopictus,7.9994428319966095,73.05899226376982,1.1305033917124934e-4,0,0,0,0,0,0,1,1,1,1.1304970015446614e-5,0,0,0
TUR.39.3_1,2059,12,albopictus,3.3920770706061054,79.631377983263,9.298567898341202e-5,0,0,0,0,0,0,1,1,1,8.9985736078102e-6,0,0,0
TUR.39.3_1,2060,1,albopictus,2.829413212945356,81.83138720500985,1.0704319422477972e-4,0,0,0,0,0,0,1,1,1,1.0358965141454846e-5,0,0,0
TUR.39.3_1,2060,2,albopictus,-0.801849583930829,77.58788987263722,8.293124685223827e-5,0,0,0,0,0,0,1,1,1,8.5790577015743e-6,0,0,0
TUR.39.3_1,2060,3,albopictus,9.11573662937564,61.40767381050766,9.8294502723574e-5,0,0,0,0,0,0,1,1,1,9.512325988891845e-6,0,0,0
TUR.39.3_1,2060,4,albopictus,14.348396637860468,45.811581183970034,1.2997640092258795e-4,0.0033360355748436776,0.003299903027458098,0.0033750898002252176,0,0,0,1,1,1,1.2997555623339707e-5,0,0,0
TUR.39.3_1,2060,5,albopictus,18.05079168431899,44.38030408288384,1.816726405560565e-4,0.03109042011124114,0.030914099548919622,0.03126567114584058,0,0,0,1,1,1,1.7581068730843086e-5,0,0,0
TUR.39.3_1,2060,6,albopictus,25.780750555150647,10.477283191614212,2.0434008855518978e-4,0.06404381620622007,0.0635631291862933,0.06452617677839212,3.1084024243455134e-15,2.4424906541753444e-15,3.7775338412870926e-15,0.9999999999999969,0.9999999999999962,0.9999999999999976,2.0433800082542142e-5,0,0,0
TUR.39.3_1,2060,7,albopictus,24.85817886801327,43.111327377967456,2.3996356772104543e-4,0.12354140359967627,0.12299859490553906,0.12407689085905549,3.280567531239731e-7,2.90203962863278e-7,3.6856198935009134e-7,0.9999996719432469,0.9999996314380107,0.9999997097960371,2.322201111215616e-5,7.872167029354671e-11,6.963835341711189e-11,8.844142362907092e-11
TUR.39.3_1,2060,8,albopictus,28.82388401031494,32.481981119028525,2.849416106022092e-4,0.0948293994925923,0.09412862718493852,0.0954647087436619,2.1109080894365916e-10,1.7053306544667635e-10,2.533995346887252e-10,0.9999999997889092,0.9999999997466005,0.999999999829467,2.757461438773756e-5,6.014944098353681e-14,4.8624992921020296e-14,7.216727215819674e-14
TUR.39.3_1,2060,9,albopictus,22.930291007546817,41.71243898192749,2.2711222339959552e-4,0.09860770287204952,0.09816621749981976,0.09903360545056644,6.300631854028183e-10,5.544874198681881e-10,7.095322246408742e-10,0.9999999993699368,0.9999999992904678,0.9999999994455125,2.271096444206311e-5,1.4309597951012165e-13,1.258965154349312e-13,1.6109613643067179e-13
TUR.39.3_1,2060,10,albopictus,15.737151468501372,62.83392184109127,2.2380961777929053e-4,0.012792540996719351,0.012701356648217555,0.01288796562948517,0,0,0,1,1,1,2.1658760714582392e-5,0,0,0
TUR.39.3_1,2060,11,albopictus,9.855119006160429,76.80743586728545,1.2982067931870226e-4,0,0,0,0,0,0,1,1,1,1.2981983665172336e-5,0,0,0
TUR.39.3_1,2060,12,albopictus,3.153235179317348,76.24467449205206,1.0677954706753597e-4,0,0,0,0,0,0,1,1,1,1.0333451164412644e-5,0,0,0
TUR.39.3_1,2061,1,albopictus,3.1500276700757883,77.73516528118172,9.678930271627449e-5,0,0,0,0,0,0,1,1,1,9.366662847010154e-6,0,0,0
TUR.39.3_1,2061,2,albopictus,3.232059260063312,73.68339463337941,7.240132752719668e-5,0,0,0,0,0,0,1,1,1,7.75725500457014e-6,0,0,0
TUR.39.3_1,2061,3,albopictus,5.847464229473296,75.94163987496079,8.887866667617885e-5,0,0,0,0,0,0,1,1,1,8.601124301343965e-6,0,0,0
TUR.39.3_1,2061,4,albopictus,8.309849598828485,72.94529013782746,1.1752568956837024e-4,0,0,0,0,0,0,1,1,1,1.1752499895711921e-5,0,0,0
TUR.39.3_1,2061,5,albopictus,18.838383618523093,51.427373632444386,1.6426983825912884e-4,0.04560158666599425,0.04537541316660153,0.04582277104332229,0,0,0,1,1,1,1.58969547638943e-5,0,0,0
TUR.39.3_1,2061,6,albopictus,21.21952847873463,46.478362750940384,1.847659239942613e-4,0.07962389134028817,0.07927476691030576,0.0799751672131384,1.516041625571063e-12,1.3360035300280517e-12,1.7142676167480886e-12,0.999999999998484,0.9999999999982857,0.999999999998664,1.847642170826891e-5,2.8343993818680246e-16,2.220446049250313e-16,3.3306690738754696e-16
TUR.39.3_1,2061,7,albopictus,25.07198692770565,39.084742752723315,2.1697695556671713e-4,0.11574836629221796,0.11517949093677086,0.11631231894580543,5.4647967289378483e-8,4.758614466082722e-8,6.236018870453553e-8,0.9999999453520327,0.9999999376398113,0.9999999524138553,2.0997549441958974e-5,1.185735132303023e-11,1.0325101884589571e-11,1.3530682130280525e-11
TUR.39.3_1,2061,8,albopictus,26.790167808532715,37.88936026941915,2.576464576265011e-4,0.11858350749580487,0.11792334873152495,0.11923715656372968,1.0661715718918163e-7,9.114106932772702e-8,1.2366549306530582e-7,0.9999998933828428,0.9999998763345069,0.9999999088589306,2.4933217319556e-5,2.746953342569469e-11,2.348219396708373e-11,3.1862004701288525e-11
TUR.39.3_1,2061,9,albopictus,19.962517570046817,54.39259950438843,2.0535666840275333e-4,0.0666879386558385,0.06639346002046333,0.0669726290428439,9.821587987346448e-15,8.659739592076221e-15,1.1102230246251565e-14,0.9999999999999902,0.9999999999999889,0.9999999999999913,2.0535455984904694e-5,0,0,0
TUR.39.3_1,2061,10,albopictus,14.223099077449126,59.36323397488033,2.0237042628384828e-4,0.0036431702668204436,0.0036050611382145866,0.0036824418443724416,0,0,0,1,1,1,1.9584043031817266e-5,0,0,0
TUR.39.3_1,2061,11,albopictus,7.024092452052762,71.39823329160185,1.1738488486268941e-4,0,0,0,0,0,0,1,1,1,1.173841959045685e-5,0,0,0
TUR.39.3_1,2061,12,albopictus,6.596706134212368,81.41616039293096,9.655091087177136e-5,0,0,0,0,0,0,1,1,1,9.343592884292207e-6,0,0,0
TUR.39.3_1,2062,1,albopictus,4.023249663522138,81.29329363811532,1.0107594681925058e-4,0,0,0,0,0,0,1,1,1,9.781495401428586e-6,0,0,0
TUR.39.3_1,2062,2,albopictus,-0.11488113815293588,75.30244370564503,7.56078670411952e-5,0,0,0,0,0,0,1,1,1,8.100810085509558e-6,0,0,0
TUR.39.3_1,2062,3,albopictus,7.025313999065581,69.58760545113266,9.281496130477688e-5,0,0,0,0,0,0,1,1,1,8.982052690620357e-6,0,0,0
TUR.39.3_1,2062,4,albopictus,11.527995446149042,65.75053458362824,1.227307152271794e-4,8.685685289460695e-6,8.288022306705422e-6,9.070820260312008e-6,0,0,0,1,1,1,1.227299620887301e-5,0,0,0
TUR.39.3_1,2062,5,albopictus,17.10732931249282,54.510434850706105,1.7154508783432732e-4,0.024072855224487672,0.02393164938052134,0.024209044607262666,0,0,0,1,1,1,1.660099973421758e-5,0,0,0
TUR.39.3_1,2062,6,albopictus,23.848028463475842,32.230708789758744,1.9294891257144584e-4,0.09224500863020639,0.09179804256411839,0.0927399803426992,9.684045421121112e-11,8.423728381501405e-11,1.1227445084749376e-10,0.9999999999031596,0.9999999998877256,0.9999999999157627,1.9294705111971844e-5,1.8684942482138923e-14,1.6209256159527285e-14,2.1649348980190553e-14
TUR.39.3_1,2062,7,albopictus,26.982166065889245,37.96791764896355,2.265865194437114e-4,0.11866774538956223,0.11803276658411271,0.1193382865316323,1.0870725009537452e-7,9.350083311210345e-8,1.2658487113792473e-7,0.9999998912927499,0.9999998734151289,0.9999999064991669,2.1927487277251245e-5,2.4631598316560145e-11,2.1185994625305683e-11,2.8682475838870402e-11
TUR.39.3_1,2062,8,albopictus,27.799588203430176,33.63966735254903,2.690572089930529e-4,0.10485783029991008,0.10417534514425167,0.10553854430747771,3.520265281276025e-9,2.9225429881707397e-9,4.200264649978358e-9,0.9999999964797347,0.9999999957997353,0.999999997077457,2.6037455438276957e-5,9.471515793890718e-13,7.863348860936981e-13,1.1301043434386314e-12
TUR.39.3_1,2062,9,albopictus,21.600197623757754,43.217657487786866,2.144515882638452e-4,0.0814624823210413,0.08106836682835496,0.08183060179863162,2.8952860109399127e-12,2.5182050888972187e-12,3.282174532159843e-12,0.9999999999971048,0.9999999999967178,0.9999999999974818,2.144492888056515e-5,6.210587599753126e-16,5.551115123125783e-16,6.661338147750939e-16
TUR.39.3_1,2062,10,albopictus,15.966690386042876,50.82136385769283,2.1133309023638604e-4,0.01245627980828792,0.012368286080917064,0.012546868833614323,0,0,0,1,1,1,2.0451380245423145e-5,0,0,0
TUR.39.3_1,2062,11,albopictus,8.1399552984272745,68.32074153134795,1.225836745052825e-4,0,0,0,0,0,0,1,1,1,1.2258292317102182e-5,0,0,0
TUR.39.3_1,2062,12,albopictus,3.461011868846767,77.2357481004505,1.0082699697953768e-4,0,0,0,0,0,0,1,1,1,9.757403716781354e-6,0,0,0
TUR.39.3_1,2063,1,albopictus,0.5164298192762278,61.67057482708016,9.251667098671569e-5,0,0,0,0,0,0,1,1,1,8.95318614446694e-6,0,0,0
TUR.39.3_1,2063,2,albopictus,2.1862999398042176,75.2494804488091,6.920526969256509e-5,0,0,0,0,0,0,1,1,1,7.414822834284074e-6,0,0,0
TUR.39.3_1,2063,3,albopictus,5.540405418285552,70.96054551460922,8.495523918301157e-5,0,0,0,0,0,0,1,1,1,8.22144096346289e-6,0,0,0
TUR.39.3_1,2063,4,albopictus,8.259431698743036,69.81764273792511,1.1233767832956562e-4,0,0,0,0,0,0,1,1,1,1.1233704734436856e-5,0,0,0
TUR.39.3_1,2063,5,albopictus,14.674184743095847,66.991792425169,1.5701837034419954e-4,0.00619570071505851,0.0061456136344148985,0.006249852603517419,0,0,0,1,1,1,1.5195210713914165e-5,0,0,0
TUR.39.3_1,2063,6,albopictus,19.704250616185803,60.3403546332646,1.7660968433507848e-4,0.06774649132166913,0.06747111124705407,0.06801400597434817,1.5376477868755955e-14,1.3655743202889425e-14,1.7208456881689926e-14,0.9999999999999847,0.9999999999999828,0.9999999999999863,1.766081247955853e-5,0,0,0
TUR.39.3_1,2063,7,albopictus,24.886401905732995,41.71733400028191,2.0739880386068624e-4,0.12047921175705387,0.1199341695200327,0.12106843062762473,1.6481930352552076e-7,1.451752132064499e-7,1.8803879820172843e-7,0.9999998351806965,0.9999998119612018,0.9999998548247868,2.0070650568304593e-5,3.418332683580161e-11,3.010914573220446e-11,3.899904843507329e-11
TUR.39.3_1,2063,8,albopictus,26.969731330871582,39.8845270479836,2.46273006232907e-4,0.123874572571052,0.12325729204929395,0.12453922199990014,3.5338871576851004e-7,3.07399746390935e-7,4.080374311599133e-7,0.9999996466112843,0.9999995919625688,0.9999996926002537,2.3832587570327135e-5,8.703010112576238e-11,7.570424565006561e-11,1.0048865628498049e-10
TUR.39.3_1,2063,9,albopictus,24.100460837869083,36.25275651732788,1.9629147842131382e-4,0.10191974941279167,0.10142301559250025,0.10239220138848117,1.5891301469173058e-9,1.383039882618675e-9,1.80436412755558e-9,0.9999999984108698,0.9999999981956359,0.9999999986169601,1.9628955191697273e-5,3.1193270189078247e-13,2.7144952952085077e-13,3.5417502264323275e-13
TUR.39.3_1,2063,10,albopictus,14.500966394648833,55.9275574001733,1.9343705988695078e-4,0.0045120368484245854,0.0044661013332269245,0.0045571427118734475,0,0,0,1,1,1,1.8719540260114798e-5,0,0,0
TUR.39.3_1,2063,11,albopictus,9.309294955257108,76.62518489072295,1.122030892555329e-4,0,0,0,0,0,0,1,1,1,1.1220245978105226e-5,0,0,0
TUR.39.3_1,2063,12,albopictus,5.401869517696254,75.8940275193958,9.228880262497676e-5,0,0,0,0,0,0,1,1,1,8.9311345647935525e-06,0,0,0
TUR.39.3_1,2064,1,albopictus,6.023631848504438,82.22484271038094,1.0408353758932638e-4,0,0,0,0,0,0,1,1,1,1.0072549683437515e-5,0,0,0
TUR.39.3_1,2064,2,albopictus,4.088398476295612,77.63927384480519,8.063826581023733e-5,0,0,0,0,0,0,1,1,1,8.34185477316396e-6,0,0,0
TUR.39.3_1,2064,3,albopictus,8.089655067333403,70.54748246529282,9.557674024160325e-5,0,0,0,0,0,0,1,1,1,9.249319183668447e-6,0,0,0
TUR.39.3_1,2064,4,albopictus,11.63031993192785,65.81352286487824,1.2638265990776846e-4,1.5346953440461546e-5,1.4737493214128421e-5,1.6003749008204247e-5,0,0,0,1,1,1,1.2638186128177686e-5,0,0,0
TUR.39.3_1,2064,5,albopictus,16.78595251195571,56.28597806359673,1.7664954086255363e-4,0.021119051776804038,0.02099261234480582,0.021252161673326848,0,0,0,1,1,1,1.709497073698607e-5,0,0,0
TUR.39.3_1,2064,6,albopictus,22.01526288425221,40.778011035852494,1.986902524926418e-4,0.08429258174293196,0.08389769857694418,0.08469517412631723,7.608774388323525e-12,6.648018247012999e-12,8.686623642617519e-12,0.9999999999923912,0.9999999999913134,0.999999999993352,1.9868827861535543e-5,1.5121237595394631e-15,1.3322676295501878e-15,1.7763568394002505e-15
TUR.39.3_1,2064,7,albopictus,25.866058125215417,30.971747605018237,2.333287716406774e-4,0.10109905841918508,0.10053997923943685,0.10163365746108524,1.2685619794616799e-9,1.0828632573955943e-9,1.4656687641334542e-9,0.999999998731438,0.9999999985343313,0.9999999989171368,2.2579948776302317e-5,2.9599023232407264e-13,2.5268676040468563e-13,3.419847738328485e-13
TUR.39.3_1,2064,8,albopictus,27.091567039489746,31.36634238611837,2.7706320848012116e-4,0.10187485578434559,0.1012106699597391,0.10249189401094946,1.572362615553935e-9,1.3042860624867815e-9,1.8541160912155518e-9,0.9999999984276374,0.9999999981458839,0.999999998695714,2.6812209108939555e-5,4.356448535247637e-13,3.613720434003653e-13,5.137223979545524e-13
TUR.39.3_1,2064,9,albopictus,21.907088111428653,39.301355760491944,2.208327564624853e-4,0.0807063121707718,0.0803279255106058,0.08109275893752364,2.223407680190803e-12,1.9418855412567383e-12,2.5396851288661534e-12,0.9999999999977766,0.9999999999974604,0.9999999999980581,2.208303181250315e-5,4.870548409030561e-16,4.440892098500626e-16,5.551115123125783e-16
TUR.39.3_1,2064,10,albopictus,14.730740869746489,57.63538973659908,2.1762146518223912e-4,0.005671693160088326,0.005619044744453566,0.005722664247221857,0,0,0,1,1,1,2.105992002865431e-5,0,0,0
TUR.39.3_1,2064,11,albopictus,7.329331175807645,65.90138423154326,1.2623124387867022e-4,0,0,0,0,0,0,1,1,1,1.2623044716608689e-5,0,0,0
TUR.39.3_1,2064,12,albopictus,4.9042713464621235,68.47151165025518,1.0382718006001279e-4,0,0,0,0,0,0,1,1,1,1.0047741139773692e-5,0,0,0
TUR.39.3_1,2065,1,albopictus,5.363867558648481,85.0614287089161,9.944492666821312e-5,0,0,0,0,0,0,1,1,1,9.623656273105574e-6,0,0,0
TUR.39.3_1,2065,2,albopictus,3.096669932060382,77.00585099324269,7.438781460931767e-5,0,0,0,0,0,0,1,1,1,7.970091232545329e-6,0,0,0
TUR.39.3_1,2065,3,albopictus,6.959145213970366,76.16991135933579,9.131724521138659e-5,0,0,0,0,0,0,1,1,1,8.837113714910139e-6,0,0,0
TUR.39.3_1,2065,4,albopictus,8.075575211468866,70.4628301158548,1.2075026116282384e-4,0,0,0,0,0,0,1,1,1,1.2074953213425665e-5,0,0,0
TUR.39.3_1,2065,5,albopictus,15.4034823810353,48.39291165734673,1.6877693671752775e-4,0.00832690316752419,0.00825666791786632,0.008397890792750141,0,0,0,1,1,1,1.6333118553535364e-5,0,0,0
TUR.39.3_1,2065,6,albopictus,24.188883108251233,31.48141832345015,1.8983537691406966e-4,0.09371536246393825,0.09322077058931481,0.09420576201510988,1.5109803430668478e-10,1.298538943039773e-10,1.7450527967088902e-10,0.999999999848902,0.9999999998254947,0.9999999998701461,1.8983357505164555e-5,2.8684499220332784e-14,2.4646951146678475e-14,3.3084646133829665e-14
TUR.39.3_1,2065,7,albopictus,25.222900166231042,34.78045961063347,2.2293018783568782e-4,0.1070199750582784,0.10646792137569117,0.10757417482482817,6.210658157868032e-9,5.362967905875315e-9,7.151977621244754e-9,0.9999999937893418,0.9999999928480224,0.999999994637032,2.157365643074005e-5,1.3845444790661077e-12,1.1955852974310233e-12,1.5944051634519951e-12
TUR.39.3_1,2065,8,albopictus,27.40209674835205,37.753213724008994,2.6471554568482464e-4,0.11722920723425892,0.1165686366229484,0.11790565475963466,7.769710177618627e-8,6.626731392789244e-8,9.076487843262537e-8,0.9999999223028982,0.9999999092351216,0.999999933732686,2.5617305324576733e-5,2.0567632597057185e-11,1.754198175607513e-11,2.4026927669673627e-11
TUR.39.3_1,2065,9,albopictus,22.1919449076933,46.2246231249939,2.1099107294949643e-4,0.09517170319909105,0.09477797683202613,0.0955820644156859,2.3286093431273966e-10,2.0688188384632157e-10,2.622956324360715e-10,0.999999999767139,0.9999999997377044,0.9999999997931182,2.10988847103577e-5,4.913192075406414e-14,4.363176486776865e-14,5.5291882183894356e-14
TUR.39.3_1,2065,10,albopictus,15.538300836787505,57.93416445583736,2.0792289681645249e-4,0.01048359222968652,0.010401583399502022,0.010565366171985651,0,0,0,1,1,1,2.0121368222159042e-5,0,0,0
TUR.39.3_1,2065,11,albopictus,7.523898856166531,74.9439486236331,1.2060559317537056e-4,0,0,0,0,0,0,1,1,1,1.2060486589304809e-5,0,0,0
TUR.39.3_1,2065,12,albopictus,5.298599463832729,77.10350780504034,9.91999940276257e-5,0,0,0,0,0,0,1,1,1,9.599953342154244e-6,0,0,0
TUR.39.3_1,2066,1,albopictus,0.747846402337446,81.57417742717782,9.20425229215331e-5,0,0,0,0,0,0,1,1,1,8.907301257687905e-6,0,0,0
TUR.39.3_1,2066,2,albopictus,3.299242993049762,82.75910874470753,6.885059259085786e-5,0,0,0,0,0,0,1,1,1,7.376821997251426e-6,0,0,0
TUR.39.3_1,2066,3,albopictus,4.876148368725005,68.7941331610936,8.451984346615171e-5,0,0,0,0,0,0,1,1,1,8.179306239530781e-6,0,0,0
TUR.39.3_1,2066,4,albopictus,8.788832524243524,69.86615805774933,1.1176194757467586e-4,0,0,0,0,0,0,1,1,1,1.1176132304058228e-5,0,0,0
TUR.39.3_1,2066,5,albopictus,14.646380368401022,55.33001111413384,1.5621365098170196e-4,0.005095765592679206,0.005046975171213313,0.005145446997913434,0,0,0,1,1,1,1.5117335826930756e-5,0,0,0
TUR.39.3_1,2066,6,albopictus,20.292904180638928,57.11534852974898,1.7570455946161638e-4,0.07576899132668546,0.075454192376037,0.07607911339033993,3.709388352035603e-13,3.2906177782621173e-13,4.1588954502458364e-13,0.9999999999996291,0.9999999999995841,0.9999999999996709,1.7570301586555814e-5,1.1035616864774056e-16,1.1102230246251565e-16,1.1102230246251565e-16
TUR.39.3_1,2066,7,albopictus,25.194532170015222,40.14371415775261,2.0633588470759815e-4,0.1190665424098355,0.11845735515803882,0.11964873822183428,1.1914546613556176e-7,1.0322476675928005e-7,1.359654295041146e-7,0.9999998808545338,0.9999998640345705,0.9999998967752333,1.996778948365474e-5,2.4583987179305213e-11,2.129892651137055e-11,2.8054514267239484e-11
TUR.39.3_1,2066,8,albopictus,26.829617500305176,43.45021994959493,2.4501085673956e-4,0.1340643284930122,0.1333893774100653,0.13475744453609187,3.0288538813381116e-6,2.6373151903846813e-6,3.4726774322119125e-6,0.9999969711461186,0.9999965273225677,0.9999973626848097,2.371044697446756e-5,7.421020847830917e-10,6.461709056715393e-10,8.508436288856557e-10
TUR.39.3_1,2066,9,albopictus,22.76730234482709,46.81992570678101,1.9528548432627487e-4,0.10529272222898463,0.1048736652019661,0.10573992055523136,3.9424056055281656e-9,3.5215011406908302e-9,4.429537267536254e-9,0.9999999960575944,0.9999999955704627,0.9999999964784988,1.9528357751763536e-05,7.698965909241906e-13,6.876665903376988e-13,8.65002514061075e-13
TUR.39.3_1,2066,10,albopictus,15.864569032893462,47.86863177151119,1.924456946907995e-4,0.01121412499432913,0.01112891588265792,0.011302382841040631,0,0,0,1,1,1,1.8623603484146933e-5,0,0,0
TUR.39.3_1,2066,11,albopictus,7.970907942775418,76.41764247128935,1.1162804826983143e-4,0,0,0,0,0,0,1,1,1,1.116274252310756e-5,0,0,0
TUR.39.3_1,2066,12,albopictus,3.5502419294241596,76.99960308091924,9.181582238545933e-5,0,0,0,0,0,0,1,1,1,8.88536269127993e-6,0,0,0
TUR.39.3_1,2067,1,albopictus,3.595527924706831,79.63629595745125,9.64444507889252e-5,0,0,0,0,0,0,1,1,1,9.333290391877469e-6,0,0,0
TUR.39.3_1,2067,2,albopictus,1.0631905544330094,70.03706284627003,7.214336784942538e-5,0,0,0,0,0,0,1,1,1,7.729616681606544e-6,0,0,0
TUR.39.3_1,2067,3,albopictus,7.3664499777643115,67.94566056587875,8.856199966191838e-5,0,0,0,0,0,0,1,1,1,8.570479369529593e-6,0,0,0
TUR.39.3_1,2067,4,albopictus,12.129247048321893,53.7919316783548,1.171069556853552e-4,8.425456184186216e-5,8.19251672191048e-5,8.665573976143081e-5,0,0,0,1,1,1,1.171062699856229e-5,0,0,0
TUR.39.3_1,2067,5,albopictus,16.32018274419448,55.06977628137017,1.6368455901091404e-4,0.01624821300555096,0.016139926814676693,0.016352680426854324,0,0,0,1,1,1,1.584031573542699e-5,0,0,0
TUR.39.3_1,2067,6,albopictus,22.249731344335217,35.03883333199507,1.8410761896250932e-4,0.07944582000586295,0.07903914283813786,0.07986828332928382,1.4240867374226695e-12,1.2278816852173692e-12,1.6505213862316737e-12,0.9999999999985759,0.9999999999983495,0.9999999999987721,1.8410592419249028e-5,2.4591439995447216e-16,2.220446049250313e-16,3.3306690738754696e-16
TUR.39.3_1,2067,7,albopictus,25.001664890962488,38.94674607913933,2.162038854110523e-4,0.11493465491282744,0.11435019474463039,0.11545252663711111,4.4973030551509476e-8,3.896699211636267e-8,5.080431547677122e-8,0.9999999550269695,0.9999999491956846,0.9999999610330078,2.0922737769102362e-5,9.72334401883046e-12,8.424791420047483e-12,1.098410529198901e-11
TUR.39.3_1,2067,8,albopictus,25.2794771194458,37.35522254358907,2.567284855470073e-4,0.11309636028468828,0.112527594659077,0.11363196114947413,2.8787170449295908e-8,2.4973720588739034e-8,3.27316402259914e-8,0.9999999712128296,0.9999999672683597,0.9999999750262794,2.4844383522903968e-5,7.390487222203035e-12,6.411518538307348e-12,8.403178153315594e-12
TUR.39.3_1,2067,9,albopictus,20.881192039040958,41.932440202630616,2.0462500032678518e-4,0.06890599754068935,0.06856243788888475,0.06922087693625004,2.4952817589962705e-14,2.1538326677728037e-14,2.8313462685503052e-14,0.999999999999975,0.9999999999999717,0.9999999999999785,2.04622906772034e-5,0,0,0
TUR.39.3_1,2067,10,albopictus,14.191695535884184,69.58070986599361,2.016493979306732e-4,0.004120705740706256,0.004077740906368806,0.004161219810657913,0,0,0,1,1,1,1.9514267458498047e-5,0,0,0
TUR.39.3_1,2067,11,albopictus,7.937651412013699,72.90895259091826,1.1696665265468152e-4,0,0,0,0,0,0,1,1,1,1.1696596859733788e-5,0,0,0
TUR.39.3_1,2067,12,albopictus,4.404166680705898,80.11220531480596,9.620690831397775e-5,0,0,0,0,0,0,1,1,1,9.310302624743194e-6,0,0,0
TUR.39.3_1,2068,1,albopictus,4.594187773873701,77.04359118450203,1.0022734985943465e-4,0,0,0,0,0,0,1,1,1,9.6993739149287e-6,0,0,0
TUR.39.3_1,2068,2,albopictus,3.4151475626756165,77.22434159382863,7.765070122145384e-5,0,0,0,0,0,0,1,1,1,8.032798897716908e-6,0,0,0
TUR.39.3_1,2068,3,albopictus,9.04621758640689,71.39706132271469,9.203572058067547e-5,0,0,0,0,0,0,1,1,1,8.90664297248378e-6,0,0,0
TUR.39.3_1,2068,4,albopictus,10.912051537457636,63.54370169788605,1.2170031269230069e-4,1.0682093724059115e-8,9.229299355509739e-9,1.2459244376081008e-8,0,0,0,1,1,1,1.2169957214647198e-5,0,0,0
TUR.39.3_1,2068,5,albopictus,13.864334050346823,72.43812726403618,1.7010485754622633e-4,0.003038233728072621,0.0030049214846834737,0.0030714792038203974,0,0,0,1,1,1,1.6461624913644002e-5,0,0,0
TUR.39.3_1,2068,6,albopictus,21.192409795873303,42.441138935022416,1.9132898354025187e-4,0.07422091121884306,0.07388528005783843,0.07457518271335836,2.0647183962552162e-13,1.8118284650370243e-13,2.358419015635604e-13,0.9999999999997935,0.9999999999997642,0.9999999999998188,1.913271532127947e-5,0,0,0
TUR.39.3_1,2068,7,albopictus,24.51436783285702,35.32068559329949,2.2468418127537295e-4,0.10356589273745402,0.10304862058672262,0.10408336454692417,2.4870354240480453e-9,2.1571357367022872e-9,2.851362407296776e-9,0.9999999975129645,0.9999999971486376,0.9999999978428643,2.174339405502934e-5,5.587983409327534e-13,4.846872903030429e-13,6.406153385540847e-13
TUR.39.3_1,2068,8,albopictus,25.980368614196777,46.1944635714211,2.667983023317444e-4,0.13960117323994084,0.13894959899779502,0.14024267286909514,8.96752310549076e-6,7.900564232390938e-6,1.0116420119560266e-5,0.9999910324768945,0.9999898835798804,0.9999920994357676,2.5818857235848647e-5,2.3925199362784256e-9,2.1078571693644575e-9,2.6990436940987907e-9
TUR.39.3_1,2068,9,albopictus,21.404627631692325,44.07657853881226,2.1265113057281976e-4,0.07954408466883249,0.07917278408668446,0.07987013559941744,1.4736423192829306e-12,1.288172346569638e-12,1.6515899758928755e-12,0.9999999999985264,0.9999999999983484,0.9999999999987118,2.126488695641804e-5,3.2862601528904633e-16,2.220446049250313e-16,3.3306690738754696e-16
TUR.39.3_1,2068,10,albopictus,17.901789034114167,40.408342770046346,2.0955881432281183e-4,0.02768906555851811,0.027521354851115166,0.027853801270077742,0,0,0,1,1,1,2.027967962159316e-5,0,0,0
TUR.39.3_1,2068,11,albopictus,8.58793617916458,70.20107447812529,1.2155450647093039e-4,0,0,0,0,0,0,1,1,1,1.2155376769906745e-5,0,0,0
TUR.39.3_1,2068,12,albopictus,4.86221383227145,77.76753978746221,9.998049011220936e-5,0,0,0,0,0,0,1,1,1,9.67548449337663e-6,0,0,0
TUR.39.3_1,2069,1,albopictus,4.589622534921064,81.58572833049813,9.36283581023418e-5,0,0,0,0,0,0,1,1,1,9.06076779960685e-6,0,0,0
TUR.39.3_1,2069,2,albopictus,3.9595885474015686,72.09523697957081,7.003684529758984e-5,0,0,0,0,0,0,1,1,1,7.5039195559511995e-6,0,0,0
TUR.39.3_1,2069,3,albopictus,2.4043540018884575,69.7473802314061,8.597606757855825e-5,0,0,0,0,0,0,1,1,1,8.320229991087835e-6,0,0,0
TUR.39.3_1,2069,4,albopictus,12.457832673016718,55.9502683177591,1.1368753612564067e-4,2.2393218865632695e-4,2.189371106687202e-4,2.292583116934551e-4,0,0,0,1,1,1,1.1368688988544484e-5,0,0,0
TUR.39.3_1,2069,5,albopictus,15.588332120110007,59.709748968137745,1.589051146181404e-4,0.011115007125186255,0.011026911255142964,0.011192713631483261,0,0,0,1,1,1,1.53777960784085e-5,0,0,0
TUR.39.3_1,2069,6,albopictus,23.681167883031506,33.58242387764937,1.7873183927727578e-4,0.09308405166933499,0.0926158389485236,0.0935678873253437,1.2492574885669682e-10,1.0812176431951315e-10,1.44161937942755e-10,0.9999999998750743,0.9999999998558381,0.9999999998918783,1.7873024203307608e-5,2.2327584225934062e-14,1.9317880628477724e-14,2.5759949728865192e-14
TUR.39.3_1,2069,7,albopictus,26.5813367507037,31.037825791053393,2.0989092312512995e-4,0.10184626733149514,0.10124386807116928,0.10249330051021424,1.5598184386345082e-9,1.3163074324973322e-9,1.8548272084917272e-9,0.9999999984401816,0.9999999981451728,0.9999999986836926,2.031181853079378e-5,3.273898929734287e-13,2.7632895971407837e-13,3.893552147360424e-13
TUR.39.3_1,2069,8,albopictus,28.37385654449463,28.98395713221212,2.4923224076907986e-4,0.0900475690709622,0.08935830052419189,0.09069052011692637,4.925174323933135e-11,3.943942672446354e-11,5.984849282825166e-11,0.9999999999507483,0.9999999999401515,0.9999999999605605,2.411895823994925e-5,1.227506984946558e-14,9.87820936160233e-15,1.4876988529977098e-14
TUR.39.3_1,2069,9,albopictus,22.025803397683536,51.56882707396851,1.986501312472408e-4,0.10102865170373562,0.10063413376484313,0.10143873179594193,1.2421536426110436e-9,1.1116073506123314e-9,1.3890469857669176e-9,0.9999999987578464,0.999999998610953,0.9999999988883926,1.9864815816617032e-5,2.4675772536397744e-13,2.2082058404038206e-13,2.758959727344745e-13
TUR.39.3_1,2069,10,albopictus,13.16794618438272,56.7769226345483,1.9576141381005935e-4,9.244112214858292e-4,9.083777101071201e-4,9.39664011561618e-4,0,0,0,1,1,1,1.8944473500592807e-5,0,0,0
TUR.39.3_1,2069,11,albopictus,8.45824171734207,74.56771266171904,0.00011355132981940633,0,0,0,0,0,0,1,1,1,1.1355068512686195e-5,0,0,0
TUR.39.3_1,2069,12,albopictus,1.309041929376476,76.56430797593877,9.339775165762709e-5,0,0,0,0,0,0,1,1,1,9.038451248888357e-6,0,0,0
TUR.39.3_1,2070,1,albopictus,4.775403298547163,79.2275664042286,9.761896598288232e-5,0,0,0,0,0,0,1,1,1,9.446952085268023e-6,0,0,0
TUR.39.3_1,2070,2,albopictus,6.592803259544513,77.65226670369191,7.302194075838237e-5,0,0,0,0,0,0,1,1,1,7.823748761293103e-6,0,0,0
TUR.39.3_1,2070,3,albopictus,6.794788982280913,62.802655194785004,8.964052116688083e-5,0,0,0,0,0,0,1,1,1,8.674851518453153e-6,0,0,0
TUR.39.3_1,2070,4,albopictus,10.13140807432287,70.70462088733917,1.1853310200736115e-4,0,0,0,0,0,0,1,1,1,1.185323995056553e-5,0,0,0
TUR.39.3_1,2070,5,albopictus,14.959675732780905,69.08117841149712,1.6567793447214447e-4,0.008059722093603538,0.00799231263998023,0.008127974133300124,0,0,0,1,1,1,1.603321996390683e-5,0,0,0
TUR.39.3_1,2070,6,albopictus,23.74388150607838,36.68927736275679,1.8634970955482322e-4,0.09925955024477562,0.09874701921515541,0.09973483433936942,7.581256382671598e-10,6.541898245338018e-10,8.645885535285558e-10,0.9999999992418743,0.9999999991354114,0.9999999993458102,1.8634797325445263e-5,1.412778782849955e-13,1.219024881038422e-13,1.6109891198823336e-13
TUR.39.3_1,2070,7,albopictus,26.588056339937097,31.141951767615893,2.188368492190333e-4,0.10208962999627519,0.10147834554830516,0.10267380361510368,1.6665045340369389e-9,1.404299779239615e-9,1.9483176710854974e-9,0.9999999983334955,0.9999999980516824,0.9999999985957002,2.117753535468836e-5,3.6469327557853146e-13,3.0729307987087394e-13,4.263284170136217e-13
TUR.39.3_1,2070,8,albopictus,25.395930290222168,43.62593253504415,2.598549641005166e-4,0.12906923545014845,0.12847164112553366,0.12967036618003266,1.0831603388320455e-6,9.527742695719654e-7,1.2263681139629279e-6,0.9999989168396611,0.999998773631886,0.9999990472257304,2.514693840083293e-5,2.8146459218891807e-10,2.475831345494228e-10,3.18677789712396e-10
TUR.39.3_1,2070,9,albopictus,19.546915839700137,47.68425599852905,2.071169547106955e-4,0.053747901984235236,0.0534991120621347,0.05399725967063644,0,0,0,1,1,1,2.0711480985369235e-5,0,0,0
TUR.39.3_1,2070,10,albopictus,14.543299997554106,73.94571535915767,2.0410511497592052e-4,0.006109281069228018,0.006053648807493819,0.0061646239776401365,0,0,0,1,1,1,1.9751912829324425e-5,0,0,0
TUR.39.3_1,2070,11,albopictus,5.964612023357083,76.24662959287139,1.1839109034503543e-4,0,0,0,0,0,0,1,1,1,1.1839038952521364e-5,0,0,0
TUR.39.3_1,2070,12,albopictus,1.9193915547255207,79.46938304918096,9.737853067953722e-5,0,0,0,0,0,0,1,1,1,9.423684372289465e-6,0,0,0
TUR.39.3_1,2071,1,albopictus,3.31920865934123,85.395023984795,1.0159785436363738e-4,0,0,0,0,0,0,1,1,1,9.832002087817315e-6,0,0,0
TUR.39.3_1,2071,2,albopictus,0.7941040295888396,75.95362778767628,7.599826967867293e-5,0,0,0,0,0,0,1,1,1,8.142638599828445e-6,0,0,0
TUR.39.3_1,2071,3,albopictus,8.785631324657622,72.73227403023422,9.329421309574509e-5,0,0,0,0,0,0,1,1,1,9.028431478541599e-6,0,0,0
TUR.39.3_1,2071,4,albopictus,12.38762316984289,60.732147742807925,1.2336443757379859e-4,2.0845241518625596e-4,2.0338836613556022e-4,2.1366310754078897e-4,0,0,0,1,1,1,1.2336367663734471e-5,0,0,0
TUR.39.3_1,2071,5,albopictus,17.297120991875143,60.55808423425103,1.7243086410811612e-4,0.02855629024919321,0.028384923953815082,0.028713918905737268,0,0,0,1,1,1,1.6686718592118233e-5,0,0,0
TUR.39.3_1,2071,6,albopictus,20.309042257421154,57.18591279976851,1.9394520789512305e-4,0.0761605338995909,0.07584233387810671,0.0764752385798683,4.2939574118605603e-13,3.806871484712815e-13,4.81950590547342e-13,0.9999999999995706,0.999999999999518,0.9999999999996193,1.9394332717026508e-5,1.1102230246251565e-16,1.1102230246251565e-16,1.1102230246251565e-16
TUR.39.3_1,2071,7,albopictus,26.13157631369198,44.15984651248894,2.277565031804504e-4,0.13452363946754115,0.13390994948037196,0.13517084740830834,3.3206912727149487e-6,2.9296202741863065e-6,3.771220720244495e-6,0.9999966793087273,0.9999962287792797,0.9999970703797257,2.2040709020676452e-5,7.563090309581355e-10,6.672400576501758e-10,8.589200850561695e-10
TUR.39.3_1,2071,8,albopictus,29.39255428314209,35.12328704249044,2.7044649093068584e-4,0.09585992397897562,0.09516166608898598,0.09654586164835255,2.861436427803454e-10,2.317497943549185e-10,3.4763557865691295e-10,0.9999999997138563,0.9999999996523644,0.9999999997682502,2.6171898567683982e-5,7.738676366386699e-14,6.272204977619822e-14,9.403866574331232e-14
TUR.39.3_1,2071,9,albopictus,23.887612174539004,39.79294435302124,2.155589130561698e-4,0.10673411981895894,0.10623171011070565,0.10726689829577482,5.762323614377785e-9,5.041121306503804e-9,6.604514302122055e-9,0.9999999942376764,0.9999999933954857,0.9999999949588787,2.1555658979099945e-5,1.2421190742628595e-12,1.086655765369926e-12,1.423647311149523e-12
TUR.39.3_1,2071,10,albopictus,15.826686228022856,65.87268679470455,2.124243126057415e-4,0.014110349902507181,0.014013224292388042,0.01421233162889272,0,0,0,1,1,1,2.0556980244834655e-5,0,0,0
TUR.39.3_1,2071,11,albopictus,8.248671309474638,64.16047084042998,1.2321663760438037e-4,0,0,0,0,0,0,1,1,1,1.2321587849029036e-5,0,0,0
TUR.39.3_1,2071,12,albopictus,3.874917489421718,75.01782207505987,1.013476190667647e-4,0,0,0,0,0,0,1,1,1,9.807786006565955e-6,0,0,0
TUR.39.3_1,2072,1,albopictus,4.347641505410566,72.33749072063485,1.0662738918596046e-4,0,0,0,0,0,0,1,1,1,1.0318726360258879e-5,0,0,0
TUR.39.3_1,2072,2,albopictus,5.46585347240462,70.29640885457081,8.260910371584873e-5,0,0,0,0,0,0,1,1,1,8.54573283493032e-6,0,0,0
TUR.39.3_1,2072,3,albopictus,6.017908241161528,76.53631303169907,9.791268162960635e-5,0,0,0,0,0,0,1,1,1,9.475375911227601e-6,0,0,0
TUR.39.3_1,2072,4,albopictus,9.893642762128046,64.19907431751496,1.294715127526991e-4,0,0,0,0,0,0,1,1,1,1.2947067461244188e-5,0,0,0
TUR.39.3_1,2072,5,albopictus,18.015335026909323,53.843713506711964,1.809669403954262e-4,0.03512094987683402,0.034941658012700466,0.03530751176997597,0,0,0,1,1,1,1.7512776365191662e-5,0,0,0
TUR.39.3_1,2072,6,albopictus,23.112100881688733,30.656936359338822,2.035463375926054e-4,0.08278039819487658,0.08234232573982367,0.08319845967688144,4.562879185598945e-12,3.915481827654332e-12,5.246761358712604e-12,0.9999999999954371,0.9999999999947532,0.9999999999960846,2.0354426605084797e-5,9.274803147718557e-16,7.771561172376096e-16,1.1102230246251565e-15
TUR.39.3_1,2072,7,albopictus,27.92496658773983,26.451285568885424,2.3903143876773776e-4,0.08723351457154192,0.0865820189989333,0.08786980478507384,2.0113820498046665e-11,1.6187717832849557e-11,2.455683156821209e-11,0.9999999999798862,0.9999999999754432,0.9999999999838123,2.3131807175058583e-5,4.807931830441703e-15,3.885780586188048e-15,5.88418203051333e-15
TUR.39.3_1,2072,8,albopictus,26.872153282165527,32.045953592173056,2.838347662267613e-4,0.10389762035410867,0.10323213623019392,0.10456731807255056,2.723027739737205e-9,2.2670641752764453e-9,3.245490778902571e-9,0.9999999972769723,0.9999999967545092,0.9999999977329358,2.746750336379833e-5,7.728898632208825e-13,6.434824895151792e-13,9.211631457617387e-13
TUR.39.3_1,2072,9,albopictus,22.572716544656192,37.78801194945679,2.262300149831623e-4,0.08750339978012062,0.08708705663343588,0.08789291439285668,2.1873039601771893e-11,1.9076443202870054e-11,2.4739776893767385e-11,0.9999999999781269,0.9999999999752602,0.9999999999809236,2.2622745600164862e-5,4.9492632214764854e-15,4.3298697960381105e-15,5.551115123125783e-15
TUR.39.3_1,2072,10,albopictus,15.233658159480376,60.37988894314205,2.2294023820329035e-4,0.0087667308105717,0.008694119758067461,0.008840009084883192,0,0,0,1,1,1,2.157462902596663e-5,0,0,0
TUR.39.3_1,2072,11,albopictus,9.676463858607939,76.05357539365264,1.2931639604320225e-4,0,0,0,0,0,0,1,1,1,1.2931555991024801e-5,0,0,0
TUR.39.3_1,2072,12,albopictus,4.643636447322719,79.62902812974737,1.0636476615563336e-4,0,0,0,0,0,0,1,1,1,1.029331149016155e-5,0,0,0
TUR.39.3_1,2073,1,albopictus,4.5837381259702585,84.27876727092782,1.0424588003401439e-4,0,0,0,0,0,0,1,1,1,1.008826008419561e-5,0,0,0
TUR.39.3_1,2073,2,albopictus,5.192746420555255,72.20388718709034,7.797907301624211e-5,0,0,0,0,0,0,1,1,1,8.354865778215093e-6,0,0,0
TUR.39.3_1,2073,3,albopictus,8.277073051342192,70.7357835517186,9.57258143605802e-5,0,0,0,0,0,0,1,1,1,9.263745577747784e-6,0,0,0
TUR.39.3_1,2073,4,albopictus,9.350851872388056,68.92186026722199,1.2657978301148685e-4,0,0,0,0,0,0,1,1,1,1.265789818927221e-5,0,0,0
TUR.39.3_1,2073,5,albopictus,15.45372766606948,69.51209424401665,1.7692506683890727e-4,0.011630990385176496,0.011547074823806075,0.011714235134385331,0,0,0,1,1,1,1.7121634084960036e-5,0,0,0
TUR.39.3_1,2073,6,albopictus,22.27508382236256,46.130489063196244,1.9900015607655534e-4,0.09635156335606186,0.09596082774021268,0.09675565974674159,3.291290290308169e-10,2.9310454618958207e-10,3.69471828132184e-10,0.9999999996708709,0.9999999996305282,0.9999999997068955,1.9899817603641345e-5,6.549716324855126e-14,5.828670879282072e-14,7.349953978774692e-14
TUR.39.3_1,2073,7,albopictus,27.313018574434167,34.03115007083855,2.3369270203813997e-4,0.10777319714727773,0.10710702786391502,0.10846476736229735,7.557941625546683e-9,6.335838190207887e-9,8.996227146562675e-9,0.9999999924420584,0.9999999910037729,0.9999999936641618,2.2615167051154295e-5,1.7662352691516504e-12,1.4806572634640248e-12,2.10235995279362e-12
TUR.39.3_1,2073,8,albopictus,29.62576198577881,28.165859063974814,2.774953528868114e-4,0.07676301873653302,0.0760429841480374,0.07741907456401638,5.404426905997184e-13,4.103134498834038e-13,6.824790732551376e-13,0.9999999999994595,0.9999999999993175,0.9999999999995897,2.6854028413181297e-5,1.31117339208231e-16,1.1102230246251565e-16,2.220446049250313e-16
TUR.39.3_1,2073,9,albopictus,23.138733695535098,37.84077684203491,2.2117719642274837e-4,0.09461498999212123,0.09414704104226074,0.09506495946538585,1.9755745439553606e-10,1.7147335218403724e-10,2.2522377851608155e-10,0.9999999998024426,0.9999999997747763,0.9999999998285266,2.2117475047322976e-5,4.369415940175259e-14,3.7969627442180354e-14,4.984901380566953e-14
TUR.39.3_1,2073,10,albopictus,14.852698648677153,45.79260866970455,2.1796089638810053e-4,0.005258277272935212,0.005205098065398836,0.005308404194877312,0,0,0,1,1,1,2.1092767517494337e-5,0,0,0
TUR.39.3_1,2073,11,albopictus,10.69693924618118,59.88380610654326,1.26428130813933e-4,1.3533912401653853e-11,7.878883574544345e-12,2.3671007142255294e-11,0,0,0,1,1,1,1.26427331613721e-5,0,0,0
TUR.39.3_1,2073,12,albopictus,5.367369395625942,82.571319389513,1.0398912265560854e-4,0,0,0,0,0,0,1,1,1,1.0063412846372799e-5,0,0,0
TUR.39.3_1,2074,1,albopictus,4.746184386422529,82.45543353069344,1.1003619283888797e-4,0,0,0,0,0,0,1,1,1,1.0648607126295673e-5,0,0,0
TUR.39.3_1,2074,2,albopictus,5.808204909019611,81.42478104695363,8.23104022241762e-5,0,0,0,0,0,0,1,1,1,8.818932779819377e-6,0,0,0
TUR.39.3_1,2074,3,albopictus,7.260187293895903,76.72520921089829,1.0104288212832472e-4,0,0,0,0,0,0,1,1,1,9.778295623874556e-6,0,0,0
TUR.39.3_1,2074,4,albopictus,12.698050835553339,57.70790152698761,1.3361062718653132e-4,4.003322148472744e-4,3.9257379747028643e-4,4.0815665746050576e-4,0,0,0,1,1,1,1.3360973460052605e-5,0,0,0
TUR.39.3_1,2074,5,albopictus,17.687884274651022,53.38532803918267,1.8675232792285775e-4,0.030590758695304292,0.030434097518932248,0.030761226998594352,0,0,0,1,1,1,1.8072642615885037e-5,0,0,0
TUR.39.3_1,2074,6,albopictus,21.875490469091076,42.62362260811812,2.1005357278257715e-4,0.08484660042372938,0.08444426220330205,0.08523858126462468,9.155818658790337e-12,7.9878020864399e-12,1.0407477657459196e-11,0.9999999999908442,0.9999999999895925,0.9999999999920123,2.1005136667251456e-5,1.922906278650771e-15,1.6653345369377348e-15,2.220446049250313e-15
TUR.39.3_1,2074,7,albopictus,28.347270741182214,29.28834458988152,2.466731080222942e-4,0.09093801245533169,0.09026943048107826,0.09157800151911077,6.495109405868504e-11,5.24937926460467e-11,7.873385277079592e-11,0.999999999935049,0.9999999999212662,0.9999999999475062,2.3871306174760853e-5,1.6022072557575483e-14,1.2986833830552768e-14,1.942890293094024e-14
TUR.39.3_1,2074,8,albopictus,26.59470844268799,51.104608377329306,2.9290876677510265e-4,0.15747031900657762,0.15678756989300804,0.15815817271968152,2.0775455739301728e-4,1.8579701343258425e-4,2.3160535642497977e-4,0.999792245442607,0.999768394643575,0.9998142029865674,2.8345607943625062e-5,6.085312933856724e-8,5.44215725928332e-8,6.78392369862779e-8
TUR.39.3_1,2074,9,albopictus,23.06516153672162,46.19156495848999,2.3346243160110559e-4,0.10862595774852248,0.1081296829914807,0.10908478530529182,9.392946295982974e-9,8.25426320072431e-9,1.0541392025942286e-8,0.9999999906070537,0.9999999894586079,0.9999999917457367,2.3345970638688485e-5,2.1929004168086407e-12,1.9270057771692e-12,2.460978643092915e-12
TUR.39.3_1,2074,10,albopictus,15.162985170588774,46.91280596584713,2.3006748294006736e-4,0.006834631360380538,0.006769889520812285,0.0068979607566312,0,0,0,1,1,1,2.2264347268929896e-5,0,0,0
TUR.39.3_1,2074,11,albopictus,8.883791224483183,57.894945022558886,1.3345055150345363e-4,0,0,0,0,0,0,1,1,1,1.3344966105499623e-5,0,0,0
TUR.39.3_1,2074,12,albopictus,6.690018874538295,79.40083293931768,1.0976517393249231e-4,0,0,0,0,0,0,1,1,1,1.0622379769120727e-5,0,0,0
TUR.39.3_1,2075,1,albopictus,1.2023213879369639,78.6732451151661,1.0623214436674325e-4,0,0,0,0,0,0,1,1,1,1.0280477255486531e-5,0,0,0
TUR.39.3_1,2075,2,albopictus,5.696578760795734,77.1918403731255,7.946485884663544e-5,0,0,0,0,0,0,1,1,1,8.514055774511142e-6,0,0,0
TUR.39.3_1,2075,3,albopictus,8.12316670597476,70.86984727242172,9.754974035865134e-5,0,0,0,0,0,0,1,1,1,9.44025289462136e-6,0,0,0
TUR.39.3_1,2075,4,albopictus,7.7739966897403505,73.22680716663605,1.2899158967625134e-4,0,0,0,0,0,0,1,1,1,1.2899075773842306e-5,0,0,0
TUR.39.3_1,2075,5,albopictus,14.45595926396987,71.59741376305962,1.8029613483423835e-4,0.005460417206089489,0.005409648242534408,0.005507430145133567,0,0,0,1,1,1,1.74478608327977e-5,0,0,0
TUR.39.3_1,2075,6,albopictus,21.263878149144787,53.82221956246382,2.027918350579536e-4,0.09029437817158585,0.08993306186346305,0.09067307855943676,5.2991803611845966e-11,4.7251891288624394e-11,5.95250015944515e-11,0.9999999999470082,0.9999999999404751,0.9999999999527481,2.027897788459132e-5,1.074762501218629e-14,9.547918011776346e-15,1.2101430968414206e-14
TUR.39.3_1,2075,7,albopictus,27.414273991304285,27.15455552738152,2.3814540058820195e-4,0.09124752680799939,0.09061924759131755,0.09190199190261115,7.146509661826172e-11,5.853748041850793e-11,8.696421638365593e-11,0.9999999999285349,0.9999999999130358,0.9999999999414625,2.3046063524545524e-5,1.7019607945201188e-14,1.3986034552715409e-14,2.0761170560490427e-14
TUR.39.3_1,2075,8,albopictus,26.8883695602417,45.627618631235556,2.8278265173984274e-4,0.14061870753489197,0.1399320567399217,0.14129467137530377,1.0886648914932296e-5,9.535683912909043e-6,1.2343499089143006e-5,0.9999891133510851,0.9999876565009109,0.9999904643160871,2.7365688624270135e-5,3.078555442348474e-9,2.6965259830591396e-9,3.4905273671448356e-9
TUR.39.3_1,2075,9,albopictus,21.552420447854434,45.1643089465271,2.2539142893077772e-4,0.08333479833299795,0.08297680788289183,0.08367136195935354,5.505683353668189e-12,4.8654247297719165e-12,6.1590510469500254e-12,0.9999999999944943,0.9999999999938409,0.9999999999951347,2.2538888888479214e-5,1.2405632077161499e-15,1.1102230246251565e-15,1.4432899320127035e-15
TUR.39.3_1,2075,10,albopictus,16.48506959746866,55.33449404568111,2.2211384664650916e-4,0.017839761243622562,0.017725530056082038,0.01795673300416455,0,0,0,1,1,1,2.149465737166789e-5,0,0,0
TUR.39.3_1,2075,11,albopictus,10.179955260280302,76.76152217099639,1.288370479510645e-4,0,0,0,0,0,0,1,1,1,1.2883621800519052e-5,0,0,0
TUR.39.3_1,2075,12,albopictus,4.920666676891201,77.34307842271612,1.0597049482355616e-4,0,0,0,0,0,0,1,1,1,1.0255156592031689e-5,0,0,0
TUR.40.25_1,2025,1,albopictus,6.359505534172058,77.44409807174303,0.23623751523156247,0,0,0,0,0,0,1,1,1,0.02260234661370475,0,0,0
TUR.40.25_1,2025,2,albopictus,5.459589162293603,78.3570866531474,0.17671281055334603,0,0,0,0,0,0,1,1,1,0.018755402287335188,0,0,0
TUR.40.25_1,2025,3,albopictus,6.3711202986100135,78.30648913869209,0.21692971003441627,0,0,0,0,0,0,1,1,1,0.020774374511048577,0,0,0
TUR.40.25_1,2025,4,albopictus,12.855841917150162,72.059558976809,0.2868496424743787,7.17908497420168e-4,7.056128678453973e-4,7.299881557190775e-4,0,0,0,1,1,1,0.028277456406058055,0,0,0
TUR.40.25_1,2025,5,albopictus,16.39119036057416,77.93172598417242,0.4009399523373379,0.023022584824115126,0.022901713151311502,0.023152329016371983,0,0,0,1,1,1,0.038057537646770334,0,0,0
TUR.40.25_1,2025,6,albopictus,22.480251536649817,69.05631284621802,0.45096556705050833,0.1454145220393396,0.14496975411968113,0.1458757422694961,2.6437156858989618e-5,2.436543255782686e-5,2.8710117939112487e-5,0.999973562843141,0.999971289882061,0.9999756345674421,0.0440948216774496,1.192217623261449e-5,1.0987910742291107e-5,1.2947190800849383e-5
TUR.40.25_1,2025,7,albopictus,23.68981080896714,67.66090066701727,0.5295843177613023,0.17134324596966036,0.17080735023971236,0.17187786439610658,0.0016329004597074113,0.0015167039380236836,0.001754523750149281,0.9983670995402926,0.9982454762498507,0.9984832960619763,0.04995895994924804,8.643841571317072e-4,8.029001233229193e-4,9.287367200522228e-4
TUR.40.25_1,2025,8,albopictus,25.663083413067987,70.70754462325243,0.6288479950756428,0.22242904390926566,0.22173534171636675,0.22309852006607775,0.10517285994410405,0.1026722229944012,0.10758793719223675,0.8948271400558959,0.8924120628077633,0.8973277770055987,0.0590415143021521,0.06399777154457016,0.06252503133016911,0.06541851413100269
TUR.40.25_1,2025,9,albopictus,22.524923156289493,73.18037332586145,0.5012222189667789,0.15659131348817124,0.15611205933377342,0.15705511381396234,1.801019232181683e-4,1.6647904124078848e-4,1.9401262698566236e-4,0.9998198980767818,0.9998059873730144,0.9998335209587592,0.04888682945918987,9.026700532897258e-5,8.343951319227937e-5,9.723871141532614e-5
TUR.40.25_1,2025,10,albopictus,19.315660196192127,78.02623125321931,0.4939335786082679,0.07745338192196753,0.07718594609055711,0.07772870253580669,6.920326534043397e-13,6.266015484257537e-13,7.643219390729427e-13,0.999999999999308,0.9999999999992357,0.9999999999993734,0.04667558972951236,3.418196836690868e-13,3.095246281503705e-13,3.774980328330457e-13
TUR.40.25_1,2025,11,albopictus,13.11666927618139,76.27873325093007,0.2865059748079172,0.001201905004716975,0.0011852253223521621,0.0012187072695418303,0,0,0,1,1,1,0.028244060870312504,0,0,0
TUR.40.25_1,2025,12,albopictus,7.415217175203212,78.10027232581686,0.23565566273943356,0,0,0,0,0,0,1,1,1,0.022547309458347264,0,0,0
TUR.40.25_1,2026,1,albopictus,7.5641173124313354,84.64732988326647,0.22382626300400124,0,0,0,0,0,0,1,1,1,0.02142769983025139,0,0,0
TUR.40.25_1,2026,2,albopictus,5.135301270905663,72.96501206818647,0.16742881829043638,0,0,0,0,0,0,1,1,1,0.017778859472017405,0,0,0
TUR.40.25_1,2026,3,albopictus,9.37962611983804,78.60300555714912,0.20553283539217423,0,0,0,0,0,0,1,1,1,0.01969376789776156,0,0,0
TUR.40.25_1,2026,4,albopictus,12.42329148685231,74.58320247046134,0.27177937194327545,3.0593812512675787e-4,2.995425890129342e-4,3.1236493154481436e-4,0,0,0,1,1,1,0.026811940235851983,0,0,0
TUR.40.25_1,2026,5,albopictus,17.072754691628848,74.78769064481695,0.3798756989663718,0.031199292891920458,0.031040746400743956,0.03135117819251166,0,0,0,1,1,1,0.03609464091690595,0,0,0
TUR.40.25_1,2026,6,albopictus,21.945726619047278,65.88474302199927,0.42727310908877114,0.12526432028767948,0.1248496702046667,0.12566259455343365,4.786986245632896e-7,4.367831953538959e-7,5.215339225844717e-7,0.9999995213013755,0.9999994784660774,0.9999995632168046,0.04182736232856865,2.0453502867279204e-7,1.866256964494495e-7,2.2283739571915538e-7
TUR.40.25_1,2026,7,albopictus,24.628830965827493,65.02182824880438,0.5017614525527273,0.1826602583823357,0.18207068552111297,0.18325940053532633,0.006692717121783384,0.006257183958565557,0.007153811319372397,0.9933072828782166,0.9928461886806276,0.9937428160414344,0.047397494000533835,0.003352508664315741,0.0031346902785923114,0.0035830721807989046
TUR.40.25_1,2026,8,albopictus,24.765817025128534,68.57853537642626,0.5958100964504831,0.19757236602499692,0.19696116642746475,0.19811594904743532,0.027773342548970962,0.026464017459581705,0.028961383256901008,0.972226657451029,0.971038616743099,0.9735359825404184,0.05602825232226594,0.01641140021093755,0.015643872086142926,0.017107461305111978
TUR.40.25_1,2026,9,albopictus,23.4714334712309,73.9374152570138,0.47488941837176357,0.18481247613752733,0.1842802584260588,0.18534729278416065,0.008483897342078122,0.00800548675683524,0.008981580297809115,0.9915161026579219,0.9910184197021908,0.9919945132431647,0.04637898162918608,0.004020801158821025,0.003794503557707718,0.00425617415178535
TUR.40.25_1,2026,10,albopictus,16.193240838892322,74.11956926591462,0.46798370260419575,0.019612576007128697,0.019502552613627988,0.019720847426305647,0,0,0,1,1,1,0.04427851820612427,0,0,0
TUR.40.25_1,2026,11,albopictus,12.99070892614477,76.13852023823476,0.2714537596059462,9.782796724595103e-4,9.630791195293168e-4,9.929518007988057e-4,0,0,0,1,1,1,0.026780251516062892,0,0,0
TUR.40.25_1,2026,12,albopictus,7.194281353670009,76.81796183997702,0.2232749793994259,0,0,0,0,0,0,1,1,1,0.021375491579707195,0,0,0
TUR.40.25_1,2027,1,albopictus,6.941557288169861,79.91762407271959,0.2212775453672795,0,0,0,0,0,0,1,1,1,0.021186305111758563,0,0,0
TUR.40.25_1,2027,2,albopictus,5.519187131348779,78.4260563797099,0.1655223003673601,0,0,0,0,0,0,1,1,1,0.017578200884668216,0,0,0
TUR.40.25_1,2027,3,albopictus,6.976121748194974,74.38035693654365,0.20319242566786902,0,0,0,0,0,0,1,1,1,0.019471711954579862,0,0,0
TUR.40.25_1,2027,4,albopictus,11.655192655675553,75.02914821020744,0.2686846105454291,2.2840999197198978e-5,2.200140465715433e-5,2.3680259828581062e-5,0,0,0,1,1,1,0.026510715143246433,0,0,0
TUR.40.25_1,2027,5,albopictus,18.208473990945254,76.54192495878179,0.3755500408388433,0.05169890814928899,0.05150014550378584,0.05189712161466866,0,0,0,1,1,1,0.03569105402536621,0,0,0
TUR.40.25_1,2027,6,albopictus,22.90515922097599,67.56655149367896,0.4224077349623577,0.15242990057515238,0.15196414865599864,0.15292034864338508,9.035776197045153e-5,8.342060266620656e-5,9.80764652176669e-5,0.9999096422380296,0.9999019235347822,0.9999165793973338,0.04136106206550905,3.8167087866327274e-5,3.523688698774397e-5,4.1427399387333753e-5
TUR.40.25_1,2027,7,albopictus,25.697796877692728,63.74545343190986,0.4960478770036175,0.19513165073543637,0.1944605883178864,0.19583898442511175,0.022802458433086675,0.02153986067450134,0.02417209130984555,0.9771975415669133,0.9758279086901545,0.9784601393254986,0.04687062902740402,0.01124732826965005,0.010627922421733632,0.011918914814834813
TUR.40.25_1,2027,8,albopictus,26.451709130231073,69.84857779585985,0.58902558564027,0.22980810145191813,0.22902055285146528,0.2305484073455751,0.13174802972146185,0.12892911409200333,0.13439301094499675,0.8682519702785382,0.8656069890550032,0.8710708859079966,0.055408269473554705,0.07466793623341808,0.07313054347381233,0.07610876192187174
TUR.40.25_1,2027,9,albopictus,20.663459609536563,71.70280374578333,0.46948183563391915,0.10329485088961311,0.1029309476946652,0.10361519622545404,2.3084351885582778e-9,2.089363934643096e-9,2.5141365378456015e-9,0.9999999976915648,0.9999999974858634,0.999999997910636,0.04586316371961574,1.0837683900311036e-9,9.809184020603823e-10,1.1803413885180804e-9
TUR.40.25_1,2027,10,albopictus,16.290445047266346,79.20881792314118,0.4626547554980005,0.022148281053934547,0.022029014569184994,0.022265056222362224,0,0,0,1,1,1,0.04378552117166712,0,0,0
TUR.40.25_1,2027,11,albopictus,14.845346072140863,76.8581094716332,0.2683627059673938,0.008203139893849262,0.00814419592104694,0.008266252489436963,0,0,0,1,1,1,0.02647937757311747,0,0,0
TUR.40.25_1,2027,12,albopictus,8.81143166037167,72.68517985755514,0.2207325392487639,0,0,0,0,0,0,1,1,1,0.021134678641999027,0,0,0
TUR.40.25_1,2028,1,albopictus,5.7509483098983765,77.85587175338365,0.21902018781221394,0,0,0,0,0,0,1,1,1,0.02097245602976272,0,0,0
TUR.40.25_1,2028,2,albopictus,9.30992905181997,76.20727586213178,0.16968493319562733,0,0,0,0,0,0,1,1,1,0.017400446622323207,0,0,0
TUR.40.25_1,2028,3,albopictus,10.087360227809231,77.43194690236396,0.201119563026284,0,0,0,0,0,0,1,1,1,0.019274998632288987,0,0,0
TUR.40.25_1,2028,4,albopictus,12.011288923375748,76.65289698950431,0.26594363095557566,1.0008043662658507e-4,9.756515631890151e-5,1.0274891292997618e-4,0,0,0,1,1,1,0.026243847144857058,0,0,0
TUR.40.25_1,2028,5,albopictus,17.218857596902286,73.9299407058521,0.37171887613306337,0.03300820653103867,0.03285345855023685,0.03316766033774907,0,0,0,1,1,1,0.03533346260413006,0,0,0
TUR.40.25_1,2028,6,albopictus,22.280805812162512,67.04897336867896,0.4180985526173857,0.1358713316999366,0.13542700841557143,0.13632134127496418,4.337858906740543e-6,3.968331267353853e-6,4.736418903555917e-6,0.9999956621410933,0.9999952635810965,0.9999960316687326,0.040947878048984254,1.813650882420692e-6,1.6591521827841182e-6,1.9802879274416483e-6
TUR.40.25_1,2028,7,albopictus,25.530835207770853,62.47117669851142,0.4909874565214138,0.18825116931830535,0.18759790089429726,0.18892393207554087,0.012127417831054357,0.011350644832099913,0.01295779059566355,0.9878725821689457,0.9870422094043365,0.9886493551679001,0.04640375000191366,0.0059366972900225185,0.005557523744345261,0.0063419172591118065
TUR.40.25_1,2028,8,albopictus,24.835105278912714,67.65659171187548,0.5830166553004789,0.1956207637278311,0.19498417598842568,0.19623598842324694,0.023747691224363536,0.022515958504918658,0.0249676580697708,0.9762523087756365,0.9750323419302293,0.9774840414950813,0.0548588207753844,0.013749824474584268,0.013041393188981978,0.014451125979661817
TUR.40.25_1,2028,9,albopictus,23.19130308487836,67.39512552312708,0.4646924279835622,0.15888792365148133,0.1583839114494069,0.1593975379990571,2.603195669002506e-4,2.400926743016396e-4,2.8190289388849713e-4,0.9997396804330998,0.9997180971061115,0.9997599073256984,0.04540607924384199,1.209612019947599e-4,1.1156302414504216e-4,1.3098956033475717e-4
TUR.40.25_1,2028,10,albopictus,15.758989053614,72.67857500321931,0.45793499414138866,0.01483433732798426,0.014740778430969896,0.014931830472785438,0,0,0,1,1,1,0.04334866939888782,0,0,0
TUR.40.25_1,2028,11,albopictus,10.684316256467035,78.22518253071523,0.2656250102793481,3.2288764672245764e-11,2.0396412972262443e-11,5.316401904249702e-11,0,0,0,1,1,1,0.02621282076618703,0,0,0
TUR.40.25_1,2028,12,albopictus,8.340733303743251,77.50300517493795,0.21848074156050337,0,0,0,0,0,0,1,1,1,0.020921345075769038,0,0,0
TUR.40.25_1,2029,1,albopictus,5.930274844169617,78.30652482955553,0.21914814061387863,0,0,0,0,0,0,1,1,1,0.02098457879185167,0,0,0
TUR.40.25_1,2029,2,albopictus,8.262162366334131,74.00128220978803,0.1639294411705036,0,0,0,0,0,0,1,1,1,0.01741052304848545,0,0,0
TUR.40.25_1,2029,3,albopictus,9.101772154078763,77.95080676564521,0.20123705818422288,0,0,0,0,0,0,1,1,1,0.019286149901690863,0,0,0
TUR.40.25_1,2029,4,albopictus,14.345966619603775,71.38991938940666,0.26609899669151793,0.004916179291753999,0.004869451221300771,0.004961490285032578,0,0,0,1,1,1,0.026258975861464195,0,0,0
TUR.40.25_1,2029,5,albopictus,17.725691627053653,67.48301840360601,0.3719360363506122,0.03776447151120003,0.0375828939724162,0.037954645374722325,0,0,0,1,1,1,0.035353735345475035,0,0,0
TUR.40.25_1,2029,6,albopictus,22.391538844389075,66.08063535598365,0.41834280809773083,0.13646027804268282,0.13600921694070986,0.13690609547882981,4.87259249077332e-6,4.4535212997465216e-6,5.3131649443927125e-6,0.9999951274075092,0.9999946868350555,0.9999955464787003,0.04097130313657005,2.0384119434341265e-6,1.8630968708494011e-6,2.2227218724552023e-6
TUR.40.25_1,2029,7,albopictus,25.54637056238511,63.02897699148017,0.4912742941014181,0.1904862010226914,0.18983217794859097,0.19114825707169317,0.015071383104049884,0.014154337602009931,0.016031567608261348,0.9849286168959501,0.9839684323917386,0.9858456623979901,0.04643022001265584,0.007376811798701138,0.00692954144639166,0.007844963445676244
TUR.40.25_1,2029,8,albopictus,25.185990670148065,65.085855780479,0.5833572568459712,0.19260016776187297,0.1919797107981826,0.1932751633280168,0.018311177566492896,0.01730736178500428,0.01943705812924737,0.9816888224335071,0.9805629418707527,0.9826926382149958,0.054889973476125786,0.010625060202323967,0.010045577796196121,0.011274707575007236
TUR.40.25_1,2029,9,albopictus,22.213605712441836,72.81843484929895,0.46496390386287173,0.14707775287902589,0.1466160052863173,0.14749511658635817,3.5643797487930115e-5,3.2795209288036256e-5,3.836173515439079e-5,0.9999643562025121,0.9999616382648456,0.999967204790712,0.045431993814483373,1.6572941668992813e-5,1.5248472279469349e-5,1.7836663061115975e-5
TUR.40.25_1,2029,10,albopictus,16.74016924465404,71.0277189851529,0.45820252229057884,0.02522432817543074,0.025081710495687477,0.025355959589498135,0,0,0,1,1,1,0.04337343660987991,0,0,0
TUR.40.25_1,2029,11,albopictus,10.046231844845941,75.39951419575429,0.265780189875334,0,0,0,0,0,0,1,1,1,0.02622793183904526,0,0,0
TUR.40.25_1,2029,12,albopictus,8.815685047822841,78.16270366126608,0.21860837921469267,0,0,0,0,0,0,1,1,1,0.02093343861102559,0,0,0
TUR.40.25_1,2030,1,albopictus,6.725172400474548,81.13165910689928,0.21577125638161918,0,0,0,0,0,0,1,1,1,0.020664588921468163,0,0,0
TUR.40.25_1,2030,2,albopictus,4.597134747925927,83.1485905593974,0.16140342957149523,0,0,0,0,0,0,1,1,1,0.017144555014214635,0,0,0
TUR.40.25_1,2030,3,albopictus,7.50371345351724,77.67488208302802,0.19813616831664282,0,0,0,0,0,0,1,1,1,0.018991807129413285,0,0,0
TUR.40.25_1,2030,4,albopictus,13.195245069615982,76.87083064428947,0.26199864017637464,0.0013693272274953284,0.0013501218794697873,0.001388978237477576,0,0,0,1,1,1,0.02585962545786913,0,0,0
TUR.40.25_1,2030,5,albopictus,18.79577905991498,74.81510305936773,0.36620482214526595,0.06245520791459282,0.062203027198401886,0.0626911507312236,1.5141221609837885e-15,1.3322676295501878e-15,1.6653345369377348e-15,0.9999999999999984,0.9999999999999983,0.9999999999999987,0.03481856168442965,5.487832410722148e-16,4.440892098500626e-16,5.551115123125783e-16
TUR.40.25_1,2030,6,albopictus,22.527361140531653,69.12496213821021,0.4118965054807562,0.14677494407723546,0.14625570535769702,0.14724971891971936,3.377211657098478e-5,3.074259435597304e-5,3.672393295163501e-5,0.999966227883429,0.9999632760670484,0.9999692574056441,0.04035288491260003,1.3910519860576454e-5,1.2662687012104934e-5,1.5126345245936034e-5
TUR.40.25_1,2030,7,albopictus,22.988547381232767,73.68127496511298,0.4837041800551919,0.17080430081682604,0.17027829834842367,0.1712938016760234,0.0015169299839641844,0.001410224507552954,0.0016209292396073217,0.9984830700160359,0.9983790707603927,0.9985897754924471,0.045731386775279104,7.33475909373092e-4,6.81898890306265e-4,7.837429616828568e-4
TUR.40.25_1,2030,8,albopictus,24.085580208722284,77.7733328922954,0.5743682235970504,0.2147803401808915,0.21413436997680887,0.2153710387454625,0.0780048832851744,0.07577575705895277,0.08005278453717823,0.9219951167148256,0.9199472154628218,0.9242242429410472,0.054067458470606566,0.04381448292015762,0.042589645584353915,0.04493872250665026
TUR.40.25_1,2030,9,albopictus,22.033019851235782,65.87811197332239,0.4577992102856135,0.12736508726213722,0.12691088111547838,0.1277844096988783,7.536309815830977e-7,6.829993528689738e-7,8.23360428739428e-7,0.9999992463690184,0.9999991766395713,0.9999993170006471,0.04474783002625782,3.4501160857047796e-7,3.1267651551536436e-7,3.7693368297453395e-7
TUR.40.25_1,2030,10,albopictus,15.73294039333568,82.5035490632779,0.45114201578401997,0.016625286996631822,0.016524269668577018,0.01672484156846833,0,0,0,1,1,1,0.04271957440554419,0,0,0
TUR.40.25_1,2030,11,albopictus,9.802878001156976,76.93807315571523,0.2616847458988401,0,0,0,0,0,0,1,1,1,0.025829047269047334,0,0,0
TUR.40.25_1,2030,12,albopictus,9.35267521353329,81.19121470862936,0.2152398122410373,0,0,0,0,0,0,1,1,1,0.020614220329550625,0,0,0
TUR.40.25_1,2031,1,albopictus,8.921178698539734,83.39028032271959,0.24461968285553598,0,0,0,0,0,0,1,1,1,0.023394868129138047,0,0,0
TUR.40.25_1,2031,2,albopictus,6.435558953705956,75.42250108185834,0.18298292560221835,0,0,0,0,0,0,1,1,1,0.019414379111318603,0,0,0
TUR.40.25_1,2031,3,albopictus,9.097764814601224,74.62750354298896,0.22462679908628042,0,0,0,0,0,0,1,1,1,0.02150350809715973,0,0,0
TUR.40.25_1,2031,4,albopictus,14.201212209813736,67.27245723120353,0.2970276270495224,0.0040183564649905225,0.003976209899155131,0.004060071006886165,0,0,0,1,1,1,0.029265970972424782,0,0,0
TUR.40.25_1,2031,5,albopictus,18.00807268479291,65.90838766630132,0.4151660835440824,0.04142168986244265,0.041223739849610634,0.04160821043921081,0,0,0,1,1,1,0.039380954160414205,0,0,0
TUR.40.25_1,2031,6,albopictus,22.735443339628333,64.97143583205786,0.4669667046003694,0.1420895150135896,0.1416205451846127,0.14252132437336076,1.4341099971770354e-5,1.3123074687551584e-5,1.5528848040952113e-5,0.9999856589000282,0.999984471151959,0.9999868769253124,0.04562315562157193,6.6967937260780095e-6,6.128020164644643e-6,7.251428704149742e-6
TUR.40.25_1,2031,7,albopictus,23.32468324549058,76.32331140310126,0.5483750018664567,0.18812428244505922,0.1875787513007824,0.18863721035221084,0.011972558393875381,0.011328618575990114,0.012596417125761447,0.9880274416061247,0.9874035828742386,0.9886713814240099,0.05168499538108984,0.006543930376345965,0.006193074599894799,0.006883757907258322
TUR.40.25_1,2031,8,albopictus,24.568137505475214,70.631998358604,0.6511607479826351,0.20082740248498507,0.20021349146783302,0.20144283884617864,0.03537189632642412,0.03385156179341112,0.036923692326007417,0.9646281036735759,0.9630763076739925,0.9661484382065889,0.061071132642663395,0.022769435209590228,0.021801640851710817,0.023756522582712342
TUR.40.25_1,2031,9,albopictus,21.128347228555118,74.51394571355677,0.519006560510167,0.12033019794382747,0.11996666655858802,0.12068097060537286,1.5909344352593724e-7,1.4626091912051107e-7,1.72187917688027e-7,0.9999998409065565,0.9999998278120823,0.999999853739081,0.050576818393871514,8.257053750737597e-8,7.591037365917152e-8,8.93666549650618e-8
TUR.40.25_1,2031,10,albopictus,17.564275461084705,77.57846208818025,0.5114593049813433,0.04038323301426561,0.04019941835283955,0.04055965308890403,0,0,0,1,1,1,0.048291093824625264,0,0,0
TUR.40.25_1,2031,11,albopictus,12.681141474667719,77.21729373676992,0.2966717653842186,5.665744009540558e-4,5.566733884539586e-4,5.768517590626441e-4,0,0,0,1,1,1,0.029231425654947074,0,0,0
TUR.40.25_1,2031,12,albopictus,10.065898670869716,76.8549949210317,0.24401718510257003,0,0,0,0,0,0,1,1,1,0.023337924301565338,0,0,0
TUR.40.25_1,2032,1,albopictus,6.206323981285095,79.28475053756334,0.23590752467322912,0,0,0,0,0,0,1,1,1,0.022571133341378613,0,0,0
TUR.40.25_1,2032,2,albopictus,8.888317265931299,78.06112718049116,0.18276832361610443,0,0,0,0,0,0,1,1,1,0.018729450520693858,0,0,0
TUR.40.25_1,2032,3,albopictus,8.030435407862942,74.98679461964912,0.21662668976236854,0,0,0,0,0,0,1,1,1,0.020745658746583406,0,0,0
TUR.40.25_1,2032,4,albopictus,12.685720724218033,72.85361110083244,0.2864489538979472,5.258218198482613e-4,5.165047548251526e-4,5.355501008193201e-4,0,0,0,1,1,1,0.02823851981372294,0,0,0
TUR.40.25_1,2032,5,albopictus,17.70368273117963,77.48337698514898,0.4003798956562461,0.04278115566002642,0.04257993673437625,0.04296852909942881,0,0,0,1,1,1,0.03800539988198448,0,0,0
TUR.40.25_1,2032,6,albopictus,21.468000636381262,73.76921873000708,0.4503356316267707,0.12836393201603283,0.1279673471946022,0.12879444311626018,9.321723607282895e-7,8.560637394100512e-7,1.0200735022669604e-6,0.9999990678276393,0.9999989799264977,0.9999991439362605,0.044034603927448956,4.197903405649406e-7,3.8551593044000575e-7,4.5937533944551133e-7
TUR.40.25_1,2032,7,albopictus,24.20185953028062,65.79636056691962,0.5288445630084158,0.17681846188289166,0.17626303348724323,0.17737521395576777,0.003339686522225881,0.003112612225328626,0.0035776103008654,0.9966603134777742,0.9964223896991347,0.9968873877746715,0.049890944865529696,0.001764614266743286,0.0016447339922478154,0.0018902110528639215
TUR.40.25_1,2032,8,albopictus,23.88794455808752,69.59015875899462,0.627969582936917,0.18180793164609468,0.181184739599384,0.18234860214476378,0.006074835832866803,0.005651335229067029,0.006458002818989658,0.9939251641671332,0.9935419971810103,0.994348664770933,0.058961522254890486,0.0038075372029359894,0.003542576842362802,0.004047217188300772
TUR.40.25_1,2032,9,albopictus,19.273315261392032,69.70359720281458,0.5005220820739411,0.06806223434677744,0.06779486672716882,0.06832799011675547,1.7556178733002526e-14,1.5654144647214707e-14,1.9542700790964315e-14,0.9999999999999825,0.9999999999999805,0.9999999999999843,0.04882023618600073,8.804956763697192e-15,7.882583474838611e-15,9.772738174262938e-15
TUR.40.25_1,2032,10,albopictus,17.436732965357166,75.40698381669587,0.4932436229201344,0.03712884929445126,0.03695472211866359,0.0373050043591087,0,0,0,1,1,1,0.04661193422380283,0,0,0
TUR.40.25_1,2032,11,albopictus,11.80390415472143,76.83931827290273,0.2861057662868444,4.673360127171607e-5,4.523096469316929e-5,4.822189100177192e-5,0,0,0,1,1,1,0.028205169591362433,0,0,0
TUR.40.25_1,2032,12,albopictus,8.260136379915126,78.2937156241567,0.2353264849471359,0,0,0,0,0,0,1,1,1,0.02251617131218142,0,0,0
TUR.40.25_1,2033,1,albopictus,7.160541415214539,78.89930589645006,0.2316815367641591,0,0,0,0,0,0,1,1,1,0.022171315858138252,0,0,0
TUR.40.25_1,2033,2,albopictus,8.419631162110498,77.1052555984599,0.17330480078399924,0,0,0,0,0,0,1,1,1,0.018397041381617907,0,0,0
TUR.40.25_1,2033,3,albopictus,8.458269918666165,77.2540523100788,0.212746093867915,0,0,0,0,0,0,1,1,1,0.020377839003533404,0,0,0
TUR.40.25_1,2033,4,albopictus,13.42954377567067,74.90483485571525,0.28131757957059056,0.0018494699050925416,0.0018263853706044155,0.0018739084814627278,0,0,0,1,1,1,0.027739744663393018,0,0,0
TUR.40.25_1,2033,5,albopictus,17.596243690041934,71.76018667753179,0.3932075911677746,0.037893499710183604,0.037709184645036836,0.03806440163975008,0,0,0,1,1,1,0.037337453436611434,0,0,0
TUR.40.25_1,2033,6,albopictus,22.664655909818762,63.762398051296145,0.44226843268127597,0.13768681825458037,0.1372333936236595,0.13816346656107087,6.194302633323545e-6,5.664589543266652e-6,6.788209999072925e-6,0.9999938056973666,0.9999932117900009,0.9999943354104567,0.04326309647057047,2.7395407568847617e-6,2.505266000915607e-6,3.0022064903323375e-6
TUR.40.25_1,2033,7,albopictus,26.751933153937845,61.83673150808173,0.5193709748634565,0.1977508042615188,0.19697911823914463,0.19846911142502616,0.028164047015403988,0.026501765971042642,0.029753027023911107,0.971835952984596,0.9702469729760889,0.9734982340289574,0.04901948655885846,0.01452103464189916,0.013669953891159487,0.015334075861249177
TUR.40.25_1,2033,8,albopictus,26.685941079083612,62.68367606246141,0.6167202941809474,0.20080288129960902,0.20005750541649325,0.20146850401857588,0.035312520460748544,0.03347247118619833,0.03698940560656564,0.9646874795392515,0.9630105943934344,0.9665275288138017,0.05793651149602852,0.02154236437332577,0.02043154101785986,0.02255388807093492
TUR.40.25_1,2033,9,albopictus,21.33504087784711,65.04389108709192,0.49155585571046695,0.10914623587273586,0.10875351476045439,0.10951948027352171,1.0721245274680768e-8,9.686614885207057e-9,1.1773486080501882e-8,0.9999999892787548,0.9999999882265139,0.9999999903133852,0.04796700442223445,5.270090880915568e-9,4.76151225115018e-9,5.787326043393826e-9
TUR.40.25_1,2033,10,albopictus,14.690373140222887,70.23298021562165,0.48440778103855947,0.006581238099552175,0.006525236728814428,0.006637059966946744,0,0,0,1,1,1,0.04579636111170482,0,0,0
TUR.40.25_1,2033,11,albopictus,12.623021700802973,79.55091190083242,0.28098053973581266,5.258938800847709e-4,5.16839027969173e-4,5.352745861961712e-4,0,0,0,1,1,1,0.02770697506758124,0,0,0
TUR.40.25_1,2033,12,albopictus,9.933347477632411,80.34987559730124,0.2311109056372005,0,0,0,0,0,0,1,1,1,0.02211731635258063,0,0,0
TUR.40.25_1,2034,1,albopictus,8.647093653678894,79.12184770553209,0.2354093208845625,0,0,0,0,0,0,1,1,1,0.022524007163606252,0,0,0
TUR.40.25_1,2034,2,albopictus,7.480879941407372,75.87973832551069,0.17609329611848032,0,0,0,0,0,0,1,1,1,0.018690268497922213,0,0,0
TUR.40.25_1,2034,3,albopictus,9.69411643813638,77.25767627248115,0.2161692044078195,0,0,0,0,0,0,1,1,1,0.020702303478522532,0,0,0
TUR.40.25_1,2034,4,albopictus,10.57977227603688,76.4833642136254,0.28584401366007556,3.848623977301984e-14,9.5496857725096e-15,1.3515300850258545e-13,0,0,0,1,1,1,0.028179732273495572,0,0,0
TUR.40.25_1,2034,5,albopictus,18.30009729721967,78.26302481229742,0.3995343491600155,0.054761448660978713,0.05452531334854472,0.054986520998612815,0,0,0,1,1,1,0.03792667945192374,0,0,0
TUR.40.25_1,2034,6,albopictus,24.06550620583927,72.13594846633521,0.4493845855837977,0.19435469842683847,0.19378824635728217,0.19494000771641362,0.02135052538446094,0.02032901921427339,0.022432494264931713,0.9786494746155391,0.9775675057350682,0.9796709807857267,0.04394368289329753,0.00954868713074912,0.009093945540501025,0.010030176012591731
TUR.40.25_1,2034,7,albopictus,24.93941026575425,75.09216363698798,0.5277277170524782,0.22626344239021623,0.2255886584391404,0.22688455794552137,0.11901240584506506,0.11657835483613634,0.12125144895504868,0.8809875941549349,0.8787485510449514,0.8834216451638637,0.049788249755639113,0.0608742963075213,0.059667392986515445,0.06198351015643709
TUR.40.25_1,2034,8,albopictus,24.57846389097326,69.2406294926372,0.626643398764454,0.19610273174220816,0.19550666261780347,0.1967508447645575,0.024703989501259207,0.0235190159966309,0.02602429784017521,0.9752960104987408,0.9739757021598248,0.976480984003369,0.0588407412463019,0.015361306281085825,0.014629962845869565,0.01617569967079679
TUR.40.25_1,2034,9,albopictus,21.471011947183047,71.09980691961145,0.4994650492474301,0.1233263698126295,0.12293902356103519,0.12371721457677631,3.124410687579404e-7,2.863768211736062e-7,3.4040881120855904e-7,0.9999996875589312,0.9999996595911887,0.9999997136231789,0.04871968804853377,1.5605338159363492e-7,1.4303520282921145e-7,1.700222892225822e-7
TUR.40.25_1,2034,10,albopictus,17.112899499780994,75.89708086259431,0.4922019611841858,0.03226362327330148,0.03210953884281786,0.03241339537954052,0,0,0,1,1,1,0.046515822166553145,0,0,0
TUR.40.25_1,2034,11,albopictus,10.657859423581293,82.63316440327382,0.28550155081334094,1.2620082232503479e-11,7.592333697989046e-12,2.2108562419102288e-11,0,0,0,1,1,1,0.028146450470069806,0,0,0
TUR.40.25_1,2034,12,albopictus,10.9170301100787,79.66570201331686,0.2348295082333297,2.8324093254387214e-8,2.4824326686328803e-8,3.252600430006617e-8,0,0,0,1,1,1,0.02246915856543885,0,0,0
TUR.40.25_1,2035,1,albopictus,8.735970377922058,77.17565019576647,0.20859381009219777,0,0,0,0,0,0,1,1,1,0.01998411449592341,0,0,0
TUR.40.25_1,2035,2,albopictus,5.248288312379052,77.8918995803935,0.15603448253886115,0,0,0,0,0,0,1,1,1,0.01657901034968068,0,0,0
TUR.40.25_1,2035,3,albopictus,7.377080763087553,76.32521167287177,0.19154533814800684,0,0,0,0,0,0,1,1,1,0.018365898664686076,0,0,0
TUR.40.25_1,2035,4,albopictus,12.470859808080338,78.8041649948754,0.2532834795043642,3.72292143911009e-4,3.6483191147425006e-4,3.7992919915996525e-4,0,0,0,1,1,1,0.025010276412836263,0,0,0
TUR.40.25_1,2035,5,albopictus,14.11060411789838,80.95048666532476,0.354023331960002,0.004486051209623715,0.004441181624701018,0.004529409883028783,0,0,0,1,1,1,0.03368008287413915,0,0,0
TUR.40.25_1,2035,6,albopictus,20.036409602445715,71.24554471877661,0.3981951205304837,0.08707727637163587,0.0867866478381707,0.08740038506990562,1.9040423238081416e-11,1.7303469768137346e-11,2.111177621610949e-11,0.9999999999809596,0.9999999999788882,0.9999999999826965,0.03903713428411992,7.581803629364004e-12,6.890102377532514e-12,8.406605966904123e-12
TUR.40.25_1,2035,7,albopictus,23.39062219507554,71.48473413259345,0.46761417422895474,0.17527137750558017,0.17471343876763823,0.17581141878194695,0.002744894372111703,0.0025529766866796504,0.0029393857007030872,0.9972551056278883,0.9970606142992969,0.9974470233133204,0.044244340220203626,0.001282727065022626,0.0011930957797755464,0.0013735542268684619
TUR.40.25_1,2035,8,albopictus,24.41650901121252,68.02155905806688,0.5552623559094331,0.1885011820755572,0.1878838974033443,0.18908210605553957,0.012432126173132876,0.011683557544537532,0.013160480056166258,0.9875678738268672,0.9868395199438338,0.9883164424554625,0.05231685393166319,0.006879297872902516,0.006466441682974153,0.007280884160772236
TUR.40.25_1,2035,9,albopictus,18.913467238931094,75.04006876043177,0.44257091112164554,0.06520622386133239,0.06496998687882133,0.0654490230363982,5.175526673895092e-15,4.6629367034256575e-15,5.773159728050814e-15,0.9999999999999948,0.9999999999999942,0.9999999999999953,0.04329203526154257,2.2858381854007346e-15,2.1094237467877974e-15,2.55351295663786e-15
TUR.40.25_1,2035,10,albopictus,15.741574960596422,79.126740896774,0.43613516250109613,0.015986868773437846,0.015890162486547718,0.016079842649041325,0,0,0,1,1,1,0.04132832890754734,0,0,0
TUR.40.25_1,2035,11,albopictus,12.619701960507562,79.55381107075429,0.2529800266514909,5.224496921746413e-4,5.130016482098315e-4,5.323788917984299e-4,0,0,0,1,1,1,0.02498068962261424,0,0,0
TUR.40.25_1,2035,12,albopictus,7.69363094778622,81.08283152991842,0.20808004398639596,0,0,0,0,0,0,1,1,1,0.019935387580232944,0,0,0
TUR.40.25_1,2036,1,albopictus,8.075098872184753,77.15571458785631,0.23083814024594548,0,0,0,0,0,0,1,1,1,0.02209150318420061,0,0,0
TUR.40.25_1,2036,2,albopictus,7.259220281068017,79.982353681956,0.1788408401887589,0,0,0,0,0,0,1,1,1,0.018330687744670282,0,0,0
TUR.40.25_1,2036,3,albopictus,6.47916396926431,71.14121356496162,0.2119716285508345,0,0,0,0,0,0,1,1,1,0.020304415279090438,0,0,0
TUR.40.25_1,2036,4,albopictus,10.843805593602799,74.83901606909416,0.2802934916331748,4.637071955612431e-9,3.818674436656823e-9,5.648940909590158e-9,0,0,0,1,1,1,0.02764017156494769,0,0,0
TUR.40.25_1,2036,5,albopictus,14.65996534684125,80.76584768827398,0.39177618701724165,0.007434081861120701,0.007376311952616113,0.007492118504479624,0,0,0,1,1,1,0.03720409331319585,0,0,0
TUR.40.25_1,2036,6,albopictus,22.13592742471134,67.42923765090552,0.44065843103225,0.13308570827344915,0.1326531493798516,0.1334918921520716,2.4821831699632924e-6,2.2710607829184992e-6,2.6925819098744253e-6,0.99999751781683,0.9999973074180901,0.999997728939217,0.04310904927085424,1.0937943418541928e-6,1.0007615806661986e-6,1.1865082158862839e-6
TUR.40.25_1,2036,7,albopictus,24.52679735071519,66.87072427541571,0.5174802947601606,0.1868792190603906,0.18628943688949637,0.18751446241480937,0.010550740960437564,0.00992042436436397,0.01125491437504065,0.9894492590395625,0.9887450856249593,0.9900795756356361,0.04884547064583444,0.005444907581316341,0.00512046959523072,0.005807268655840417
TUR.40.25_1,2036,8,albopictus,25.699233391705683,72.0561698063579,0.6144752307370126,0.22884034589685337,0.22810499805278722,0.22952950734721472,0.12828233749361262,0.12564296500785824,0.13075220988600889,0.8717176625063874,0.8692477901139911,0.8743570349921418,0.05773181258577631,0.07579929822264665,0.07429946217186172,0.07720114579897504
TUR.40.25_1,2036,9,albopictus,22.91474516251508,69.85776437810755,0.4897664317321733,0.15851613880736753,0.15796036951976125,0.15901694584182854,2.4539384412583786e-4,2.2439913000436574e-4,2.654669051848884e-4,0.9997546061558742,0.9997345330948152,0.9997756008699956,0.04779663011205393,1.2017843309402965e-4,1.0989712205386748e-4,0.00013000832708026931
TUR.40.25_1,2036,10,albopictus,16.672668176538807,78.97786089189118,0.48264437838839763,0.027075645946393966,0.026932639931733234,0.027207977389258217,0,0,0,1,1,1,0.045633510581989944,0,0,0
TUR.40.25_1,2036,11,albopictus,12.572243311825922,78.32163333637929,0.2799576787335559,4.6185744052322167e-4,4.5308902294662555e-4,4.706657492089262e-4,0,0,0,1,1,1,0.027607517919329028,0,0,0
TUR.40.25_1,2036,12,albopictus,8.772188915925868,81.17877879554342,0.23026958640279804,0,0,0,0,0,0,1,1,1,0.02203769586837967,0,0,0
TUR.40.25_1,2037,1,albopictus,8.296467661857605,82.10114152877428,0.22867568081194078,0,0,0,0,0,0,1,1,1,0.02188683459640317,0,0,0
TUR.40.25_1,2037,2,albopictus,4.548600831452538,73.49243211213178,0.17105632956674002,0,0,0,0,0,0,1,1,1,0.01816053725216238,0,0,0
TUR.40.25_1,2037,3,albopictus,7.868749464259428,70.52975574025459,0.2099859079614522,0,0,0,0,0,0,1,1,1,0.02011613250879296,0,0,0
TUR.40.25_1,2037,4,albopictus,12.86619977390065,70.801746476809,0.2776677413796574,7.15159857752254e-4,7.028920124049908e-4,7.275838987384879e-4,0,0,0,1,1,1,0.027384820635424134,0,0,0
TUR.40.25_1,2037,5,albopictus,17.27659304001752,68.2149977737232,0.38810608245509615,0.03139913857920628,0.03124131654942458,0.03155998229100238,0,0,0,1,1,1,0.03686207500023986,0,0,0
TUR.40.25_1,2037,6,albopictus,22.95395492104923,64.26952390578833,0.43653040444035257,0.14544476560217218,0.14497112601204207,0.14592773836144454,2.6583205573655456e-5,2.4371513523480105e-5,2.898053035577386e-5,0.9999734167944263,0.9999710194696442,0.9999756284864766,0.04271396060062227,1.1604310020630559e-5,1.063885006221399e-5,1.2650802615057909e-5
TUR.40.25_1,2037,7,albopictus,23.03412156946519,69.01466043264227,0.5126326116861096,0.15933713173293562,0.15884532642719917,0.1598398017432056,2.794504845204309e-4,2.583514834902878e-4,3.021906617414971e-4,0.9997205495154796,0.9996978093382585,0.9997416485165097,0.048399150248599976,1.4324515394783377e-4,1.3243062600415412e-4,1.5490078978928068e-4
TUR.40.25_1,2037,8,albopictus,24.56327948850744,74.28990393721728,0.608718912659533,0.2142160516846085,0.21355249342560986,0.21482337456508335,0.07605865491186092,0.07378299854226215,0.07815204822684436,0.9239413450881391,0.9218479517731556,0.9262170014577379,0.057206763575908925,0.045242691867135844,0.04391944472932606,0.04645878490751283
TUR.40.25_1,2037,9,albopictus,19.991210769204532,69.74936594060755,0.48517836825345334,0.08416959710990049,0.08387866402162678,0.08446835355504329,7.294104542587831e-12,6.605524460745471e-12,8.052458699836506e-12,0.999999999992706,0.9999999999919476,0.9999999999933944,0.04735965292519606,3.5389419172915384e-12,3.2048419473795777e-12,3.9068775992134876e-12
TUR.40.25_1,2037,10,albopictus,19.569518762476307,75.56075426347321,0.4781230333099659,0.08092712799485276,0.08063418361221115,0.08120901809850063,2.399872411906756e-12,2.1628809854234987e-12,2.6448898626796335e-12,0.9999999999976001,0.9999999999973551,0.9999999999978371,0.04521583660923123,1.147434369741518e-12,1.0341449918627177e-12,1.2645995361992844e-12
TUR.40.25_1,2037,11,albopictus,12.698712923947504,74.9136285756371,0.2773350743283462,5.616959659002555e-4,5.520344956762226e-4,5.72230060547729e-4,0,0,0,1,1,1,0.02735246439485639,0,0,0
TUR.40.25_1,2037,12,albopictus,10.81175781698788,75.27159800941061,0.22811245310173023,2.1312059449562684e-9,1.710971636101303e-9,2.609723138202285e-9,0,0,0,1,1,1,0.021833520197782397,0,0,0
TUR.40.25_1,2038,1,albopictus,9.148571848869324,77.3224855229149,0.23726585852364981,0,0,0,0,0,0,1,1,1,0.022699609546919852,0,0,0
TUR.40.25_1,2038,2,albopictus,9.298297086182764,79.86986588898725,0.17748204245616345,0,0,0,0,0,0,1,1,1,0.018836270881469108,0,0,0
TUR.40.25_1,2038,3,albopictus,10.036739195094388,71.86700549611396,0.2178740063370153,0,0,0,0,0,0,1,1,1,0.020863855500271034,0,0,0
TUR.40.25_1,2038,4,albopictus,13.631940168492935,74.0130272995629,0.2880983006537836,0.0023678753441603246,0.002340577915181221,0.0023958934476022834,0,0,0,1,1,1,0.028398783761297786,0,0,0
TUR.40.25_1,2038,5,albopictus,19.600294898538028,60.62210608060796,0.40268524630604463,0.06601330999950393,0.06576183333344644,0.066303627105783,7.348677222296374e-15,6.5503158452884236e-15,8.326672684688674e-15,0.9999999999999927,0.9999999999999917,0.9999999999999934,0.03821999544730137,2.96085378437283e-15,2.6645352591003757e-15,3.3306690738754696e-15
TUR.40.25_1,2038,6,albopictus,22.55611251382267,63.99544935134497,0.4529286228140444,0.13572534311493825,0.13526021185513848,0.13618764350066886,4.214672810196052e-6,3.8388993294752314e-6,4.6132037866492e-6,0.9999957853271898,0.9999953867962134,0.9999961611006705,0.04428245277730147,1.908944125515455e-6,1.738745874826919e-6,2.089449854911218e-6
TUR.40.25_1,2038,7,albopictus,24.398579653571634,61.77159555227119,0.5318896014086971,0.16819269960822958,0.1675877876597982,0.16876248411911488,0.001053882198167921,9.660539326351525e-4,0.0011414263631600696,0.9989461178018321,0.9988585736368398,0.999033946067365,0.050170882832511365,5.603916287823821e-4,5.137020510650987e-4,6.069285576441846e-4
TUR.40.25_1,2038,8,albopictus,26.09680114072912,64.43615943038134,0.6315853740937244,0.2026351030404589,0.20189642514010928,0.2033778849517627,0.040048848999723524,0.03809438674218994,0.042052722760226514,0.9599511510002765,0.9579472772397735,0.96190561325781,0.059290748386974346,0.02497686239460555,0.023772726516292787,0.026210272954103116
TUR.40.25_1,2038,9,albopictus,19.043355773476993,74.89438547185755,0.503404042231447,0.0679465594957519,0.06768142965099262,0.06820206281209687,1.6726509066700145e-14,1.4988010832439613e-14,1.8543500068801675e-14,0.9999999999999832,0.9999999999999815,0.999999999999985,0.04909432290694693,8.429146269861576e-15,7.549516567451064e-15,9.328648964412875e-15
TUR.40.25_1,2038,10,albopictus,15.39035006130443,78.84130998857087,0.4960836743786228,0.012637929122590423,0.012553225658911727,0.012718495812697055,0,0,0,1,1,1,0.046873930911638384,0,0,0
TUR.40.25_1,2038,11,albopictus,11.936057665768793,80.86618137104726,0.28775313699995025,8.550576784937866e-5,8.327671507776398e-5,8.776430039132121e-5,0,0,0,1,1,1,0.028365247039931596,0,0,0
TUR.40.25_1,2038,12,albopictus,8.117669834810146,78.28369822913717,0.23668147322420333,0,0,0,0,0,0,1,1,1,0.02264433830843393,0,0,0
TUR.40.25_1,2039,1,albopictus,7.322052836418152,76.74103410689928,0.22893105112296513,0,0,0,0,0,0,1,1,1,0.021911006658677956,0,0,0
TUR.40.25_1,2039,2,albopictus,5.238488355103661,78.1968083328349,0.17124735428755442,0,0,0,0,0,0,1,1,1,0.018180632290368703,0,0,0
TUR.40.25_1,2039,3,albopictus,8.314375723109524,80.90011706837959,0.2102204067347212,0,0,0,0,0,0,1,1,1,0.02013836918211165,0,0,0
TUR.40.25_1,2039,4,albopictus,11.561238569371842,71.09869014135978,0.27797782287684936,1.2450693636093444e-5,1.1945111156130775e-5,1.294216281993139e-5,0,0,0,1,1,1,0.02741497916494251,0,0,0
TUR.40.25_1,2039,5,albopictus,16.049217055825626,72.67161703641851,0.38853949439743785,0.01769749838077385,0.017588525928628137,0.017802972668550385,0,0,0,1,1,1,0.03690247113488554,0,0,0
TUR.40.25_1,2039,6,albopictus,22.062618480009192,66.80400113967505,0.43701789355488246,0.12998185031936146,0.129545208004897,0.13039701577970222,1.310184055701824e-6,1.1946229395043417e-6,1.427220488273151e-6,0.9999986898159443,0.9999985727795117,0.9999988053770604,0.042760626115536327,5.72573711939417e-7,5.220714643233704e-7,6.237206969073039e-7
TUR.40.25_1,2039,7,albopictus,25.322917040656595,63.4404836443122,0.5132050868571584,0.18882256764571145,0.18820295555946867,0.1894517388327145,0.012834221690625766,0.0120637760072275,0.013643463802666816,0.9871657783093742,0.9863565361973332,0.9879362239927725,0.04845186825852421,0.006564921355761355,0.006172065280061642,0.006977438871911093
TUR.40.25_1,2039,8,albopictus,22.721383431378534,82.23088294112353,0.6093986908392693,0.18731170339157327,0.1868220282154103,0.1878077712942874,0.01102778403303991,0.010484450565478544,0.011594217082710889,0.98897221596696006,0.9884057829172892,0.9895155494345215,0.057268783174951654,0.006697771170738398,0.00636884284436589,0.007040598744159917
TUR.40.25_1,2039,9,albopictus,21.254537414101993,74.62940134099817,0.4857201842889987,0.12405636686542057,0.12367498265900685,0.12443260417796036,3.672274317233493e-7,3.372416189195704e-7,3.985899953207195e-7,0.9999996327725683,0.9999996014100048,0.9999996627583811,0.047411267108529054,1.7836975987428615e-7,1.6380504788415794e-7,1.9360318723737893e-7
TUR.40.25_1,2039,10,albopictus,18.77415056789623,80.72704454667634,0.4786569704006559,0.06718170109839956,0.06694712697557383,0.06743096621968557,1.2113754443987546e-14,1.0988432386227488e-14,1.3433698597964394e-14,0.9999999999999879,0.9999999999999866,0.999999999999989,0.0452651703035325,5.8035798389255434e-15,5.218048215738236e-15,6.439293542825908e-15
TUR.40.25_1,2039,11,albopictus,13.076992609921625,74.21576785786367,0.2776447843243446,0.0010895181943003226,0.0010728811165475643,0.001106414350228608,0,0,0,1,1,1,0.02738258779481406,0,0,0
TUR.40.25_1,2039,12,albopictus,8.664145245271571,76.25396647864889,0.22836719443622755,0,0,0,0,0,0,1,1,1,0.021857634039364693,0,0,0
TUR.40.25_1,2040,1,albopictus,8.129188418388367,81.79637010543443,0.2396270408851337,0,0,0,0,0,0,1,1,1,0.022922898658592206,0,0,0
TUR.40.25_1,2040,2,albopictus,7.817198911133935,79.91122483674116,0.18565000254370273,0,0,0,0,0,0,1,1,1,0.01902192830313232,0,0,0
TUR.40.25_1,2040,3,albopictus,7.863422239527982,76.0090571928913,0.22004220813389333,0,0,0,0,0,0,1,1,1,0.021069282149002277,0,0,0
TUR.40.25_1,2040,4,albopictus,13.189096731298111,64.61604319922111,0.29096534874114843,0.001099319748960213,0.0010823316257326263,0.0011159917979196236,0,0,0,1,1,1,0.028677306573344996,0,0,0
TUR.40.25_1,2040,5,albopictus,18.471588920144473,70.41807699735601,0.4066926214367268,0.05246424578482821,0.05224327529304308,0.05267252373965622,0,0,0,1,1,1,0.038592911513351535,0,0,0
TUR.40.25_1,2040,6,albopictus,20.63550780801212,73.31826810744849,0.4574360015066813,0.10502865592021537,0.10468564070825322,0.10536628211126482,3.673443799701026e-9,3.349537214258902e-9,4.0132300871409395e-9,0.9999999963265562,0.9999999959867699,0.9999999966504628,0.04471313379873998,1.6803654429020654e-9,1.5321988927619045e-9,1.8357959624681897e-9
TUR.40.25_1,2040,7,albopictus,23.822157915900736,69.94858606130438,0.5371827706531787,0.18136913138758964,0.18083230617038434,0.1819138102080491,0.005775759194028232,0.005424372660442015,0.0061461346271121185,0.9942242408059717,0.9938538653728879,0.994575627339558,0.050657300782285475,0.003097825060230467,0.0029096383082934467,0.0032961533475872693
TUR.40.25_1,2040,8,albopictus,24.767558434430292,69.78593665206103,0.6378706789174382,0.2019903197087032,0.20131741658905306,0.20256394762522698,0.03834392189481891,0.03660347788021928,0.039852771987871474,0.9616560781051811,0.9601472280121285,0.9633965221197807,0.059862765796272366,0.024161644178113104,0.02307782310448931,0.02510052388025373
TUR.40.25_1,2040,9,albopictus,21.57563574173871,63.67246545842981,0.5084137336915359,0.11240945433700808,0.11199476671801466,0.11280010349213945,2.428567886536559e-8,2.189489167747638e-8,2.670493713108346e-8,0.9999999757143211,0.9999999732950628,0.9999999781051083,0.049570578007419264,1.2347172591575806e-8,1.1131663571473104e-8,1.3577156746102936e-8
TUR.40.25_1,2040,10,albopictus,18.996959405786853,72.69712206132478,0.5010205162363237,0.06491792075714904,0.06466242601747094,0.06516778014421805,4.5582426722035054e-15,4.107825191113079e-15,5.10702591327572e-15,0.9999999999999954,0.9999999999999949,0.9999999999999959,0.04732918660403007,2.3053781106341376e-15,2.1094237467877974e-15,2.55351295663786e-15
TUR.40.25_1,2040,11,albopictus,12.461400607052973,72.26194858296132,0.29061675014586863,3.1915241172799643e-4,3.129515201408801e-4,3.25439047580934e-4,0,0,0,1,1,1,0.028643445810508483,0,0,0
TUR.40.25_1,2040,12,albopictus,8.296759381013759,75.7751609366567,0.23903683999860717,0,0,0,0,0,0,1,1,1,0.022867090119200073,0,0,0
TUR.40.25_1,2041,1,albopictus,7.6835163831710815,75.79068620650865,0.23394532257467487,0,0,0,0,0,0,1,1,1,0.022385511236705402,0,0,0
TUR.40.25_1,2041,2,albopictus,4.007370152894189,71.6108708328349,0.17499818107829712,0,0,0,0,0,0,1,1,1,0.018575120987775917,0,0,0
TUR.40.25_1,2041,3,albopictus,8.42535194228677,76.91199603566474,0.2148248593805553,0,0,0,0,0,0,1,1,1,0.02057489061109341,0,0,0
TUR.40.25_1,2041,4,albopictus,13.460984510533951,67.90945063940666,0.2840663646217222,0.001721311491099677,0.0016961770612111161,0.0017430854950459976,0,0,0,1,1,1,0.028006961381212392,0,0,0
TUR.40.25_1,2041,5,albopictus,17.860634635476504,68.51800680692632,0.39704966584452717,0.04046974018723778,0.04028775164804262,0.040649588632088195,0,0,0,1,1,1,0.03769531800550896,0,0,0
TUR.40.25_1,2041,6,albopictus,22.75832389382755,66.0126803388938,0.4465898862434651,0.1450868724956472,0.1446085748443336,0.14555867878404652,2.4912592639547593e-5,2.281370817055206e-5,2.7112234363216304e-5,0.9999750874073604,0.9999728877656368,0.9999771862918295,0.04367645655829988,1.1125649902658407e-5,1.0188319435353033e-5,1.2107976357986216e-5
TUR.40.25_1,2041,7,albopictus,24.708468493293314,68.41391427785712,0.5244458058565128,0.1958509777514091,0.1952602204248977,0.19644638925290106,0.02420090678481011,0.023042288413783852,0.0253960684377658,0.9757990932151899,0.9746039315622341,0.9769577115862162,0.049486410478836174,0.012611808834287466,0.012011708008798958,0.01323055800897824
TUR.40.25_1,2041,8,albopictus,25.529782631817987,70.9680464848247,0.6227463360940116,0.22124842335709025,0.22062960122516095,0.22191090391033033,0.10091981600764667,0.09869467309514289,0.10330470416831722,0.8990801839923533,0.8966952958316827,0.9013053269048571,0.0584857301184577,0.060913007909466556,0.059611081369172675,0.06230695345622083
TUR.40.25_1,2041,9,albopictus,22.183141540078555,67.81603540471887,0.4963589021110355,0.13509989127633776,0.13464978924048562,0.13550567778449293,3.7217621088881935e-6,3.398715611344083e-6,4.030812407576634e-6,0.9999962782378911,0.9999959691875925,0.9999966012843886,0.04842416049161846,1.8473280446489327e-6,1.686981326431969e-6,2.000727619774767e-6
TUR.40.25_1,2041,10,albopictus,19.99394007290111,74.61706682450837,0.4891409828143005,0.09031612950299124,0.08999130141110442,0.09061881398042894,5.332805841362642e-11,4.8121931439659706e-11,5.85296117128209e-11,0.999999999946672,0.9999999999414705,0.999999999951878,0.046233335705375245,2.6084937543302545e-11,2.3538399007705378e-11,2.862919623591864e-11
TUR.40.25_1,2041,11,albopictus,12.798096278134516,80.78583621723867,0.283726031533601,7.574303688996137e-4,7.451056639978779e-4,7.691535134320028e-4,0,0,0,1,1,1,0.02797388067904616,0,0,0
TUR.40.25_1,2041,12,albopictus,9.053676380830654,76.58329692298483,0.23336911574813188,0,0,0,0,0,0,1,1,1,0.022330996025606176,0,0,0
TUR.40.25_1,2042,1,albopictus,10.18868339061737,83.62454851119615,0.2485889879102532,0,0,0,0,0,0,1,1,1,0.02376993579943565,0,0,0
TUR.40.25_1,2042,2,albopictus,10.660304227296045,79.01876115265912,0.1859520859046163,1.0883298498463252e-11,6.219091996134761e-12,2.124874488794257e-11,0,0,0,1,1,1,0.01972627762943413,0,0,0
TUR.40.25_1,2042,3,albopictus,7.933918798671049,74.57000842580146,0.22827169093893104,0,0,0,0,0,0,1,1,1,0.021848593737897715,0,0,0
TUR.40.25_1,2042,4,albopictus,9.244923872106217,75.35233699194572,0.30184732613373144,0,0,0,0,0,0,1,1,1,0.029733722833280796,0,0,0
TUR.40.25_1,2042,5,albopictus,17.272709678201114,78.46739340360601,0.42190274845477926,0.03592297801466483,0.03575676742575636,0.03608383187280739,0,0,0,1,1,1,0.04000701154300679,0,0,0
TUR.40.25_1,2042,6,albopictus,21.703863368314856,68.71594266799536,0.47454390885195663,0.12481637547803837,0.12437886212428263,0.1252332547370778,4.3408382285126115e-7,3.939076559517085e-7,4.7498436863968595e-7,0.9999995659161771,0.9999995250156314,0.9999996060923441,0.0463460325459647,2.0599181280045454e-7,1.8692646127638213e-7,2.254009135782553e-7
TUR.40.25_1,2042,7,albopictus,24.956870135139017,69.65242059499579,0.5572731724526502,0.20530953336411084,0.20470835857278546,0.20593313343645803,0.04751190955893629,0.045775911850378354,0.0493354487048015,0.9524880904410638,0.9506645512951986,0.9542240881496217,0.05250125053307875,0.026129538208368573,0.025187064695574492,0.027118820574699012
TUR.40.25_1,2042,8,albopictus,25.985707619610956,76.46332007491259,0.6617267646589275,0.2541718981211113,0.2534523912333143,0.25488959723453264,0.2132900363467339,0.2110703218971737,0.215495759383326,0.7867099636532661,0.784504240616674,0.7889296781028262,0.06203071339104893,0.1316317709500539,0.1303555953936206,0.13289856325488486
TUR.40.25_1,2042,9,albopictus,23.243390868691836,70.61091531804895,0.5274281860311234,0.1689739885492124,0.16845804720994828,0.16949091405206795,0.0011766502924006332,0.0010933986344267926,0.0012641978270541891,0.9988233497075993,0.9987358021729458,0.9989066013655733,0.05137605045461846,6.20405730100127e-4,5.765230050742532e-4,6.665513225841913e-4
TUR.40.25_1,2042,10,albopictus,16.76526804531322,71.5290617585904,0.5197584654611791,0.025721942473228593,0.025590892722251703,0.025861631836289728,0,0,0,1,1,1,0.04905514679419998,0,0,0
TUR.40.25_1,2042,11,albopictus,15.157088854733637,71.71018314106679,0.301485690102725,0.009712378125434807,0.009635201972329865,0.009788224718202648,0,0,0,1,1,1,0.029698633874263636,0,0,0
TUR.40.25_1,2042,12,albopictus,9.357670559602626,76.00835338050436,0.24797671376747107,0,0,0,0,0,0,1,1,1,0.023712090173542144,0,0,0
TUR.40.25_1,2043,1,albopictus,8.855417132377625,83.58608110396959,0.244090396116107,0,0,0,0,0,0,1,1,1,0.02334484386612823,0,0,0
TUR.40.25_1,2043,2,albopictus,7.077403226319482,76.2018132156474,0.18258700310353548,0,0,0,0,0,0,1,1,1,0.019372781524477856,0,0,0
TUR.40.25_1,2043,3,albopictus,10.00515159438638,76.26627460011787,0.22414077120541295,0,0,0,0,0,0,1,1,1,0.021457483475133987,0,0,0
TUR.40.25_1,2043,4,albopictus,13.375775617711685,74.06169520727775,0.29638494457031156,0.0016953010257754761,0.0016727373218800728,0.001717523325997387,0,0,0,1,1,1,0.02920358159237524,0,0,0
TUR.40.25_1,2043,5,albopictus,18.550320457009708,70.95723105009039,0.41426778337413933,0.05436903241198237,0.0541478501934395,0.05458110681123474,0,0,0,1,1,1,0.039297441731911076,0,0,0
TUR.40.25_1,2043,6,albopictus,23.73352263955509,69.67484311965552,0.46595632276349247,0.17840351524437953,0.17785781988790894,0.1789349504873287,0.0040618422039573965,0.0037973936150624277,0.004330225247232894,0.9959381577960426,0.9956697747527671,0.9962026063849376,0.045526722247017926,0.0018908490843915673,0.001767855065035684,0.002015661653048195
TUR.40.25_1,2043,7,albopictus,24.94756799585679,66.49525125295477,0.5471884758545917,0.1935973849892165,0.19297964088972497,0.19420195416993313,0.019999305771840822,0.018935847312958488,0.021068422480279264,0.9800006942281592,0.9789315775197207,0.9810641526870415,0.05157609876591063,0.010883682899528395,0.010307982245298553,0.01146220063292729
TUR.40.25_1,2043,8,albopictus,23.423367836896112,73.94647437178759,0.64975182313603,0.18354837437918775,0.1830152114748971,0.1840637366910667,0.007389704389426243,0.006961485380555413,0.00781829274831109,0.9926102956105738,0.9921817072516889,0.9930385146194446,0.06094310324908969,0.0047899550123510935,0.00451302338404917,0.005067068842171596
TUR.40.25_1,2043,9,albopictus,22.658719848184024,69.5879279523263,0.5178835793708412,0.1512617957811475,0.15078012058267007,0.1517356611785162,7.406280018958733e-5,6.812551603498085e-5,8.023765271983619e-5,0.9999259371998104,0.9999197623472802,0.999931874483965,0.050470193974504696,3.835517110487885e-5,3.5280463720516184e-5,4.1552899445224116e-5
TUR.40.25_1,2043,10,albopictus,16.56658526027904,77.46976610429353,0.5103526539354254,0.025124989641101752,0.024985262451031148,0.025257717236543794,0,0,0,1,1,1,0.048189164851529465,0,0,0
TUR.40.25_1,2043,11,albopictus,11.138313868466547,81.0751504872582,0.2960298528874487,6.84261382310887e-7,6.375649149784684e-7,7.3395745759014e-7,0,0,0,1,1,1,0.029169108806935906,0,0,0
TUR.40.25_1,2043,12,albopictus,7.511852993684657,78.49511638099264,0.24348920199524238,0,0,0,0,0,0,1,1,1,0.023288020341728388,0,0,0
TUR.40.25_1,2044,1,albopictus,9.145597338676453,87.21371324508287,0.24895723829202762,0,0,0,0,0,0,1,1,1,0.023804725220873846,0,0,0
TUR.40.25_1,2044,2,albopictus,9.21246162933462,77.19288682404584,0.19287853220348108,0,0,0,0,0,0,1,1,1,0.019755208836219396,0,0,0
TUR.40.25_1,2044,3,albopictus,9.699013555751126,78.45962634572334,0.22860984404073656,0,0,0,0,0,0,1,1,1,0.021880602723710396,0,0,0
TUR.40.25_1,2044,4,albopictus,12.913131994359635,73.55007563940666,0.3022944714156715,8.17883490558351e-4,8.038190759932697e-4,8.313306412363047e-4,0,0,0,1,1,1,0.02977710686213142,0,0,0
TUR.40.25_1,2044,5,albopictus,18.247862647561465,67.94635153348882,0.42252773932624227,0.04669656181200537,0.04648360489415978,0.04690203384821719,0,0,0,1,1,1,0.040065073031102405,0,0,0
TUR.40.25_1,2044,6,albopictus,22.443052516264075,78.59591703322974,0.47524688035955437,0.16813705321642544,0.16767511799808008,0.16859434901457163,0.0010453193389955687,9.781943441943748e-4,0.0011146700763117467,0.9989546806610045,0.9988853299236883,0.9990218056558056,0.04641306934641187,4.966612306469755e-4,4.6477576872801794e-4,5.296031870954954e-4
TUR.40.25_1,2044,7,albopictus,25.14954667932847,71.67208154470282,0.5580986959814013,0.21696640069324924,0.21629876027433603,0.2175737803876104,0.08564375597562673,0.08329435235041696,0.08778841074847683,0.9143562440243732,0.9122115892515231,0.916705647649583,0.052576942591266884,0.04667315091616987,0.0454225235371967,0.04781372618658331
TUR.40.25_1,2044,8,albopictus,24.566508629742792,67.47809821211962,0.6627070218125709,0.18974688416534224,0.18909756447275322,0.1903611536525468,0.014043451074133625,0.013180416775516545,0.014888187732713885,0.9859565489258664,0.9851118122672861,0.9868195832244835,0.06211968830975123,0.009263480621611564,0.008696717606140875,0.009817992262518513
TUR.40.25_1,2044,9,albopictus,20.932477782754336,69.44416727117395,0.5282094983189173,0.10657808447649875,0.10621118125897402,0.10695683486915906,5.526667094302163e-9,5.014043880091634e-9,6.093016302610721e-9,0.9999999944733329,0.9999999939069837,0.9999999949859562,0.05145016471408925,2.919238049181594e-9,2.648465577403947e-9,3.218389102443986e-9
TUR.40.25_1,2044,10,albopictus,14.403353410608629,82.00324388749665,0.5205284161132395,0.006036129123771349,0.005987899732190859,0.006088445078032497,0,0,0,1,1,1,0.04912600034251546,0,0,0
TUR.40.25_1,2044,11,albopictus,12.007071116391351,80.50864505512929,0.3019322996706433,1.0808299705233498e-4,1.0522913551128974e-4,1.1084832694151522e-4,0,0,0,1,1,1,0.029741967493983612,0,0,0
TUR.40.25_1,2044,12,albopictus,9.137903942781337,79.93866649085592,0.24834405714934688,0,0,0,0,0,0,1,1,1,0.023746795966571588,0,0,0
TUR.40.25_1,2045,1,albopictus,8.56930148601532,83.87981279342272,0.23722099037537248,0,0,0,0,0,0,1,1,1,0.02269536602233635,0,0,0
TUR.40.25_1,2045,2,albopictus,7.2442142156993645,75.88108109894819,0.17744847972342542,0,0,0,0,0,0,1,1,1,0.018832742603409613,0,0,0
TUR.40.25_1,2045,3,albopictus,8.92027553390054,77.3280498076374,0.21783280528397322,0,0,0,0,0,0,1,1,1,0.02085995148214359,0,0,0
TUR.40.25_1,2045,4,albopictus,12.531171125524185,78.97468196264884,0.2880438198390865,4.2782202321108937e-4,4.199083800794766e-4,4.3559966112774126e-4,0,0,0,1,1,1,0.028393490384296283,0,0,0
TUR.40.25_1,2045,5,albopictus,19.137463401345645,68.1158537917896,0.40260909653273647,0.06376081473006015,0.06351916209467962,0.06401410635984073,2.7294833060409474e-15,2.4424906541753444e-15,3.000377724049483e-15,0.9999999999999972,0.999999999999997,0.9999999999999976,0.038212907744154645,1.0950129691877918e-15,9.992007221626409e-16,1.2212453270876722e-15
TUR.40.25_1,2045,6,albopictus,22.62001060037052,66.26879911330786,0.4528429717695413,0.14238366906226715,0.14191481381779278,0.14282700681938515,1.51493339665979e-5,1.3867061856451257e-5,1.643647200506304e-5,0.9999848506660334,0.9999835635279949,0.9999861329381435,0.04427426692162828,6.860245838151036e-6,6.2795817840966e-6,7.443113128044465e-6
TUR.40.25_1,2045,7,albopictus,25.864544924567728,66.55700357229071,0.5317890184522966,0.20831527111747802,0.2076498566042412,0.2089951697748571,0.05659339725914245,0.05452172530844775,0.05873255378108518,0.9434066027408575,0.9412674462189149,0.9454782746915522,0.05016163730809364,0.0296472139161747,0.028577760236880443,0.03075060548572241
TUR.40.25_1,2045,8,albopictus,25.0741647271549,67.77806311690478,0.63146593817323,0.20053529304600134,0.19991428102899694,0.20116994315993547,0.03464666688860195,0.03312654935089629,0.03622891824252488,0.965353333111398,0.9637710817574751,0.9668734506491037,0.05927987531039036,0.021640470086971394,0.020701017794618377,0.02261762597524209
TUR.40.25_1,2045,9,albopictus,22.11063558915082,65.91043390325403,0.5033088460352864,0.12931112854039123,0.12886593364868942,0.12972994315409453,1.1385344964723875e-6,1.0355812986972968e-6,1.2417610661286106e-6,0.9999988614655035,0.9999987582389338,0.9999989644187013,0.04908527060352308,5.73034319050314e-7,5.212170925972259e-7,6.249891339793479e-7
TUR.40.25_1,2045,10,albopictus,17.555947976953846,75.69465013749665,0.4959898625002578,0.03924835417758499,0.03908047747761552,0.039420792423026346,0,0,0,1,1,1,0.04686527785169581,0,0,0
TUR.40.25_1,2045,11,albopictus,13.291804888669184,76.14013766987539,0.2876987214574086,0.0015587795899927816,0.001537086064420804,0.001580015103896187,0,0,0,1,1,1,0.028359959822322867,0,0,0
TUR.40.25_1,2045,12,albopictus,9.72923542471493,79.99261393958639,0.2366367155860787,0,0,0,0,0,0,1,1,1,0.022640104996263455,0,0,0
TUR.40.25_1,2046,1,albopictus,7.462394595146179,81.72478349654772,0.24610812235724502,0,0,0,0,0,0,1,1,1,0.02353553067457259,0,0,0
TUR.40.25_1,2046,2,albopictus,7.824173131409814,77.49475907746381,0.18409632339353782,0,0,0,0,0,0,1,1,1,0.019531348762710676,0,0,0
TUR.40.25_1,2046,3,albopictus,9.07266696761636,75.20460620412177,0.22599358771505942,0,0,0,0,0,0,1,1,1,0.021632925139122294,0,0,0
TUR.40.25_1,2046,4,albopictus,13.07042340671315,75.36540614477775,0.2988349536229139,0.001099367629273677,0.0010837798741089094,0.0011160011533990907,0,0,0,1,1,1,0.02944139845984506,0,0,0
TUR.40.25_1,2046,5,albopictus,18.42200548508588,72.27919912870367,0.41769224820631756,0.052855357681340295,0.05263621021432644,0.05307749283937714,0,0,0,1,1,1,0.03961576564000979,0,0,0
TUR.40.25_1,2046,6,albopictus,23.691704020780676,65.47865323928443,0.469808060949934,0.16507053016713294,0.1645503890526529,0.16558572780954747,6.705012587807966e-4,6.203386568270491e-4,7.227874393198802e-4,0.9993294987412192,0.9992772125606801,0.9993796613431729,0.04589428957100461,3.1495720782998736e-4,2.9139763695516514e-4,3.3951371751377024e-4
TUR.40.25_1,2046,7,albopictus,25.33384614832261,68.19899041921454,0.5517117039870698,0.20674378440534666,0.20608333828741293,0.207388966617562,0.051761301577893305,0.049780294475946424,0.053719553818742875,0.9482386984221067,0.9462804461812571,0.9502197055240535,0.05199116317438679,0.028153254134355092,0.027090654362417053,0.02920281670501269
TUR.40.25_1,2046,8,albopictus,26.86077056211584,67.0876868351665,0.655122871422359,0.2210938986974399,0.2203341024594318,0.22182415388291396,0.1003641498370192,0.09763382754808965,0.10299215052634221,0.8996358501629808,0.8970078494736577,0.9023661724519103,0.06143107834782757,0.0636354834766555,0.06195949952595899,0.06524658653122185
TUR.40.25_1,2046,9,albopictus,20.77777654984418,78.67745126775598,0.5221645642214452,0.11769224598523273,0.11734327754756321,0.11805678382140122,8.642130925617941e-8,7.955483487809279e-8,9.40265882432012e-8,0.9999999135786908,0.9999999059734117,0.9999999204451651,0.05087659924903598,4.512614426765982e-8,4.154071484296918e-8,4.909735132063719e-8
TUR.40.25_1,2046,10,albopictus,16.477159219629627,78.65501543290681,0.5145713858415758,0.02434151738356375,0.02420792554289163,0.0244705999454115,0,0,0,1,1,1,0.04857767599710183,0,0,0
TUR.40.25_1,2046,11,albopictus,13.35946712774389,77.4897012685082,0.2984769266430548,0.0017533739742643072,0.001731476602492018,0.0017745270389696918,0,0,0,1,1,1,0.029406649221301873,0,0,0
TUR.40.25_1,2046,12,albopictus,8.344104542451747,82.81979289466452,0.2455019585809863,0,0,0,0,0,0,1,1,1,0.023478248601885743,0,0,0
TUR.40.25_1,2047,1,albopictus,5.990073084831238,77.523558215786,0.24657987203822163,0,0,0,0,0,0,1,1,1,0.02358010837977098,0,0,0
TUR.40.25_1,2047,2,albopictus,7.472346463624169,77.53654527131147,0.18444920643127763,0,0,0,0,0,0,1,1,1,0.019568418500072404,0,0,0
TUR.40.25_1,2047,3,albopictus,9.444866979823392,76.90793719777412,0.22642678106880246,0,0,0,0,0,0,1,1,1,0.02167393932274353,0,0,0
TUR.40.25_1,2047,4,albopictus,13.26662759219899,74.33655177466056,0.2994077721576538,0.001459344467081703,0.0014393879731686868,0.00148012943991589,0,0,0,1,1,1,0.02949699226317315,0,0,0
TUR.40.25_1,2047,5,albopictus,18.45324976303998,73.2359938674732,0.4184928970550854,0.05415886372109555,0.05394004838746571,0.054379265929668144,0,0,0,1,1,1,0.039690175389350824,0,0,0
TUR.40.25_1,2047,6,albopictus,23.461242900175208,65.56646757033911,0.4707086074282484,0.16022815695881623,0.15970118164788685,0.16078109456301123,3.213843529296998e-4,2.9569011510206523e-4,3.4997152075546823e-4,0.9996786156470703,0.9996500284792446,0.9997043098848979,0.045980207356045244,1.5126691873358321e-4,1.3917419668278697e-4,1.6472103917345715e-4
TUR.40.25_1,2047,7,albopictus,25.512303408454446,64.45665414602118,0.5527692465738568,0.19529012298614107,0.19461434905964467,0.19596371183297512,0.023105740518172702,0.021823493409619282,0.02442023293904264,0.9768942594818273,0.9755797670609574,0.9781765065903807,0.05208818011796201,0.01269086247594068,0.011990885435800461,0.013408054151105587
TUR.40.25_1,2047,8,albopictus,25.216590264264276,70.02182990157274,0.6563786365821345,0.21170889635732612,0.21106522354240004,0.212335709316055,0.06756809773642403,0.06543322993444331,0.06966186192888081,0.932431902263576,0.9303381380711192,0.9345667700655568,0.06154513162573161,0.04338092471206228,0.042039730536046455,0.04469494286153068
TUR.40.25_1,2047,9,albopictus,21.312169860391055,72.46507181218958,0.52316546969433,0.12163078618350467,0.12123692534781687,0.12202932845047233,2.137664462368294e-7,1.9535989945196341e-7,2.3361137293509416e-7,0.9999997862335538,0.9999997663886271,0.9999998046401005,0.050971592775605035,1.1183521698077126e-7,1.022055483385076e-7,1.2221739613405003e-7
TUR.40.25_1,2047,10,albopictus,17.26484079921947,78.66521593339509,0.5155577364129645,0.03589065777012694,0.03572709362828117,0.03606133584672598,0,0,0,1,1,1,0.04866848804541879,0,0,0
TUR.40.25_1,2047,11,albopictus,13.3135925321018,80.32074069721914,0.2990490588976675,0.0017213924984980998,0.0016984526948527377,0.0017434895813689991,0,0,0,1,1,1,0.029462178408994122,0,0,0
TUR.40.25_1,2047,12,albopictus,10.230803265291103,79.02600017005514,0.24597254634351287,0,0,0,0,0,0,1,1,1,0.023522719123401314,0,0,0
TUR.40.25_1,2048,1,albopictus,7.3963383436203,77.28217180221178,0.25012384286707373,0,0,0,0,0,0,1,1,1,0.02391492872963452,0,0,0
TUR.40.25_1,2048,2,albopictus,4.839781918946435,76.18595170441694,0.19378235399890453,0,0,0,0,0,0,1,1,1,0.019846856269666202,0,0,0
TUR.40.25_1,2048,3,albopictus,7.208413923487943,75.34498706349677,0.22968110146545812,0,0,0,0,0,0,1,1,1,0.02198199917740129,0,0,0
TUR.40.25_1,2048,4,albopictus,12.208687109105728,76.72686396948478,0.3037110123276132,1.8356053855008442e-4,1.7961775234431431e-4,1.8815984932560876e-4,0,0,0,1,1,1,0.029914533170585456,0,0,0
TUR.40.25_1,2048,5,albopictus,18.504517386941348,73.37972403104742,0.42450768896403385,0.05528135161292583,0.05504694463822937,0.05549515446588136,0,0,0,1,1,1,0.04024898665064647,0,0,0
TUR.40.25_1,2048,6,albopictus,23.437608943266028,63.6748011579856,0.4774738699771589,0.1546279342256314,0.1541062322156416,0.15513826555449742,1.3055746871343764e-4,1.1962284467823824e-4,1.4191826736960068e-4,0.9998694425312865,0.9998580817326305,0.9998803771553217,0.04662540852108232,6.233583336891547e-5,5.711515145382095e-5,6.775996853097821e-5
TUR.40.25_1,2048,7,albopictus,25.394818362067728,71.59763391286688,0.5607139261973447,0.22140951692145514,0.22072620741534305,0.22207837339366993,0.10149953179861583,0.09904170644890048,0.10390822847927819,0.8985004682013842,0.8960917715207218,0.9009582935510995,0.0528166925164123,0.055322765325274754,0.0540202008102006,0.05659800246351703
TUR.40.25_1,2048,8,albopictus,25.987611153546503,65.3988097294536,0.66581244284337,0.2052437848538274,0.20456048424477793,0.20593871948790388,0.047322480106688034,0.04535454541191593,0.04935196044674654,0.952677519893312,0.9506480395532535,0.9546454545880841,0.06240150208205797,0.03101644961547658,0.029746227603220755,0.03232515236932599
TUR.40.25_1,2048,9,albopictus,20.22926695206586,66.27544321111536,0.5306846688403659,0.08535128570792512,0.08504510441616235,0.0856686867188439,1.081838851835215e-11,9.760181551854431e-12,1.1997883242464979e-11,0.9999999999891817,0.9999999999880022,0.9999999999902398,0.051684917919222584,5.7411512210947534e-12,5.179626172413521e-12,6.367095739534534e-12
TUR.40.25_1,2048,10,albopictus,17.495971399195057,79.77768083818025,0.5229675933624943,0.04035645037097239,0.04017317203843006,0.04053339495770289,0,0,0,1,1,1,0.04935042710133308,0,0,0
TUR.40.25_1,2048,11,albopictus,13.965835192624262,83.13065433247304,0.303347143458944,0.003984580344335739,0.0039462273707555565,0.004023939002900711,0,0,0,1,1,1,0.02987923413824567,0,0,0
TUR.40.25_1,2048,12,albopictus,7.8782613417681535,79.68799510413717,0.24950778837983273,0,0,0,0,0,0,1,1,1,0.023856734583187156,0,0,0
TUR.40.25_1,2049,1,albopictus,8.102640986442566,79.46130998580553,0.2760329404714609,0,0,0,0,0,0,1,1,1,0.02635923246808103,0,0,0
TUR.40.25_1,2049,2,albopictus,8.82403103393667,77.97892808381147,0.20648099294560837,0,0,0,0,0,0,1,1,1,0.021880045425961336,0,0,0
TUR.40.25_1,2049,3,albopictus,11.220731580958645,72.87274280080146,0.25347263612100956,1.12992886677964e-6,1.060550562562659e-6,1.2066316031286067e-6,0,0,0,1,1,1,0.024231203971873394,0,0,0
TUR.40.25_1,2049,4,albopictus,15.600950521581314,67.312732804934,0.33517094102423567,0.012456004607459173,0.01237441230091445,0.01254345440902901,0,0,0,1,1,1,0.032961619563008915,0,0,0
TUR.40.25_1,2049,5,albopictus,19.141165565041934,66.74781942899664,0.4684803507507275,0.06261874646895704,0.06237296015574687,0.0628601605796331,1.6295853555448049e-15,1.4432899320127035e-15,1.7763568394002505e-15,0.9999999999999983,0.9999999999999982,0.9999999999999986,0.04432445167993604,7.69939667577546e-16,6.661338147750939e-16,7.771561172376096e-16
TUR.40.25_1,2049,6,albopictus,21.96937011269962,66.70300321487036,0.5269330377197441,0.12748032341398516,0.1270445177557125,0.12792444622131796,7.724721098851805e-7,7.028789491603238e-7,8.482846329538329e-7,0.9999992275278902,0.999999151715367,0.9999992971210507,0.0513290783370447,4.070409923845331e-7,3.703700711926716e-7,4.4698909863194467e-7
TUR.40.25_1,2049,7,albopictus,25.82238489038804,63.78619439870673,0.6187955216000935,0.19689584525956183,0.19621149839745705,0.19754175673530164,0.026333252560925533,0.024918097581397777,0.02770209806025057,0.9736667474390744,0.9722979019397494,0.9750819024186022,0.058125685659155435,0.016162756677831427,0.015300939857683715,0.016995847193295246
TUR.40.25_1,2049,8,albopictus,27.22780928892248,72.41724616133837,0.7347806762197137,0.24954053174802682,0.24873882163250396,0.2502682896903669,0.19878528417667962,0.19622648256997866,0.201098671726338,0.8012147158233204,0.798901328273662,0.8037735174300213,0.06863852092220557,0.13589687924919872,0.13427106503290565,0.137364825238027
TUR.40.25_1,2049,9,albopictus,25.00066358902875,67.41797555974817,0.5856556812977587,0.19787371335698212,0.1972705307519378,0.19850547007896982,0.02843141531175384,0.027119299092842775,0.02983526448286456,0.9715685846882461,0.9701647355171354,0.9728807009071572,0.05688360000619963,0.016513072195276805,0.015757108648895714,0.01732142118552163
TUR.40.25_1,2049,10,albopictus,19.18935366237865,71.40546556718415,0.5771392319597836,0.06787776868292579,0.06762337124681038,0.06814369258470464,1.6248669076901477e-14,1.454392162258955e-14,1.8096635301390052e-14,0.9999999999999838,0.9999999999999819,0.9999999999999855,0.05432108771864563,9.376721621379147e-15,8.43769498715119e-15,1.0436096431476471e-14
TUR.40.25_1,2049,11,albopictus,12.1441646603977,73.55136203510976,0.3347693807706689,1.4164053976637724e-4,1.381451797288778e-4,1.451953011216546e-4,0,0,0,1,1,1,0.03292278636559498,0,0,0
TUR.40.25_1,2049,12,albopictus,9.330528034883388,81.45421519691061,0.2753530719325221,0,0,0,0,0,0,1,1,1,0.026295170903317566,0,0,0
TUR.40.25_1,2050,1,albopictus,7.367948412895203,74.36976488082506,0.24635259745677815,0,0,0,0,0,0,1,1,1,0.023558632457580275,0,0,0
TUR.40.25_1,2050,2,albopictus,8.241356053773096,79.26241349640912,0.18427919816643942,0,0,0,0,0,0,1,1,1,0.01955055960828256,0,0,0
TUR.40.25_1,2050,3,albopictus,9.455674970851224,76.35481372365302,0.22621808174768748,0,0,0,0,0,0,1,1,1,0.021654180156948533,0,0,0
TUR.40.25_1,2050,4,albopictus,15.057668012731217,72.8248177658715,0.2991318056907416,0.009157338585312404,0.009092177760881856,0.00922951241185939,0,0,0,1,1,1,0.029470209264997105,0,0,0
TUR.40.25_1,2050,5,albopictus,17.306254218606387,70.95012045438726,0.4181071689044904,0.0330165600554618,0.0328435923353298,0.0331747496433105,0,0,0,1,1,1,0.03965432776551325,0,0,0
TUR.40.25_1,2050,6,albopictus,24.01920722512638,65.45107297805396,0.4702747516522242,0.1719993788032248,0.17142924843802482,0.17257466405848876,0.0017847493118462953,0.0016510711283552026,0.0019267255664439072,0.9982152506881538,0.9980732744335561,0.9983489288716448,0.04593881575840464,8.38969865768952e-4,7.761557000317748e-4,9.056800113216301e-4
TUR.40.25_1,2050,7,albopictus,24.48257547266343,71.05387170583563,0.5522597548699663,0.20042687595487158,0.19982277965604667,0.2010445658625443,0.03437902618433801,0.03290663443944099,0.03591214629073792,0.965620973815662,0.9640878537092621,0.9670933655605589,0.052041441558484,0.018806961144616892,0.018008876493332687,0.01963745623033633
TUR.40.25_1,2050,8,albopictus,26.663495400372675,68.71257239424853,0.6557736472994955,0.22681693891471563,0.2260209489812539,0.22751657991196705,0.12100737246993604,0.1181380906963284,0.12352705407821626,0.878992627530064,0.8764729459217837,0.8818619093036716,0.061490185971711186,0.07628622697769766,0.07454692133873973,0.07781164507919128
TUR.40.25_1,2050,9,albopictus,24.61947233536664,63.40607370427942,0.5226832640213056,0.1772217359677382,0.1766329220788929,0.17783975783128556,0.003512317839957277,0.0032610558935289996,0.0037889629372253957,0.9964876821600427,0.9962110370627746,0.996738944106471,0.05092582898405351,0.0018341431484067733,0.0017030475045884952,0.00197846776264029
TUR.40.25_1,2050,10,albopictus,14.98483248317943,73.73350664384431,0.5150825428467394,0.008768962271594984,0.008704807817339143,0.008835113078734925,0,0,0,1,1,1,0.04862473865750305,0,0,0
TUR.40.25_1,2050,11,albopictus,11.972405054989984,75.07904910786367,0.2987734230595505,8.434651000499163e-5,8.199070776987922e-5,8.673865157934364e-5,0,0,0,1,1,1,0.0294354265397192,0,0,0
TUR.40.25_1,2050,12,albopictus,10.490294232087978,75.13155284339499,0.24574583153887491,1.5055743194371654e-19,3.902875024127892e-22,6.494714163300294e-19,0,0,0,1,1,1,0.023501294837798725,0,0,0
TUR.40.25_1,2051,1,albopictus,6.5293930768966675,77.23901994674303,0.2500138847353938,0,0,0,0,0,0,1,1,1,0.02390454204623005,0,0,0
TUR.40.25_1,2051,2,albopictus,6.104914346162011,77.43164872590131,0.1870179518508963,0,0,0,0,0,0,1,1,1,0.019838218420930587,0,0,0
TUR.40.25_1,2051,3,albopictus,9.112259710536282,77.26399341115302,0.22958013026451282,0,0,0,0,0,0,1,1,1,0.021972442519217816,0,0,0
TUR.40.25_1,2051,4,albopictus,14.437054914586685,69.65480433813713,0.3035774964856072,0.005218480955268668,0.0051713093521923974,0.005269113498388674,0,0,0,1,1,1,0.029901580906326886,0,0,0
TUR.40.25_1,2051,5,albopictus,17.5818374858183,81.57102346952398,0.42432106912073064,0.04288551062788209,0.04270549502023129,0.04306281540258962,0,0,0,1,1,1,0.04023165340538071,0,0,0
TUR.40.25_1,2051,6,albopictus,22.996561274808997,74.61711912063208,0.47726396541921323,0.1736593330297027,0.17318090502957795,0.17414910899017255,0.0022259243844244114,0.002088635318335924,0.00237234578976272,0.9977740756155756,0.9976276542102372,0.9979113646816641,0.046605396543834665,0.0010617887745926159,9.96333703984245e-4,0.0011315944225829655
TUR.40.25_1,2051,7,albopictus,26.312417086432962,65.98093850881415,0.5604674280825515,0.211319210381683,0.21060371174126227,0.212006588050314,0.06627541931598367,0.0639179382450523,0.06855873712894926,0.9337245806840163,0.9314412628710508,0.9360820617549477,0.05279409751469033,0.03646357846443576,0.035189840068020464,0.03769606654385829
TUR.40.25_1,2051,8,albopictus,25.141026833478143,70.03675681197313,0.6655197418700237,0.2103700557343535,0.2097345574933923,0.21104791512883947,0.06315838586396373,0.06109683787728449,0.06537619254764056,0.9368416141360363,0.9346238074523595,0.9389031621227155,0.06237494338401206,0.04116176053781647,0.03984557853521604,0.042576203301445764
TUR.40.25_1,2051,9,albopictus,21.436551879434024,78.8841926007638,0.5304513720301617,0.1377307264855123,0.13732130135287496,0.13811760254009564,6.245946027154448e-6,5.762686464025335e-6,6.728150520263209e-6,0.9999937540539728,0.9999932718494797,0.999994237313536,0.05166279377277716,3.3131651426236973e-6,3.0568202693176393e-6,3.568950305979368e-6
TUR.40.25_1,2051,10,albopictus,17.07334681118236,78.96591326005525,0.5227376890925288,0.03297190394355069,0.03282279378094582,0.033128332695136875,0,0,0,1,1,1,0.04932927605352022,0,0,0
TUR.40.25_1,2051,11,albopictus,13.227100947323969,73.6458063100121,0.30321378757906126,0.001360487986147148,0.0013400415285518973,0.001378136540883603,0,0,0,1,1,1,0.029866296921150726,0,0,0
TUR.40.25_1,2051,12,albopictus,10.937529339509853,77.22836223060202,0.2493981010747947,3.607937593905742e-8,3.209605934863267e-8,4.071293862856864e-8,0,0,0,1,1,1,0.02384637286456892,0,0,0
TUR.40.25_1,2052,1,albopictus,8.699374079704285,77.30132158248522,0.248172986662918,0,0,0,0,0,0,1,1,1,0.02373063375757878,0,0,0
TUR.40.25_1,2052,2,albopictus,8.990089574280908,73.61256455842084,0.19227093668170148,0,0,0,0,0,0,1,1,1,0.019693593898601258,0,0,0
TUR.40.25_1,2052,3,albopictus,9.707980001673977,78.48644366750068,0.22788968967266338,0,0,0,0,0,0,1,1,1,0.021812432900882084,0,0,0
TUR.40.25_1,2052,4,albopictus,14.936945242040299,70.55149470678947,0.3013421997191142,0.008083485124375516,0.00801835154114859,0.008150148473997242,0,0,0,1,1,1,0.02968471088284874,0,0,0
TUR.40.25_1,2052,5,albopictus,19.43949015000287,63.68303061063726,0.42119671529101455,0.06578346948235927,0.06552236160637394,0.06606214899404249,6.653122497368713e-15,5.88418203051333e-15,7.441269822550109e-15,0.9999999999999933,0.9999999999999926,0.9999999999999941,0.03994141702276277,2.8018698472465074e-15,2.4424906541753444e-15,3.1114000265119987e-15
TUR.40.25_1,2052,6,albopictus,23.42225097207462,73.33080320266333,0.473749783337157,0.18161917837161076,0.18108544194498688,0.18216238466089163,0.005944413842227418,0.005586597854431494,0.006322864260330305,0.9940555861577726,0.9936771357396698,0.9944134021455685,0.04627029744406119,0.0028121992340221216,0.0026431502340361706,0.0029909736719591295
TUR.40.25_1,2052,7,albopictus,26.1218443477855,67.67174585134345,0.5563406036498421,0.21628426217767163,0.21554523550303628,0.21701688729381777,0.08324543791722311,0.08065943005640126,0.08582045731039487,0.9167545620827768,0.9141795426896052,0.9193405699435987,0.05241573624457896,0.04525649554978753,0.04388216581141631,0.046623518948377476
TUR.40.25_1,2052,8,albopictus,25.30547271055334,69.53627616011767,0.6606193979899236,0.21146279817509572,0.2107899170058005,0.2120961149607818,0.0667506003420157,0.06452791023989211,0.06885829292272819,0.9332493996579843,0.9311417070772718,0.9354720897601079,0.06193019097997188,0.043138358434210745,0.04173257358056295,0.044470005156590664
TUR.40.25_1,2052,9,albopictus,21.740865539101993,71.48259653142786,0.5265455613215047,0.13127749834785435,0.13086810919868497,0.1317078198513832,1.7144457489446374e-6,1.5738410582888384e-6,1.8715780997408115e-6,0.9999982855542511,0.9999981284219003,0.9999984261589417,0.05129231886569385,9.027333909730207e-7,8.286986800526419e-7,9.854706555262327e-7
TUR.40.25_1,2052,10,albopictus,17.81025095546947,82.20108934648103,0.5188886756456182,0.04759913889149452,0.04740221255074653,0.04780269074207315,0,0,0,1,1,1,0.04897509934643707,0,0,0
TUR.40.25_1,2052,11,albopictus,10.482105830136469,78.45523166401601,0.3009811688679319,2.4724289584346406e-20,4.2038715427751957e-23,1.2461933186226494e-19,0,0,0,1,1,1,0.029649678874996255,0,0,0
TUR.40.25_1,2052,12,albopictus,6.089906944948085,79.2762824576528,0.2475617371303137,0,0,0,0,0,0,1,1,1,0.023672882611402768,0,0,0
TUR.40.25_1,2053,1,albopictus,3.362511992454529,78.85212572066881,0.2485453759095431,0,0,0,0,0,0,1,1,1,0.023765815595942263,0,0,0
TUR.40.25_1,2053,2,albopictus,4.604852357331445,84.69654893342084,0.18591946280827285,0,0,0,0,0,0,1,1,1,0.019722851241579353,0,0,0
TUR.40.25_1,2053,3,albopictus,8.884759748683255,71.84021106252021,0.22823164336791427,0,0,0,0,0,0,1,1,1,0.02184480283494772,0,0,0
TUR.40.25_1,2053,4,albopictus,14.4134438458611,70.44423304907463,0.30179437058685726,0.005163289570787873,0.005112619686081621,0.00521021447015686,0,0,0,1,1,1,0.02972858472154416,0,0,0
TUR.40.25_1,2053,5,albopictus,18.557640861062442,62.28338003690679,0.4218287306025812,0.04833796398536243,0.04811404914127814,0.04856853948670509,0,0,0,1,1,1,0.040000135071366016,0,0,0
TUR.40.25_1,2053,6,albopictus,22.94093917397892,64.6701624861106,0.47446065573015184,0.14611206648774716,0.14560860491951533,0.14660124805482067,2.9987840159300562e-5,2.7358124435947208e-5,3.270864953337227e-5,0.9999700121598407,0.9999672913504667,0.999972641875564,0.04633809304592418,1.4227948879747209e-5,1.298026941504715e-5,1.551884688705818e-5
TUR.40.25_1,2053,7,albopictus,25.84709077722886,66.2631040361579,0.5571754054590393,0.20693300588398292,0.20625612666353269,0.207622484402163,0.05233405249296024,0.05029420269608483,0.05443733546912056,0.9476659475070398,0.9455626645308794,0.9497057973039151,0.05249228589994259,0.028738043584684066,0.027633699141542137,0.02987577091358051
TUR.40.25_1,2053,8,albopictus,25.731767037335565,70.46139746749071,0.6616106725167421,0.22254445138570705,0.22185108549291022,0.22323043298243486,0.1055890597779576,0.10308917736491717,0.10806406704301987,0.8944109402220424,0.89193593295698,0.8969108226350828,0.062020175506326214,0.06747424611311506,0.06593093675096666,0.06900031501818424
TUR.40.25_1,2053,9,albopictus,23.26850683548871,69.10706628850794,0.527335654987745,0.16541685571102907,0.16490400278936562,0.1659181085986848,7.055584457376295e-4,6.537239450716715e-4,7.588310271294751e-4,0.9992944415542624,0.9992411689728705,0.9993462760549283,0.05136727269762531,3.71996815382997e-4,3.446725315257804e-4,4.0007860391687853e-4
TUR.40.25_1,2053,10,albopictus,18.73069353664623,71.77300401933259,0.5196672799796526,0.058575882057969715,0.05830577742820314,0.05881163062104407,2.23487894857044e-16,2.220446049250313e-16,2.220446049250313e-16,0.9999999999999998,0.9999999999999998,0.9999999999999998,0.04904675523804469,1.1246559239452835e-16,1.1102230246251565e-16,1.1102230246251565e-16
TUR.40.25_1,2053,11,albopictus,13.396669009152582,79.21240329487539,0.3014327980006195,0.0018966447727340296,0.001871856209164959,0.001920609827799914,0,0,0,1,1,1,0.029693501732798167,0,0,0
TUR.40.25_1,2053,12,albopictus,9.575589909273036,78.77712169105124,0.24793320918302494,0,0,0,0,0,0,1,1,1,0.02370797987458495,0,0,0
TUR.40.25_1,2054,1,albopictus,7.335330843925476,81.24329240768053,0.23699858799274645,0,0,0,0,0,0,1,1,1,0.022674331452832264,0,0,0
TUR.40.25_1,2054,2,albopictus,9.393158116761377,79.26503800812787,0.177282116010748,0,0,0,0,0,0,1,1,1,0.018815253451715974,0,0,0
TUR.40.25_1,2054,3,albopictus,8.580151403651517,76.09423175343818,0.21762857995453416,0,0,0,0,0,0,1,1,1,0.020840599820045047,0,0,0
TUR.40.25_1,2054,4,albopictus,11.707286161534928,77.9198113571801,0.28777376940328164,3.165377456025803e-5,3.057040054332496e-5,3.268920354975624e-5,0,0,0,1,1,1,0.02836725175387489,0,0,0
TUR.40.25_1,2054,5,albopictus,15.587199042825137,76.51231527860601,0.40223163742933193,0.01398253379057016,0.013890921673860947,0.014071155898184397,0,0,0,1,1,1,0.038177774654723606,0,0,0
TUR.40.25_1,2054,6,albopictus,22.267154917997473,69.54116849807349,0.45241841677667305,0.14103196466854673,0.14056146734881791,0.14153348045622186,1.1758438434533946e-5,1.0747350955458978e-5,1.2910330479667942e-5,0.9999882415615655,0.9999870896695203,0.9999892526490446,0.044233690247103774,5.319719922229238e-6,4.862287682835808e-6,5.840854217853408e-6
TUR.40.25_1,2054,7,albopictus,24.266741808723,66.81605584890204,0.5312904489767583,0.18140581628311195,0.18084282386011438,0.18202886750513309,0.005800493314499341,0.005431033443357311,0.006227420100151002,0.9941995066855006,0.993772579899849,0.9945689665566427,0.050115807775302224,0.0030769975689106475,0.002881297268779609,0.0033031015383460233
TUR.40.25_1,2054,8,albopictus,25.838986733380487,69.88165503585009,0.6308739183482783,0.22174696915477152,0.2210437436487897,0.2224020100988105,0.1027145804860303,0.10018306950189514,0.1050750381788782,0.8972854195139697,0.8949249618211218,0.89981693049810485,0.059225977802236374,0.06274474968225606,0.06124700510575192,0.06413973301273401
TUR.40.25_1,2054,9,albopictus,21.444278548745547,68.84983362249231,0.5028369776463302,0.1184755640819994,0.11808427709187266,0.11886477542518983,1.0377152048257621e-7,9.463191713299235e-8,1.1346233206588341e-7,0.9999998962284795,0.9999998865376679,0.9999999053680829,0.049040398884714675,5.218015636032636e-8,4.7584426066116237e-8,5.7053054522415715e-8
TUR.40.25_1,2054,10,albopictus,15.872497278101305,79.04084917314118,0.4955248558960619,0.01732158213342247,0.017208880826641446,0.017426950945146798,0,0,0,1,1,1,0.04682238521494497,0,0,0
TUR.40.25_1,2054,11,albopictus,12.686091998044184,77.87646579487539,0.2874289945625442,5.791008723264129e-4,5.688470360163047e-4,5.891663255310882e-4,0,0,0,1,1,1,0.028333751723776723,0,0,0
TUR.40.25_1,2054,12,albopictus,8.10494400473202,79.35993113929342,0.23641486098004294,0,0,0,0,0,0,1,1,1,0.022619121048959023,0,0,0
TUR.40.25_1,2055,1,albopictus,9.1429842710495,79.16326768844225,0.25525367386569514,0,0,0,0,0,0,1,1,1,0.02439937151656424,0,0,0
TUR.40.25_1,2055,2,albopictus,7.572985806885888,79.02340745392866,0.19093747268997563,0,0,0,0,0,0,1,1,1,0.020249749631952807,0,0,0
TUR.40.25_1,2055,3,albopictus,7.650036657557767,72.60047259816474,0.23439166892112118,0,0,0,0,0,0,1,1,1,0.02242773819457322,0,0,0
TUR.40.25_1,2055,4,albopictus,14.838779729955338,67.70415126196525,0.3099398713911966,0.007179905111569573,0.007120855090023711,0.007240779185750794,0,0,0,1,1,1,0.03051859758470077,0,0,0
TUR.40.25_1,2055,5,albopictus,19.292586158303653,70.28003073270757,0.4332139869204351,0.06903900482829227,0.06878462269617007,0.06930906534610694,2.6338597969299826e-14,2.3647750424515834e-14,2.942091015256665e-14,0.9999999999999737,0.9999999999999706,0.9999999999999764,0.04105727947384019,1.141131633630721e-14,1.021405182655144e-14,1.27675647831893e-14
TUR.40.25_1,2055,6,albopictus,22.24509833840763,65.95198087600318,0.48726646004440105,0.1326432196280611,0.13218928833346372,0.13306508983536097,2.2687697340699754e-6,2.065817086827071e-6,2.4695325831547436e-6,0.9999977312302659,0.9999975304674169,0.9999979341829132,0.04755855220732075,1.1054947846192986e-6,1.0066028723915154e-6,1.2033196757188503e-6
TUR.40.25_1,2055,7,albopictus,24.54934793360093,70.69621331960516,0.572213700257247,0.20063423731585397,0.20002553456699546,0.20124532366181846,0.034890730119633895,0.033395075028465726,0.03642010868430433,0.9651092698803662,0.9635798913156957,0.9666049249715343,0.05387020883634619,0.019766883967050303,0.01892769766434045,0.020624431257596654
TUR.40.25_1,2055,8,albopictus,25.096938469830683,69.00623923384813,0.6794676996530172,0.20556427237781322,0.2049367081961222,0.20619019706992486,0.0482550105554118,0.04643020916192718,0.050097840791131484,0.9517449894445882,0.9499021592088686,0.9535697908380728,0.0636396981274423,0.032255821527960735,0.031055386768129013,0.03346702661896109
TUR.40.25_1,2055,9,albopictus,23.17967207291547,69.39235605291223,0.5415685679261367,0.1639844036195971,0.16346509284702118,0.16449893195795764,5.70564142200936e-4,5.274211232027343e-4,6.156133329298319e-4,0.9994294358577991,0.9993843866670701,0.9994725788767973,0.052716493004921094,3.089517950214068e-4,2.855939126783891e-4,3.333412605630082e-4
TUR.40.25_1,2055,10,albopictus,18.482387262232166,75.48973985917634,0.5336932216790682,0.05643068113924218,0.05621326104443637,0.05664782332029867,1.1102230246251565e-16,1.1102230246251565e-16,1.1102230246251565e-16,0.9999999999999999,0.9999999999999999,0.9999999999999999,0.05033665524052999,1.1102230246251565e-16,1.1102230246251565e-16,1.1102230246251565e-16
TUR.40.25_1,2055,11,albopictus,13.06287632269018,77.28018283589101,0.3095685398761018,0.0011230368689483616,0.0011062941059997767,0.0011389945631142273,0,0,0,1,1,1,0.030482597016496138,0,0,0
TUR.40.25_1,2055,12,albopictus,9.106921925264247,82.55884471351217,0.2546249846157332,0,0,0,0,0,0,1,1,1,0.024340013295325647,0,0,0
TUR.40.25_1,2056,1,albopictus,9.841413378715515,79.78365190475084,0.25119899077548624,0,0,0,0,0,0,1,1,1,0.024016481751854113,0,0,0
TUR.40.25_1,2056,2,albopictus,8.644625821534326,78.71556138459272,0.19461532014160007,0,0,0,0,0,0,1,1,1,0.019931311360227855,0,0,0
TUR.40.25_1,2056,3,albopictus,8.014960134730618,72.92616382130927,0.23066837702068657,0,0,0,0,0,0,1,1,1,0.022075437287672584,0,0,0
TUR.40.25_1,2056,4,albopictus,13.676619810216568,73.66440211645744,0.30501650266361213,0.0024879012918041722,0.002456910313383282,0.0025175355922656306,0,0,0,1,1,1,0.030041168624541426,0,0,0
TUR.40.25_1,2056,5,albopictus,18.238375495461856,68.89108419950445,0.42633241926028653,0.047140971782358876,0.046947960312851957,0.04734829679343166,0,0,0,1,1,1,0.04041845105060993,0,0,0
TUR.40.25_1,2056,6,albopictus,23.52644370583927,67.60387449172583,0.47952627340556925,0.16738492901641636,0.16686151731184543,0.1679125989870087,9.390661659137396e-4,8.70284400215851e-4,0.00101191390372099,0.9990609338340862,0.998988086096279,0.9991297155997841,0.04682105937068293,4.502053637757022e-4,4.1723716758747806e-4,4.851215937076658e-4
TUR.40.25_1,2056,7,albopictus,25.620232638190775,70.18187005788641,0.5631241338691068,0.21953567092660886,0.21881731087869186,0.22018746828926233,0.09477395720934967,0.09220729377623059,0.09710779757511942,0.9052260427906503,0.9028922024248806,0.9077927062237694,0.053037593379841486,0.05197011517489971,0.05059912615189586,0.05321547348189302
TUR.40.25_1,2056,8,albopictus,26.11297545713537,73.58354407393603,0.668674412526518,0.2425510945835732,0.2418564036324344,0.24324876420621047,0.17596984774466182,0.17364357488110593,0.17829823608577713,0.8240301522553382,0.8217017639142229,0.8263564251188941,0.06266114791202015,0.11100726030905306,0.10962362769853738,0.11239057394458939
TUR.40.25_1,2056,9,albopictus,22.539829085854922,66.0546142011056,0.5329657968815399,0.13997462672428487,0.13950267744212802,0.14045977212252675,9.623135976951747e-6,8.78494063022428e-6,1.0542127630713827e-5,0.999990376864023,0.9999894578723694,0.9999912150593697,0.05190121606065712,5.12878915405135e-6,4.682061922695047e-6,5.618577669261326e-6
TUR.40.25_1,2056,10,albopictus,17.750495630152088,76.52874895341462,0.5252155498456754,0.04307691293625627,0.042887493806026675,0.04325427601375447,0,0,0,1,1,1,0.04955721288579906,0,0,0
TUR.40.25_1,2056,11,albopictus,10.581764796200922,74.85183047993398,0.3046510697183295,4.166955066442606e-14,1.0700176017540224e-14,1.6076138488835749e-13,0,0,0,1,1,1,0.030005722485630826,0,0,0
TUR.40.25_1,2056,12,albopictus,8.839474453645595,77.49837413245749,0.25058028820125827,0,0,0,0,0,0,1,1,1,0.023958043533186202,0,0,0
TUR.40.25_1,2057,1,albopictus,5.988870024681091,79.85812242477037,0.2570517619673258,0,0,0,0,0,0,1,1,1,0.024569119574623488,0,0,0
TUR.40.25_1,2057,2,albopictus,7.432730832520654,77.94053697053022,0.1922824970048065,0,0,0,0,0,0,1,1,1,0.020390931020602077,0,0,0
TUR.40.25_1,2057,3,albopictus,7.347871626124662,77.24866595753974,0.23604279842153408,0,0,0,0,0,0,1,1,1,0.022583928786641394,0,0,0
TUR.40.25_1,2057,4,albopictus,13.308590215795181,69.48168574682853,0.3121231864696024,0.001429338805847875,0.001408583651530957,0.0014475404164304019,0,0,0,1,1,1,0.030730242815861564,0,0,0
TUR.40.25_1,2057,5,albopictus,17.282448600320254,79.49252462919195,0.4362656840950328,0.036567987614228026,0.036407557274912405,0.036731526729201304,0,0,0,1,1,1,0.0413404379299015,0,0,0
TUR.40.25_1,2057,6,albopictus,24.123541102689856,70.16035489944068,0.49069892003943544,0.18916265123147907,0.18857407279621533,0.18975518667737815,0.013269013626308257,0.012517881044361495,0.014049814443139333,0.9867309863736917,0.9859501855568606,0.9874821189556384,0.04788541782317013,0.00648992091164485,0.006123684057694933,0.00687051809903259
TUR.40.25_1,2057,7,albopictus,26.789105471442728,64.57017190725165,0.5762445556429525,0.20945555207239855,0.2086962647965411,0.21021182225618182,0.06020526937599286,0.05778656317779335,0.06264053447250505,0.9397947306240071,0.9373594655274949,0.9422134368222067,0.05423920580046604,0.03409781356396365,0.03275087730695783,0.03545256502491713
TUR.40.25_1,2057,8,albopictus,26.006745675030878,67.67158728682665,0.684254086339194,0.2148255865611569,0.21412364383290486,0.21556319578714112,0.07816200881542582,0.07573890294513026,0.0807220322738556,0.9218379911845742,0.9192779677261443,0.9242610970548697,0.06407331857886067,0.05207728486582798,0.050504657382226446,0.05373666365652234
TUR.40.25_1,2057,9,albopictus,21.731231521157657,70.44621957830286,0.5453835492482764,0.1289256743014977,0.12849739541792013,0.129349020758615,1.0497240025564292e-6,9.579839717444028e-7,1.1464376479863868e-6,0.9999989502759974,0.9999988535623521,0.9999990420160283,0.05307781096807063,5.72502038035716e-7,5.224685621502134e-7,6.252480379553838e-7
TUR.40.25_1,2057,10,albopictus,16.07596941555248,78.111848318649,0.5374527265562712,0.019324231413760558,0.01921271488940367,0.019434740518037997,0,0,0,1,1,1,0.05068210181306987,0,0,0
TUR.40.25_1,2057,11,albopictus,10.282364466611078,81.1150445912621,0.3117492391771558,0,0,0,0,0,0,1,1,1,0.030693996558021297,0,0,0
TUR.40.25_1,2057,12,albopictus,9.343187107759364,81.51872935706686,0.2564186440302352,0,0,0,0,0,0,1,1,1,0.02450935360307016,0,0,0
TUR.40.25_1,2058,1,albopictus,8.806549906730652,81.3620363041649,0.2639299399116783,0,0,0,0,0,0,1,1,1,0.025218179711216093,0,0,0
TUR.40.25_1,2058,2,albopictus,7.931733289185693,78.823418135081,0.19742758225869242,0,0,0,0,0,0,1,1,1,0.020930800650260095,0,0,0
TUR.40.25_1,2058,3,albopictus,11.40933688949136,77.7548076201374,0.24235881959019115,6.054490524073365e-6,5.760682015809869e-6,6.361208238030187e-6,0,0,0,1,1,1,0.023181170171442833,0,0,0
TUR.40.25_1,2058,4,albopictus,12.847330373876236,71.5024529587426,0.3204749627837018,7.003730784450236e-4,6.886053623638587e-4,7.12515416562188e-4,0,0,0,1,1,1,0.03153941728662024,0,0,0
TUR.40.25_1,2058,5,albopictus,19.876774619607364,73.08353567655523,0.4479392590328374,0.08549965571631264,0.08520339388323223,0.08581336665255716,1.1361295459977328e-11,1.0286760332434143e-11,1.2583736830329429e-11,0.9999999999886388,0.9999999999874163,0.9999999999897132,0.042422824902685785,5.089172194772118e-12,4.60781690581058e-12,5.636724420554628e-12
TUR.40.25_1,2058,6,albopictus,23.639253840726965,68.9527438154563,0.5038290167300848,0.1739683986047613,0.17337317465289728,0.17451260533121707,0.002318424317484013,0.0021424524953846556,0.002487350571128233,0.997681575682516,0.9975126494288717,0.9978575475046154,0.049134733114612916,0.0011674065084575516,0.0010788473594272984,0.001252414466079074
TUR.40.25_1,2058,7,albopictus,26.479283388923196,68.31145913869696,0.5916636780906731,0.2231641451713187,0.2224292180231,0.22384320901134674,0.10782500572935093,0.10517315808165029,0.11027638940209929,0.8921749942706491,0.8897236105979006,0.8948268419183497,0.05564939227168675,0.06180347473970518,0.060330571658655706,0.06316352728255141
TUR.40.25_1,2058,8,albopictus,26.31491980833166,71.29194098555712,0.7025633223038537,0.234783140285785,0.2340246672023377,0.2355519164158198,0.14936535617226557,0.14670596999915653,0.15205306167365815,0.8506346438277345,0.8479469383263418,0.8532940300008435,0.0657301827741269,0.09961981212522189,0.09793638399450863,0.10131878250601223
TUR.40.25_1,2058,9,albopictus,21.449500869302188,74.0730353742013,0.5599768944599267,0.12844786410390654,0.1280335188550821,0.1288057718891683,9.488352938605837e-7,8.6819621595291e-7,1.0225160548826828e-6,0.9999990511647061,0.9999989774839452,0.9999991318037841,0.054458679387840214,5.313256997933058e-7,4.86169702615391e-7,5.725852010418642e-7
TUR.40.25_1,2058,10,albopictus,18.017533975489002,81.83101030595368,0.5518338592185765,0.051496125028746315,0.051284819001395594,0.05168392537604212,0,0,0,1,1,1,0.052002369969978535,0,0,0
TUR.40.25_1,2058,11,albopictus,13.530476191464594,77.55255985005117,0.32009100942866464,0.002203589002099746,0.00217823640321326,0.0022304592319146014,0,0,0,1,1,1,0.03150223220376247,0,0,0
TUR.40.25_1,2058,12,albopictus,8.586581005769618,78.42891612464499,0.2632798810370981,0,0,0,0,0,0,1,1,1,0.025156855307498116,0,0,0
TUR.40.25_1,2059,1,albopictus,6.58366334438324,84.366331653286,0.24958757347318633,0,0,0,0,0,0,1,1,1,0.023864271491015332,0,0,0
TUR.40.25_1,2059,2,albopictus,5.825812974396874,78.64323472443647,0.18669905812548024,0,0,0,0,0,0,1,1,1,0.019804728480015577,0,0,0
TUR.40.25_1,2059,3,albopictus,8.390882337794583,75.69352069386787,0.2291886616258234,0,0,0,0,0,0,1,1,1,0.02193539016093715,0,0,0
TUR.40.25_1,2059,4,albopictus,11.468095106237076,73.58572017065666,0.30305985121225953,7.744051785279756e-6,7.404970776813734e-6,8.107080790323281e-6,0,0,0,1,1,1,0.02985136292045032,0,0,0
TUR.40.25_1,2059,5,albopictus,20.703413795022403,64.52350760038335,0.42359753790265636,0.09375226267444382,0.09343784807841854,0.0941156149654811,1.5255929519675248e-10,1.3863253878199088e-10,1.6987160011971979e-10,0.9999999998474407,0.9999999998301284,0.9999999998613675,0.04016444888865034,6.462374113613833e-11,5.872443364918212e-11,7.195714302188349e-11
TUR.40.25_1,2059,6,albopictus,22.4895861008588,67.48839597610083,0.4764501586031664,0.1420106001790471,0.14153557447455703,0.1424850736213857,1.4131459842615213e-5,1.29154083891192e-5,1.542442769211505e-5,0.9999858685401574,0.9999845755723079,0.9999870845916108,0.04652780548400337,6.73291357080541e-6,6.153529442387562e-6,7.348944016627445e-6
TUR.40.25_1,2059,7,albopictus,26.502036150764017,68.46072824270087,0.5595117468533072,0.22409260946484189,0.2233745824374112,0.22481591053476624,0.11117699864025118,0.10858442085009763,0.11378880512999906,0.8888230013597488,0.8862111948700009,0.8914155791499023,0.05270649086024448,0.060309364548763844,0.058945532961085165,0.06168181690390136
TUR.40.25_1,2059,8,albopictus,27.469209053937128,69.25913458907274,0.6643849306515152,0.23482925788285067,0.23402063795372752,0.23562555212132064,0.14952659712255553,0.14669180886092678,0.15230980497873225,0.8504734028774444,0.8476901950212677,0.8533081911390733,0.06227196733293572,0.09456768623230327,0.09286121691909169,0.09624081216613056
TUR.40.25_1,2059,9,albopictus,22.282865355996524,71.3845588117013,0.5295468726892983,0.14564783260021205,0.1451908499461478,0.1461040671171473,2.7575766281657366e-5,2.536416431671573e-5,2.9915633565638647e-5,0.9999724242337183,0.9999700843664343,0.9999746358356834,0.05157701285560157,1.4602553990525458e-5,1.3431423689957978e-5,1.5841604719615823e-5
TUR.40.25_1,2059,10,albopictus,19.0149762209724,77.56058641679353,0.5218463427408,0.06982927082381159,0.0695721858796706,0.07008742785580872,3.6420533255920876e-14,3.275157922644212e-14,4.04121180963557e-14,0.9999999999999636,0.9999999999999596,0.9999999999999672,0.04924726830226722,1.900690715928022e-14,1.709743457922741e-14,2.1094237467877974e-14
TUR.40.25_1,2059,11,albopictus,12.38574943822973,75.66075992329336,0.3026967624840816,2.85541577991371e-4,2.798074859930857e-4,2.9136614140692473e-4,0,0,0,1,1,1,0.029816137277474453,0,0,0
TUR.40.25_1,2059,12,albopictus,9.198494686799892,81.08706584388327,0.24897283981630952,0,0,0,0,0,0,1,1,1,0.023806199103724057,0,0,0
TUR.40.25_1,2060,1,albopictus,6.877116560935974,80.91766984908678,0.2866123938709585,0,0,0,0,0,0,1,1,1,0.027355553367764074,0,0,0
TUR.40.25_1,2060,2,albopictus,5.8571855215465325,78.38468980256147,0.22205169940193198,0,0,0,0,0,0,1,1,1,0.022709043714511656,0,0,0
TUR.40.25_1,2060,3,albopictus,10.304339254603665,77.87841907033271,0.2631874257302131,0,0,0,0,0,0,1,1,1,0.025148133066338563,0,0,0
TUR.40.25_1,2060,4,albopictus,17.09287862216725,62.56069575659416,0.3480169634785677,0.026721000024687712,0.02656929032723724,0.026867480242735737,0,0,0,1,1,1,0.0342030816747082,0,0,0
TUR.40.25_1,2060,5,albopictus,19.51575548508588,70.93761587675054,0.48643569343875015,0.07461306249053518,0.0743197840589988,0.07489912142075558,2.3966773010641874e-13,2.1393720128770612e-13,2.667949194901098e-13,0.9999999999997603,0.9999999999997332,0.9999999999997861,0.04598360480801045,1.1658307652595567e-13,1.0402789740737717e-13,1.2978784713624235e-13
TUR.40.25_1,2060,6,albopictus,24.37523864297306,54.86782865432349,0.5471286836005956,0.1479758938614961,0.1473794022899312,0.14856082783357516,4.182964628248398e-5,3.758101915863343e-5,4.6310257475082334e-5,0.9999581703537175,0.999953689742525,0.9999624189808414,0.05324304719378581,2.2885936665607566e-5,2.0561442151315058e-5,2.5337349213516714e-5
TUR.40.25_1,2060,7,albopictus,25.360739764045267,72.68190820485907,0.6425119605635182,0.2252736500537598,0.22458057861441139,0.22592470593700958,0.11544123110409932,0.11293905651014192,0.11779090228184592,0.8845587688959007,0.8822090977181541,0.887060943489858,0.06028493952881753,0.07148807542233158,0.06999442162446363,0.07288907794792182
TUR.40.25_1,2060,8,albopictus,26.500506737652948,72.77100592696337,0.7629424525267032,0.24413629443462015,0.24337122977615072,0.24488384012209657,0.18124101618415706,0.17870558192086827,0.18370913688742024,0.8187589838158429,0.8162908631125798,0.8212944180791317,0.07117333559773809,0.12914167380401134,0.12745589404979565,0.1307804157025666
TUR.40.25_1,2060,9,albopictus,23.55585844376508,71.87813486150598,0.6081019769386273,0.1807231453743495,0.18018244782655973,0.1812484763050148,0.00535797845982519,0.005025944274941868,0.005693218693367277,0.9946420215401748,0.9943067813066327,0.9949740557250581,0.05899817285580222,0.003252889645036447,0.0030516209599644904,0.003456071531309451
TUR.40.25_1,2060,10,albopictus,19.149276452905994,78.24828478105134,0.5992591195323019,0.07365351528777676,0.07338725527653936,0.07390662244046223,1.6590584461795288e-13,1.4943046799942295e-13,1.826344631083998e-13,0.9999999999998341,0.9999999999998174,0.9999999999998506,0.05634327526311178,9.942013878827538e-14,8.958944697212701e-14,1.0946799022804043e-13
TUR.40.25_1,2060,11,albopictus,14.411016085568598,76.31715488178945,0.3476000127140625,0.005607661152752317,0.0055565458437462426,0.0056574299387398466,0,0,0,1,1,1,0.03416281185884229,0,0,0
TUR.40.25_1,2060,12,albopictus,8.918614163118251,74.38529887610983,0.28590646816104154,0,0,0,0,0,0,1,1,1,0.027289104512099982,0,0,0
TUR.40.25_1,2061,1,albopictus,7.909875750541687,81.261351184536,0.25915719307066837,0,0,0,0,0,0,1,1,1,0.02476784473333049,0,0,0
TUR.40.25_1,2061,2,albopictus,7.977216878358056,75.46789597931928,0.19385742318591456,0,0,0,0,0,0,1,1,1,0.020556218357243083,0,0,0
TUR.40.25_1,2061,3,albopictus,10.156421507106106,74.78199115285224,0.2379761516330164,0,0,0,0,0,0,1,1,1,0.022766784954248775,0,0,0
TUR.40.25_1,2061,4,albopictus,12.132115644567154,81.49248896948478,0.31467969049757727,1.6345126222866888e-4,1.5955875450933692e-4,1.6727176893107678e-4,0,0,0,1,1,1,0.030978005348060056,0,0,0
TUR.40.25_1,2061,5,albopictus,20.38413126328412,76.90122366483648,0.4398390007437296,0.10374426896330702,0.10339284587881163,0.10408146846604567,2.605924897536305e-9,2.367737836350692e-9,2.8499128224002133e-9,0.9999999973940751,0.9999999971500871,0.9999999976322621,0.041671889731352496,1.1461874026563734e-9,1.0414233919675553e-9,1.253502773801429e-9
TUR.40.25_1,2061,6,albopictus,22.55727218179142,71.46541623977271,0.49471808240860426,0.15320050118047093,0.15272013401538134,0.15367448618404136,1.028899013112644e-4,9.482043973557119e-5,1.1130944809546739e-4,0.9998971100986888,0.9998886905519045,0.9999051795602645,0.048268011242748265,5.090019705901272e-5,4.6908285891064666e-5,5.5065280567562214e-5
TUR.40.25_1,2061,7,albopictus,26.868231829474954,63.71958215505439,0.5809643957300112,0.2063088304623383,0.20558596688908634,0.20704321367200862,0.050457152947265625,0.048314113632659667,0.05266400092241658,0.9495428470527344,0.9473359990775835,0.9516858863673404,0.054671091647134684,0.028888110147683204,0.027678511600651497,0.030132591865274904
TUR.40.25_1,2061,8,albopictus,26.4026616601383,70.90408927046923,0.6898585989281834,0.2341085717782095,0.23339007765467742,0.2347931896936113,0.14699965576999824,0.14447227690117687,0.14940185798461167,0.8530003442300017,0.8505981420153883,0.8555277230988232,0.06458080154426493,0.09643622631836399,0.09485981112547706,0.0979327060412011
TUR.40.25_1,2061,9,albopictus,22.906358550576602,71.36444772771692,0.5498506164220258,0.16226486666047313,0.16175909403287836,0.16275137079573818,4.4003576125305443e-4,4.0697503920615884e-4,4.7350330639272793e-4,0.9995599642387469,0.9995264966936073,0.9995930249607938,0.05350071300711934,2.419246208554824e-4,2.2375044031119895e-4,2.6032219519155075e-4
TUR.40.25_1,2061,10,albopictus,16.449996667749744,77.15335985429353,0.5418548348258565,0.023524932843157334,0.02339885033227245,0.023662503461087014,0,0,0,1,1,1,0.05108643505315391,0,0,0
TUR.40.25_1,2061,11,albopictus,11.881497958127191,77.72447299702382,0.31430268031906244,6.480717113051149e-5,6.28969334497601e-5,6.673022284655938e-5,0,0,0,1,1,1,0.03094147154386473,0,0,0
TUR.40.25_1,2061,12,albopictus,11.074607624727138,77.72547069007467,0.2585188894612967,2.838085396500163e-7,2.6053026591093234e-7,3.1035865465493304e-7,0,0,0,1,1,1,0.024707601498050957,0,0,0
TUR.40.25_1,2062,1,albopictus,8.484138369560242,79.68685777633287,0.27063485250454944,0,0,0,0,0,0,1,1,1,0.025850473930653095,0,0,0
TUR.40.25_1,2062,2,albopictus,5.931860604706933,79.66866349640912,0.20244305978621124,0,0,0,0,0,0,1,1,1,0.021456784266644324,0,0,0
TUR.40.25_1,2062,3,albopictus,10.723529661402981,74.09139361867256,0.24851573646747857,1.2093968755379952e-10,8.281033751530208e-11,1.76162253637622e-10,0,0,0,1,1,1,0.02376301542709891,0,0,0
TUR.40.25_1,2062,4,albopictus,14.8489907208611,72.73687373510978,0.3286163529359044,0.007770654705398121,0.007709099350654635,0.007835713841419515,0,0,0,1,1,1,0.032327557960141085,0,0,0
TUR.40.25_1,2062,5,albopictus,19.192562888650333,69.20792532499273,0.45931876974592933,0.06589056856707214,0.06563459963231932,0.06614668363462228,6.966649479522857e-15,6.217248937900877e-15,7.771561172376096e-15,0.999999999999993,0.9999999999999922,0.9999999999999938,0.0434767696060222,3.195776976383513e-15,2.886579864025407e-15,3.552713678800501e-15
TUR.40.25_1,2062,6,albopictus,24.25502799539005,63.48152952102271,0.5166283585556387,0.17073595819039156,0.17017953255877902,0.17130286447823637,0.001503011958151633,0.0013911091501615847,0.0016229305208392496,0.9984969880418484,0.9983770694791607,0.9986088908498384,0.05035099953617639,7.761967181453362e-4,7.184282435705208e-4,8.381005284253479e-4
TUR.40.25_1,2062,7,albopictus,26.65079408533433,67.20931680471259,0.6066943837669679,0.21991756778052782,0.21918182051368007,0.22067619261112698,0.09614124085844299,0.09350813705967762,0.09886202809539155,0.903858759141557,0.9011379719046084,0.9064918629403224,0.05702203140120943,0.05665953967339809,0.055151669873630224,0.058215724199686285
TUR.40.25_1,2062,8,albopictus,26.46660552305334,65.94330817305712,0.7204113378362366,0.2127021983490213,0.2119793939461581,0.2133985746124456,0.07089930547999156,0.0684678230423803,0.07325815375012872,0.9291006945200084,0.9267418462498713,0.9315321769576197,0.06734248630877859,0.04979379464927285,0.048128275075742584,0.05140753091094956
TUR.40.25_1,2062,9,albopictus,22.724904845742618,66.51881708196497,0.5742026247148485,0.14549562793561624,0.14501031364748473,0.14597918340810703,2.6829385135254902e-5,2.454580894448999e-5,2.9250451516851793e-5,0.9999731706148648,0.9999707495484831,0.9999754541910555,0.05580282466594344,1.5405384469571626e-5,1.409416859792234e-5,1.679554498833502e-5
TUR.40.25_1,2062,10,albopictus,18.579276758081775,74.30320879228181,0.5658527226831971,0.057493518034155144,0.05725380806081701,0.05772970343477474,1.1113332476497816e-16,1.1102230246251565e-16,1.1102230246251565e-16,0.9999999999999999,0.9999999999999999,0.9999999999999999,0.0532876124039221,1.1102230246251565e-16,1.1102230246251565e-16,1.1102230246251565e-16
TUR.40.25_1,2062,11,albopictus,13.462347605649164,78.00579929096914,0.32822264557688374,0.0020310923530347663,0.0020065409848741733,0.0020553402100997394,0,0,0,1,1,1,0.03228945923400339,0,0,0
TUR.40.25_1,2062,12,albopictus,9.61657787771786,77.56931224280905,0.26996827944466795,0,0,0,0,0,0,1,1,1,0.025787632371840785,0,0,0
TUR.40.25_1,2063,1,albopictus,6.482542872428894,75.87696702926256,0.2477170523218194,0,0,0,0,0,0,1,1,1,0.023687557188204145,0,0,0
TUR.40.25_1,2063,2,albopictus,7.711406865540673,76.9319157547099,0.1852998516974346,0,0,0,0,0,0,1,1,1,0.019657771515696254,0,0,0
TUR.40.25_1,2063,3,albopictus,8.508841360316556,80.11543384084052,0.22747101906349995,0,0,0,0,0,0,1,1,1,0.021772799351084893,0,0,0
TUR.40.25_1,2063,4,albopictus,12.211297315709732,78.88438044897697,0.3007885848429684,1.9376441778933007e-4,1.8949952764620674e-4,1.982298997202387e-4,0,0,0,1,1,1,0.029630991298003728,0,0,0
TUR.40.25_1,2063,5,albopictus,18.1945141063017,75.97521353300054,0.4204229080791928,0.051028084476516,0.05081290608415952,0.05124200167532894,0,0,0,1,1,1,0.039869520757744414,0,0,0
TUR.40.25_1,2063,6,albopictus,22.693235621732825,75.26560239699927,0.47287942754938217,0.1667761303206023,0.16629575071894273,0.16727228269044822,8.600901005640496e-4,8.01775628323606e-4,9.233280977706925e-4,0.9991399098994359,0.9990766719022293,0.9991982243716765,0.046187285414954427,4.0663611497543064e-4,3.7907133444385345e-4,4.3652755642330785e-4
TUR.40.25_1,2063,7,albopictus,26.038146075080423,69.48810632497626,0.5553185150254423,0.22296744700739482,0.22223056441667055,0.22365924317446328,0.10711514044202854,0.10445684742213057,0.10961213774781811,0.8928848595579715,0.8903878622521819,0.8955431525778694,0.05232200434164247,0.057748215374260274,0.056356489549989876,0.05905411550983117
TUR.40.25_1,2063,8,albopictus,25.813193657818964,70.06133490645556,0.6594057321756479,0.22213203063281567,0.22144789265383494,0.22284223432332206,0.10410201682509049,0.10163716119458022,0.10666306125341628,0.8958979831749095,0.8933369387465837,0.8983628388054198,0.06182000677474242,0.06634204062736442,0.06482362086074271,0.06791776573766715
TUR.40.25_1,2063,9,albopictus,23.306161712197696,68.72016443303919,0.5255782110599486,0.16525880082595437,0.16470983534012507,0.16576521249782836,6.893771311748186e-4,6.351932976844165e-4,7.420511581846034e-4,0.9993106228688252,0.9992579488418154,0.9993648067023156,0.051200541164357793,3.6225586452403615e-4,3.3378803744433806e-4,3.899298778098359e-4
TUR.40.25_1,2063,10,albopictus,16.330342965967517,83.073762381149,0.5179353923345892,0.023812386108757407,0.02368499141152222,0.02394153265045321,0,0,0,1,1,1,0.04888736018653428,0,0,0
TUR.40.25_1,2063,11,albopictus,13.552246668759516,78.35795688374257,0.3004282172644712,0.0022948093254644944,0.0022678735897668435,0.002322614640403462,0,0,0,1,1,1,0.029596021714920817,0,0,0
TUR.40.25_1,2063,12,albopictus,10.180280461030849,79.4691306632192,0.24710692575451698,0,0,0,0,0,0,1,1,1,0.02362990959994571,0,0,0
TUR.40.25_1,2064,1,albopictus,11.15370261669159,79.16242845504381,0.27868779596011833,7.456222734563698e-7,6.937205149349642e-7,7.993360023824655e-7,0,0,0,1,1,1,0.02660934958186001,0,0,0
TUR.40.25_1,2064,2,albopictus,8.111133733216455,77.03500413361616,0.21591215180800863,0,0,0,0,0,0,1,1,1,0.022088144042890168,0,0,0
TUR.40.25_1,2064,3,albopictus,10.986408079371731,76.66942706593818,0.25591050899980794,7.900931542671611e-8,7.071643564030296e-8,8.781373979870626e-8,0,0,0,1,1,1,0.024461383297565198,0,0,0
TUR.40.25_1,2064,4,albopictus,15.026535314672135,72.78657924048088,0.3383945795178766,0.008937525439813842,0.008864908967287182,0.009002273433974535,0,0,0,1,1,1,0.033273307536642815,0,0,0
TUR.40.25_1,2064,5,albopictus,19.04944116928998,66.83812094266851,0.4729861449809178,0.060876264708797125,0.06063490004723416,0.06112558178470268,7.273071034319401e-16,6.661338147750939e-16,7.771561172376096e-16,0.9999999999999992,0.9999999999999992,0.9999999999999993,0.044741078004493784,3.3428815271463465e-16,3.3306690738754696e-16,3.3306690738754696e-16
TUR.40.25_1,2064,6,albopictus,24.374414668363684,63.52600507644263,0.5320010236816944,0.1731273552382537,0.17253353408593536,0.17365283289403463,0.002075200542691585,0.0019161572185784818,0.0022229266522077406,0.9979247994573084,0.9977770733477922,0.9980838427814215,0.05180974161836849,0.0011033987385299087,0.0010188781925897228,0.0011819002596155342
TUR.40.25_1,2064,7,albopictus,25.72199540979722,63.12951715261298,0.624747031170186,0.19314019666718465,0.1924629809395066,0.19381851515532522,0.019212865791235732,0.018081474058377692,0.020382505031220775,0.9807871342087643,0.9796174949687791,0.9819185259416222,0.058668004372046334,0.011931368063770566,0.011232783078598159,0.012653176325663365
TUR.40.25_1,2064,8,albopictus,25.5248540429508,66.91844397627978,0.7418477186817095,0.20484317390981455,0.20420461601724468,0.2054721766916965,0.04616624605010959,0.04434814459497793,0.04798145202725374,0.9538337539498905,0.9520185479727463,0.9556518554050221,0.06927526810645923,0.03366825020528957,0.03236426553059041,0.03496888122065028
TUR.40.25_1,2064,9,albopictus,23.516452621011172,65.7463866620431,0.5912884554054474,0.16193004131879365,0.1613963730187546,0.1624992534848313,4.1812239065512293e-4,3.848982190110484e-4,4.5570786935230924e-4,0.9995818776093449,0.9995442921306477,0.999615101780989,0.057414686581464314,2.47200329452961e-4,2.2755997770701198e-4,2.694185025006651e-4
TUR.40.25_1,2064,10,albopictus,17.211070733911853,75.15294023759431,0.5826900957627448,0.033433376497295615,0.033274692540861676,0.0335957456002848,0,0,0,1,1,1,0.05482895144535738,0,0,0
TUR.40.25_1,2064,11,albopictus,12.436475375119379,76.38490390522695,0.33798915710046307,3.27497205709847e-4,3.212968717513959e-4,3.3384825970669927e-4,0,0,0,1,1,1,0.033234113474876925,0,0,0
TUR.40.25_1,2064,12,albopictus,11.424329533296474,78.0968162100942,0.2780013885178187,6.767505214969515e-6,6.465191046347811e-6,7.072311328263273e-6,0,0,0,1,1,1,0.026544688474273048,0,0,0
TUR.40.25_1,2065,1,albopictus,9.771735072135925,78.5269532963524,0.26626773142481996,0,0,0,0,0,0,1,1,1,0.025438687347326683,0,0,0
TUR.40.25_1,2065,2,albopictus,7.374019780579736,82.48205613556928,0.19917632105815902,0,0,0,0,0,0,1,1,1,0.021114226640529865,0,0,0
TUR.40.25_1,2065,3,albopictus,9.327060545192044,72.83297076711006,0.2445055422839582,0,0,0,0,0,0,1,1,1,0.023384080624273218,0,0,0
TUR.40.25_1,2065,4,albopictus,11.351193708531998,77.43393336645744,0.323313608707771,3.973451181387171e-6,3.7624812740992422e-6,4.190318691482042e-6,0,0,0,1,1,1,0.03181428994004165,0,0,0
TUR.40.25_1,2065,5,albopictus,16.812134574441348,71.22541952665289,0.4519069354492392,0.026225855615860147,0.026083506496695313,0.026360154877173036,0,0,0,1,1,1,0.04279043397213067,0,0,0
TUR.40.25_1,2065,6,albopictus,23.954893336576575,66.62817411330786,0.5082917434665069,0.17418233115356435,0.17362714568208845,0.17472664380983047,0.002384088950432661,0.002215424788065865,0.002557344638277312,0.9976159110495674,0.9974426553617227,0.9977845752119342,0.04955898362679312,0.0012110777854669938,0.0011254483354861899,0.0012990326904492254
TUR.40.25_1,2065,7,albopictus,24.47236162073472,74.16864068776923,0.5969044110129683,0.21156742333684586,0.21094123972766013,0.2121454649642089,0.06709738862769123,0.06502501389014718,0.06902358275828215,0.9329026113723088,0.9309764172417179,0.9349749861098527,0.05612821496747278,0.039259121349710435,0.038070116948140026,0.04036327827221537
TUR.40.25_1,2065,8,albopictus,27.009259560528925,73.16218024336962,0.7087863623002867,0.2516484599534367,0.250835763301222,0.2524040627968224,0.20544757130492738,0.20289277047805426,0.20781278310583473,0.7945524286950726,0.7921872168941653,0.7971072295219458,0.06629265839769849,0.13551217210581343,0.13394566398642307,0.136960541597254
TUR.40.25_1,2065,9,albopictus,23.171884368447696,68.63308633855677,0.5649369578459219,0.16172582664713156,0.16122378600723775,0.1622238566960551,4.0521322602783363e-4,3.747883771501065e-4,4.3697732220278893e-4,0.9995947867739722,0.9995630226777972,0.9996252116228499,0.054927557583380304,2.2889368358955175e-4,2.1170939202632967e-4,2.4683417048393386e-4
TUR.40.25_1,2065,10,albopictus,18.384698587305408,72.77015825517243,0.5567217946804536,0.05248402374606508,0.052268880159282924,0.05270045433425619,0,0,0,1,1,1,0.05245069146648951,0,0,0
TUR.40.25_1,2065,11,albopictus,12.909888842526605,76.6914834950707,0.3229262544392371,8.606194146489542e-4,8.473124261421476e-4,0.00087444295023511435,0,0,0,1,1,1,0.0317767861269308,0,0,0
TUR.40.25_1,2065,12,albopictus,10.39262939901913,78.39530864173483,0.26561191457476885,0,0,0,0,0,0,1,1,1,0.025376833733228077,0,0,0
TUR.40.25_1,2066,1,albopictus,5.761494994163513,79.4288087651024,0.24644750209029423,0,0,0,0,0,0,1,1,1,0.023567600365766217,0,0,0
TUR.40.25_1,2066,2,albopictus,7.736950078431298,81.49000596467084,0.18435018970436987,0,0,0,0,0,0,1,1,1,0.019558017109953196,0,0,0
TUR.40.25_1,2066,3,albopictus,7.730004156337064,73.36069598683662,0.22630522978007925,0,0,0,0,0,0,1,1,1,0.02166243117827127,0,0,0
TUR.40.25_1,2066,4,albopictus,12.03684358035817,72.32268916479728,0.2992470429347778,9.826508681881278e-5,9.555705279390131e-5,1.011927045500132e-4,0,0,0,1,1,1,0.029481393318389837,0,0,0
TUR.40.25_1,2066,5,albopictus,17.485802482156192,69.08368063505132,0.4182682401009988,0.034852630240483476,0.034690777141390086,0.03501920911273253,0,0,0,1,1,1,0.03966929707076394,0,0,0
TUR.40.25_1,2066,6,albopictus,22.356584773344153,74.56094388869849,0.47045591983724905,0.15526682675220738,0.15479965892849928,0.15572281646267286,1.4505182147227092e-4,1.3420583278842823e-4,1.5621902217941852e-4,0.9998549481785277,0.9998437809778206,0.9998657941672116,0.04595610015515017,6.823815641742536e-5,6.31359353549521e-5,7.349146314560018e-5
TUR.40.25_1,2066,7,albopictus,25.147500094245462,70.24751336843329,0.5524725068773843,0.21129199452826017,0.21065213602761798,0.21191862420039445,0.0661847498929943,0.0640763822031194,0.06826479089364888,0.9338152501070057,0.9317352091063512,0.9359236177968806,0.05206095878526651,0.03590464955833402,0.03478117289162562,0.037012088434605774
TUR.40.25_1,2066,8,albopictus,27.259301522198847,73.54097205245165,0.6560262768975144,0.2556495206566083,0.25482357811882905,0.25646029786552166,0.21781486915186657,0.21529349607192313,0.2202790400651712,0.7821851308481335,0.7797209599348287,0.7847065039280768,0.06151313040321016,0.1331522471884408,0.1317175297166206,0.13455273691419964
TUR.40.25_1,2066,9,albopictus,23.11448080399457,70.9275275617013,0.5228846220103385,0.16653042327337922,0.1660009470397092,0.1670731252017183,8.30111865361427e-4,7.680667361008947e-4,8.972524906222801e-4,0.9991698881346386,0.9991027475093777,0.999231933263899,0.050944939158305336,4.3395840728418177e-4,4.0152965036915623e-4,4.6904949128351303e-4
TUR.40.25_1,2066,10,albopictus,18.473123269922596,74.15780016191071,0.5152809727413864,0.055231820543923844,0.05499655557124716,0.055454600800326145,0,0,0,1,1,1,0.04864300763946916,0,0,0
TUR.40.25_1,2066,11,albopictus,12.978511431637934,80.60180759175039,0.29888852224061263,0.0010358271352217184,0.0010206341641735585,0.001052120245947047,0,0,0,1,1,1,0.02944659759418744,0,0,0
TUR.40.25_1,2066,12,albopictus,8.88824535818661,73.92571177894186,0.24584050242248268,0,0,0,0,0,0,1,1,1,0.023510241183454905,0,0,0
TUR.40.25_1,2067,1,albopictus,8.179262042045593,82.477659778286,0.2582338383712464,0,0,0,0,0,0,1,1,1,0.024680697111355232,0,0,0
TUR.40.25_1,2067,2,albopictus,6.041729131165673,77.69483231965131,0.19316672592763806,0,0,0,0,0,0,1,1,1,0.02048373362508471,0,0,0
TUR.40.25_1,2067,3,albopictus,9.091111028895657,75.44747272023506,0.23712826315515045,0,0,0,0,0,0,1,1,1,0.02268659604021117,0,0,0
TUR.40.25_1,2067,4,albopictus,13.346617025487564,76.70637904516838,0.31355851393446194,0.0017000470343552401,0.0016787834497751018,0.001722203296802099,0,0,0,1,1,1,0.03086935478239583,0,0,0
TUR.40.25_1,2067,5,albopictus,17.781660865334903,72.40265799100835,0.43827189236632474,0.041296179110918534,0.04110654504914916,0.0414820696785928,0,0,0,1,1,1,0.0415265428383661,0,0,0
TUR.40.25_1,2067,6,albopictus,23.91523765115177,64.99156980422583,0.492955444602304,0.16844240984160486,0.16791116144682544,0.16900776004598317,0.001091778382147005,0.0010117067526010382,0.0011815035019264479,0.998908221617853,0.9988184964980735,0.9989882932473989,0.04810024057875206,5.380530621919453e-4,4.986020086919646e-4,5.822590054871068e-4
TUR.40.25_1,2067,7,albopictus,25.412200030158548,66.99250085622626,0.5788944697571371,0.20337043686944983,0.2027255451469315,0.2039853271427723,0.04203689330688485,0.04028471329523825,0.043733433322055155,0.9579631066931151,0.9562665666779449,0.9597152867047617,0.05448170872538505,0.024041093160295814,0.023050774154905054,0.024999253841115555
TUR.40.25_1,2067,8,albopictus,26.92640433591955,65.66942435347704,0.6874006923128602,0.21515498191405566,0.2143955806956722,0.215895419103757,0.07930419276756354,0.07667458994508301,0.08188183429796717,0.9206958072324365,0.9181181657020328,0.923325410054917,0.06435827446356801,0.053054120740169936,0.05134128047932287,0.054730899493015475
TUR.40.25_1,2067,9,albopictus,21.91176206925336,73.27248300603723,0.5478915461579992,0.13970414967261227,0.13926523939266766,0.14011133900881098,9.137246845751678e-6,8.394309646489462e-6,9.866883053713528e-6,0.9999908627531543,0.9999901331169463,0.9999916056903535,0.053315268982011665,5.006207749734481e-6,4.599160714977013e-6,5.405967199736961e-6
TUR.40.25_1,2067,10,albopictus,18.38227243984447,76.25992723710603,0.5399242528411823,0.05496781288847227,0.054746042612121314,0.05519211936681928,0,0,0,1,1,1,0.05090913248121076,0,0,0
TUR.40.25_1,2067,11,albopictus,10.908554652157953,82.12417697651601,0.3131828470106565,2.759353080155881e-8,2.4455847127828563e-8,3.129062676557497e-8,0,0,0,1,1,1,0.030832947065715932,0,0,0
TUR.40.25_1,2067,12,albopictus,9.34588695974911,80.60142436439108,0.2575978089825143,0,0,0,0,0,0,1,1,1,0.024620663159918066,0,0,0
TUR.40.25_1,2068,1,albopictus,9.453839182853699,80.46430833785631,0.2683627005209892,0,0,0,0,0,0,1,1,1,0.02563624885210547,0,0,0
TUR.40.25_1,2068,2,albopictus,8.151104131165674,77.04830979767866,0.20791282924634016,0,0,0,0,0,0,1,1,1,0.021278571290177517,0,0,0
TUR.40.25_1,2068,3,albopictus,12.599067533717434,75.77131000050849,0.24642928855312118,4.6558738094440184e-4,4.569053739184484e-4,4.7469346276618127e-4,0,0,0,1,1,1,0.023565879304139004,0,0,0
TUR.40.25_1,2068,4,albopictus,13.1391518536736,73.9389763962426,0.3258574093214965,0.0011960579655403082,0.0011797172260380392,0.001214791229492983,0,0,0,1,1,1,0.03206054575777384,0,0,0
TUR.40.25_1,2068,5,albopictus,18.09449083664838,78.58129263456304,0.4554624960838106,0.0508363830770368,0.05062519112252782,0.051042963356272744,0,0,0,1,1,1,0.04311974021576992,0,0,0
TUR.40.25_1,2068,6,albopictus,22.8973123887006,68.31047849563208,0.5122909343887496,0.1541115712625112,0.15359494095305032,0.15461752951246924,1.1982873654075287e-4,1.0983828608745195e-4,1.3022191172728514e-4,0.9998801712634593,0.9998697780882727,0.9998901617139125,0.0499390071408794,6.138528792216946e-5,5.6267575132010195e-5,6.670927967366568e-5
TUR.40.25_1,2068,7,albopictus,25.261391695807962,66.3777051714118,0.6016007979455784,0.19856232940208024,0.1979372221997981,0.19918856252295608,0.029969602724907857,0.028565708919803943,0.0314057183331276,0.9700303972750921,0.9685942816668723,0.9714342910801961,0.05655709689746513,0.01786807730538671,0.017038330792149177,0.018716337958970344
TUR.40.25_1,2068,8,albopictus,27.445037224713495,73.87769538008837,0.7143630257467343,0.2586654415960986,0.2578942909406414,0.2594306955917153,0.22689968912041159,0.22459786415922045,0.22917461891542895,0.7731003108795884,0.770825381084571,0.7754021358407795,0.06679642292795285,0.1496339468089194,0.14823482795426227,0.15101509636903918
TUR.40.25_1,2068,9,albopictus,25.097520659951602,66.0790282636056,0.5693818279082382,0.1947205109203648,0.19407079113274753,0.1953144228039076,0.0220262179143501,0.02083204305766564,0.023146586068798488,0.9779737820856499,0.9768534139312015,0.9791679569423344,0.05534753665944636,0.012462956684686527,0.011791317819208103,0.013092779498823726
TUR.40.25_1,2068,10,albopictus,19.28013964260326,72.66776415116853,0.5611020286231037,0.07109752100559477,0.07083546731951366,0.07136221879350656,6.077727210396233e-14,5.461742169643458e-14,6.750155989720952e-14,0.9999999999999393,0.9999999999999325,0.9999999999999454,0.0528522664424832,3.4105052115762643e-14,3.0639379922092754e-14,3.785860513971784e-14
TUR.40.25_1,2068,11,albopictus,13.56215725225561,69.71133517964101,0.3254670073865499,0.002025691644910904,0.0020003157641664553,0.00205073348817333,0,0,0,1,1,1,0.03202275647654351,0,0,0
TUR.40.25_1,2068,12,albopictus,10.148246540742763,75.89758220130514,0.2677017237665582,0,0,0,0,0,0,1,1,1,0.025573921201633154,0,0,0
TUR.40.25_1,2069,1,albopictus,9.45617949962616,80.5662599369774,0.25069363862188837,0,0,0,0,0,0,1,1,1,0.023968750064752853,0,0,0
TUR.40.25_1,2069,2,albopictus,8.99330822509878,75.86743211213178,0.1875264283291105,0,0,0,0,0,0,1,1,1,0.019891615810394447,0,0,0
TUR.40.25_1,2069,3,albopictus,7.040805662379545,70.16619220265693,0.23020432754049372,0,0,0,0,0,0,1,1,1,0.022031519651392273,0,0,0
TUR.40.25_1,2069,4,albopictus,13.594608587377213,73.29988490454338,0.30440288257689085,0.0022350892040529243,0.0022089215330064627,0.0022614116301764935,0,0,0,1,1,1,0.029981648176190534,0,0,0
TUR.40.25_1,2069,5,albopictus,17.60534937241498,72.84435415800054,0.4254747406304614,0.038593815362067796,0.03841385633632583,0.03876853351774788,0,0,0,1,1,1,0.040338801365653265,0,0,0
TUR.40.25_1,2069,6,albopictus,22.56984733132755,64.49176816848365,0.4785615814925,0.1371475621938793,0.13666193168889143,0.1376186989955495,5.576504781471203e-6,5.064642670046803e-6,6.106697393784555e-6,0.9999944234952185,0.9999938933026062,0.99999493535733,0.04672910253368001,2.6686973781882005e-6,2.4237404685711895e-6,2.9224264921690057e-6
TUR.40.25_1,2069,7,albopictus,25.545378741096048,66.55225427419501,0.5619912631003384,0.20376371644059865,0.2030886409749943,0.20451881430175659,0.043122069852175746,0.04126401689313282,0.04523614261588721,0.9568779301478243,0.9547638573841127,0.9587359831068671,0.052933769685849064,0.02394278500213077,0.022923195045405128,0.02510189088332737
TUR.40.25_1,2069,8,albopictus,28.036319115582636,62.130003271934065,0.66732919989894,0.20133997261375905,0.20052470252758336,0.20214310694862372,0.036668732089566655,0.03461516519218297,0.038739307600805774,0.9633312679104333,0.9612606923991943,0.9653848348078171,0.0625391154470355,0.024172922820080725,0.02283495469192342,0.02552057255922774
TUR.40.25_1,2069,9,albopictus,22.701255630044376,72.70010294011927,0.5318935974574236,0.16023640770290357,0.15975197655233803,0.1606599467166174,3.2174033319786697e-4,2.9805687227259513e-4,3.43450958490088e-4,0.9996782596668021,0.9996565490415099,0.9997019431277274,0.05179955551372095,1.7111696070800218e-4,1.5852197610357333e-4,1.8266268100216866e-4
TUR.40.25_1,2069,10,albopictus,15.761346536524156,70.97223039872712,0.5241589420607548,0.014519124316665098,0.014423758307608553,0.01461466645338564,0,0,0,1,1,1,0.04946002289293161,0,0,0
TUR.40.25_1,2069,11,albopictus,13.1899353055393,77.54050540669179,0.30403818479509487,0.0013738150240642075,0.0013534663333856067,0.0013939845070442256,0,0,0,1,1,1,0.029946271176977568,0,0,0
TUR.40.25_1,2069,12,albopictus,7.192085041719325,78.34442058021139,0.2500761807289283,0,0,0,0,0,0,1,1,1,0.02391042656104103,0,0,0
TUR.40.25_1,2070,1,albopictus,9.061548113822937,79.07511766402818,0.26137864934046107,0,0,0,0,0,0,1,1,1,0.02497747725585342,0,0,0
TUR.40.25_1,2070,2,albopictus,9.746392407838037,79.09159898224897,0.19551913970274984,0,0,0,0,0,0,1,1,1,0.02073058403922179,0,0,0
TUR.40.25_1,2070,3,albopictus,10.118447149501126,72.1230708647663,0.24001604721855832,0,0,0,0,0,0,1,1,1,0.022959680790177295,0,0,0
TUR.40.25_1,2070,4,albopictus,12.225811285131119,74.64307032934806,0.3173770772193173,1.8388349964432347e-4,1.797039612320317e-4,1.880590177574578e-4,0,0,0,1,1,1,0.03123935280486234,0,0,0
TUR.40.25_1,2070,5,albopictus,17.06246073105756,76.99054861600835,0.4436092341465704,0.03196074973884386,0.03181331861269056,0.03212257614984593,0,0,0,1,1,1,0.042021482788297426,0,0,0
TUR.40.25_1,2070,6,albopictus,25.4063398697797,57.08144407180396,0.4989587310007763,0.1682408404349975,0.1676236899623657,0.16889832640879443,0.0010613104418786435,9.710282597685665e-4,0.0011634675600193324,0.9989386895581214,0.9988365324399806,0.9990289717402314,0.04867152177120848,5.294096196075678e-4,4.843856756212045e-4,5.803538268356722e-4
TUR.40.25_1,2070,7,albopictus,26.893561419318704,64.38928659231024,0.5859443346779871,0.20933702226419534,0.20854746970816593,0.21008115860864637,0.05982615609449585,0.05731781726439031,0.062216577512041835,0.9401738439055042,0.9377834224879581,0.9426821827356097,0.05512656384517245,0.03444723879090731,0.03302733358248523,0.03579895297958406
TUR.40.25_1,2070,8,albopictus,26.595542290631464,68.77767401778368,0.6957719625192202,0.2264707272461435,0.2257019290856514,0.22723489981436587,0.11975967042837132,0.11698711142942257,0.12251320226810301,0.8802403295716287,0.877486797731897,0.8830128885705775,0.06511595232578293,0.0799478809390572,0.07817174952588621,0.08170928104032538
TUR.40.25_1,2070,9,albopictus,22.382829497842227,66.19534601262903,0.5545638527587343,0.13649484510110135,0.13605443051332347,0.13693622854530996,4.9056954470593215e-6,4.4934790247114225e-6,5.34462973454386e-6,0.9999950943045529,0.9999946553702654,0.9999955065209752,0.053946715376346543,2.7205176595275214e-6,2.4919179353516395e-06,2.9639340647369394e-6
TUR.40.25_1,2070,10,albopictus,17.799972253687244,77.06682726152009,0.546499532531828,0.044283206766470545,0.044084217908299674,0.04446503403705754,0,0,0,1,1,1,0.05151286340173766,0,0,0
TUR.40.25_1,2070,11,albopictus,9.531740763608148,79.49199008686757,0.31699683536656303,0,0,0,0,0,0,1,1,1,0.031202515770181183,0,0,0
TUR.40.25_1,2070,12,albopictus,6.820825829225429,79.05313029700827,0.2607348742890727,0,0,0,0,0,0,1,1,1,0.024916730669267917,0,0,0
TUR.40.25_1,2071,1,albopictus,6.930437445640564,86.46069963424303,0.27203228063400064,0,0,0,0,0,0,1,1,1,0.025982204115125307,0,0,0
TUR.40.25_1,2071,2,albopictus,4.758870282593896,79.05622910920209,0.20348837831684163,0,0,0,0,0,0,1,1,1,0.02156637341781298,0,0,0
TUR.40.25_1,2071,3,albopictus,10.655455435023587,78.23835101613349,0.24979895212701786,7.797963015460285e-12,4.247683789958053e-12,1.482774608998347e-11,0,0,0,1,1,1,0.02388423911803561,0,0,0
TUR.40.25_1,2071,4,albopictus,14.1788828793694,72.9778710495629,0.3303131696287307,0.004276284976820143,0.004234498470175631,0.0043152950802029695,0,0,0,1,1,1,0.03249174030566404,0,0,0
TUR.40.25_1,2071,5,albopictus,19.014427970437442,69.63498068387945,0.46169047081579473,0.06257141855587509,0.06233622956394876,0.06281812532084718,1.5945023079666498e-15,1.4432899320127035e-15,1.7763568394002505e-15,0.9999999999999984,0.9999999999999982,0.9999999999999986,0.043696285107281296,7.138734048339756e-16,6.661338147750939e-16,7.771561172376096e-16
TUR.40.25_1,2071,6,albopictus,23.02993606118595,74.16728238967505,0.519295978760637,0.17331262692024316,0.1728362707678248,0.17380028401264602,0.00212644163009027,0.0019951696147717775,0.002266426220560916,0.9978735583699098,0.997733573779439,0.9980048303852282,0.050604296035860585,0.0011036424350327246,0.0010355470086461675,0.0011762536931628875
TUR.40.25_1,2071,7,albopictus,26.16637903101304,69.63597162038641,0.6098270615799329,0.22535940579055708,0.2246429512035661,0.22604879850613735,0.11575074795509029,0.11316428046493744,0.11823854802307102,0.8842492520449097,0.881761451976929,0.8868357195350626,0.057307863507123025,0.06815390685795045,0.0666832510530071,0.06956686648671483
TUR.40.25_1,2071,8,albopictus,27.616383889142206,68.9088423832622,0.7241311952712688,0.23355019986866773,0.23274602584206225,0.2343641315868574,0.14503512192385581,0.1421985158498736,0.14789804257879596,0.8549648780761442,0.8521019574212041,0.8578014841501264,0.0676781697218719,0.09969699965464052,0.0978463062475033,0.10156200657294688
TUR.40.25_1,2071,9,albopictus,25.561166595010196,71.76249612859583,0.5771675307214308,0.22514350298323457,0.22446128258382475,0.22581530021671198,0.11497142087658527,0.11250827685165424,0.1173961844882767,0.8850285791234147,0.8826038155117233,0.8874917231483458,0.056082728757081535,0.06420375410170036,0.06287267890050517,0.06551272203813277
TUR.40.25_1,2071,10,albopictus,19.498368936426502,77.51342149980134,0.568774513814259,0.08139360117005237,0.08110996819141528,0.0816753551514288,2.8239842686517134e-12,2.555058942199651e-12,3.1103813968869073e-12,0.999999999997176,0.9999999999968896,0.9999999999974449,0.05355526125866017,1.6062116081627665e-12,1.4532763881192067e-12,1.769082103031394e-12
TUR.40.25_1,2071,11,albopictus,13.429813006344965,80.67826175434804,0.3299174293543882,0.0020301414963979614,0.002004789003314037,0.0020530367808453322,0,0,0,1,1,1,0.032453451349632956,0,0,0
TUR.40.25_1,2071,12,albopictus,9.847197308259853,78.68868174964499,0.2713622657116406,0,0,0,0,0,0,1,1,1,0.025919046603909646,0,0,0
TUR.40.25_1,2072,1,albopictus,8.992794871330261,78.64178331344225,0.2854990594042259,0,0,0,0,0,0,1,1,1,0.027250753020262475,0,0,0
TUR.40.25_1,2072,2,albopictus,10.617214360657862,74.1470036453349,0.221189148390087,5.875335934020214e-13,2.2301423271444105e-13,1.6155558989993648e-12,0,0,0,1,1,1,0.022621836723522915,0,0,0
TUR.40.25_1,2072,3,albopictus,9.4345205671647,71.52452197560615,0.26216508462235444,0,0,0,0,0,0,1,1,1,0.025051680120461217,0,0,0
TUR.40.25_1,2072,4,albopictus,13.14237336551442,70.86465083471916,0.34666510539868733,0.0011404020845935342,0.0011243176701874519,0.0011571815885051955,0,0,0,1,1,1,0.03407251081248719,0,0,0
TUR.40.25_1,2072,5,albopictus,20.407311271218692,71.79611349637945,0.484546153296958,0.09693116151122981,0.09658844398589478,0.0972589679241027,3.892366016167159e-10,3.5196468517462163e-10,4.273700920931489e-10,0.9999999996107634,0.9999999995726299,0.9999999996480353,0.04580913863703917,1.8860309713986112e-10,1.705431490472975e-10,2.0708056935880847e-10
TUR.40.25_1,2072,6,albopictus,23.31455062417423,63.88211088088599,0.5450033839477662,0.15249223499835884,0.15193931336746447,0.15299756432631656,9.132192409932705e-5,8.306895907728985e-5,9.936008364465342e-5,0.9999086780759007,0.9999006399163554,0.9999169310409227,0.05304181158793386,4.976951670860319e-5,4.527183899749876e-5,5.41501156450519e-5
TUR.40.25_1,2072,7,albopictus,27.542975481818704,59.54777581960517,0.6400161483576254,0.19077804597432663,0.1900381157882705,0.1914788632336449,0.015493445058424026,0.014436765875580694,0.01653041924999843,0.984506554941576,0.9834695807500016,0.9855632341244193,0.06005794253744534,0.009866989741469235,0.00919720784586124,0.010523966703424594
TUR.40.25_1,2072,8,albopictus,26.118275978985956,67.78010016524462,0.7599788328553435,0.21668720939725714,0.21595815646323396,0.21742082008660088,0.08466085602431538,0.08210122970381264,0.0872471434408036,0.9153391439756846,0.9127528565591964,0.9178987702961874,0.07090690813807377,0.06231384602272193,0.06048847844368588,0.06415553130985821
TUR.40.25_1,2072,9,albopictus,23.90610678055707,64.67417825750208,0.6057398289481994,0.1673142834464983,0.16678226688562717,0.16786798522547872,9.295985542413565e-4,8.603763616800459e-4,0.0010054997146281275,0.9990704014457586,0.998994500285372,0.99913962363832,0.05877586804349488,5.629361046631421e-4,5.210284476649784e-4,6.088857789190965e-4
TUR.40.25_1,2072,10,albopictus,18.388284402735096,80.9575285554654,0.5969313212704462,0.0586722247514813,0.05845277809215141,0.05890123647013258,2.27151630838307e-16,2.220446049250313e-16,3.3306690738754696e-16,0.9999999999999998,0.9999999999999997,0.9999999999999998,0.05613067301260388,1.1612932837579138e-16,1.1102230246251565e-16,2.220446049250313e-16
TUR.40.25_1,2072,11,albopictus,15.313506701413324,82.27835941059804,0.34624977426287573,0.0125365850940572,0.012450511851095115,0.012622191254109833,0,0,0,1,1,1,0.034032392003243817,0,0,0
TUR.40.25_1,2072,12,albopictus,9.158086552339443,78.03572001868795,0.284795875834707,0,0,0,0,0,0,1,1,1,0.027184555159414203,0,0,0
TUR.40.25_1,2073,1,albopictus,8.315718531608582,83.54691942184068,0.2791224742882069,0,0,0,0,0,0,1,1,1,0.026650295025865467,0,0,0
TUR.40.25_1,2073,2,albopictus,8.304057279053858,80.09398698273725,0.20879205773784365,0,0,0,0,0,0,1,1,1,0.022122211720288387,0,0,0
TUR.40.25_1,2073,3,albopictus,10.00792487929849,76.89533343800849,0.25630966086007906,0,0,0,0,0,0,1,1,1,0.02449906528464485,0,0,0
TUR.40.25_1,2073,4,albopictus,10.42986230289235,79.1224251877465,0.33892238443862066,3.561960964096777e-33,3.1235108863844575e-43,1.41610909373991e-34,0,0,0,1,1,1,0.03332433050065198,0,0,0
TUR.40.25_1,2073,5,albopictus,18.643015693215762,79.30311728055914,0.47372387669967164,0.06294345172185575,0.06271537516374143,0.06318665692487536,1.889044476399704e-15,1.6653345369377348e-15,2.1094237467877974e-15,0.9999999999999981,0.9999999999999979,0.9999999999999983,0.04480927474487739,9.15711950710829e-16,7.771561172376096e-16,9.992007221626409e-16
TUR.40.25_1,2073,6,albopictus,22.939846263212317,67.9664385786399,0.5328308028068215,0.1542910997615407,0.15380346438744086,0.15475777961590473,1.234568445882025e-4,1.1373427858933638e-4,1.3327976418354978e-4,0.9998765431554117,0.9998667202358164,0.9998862657214107,0.051888417202460846,6.57794423632414e-5,6.0599290756180316e-5,7.101304220217263e-5
TUR.40.25_1,2073,7,albopictus,25.943780001472025,67.65858514577704,0.6257214692292759,0.2139091234004211,0.21323476756049015,0.21463564436131416,0.0750054013911385,0.07270067784794693,0.07750288118806593,0.9249945986088615,0.9224971188119341,0.927299322152053,0.058756768224432876,0.04584789565646444,0.04447120046638438,0.047338103824030774
TUR.40.25_1,2073,8,albopictus,26.159875252667597,75.53036719405321,0.7430048024533256,0.2526391562089631,0.2519251042424793,0.25334906500893284,0.20854398667350743,0.20631616251379253,0.21075035858419072,0.7914560133264926,0.7892496414158093,0.7936838374862074,0.06937948096360325,0.14354100111927703,0.142122445088259,0.14494418249588084
TUR.40.25_1,2073,9,albopictus,24.327209304360782,69.38555826238489,0.5922107070466728,0.19119548375939824,0.19060956873659007,0.19176919760589864,0.016106564114912403,0.015242357385652362,0.016977675035555757,0.9838934358850876,0.9830223249644442,0.9847576426143476,0.05750161265824638,0.0094930987782969,0.00898606901082689,0.010003984823978709
TUR.40.25_1,2073,10,albopictus,17.71775599086986,73.57975908525056,0.5835989362655999,0.040856220713418975,0.040670812914554655,0.04101916278818682,0,0,0,1,1,1,0.054912077763700884,0,0,0
TUR.40.25_1,2073,11,albopictus,14.157540896359613,75.82287692768789,0.3385163296708096,0.004366342923270292,0.004325189401061428,0.0044106645259948596,0,0,0,1,1,1,0.03328507737725883,0,0,0
TUR.40.25_1,2073,12,albopictus,11.215185894685634,80.1102439444692,0.2784349962341197,1.4190670014354795e-6,1.337560747197852e-6,1.5117136108361123e-6,0,0,0,1,1,1,0.026585535785108694,0,0,0
TUR.40.25_1,2074,1,albopictus,8.917391657829285,82.14095170943834,0.29462626625074445,0,0,0,0,0,0,1,1,1,0.02810958176118672,0,0,0
TUR.40.25_1,2074,2,albopictus,11.0001279501354,76.1759343093974,0.22038936331079162,9.500984485524515e-8,8.568845775953717e-8,1.0426823301964426e-7,0,0,0,1,1,1,0.023336537214594055,0,0,0
TUR.40.25_1,2074,3,albopictus,11.308318937526028,77.51703753957099,0.270546320484485,2.866525673679579e-6,2.7083073083746234e-6,3.0273547008400026e-6,0,0,0,1,1,1,0.025842127756958932,0,0,0
TUR.40.25_1,2074,4,albopictus,14.36666707431569,70.37607966772697,0.3577477482979204,0.0049397806757661,0.004892628430663696,0.004983009133858711,0,0,0,1,1,1,0.03514242077439711,0,0,0
TUR.40.25_1,2074,5,albopictus,19.09649927475873,73.50968313749273,0.500036757633992,0.067836559301925,0.06757276009699567,0.06808432111718309,1.596933696390579e-14,1.4319101460102956e-14,1.765254609153999e-14,0.999999999999984,0.9999999999999823,0.9999999999999857,0.047238485695540344,8.012590591022218e-15,7.213674102501954e-15,8.881784197001252e-15
TUR.40.25_1,2074,6,albopictus,23.18864081887638,66.49521665481177,0.5624267640027625,0.15645974964964238,0.15596859425198242,0.156991705632331,1.763113473382204e-4,1.6262614432818457e-4,1.9203535978041253e-4,0.9998236886526618,0.9998079646402196,0.9998373738556718,0.054690296303406494,9.915729592841427e-5,9.146111327403838e-5,1.0799999355619872e-4
TUR.40.25_1,2074,7,albopictus,25.56935220606187,65.16555078298407,0.6604770205698219,0.19877587151426537,0.1981030674392705,0.19939416732524123,0.030456984031769652,0.028932753967753903,0.03188780476071327,0.9695430159682303,0.9681121952392868,0.971067246032246,0.06191726573357703,0.01991503205977684,0.018927991678199828,0.02084092486187496
TUR.40.25_1,2074,8,albopictus,26.279036858502558,75.47851782881884,0.7842748288593983,0.2543030774738508,0.25355016796343477,0.25501053380996247,0.2136938653009821,0.21137287746810693,0.21586601916586515,0.7863061346990179,0.7841339808341348,0.7886271225318932,0.07308884931000215,0.15430315833849223,0.1527626737524004,0.15574296358480186
TUR.40.25_1,2074,9,albopictus,23.96907408097211,73.52081979802942,0.6251049110101936,0.19660638909513775,0.19598377950949605,0.1971897599481154,0.025729435941010313,0.024460310889854973,0.026947239718550363,0.9742705640589897,0.9730527602814497,0.9755396891101451,0.06059679261216788,0.01595487765043635,0.015173957949346353,0.01670377064351918
TUR.40.25_1,2074,10,albopictus,17.35228319729076,75.3389982820279,0.6160148014534298,0.0357299009559478,0.035564927066728376,0.035891780441035685,0,0,0,1,1,1,0.05787219133843724,0,0,0
TUR.40.25_1,2074,11,albopictus,13.042159655514887,76.30069827778554,0.3573191393138586,0.0010675856720963447,0.0010531438876267348,0.0010840152433661012,0,0,0,1,1,1,0.03510106522545586,0,0,0
TUR.40.25_1,2074,12,albopictus,10.875132336336025,80.56063762122702,0.2939006023903851,1.296518714183045e-8,1.1168598024098099e-8,1.5022041760390692e-8,0,0,0,1,1,1,0.028041327840171437,0,0,0
TUR.40.25_1,2075,1,albopictus,7.690697550773621,78.60306413619615,0.284440775740128,0,0,0,0,0,0,1,1,1,0.027151124244049973,0,0,0
TUR.40.25_1,2075,2,albopictus,9.900201955262354,76.50266313019819,0.2127703081694811,0,0,0,0,0,0,1,1,1,0.022538934623187568,0,0,0
TUR.40.25_1,2075,3,albopictus,11.642641866908352,75.48238482961006,0.2611932949886805,2.1750273444173476e-5,2.1021204523181727e-5,2.253165407131383e-5,0,0,0,1,1,1,0.024959987615024937,0,0,0
TUR.40.25_1,2075,4,albopictus,11.393724722020767,76.0212517868676,0.3453800923456784,5.129061484495131e-6,4.857020018642254e-6,5.381778088759079e-6,0,0,0,1,1,1,0.03394837989397881,0,0,0
TUR.40.25_1,2075,5,albopictus,17.852673362283145,78.5088210159107,0.48275004482778927,0.046128699292561325,0.04592529064198101,0.046321085666456555,0,0,0,1,1,1,0.04564326967810661,0,0,0
TUR.40.25_1,2075,6,albopictus,22.880781398100012,73.93673734572974,0.5429831735158523,0.168510540043153,0.16805471234677696,0.16898808659421985,0.0011021649103473113,0.0010325946318158004,0.0011782425270182029,0.9988978350896527,0.9988217574729817,0.9989674053681842,0.05285048678168447,5.982777388687167e-4,5.605243576326302e-4,6.395612599453288e-4
TUR.40.25_1,2075,7,albopictus,27.43707757837632,59.00142724782783,0.6376437460247452,0.18848540117638793,0.18765895108221028,0.18929995357762402,0.012416046678480347,0.011421086989085994,0.01344354563195556,0.9875839533215196,0.9865564543680445,0.988578913010914,0.05984211898290481,0.007885706000814953,0.00725613092703625,0.008535556311448627
TUR.40.25_1,2075,8,albopictus,26.37829528135412,74.71602850997118,0.7571617546290639,0.252036478244393,0.2512998941575276,0.25275091754883316,0.20666306626689013,0.2043546733055328,0.20889335264803513,0.7933369337331099,0.7911066473519649,0.7956453266944672,0.0706535838103044,0.1448487983352185,0.14335316771734,0.14629199435201598
TUR.40.25_1,2075,9,albopictus,23.23619062760297,71.74248422674036,0.6034944815659452,0.17201911333983227,0.17150576809372758,0.17250128436057158,0.0017892571907215207,0.001668320646409782,0.0019079068147784734,0.9982107428092785,0.9980920931852215,0.9983316793535902,0.05856450680133196,0.0010792233457161125,0.0010063156280732594,0.0011507486144858635
TUR.40.25_1,2075,10,albopictus,19.43781443203197,72.61789079911775,0.5947186251333482,0.07462516660256355,0.07435841452928552,0.07488752406789558,2.407485322208913e-13,2.1714852138643438e-13,2.656791453503615e-13,0.9999999999997593,0.9999999999997343,0.9999999999997828,0.055928538854232435,1.431758045455922e-13,1.2911338664878256e-13,1.5798751196172135e-13
TUR.40.25_1,2075,11,albopictus,14.066859820309809,80.48171329243398,0.3449663007531394,0.004260849870380449,0.004217293447281219,0.0043058136477289585,0,0,0,1,1,1,0.033908404663077985,0,0,0
TUR.40.25_1,2075,12,albopictus,10.445972218232997,79.39446177894186,0.2837401987209986,8.757887562134365e-27,5.199002554212971e-33,6.742318748663108e-27,0,0,0,1,1,1,0.027085165017926904,0,0,0
TUR.59.4_1,2025,1,albopictus,4.849517377860406,69.56209988807737,0.07304482562377056,0,0,0,0,0,0,1,1,1,0.0070439285098816695,0,0,0
TUR.59.4_1,2025,2,albopictus,4.258604782469133,76.86164585850305,0.05463974009252106,0,0,0,0,0,0,1,1,1,0.0058371550904327,0,0,0
TUR.59.4_1,2025,3,albopictus,8.010822674807379,66.83459414692689,0.06707483706195873,0,0,0,0,0,0,1,1,1,0.006470091497838948,0,0,0
TUR.59.4_1,2025,4,albopictus,13.665060842738432,54.54226888594779,0.08869413519797514,0.0017985009874772167,0.0017760487947974554,0.0018218222746382387,0,0,0,1,1,1,0.008830196301925053,0,0,0
TUR.59.4_1,2025,5,albopictus,16.83769716935999,53.29812626233216,0.1239709487943805,0.02078495363843948,0.020650724061830376,0.020912668075194988,0,0,0,1,1,1,0.011925509262439071,0,0,0
TUR.59.4_1,2025,6,albopictus,23.730123604045193,40.14280370818671,0.1394389082328451,0.10569199693181464,0.10521889792439329,0.10616552987363453,4.383179726619169e-9,3.859585026577683e-9,4.95433098990361e-9,0.9999999956168203,0.9999999950456689,0.9999999961404149,0.013847125063503607,6.111857947521671e-10,5.381762813172486e-10,6.908265487437503e-10
TUR.59.4_1,2025,7,albopictus,26.148629693424002,36.783123582263805,0.16374788782399763,0.1151601008932213,0.11456903410654817,0.1157848202670127,4.74937218731819e-8,4.108334411001558e-8,5.500316642703673e-8,0.9999999525062782,0.9999999449968335,0.9999999589166558,0.015721673498581223,7.776996609032417e-9,6.7273107667853444e-9,9.006652307297358e-9
TUR.59.4_1,2025,8,albopictus,26.1063975165872,49.81033101130324,0.19444029496810858,0.15108850725432693,0.15046057979769908,0.151775961240699,7.194428567653144e-5,6.447558440226819e-5,8.079061406766619e-5,0.9999280557143234,0.9999192093859324,0.9999355244155977,0.018640871919531676,1.3988769959714986e-5,1.2536573065885515e-5,1.570882744507118e-5
TUR.59.4_1,2025,9,albopictus,21.167789571425494,63.377013327665715,0.15497830455632985,0.10258446703643812,0.10219628443802838,0.10295069177651209,1.903903391275996e-9,1.7103050004019239e-9,2.100590398845803e-9,0.9999999980960966,0.9999999978994095,0.999999998289695,0.015378357070245263,2.950637180143545e-10,2.650601793607876e-10,3.2554588746958044e-10
TUR.59.4_1,2025,10,albopictus,16.89749201606302,68.75470893464083,0.15272465122146495,0.026466612640013248,0.026323205837397314,0.02660702671650866,0,0,0,1,1,1,0.014671119747202477,0,0,0
TUR.59.4_1,2025,11,albopictus,10.793414999456967,68.3366256304529,0.0885878728850457,8.238213405020534e-10,6.330693221726227e-10,1.078382923694122e-9,0,0,0,1,1,1,0.008819663846380332,0,0,0
TUR.59.4_1,2025,12,albopictus,4.642129645628088,72.69433987773199,0.07286491637529807,0,0,0,0,0,0,1,1,1,0.007026640425779052,0,0,0
TUR.59.4_1,2026,1,albopictus,6.811025651938775,74.40719266151487,0.06920725666760282,0,0,0,0,0,0,1,1,1,0.006675098343115526,0,0,0
TUR.59.4_1,2026,2,albopictus,4.743156927473406,70.16378514072962,0.051769122378514276,0,0,0,0,0,0,1,1,1,0.005531337191092334,0,0,0
TUR.59.4_1,2026,3,albopictus,11.264345547732184,53.763926880081186,0.06355091445346644,7.883577365533472e-7,7.34584200857751e-7,8.477838096984425e-7,0,0,0,1,1,1,0.0061312154114455675,0,0,0
TUR.59.4_1,2026,4,albopictus,12.732847059474272,60.873312129355995,0.08403439568975832,4.584258700677955e-4,4.4956404893891293e-4,4.6745867826244157e-4,0,0,0,1,1,1,0.008368229368641122,0,0,0
TUR.59.4_1,2026,5,albopictus,15.585045001086065,71.34732441296693,0.11745786507493419,0.013025753251882084,0.012931450010709888,0.013118314722912375,0,0,0,1,1,1,0.011302531157241003,0,0,0
TUR.59.4_1,2026,6,albopictus,21.239244545207303,52.26252416717109,0.1321131815855882,0.08765143390128374,0.0872899059658198,0.08801400275979632,2.2931022081174035e-11,2.0371371256544535e-11,2.571963475528349e-11,0.999999999977069,0.9999999999742804,0.9999999999796286,0.013124431743719134,3.0294923236695583e-12,2.691277756206034e-12,3.397915282477015e-12
TUR.59.4_1,2026,7,albopictus,25.032943276798026,46.314198106189586,0.15514503600547105,0.13311214772188512,0.13253901886615413,0.13372793757054127,2.49798469364626e-6,2.218827126790335e-6,2.824069353143943e-6,0.9999975020153063,0.9999971759306469,0.9999977811728732,0.01490188707738671,3.8754984983668806e-7,3.4423995525501013e-7,4.3814024544841513e-7
TUR.59.4_1,2026,8,albopictus,26.00682247386259,42.72556080866652,0.18422495071304767,0.1300679782148871,0.1294620855734043,0.1306742945675335,1.3353592991456331e-6,1.1739756118095412e-6,1.5118560985960538e-6,0.9999986646407009,0.9999984881439014,0.9999988260243883,0.017670238546173223,2.4600647068118154e-7,2.1627557578451915e-7,2.785215764938842e-7
TUR.59.4_1,2026,9,albopictus,23.302465551039752,49.45949089724579,0.14683618188896683,0.11871740903742602,0.11821708752068527,0.11924837637997576,1.098287790306518e-7,9.760907019595865e-8,1.2398616806852392e-7,0.9999998901712209,0.9999998760138319,0.9999999023909297,0.014576339588549425,1.612683844531837e-8,1.4332543113448893e-8,1.8205655319403214e-8
TUR.59.4_1,2026,10,albopictus,15.103055561290068,63.94913642487521,0.1447009291389755,0.008371108839640625,0.008299591224874463,0.008437665147666968,0,0,0,1,1,1,0.013905725358150156,0,0,0
TUR.59.4_1,2026,11,albopictus,11.026124884100522,74.52157741267946,0.08393371609880576,1.2880009750015966e-7,1.1644342002903843e-7,1.4270796077543354e-7,0,0,0,1,1,1,0.00835824561027898,0,0,0
TUR.59.4_1,2026,12,albopictus,5.81193135766422,72.37393582499762,0.069036799343219,0,0,0,0,0,0,1,1,1,0.006658712449419624,0,0,0
TUR.59.4_1,2027,1,albopictus,5.470639499671319,72.31243558143674,0.06841919116853895,0,0,0,0,0,0,1,1,1,0.006599340123580322,0,0,0
TUR.59.4_1,2027,2,albopictus,5.871378916151384,73.04805485508508,0.051179625536307845,0,0,0,0,0,0,1,1,1,0.005468524192852708,0,0,0
TUR.59.4_1,2027,3,albopictus,6.474399945315192,70.06042422505189,0.06282725792485591,0,0,0,0,0,0,1,1,1,0.006061611074115958,0,0,0
TUR.59.4_1,2027,4,albopictus,11.418738210902495,61.20005620894584,0.08307749303002927,3.6633261972591736e-6,3.463401210736548e-6,3.867784584115134e-6,0,0,0,1,1,1,0.00827333532061636,0,0,0
TUR.59.4_1,2027,5,albopictus,18.589478632983038,60.340107005740364,0.11612036817769646,0.04757471150761857,0.04735884719053168,0.04778516683854634,0,0,0,1,1,1,0.011174550636420477,0,0,0
TUR.59.4_1,2027,6,albopictus,23.154998863444607,44.672874966731634,0.1306088040767496,0.10705762033300859,0.10658821772040881,0.10751107226470508,6.266165693880055e-9,5.534375230320521e-9,7.036107807500969e-9,0.9999999937338343,0.9999999929638922,0.9999999944656248,0.012975957235022872,8.184164079771961e-10,7.228381809776251e-10,9.189776634110913e-10
TUR.59.4_1,2027,7,albopictus,27.811580209171073,29.426819413562633,0.15337839394921735,0.09456237437438168,0.09387446857500781,0.09522164107239961,1.9500962000762456e-10,1.580510528009782e-10,2.358880701880395e-10,0.9999999998049903,0.9999999997641119,0.9999999998419489,0.014733455025984221,2.991026160081844e-11,2.4241583740369776e-11,3.618009225547781e-11
TUR.59.4_1,2027,8,albopictus,25.078725702622357,57.73938908625441,0.18212717463125627,0.1662760554075626,0.1656613531352107,0.1668655306306926,8.002716184305762e-4,7.308476101738432e-4,8.707888921084899e-4,0.9991997283815695,0.9991292111078915,0.9992691523898262,0.017470794959244973,1.4574056467526154e-4,1.3309835195401964e-4,1.585817452055549e-4
TUR.59.4_1,2027,9,albopictus,21.77431308521944,60.167365195341496,0.14516415305076658,0.1107016202456767,0.11031352046845376,0.11108788093876025,1.588364683546839e-8,1.4389997177177704e-8,1.7474103053416457e-8,0.9999999841163532,0.999999982525897,0.9999999856100028,0.014411560135328183,2.305736137686587e-9,2.088911768560742e-9,2.5366133665771782e-9
TUR.59.4_1,2027,10,albopictus,15.127873981700224,68.68803565583224,0.1430532144999658,0.00911544333263449,0.009043108425388958,0.009185074077235506,0,0,0,1,1,1,0.013748473920626725,0,0,0
TUR.59.4_1,2027,11,albopictus,13.056387831183041,65.17218929012087,0.08297795988116834,8.981247564972284e-4,8.834851921180803e-4,9.122549334312443e-4,0,0,0,1,1,1,0.008263464303717272,0,0,0
TUR.59.4_1,2027,12,albopictus,6.477672801298254,71.4014474216773,0.06825067484778508,0,0,0,0,0,0,1,1,1,0.006583139582684083,0,0,0
TUR.59.4_1,2028,1,albopictus,3.410986098296502,71.09691281532346,0.06772121443601771,0,0,0,0,0,0,1,1,1,0.006532237481860048,0,0,0
TUR.59.4_1,2028,2,albopictus,7.53406526411281,69.5525256802804,0.05246671488271635,0,0,0,0,0,0,1,1,1,0.005412888433893759,0,0,0
TUR.59.4_1,2028,3,albopictus,9.364424130495856,74.57025088520814,0.062186327164776636,0,0,0,0,0,0,1,1,1,0.005999959579530367,0,0,0
TUR.59.4_1,2028,4,albopictus,10.804705465541167,69.71272863326224,0.08222997998375083,1.2449392166571283e-9,9.997144411852055e-10,1.5597824024437485e-9,0,0,0,1,1,1,0.008189281630170853,0,0,0
TUR.59.4_1,2028,5,albopictus,16.50690283494837,59.42490009656068,0.11493576903561976,0.019102347779936853,0.018980714534890673,0.019221809363954463,0,0,0,1,1,1,0.01106118654707866,0,0,0
TUR.59.4_1,2028,6,albopictus,24.562610710368435,35.79857687102851,0.12927640150444447,0.10488747472451797,0.10431277595237837,0.10541284581927515,3.5435416723128555e-9,3.0320872146383237e-9,4.062982228436595e-9,0.9999999964564583,0.9999999959370177,0.9999999969679128,0.012844437135980824,4.5809631488147316e-10,3.919773672311777e-10,5.25247731419931e-10
TUR.59.4_1,2028,7,albopictus,27.103297738467948,31.977928727527477,0.15181370795367086,0.10329396633014204,0.10265515661378166,0.10397986214867264,2.314492525523626e-9,1.93845363927192e-9,2.7732583701700617e-9,0.9999999976855075,0.9999999972267416,0.9999999980615464,0.014584253462566088,3.513716937408873e-10,2.9428379733076324e-10,4.210185977626679e-10
TUR.59.4_1,2028,8,albopictus,26.590686685898724,40.95739903498488,0.18026920864128557,0.12677350970123735,0.126088367382362,0.12737090513447188,6.647158902871597e-7,5.719907628903842e-7,7.537861508033483e-7,0.9999993352841097,0.9999992462138493,0.9999994280092371,0.01729411721994023,1.1982780029862194e-7,1.0311231684045908e-7,1.358844236853951e-7
TUR.59.4_1,2028,9,albopictus,22.979103200575885,46.958258750028996,0.1436832644361087,0.10879043628605681,0.10835005122858386,0.10926580934363256,9.795512011412376e-9,8.73528082367958e-9,1.1038636349436359e-8,0.999999990204488,0.9999999889613637,0.9999999912647192,0.014265594657730807,1.4074511410777647e-9,1.255113690756815e-9,1.5860673246992364e-9
TUR.59.4_1,2028,10,albopictus,14.429233158335967,46.60506980500217,0.1415938605741442,0.0036531090508121547,0.003611718541781033,0.003693666398084733,0,0,0,1,1,1,0.01360917795206884,0,0,0
TUR.59.4_1,2028,11,albopictus,9.021809984655942,51.286363179281025,0.08213146221991319,0,0,0,0,0,0,1,1,1,0.00817951048462695,0,0,0
TUR.59.4_1,2028,12,albopictus,6.859274611753576,67.79813016093512,0.06755441723045545,0,0,0,0,0,0,1,1,1,0.006516201128568766,0,0,0
TUR.59.4_1,2029,1,albopictus,4.350197824485162,74.75487179969846,0.06776077754298872,0,0,0,0,0,0,1,1,1,0.006536041152452099,0,0,0
TUR.59.4_1,2029,2,albopictus,4.913212793714861,71.51402012608118,0.050687112219091675,0,0,0,0,0,0,1,1,1,0.005416042094262163,0,0,0
TUR.59.4_1,2029,3,albopictus,7.208024880465339,76.7426523134308,0.06222265676007765,0,0,0,0,0,0,1,1,1,0.006003454246212625,0,0,0
TUR.59.4_1,2029,4,albopictus,14.746868932948393,59.34724248824271,0.08227801919157386,0.005896981053587599,0.005841633442823508,0.005951707712778771,0,0,0,1,1,1,0.00819404619884867,0,0,0
TUR.59.4_1,2029,5,albopictus,17.142622134264776,61.593891185427864,0.11500291514578657,0.02699219811263618,0.026847735086734256,0.027137302593259402,0,0,0,1,1,1,0.011067612661153303,0,0,0
TUR.59.4_1,2029,6,albopictus,22.698547447428982,42.599144497981634,0.12935192549119137,0.09691825115784583,0.09649339460713502,0.09734896696504924,3.8803857427271995e-10,3.4237199741937727e-10,4.386039226256244e-10,0.9999999996119614,0.9999999995613961,0.999999999657628,0.012851892500192585,5.019353632729207e-11,4.428643007869937e-11,5.6734239528566374e-11
TUR.59.4_1,2029,7,albopictus,25.523917703067557,42.620220750232555,0.1519023983591436,0.12730695577965404,0.12671385721099915,0.1278888796486998,7.449930432322782e-7,6.546689405168005e-7,8.418868482906738e-7,0.9999992550069567,0.9999991581131517,0.9999993453310595,0.01459271119292671,1.1316622359924811e-7,9.944577724907422e-8,1.2788462326329685e-7
TUR.59.4_1,2029,8,albopictus,26.254917032578412,46.32973256159621,0.18037452290719835,0.1412514567420525,0.14059406244497727,0.14188587603711045,1.2266261705756954e-5,1.0813929129202537e-5,1.379215925111088e-5,0.9999877337382942,0.9999862078407489,0.9999891860708708,0.017304132615547085,2.2125186458700208e-6,1.9505554050835983e-6,2.487751050350706e-6
TUR.59.4_1,2029,9,albopictus,21.294307820937213,58.68609154421845,0.14376720499163728,0.09806318946919472,0.09769229238043167,0.0984319255424434,5.392014746918861e-10,4.841246514786235e-10,5.981371759000708e-10,0.9999999994607985,0.9999999994018629,0.9999999995158753,0.014273868932362266,7.751948849499258e-11,6.960129694810746e-11,8.599246870133469e-11
TUR.59.4_1,2029,10,albopictus,17.11405237983255,47.36477439484592,0.14167658048841308,0.021833983797035543,0.021688707606654145,0.021973152863880095,0,0,0,1,1,1,0.01361707412990587,0,0,0
TUR.59.4_1,2029,11,albopictus,8.149538923712338,68.28587489803103,0.08217944387311525,0,0,0,0,0,0,1,1,1,0.008184269391886656,0,0,0
TUR.59.4_1,2029,12,albopictus,6.629041419309728,71.37529385722418,0.06759388289357904,0,0,0,0,0,0,1,1,1,0.006519995491993114,0,0,0
TUR.59.4_1,2030,1,albopictus,5.115967067725518,76.58433957313596,0.06671664228083414,0,0,0,0,0,0,1,1,1,0.006435651169169221,0,0,0
TUR.59.4_1,2030,2,albopictus,4.835280912763933,71.93223301670618,0.04990606744475798,0,0,0,0,0,0,1,1,1,0.005332808475644657,0,0,0
TUR.59.4_1,2030,3,albopictus,7.010605713900397,76.1675561830597,0.06126385917268397,0,0,0,0,0,0,1,1,1,0.005911220145614737,0,0,0
TUR.59.4_1,2030,4,albopictus,11.714011038050932,67.03555883345756,0.08101018573019347,2.4047929364197974e-5,2.3128435792599943e-5,2.495027822792571e-5,0,0,0,1,1,1,0.008068293749816435,0,0,0
TUR.59.4_1,2030,5,albopictus,16.33372225480921,64.75989918103333,0.11323081920314326,0.018710946294567963,0.01859715251412352,0.0188296220101412,0,0,0,1,1,1,0.01089800298220156,0,0,0
TUR.59.4_1,2030,6,albopictus,22.918315971598904,39.21192220794257,0.12735872364891232,0.0941894331954412,0.0937732459224409,0.09461894668159809,1.7402470697813753e-10,1.5332869973683215e-10,1.9734581746533307e-10,0.9999999998259753,0.9999999998026542,0.9999999998466713,0.01265511434726807,2.2163562873878107e-11,1.952774886238018e-11,2.5133664594001455e-11
TUR.59.4_1,2030,7,albopictus,26.733533410465018,34.411060899158336,0.14956171313852298,0.10975437371710571,0.10911990420801837,0.11038405433867936,1.253398061784594e-8,1.063614424867687e-8,1.464769646131181e-8,0.9999999874660194,0.9999999853523035,0.9999999893638557,0.014369473496288476,1.8746036116734644e-9,1.5907599681952433e-9,2.1907345965077594e-9
TUR.59.4_1,2030,8,albopictus,24.172778971054974,54.259431505688006,0.1775951067524438,0.14332550975474515,0.14276401715274084,0.14386326052256118,1.80479757879094e-5,1.6245418651175682e-5,1.990290831947461e-5,0.9999819520242121,0.9999800970916806,0.9999837545813488,0.01703977569959636,3.2052270365126032e-6,2.8851026977055882e-6,3.5346528807350674e-6
TUR.59.4_1,2030,9,albopictus,22.620922200820026,35.32264244753876,0.14155187609907935,0.08439354456211336,0.08396091083231363,0.08480585211408086,7.872879570491875e-12,6.791134321559866e-12,9.013170765292955e-12,0.9999999999921271,0.9999999999909868,0.9999999999932089,0.01405547398459317,1.1144205558366594e-12,9.613115858897459e-13,1.2758127887479984e-12
TUR.59.4_1,2030,10,albopictus,14.932335460887236,64.36612098298068,0.1394934663201085,0.007379618599390105,0.0073181900755485765,0.007440476186486263,0,0,0,1,1,1,0.013408659869045159,0,0,0
TUR.59.4_1,2030,11,albopictus,8.95443575522479,67.76690822322634,0.08091312937255135,0,0,0,0,0,0,1,1,1,0.008058666375252765,0,0,0
TUR.59.4_1,2030,12,albopictus,7.584977374357336,72.52169430888434,0.06655231933433037,0,0,0,0,0,0,1,1,1,0.0064198511640573,0,0,0
TUR.59.4_1,2031,1,albopictus,8.046537908561088,77.28077359413206,0.07563659844970043,0,0,0,0,0,0,1,1,1,0.007292947269550654,0,0,0
TUR.59.4_1,2031,2,albopictus,5.0820827659438645,74.86874882481165,0.05657846460008677,0,0,0,0,0,0,1,1,1,0.006043641630227303,0,0,0
TUR.59.4_1,2031,3,albopictus,8.17419757562525,68.7306665346222,0.06945478305424933,0,0,0,0,0,0,1,1,1,0.006698892328164674,0,0,0
TUR.59.4_1,2031,4,albopictus,13.667456472621245,56.96578420577201,0.09184117603847865,0.0018784614295485858,0.001854583121246206,0.0019036593195433302,0,0,0,1,1,1,0.009142072410219693,0,0,0
TUR.59.4_1,2031,5,albopictus,17.474659106310675,47.14788441052552,0.12836967975918495,0.025589902829226206,0.025440228348577877,0.025743053027619103,0,0,0,1,1,1,0.012346026899891949,0,0,0
TUR.59.4_1,2031,6,albopictus,24.994468773112576,31.282673398128118,0.14438647255583542,0.09852462638093364,0.09795845978969962,0.09904574722755008,6.159662361282514e-10,5.225089055871379e-10,7.119736133986976e-10,0.9999999993840337,0.9999999992880264,0.9999999994774912,0.014334909864324508,8.893719272151656e-11,7.544324609476405e-11,1.0279939399726601e-10
TUR.59.4_1,2031,7,albopictus,25.7310328764074,40.671604722400524,0.16955798213720166,0.12345178260986793,0.12285826809593921,0.12404920539045045,3.2167980870978497e-7,2.81265838680822e-7,3.663180565355306e-7,0.9999996783201913,0.9999996336819434,0.9999997187341613,0.01627494535109486,5.454337776333862e-8,4.7690866938898683e-8,6.211214860774028e-8
TUR.59.4_1,2031,8,albopictus,23.673612482407513,62.003312731273944,0.20133941572663822,0.15507910718696816,0.15452356823734503,0.15564486102081948,1.4068080342988397e-4,1.2821026213882258e-4,1.542367499233227e-4,0.9998593191965701,0.9998457632500767,0.9998717897378612,0.01929586438191655,2.8324188781126526e-5,2.5813446096495384e-5,3.105345494455458e-5
TUR.59.4_1,2031,9,albopictus,20.508808248183307,64.58585274416961,0.16047723695746446,0.08945988174141918,0.08913642312324023,0.08977330849985139,4.077618009912243e-11,3.676967064158987e-11,4.494240257724157e-11,0.9999999999592238,0.9999999999550576,0.9999999999632303,0.01591964501683063,6.543648733980944e-12,5.900649413526082e-12,7.212258568145557e-12
TUR.59.4_1,2031,10,albopictus,17.09124907325296,59.8843628653049,0.1581436196084139,0.025740278111623698,0.025595636198182517,0.025877334265749105,0,0,0,1,1,1,0.01518770680327075,0,0,0
TUR.59.4_1,2031,11,albopictus,11.254461218329038,70.35485988338259,0.09173114333151076,1.3931301926726825e-6,1.3011983959178825e-6,1.4877908417941593e-6,0,0,0,1,1,1,0.009131169672237593,0,0,0
TUR.59.4_1,2031,12,albopictus,8.127618537229651,73.4920235935523,0.07545030567032973,0,0,0,0,0,0,1,1,1,0.007275050254422433,0,0,0
TUR.59.4_1,2032,1,albopictus,4.993531259543755,71.86198849891721,0.07294279228343795,0,0,0,0,0,0,1,1,1,0.007034123820367499,0,0,0
TUR.59.4_1,2032,2,albopictus,7.146265047438005,69.1277209927804,0.05651210949709289,0,0,0,0,0,0,1,1,1,0.005829025216707473,0,0,0
TUR.59.4_1,2032,3,albopictus,8.797323605593512,62.66569461079408,0.0669811429553707,0,0,0,0,0,0,1,1,1,0.006461082950822594,0,0,0
TUR.59.4_1,2032,4,albopictus,13.635568464503569,56.14817251143607,0.08857024197480867,0.0017798770757258737,0.0017553910616740459,0.0018016036231934642,0,0,0,1,1,1,0.008817916303686224,0,0,0
TUR.59.4_1,2032,5,albopictus,19.75774111467249,47.14294056286927,0.12379777882783358,0.05657637630385956,0.05630970841102327,0.056854416011491944,1.1102230246251565e-16,1.1102230246251565e-16,1.1102230246251565e-16,0.9999999999999999,0.9999999999999999,0.9999999999999999,0.011908950592093737,0,0,0
TUR.59.4_1,2032,6,albopictus,22.98953446219949,43.91385320769843,0.1392441317040789,0.10330385060605476,0.10285741513427173,0.1037376433982208,2.3157241886284653e-9,2.048058492243321e-9,2.598433332390293e-9,0.9999999976842758,0.9999999974015666,0.9999999979519415,0.013827916933058293,3.2245100356487197e-10,2.851801045311575e-10,3.618166405372491e-10
TUR.59.4_1,2032,7,albopictus,26.310756234561698,37.46355876292787,0.16351915507223297,0.11715643423601176,0.11651093248415897,0.11777867418626722,7.633851362054412e-8,6.53677370954231e-8,8.810850629648037e-8,0.9999999236614864,0.9999999118914937,0.9999999346322629,0.015699885835817717,1.2482809168212761e-8,1.0688877069564562e-8,1.440742842806486e-8
TUR.59.4_1,2032,8,albopictus,25.826595194199506,42.22715535212355,0.19416868924352187,0.1279397882174607,0.12732859072025313,0.12859758689282058,8.529572593959366e-7,7.469926432634999e-7,9.785106438009448e-7,0.9999991470427406,0.9999990214893563,0.9999992530073567,0.01861507712017152,1.656175792579262e-7,1.450425718529935e-7,1.899961111162529e-7
TUR.59.4_1,2032,9,albopictus,21.78765308155733,46.35395348269501,0.15476182167807076,0.08882386952190897,0.08845382714418988,0.08920411142360643,3.3358057316412725e-11,2.960310330202276e-11,3.756514821429136e-11,0.9999999999666419,0.9999999999624348,0.9999999999703969,0.015357041466797172,5.1625532737631375e-12,4.581471313436225e-12,5.813693970679879e-12
TUR.59.4_1,2032,10,albopictus,16.267096126780793,61.053582836008026,0.15251131637971282,0.0171366826973956,0.017031092833155025,0.01724009103825313,0,0,0,1,1,1,0.01465077711972218,0,0,0
TUR.59.4_1,2032,11,albopictus,10.467715193243588,70.08590846736696,0.08846412809537398,1.8036491924966693e-22,4.918147625256949e-27,1.3109571292574145e-22,0,0,0,1,1,1,0.008807398430269009,0,0,0
TUR.59.4_1,2032,12,albopictus,6.8735558846417595,70.14438260234137,0.07276313434286334,0,0,0,0,0,0,1,1,1,0.0070168597150267464,0,0,0
TUR.59.4_1,2033,1,albopictus,5.509210142142632,73.63475461219846,0.07163611349618604,0,0,0,0,0,0,1,1,1,0.006908552579808269,0,0,0
TUR.59.4_1,2033,2,albopictus,7.479825991041521,76.80231205723352,0.05358598078980391,0,0,0,0,0,0,1,1,1,0.005724905002495562,0,0,0
TUR.59.4_1,2033,3,albopictus,8.72800674157984,69.26147402973939,0.06578125965085478,0,0,0,0,0,0,1,1,1,0.006345708759655122,0,0,0
TUR.59.4_1,2033,4,albopictus,13.105014646754546,60.856344355918495,0.08698361699450163,8.991136291080447e-4,8.842140576146511e-4,9.143221318342132e-4,0,0,0,1,1,1,0.008660640401719877,0,0,0
TUR.59.4_1,2033,5,albopictus,15.846276423510382,70.50147632947083,0.12158009663553886,0.015208065692582661,0.01509917759902748,0.01530464419757725,0,0,0,1,1,1,0.011696869261701326,0,0,0
TUR.59.4_1,2033,6,albopictus,23.04677971671609,40.57665304290351,0.13674974744140866,0.09815941977252174,0.09772391193568178,0.09862364849179305,5.545081356306269e-10,4.885384263797477e-10,6.316662609640034e-10,0.9999999994454919,0.9999999993683337,0.9999999995114616,0.013581897038497548,7.582884775647613e-11,6.680751507559536e-11,8.638017801043673e-11
TUR.59.4_1,2033,7,albopictus,27.641198663150565,35.490147202869274,0.16058991416228835,0.11035949555475609,0.10966093232903847,0.11105715683465152,1.461176504702344e-8,1.2203427446344507e-8,1.7340480365501955e-8,0.999999985388235,0.9999999826595196,0.9999999877965726,0.015420821881088176,2.3465020926316525e-9,1.959747344959517e-9,2.7847062933350485e-9
TUR.59.4_1,2033,8,albopictus,27.376333124497357,36.69329991389113,0.19069040030721215,0.11448583532731435,0.1138229286263334,0.11511080186985258,4.0390333425288635e-8,3.4288998085330036e-8,4.680787094313299e-8,0.9999999596096666,0.9999999531921291,0.9999999657110019,0.018284678904283758,7.702048819058227e-9,6.538582794646253e-9,8.925811659232785e-9
TUR.59.4_1,2033,9,albopictus,22.256794088027057,45.376742484159855,0.1519894574302448,0.09485246157254548,0.09444750674424092,0.09526044790884207,2.1188659571347302e-10,1.8753960329132015e-10,2.3860347031501306e-10,0.9999999997881134,0.9999999997613965,0.9999999998124603,0.015084024729942747,3.220452871044444e-11,2.8504015814334594e-11,3.626517974808507e-11
TUR.59.4_1,2033,10,albopictus,16.208886707530304,59.02161567292209,0.1497792671163001,0.01612225266331748,0.016010500456290648,0.01623136607004517,0,0,0,1,1,1,0.014390224359298376,0,0,0
TUR.59.4_1,2033,11,albopictus,10.433782507391538,75.2958770342615,0.08687940401234476,1.8299241525703524e-31,5.74646212714344e-41,1.4360929841518462e-32,0,0,0,1,1,1,0.008650309304788939,0,0,0
TUR.59.4_1,2033,12,albopictus,8.132656321806067,77.55962765849371,0.0714596739026552,0,0,0,0,0,0,1,1,1,0.006891595597815492,0,0,0
TUR.59.4_1,2034,1,albopictus,7.97488501930938,75.96098752235471,0.07278874727990586,0,0,0,0,0,0,1,1,1,0.0070193209908141485,0,0,0
TUR.59.4_1,2034,2,albopictus,5.803954141981462,69.39215580723352,0.054448185741715185,0,0,0,0,0,0,1,1,1,0.005816751000512155,0,0,0
TUR.59.4_1,2034,3,albopictus,9.01605262475855,70.71305789204408,0.06683968812371238,0,0,0,0,0,0,1,1,1,0.0064474821273833305,0,0,0
TUR.59.4_1,2034,4,albopictus,10.205930555568022,72.74287237105521,0.08838319397718296,0,0,0,0,0,0,1,1,1,0.00879937626788918,0,0,0
TUR.59.4_1,2034,5,albopictus,16.246518275317023,66.69513325085755,0.12353633518577099,0.018293184968966352,0.018189049290637485,0.018409900488978722,0,0,0,1,1,1,0.011883950586544123,0,0,0
TUR.59.4_1,2034,6,albopictus,22.380123222575467,55.17207769500312,0.13895006751913755,0.11398130582300146,0.11352367016033724,0.11441127665541838,3.568569331768856e-8,3.187892565759132e-8,3.954693486296623e-8,0.9999999643143067,0.9999999604530652,0.9999999681210743,0.013798916717682186,4.958529484566654e-9,4.4295788925730046e-9,5.495049285042519e-9
TUR.59.4_1,2034,7,albopictus,24.95705178204705,51.62987956370912,0.1631738254237218,0.14665707641984563,0.14607810857565806,0.14722850070859617,3.3083807008119416e-5,2.9776198501299532e-5,3.658547418235458e-5,0.9999669161929918,0.9999634145258176,0.9999702238014987,0.015666990962378002,5.398396734404898e-6,4.8586844126286e-6,5.969773958139357e-6
TUR.59.4_1,2034,8,albopictus,25.533410913803998,48.71604313898879,0.19375863205371602,0.14393026819203725,0.14329175520389698,0.14452943875480087,2.0182093344031205e-5,1.7913517167714167e-5,2.2486471085372826e-5,0.999979817906656,0.9999775135289146,0.9999820864828323,0.01857613209484399,3.910447126478145e-6,3.47089255815225e-6,4.35693838572726e-6
TUR.59.4_1,2034,9,albopictus,21.47968875660616,54.857535483427434,0.15443498629625002,0.09597434956419525,0.09559206009971682,0.09633427960609313,2.947254643670405e-10,2.630670292713688e-10,3.268737613915107e-10,0.9999999997052745,0.9999999996731262,0.999999999736933,0.015324859325155926,4.5515922919570076e-11,4.0626790820397216e-11,5.048075846225686e-11
TUR.59.4_1,2034,10,albopictus,16.723364437327668,51.710923839425995,0.1521892337511907,0.01919463710283719,0.019070976878214716,0.019321407729867398,0,0,0,1,1,1,0.014620064008711964,0,0,0
TUR.59.4_1,2034,11,albopictus,9.052141119452084,67.18847804744509,0.08827730419546126,0,0,0,0,0,0,1,1,1,0.008788880410550148,0,0,0
TUR.59.4_1,2034,12,albopictus,8.804776416105383,77.51720822489996,0.07260946875184379,0,0,0,0,0,0,1,1,1,0.0070020930883477606,0,0,0
TUR.59.4_1,2035,1,albopictus,7.304352315909722,76.08894772743284,0.06449737023963922,0,0,0,0,0,0,1,1,1,0.006222242164814595,0,0,0
TUR.59.4_1,2035,2,albopictus,4.08681012953029,71.75737492344446,0.04824598479701423,0,0,0,0,0,0,1,1,1,0.005155875268239352,0,0,0
TUR.59.4_1,2035,3,albopictus,7.199067494448493,66.96678103657533,0.059225969297690986,0,0,0,0,0,0,1,1,1,0.005715151445361277,0,0,0
TUR.59.4_1,2035,4,albopictus,14.685251081691069,59.37689794478568,0.07831545119175175,0.0055966087130354695,0.005548478505603531,0.005649008221212119,0,0,0,1,1,1,0.007800958468692554,0,0,0
TUR.59.4_1,2035,5,albopictus,15.032087466296026,63.203762096072396,0.10946429285127197,0.007845436201308805,0.007778321846305433,0.007909738042567425,0,0,0,1,1,1,0.010537407066826487,0,0,0
TUR.59.4_1,2035,6,albopictus,20.593839729533475,44.07730535613593,0.1231222446395738,0.06678644030799631,0.06647495335209144,0.06708719412501893,1.0245138071240945e-14,8.990030941902204e-15,1.1657341758564144e-14,0.9999999999999898,0.9999999999999883,0.999999999999991,0.012236739143332453,1.2611023336717153e-15,1.1102230246251565e-15,1.4432899320127035e-15
TUR.59.4_1,2035,7,albopictus,25.77926400128533,38.35376033153138,0.1445866706745396,0.11787036901139968,0.11725542335429795,0.11847750698674483,9.023917233585977e-8,7.792826546004771e-8,1.037096190315001e-7,0.9999999097608276,0.999999896290381,0.9999999220717346,0.013894821786486822,1.3047381406727788e-8,1.1267388352886877e-8,1.4995028449482638e-8
TUR.59.4_1,2035,8,albopictus,26.860732920029584,37.483842516430194,0.171687557427499,0.11749401736972262,0.11684099242042059,0.11812931643800335,8.266401219447771e-8,7.067589997966639e-8,9.563165138670725e-8,0.9999999173359878,0.9999999043683486,0.9999999293241001,0.0164776583235281,1.419238223909769e-8,1.2134172594491234e-8,1.6418764497982962e-8
TUR.59.4_1,2035,9,albopictus,19.037685506484088,54.29255593020478,0.1368432740132154,0.050718151997345896,0.05049537264043548,0.050945717647293484,0,0,0,1,1,1,0.013591122625709384,0,0,0
TUR.59.4_1,2035,10,albopictus,14.970557773814482,65.32969062409396,0.13485333547493683,0.007709625141714313,0.007648595068229092,0.007776158324386673,0,0,0,1,1,1,0.012965536555459067,0,0,0
TUR.59.4_1,2035,11,albopictus,10.619269300909604,68.98985439021853,0.07822162333083205,3.9076186232568714e-13,1.482155859445734e-13,1.0044059493722297e-12,0,0,0,1,1,1,0.007791648833650133,0,0,0
TUR.59.4_1,2035,12,albopictus,6.114506945890539,78.73839963114996,0.06433851335540171,0,0,0,0,0,0,1,1,1,0.006206964456584085,0,0,0
TUR.59.4_1,2036,1,albopictus,6.655705961234429,76.34657712196409,0.0713753346290183,0,0,0,0,0,0,1,1,1,0.006883489947820509,0,0,0
TUR.59.4_1,2036,2,albopictus,7.129486101515154,68.29580418369837,0.055297728530507226,0,0,0,0,0,0,1,1,1,0.005704124029135005,0,0,0
TUR.59.4_1,2036,3,albopictus,8.557265183504889,60.429412262161264,0.06554179436532488,0,0,0,0,0,0,1,1,1,0.006322681488783344,0,0,0
TUR.59.4_1,2036,4,albopictus,11.020364607081694,67.22226537642631,0.08666696819831608,8.303166610446347e-8,7.469620072647216e-8,9.213472816081716e-8,0,0,0,1,1,1,0.008629249263241379,0,0,0
TUR.59.4_1,2036,5,albopictus,15.372987887438605,68.7803001820099,0.12113750534570782,0.010890888689713926,0.010815137421295813,0.010969385258135792,0,0,0,1,1,1,0.011654537933470821,0,0,0
TUR.59.4_1,2036,6,albopictus,23.737999046550076,38.91830114471015,0.13625193366449093,0.10339106947153522,0.10291914326181736,0.10389551344902426,2.37198366825897e-9,2.08267948442753e-9,2.711133037514024e-9,0.9999999976280163,0.999999997288867,0.9999999979173205,0.013532790564068087,3.231873620945791e-10,2.8376912486471893e-10,3.6939714065375994e-10
TUR.59.4_1,2036,7,albopictus,28.12875130597283,32.85121974315248,0.160005314386422,0.10099682406388304,0.10030814303468447,0.10162092421311557,1.2344657803753377e-9,1.0151012336256925e-9,1.4605416709390086e-9,0.9999999987655342,0.9999999985394583,0.9999999989848988,0.015365118553787416,1.9752108448845006e-10,1.6242163725088688e-10,2.336944832093124e-10
TUR.59.4_1,2036,8,albopictus,27.093849069931927,43.00398793268996,0.18999622492352772,0.1327233824240112,0.13203900612496425,0.13342760258533234,2.309515906817938e-6,2.003211153608908e-6,2.657794754923337e-6,0.9999976904840931,0.999997342205245,0.9999979967888464,0.01821872675906322,4.3879920692180273e-7,3.806024844316136e-7,5.049708425131084e-7
TUR.59.4_1,2036,9,albopictus,22.90376292957979,53.564242484159855,0.15143616612791572,0.12055887438023936,0.12008151597331701,0.12105908941562746,1.677050946125025e-7,1.5016065994244432e-7,1.8764071147980842e-7,0.9999998322949054,0.9999998123592886,0.9999998498393401,0.015029528678082826,2.5396616246231574e-8,2.2739754371170484e-8,2.8415589517494232e-8
TUR.59.4_1,2036,10,albopictus,15.511849010691924,67.7157837637424,0.14923402162910762,0.011803284129852109,0.011719644840790201,0.01189118937198316,0,0,0,1,1,1,0.014338216605039644,0,0,0
TUR.59.4_1,2036,11,albopictus,10.928776670904721,62.43600612361696,0.08656313458547596,1.3888701644788045e-8,1.1941483072814649e-8,1.6401084684174488e-8,0,0,0,1,1,1,0.00861895544912794,0,0,0
TUR.59.4_1,2036,12,albopictus,6.45837615518009,74.68187344706793,0.07119953733327665,0,0,0,0,0,0,1,1,1,0.006866594268924331,0,0,0
TUR.59.4_1,2037,1,albopictus,7.931929143912652,76.84454007362424,0.07070670047021196,0,0,0,0,0,0,1,1,1,0.006819226743980167,0,0,0
TUR.59.4_1,2037,2,albopictus,3.0898721393416912,71.01677433750696,0.05289075171992575,0,0,0,0,0,0,1,1,1,0.005650839856570555,0,0,0
TUR.59.4_1,2037,3,albopictus,6.733005425509284,68.28906192036439,0.06492780799636572,0,0,0,0,0,0,1,1,1,0.006263637380266918,0,0,0
TUR.59.4_1,2037,4,albopictus,13.377764547572417,56.64124120650443,0.08585508415351588,0.0012662008400350397,0.0012467307302543485,0.001284279823301243,0,0,0,1,1,1,0.008548758186314065,0,0,0
TUR.59.4_1,2037,5,albopictus,17.342510363634894,59.026847880984505,0.12000270612679398,0.02853174628996721,0.028374746193420664,0.028686627604562663,0,0,0,1,1,1,0.011545992587100207,0,0,0
TUR.59.4_1,2037,6,albopictus,24.35398873160867,35.24906972991523,0.1349755445936024,0.1021392353291027,0.10161561388675107,0.10265343190955384,1.6882127384931777e-9,1.4584089380598187e-9,1.937543642194228e-9,0.9999999983117872,0.9999999980624564,0.9999999985415912,0.013406870931625514,2.278674336997355e-10,1.9684949503773197e-10,2.615210298317905e-10
TUR.59.4_1,2037,7,albopictus,26.219756631290213,36.44875010814271,0.15850640696489643,0.1144722281637828,0.11387611846565109,0.11505217066973723,4.024780342282153e-8,3.473527820097022e-8,4.615324024070943e-8,0.9999999597521966,0.9999999538467598,0.9999999652647218,0.015222281433286078,6.379534688516486e-9,5.5057641057398856e-9,7.315584213407611e-9
TUR.59.4_1,2037,8,albopictus,26.688894159653607,44.82048192072707,0.18821636684386456,0.13795679082337103,0.13730065167848832,0.1386013453817098,6.534792897990416e-6,5.7394989197906416e-6,7.387919622031669e-6,0.999993465207102,0.9999926120803779,0.9999942605010802,0.018049605936529378,1.2299542177078848e-6,1.0802670507348288e-6,1.3905264230118507e-6
TUR.59.4_1,2037,9,albopictus,21.544864766737994,46.13904106814423,0.15001753328958184,0.08455129221875489,0.08417595492747712,0.08494220773746242,8.296518028139133e-12,7.30054350306375e-12,9.431946890181564e-12,0.9999999999917035,0.9999999999905681,0.9999999999926995,0.014889787620713912,1.2446209618488525e-12,1.0951933804292935e-12,1.4150014493452544e-12
TUR.59.4_1,2037,10,albopictus,18.336737240062043,52.3131958731174,0.14783601817264894,0.03879242674774935,0.03857462701638002,0.038984681921777814,0,0,0,1,1,1,0.01420485675374128,0,0,0
TUR.59.4_1,2037,11,albopictus,11.480063368292416,61.38256984432009,0.0857522232394482,5.584048771056203e-6,5.298476277613951e-6,5.880646698602548e-6,0,0,0,1,1,1,0.008538559975765692,0,0,0
TUR.59.4_1,2037,12,albopictus,7.647245154661291,67.9644357029273,0.07053255001896598,0,0,0,0,0,0,1,1,1,0.006802488259721962,0,0,0
TUR.59.4_1,2038,1,albopictus,8.400613817221977,75.43218655799924,0.07336279017896943,0,0,0,0,0,0,1,1,1,0.007074482056149911,0,0,0
TUR.59.4_1,2038,2,albopictus,7.5637955840896165,76.59116856358118,0.05487758720224223,0,0,0,0,0,0,1,1,1,0.005862489634686274,0,0,0
TUR.59.4_1,2038,3,albopictus,9.137974164065191,70.19251956196595,0.06736681422186454,0,0,0,0,0,0,1,1,1,0.006498164137451412,0,0,0
TUR.59.4_1,2038,4,albopictus,12.929854238734526,64.19409765181693,0.089080221289716,7.09682766567406e-4,6.975674634155927e-4,7.226945323309307e-4,0,0,0,1,1,1,0.008868463250779612,0,0,0
TUR.59.4_1,2038,5,albopictus,20.16484369951136,42.0633697926056,0.12451059506301587,0.05831767959634274,0.05804311123408026,0.05860620874785983,2.220446049250313e-16,2.220446049250313e-16,2.220446049250313e-16,0.9999999999999998,0.9999999999999998,0.9999999999999998,0.011977108951711557,0,0,0
TUR.59.4_1,2038,6,albopictus,23.535497749553006,34.57646230804023,0.14004588661981582,0.09338024587239561,0.09292125427780906,0.09383418890258076,1.365764545901982e-10,1.1861521487244175e-10,1.5615538306867903e-10,0.9999999998634236,0.9999999998438446,0.9999999998813848,0.013906980595068008,1.912696834249772e-11,1.661154269694265e-11,2.1868912236655543e-11
TUR.59.4_1,2038,7,albopictus,28.623347787296073,28.079865067859508,0.1644606833419839,0.08609450180347548,0.08541750522167367,0.08674079860792411,1.3887075933638471e-11,1.1042716741016535e-11,1.7047133149539205e-11,0.9999999999861129,0.9999999999829529,0.9999999999889573,0.015789566883960493,2.2838753110931975e-12,1.8160833947789e-12,2.803568488474184e-12
TUR.59.4_1,2038,8,albopictus,27.30580509410185,41.39594426203566,0.1952866947147616,0.12766310748289972,0.1269621381301625,0.128347584812923,8.045771069479235e-7,6.905598589318495e-7,9.280577612541529e-7,0.9999991954228931,0.9999990719422387,0.999999309440141,0.01872125141311165,1.5712319144300935e-7,1.348571432968626e-7,1.8123731632402327e-7
TUR.59.4_1,2038,9,albopictus,19.487955205580768,52.66554558474579,0.1556529260268162,0.05686843699900231,0.05660336598880313,0.05711785644655969,1.1102230246251565e-16,1.1102230246251565e-16,1.1102230246251565e-16,0.9999999999999999,0.9999999999999999,0.9999999999999999,0.01544477951978207,0,0,0
TUR.59.4_1,2038,10,albopictus,15.113291347728056,60.50571601471896,0.15338946252574076,0.008033481170373176,0.007966659142195588,0.008096303389609856,0,0,0,1,1,1,0.014734510396207545,0,0,0
TUR.59.4_1,2038,11,albopictus,10.088848997564877,67.9753203936365,0.0889734964163139,0,0,0,0,0,0,1,1,1,0.008857885355554984,0,0,0
TUR.59.4_1,2038,12,albopictus,6.711975322050207,79.31058896220465,0.07318209778448109,0,0,0,0,0,0,1,1,1,0.007057119250532762,0,0,0
TUR.59.4_1,2039,1,albopictus,5.997397455222466,76.53670926307737,0.070785661171352,0,0,0,0,0,0,1,1,1,0.006826815965004895,0,0,0
TUR.59.4_1,2039,2,albopictus,3.700081842787126,69.32892338535852,0.05294981671393417,0,0,0,0,0,0,1,1,1,0.0056571324681437,0,0,0
TUR.59.4_1,2039,3,albopictus,8.604133984621832,76.08429660054017,0.0650003152016063,0,0,0,0,0,0,1,1,1,0.006270610231261298,0,0,0
TUR.59.4_1,2039,4,albopictus,12.102969015345854,67.09225286421928,0.08595096159647553,1.0740431156890229e-4,1.0437809852984506e-4,1.1035764453883065e-4,0,0,0,1,1,1,0.0085582639217332,0,0,0
TUR.59.4_1,2039,5,albopictus,16.65195383745081,66.84723286023255,0.1201367174404525,0.0228044771585444,0.02268272803022124,0.02293294692257063,0,0,0,1,1,1,0.011558811602688124,0,0,0
TUR.59.4_1,2039,6,albopictus,22.939144218669217,47.530785122981634,0.13512627661145912,0.10926497723152227,0.10881732465836685,0.109716990839011,1.1054834160195704e-8,9.845907478212013e-9,1.2377955527220763e-8,0.9999999889451658,0.9999999876220445,0.9999999901540925,0.013421741936863296,1.4937985778340491e-9,1.3304408630343544e-9,1.6725870938261165e-9
TUR.59.4_1,2039,7,albopictus,28.923226861392752,27.492447465320446,0.15868341673831113,0.08223540592758716,0.08149000508048743,0.0829178164992941,3.8003450386625555e-12,2.9166363768595718e-12,4.76850225972214e-12,0.9999999999961997,0.9999999999952315,0.9999999999970834,0.0152391505095274,6.030526078504294e-13,4.628464278511046e-13,7.566502979727829e-13
TUR.59.4_1,2039,8,albopictus,26.24003589854521,43.67514576960402,0.18842655479201076,0.1335449504078209,0.13289677903020616,0.13421714266616497,2.7275219563658303e-6,2.386518206495825e-6,3.1163577431547737e-6,0.9999972724780436,0.9999968836422569,0.9999976134817935,0.018069579359698662,5.139374326886825e-7,4.496833025419144e-7,5.872043806670613e-7
TUR.59.4_1,2039,9,albopictus,21.140012853285846,55.91329872805634,0.15018506323417083,0.09085217489966191,0.09046661767035005,0.09122260105268602,6.302923161172203e-11,5.582247719626565e-11,7.056830120255597e-11,0.9999999999369708,0.9999999999294317,0.9999999999441775,0.01490629102840213,9.466049721851278e-12,8.38369096367586e-12,1.059825283089566e-11
TUR.59.4_1,2039,10,albopictus,19.03146418403177,50.88203589997287,0.148001111941288,0.048173606551458435,0.04793017866483885,0.04839507761406973,0,0,0,1,1,1,0.014220606495858323,0,0,0
TUR.59.4_1,2039,11,albopictus,11.56560986182269,65.79154353816774,0.08584798581394645,1.0804069119011003e-5,1.0329174589898135e-5,1.1295204634262514e-5,0,0,0,1,1,1,0.00854805442030615,0,0,0
TUR.59.4_1,2039,12,albopictus,7.188896880430334,74.07022488749762,0.07061131624006886,0,0,0,0,0,0,1,1,1,0.006810058916172146,0,0,0
TUR.59.4_1,2040,1,albopictus,7.058306726462701,71.87624783729612,0.07409286962334326,0,0,0,0,0,0,1,1,1,0.0071446325950929035,0,0,0
TUR.59.4_1,2040,2,albopictus,7.18615676725612,61.03217045567102,0.057403126889329636,0,0,0,0,0,0,1,1,1,0.0059206579207345955,0,0,0
TUR.59.4_1,2040,3,albopictus,7.904725453432868,59.94446505757142,0.06803722392379041,0,0,0,0,0,0,1,1,1,0.0065626188146019615,0,0,0
TUR.59.4_1,2040,4,albopictus,12.43625911544351,54.72345556197318,0.08996671481463835,2.065520129761614e-4,2.0190055057085388e-4,2.1126742494405643e-4,0,0,0,1,1,1,0.008956322525355609,0,0,0
TUR.59.4_1,2040,5,albopictus,17.514337679919073,55.44970325818177,0.1257496786071464,0.02926743255706169,0.029112793721024495,0.029420534161783134,0,0,0,1,1,1,0.012095576968631283,0,0,0
TUR.59.4_1,2040,6,albopictus,21.438173378215115,45.92403082000312,0.14143957165879548,0.08250913492840767,0.08216084434037428,0.0828863862963567,4.1545280549115656e-12,3.678549131969078e-12,4.717543022891846e-12,0.9999999999958454,0.9999999999952824,0.9999999999963214,0.014044401327603317,5.876148456707142e-13,5.202421826666637e-13,6.672579155875269e-13
TUR.59.4_1,2040,7,albopictus,27.825566796695487,31.170811265369274,0.16609733543799532,0.09863890011989561,0.0979752332557751,0.09932289803515018,6.373389238589766e-10,5.250233664488846e-10,7.699509918523971e-10,0.999999999362661,0.999999999230049,0.9999999994749766,0.015945439384965066,1.0586029675074826e-10,8.720500710435175e-11,1.2788675674002545e-10
TUR.59.4_1,2040,8,albopictus,27.002668268540326,43.72656788874465,0.19723011591266235,0.13489146644171826,0.13417852730202784,0.1355948132325408,3.575829883229131e-6,3.0922747617012635e-6,4.102741337724813e-6,0.9999964241701168,0.9999958972586622,0.9999969077252383,0.018905786116444445,7.052610923478086e-7,6.098895236977819e-7,8.09183822206294e-7
TUR.59.4_1,2040,9,albopictus,22.58319865956026,44.20319664675751,0.15720192656880208,0.0979208622363044,0.09748984326818015,0.098350399228488955,5.179059959781185e-10,4.567608208327911e-10,5.844044054237329e-10,0.999999999482094,0.9999999994155956,0.9999999995432393,0.015597275365683672,8.14158225281858e-11,7.180369909765005e-11,9.186953420226018e-11
TUR.59.4_1,2040,10,albopictus,17.358520115123078,56.41742866120334,0.1549159379133371,0.027715974174425985,0.027572228607005544,0.02786161608446115,0,0,0,1,1,1,0.014880046438672134,0,0,0
TUR.59.4_1,2040,11,albopictus,10.699499060125913,66.68604427058962,0.0898589278546378,2.532023611264765e-11,1.595861515556783e-11,4.018962813896912e-11,0,0,0,1,1,1,0.008945640309263259,0,0,0
TUR.59.4_1,2040,12,albopictus,5.500613913816564,67.21134579814215,0.07391037904475302,0,0,0,0,0,0,1,1,1,0.007127098238604801,0,0,0
TUR.59.4_1,2041,1,albopictus,6.290264162070611,68.89935727333128,0.0723360778503514,0,0,0,0,0,0,1,1,1,0.00697582081245407,0,0,0
TUR.59.4_1,2041,2,albopictus,4.221302050001482,63.82866398594446,0.054109575309457036,0,0,0,0,0,0,1,1,1,0.0057806816869721,0,0,0
TUR.59.4_1,2041,3,albopictus,8.44765081125147,64.97289218159486,0.06642401558330979,0,0,0,0,0,0,1,1,1,0.00640751430746378,0,0,0
TUR.59.4_1,2041,4,albopictus,14.499322736964507,48.44117559371146,0.08783354349555009,0.004016604814637372,0.00397103376382347,0.004059270227789059,0,0,0,1,1,1,0.008744893380552732,0,0,0
TUR.59.4_1,2041,5,albopictus,20.703450343188116,46.209247630740364,0.12276806914922622,0.07083212484637565,0.07052319120397631,0.07114006439845016,5.46765965836471e-14,4.8183679268731794e-14,6.173117572672026e-14,0.9999999999999454,0.9999999999999383,0.9999999999999518,0.011810483081201473,6.7141847637230966e-15,5.88418203051333e-15,7.549516567451064e-15
TUR.59.4_1,2041,6,albopictus,23.93631752799539,41.37518362151679,0.13808594428373455,0.11043432188668899,0.10993181094600536,0.11091983637341676,1.4862605458576539e-8,1.3069219739758608e-8,1.6755158394055057e-8,0.9999999851373945,0.9999999832448415,0.9999999869307803,0.013713693108465819,2.052316907308338e-9,1.8046755756451205e-9,2.3136518978450485e-9
TUR.59.4_1,2041,7,albopictus,25.69180062237908,38.56572017039857,0.16215905589913118,0.11801979169465954,0.1174154150937888,0.11862724832994981,9.345462186161057e-8,8.091472937787891e-8,1.0738124918696634e-7,0.9999999065453782,0.9999998926187509,0.9999999190852706,0.015570321266808906,1.5154513135051674e-8,1.3121056013920552e-8,1.741284184342273e-8
TUR.59.4_1,2041,8,albopictus,26.64840305552763,47.64776768732863,0.19255365720910533,0.14650098341476114,0.14581203153410446,0.14715212421179755,3.218544492111142e-5,2.838204155943269e-5,3.609116048206851e-5,0.9999678145550789,0.999963908839518,0.9999716179584405,0.0184616811245224,6.197405849825532e-6,5.4650509679121665e-6,6.949460796157325e-6
TUR.59.4_1,2041,9,albopictus,23.5732842613669,44.114752890653996,0.1534745631572015,0.1116347125055941,0.1111425418016468,0.11211068385152025,2.0062311994917258e-8,1.7714277786295975e-8,2.253197587676059e-8,0.999999979937688,0.9999999774680242,0.9999999822857223,0.01523028430467177,3.0790545645364984e-9,2.718691094472092e-9,3.4580851432375327e-9
TUR.59.4_1,2041,10,albopictus,19.085674846873566,53.19262855134006,0.15124277683029375,0.05068663317058258,0.050458218222723665,0.05091573016437982,0,0,0,1,1,1,0.014529806359811825,0,0,0
TUR.59.4_1,2041,11,albopictus,10.750728537054624,74.62060695369509,0.08772831223686772,3.2911102295607944e-10,2.432113865929284e-10,4.5762377280282164e-10,0,0,0,1,1,1,0.008734462223414119,0,0,0
TUR.59.4_1,2041,12,albopictus,8.946249232572669,70.17494595683355,0.0721579142461211,0,0,0,0,0,0,1,1,1,0.0069586993003188935,0,0,0
TUR.59.4_1,2042,1,albopictus,9.633422883994438,71.53182645057737,0.07686391069638221,0,0,0,0,0,0,1,1,1,0.007410846221712286,0,0,0
TUR.59.4_1,2042,2,albopictus,9.901441591627458,69.11389652988977,0.05749653130225763,0,0,0,0,0,0,1,1,1,0.006141406632859225,0,0,0
TUR.59.4_1,2042,3,albopictus,8.060264966067145,68.90180148335267,0.07058178648354548,0,0,0,0,0,0,1,1,1,0.006807220654973967,0,0,0
TUR.59.4_1,2042,4,albopictus,8.856014574275298,69.91649450240287,0.0933314307883223,0,0,0,0,0,0,1,1,1,0.009289724481287509,0,0,0
TUR.59.4_1,2042,5,albopictus,16.40946402269251,61.299030345584114,0.13045266185119214,0.01859973346114658,0.018481074627292697,0.018714067952269684,0,0,0,1,1,1,0.01254509704850404,0,0,0
TUR.59.4_1,2042,6,albopictus,21.998853767619412,42.30009512054023,0.14672935007353352,0.08625227811660821,0.0858530405311154,0.08662038571234554,1.4562590022748622e-11,1.2749121203192715e-11,1.639147151344389e-11,0.9999999999854374,0.9999999999836086,0.9999999999872509,0.014565812072454665,2.1367581037878834e-12,1.870675836457281e-12,2.405095567148408e-12
TUR.59.4_1,2042,7,albopictus,27.18213608685662,38.48485621776185,0.1723093034851339,0.11974227728244305,0.1191026034380644,0.1204261020096873,1.393130225690875e-7,1.1988122635975261e-7,1.6246848050238683e-7,0.9999998606869774,0.9999998375315196,0.9999998801187737,0.016536834072773732,2.4004929595089485e-8,2.0656650373540585e-8,2.7994830292810137e-8
TUR.59.4_1,2042,8,albopictus,26.064910776474896,52.46808018732863,0.20460643639819032,0.15926401509786237,0.15854684342127207,0.1599479026721291,2.7641343539552474e-4,2.4639802485241504e-4,3.0735201922979516e-4,0.9997235865646045,0.9996926479807702,0.9997536019751475,0.019605878018682077,5.6554363997769806e-5,5.0413351004954804e-5,6.288422407858262e-5
TUR.59.4_1,2042,9,albopictus,23.29883014454561,50.33341515261689,0.16308121019619398,0.12050335233556034,0.12001860079933693,0.1209685056495175,1.655984063890781e-7,1.4801218047588718e-7,1.8382204991229666e-7,0.9999998344015936,0.9999998161779501,0.9999998519878195,0.016175863546986635,2.7005988153305793e-8,2.413800524736498e-8,2.997792190317927e-8
TUR.59.4_1,2042,10,albopictus,16.307556713328644,58.28598945221896,0.16070972656005142,0.016870490346083,0.01676596798354131,0.016981549062525997,0,0,0,1,1,1,0.015432237762530221,0,0,0
TUR.59.4_1,2042,11,albopictus,13.17652409216937,63.68026118953493,0.09321961264293484,0.001060864686026731,0.001044411407357708,0.0010769634373491766,0,0,0,1,1,1,0.009278646480789132,0,0,0
TUR.59.4_1,2042,12,albopictus,7.7289378502789665,75.9633370701148,0.07667459504958654,0,0,0,0,0,0,1,1,1,0.007392660959226305,0,0,0
TUR.59.4_1,2043,1,albopictus,6.850394281394341,74.58094449256956,0.07547294257333098,0,0,0,0,0,0,1,1,1,0.00727722498285277,0,0,0
TUR.59.4_1,2043,2,albopictus,6.451844709761003,71.34320561192102,0.056456045051910986,0,0,0,0,0,0,1,1,1,0.0060306044352665955,0,0,0
TUR.59.4_1,2043,3,albopictus,10.690982243594,66.8019555971222,0.06930450285099096,1.7490868085348618e-11,1.0735465454073121e-11,2.925515797191232e-11,0,0,0,1,1,1,0.006684446401278521,0,0,0
TUR.59.4_1,2043,4,albopictus,14.00475677321939,59.706319941855995,0.09164245811012849,0.0029140515093059685,0.0028827735957399885,0.0029483284854301918,0,0,0,1,1,1,0.009122382091113379,0,0,0
TUR.59.4_1,2043,5,albopictus,18.13840975480921,54.85228351941224,0.12809192463969438,0.03735125331735819,0.03716619571171536,0.037545055463210256,0,0,0,1,1,1,0.01231947887077367,0,0,0
TUR.59.4_1,2043,6,albopictus,24.612518394694607,46.14427236663398,0.1440740616967229,0.1284996600977995,0.12795972755930926,0.12903570276965246,9.600657012692749e-7,8.546770290940309e-7,1.073316422578463e-6,0.9999990399342987,0.9999989266835774,0.9999991453229709,0.014304116135551603,1.3832055547657873e-7,1.2313678348085945e-7,1.5463704450824344e-7
TUR.59.4_1,2043,7,albopictus,26.03796532574822,44.228863328357555,0.16919110736056092,0.13432624773952798,0.13367129463822505,0.13497986464097636,3.191893764624476e-6,2.791968869031436e-6,3.630378735525186e-6,0.9999968081062354,0.9999963696212645,0.9999972080311309,0.016240018546267998,5.400398941655116e-7,4.7237619313633684e-7,6.142276097381715e-7
TUR.59.4_1,2043,8,albopictus,26.3981455634622,42.79669346857863,0.20090377505527238,0.1315452847446812,0.130841411203634,0.1322058915245054,1.8142882875478161e-6,1.565160624567019e-6,2.0728472989395287e-6,0.9999981857117125,0.9999979271527011,0.9999984348393753,0.019254518225720885,3.6449729925358553e-7,3.1444662858259864e-7,4.1644276072561045e-7
TUR.59.4_1,2043,9,albopictus,22.580284230849323,53.748107077665715,0.16013001030542132,0.11504896650627269,0.11459009796727601,0.11545926464951545,4.6183256947385235e-8,4.1292769284440037e-8,5.088631605809635e-8,0.999999953816743,0.999999949113684,0.9999999587072307,0.015885474530888732,7.395325384518259e-9,6.612211569945181e-9,8.148426300369493e-9
TUR.59.4_1,2043,10,albopictus,15.410512531504912,66.12928168854708,0.15780144223410397,0.01077747771203896,0.01070199534808949,0.010855132483126972,0,0,0,1,1,1,0.015155095248679307,0,0,0
TUR.59.4_1,2043,11,albopictus,10.675892759771909,70.898538167074,0.0915326634823373,1.1967829871419538e-11,7.007390187597106e-12,2.168340751568656e-11,0,0,0,1,1,1,0.009111502727464305,0,0,0
TUR.59.4_1,2043,12,albopictus,6.912617907804601,70.31869900859137,0.07528705287803193,0,0,0,0,0,0,1,1,1,0.007259366409237744,0,0,0
TUR.59.4_1,2044,1,albopictus,8.829285177237846,74.43068356727659,0.0769777740042325,0,0,0,0,0,0,1,1,1,0.007421783530909609,0,0,0
TUR.59.4_1,2044,2,albopictus,7.562082785017351,68.26276127598352,0.059638193948840505,0,0,0,0,0,0,1,1,1,0.006150476246848946,0,0,0
TUR.59.4_1,2044,3,albopictus,10.30894984918482,65.94472445698548,0.07068634368874342,0,0,0,0,0,0,1,1,1,0.006817270164895528,0,0,0
TUR.59.4_1,2044,4,albopictus,13.134579504237456,60.53958715377006,0.09346968846139252,9.384394054090382e-4,9.230928637555796e-4,9.533732963257561e-4,0,0,0,1,1,1,0.009303421716337912,0,0,0
TUR.59.4_1,2044,5,albopictus,19.849650523241827,40.28138355603333,0.13064590952050376,0.052259018036637295,0.051990404499607186,0.05251467549158694,0,0,0,1,1,1,0.012563563652461363,0,0,0
TUR.59.4_1,2044,6,albopictus,21.86180123160867,60.37452367888984,0.14694670941690713,0.11296280417387769,0.11254335134689358,0.11335684736777464,2.782673132428748e-8,2.5070814305139245e-8,3.0606904327656895e-8,0.9999999721732686,0.9999999693930957,0.9999999749291857,0.014587231172474291,4.089046593103163e-9,3.6840736572507637e-9,4.49758388310073e-9
TUR.59.4_1,2044,7,albopictus,26.77246048871209,45.47347697581849,0.17256455600989412,0.1400310288159036,0.1393189181393214,0.14076378265317516,9.740303502846715e-6,8.481147412101042e-6,1.116698452131859e-5,0.9999902596964971,0.9999888330154787,0.999991518852588,0.016561127139451015,1.6808297297082885e-6,1.463544366608893e-6,1.9270238691831976e-6
TUR.59.4_1,2044,8,albopictus,26.50881565318388,39.714658403881366,0.20490953268153952,0.12329919255792213,0.12264828662329103,0.12397033365425036,3.1113708673558007e-7,2.6838197853262803e-7,3.5999693487331896e-7,0.9999996888629132,0.9999996400030651,0.9999997316180215,0.019634634417706853,6.375495299837386e-8,5.4994024328847145e-8,7.376680093984512e-8
TUR.59.4_1,2044,9,albopictus,22.905933492323932,47.458678366728215,0.1633227925704569,0.10860986134762027,0.10814639566095428,0.1090418680051529,9.351700273607655e-9,8.289832975627576e-9,1.0426700000620847e-8,0.9999999906482997,0.9999999895732999,0.9999999917101671,0.016199630716973168,1.5273458032760701e-9,1.353918671620491e-9,1.7029177429295216e-9
TUR.59.4_1,2044,10,albopictus,13.925675953135771,67.8026978262424,0.16094779590760422,0.0030318945717725198,0.0029980149970720345,0.003065496818720812,0,0,0,1,1,1,0.01545492092749956,0,0,0
TUR.59.4_1,2044,11,albopictus,11.368488241644467,68.41024165828493,0.09335770467280793,3.2883142170942283e-6,3.119679985619417e-6,3.4787318663092835e-6,0,0,0,1,1,1,0.009292327458601757,0,0,0
TUR.59.4_1,2044,12,albopictus,7.6757972100201775,73.37274563945074,0.07678817791235437,0,0,0,0,0,0,1,1,1,0.007403571529891906,0,0,0
TUR.59.4_1,2045,1,albopictus,6.984763177878716,75.12862820838987,0.07334891691221175,0,0,0,0,0,0,1,1,1,0.007073148979069854,0,0,0
TUR.59.4_1,2045,2,albopictus,5.804618852979997,66.12143437168665,0.05486720957886644,0,0,0,0,0,0,1,1,1,0.0058613842642860625,0,0,0
TUR.59.4_1,2045,3,albopictus,7.875767132815192,68.55106295796205,0.06735407482383952,0,0,0,0,0,0,1,1,1,0.00649693930295514,0,0,0
TUR.59.4_1,2045,4,albopictus,13.06192001174478,70.87041295943412,0.08906337577893635,0.001002201481122418,9.869174033843736e-4,0.0010167775047439243,0,0,0,1,1,1,0.00886679363767473,0,0,0
TUR.59.4_1,2045,5,albopictus,15.761099955614874,70.21596149792786,0.12448704949318062,0.014366567601918798,0.014272436276473992,0.014462019785395686,0,0,0,1,1,1,0.011974857636696923,0,0,0
TUR.59.4_1,2045,6,albopictus,21.75160607169656,48.81175665008124,0.14001940324944984,0.09184241478023873,0.09145285076218658,0.09222697205639564,8.554611585775973e-11,7.575984006802372e-11,9.604854411815465e-11,0.9999999999144539,0.9999999999039515,0.9999999999242402,0.01390436908494519,1.1978118608091393e-11,1.0607836831155738e-11,1.344866440433634e-11
TUR.59.4_1,2045,7,albopictus,27.54051354352166,32.25631007518373,0.16442958301270816,0.10257551177990847,0.10192126702446437,0.10323650264805978,1.904288438603352e-9,1.5861878810419228e-9,2.2697441981467392e-9,0.9999999980957116,0.9999999977302558,0.999999998413812,0.01578660469222415,3.131213536233801e-10,2.6081622972462526e-10,3.7321305490500834e-10
TUR.59.4_1,2045,8,albopictus,24.776458628037396,50.19240346003371,0.19524976503415112,0.14065661333796428,0.14005874010529273,0.14118443981734774,1.0958355342201131e-5,9.768596150244725e-6,1.2089913306212451e-5,0.99998904164465785,0.9999879100866939,0.9999902314038498,0.01871774447354424,2.139614009929125e-6,1.907314284149697e-6,2.3605499462647785e-6
TUR.59.4_1,2045,9,albopictus,22.4661122490378,47.45827019412079,0.15562349128804587,0.10163960757907471,0.10121640736631866,0.10208487494207073,1.470712552742448e-9,1.3063561010717705e-9,1.6589395523958217e-9,0.9999999985292874,0.9999999983410605,0.9999999986936439,0.01544188150294501,2.2887742268107303e-10,2.0329971039956263e-10,2.5816992155203165e-10
TUR.59.4_1,2045,10,albopictus,17.776329601512238,53.63147895417209,0.15336045581912225,0.03183416003452869,0.031670975484659754,0.032008057200597705,0,0,0,1,1,1,0.014731744652938805,0,0,0
TUR.59.4_1,2045,11,albopictus,12.345653463812436,70.585305745199,0.08895667108773608,2.3207461635322744e-4,2.2709715766289982e-4,2.3742624367862334e-4,0,0,0,1,1,1,0.008856217724977467,0,0,0
TUR.59.4_1,2045,12,albopictus,8.25589345483219,75.75899899638434,0.0731682586875496,0,0,0,0,0,0,1,1,1,0.007055789433567328,0,0,0
TUR.59.4_1,2046,1,albopictus,6.049396547324517,78.04907651161253,0.0760968251150008,0,0,0,0,0,0,1,1,1,0.007337159535607873,0,0,0
TUR.59.4_1,2046,2,albopictus,5.665054338819841,69.10923496983118,0.0569227280733844,0,0,0,0,0,0,1,1,1,0.0060803034042500315,0,0,0
TUR.59.4_1,2046,3,albopictus,8.172232052859137,69.55204714985658,0.06987739517390296,0,0,0,0,0,0,1,1,1,0.006739515473576874,0,0,0
TUR.59.4_1,2046,4,albopictus,12.728590811000151,60.04276861128959,0.09240000283730093,4.4698881026198397e-4,4.3883252997438973e-4,4.5575916826597594e-4,0,0,0,1,1,1,0.009197442659462651,0,0,0
TUR.59.4_1,2046,5,albopictus,16.395729205187628,61.95721821179505,0.12915077186078883,0.018629807837383147,0.01851749778997659,0.018739873335631627,0,0,0,1,1,1,0.01242068040584432,0,0,0
TUR.59.4_1,2046,6,albopictus,23.031713569865506,47.11187795745429,0.1452650221752111,0.10988258477272908,0.10944608425734782,0.11034120693348087,1.2928940127054922e-8,1.155617263548514e-8,1.4490627822660862e-8,0.9999999870710599,0.9999999855093722,0.9999999884438273,0.014421501629487743,1.8781227714148584e-9,1.6787077256052995e-9,2.1049813364593105e-9
TUR.59.4_1,2046,7,albopictus,27.904883889590995,36.16136988963685,0.1705896930588127,0.11085049306882477,0.11014723953889734,0.1115317275556162,1.6529754891081437e-8,1.3799599152264364e-8,1.9518306615395888e-8,0.9999999834702451,0.9999999804816934,0.9999999862004009,0.016373158501234553,2.819805808296216e-9,2.354069433829764e-9,3.3296219170697584e-9
TUR.59.4_1,2046,8,albopictus,25.28685177073759,54.01696171809035,0.20256450741231227,0.1572563836164353,0.15664099487448294,0.15790167647561532,2.0065994541493593e-4,1.8143520544651183e-4,2.2230149700702418e-4,0.999799340054585,0.9997776985029929,0.9998185647945536,0.019412127084981967,4.064575477724697e-5,3.675165765978927e-5,4.50293793853418e-5
TUR.59.4_1,2046,9,albopictus,20.17871104969698,63.467276694364934,0.16145369419027703,0.08081919820681695,0.08051351017845777,0.08112546960018417,2.311370650431854e-12,2.07311112720987e-12,2.5689089744318493e-12,0.9999999999976886,0.999999999997431,0.9999999999979269,0.016015731563563285,3.731790432226489e-13,3.347294663669231e-13,4.147904242302047e-13
TUR.59.4_1,2046,10,albopictus,16.991633976207062,57.93996589264865,0.15910587745954283,0.02390114471059036,0.02375615687981202,0.024032258633027277,0,0,0,1,1,1,0.015279409955460399,0,0,0
TUR.59.4_1,2046,11,albopictus,12.077682424994077,67.96096950252321,0.09228930061336851,1.0114216338225286e-4,9.829890010696243e-5,1.0411774540039022e-4,0,0,0,1,1,1,0.009186474194093575,0,0,0
TUR.59.4_1,2046,12,albopictus,7.588391051572912,71.83340848124762,0.0759093987983429,0,0,0,0,0,0,1,1,1,0.0073191544232998895,0,0,0
TUR.59.4_1,2047,1,albopictus,4.413396629340508,73.33269925331174,0.07624269048761627,0,0,0,0,0,0,1,1,1,0.00735117186913814,0,0,0
TUR.59.4_1,2047,2,albopictus,5.906412619001726,68.93972508213587,0.057031839786365404,0,0,0,0,0,0,1,1,1,0.006091922794973725,0,0,0
TUR.59.4_1,2047,3,albopictus,9.101526639040777,71.20331515522767,0.07001133889979476,0,0,0,0,0,0,1,1,1,0.006752390326592028,0,0,0
TUR.59.4_1,2047,4,albopictus,12.419261778102202,68.02991308150443,0.09257711877903918,2.6420185107976714e-4,2.585579045055465e-4,2.700445018437506e-4,0,0,0,1,1,1,0.009214991196857869,0,0,0
TUR.59.4_1,2047,5,albopictus,17.531878611620733,60.29624561658021,0.12939833311492235,0.03154221784470116,0.03137725763773364,0.03169760330684153,0,0,0,1,1,1,0.01244434009419515,0,0,0
TUR.59.4_1,2047,6,albopictus,23.1413498766282,48.45203832732734,0.14554347185501784,0.11417671732417,0.11372119038093027,0.11465966454941569,3.742630481351483e-8,3.345067071947039e-8,4.199173699315218e-8,0.9999999625736952,0.999999958008263,0.9999999665493293,0.014448944649140594,5.447154326487791e-9,4.868526715107179e-9,6.111623176985326e-9
TUR.59.4_1,2047,7,albopictus,28.113059548770682,28.48945292796693,0.17091668605891197,0.09064516729467965,0.08997267694150003,0.09131777511038922,5.933730906626522e-11,4.7842019235133646e-11,7.267132728916437e-11,0.9999999999406627,0.9999999999273287,0.9999999999521579,0.016404284372481204,1.0141737671887086e-11,8.176984089836026e-12,1.2420753314756893e-11
TUR.59.4_1,2047,8,albopictus,27.05275333628935,39.02636113215285,0.20295279098797672,0.12145564055179646,0.12079262166619906,0.1221332801617407,2.0586223519503121e-7,1.766191123686589e-7,2.3913260204788676e-7,0.9999997941377649,0.999999760867398,0.9999998233808877,0.019448972795841124,4.1780314313011326e-8,3.584534113143523e-8,4.8532627869302124e-8
TUR.59.4_1,2047,9,albopictus,23.173210256239948,40.74545967776337,0.16176317495018547,0.10009088501769929,0.09960143834737978,0.10056162140645215,9.574696759884206e-10,8.327800865570722e-10,1.0894063401378773e-9,0.9999999990425303,0.9999999989105937,0.9999999991672199,0.016046183512259615,1.5488333460211835e-10,1.347131767248655e-10,1.762257811899204e-10
TUR.59.4_1,2047,10,albopictus,16.5243974573472,60.13295142731662,0.15941085783245426,0.019470271386376525,0.01934961910065505,0.01959851722712645,0,0,0,1,1,1,0.01530847279619707,0,0,0
TUR.59.4_1,2047,11,albopictus,12.38470451972064,68.01625972469118,0.09246620435675132,2.4239195151877133e-4,2.3741035216052223e-4,2.482362437231607e-4,0,0,0,1,1,1,0.009204001901228165,0,0,0
TUR.59.4_1,2047,12,albopictus,8.60058282403385,75.87556088603277,0.07605490490485922,0,0,0,0,0,0,1,1,1,0.007333132498258288,0,0,0
TUR.59.4_1,2048,1,albopictus,5.981016191489556,72.7228741190344,0.07733848905693108,0,0,0,0,0,0,1,1,1,0.007456431755544113,0,0,0
TUR.59.4_1,2048,2,albopictus,3.7903526004622967,69.63572422764368,0.059917656359275,0,0,0,0,0,0,1,1,1,0.006179207926378494,0,0,0
TUR.59.4_1,2048,3,albopictus,8.286289116915533,63.196082489212046,0.07101757732752537,0,0,0,0,0,0,1,1,1,0.006849105996218241,0,0,0
TUR.59.4_1,2048,4,albopictus,11.751883352504057,64.64420141158256,0.09390768402615407,2.672410644347617e-5,2.5764894352992302e-5,2.768262596834975e-5,0,0,0,1,1,1,0.009346812836806384,0,0,0
TUR.59.4_1,2048,5,albopictus,18.200677058276007,61.22893146863099,0.13125811150668945,0.041809229486399146,0.04160914841622479,0.04200550059966642,0,0,0,1,1,1,0.012622062940270795,0,0,0
TUR.59.4_1,2048,6,albopictus,26.90164383719949,35.63127950774726,0.1476352963592665,0.11268399976365033,0.11205518660044898,0.11335149240409519,2.603460702510496e-8,2.222477271385248e-8,3.056689098224208e-8,0.999999973965393,0.999999969433109,0.9999999777752273,0.014655083072895758,3.843626915966958e-9,3.281160951273954e-9,4.512751958229977e-9
TUR.59.4_1,2048,7,albopictus,24.600305108463065,58.755230515857555,0.17337318725079745,0.1624670609974081,0.16190716499596522,0.1630318611417704,4.5389447346809176e-4,4.1631995247369546e-4,4.940547181253502e-4,0.9995461055265319,0.9995059452818746,0.9995836800475263,0.016638082779580787,7.869002921238222e-5,7.21761122553094e-5,8.565217280067095e-5
TUR.59.4_1,2048,8,albopictus,27.76796329722685,42.9257141594966,0.2058697313081665,0.1308294773181201,0.1301306472169386,0.1315253214091387,1.5653163867445085e-6,1.35019363025346e-6,1.8026168124657405e-6,0.9999984346836133,0.9999981973831875,0.9999986498063698,0.019725728134763254,3.222512117502241e-7,2.779639612121576e-7,3.7110416999108775e-7
TUR.59.4_1,2048,9,albopictus,21.965141408583698,48.2114096899704,0.1640881172435982,0.0945773355574222,0.0942006155515246,0.09498212777675219,1.9524922267866173e-10,1.742375244084826e-10,2.1977499264913546e-10,0.9999999998047507,0.999999999780225,0.9999999998257625,0.016274920505485513,3.2038077413254485e-11,2.859026626556016e-11,3.606250575938219e-11
TUR.59.4_1,2048,10,albopictus,18.44632014106302,54.72395484528537,0.1617019914326572,0.04176886513336981,0.04156541055840739,0.04197205199505928,0,0,0,1,1,1,0.015526776965799738,0,0,0
TUR.59.4_1,2048,11,albopictus,12.282538343878354,73.39389186580446,0.0937951754856041,2.0879832449019584e-4,2.0395675496667575e-4,2.1372877372263625e-4,0,0,0,1,1,1,0.009335667079678922,0,0,0
TUR.59.4_1,2048,12,albopictus,7.481201873106115,73.89532864726324,0.07714800452465367,0,0,0,0,0,0,1,1,1,0.007438135051675454,0,0,0
TUR.59.4_1,2049,1,albopictus,7.3290982570718315,67.75171323036253,0.0853496024261461,0,0,0,0,0,0,1,1,1,0.008225621847460785,0,0,0
TUR.59.4_1,2049,2,albopictus,7.229001062757829,72.77744786045618,0.06384408551516918,0,0,0,0,0,0,1,1,1,0.006817095194295297,0,0,0
TUR.59.4_1,2049,3,albopictus,9.7359622927273,74.70745028706361,0.07837393856648096,0,0,0,0,0,0,1,1,1,0.007555884393704693,0,0,0
TUR.59.4_1,2049,4,albopictus,15.072541082606596,60.09287847457084,0.10363511873748066,0.007742635511374459,0.007676849098201384,0.007806032553242381,0,0,0,1,1,1,0.01030999571589819,0,0,0
TUR.59.4_1,2049,5,albopictus,18.610085627611944,50.01859669079896,0.14485449313673524,0.04135239712556055,0.04113597412542261,0.04156355213633174,0,0,0,1,1,1,0.013920379627872292,0,0,0
TUR.59.4_1,2049,6,albopictus,25.119407737956326,36.71237615691718,0.16292810994864373,0.11068279533730839,0.11014894677052256,0.11124658667987981,1.5824880727044466e-8,1.3805540999278775e-8,1.8180228983366574e-8,0.9999999841751193,0.999999981819771,0.999999986194459,0.01616080105979978,2.5783179022909052e-9,2.249310696034179e-9,2.962070316803178e-9
TUR.59.4_1,2049,7,albopictus,27.479199914371268,35.43307170238099,0.19133206225837437,0.11080609923018293,0.11007756895655192,0.11150632500370747,1.634325086530275e-8,1.3559206146762648e-8,1.939536466710745e-8,0.9999999836567491,0.9999999806046354,0.9999999864407938,0.018345637918220303,3.126987887291932e-9,2.5943108439285826e-9,3.710955068236821e-9
TUR.59.4_1,2049,8,albopictus,27.05834758982939,50.64273610163527,0.227194763344744,0.15692541317931302,0.156177295360251,0.15765530787528756,1.903049482869511e-4,1.6825914719223735e-4,2.136947324858335e-4,0.999809695051713,0.9997863052675142,0.9998317408528077,0.02174664666036019,4.32353496867639e-5,3.822686646166584e-5,4.8549145627233e-5
TUR.59.4_1,2049,9,albopictus,26.570165746352252,36.449164511747746,0.18108519755650487,0.11486159002619162,0.11420650434900716,0.1154695931799236,4.421829595635529e-8,3.763473681306362e-8,5.1012259719152016e-8,0.9999999557817041,0.9999999489877404,0.9999999623652632,0.017945545733921375,8.007278825328257e-9,6.815093711587394e-9,9.237565054553976e-9
TUR.59.4_1,2049,10,albopictus,18.42268046210794,55.91855781159396,0.1784519047189287,0.042119735980904786,0.041916226006862616,0.042319904070104566,0,0,0,1,1,1,0.017121275384091583,0,0,0
TUR.59.4_1,2049,11,albopictus,11.00402538916644,70.15643459041384,0.103510955991058,7.519163380017466e-8,6.730367990313287e-8,8.373561079125015e-8,0,0,0,1,1,1,0.010297707376706766,0,0,0
TUR.59.4_1,2049,12,albopictus,7.51414893655216,71.09673703349371,0.08513938653886338,0,0,0,0,0,0,1,1,1,0.008205445506985876,0,0,0
TUR.59.4_1,2050,1,albopictus,4.797303470618584,69.91905637001096,0.07617241700817344,0,0,0,0,0,0,1,1,1,0.007344421179698024,0,0,0
TUR.59.4_1,2050,2,albopictus,6.3621120628188645,74.36320988438196,0.05697927309708435,0,0,0,0,0,0,1,1,1,0.00608632494452388,0,0,0
TUR.59.4_1,2050,3,albopictus,8.355290314730475,75.96575869770814,0.06994680890546384,0,0,0,0,0,0,1,1,1,0.00674618763664836,0,0,0
TUR.59.4_1,2050,4,albopictus,14.535745466456694,54.86153615889701,0.09249178973028989,0.004584173527409631,0.004538292508926299,0.004628834408614059,0,0,0,1,1,1,0.009206536886556371,0,0,0
TUR.59.4_1,2050,5,albopictus,16.779158732470343,57.1996002613556,0.1292790656671981,0.021321296933184075,0.021195451632597333,0.02144783204640265,0,0,0,1,1,1,0.012432941650055818,0,0,0
TUR.59.4_1,2050,6,albopictus,24.72466286490945,45.88288549529609,0.14540932330763542,0.12903575184342403,0.12846038592948653,0.12959267257481913,1.0751907550112794e-6,9.505061243392232e-7,1.2065683288542407e-6,0.999998924809245,0.9999987934316711,0.9999990494938756,0.014435723536216472,1.5634274784848134e-7,1.382124427656839e-7,1.7544626883525537e-7
TUR.59.4_1,2050,7,albopictus,27.085696725284354,37.246571153064586,0.17075915082310927,0.11661201743935144,0.11592738860226491,0.11725816675457103,6.716593243139001e-8,5.6904975365146276e-8,7.797856216573695e-8,0.9999999328340675,0.9999999220214378,0.9999999430950246,0.016389289001757734,1.1469197520042052e-8,9.717045196255825e-9,1.3315552918613527e-8
TUR.59.4_1,2050,8,albopictus,29.499187357285443,40.10652699518996,0.20276572782567037,0.10822274065230261,0.10748355718554976,0.1089371304105324,8.490778342085115e-9,6.986151013244069e-9,1.0151809623493158e-8,0.9999999915092217,0.9999999898481904,0.999999993013849,0.01943122183104551,1.721638849483398e-9,1.4165520229036942e-9,2.058439091401354e-9
TUR.59.4_1,2050,9,albopictus,24.940988652846393,38.59725105959931,0.16161407657660018,0.11373097502343119,0.11314272321712276,0.11426991139478225,3.36103736053861e-8,2.9045479627010098e-8,3.821714978369251e-8,0.9999999663896264,0.9999999617828502,0.9999999709545204,0.016031512811518933,5.431909478437191e-9,4.6941584064263965e-9,6.176429376281156e-9
TUR.59.4_1,2050,10,albopictus,14.491386020884795,66.30353705964083,0.15926392760780966,0.005222368991480222,0.0051710715749817655,0.005271634725995389,0,0,0,1,1,1,0.015294471314656888,0,0,0
TUR.59.4_1,2050,11,albopictus,10.609692503424252,73.44471126277712,0.09238097753868571,3.0714246501628645e-13,1.1798256903279998e-13,8.06389210716473e-13,0,0,0,1,1,1,0.009195557626217266,0,0,0
TUR.59.4_1,2050,12,albopictus,8.665636287016028,63.38959897197027,0.07598480450884516,0,0,0,0,0,0,1,1,1,0.0073263983134301824,0,0,0
TUR.59.4_1,2051,1,albopictus,5.782531770713189,73.16727872108518,0.07730448991608081,0,0,0,0,0,0,1,1,1,0.007453166044180337,0,0,0
TUR.59.4_1,2051,2,albopictus,4.5975551780532395,67.12898747227258,0.057826097891662466,0,0,0,0,0,0,1,1,1,0.00617649986187585,0,0,0
TUR.59.4_1,2051,3,albopictus,9.751463315066168,66.51846255513001,0.07098635695273078,0,0,0,0,0,0,1,1,1,0.006846105358478294,0,0,0
TUR.59.4_1,2051,4,albopictus,14.64262183974771,55.35297216353568,0.09386640082273155,0.005079990352133404,0.005031968038266811,0.005129350558490752,0,0,0,1,1,1,0.009342723094659777,0,0,0
TUR.59.4_1,2051,5,albopictus,16.069379946764776,66.87277607312318,0.13120040850427403,0.016558852435119575,0.016459591493590463,0.016663556221808394,0,0,0,1,1,1,0.012616549246990294,0,0,0
TUR.59.4_1,2051,6,albopictus,21.769004905925076,60.40492681609687,0.14757039370475902,0.11100047929672717,0.11056629724208093,0.11140392511283924,1.7118793556258894e-8,1.5334215253126614e-8,1.8907273785506717e-8,0.9999999828812064,0.9999999810927263,0.9999999846657848,0.014648687902071189,2.5262271026171843e-9,2.2628761531251483e-9,2.7901538329766494e-9
TUR.59.4_1,2051,7,albopictus,27.358769921695487,37.321175187488414,0.17329696983971432,0.11618982541986779,0.11554119091933678,0.11685573766381596,6.075588768739149e-8,5.1893559863125385e-8,7.092243830553179e-8,0.9999999392441123,0.9999999290775616,0.9999999481064402,0.016630829594816432,1.0528811180021691e-8,8.992996600176718e-9,1.2290643555679103e-8
TUR.59.4_1,2051,8,albopictus,26.24938953624052,42.27876057673293,0.20577922793685802,0.12971629945111568,0.12904992272972762,0.13032041256827914,1.241034228500526e-6,1.0765360305642347e-6,1.404648974220879e-6,0.9999987589657715,0.9999985953510258,0.9999989234639695,0.019717142472028493,2.5537903262085046e-7,2.2152872871661342e-7,2.8904753961445097e-7
TUR.59.4_1,2051,9,albopictus,20.30369197621065,59.90029061038056,0.1640159816862832,0.07920763954132597,0.07888837542199115,0.07951061271398568,1.3064099801951556e-12,1.1631751117846535e-12,1.4533485526158075e-12,0.9999999999986936,0.9999999999985466,0.9999999999988368,0.016267824324205815,2.1427315477495767e-13,1.907363156306019e-13,2.3837598561726735e-13
TUR.59.4_1,2051,10,albopictus,18.65978869269876,49.09153525910373,0.16163090485145387,0.04151233815297298,0.04128587652672027,0.041735505129476595,0,0,0,1,1,1,0.01552000441001622,0,0,0
TUR.59.4_1,2051,11,albopictus,12.086966444464291,56.32409816463259,0.09375394174259595,7.827867955052238e-5,7.605495868871496e-5,8.057461496640734e-5,0,0,0,1,1,1,0.009331582191406063,0,0,0
TUR.59.4_1,2051,12,albopictus,9.745986686033362,67.17877591288824,0.07711408912361421,0,0,0,0,0,0,1,1,1,0.007434877323712619,0,0,0
TUR.59.4_1,2052,1,albopictus,6.587178739554742,70.25865597938596,0.07673528278332155,0,0,0,0,0,0,1,1,1,0.007398490531452473,0,0,0
TUR.59.4_1,2052,2,albopictus,7.518422144300798,70.15630833408899,0.0594503249353408,0,0,0,0,0,0,1,1,1,0.006131160866438279,0,0,0
TUR.59.4_1,2052,3,albopictus,11.170873066958258,62.7038110658722,0.07046367139138819,4.5078026249945966e-7,4.1704183462396017e-7,4.848614778446798e-7,0,0,0,1,1,1,0.006795867907187558,0,0,0
TUR.59.4_1,2052,4,albopictus,15.131573522792143,52.348688258506385,0.09317524530339832,0.00723668382985255,0.0071770388387176155,0.007299251767014264,0,0,0,1,1,1,0.009274250903970382,0,0,0
TUR.59.4_1,2052,5,albopictus,18.915915629443,51.76517109265443,0.1302343558413222,0.047011057135832215,0.04678190346204243,0.04722624008187026,0,0,0,1,1,1,0.012524235472676448,0,0,0
TUR.59.4_1,2052,6,albopictus,23.12932404349832,48.71588186370429,0.14648380583939666,0.11452479682679602,0.1140142689710645,0.11497778606732033,4.071320287235558e-8,3.5920596686001004e-8,4.533534051220922e-8,0.9999999592867971,0.9999999546646595,0.9999999640794034,0.014541615007086617,5.9638248880444775e-9,5.261785696042409e-9,6.640893152054517e-9
TUR.59.4_1,2052,7,albopictus,28.33572724286248,34.571907609363414,0.17202095247739274,0.10401448494977043,0.1033048769024972,0.10473431675179753,2.812099121118905e-9,2.312110677915591e-9,3.3932646748002782e-9,0.9999999971879009,0.9999999966067353,0.9999999976878894,0.016509390212933184,4.837399681933974e-10,3.9773153104327723e-10,5.837126448859919e-10
TUR.59.4_1,2052,8,albopictus,27.26769245372099,38.89683308649855,0.20426403775265908,0.12072449160667284,0.12002623617253995,0.12142433408947295,1.744246895328816e-7,1.482713522044099e-7,2.0382363158655268e-7,0.9999998255753104,0.9999997961763684,0.9999998517286478,0.01957339177535511,3.5628690729372356e-8,3.0286504637544454e-8,4.163383716115909e-8
TUR.59.4_1,2052,9,albopictus,22.805259816786823,51.15147698123017,0.16280830194137197,0.1140112380875132,0.11354490182386816,0.11445568641687855,3.59473865223503e-8,3.204441090531862e-8,3.997377598929929e-8,0.9999999640526135,0.999999960026224,0.9999999679555891,0.01614901380779943,5.852532942718369e-9,5.217096141207911e-9,6.508062591614737e-9
TUR.59.4_1,2052,10,albopictus,16.81555613349466,62.45365302643771,0.16044078686457297,0.023337309506703093,0.02320647661666963,0.02347668275991563,0,0,0,1,1,1,0.015406612652858254,0,0,0
TUR.59.4_1,2052,11,albopictus,10.504573751898374,65.8117003985193,0.09306361428008875,1.111010076031029e-18,6.173505189780528e-21,5.481868837243625e-18,0,0,0,1,1,1,0.009263191269321513,0,0,0
TUR.59.4_1,2052,12,albopictus,5.287298903745763,72.70220578349371,0.07654628394679922,0,0,0,0,0,0,1,1,1,0.007380335475382416,0,0,0
TUR.59.4_1,2053,1,albopictus,0.9914053406785515,65.44942136024534,0.07685042583144087,0,0,0,0,0,0,1,1,1,0.007409550904994844,0,0,0
TUR.59.4_1,2053,2,albopictus,5.2389288123916185,73.80047337315149,0.05748644421519451,0,0,0,0,0,0,1,1,1,0.006140332510333191,0,0,0
TUR.59.4_1,2053,3,albopictus,10.843670270022223,64.10697879048158,0.07056940374307044,2.4169675590153627e-9,1.9761617658256803e-9,2.95692523112765e-9,0,0,0,1,1,1,0.006806030481832259,0,0,0
TUR.59.4_1,2053,4,albopictus,14.943238104090971,49.653585566855995,0.09331505689155385,0.006002623644755054,0.005943896893909083,0.00606072702097672,0,0,0,1,1,1,0.0092881023011816,0,0,0
TUR.59.4_1,2053,5,albopictus,18.355658671435187,53.36270527234193,0.13042977547304196,0.0396458588476875,0.03945436889062105,0.039842591621449854,0,0,0,1,1,1,0.012542910020309717,0,0,0
TUR.59.4_1,2053,6,albopictus,24.72177323173074,34.59429220305976,0.1467036081427529,0.10358680989003613,0.10302732538552965,0.10411806110040878,2.5016336225869294e-9,2.144716299001814e-9,2.8780148986218277e-9,0.9999999974983663,0.9999999971219851,0.9999999978552837,0.01456327537132418,3.6699867855816137e-10,3.146375715523675e-10,4.222151961386089e-10
TUR.59.4_1,2053,7,albopictus,28.627704171573416,30.89709910716615,0.1722790738537688,0.09260658966992946,0.09190000901903266,0.09331063334112513,1.084532038619912e-10,8.691140029881694e-11,1.3342096871760134e-10,0.9999999998915468,0.9999999998665791,0.9999999999130885,0.016533956998020183,1.86842201710391e-11,1.4972972861571067e-11,2.298565227043525e-11
TUR.59.4_1,2053,8,albopictus,27.570051081040326,42.862538958080584,0.20457054061646443,0.1313327567271484,0.13061480332255374,0.13202897867467045,1.7369719569964025e-6,1.4933025239971531e-6,1.9990988152335245e-6,0.999998263028043,0.9999980009011848,0.9999985066974759,0.01960247233404977,3.5533322880565433e-7,3.054856579615128e-7,4.0895664179807505e-7
TUR.59.4_1,2053,9,albopictus,23.382207982680377,51.60639488894501,0.1630525995247613,0.1245645019923041,0.12408175397152439,0.12506267074985541,4.1091237306811743e-7,3.6895754138566163e-7,4.5761678080791237e-7,0.999999589087627,0.9999995423832192,0.9999996310424586,0.016173048756048414,6.700032835393887e-8,6.01594844246156e-8,7.461560286581292e-8
TUR.59.4_1,2053,10,albopictus,17.46587809394388,62.319329906320526,0.1606815319374023,0.03151937916995094,0.03135842043927916,0.031676733657380794,0,0,0,1,1,1,0.015429551354039894,0,0,0
TUR.59.4_1,2053,11,albopictus,11.77038281104144,74.04146724422243,0.09320325836333881,3.762004692203162e-5,3.640156797888044e-5,3.8918349631073146e-5,0,0,0,1,1,1,0.009277026226062524,0,0,0
TUR.59.4_1,2053,12,albopictus,7.99194549111759,71.88393796122809,0.07666114339783857,0,0,0,0,0,0,1,1,1,0.007391368809200105,0,0,0
TUR.59.4_1,2054,1,albopictus,6.416308912284234,78.33640713905393,0.07328014992047757,0,0,0,0,0,0,1,1,1,0.00706654115780303,0,0,0
TUR.59.4_1,2054,2,albopictus,8.143553274519304,72.70501438877649,0.05481576978798168,0,0,0,0,0,0,1,1,1,0.005855905147490459,0,0,0
TUR.59.4_1,2054,3,albopictus,8.799631020602057,73.1983179018097,0.06729092819125573,0,0,0,0,0,0,1,1,1,0.006490868022525964,0,0,0
TUR.59.4_1,2054,4,albopictus,10.868581617579741,74.2454816239849,0.08897987597166124,7.933478687892378e-9,6.718268220386726e-9,9.444586335873637e-9,0,0,0,1,1,1,0.008858517659951048,0,0,0
TUR.59.4_1,2054,5,albopictus,14.782612940844366,68.17071155896302,0.12437033884135523,0.006902903706109382,0.006841306830584908,0.006962566551358463,0,0,0,1,1,1,0.011963698245445964,0,0,0
TUR.59.4_1,2054,6,albopictus,23.250339592204373,43.728981534114446,0.1398881305115387,0.10658234956061423,0.10614923310332837,0.1070107249705427,5.5352618972825954e-9,4.9331795953788666e-9,6.179095071723317e-9,0.9999999944647381,0.9999999938209049,0.9999999950668205,0.013891424252648887,7.743174379459816e-10,6.900932769671186e-10,8.643820631482057e-10
TUR.59.4_1,2054,7,albopictus,29.367803124820487,28.063309281726696,0.16427542493850752,0.07926941718738043,0.0786237483211848,0.07993272173985218,1.3421517230938207e-12,1.0574763287252153e-12,1.688649220454863e-12,0.9999999999986579,0.9999999999983114,0.9999999999989425,0.015771921572219516,2.204814109063591e-13,1.7374712779627545e-13,2.774447338538266e-13
TUR.59.4_1,2054,8,albopictus,28.136917002060834,41.9545341973384,0.1950667120383683,0.1260175684764366,0.1253179253584052,0.12671462535344577,5.649716291868945e-7,4.838375334631495e-7,6.547771371545608e-7,0.9999994350283709,0.9999993452228629,0.9999995161624666,0.01870036109474249,1.1020715198861719e-7,9.438059236088758e-8,1.2772521508774838e-7
TUR.59.4_1,2054,9,albopictus,20.987659566542682,50.709193350859074,0.15547758921082966,0.08102377823530989,0.0806673459649677,0.08137102321261175,2.483847794110261e-12,2.1882828882269222e-12,2.798383746949185e-12,0.9999999999975161,0.9999999999972016,0.9999999999978118,0.015427516490688076,3.8618286346547847e-13,3.4026947925980267e-13,4.351075055808451e-13
TUR.59.4_1,2054,10,albopictus,15.452691639170927,57.192620921945526,0.15321667541115405,0.009786667522694888,0.009709673545417746,0.009863002526385042,0,0,0,1,1,1,0.014718035305460342,0,0,0
TUR.59.4_1,2054,11,albopictus,12.642709661932553,71.33879237849978,0.08887327131957438,4.680307023219882e-4,4.585119900540881e-4,4.772476449641224e-4,0,0,0,1,1,1,0.00884795157434215,0,0,0
TUR.59.4_1,2054,12,albopictus,6.910819754881017,66.28182614482184,0.07309966106876822,0,0,0,0,0,0,1,1,1,0.007049197772162841,0,0,0
TUR.59.4_1,2055,1,albopictus,7.252665075309136,78.56332059120237,0.07892463683877861,0,0,0,0,0,0,1,1,1,0.00760877368693047,0,0,0
TUR.59.4_1,2055,2,albopictus,7.595098513014177,68.9691287686593,0.05903801681968983,0,0,0,0,0,0,1,1,1,0.006305537931597716,0,0,0
TUR.59.4_1,2055,3,albopictus,8.491887471255133,65.72765292378236,0.07247408849193819,0,0,0,0,0,0,1,1,1,0.00698908342428195,0,0,0
TUR.59.4_1,2055,4,albopictus,15.455587232814116,51.52386297164115,0.09583365215060081,0.009039680831558827,0.008967695361431192,0.009116413011327108,0,0,0,1,1,1,0.009537591110658772,0,0,0
TUR.59.4_1,2055,5,albopictus,17.44562353807337,65.48604206433411,0.13395010568649002,0.03262168169374874,0.03244305982742019,0.03278502524917826,0,0,0,1,1,1,0.0128792567592384,0,0,0
TUR.59.4_1,2055,6,albopictus,23.505374992594998,34.82572988616523,0.15066317291462913,0.09350296174018984,0.09304840766398399,0.09396110715712859,1.4170785411771192e-10,1.232670104878153e-10,1.622037920645525e-10,0.9999999998582921,0.9999999998377962,0.999999999876733,0.01495338818635461,2.135015308990518e-11,1.8571807980372058e-11,2.443811264463136e-11
TUR.59.4_1,2055,7,albopictus,25.85644486371209,44.67548808421693,0.17692892644021005,0.13468663738265593,0.13407441823833194,0.1352934511098436,3.430487752121292e-6,3.028227448892418e-6,3.8643670727034335e-6,0.9999965695122479,0.9999961356329273,0.9999969717725511,0.016976403132723195,6.069523302035806e-7,5.357808880251947e-7,6.837180837909739e-7
TUR.59.4_1,2055,8,albopictus,27.85936153636259,37.527883196361834,0.2100919474601218,0.11477539663980489,0.11410151450747984,0.11543560390037752,4.33239282823239e-8,3.668905541598377e-8,5.0598928086342805e-8,0.9999999566760717,0.9999999494010718,0.9999999633109447,0.02012618791468912,9.102008422079421e-9,7.708075058787678e-9,1.0630427277336097e-8
TUR.59.4_1,2055,9,albopictus,23.85705768360811,48.4520102759079,0.16745342740632815,0.12466950082669452,0.12418989622655525,0.12516584618674728,4.204851459299608e-7,3.778584694330567e-7,4.6804723799198643e-7,0.9999995795148541,0.999999531952762,0.9999996221415306,0.01660591880749973,7.041167637333868e-8,6.327369378722469e-8,7.837611111227715e-8
TUR.59.4_1,2055,10,albopictus,18.62809809516458,56.35782020173068,0.16501836414899554,0.0455733172902643,0.04535277001785785,0.04578003011923126,0,0,0,1,1,1,0.01584268241212705,0,0,0
TUR.59.4_1,2055,11,albopictus,12.363002706976499,70.04811244685915,0.09571883615390309,2.396874471414246e-4,2.3400262287106904e-4,2.448407439828256e-4,0,0,0,1,1,1,0.009526218952506715,0,0,0
TUR.59.4_1,2055,12,albopictus,7.567938075346105,72.71945584452887,0.07873024562792456,0,0,0,0,0,0,1,1,1,0.00759010459531706,0,0,0
TUR.59.4_1,2056,1,albopictus,8.20703080559478,73.97860379432737,0.077670925636332,0,0,0,0,0,0,1,1,1,0.00748836264082231,0,0,0
TUR.59.4_1,2056,2,albopictus,7.155857103712419,66.55287663242883,0.06017521014612405,0,0,0,0,0,0,1,1,1,0.006205686433131574,0,0,0
TUR.59.4_1,2056,3,albopictus,10.790180584963629,62.90087069721986,0.07132284370616801,5.20298201019948e-10,3.970308497354066e-10,7.069573460044598e-10,0,0,0,1,1,1,0.006878445134803068,0,0,0
TUR.59.4_1,2056,4,albopictus,13.238864744410796,62.25494207320365,0.09431134266543957,0.0011380889541825444,0.001120268056597856,0.0011548959605863914,0,0,0,1,1,1,0.009386800601484002,0,0,0
TUR.59.4_1,2056,5,albopictus,19.05098070817835,50.27506260266419,0.1318223195503168,0.04804318547178789,0.04780464698320086,0.048278327479624905,0,0,0,1,1,1,0.012675973072443614,0,0,0
TUR.59.4_1,2056,6,albopictus,24.948289955363553,34.602867642512884,0.14826990111453117,0.1050691041021001,0.10447930624615842,0.10562086156930613,3.7189721595609625e-9,3.1701201635980778e-9,4.292572589048582e-9,0.9999999962810279,0.9999999957074274,0.9999999968298798,0.014717611545817189,5.514116354632392e-10,4.700333566809434e-10,6.364593158059151e-10
TUR.59.4_1,2056,7,albopictus,26.372327355777518,42.84811076488099,0.17411842535969121,0.131642000064357,0.13098746770200728,0.1322851900224242,1.8505223061350274e-6,1.6132143114661047e-6,2.1067409232827794e-6,0.9999981494776938,0.9999978932590767,0.9999983867856885,0.0167090001037824,3.2220997788512396e-7,2.808902962642135e-7,3.6682234495211133e-7
TUR.59.4_1,2056,8,albopictus,27.506059534409466,46.45031895685988,0.20675465458650844,0.14269692735198167,0.14199303298612262,0.1433918662552427,1.6078355000164635e-5,1.4071464906662e-5,1.8247781186664367e-5,0.9999839216449998,0.9999817522188134,0.9999859285350933,0.019809673010190654,3.3242691843364814e-6,2.9093366341742533e-6,3.7728065791386986e-6
TUR.59.4_1,2056,9,albopictus,22.514673345229205,45.150565268583684,0.1647934438291311,0.09846747124096045,0.09803884143864267,0.09888806072385671,6.05328785985293e-10,5.346651066329145e-10,6.808862779150714e-10,0.9999999993946712,0.9999999993191138,0.9999999994653349,0.016344302803740107,9.975421677577145e-11,8.810925322677576e-11,1.1220564199998506e-10
TUR.59.4_1,2056,10,albopictus,17.07783182929544,60.88309638581271,0.16239706134635332,0.025927642690054792,0.02577823079266628,0.02605959725660203,0,0,0,1,1,1,0.015592995163036028,0,0,0
TUR.59.4_1,2056,11,albopictus,9.123927999945249,67.49554591853884,0.09419835051116981,0,0,0,0,0,0,1,1,1,0.009375607386302054,0,0,0
TUR.59.4_1,2056,12,albopictus,7.242905841154211,61.53240597880621,0.07747962231347422,0,0,0,0,0,0,1,1,1,0.007469987879683004,0,0,0
TUR.59.4_1,2057,1,albopictus,5.8251638736794975,74.06081052040159,0.07948060709486197,0,0,0,0,0,0,1,1,1,0.007662166444514562,0,0,0
TUR.59.4_1,2057,2,albopictus,8.533100145704607,65.70253483555383,0.05945389939634262,0,0,0,0,0,0,1,1,1,0.006349814825122091,0,0,0
TUR.59.4_1,2057,3,albopictus,9.111905953463385,63.55119265766908,0.07298461903287155,0,0,0,0,0,0,1,1,1,0.007038143089803883,0,0,0
TUR.59.4_1,2057,4,albopictus,16.685016477809235,44.96802343306693,0.09650873489106893,0.01710583410505782,0.016994246229921253,0.017219466210937732,0,0,0,1,1,1,0.009604453261491508,0,0,0
TUR.59.4_1,2057,5,albopictus,16.904667994555304,65.84566120495911,0.1348936928544999,0.025531310098778893,0.025388529633616097,0.02567967885141074,0,0,0,1,1,1,0.012969391463203861,0,0,0
TUR.59.4_1,2057,6,albopictus,24.027622307048123,44.95297674285468,0.15172449224637072,0.11909093368419066,0.11856560927285412,0.1196156111063496,1.1976774579225413e-7,1.0585501378779228e-7,1.3493355889848678e-7,0.9999998802322542,0.9999998650664411,0.9999998941449862,0.015057927539953053,1.8171700253089007e-8,1.6060798124772902e-8,2.047272549543511e-8
TUR.59.4_1,2057,7,albopictus,28.54199936810662,33.49911174144349,0.17817527009767226,0.09971423197090253,0.09904020346909373,0.10039904172575086,8.637692111568284e-10,7.108580363235362e-10,1.041168715132379e-9,0.9999999991362308,0.9999999989588313,0.999999999289142,0.0170949622947435,1.53902312338694e-10,1.2665730964034339e-10,1.855105097314791e-10
TUR.59.4_1,2057,8,albopictus,27.94047535167021,37.570302629955584,0.21157190199027767,0.11450274159127367,0.11378668170325193,0.11520983022831274,4.057572749316396e-8,3.3988035397225505e-8,4.7933841215708206e-8,0.9999999594242726,0.9999999520661588,0.9999999660119646,0.020266516770611864,8.584683803714022e-9,7.1909132232095276e-9,1.0141453893330877e-8
TUR.59.4_1,2057,9,albopictus,22.67291270985323,46.26325524050751,0.1686330226334473,0.10282534212012683,0.10240252554690764,0.10326682052796035,2.0338509519879365e-9,1.8094562515003076e-9,2.2884372036235945e-9,0.999999997966149,0.9999999977115628,0.9999999981905437,0.016721912662530536,3.4297443318731523e-10,3.051341151971698e-10,3.859060737632091e-10
TUR.59.4_1,2057,10,albopictus,15.156136120066924,63.14688270173068,0.16618080601568141,0.008612206646057023,0.00854069547242175,0.008679327158735824,0,0,0,1,1,1,0.01595338834666482,0,0,0
TUR.59.4_1,2057,11,albopictus,9.026016165228452,63.39511256892946,0.09639311009395547,0,0,0,0,0,0,1,1,1,0.009593001766872389,0,0,0
TUR.59.4_1,2057,12,albopictus,7.584950671476476,73.33682644999762,0.07928484653046246,0,0,0,0,0,0,1,1,1,0.00764336685214595,0,0,0
TUR.59.4_1,2058,1,albopictus,6.282465490348199,75.26981015419065,0.08160734512824341,0,0,0,0,0,0,1,1,1,0.007866381810531675,0,0,0
TUR.59.4_1,2058,2,albopictus,6.977741735823015,70.66779820225305,0.06104476380592272,0,0,0,0,0,0,1,1,1,0.006519167825391081,0,0,0
TUR.59.4_1,2058,3,albopictus,10.664144894656012,69.2099145814972,0.07493753774880191,5.815572070445637e-12,3.2015096838707923e-12,1.135868204424779e-11,0,0,0,1,1,1,0.007225787337721168,0,0,0
TUR.59.4_1,2058,4,albopictus,12.981674993739409,63.973661555625526,0.09909111070006839,7.741836104883793e-4,7.620844664540944e-4,7.871654383440271e-4,0,0,0,1,1,1,0.009860177591378028,0,0,0
TUR.59.4_1,2058,5,albopictus,21.020745417651007,51.87030796399232,0.1385031714121377,0.08311414503667879,0.08275856327062212,0.0834549801719965,5.107327671893813e-12,4.5160375439223805e-12,5.7241184014955594e-12,0.9999999999948926,0.9999999999942759,0.999999999995484,0.013314105366007745,7.073791552514308e-13,6.254829987284438e-13,7.928130374423858e-13
TUR.59.4_1,2058,6,albopictus,23.23151215384988,54.14372686492499,0.15578432847624143,0.12759125951860037,0.12709717846709406,0.1280789479271315,7.912016837433589e-7,7.10863768851877e-7,8.766205256888205e-7,0.9999992087983163,0.9999991233794743,0.9999992891362312,0.015457716731539395,1.2325681537306287e-7,1.1074142875766579e-7,1.3656373057391313e-7
TUR.59.4_1,2058,7,albopictus,27.33502343121697,40.044544785877086,0.1829428748930466,0.12376767331085553,0.12305563071868457,0.12442163393273024,3.4525463068102445e-7,2.939141061975015e-7,3.976298887820029e-7,0.9999996547453693,0.9999996023701113,0.9999997060858938,0.017548351510654925,6.316187270127838e-8,5.376949012980692e-8,7.274355240394215e-8
TUR.59.4_1,2058,8,albopictus,28.963460810044232,39.82037510920363,0.21723313215955076,0.11318162153134678,0.1124342847429523,0.11392227832559419,2.9444619772167614e-8,2.4406099619067587e-8,3.512708482145132e-8,0.9999999705553803,0.9999999648729152,0.9999999755939003,0.020803127513445485,6.396346957426857e-9,5.3018133966409305e-9,7.630766660216005e-9
TUR.59.4_1,2058,9,albopictus,23.0415459801169,43.49164879519501,0.17314529645755863,0.10327126388901264,0.10281675457360011,0.10371505917453597,2.295364460391802e-9,2.0255565919002904e-9,2.582683972240929e-9,0.9999999977046355,0.999999997417316,0.9999999979744434,0.01716549457438321,3.9743156055038754e-10,3.50715598229634e-10,4.4717961555917895e-10
TUR.59.4_1,2058,10,albopictus,16.674926365123078,66.64617316803927,0.17062746355252828,0.023007721955922298,0.022870868842907423,0.02313545655480856,0,0,0,1,1,1,0.01637675385641546,0,0,0
TUR.59.4_1,2058,11,albopictus,11.272859503241147,70.94771724422243,0.09897239202052735,1.6777090785487386e-6,1.5762104346661543e-6,1.7814102514651892e-6,0,0,0,1,1,1,0.009848422712374294,0,0,0
TUR.59.4_1,2058,12,albopictus,6.421194300932043,70.47575772441168,0.08140634641263994,0,0,0,0,0,0,1,1,1,0.007847083147067835,0,0,0
TUR.59.4_1,2059,1,albopictus,6.096540006644585,75.78453488563596,0.07717267413830788,0,0,0,0,0,0,1,1,1,0.007440504673143944,0,0,0
TUR.59.4_1,2059,2,albopictus,5.953012483961443,68.13110844395227,0.05772749570080088,0,0,0,0,0,0,1,1,1,0.0061660005377254246,0,0,0
TUR.59.4_1,2059,3,albopictus,8.573307416018316,69.89361514302064,0.07086531454157007,0,0,0,0,0,0,1,1,1,0.006834471702400036,0,0,0
TUR.59.4_1,2059,4,albopictus,13.149198377833647,58.99883855757865,0.09370634449683603,9.342443299791875e-4,9.196502586270026e-4,9.491776002935754e-4,0,0,0,1,1,1,0.00932686687136941,0,0,0
TUR.59.4_1,2059,5,albopictus,19.286021372851202,56.42521290173646,0.13097669208224094,0.056545330700032384,0.05628284357190326,0.05678720012069583,1.1102230246251565e-16,1.1102230246251565e-16,1.1102230246251565e-16,0.9999999999999999,0.9999999999999999,0.9999999999999999,0.01259517218725148,0,0,0
TUR.59.4_1,2059,6,albopictus,22.662506187663357,49.25618414031562,0.14731876399678775,0.1080512461892897,0.10760447845069977,0.10847772039015487,8.102527244147062e-9,7.208271735059668e-9,9.026157751779174e-9,0.9999999918974728,0.9999999909738422,0.9999999927917282,0.0146238932238274,1.1936542990698129e-9,1.0619136792122674e-9,1.329722390530641e-9
TUR.59.4_1,2059,7,albopictus,28.440700082217948,36.5645185407599,0.17300147245153008,0.10853705205882538,0.10782367335405606,0.10924839096256891,9.201943656611534e-9,7.628323672737025e-9,1.0989828169716275e-8,0.9999999907980563,0.9999999890101718,0.9999999923716764,0.016602708255169962,1.5919497990957154e-9,1.3197112708196457e-9,1.9012564883569285e-9
TUR.59.4_1,2059,8,albopictus,29.17346180186552,41.55811467219191,0.2054283434150216,0.11617721418668792,0.11547430121058361,0.11689958913431105,6.061461793815948e-8,5.106976649349448e-8,7.166051136375806e-8,0.999999939385382,0.9999999283394886,0.9999999489302336,0.019683854866698103,1.2451960470727385e-8,1.0491177476756875e-8,1.4721099991787945e-8
TUR.59.4_1,2059,9,albopictus,22.932642095229205,53.48104012209931,0.16373630977826548,0.12089362542962269,0.1204547933294191,0.1213599588490836,1.8096151046431696e-7,1.6353577539096608e-7,2.0087745360719555e-7,0.9999998190384896,0.9999997991225464,0.9999998364642246,0.0162403117140274,2.9629969495958974e-8,2.677674397488783e-8,3.2890932402662726e-8
TUR.59.4_1,2059,10,albopictus,19.16769465278177,43.45337455353732,0.16135529985802766,0.045053970841076756,0.044832041570813816,0.04528964469669045,0,0,0,1,1,1,0.015493746549910203,0,0,0
TUR.59.4_1,2059,11,albopictus,10.786033560247983,67.61571651180056,0.09359407717633991,6.303585632127653e-10,4.883228197140207e-10,8.206732288148976e-10,0,0,0,1,1,1,0.009315744787122826,0,0,0
TUR.59.4_1,2059,12,albopictus,7.157981620115392,70.44880307353277,0.07698259800781854,0,0,0,0,0,0,1,1,1,0.007422246905079755,0,0,0
TUR.59.4_1,2060,1,albopictus,6.148445638663628,72.77631039833128,0.08862077774308774,0,0,0,0,0,0,1,1,1,0.008539533564419055,0,0,0
TUR.59.4_1,2060,2,albopictus,3.4381280120681317,70.80495182774133,0.06865856020529715,0,0,0,0,0,0,1,1,1,0.007077445756049405,0,0,0
TUR.59.4_1,2060,3,albopictus,13.366235158022711,54.64394702168275,0.08137775915899066,0.0012027460098298585,0.0011845417405991563,0.0012220663707929785,0,0,0,1,1,1,0.00784433834387499,0,0,0
TUR.59.4_1,2060,4,albopictus,17.347222173915192,42.71075262007865,0.10760711898992131,0.022701985716975476,0.022560681701887072,0.022844005790833715,0,0,0,1,1,1,0.010703022550282104,0,0,0
TUR.59.4_1,2060,5,albopictus,19.452023646410773,50.68558887829896,0.15040629922636525,0.054653863985891865,0.05440030478037441,0.05490925420869618,0,0,0,1,1,1,0.014450029865151093,0,0,0
TUR.59.4_1,2060,6,albopictus,25.888492668376248,21.76567892180976,0.16917261954857,0.08272247103245953,0.08218263987728919,0.08329274135528723,4.481656379340393e-12,3.706221440857859e-12,5.417546966590692e-12,0.9999999999955184,0.9999999999945824,0.9999999999962939,0.016774968613339825,7.581725247618465e-13,6.269373908907028e-13,9.16505760173436e-13
TUR.59.4_1,2060,7,albopictus,26.954484490787284,41.30188044871888,0.19866520385022557,0.12785971340357566,0.1271852779666317,0.1285205465392727,8.388590162674569e-7,7.244165326991681e-7,9.626899841602699e-7,0.99999916114098375,0.9999990373100158,0.9999992755834672,0.01904203050757547,1.6665208350730154e-7,1.4391634783894602e-7,1.9125298367506095e-7
TUR.59.4_1,2060,8,albopictus,29.158210642197552,43.06723942805129,0.2359024067416165,0.12092616855830662,0.12022067341739462,0.1216563941719509,1.8270218975091624e-7,1.5501942856877004e-7,2.1479153901049482e-7,0.9999998172978103,0.999999785208461,0.9999998449805714,0.02257064923666885,4.3099885341568725e-8,3.6569455583168596e-8,5.066983968793347e-8
TUR.59.4_1,2060,9,albopictus,24.338071935317096,47.07661736208954,0.1880256098334445,0.1276706172013268,0.12710351612529674,0.12819380608979425,8.050931021723606e-7,7.118305829362237e-7,8.982701338089427e-7,0.9999991949068978,0.9999991017298662,0.9999992881694171,0.01862689554324337,1.5137811000620615e-7,1.338423705199432e-7,1.6889777544326636e-7
TUR.59.4_1,2060,10,albopictus,18.142122829661652,63.69364326081271,0.18529139136425787,0.04231743758846378,0.04212188603522447,0.04250662991602515,0,0,0,1,1,1,0.017771613610786052,0,0,0
TUR.59.4_1,2060,11,albopictus,12.907239843817319,66.620461995199,0.10747819748540448,7.131080229161867e-4,7.011246895368612e-4,7.255546471612874e-4,0,0,0,1,1,1,0.010690268302592787,0,0,0
TUR.59.4_1,2060,12,albopictus,7.3298642495099235,68.00037778056402,0.08840250495803209,0,0,0,0,0,0,1,1,1,0.008518590552523686,0,0,0
TUR.59.4_1,2061,1,albopictus,6.480030092246392,70.19977994178831,0.08013160804894742,0,0,0,0,0,0,1,1,1,0.0077246818503931,0,0,0
TUR.59.4_1,2061,2,albopictus,6.344780939466814,69.34258000156946,0.05994086781097644,0,0,0,0,0,0,1,1,1,0.006401657357167911,0,0,0
TUR.59.4_1,2061,3,albopictus,8.908587834414313,72.61589755268861,0.07358241336737197,0,0,0,0,0,0,1,1,1,0.007095585328798837,0,0,0
TUR.59.4_1,2061,4,albopictus,10.85868629287271,69.55319036421928,0.09729920794843598,4.778156138218631e-9,3.9636864358741235e-9,5.772955185596034e-9,0,0,0,1,1,1,0.009682738266924673,0,0,0
TUR.59.4_1,2061,5,albopictus,20.25193514543421,55.667961162234505,0.13599856517440528,0.07336147346180749,0.0730525369678405,0.07367046074099409,1.4827261640704136e-13,1.3122558595313193e-13,1.6675827385626009e-13,0.9999999999998517,0.9999999999998332,0.9999999999998688,0.01307492222109674,2.0165313863174107e-14,1.787459069646502e-14,2.2648549702353193e-14
TUR.59.4_1,2061,6,albopictus,24.727888191447537,40.03389410125312,0.15296722041391764,0.1152953824481468,0.11476292590024778,0.1158271279863738,4.902690868702209e-8,4.3050227005458904e-8,5.556107782189734e-8,0.9999999509730914,0.9999999444389222,0.9999999569497731,0.015180321460361745,7.499509918296177e-9,6.585273493175947e-9,8.49902355160026e-9
TUR.59.4_1,2061,7,albopictus,27.079432992374198,40.83520182933412,0.17963464836701,0.1264401491661816,0.12570873340598399,0.12710242971060162,6.189262699527465e-7,5.267892495719461e-7,7.1166474752693e-7,0.9999993810737301,0.9999992883352525,0.9999994732107504,0.017233768323635212,1.1118059665082835e-7,9.462959716100005e-8,1.2783963846685343e-7
TUR.59.4_1,2061,8,albopictus,28.286250955918256,45.668359423168475,0.21330482169343182,0.13676465143373526,0.13601329146819513,0.13749357339953455,5.181764374746822e-6,4.45710825217327e-6,5.959640744745975e-6,0.9999948182356253,0.9999940403592552,0.9999955428917479,0.020430806167655358,1.105294711712057e-6,9.507222291094131e-7,1.2712192984182248e-6
TUR.59.4_1,2061,9,albopictus,22.13006603016573,59.34582817751923,0.1700142433190626,0.11682336481695768,0.11640387950472181,0.11724208665710281,7.047614130606394e-8,6.372978894886305e-8,7.76841379890314e-8,0.9999999295238587,0.999999922315862,0.9999999362702111,0.016857715687011554,1.1981947764083678e-8,1.0834971833628692e-8,1.3207409813031923e-8
TUR.59.4_1,2061,10,albopictus,16.573290432200714,57.324815440988495,0.1675419413570078,0.01921906227693429,0.019095253196715057,0.019340392373691066,0,0,0,1,1,1,0.016083001160381527,0,0,0
TUR.59.4_1,2061,11,albopictus,11.087198187323178,66.317727620199,0.09718263610453981,1.9834080053118448e-7,1.8053341626621805e-7,2.1877997073559033e-7,0,0,0,1,1,1,0.00967119388871307,0,0,0
TUR.59.4_1,2061,12,albopictus,9.633428321165198,76.14799130595465,0.07993424407059757,0,0,0,0,0,0,1,1,1,0.007705729468974298,0,0,0
TUR.59.4_1,2062,1,albopictus,7.658654722220757,75.7563213846594,0.08368050937859049,0,0,0,0,0,0,1,1,1,0.008065412419918205,0,0,0
TUR.59.4_1,2062,2,albopictus,4.111457365400652,67.64053074619837,0.06259555340451144,0,0,0,0,0,0,1,1,1,0.006684226941613525,0,0,0
TUR.59.4_1,2062,3,albopictus,9.772442242678473,67.23125399800111,0.07684126129262889,0,0,0,0,0,0,1,1,1,0.00740867058521455,0,0,0
TUR.59.4_1,2062,4,albopictus,14.025221670375151,63.91057409224662,0.10160843494223967,0.0031820650178951,0.0031451459684325787,0.003216963121582333,0,0,0,1,1,1,0.010109396519628278,0,0,0
TUR.59.4_1,2062,5,albopictus,19.441222331103155,58.798854869509896,0.14202172508007171,0.06134045349693402,0.06108659268233291,0.06160316129510503,9.048317650695026e-16,7.771561172376096e-16,9.992007221626409e-16,0.9999999999999991,0.999999999999999,0.9999999999999992,0.013650019844094752,1.1102230246251565e-16,1.1102230246251565e-16,1.1102230246251565e-16
TUR.59.4_1,2062,6,albopictus,25.364381874308865,36.85786489593085,0.1597418950415272,0.11238824003471252,0.11178153355680065,0.11297680042511801,2.419584900381633e-8,2.076784770543849e-8,2.7888429685041237e-8,0.999999975804151,0.9999999721115703,0.9999999792321522,0.01584727880280079,3.865090764665347e-9,3.3174953451009516e-9,4.454950586207929e-9
TUR.59.4_1,2062,7,albopictus,27.32395508710076,45.287037461658336,0.1875903809170199,0.1393708811978187,0.1386575797875368,0.1401054194730323,8.586160592507053e-6,7.468497169502153e-6,9.855776006795212e-6,0.9999914138394075,0.9999901442239932,0.9999925315028305,0.01799011828363528,1.6106798326034343e-6,1.4010172474682172e-6,1.848847066279746e-6
TUR.59.4_1,2062,8,albopictus,28.598365671494427,44.404008532055194,0.22275175260819263,0.13039470437827214,0.12965764637573243,0.13111334578757752,1.4307196057786742e-6,1.2231054070666048e-6,1.6557574929354501e-6,0.9999985692803942,0.9999983442425071,0.9999987768945929,0.021325937819205776,3.186952485848549e-7,2.7244883595012315e-7,3.688228154524742e-7
TUR.59.4_1,2062,9,albopictus,23.675453298232135,44.68589317996064,0.17754390344774393,0.11411410354563065,0.11361033443728563,0.11456363668181807,3.68679552250617e-8,3.255961509851524e-8,4.102984381415542e-8,0.9999999631320448,0.9999999589701561,0.9999999674403849,0.01759770978274877,6.545680660940967e-9,5.780761141993551e-9,7.284598615986403e-9
TUR.59.4_1,2062,10,albopictus,18.332142437205597,48.93064277253146,0.17496210716835245,0.036891765970648235,0.03669084699999912,0.03708319145386378,0,0,0,1,1,1,0.016789279219629805,0,0,0
TUR.59.4_1,2062,11,albopictus,11.852532316656674,63.59079127986696,0.10148670031699074,3.9979750205478615e-5,3.8774830812683805e-5,4.1362928623621834e-5,0,0,0,1,1,1,0.010097346050115252,0,0,0
TUR.59.4_1,2062,12,albopictus,6.814399943632238,69.20842374003668,0.08347440446389552,0,0,0,0,0,0,1,1,1,0.008045627455488646,0,0,0
TUR.59.4_1,2063,1,albopictus,5.152321847922662,57.55622525428831,0.07659430752624272,0,0,0,0,0,0,1,1,1,0.007384948608144981,0,0,0
TUR.59.4_1,2063,2,albopictus,5.58448554838405,70.9154178311593,0.057294859972101854,0,0,0,0,0,0,1,1,1,0.006119931459648509,0,0,0
TUR.59.4_1,2063,3,albopictus,8.875413796480963,69.8148950502472,0.07033421810954951,0,0,0,0,0,0,1,1,1,0.006783425229141771,0,0,0
TUR.59.4_1,2063,4,albopictus,11.148094976649565,66.57013524947318,0.09300406714801027,4.138833015376435e-7,3.8238572273517157e-7,4.4773081878528414e-7,0,0,0,1,1,1,0.00925729169819589,0,0,0
TUR.59.4_1,2063,5,albopictus,16.69019140916712,68.39487079968568,0.1299950940424562,0.023745590751372815,0.023608416480913632,0.023881924745739105,0,0,0,1,1,1,0.012501370831089487,0,0,0
TUR.59.4_1,2063,6,albopictus,21.939766014323514,56.21481756316718,0.14621469114486418,0.10724668847969578,0.1068205535376377,0.10766308002605557,6.580017361978996e-9,5.8804447283788974e-9,7.3183425125522554e-9,0.9999999934199827,0.9999999926816575,0.9999999941195553,0.014515094517010385,9.620952062805443e-10,8.598073975019105e-10,1.070049149287655e-9
TUR.59.4_1,2063,7,albopictus,27.299346475040213,41.411968797107555,0.17170492187036515,0.12774139646470553,0.12698553032014193,0.12839758623810946,8.181299115113117e-7,6.940367429708605e-7,9.379451641006175e-7,0.9999991818700885,0.9999990620548359,0.999999305963257,0.016479311062543633,1.4047692261465184e-7,1.1916951763168981e-7,1.6104978812492288e-7
TUR.59.4_1,2063,8,albopictus,27.6941717933206,46.62547459650832,0.2038887713277544,0.142763494254659,0.1419890526373382,0.14347803524079952,1.627970137060919e-5,1.4060994006187543e-5,1.8540226129140636e-5,0.9999837202986294,0.9999814597738709,0.9999859390059939,0.01953778585255217,3.319242775750686e-6,2.8668746820725847e-6,3.780136780898169e-6
TUR.59.4_1,2063,9,albopictus,25.665586583754596,43.03388512332001,0.16250919647921366,0.12921225919914323,0.12855609238916754,0.1298179535408705,1.116278359029832e-6,9.699588680023297e-7,1.2648391865044405e-6,0.9999988837216409,0.9999987351608135,0.999999030041132,0.01611958584730644,1.8140548264811152e-7,1.5762722386514217e-7,2.0554797880156793e-7
TUR.59.4_1,2063,10,albopictus,17.51368388007669,54.30249946198459,0.16014603091458798,0.028791694792476067,0.028626247059566425,0.028951406842506477,0,0,0,1,1,1,0.015378526953010119,0,0,0
TUR.59.4_1,2063,11,albopictus,11.850051809759702,69.2370391436365,0.09289264120913691,4.605453113617068e-5,4.449285764865393e-5,4.753387318411036e-5,0,0,0,1,1,1,0.0092462521930462,0,0,0
TUR.59.4_1,2063,12,albopictus,8.785047755521887,71.23649228251715,0.07640565591147547,0,0,0,0,0,0,1,1,1,0.007366826658953163,0,0,0
TUR.59.4_1,2064,1,albopictus,9.122737916953422,75.79736752723753,0.08617048583255686,0,0,0,0,0,0,1,1,1,0.008304405601657128,0,0,0
TUR.59.4_1,2064,2,albopictus,7.285043733961443,71.08562199375696,0.06676020725755562,0,0,0,0,0,0,1,1,1,0.0068824351473095735,0,0,0
TUR.59.4_1,2064,3,albopictus,11.220643422182867,66.19263400288392,0.07912773077916233,8.632535718949373e-7,8.054071125291039e-7,9.241455180372916e-7,0,0,0,1,1,1,0.007628278202793992,0,0,0
TUR.59.4_1,2064,4,albopictus,13.821873510585112,66.13531316695365,0.10463187029665307,0.0026250880100635358,0.002594120689883335,0.002653882301217662,0,0,0,1,1,1,0.010408638305195561,0,0,0
TUR.59.4_1,2064,5,albopictus,18.749903819140265,55.73180012097474,0.14624768825867945,0.04709421058916335,0.04686715171642756,0.04731931418436982,0,0,0,1,1,1,0.014053319180404755,0,0,0
TUR.59.4_1,2064,6,albopictus,24.62916954825906,39.38274053679999,0.16449513519648176,0.11302567790562001,0.11246134533145256,0.11357146705991056,2.828906925322894e-8,2.4569423992537586e-8,3.225263000006251e-8,0.9999999717109308,0.99999996774737,0.999999975430576,0.01631495906746494,4.653414262922872e-9,4.041550752398315e-9,5.3054006965425055e-9
TUR.59.4_1,2064,7,albopictus,28.845471887027518,32.70693644847474,0.1931722737011653,0.09518119995913511,0.09451693171464838,0.09584486373364483,2.342765853535766e-10,1.9145282581511935e-10,2.833200424268156e-10,0.9999999997657234,0.99999999971668,0.9999999998085471,0.01852044024872712,4.525574015534772e-11,3.698341632940583e-11,5.4729573650824646e-11
TUR.59.4_1,2064,8,albopictus,28.7414130042581,39.062925005443866,0.22937989843561332,0.11306395371821873,0.11237287000929957,0.11378312923708957,2.8600645282206293e-8,2.4039279675203143e-8,3.395871217559686e-8,0.9999999713993547,0.9999999660412878,0.9999999759607203,0.021953490827871902,6.560413086886818e-9,5.514127487948883e-9,7.789445910511003e-9
TUR.59.4_1,2064,9,albopictus,24.48095142140108,41.57537377078095,0.18282685574348206,0.1165296227581667,0.1159714871793517,0.11710094110768912,6.579858161359642e-8,5.7505900505350206e-8,7.5145150793543e-8,0.9999999342014184,0.9999999248548492,0.9999999424940995,0.01811657115813059,1.2029747717301475e-8,1.0513622972219139e-8,1.3738551549180577e-8
TUR.59.4_1,2064,10,albopictus,16.893475139842316,55.18414466462131,0.18016823617522243,0.02193718920213756,0.021811454266014205,0.02206484236559484,0,0,0,1,1,1,0.017284514634018033,0,0,0
TUR.59.4_1,2064,11,albopictus,11.40222923895892,63.63129573543337,0.10450651336612954,3.553238460785072e-6,3.3554062307016406e-6,3.74505987412011e-6,0,0,0,1,1,1,0.010396233013883815,0,0,0
TUR.59.4_1,2064,12,albopictus,9.023839698118323,70.21522915995855,0.08595824811120896,0,0,0,0,0,0,1,1,1,0.008284036823457464,0,0,0
TUR.59.4_1,2065,1,albopictus,8.357276472098686,80.1734356424719,0.08233019210390169,0,0,0,0,0,0,1,1,1,0.007935782039776074,0,0,0
TUR.59.4_1,2065,2,albopictus,6.190316217787126,72.33627049229212,0.06158547521894005,0,0,0,0,0,0,1,1,1,0.006576721846572764,0,0,0
TUR.59.4_1,2065,3,albopictus,9.817490002688238,72.91676272602845,0.07560130609514225,0,0,0,0,0,0,1,1,1,0.007289556782862916,0,0,0
TUR.59.4_1,2065,4,albopictus,10.643237913356108,66.61971105513724,0.09996882225374783,1.451354045215233e-12,6.840480333798213e-13,3.1753137386832753e-12,0,0,0,1,1,1,0.009947079493770716,0,0,0
TUR.59.4_1,2065,5,albopictus,18.057065150317023,51.47356800427552,0.13972998008257068,0.034508544718437555,0.03432372376607661,0.03469708838274369,0,0,0,1,1,1,0.0134312411360904,0,0,0
TUR.59.4_1,2065,6,albopictus,25.61670502494363,36.116119900813665,0.15716420709521928,0.1118586647661738,0.11121530202040392,0.11243170555717318,2.1226111820316085e-8,1.8038901616890256e-8,2.439058411629613e-8,0.9999999787738881,0.9999999756094159,0.9999999819610983,0.01559356224342412,3.3359850281078353e-9,2.835069662365797e-9,3.833326853164287e-9
TUR.59.4_1,2065,7,albopictus,27.559226540958182,35.220432847400524,0.18456331363697165,0.10996238464387216,0.10925430666008841,0.11061095019379062,1.3216393230708334e-8,1.100638128415099e-8,1.5507081457810658e-8,0.9999999867836068,0.9999999844929186,0.9999999889936186,0.017702404210219624,2.4392613272583575e-9,2.031374207733805e-9,2.8620383840660675e-9
TUR.59.4_1,2065,8,albopictus,28.293758280137006,44.4007011895259,0.2191573010238551,0.13260653359158373,0.1318175924373421,0.13336504905918342,2.256071424195705e-6,1.9142646139114205e-6,2.6243595731029188e-6,0.9999977439285758,0.9999973756404269,0.9999980857353862,0.02098544668010882,4.944344012755009e-7,4.195249782734667e-7,5.751473955123432e-7
TUR.59.4_1,2065,9,albopictus,24.106319539687213,52.5191489477829,0.17467895195997843,0.13790805677036128,0.1373830776922508,0.1384598552413672,6.468875739082058e-6,5.832589717227887e-6,7.188826335197129e-6,0.9999935311242609,0.9999928111736648,0.9999941674102827,0.017316215971074245,1.1299757942248024e-6,1.018830140056548e-6,1.2557358615689074e-6
TUR.59.4_1,2065,10,albopictus,17.243124569163605,60.6125122793674,0.17213881704404752,0.027884135819348503,0.027742487166290658,0.028041725980293038,0,0,0,1,1,1,0.016520608087136623,0,0,0
TUR.59.4_1,2065,11,albopictus,10.90325348517474,66.5124297686365,0.09984905200907712,1.064454762287416e-8,9.050824182991322e-9,1.2410235102558295e-8,0,0,0,1,1,1,0.009935221534706717,0,0,0
TUR.59.4_1,2065,12,albopictus,8.825245604795569,69.96442044413824,0.08212741301775123,0,0,0,0,0,0,1,1,1,0.007916313796286656,0,0,0
TUR.59.4_1,2066,1,albopictus,5.479026826865533,73.14925046180784,0.07620176159554462,0,0,0,0,0,0,1,1,1,0.007347240117794973,0,0,0
TUR.59.4_1,2066,2,albopictus,6.368390100843767,75.59601322910852,0.05700122373648135,0,0,0,0,0,0,1,1,1,0.00608866248184714,0,0,0
TUR.59.4_1,2066,3,albopictus,8.43942441659815,67.77477969380189,0.06997375514566313,0,0,0,0,0,0,1,1,1,0.006748777741897749,0,0,0
TUR.59.4_1,2066,4,albopictus,11.760194624171538,65.25282110152396,0.09252742117683525,2.8261258242898944e-5,2.7195767131845684e-5,2.9302745059620677e-5,0,0,0,1,1,1,0.009210067220698726,0,0,0
TUR.59.4_1,2066,5,albopictus,17.15438761430628,50.676601451541146,0.12932886900791826,0.023314754661937647,0.023166531688529047,0.023460094666453355,0,0,0,1,1,1,0.012437701393942846,0,0,0
TUR.59.4_1,2066,6,albopictus,22.889345253215115,52.54224828826484,0.14546534065302083,0.11820977920295386,0.11773196446637409,0.11870138686768085,9.75850132568512e-8,8.715025078820381e-8,1.0924494177888544e-7,0.9999999024149867,0.9999998907550582,0.9999999128497492,0.01444124439020067,1.4195237094893897e-8,1.2677340879840847e-8,1.589135253110552e-8
TUR.59.4_1,2066,7,albopictus,26.62443688336541,42.2507863935431,0.17082493391123446,0.13041823560148288,0.12974365452941963,0.13105242373622167,1.4367448875080013e-6,1.2453297342285285e-6,1.6350353537697427e-6,0.9999985632551125,0.9999983649646462,0.9999987546702658,0.016395550751189036,2.4543182019687304e-7,2.127333469298387e-7,2.7930476720894323e-7
TUR.59.4_1,2066,8,albopictus,26.990798837998334,53.36850895930129,0.20284384109619225,0.16635228453918263,0.16564244718902393,0.16707248665018723,8.094329973506664e-4,7.288248834203232e-4,8.971699824765588e-4,0.9991905670026493,0.9991028300175234,0.9992711751165797,0.019438634264406396,1.6417498198908708e-4,1.478267113942028e-4,1.8196884702201266e-4
TUR.59.4_1,2066,9,albopictus,24.667852513930377,48.893275382109074,0.1616763366252738,0.13603580411593272,0.13548000999201912,0.13659801589039677,4.483698722074214e-6,4.010323984843245e-6,5.001439310492461e-6,0.9999955163012779,0.9999949985606895,0.9999959896760152,0.016037638985038627,7.249077203417276e-7,6.483742803042869e-7,8.086140586477386e-7
TUR.59.4_1,2066,10,albopictus,18.904530132518097,46.81583182892795,0.15932528228739487,0.04356793240502036,0.04334268045495195,0.043792555400898533,0,0,0,1,1,1,0.01530031803525389,0,0,0
TUR.59.4_1,2066,11,albopictus,11.17124836585101,71.17569881160524,0.09241656629605086,6.446057893981247e-7,6.001694434782172e-7,6.893429388942467e-7,0,0,0,1,1,1,0.00919908376983225,0,0,0
TUR.59.4_1,2066,12,albopictus,7.200766787809484,71.25629819072027,0.07601407682056076,0,0,0,0,0,0,1,1,1,0.007329210359553695,0,0,0
TUR.59.4_1,2067,1,albopictus,6.399477037436822,73.52396054481565,0.07984610604922457,0,0,0,0,0,0,1,1,1,0.007697265672850229,0,0,0
TUR.59.4_1,2067,2,albopictus,5.347064989454607,64.64371983311243,0.05972730367515249,0,0,0,0,0,0,1,1,1,0.006378921707258733,0,0,0
TUR.59.4_1,2067,3,albopictus,11.0773986788357,63.262427704055796,0.07332024558274465,1.521664980630738e-7,1.3763429210857602e-7,1.657089917197913e-7,0,0,0,1,1,1,0.00707039395593656,0,0,0
TUR.59.4_1,2067,4,albopictus,14.788237417445464,56.50702108321342,0.09695253927277732,0.0058553458018143255,0.005801537013860083,0.005912153071890409,0,0,0,1,1,1,0.00964840647447951,0,0,0
TUR.59.4_1,2067,5,albopictus,19.815928599413702,47.51414875378724,0.1355140140308289,0.05780983679049966,0.05754567105522017,0.05808528550608616,1.6420198534206066e-16,1.1102230246251565e-16,2.220446049250313e-16,0.9999999999999999,0.9999999999999998,0.9999999999999999,0.013028642199726437,0,0,0
TUR.59.4_1,2067,6,albopictus,24.973568046794217,33.66597417937812,0.15242221141704912,0.10327704861054078,0.1026844882439007,0.10381527652113089,2.301742371368931e-9,1.9539914242194813e-9,2.653278999287245e-9,0.9999999976982576,0.999999997346721,0.9999999980460086,0.015126646439196811,3.508366637205995e-10,2.978317481527881e-10,4.044186374674297e-10
TUR.59.4_1,2067,7,albopictus,26.986768273746268,40.09936961497865,0.17899462562720722,0.12446079337218643,0.12374296149048931,0.1251336174834054,4.021666473174035e-7,3.4235367057655623e-7,4.647648948585825e-7,0.9999995978333527,0.9999995352351052,0.9999996576463294,0.01717289617372275,7.198566586985589e-8,6.12794652576909e-8,8.319041487070412e-8
TUR.59.4_1,2067,8,albopictus,27.776784784653607,40.078550005443866,0.21254483503365085,0.12235333289995078,0.12166447170607303,0.12302061218099367,2.5199916757245867e-7,2.1518327955605265e-7,2.916308194350625e-7,0.9999997480008325,0.9999997083691806,0.9999997848167205,0.020358759048616615,5.356112005716618e-8,4.573609358460295e-8,6.198462243756086e-8
TUR.59.4_1,2067,9,albopictus,22.971231572768268,43.338492514677434,0.16940849725167667,0.10201954485866786,0.10156229216669208,0.10246647494607966,1.6326059635307644e-9,1.437156149641794e-9,1.8413067209843701e-09,0.9999999983673941,0.9999999981586933,0.9999999985628439,0.016798160426021225,2.7657732304398055e-10,2.434665108408396e-10,3.11932951690963e-10
TUR.59.4_1,2067,10,albopictus,16.61030539344339,65.9703995474338,0.1669450038880174,0.02205694994880716,0.021925338282311392,0.022180823316241265,0,0,0,1,1,1,0.016026160461543593,0,0,0
TUR.59.4_1,2067,11,albopictus,11.157468725653256,64.05683284480837,0.0968363827642944,4.1215453121919976e-7,3.798984135948748e-7,4.4553864506580426e-7,0,0,0,1,1,1,0.009636902829341043,0,0,0
TUR.59.4_1,2067,12,albopictus,7.758374915403478,71.66949856913824,0.07964944526168626,0,0,0,0,0,0,1,1,1,0.007678380295991216,0,0,0
TUR.59.4_1,2068,1,albopictus,7.944108995444634,71.78631253456174,0.08297795819713576,0,0,0,0,0,0,1,1,1,0.007997969661161175,0,0,0
TUR.59.4_1,2068,2,albopictus,6.850860613233904,72.79608647129602,0.06428681042618181,0,0,0,0,0,0,1,1,1,0.006628294997026218,0,0,0
TUR.59.4_1,2068,3,albopictus,12.030977627810309,70.22051181050111,0.07619612995551706,9.162104570889933e-5,8.894376363032842e-5,9.431261699311072e-5,0,0,0,1,1,1,0.007346699124452405,0,0,0
TUR.59.4_1,2068,4,albopictus,13.402600134120268,61.36521734175834,0.10075536740543162,0.0014236456641376182,0.001403975866330141,0.0014436931354479482,0,0,0,1,1,1,0.010024948563806979,0,0,0
TUR.59.4_1,2068,5,albopictus,15.737441203173468,72.83101276745911,0.1408293622289348,0.014661937273366439,0.014573272924527654,0.014756386304650673,0,0,0,1,1,1,0.013536198399112465,0,0,0
TUR.59.4_1,2068,6,albopictus,23.104330147013943,46.519569913020696,0.15840076007565954,0.10982399474635991,0.10937392031406055,0.11024334505367567,1.2737819137687012e-8,1.1346264883194125e-8,1.4137933063151919e-8,0.9999999872621809,0.999999985862067,0.9999999886537351,0.015715281789092983,2.0176802321136834e-9,1.797257004332309e-9,2.2394593485186575e-9
TUR.59.4_1,2068,7,albopictus,26.867204217349784,38.002537339588024,0.18601544017249674,0.11885388666315293,0.11818516059498382,0.11950093171090222,1.134986813285943e-7,9.688528334050872e-8,1.3141911873737476e-7,0.9999998865013187,0.9999998685808813,0.9999999031147166,0.017840435195676352,2.1112506941922683e-8,1.802215844337596e-8,2.444598493633876e-8
TUR.59.4_1,2068,8,albopictus,27.57915485606474,47.995622301586444,0.22088160975021864,0.1476131988484485,0.14688495510244776,0.14828819331596346,3.9249143424110346e-5,3.4411304756210014e-5,4.414031761289239e-5,0.9999607508565759,0.9999558596823872,0.9999655886952438,0.021148799825074893,8.669376250681205e-6,7.600795501921943e-6,9.74973688020464e-6
TUR.59.4_1,2068,9,albopictus,23.812307469985065,45.930209281034855,0.17605330928126997,0.11851305619115385,0.11801236591150567,0.11907627759328519,1.0475640498153193e-7,9.305646295476588e-8,1.1915391340544534e-7,0.999999895243595,0.9999998808460866,0.9999999069435371,0.017451262556058,1.8442711595234585e-8,1.6382898071487515e-8,2.0977440551295243e-8
TUR.59.4_1,2068,10,albopictus,20.741169536814972,40.39954154572482,0.17349318882627093,0.06518273951070368,0.06488817870057366,0.06551179846244126,5.124456414762335e-15,4.440892098500626e-15,5.88418203051333e-15,0.9999999999999949,0.9999999999999941,0.9999999999999956,0.016649502549980433,8.905098880518381e-16,7.771561172376096e-16,9.992007221626409e-16
TUR.59.4_1,2068,11,albopictus,12.114823271246518,63.74830775935915,0.10063465481990769,1.0290097552233677e-4,1.0015670617001333e-4,1.0576326945919309e-4,0,0,0,1,1,1,0.010012998246873184,0,0,0
TUR.59.4_1,2068,12,albopictus,8.615140662473792,70.75198758281012,0.08277358366449028,0,0,0,0,0,0,1,1,1,0.007978349471845614,0,0,0
TUR.59.4_1,2069,1,albopictus,7.866006883628228,75.74525876258909,0.07751467035273757,0,0,0,0,0,0,1,1,1,0.007473354283409672,0,0,0
TUR.59.4_1,2069,2,albopictus,7.458603399641374,65.36135594151087,0.05798331921888705,0,0,0,0,0,0,1,1,1,0.006193240819057699,0,0,0
TUR.59.4_1,2069,3,albopictus,6.152537247713874,65.22775210591126,0.07117935924169477,0,0,0,0,0,0,1,1,1,0.006864654957016603,0,0,0
TUR.59.4_1,2069,4,albopictus,15.055278623805327,54.205953730918495,0.09412161085171869,0.0070160607759887006,0.00695604944431059,0.0070746076438303294,0,0,0,1,1,1,0.009368005339279839,0,0,0
TUR.59.4_1,2069,5,albopictus,17.43786635118372,59.39650730481263,0.13155712464299904,0.029912211912967702,0.02975578469705731,0.030077640827011858,0,0,0,1,1,1,0.012650634040473618,0,0,0
TUR.59.4_1,2069,6,albopictus,25.682678306803982,37.74485830413398,0.14797161761581704,0.11600272430847286,0.11544120067711965,0.11655036451628271,5.806724949908304e-8,5.066676790344005e-8,6.598117757439237e-8,0.9999999419327505,0.9999999340188224,0.9999999493332321,0.014688221759689979,8.592304802879091e-9,7.497243564857926e-9,9.76334157964942e-9
TUR.59.4_1,2069,7,albopictus,28.43376305524041,37.383186906238414,0.17376814082644151,0.11081984269593728,0.11012549549465482,0.11155928949653758,1.6403869091297096e-8,1.3724136857518053e-8,1.965254652902537e-8,0.999999983596131,0.9999999803474534,0.9999999862758631,0.01667566744569804,2.850469830173452e-9,2.384817787692839e-9,3.4149864908128434e-9
TUR.59.4_1,2069,8,albopictus,29.592206842759076,38.418149614818866,0.206338713783406,0.10236167797514714,0.101636259122255,0.10312184676017426,1.7987984435308135e-9,1.4667180664451607e-9,2.200370316507438e-9,0.9999999982012016,0.9999999977996297,0.9999999985332819,0.019770217265928647,3.711617566626302e-10,3.026406986128549e-10,4.540216064219393e-10
TUR.59.4_1,2069,9,albopictus,23.283058278700885,58.338935019560246,0.16446191892339496,0.13812620077038149,0.13763401662909489,0.13864344114718452,6.747585724213745e-6,6.1249357446196974e-06,7.448159762588057e-6,0.9999932524142758,0.9999925518402374,0.9999938750642554,0.016311691626943237,1.1097202789873694e-6,1.007318178491978e-6,1.2249378967904568e-6
TUR.59.4_1,2069,10,albopictus,16.18395098517923,56.04567115387912,0.16207035738772677,0.015245870737334128,0.015145284201438907,0.01534436006540681,0,0,0,1,1,1,0.015561871155017837,0,0,0
TUR.59.4_1,2069,11,albopictus,11.769192625494565,67.67669826228884,0.09400884601057756,3.147102720896891e-5,3.0383556058969883e-5,3.260770082638992e-5,0,0,0,1,1,1,0.009356834430344962,0,0,0
TUR.59.4_1,2069,12,albopictus,5.84360335854923,68.13292325175543,0.07732375188630734,0,0,0,0,0,0,1,1,1,0.007455016210929921,0,0,0
TUR.59.4_1,2070,1,albopictus,8.183309587485649,74.68907590126096,0.08081848407580869,0,0,0,0,0,0,1,1,1,0.007790638057744381,0,0,0
TUR.59.4_1,2070,2,albopictus,9.297782915479997,74.0761844327218,0.06045467186571937,0,0,0,0,0,0,1,1,1,0.0064563538720388,0,0,0
TUR.59.4_1,2070,3,albopictus,10.992709538515875,57.07341326924134,0.07421315068777831,3.2287470602734154e-8,2.8348259147942308e-8,3.661211457006403e-8,0,0,0,1,1,1,0.007156189466581586,0,0,0
TUR.59.4_1,2070,4,albopictus,13.147607649073882,67.3897916215435,0.0981332420455871,0.0010821022581147196,0.0010663113293376406,0.0010980278933857511,0,0,0,1,1,1,0.009765330658961457,0,0,0
TUR.59.4_1,2070,5,albopictus,16.77940382676966,68.93986896863099,0.1371643243096615,0.025022669204969927,0.024886606247826588,0.02515541920039229,0,0,0,1,1,1,0.013186256288483245,0,0,0
TUR.59.4_1,2070,6,albopictus,25.22266205619363,41.629669705501165,0.15427843229592236,0.12284817951733465,0.12224503792438675,0.12342704992231372,2.8122995951407324e-7,2.4520784477899404e-7,3.192096136667155e-7,0.9999997187700405,0.9999996807903864,0.9999997547921552,0.015309443721257976,4.338771632250715e-8,3.7830281154893615e-8,4.92471575630482e-8
TUR.59.4_1,2070,7,albopictus,28.204734353458182,33.471565812488414,0.18117444940883592,0.1021011752840593,0.1014374470985915,0.10279032103938053,1.6733780950906052e-9,1.3885551153336452e-9,2.0110556858687903e-9,0.9999999983266219,0.9999999979889443,0.9999999986114448,0.017380202361534924,3.031733537550707e-10,2.515707614447748e-10,3.6435188199845925e-10
TUR.59.4_1,2070,8,albopictus,27.595292932846966,42.6411682610591,0.2151332383694786,0.13060384306417533,0.1298966218538682,0.13132125578183582,1.4938023838577675e-6,1.2858134443571867e-6,1.7283818839586296e-6,0.9999985061976161,0.999998271618116,0.9999987141865556,0.020604119283820777,3.2136649240299684e-7,2.7662117195736964e-7,3.7183232270143753e-7
TUR.59.4_1,2070,9,albopictus,22.008657567641315,47.10457146365204,0.17147157970359503,0.09358425899076839,0.09319431795303841,0.09398896235584277,1.4514585444658223e-10,1.288214757089179e-10,1.6356106191661723e-10,0.9999999998548541,0.999999999836439,0.9999999998711786,0.017000982149596777,2.4888388572286145e-11,2.2089197138086546e-11,2.804604049000403e-11
TUR.59.4_1,2070,10,albopictus,16.26379069160013,68.29983680329318,0.16897808554297786,0.018879018733346447,0.018765594864920784,0.018990649247239613,0,0,0,1,1,1,0.016219738110842652,0,0,0
TUR.59.4_1,2070,11,albopictus,9.350624968023862,65.3268600054529,0.0980156709654728,0,0,0,0,0,0,1,1,1,0.00975368829455725,0,0,0
TUR.59.4_1,2070,12,albopictus,5.353033290189855,70.78059018290777,0.08061942832328141,0,0,0,0,0,0,1,1,1,0.007771524488370263,0,0,0
TUR.59.4_1,2071,1,albopictus,6.0783658351968315,79.04042477821409,0.08411259525596462,0,0,0,0,0,0,1,1,1,0.008106889061767375,0,0,0
TUR.59.4_1,2071,2,albopictus,3.8277950462173016,72.1699573209054,0.062918766716827,0,0,0,0,0,0,1,1,1,0.006718624868994105,0,0,0
TUR.59.4_1,2071,3,albopictus,11.537470242556402,72.91881503315736,0.07723803258442333,1.1495735522537739e-5,1.1018614049552142e-5,1.1984147843786366e-5,0,0,0,1,1,1,0.007446782602931079,0,0,0
TUR.59.4_1,2071,4,albopictus,15.652710760340971,53.53862585005912,0.10213309199902218,0.010626552263859506,0.010543576827791827,0.010708258508947136,0,0,0,1,1,1,0.010161330466296747,0,0,0
TUR.59.4_1,2071,5,albopictus,19.508706233080694,59.4129677235138,0.1427550569173551,0.06314557171281329,0.0628797896855736,0.06340458573394245,2.0704549186234545e-15,1.887379141862766e-15,2.3314683517128287e-15,0.9999999999999979,0.9999999999999977,0.9999999999999981,0.013720016248374045,3.1530333899354444e-16,2.220446049250313e-16,3.3306690738754696e-16
TUR.59.4_1,2071,6,albopictus,22.63304146598367,51.747555295100774,0.1605667253082761,0.11217795005247615,0.11176220786026071,0.11264482993699684,2.2943542552056327e-8,2.066850115223229e-8,2.5704869699438858e-8,0.9999999770564575,0.9999999742951303,0.9999999793314988,0.015928451350230688,3.6839694870227644e-9,3.318673560959162e-9,4.127346692195388e-9
TUR.59.4_1,2071,7,albopictus,27.255599526798026,50.15437754954896,0.18855900736214307,0.15533415746100546,0.15457863340895833,0.15611050232101514,1.4684217624427354e-4,1.2938560964381173e-4,1.6643677444134753e-4,0.9998531578237557,0.9998335632255586,0.9998706143903562,0.018082165653991455,2.768803013536003e-5,2.439652452133345e-5,3.138266053115679e-5
TUR.59.4_1,2071,8,albopictus,30.31020725474638,43.68802800227004,0.22390193545455764,0.10771658216063355,0.10696985930589253,0.10844024049324219,7.457624172091393e-9,6.113714096089851e-9,8.939814669095546e-9,0.9999999925423758,0.9999999910601852,0.9999999938862859,0.021434866026334487,1.6697764844142425e-9,1.3688723765614697e-9,2.0016417717760858e-9
TUR.59.4_1,2071,9,albopictus,25.21710979237276,49.20625603396454,0.17846065471830055,0.14256702049511014,0.14193542221533012,0.14317178131530975,1.568630554913142e-5,1.3920640906017745e-5,1.7520592593131546e-5,0.9999843136944508,0.9999824794074068,0.999986079359094,0.01768776750943435,2.7993844270098876e-6,2.4842836043231785e-6,3.126731536948202e-6
TUR.59.4_1,2071,10,albopictus,18.569073284373566,61.26226966462131,0.17586552728546764,0.047850489277221325,0.047634914213336516,0.04807904171101221,0,0,0,1,1,1,0.016875235366406782,0,0,0
TUR.59.4_1,2071,11,albopictus,12.196549345465268,53.977281148031025,0.10201072879475587,1.0466415551955519e-4,1.0188310906659907e-4,1.0753061358096172e-4,0,0,0,1,1,1,0.010149218409062244,0,0,0
TUR.59.4_1,2071,12,albopictus,7.196356044096105,69.24084103739996,0.08390542611468262,0,0,0,0,0,0,1,1,1,0.008087002767837359,0,0,0
TUR.59.4_1,2072,1,albopictus,7.682452711112359,66.16223569130003,0.0882765338498022,0,0,0,0,0,0,1,1,1,0.008506503574468138,0,0,0
TUR.59.4_1,2072,2,albopictus,8.724516886122087,63.818814437604615,0.06839185875362437,0,0,0,0,0,0,1,1,1,0.007050050838146249,0,0,0
TUR.59.4_1,2072,3,albopictus,8.8596252413357,74.55369509907533,0.08106165048387887,0,0,0,0,0,0,1,1,1,0.00781398668494937,0,0,0
TUR.59.4_1,2072,4,albopictus,12.83223422835855,61.017118586875526,0.1071891234077372,5.582582773516491e-4,5.489190804780342e-4,5.677942085150776e-4,0,0,0,1,1,1,0.010661669509414495,0,0,0
TUR.59.4_1,2072,5,albopictus,20.129696986254523,53.83020786633607,0.14982205192749304,0.06914435100395566,0.0688601736962795,0.06945000917987561,2.7520985490525618e-14,2.4424906541753444e-14,3.11972669919669e-14,0.9999999999999725,0.9999999999999688,0.9999999999999756,0.014394305234220361,4.126810004834169e-15,3.6637359812630166e-15,4.6629367034256575e-15
TUR.59.4_1,2072,6,albopictus,25.83460053275613,29.877621213069524,0.16851547522334706,0.09867438232315774,0.09810113799208628,0.09926608014212455,6.430644433619293e-10,5.442729711369054e-10,7.577068306119373e-10,0.9999999993569355,0.9999999992422931,0.999999999455727,0.016710354415341078,1.0836630992550056e-10,9.171837178634235e-11,1.276853317522253e-10
TUR.59.4_1,2072,7,albopictus,29.05761864606072,34.45241603221498,0.1978934967520095,0.0976117005916262,0.09691092120057518,0.0983123874880449,4.754146736285492e-10,3.8647529065904964e-10,5.781060463672105e-10,0.9999999995245853,0.999999999421894,0.9999999996135247,0.018968768524076696,9.408147150224978e-11,7.648089661582703e-11,1.1440338953949689e-10
TUR.59.4_1,2072,8,albopictus,28.188314325669232,41.78198399592238,0.234986053206923,0.1251983094576714,0.12449131478442353,0.12591278030831302,4.727394325136913e-7,4.037661318428976e-7,5.506408708916277e-7,0.9999995272605675,0.9999994493591291,0.9999995962338681,0.022483967570014918,1.1108716723351453e-7,9.48794052102464e-8,1.2939291666180798e-7
TUR.59.4_1,2072,9,albopictus,25.30537425770479,38.507384421415715,0.18729523181584123,0.11590373814309445,0.11531357524004968,0.11646035374005513,5.671719092614769e-8,4.9141301214361556e-8,6.458889428018199e-8,0.9999999432828091,0.9999999354111058,0.9999999508586989,0.018555215591345875,1.062285936548335e-8,9.203931397583354e-9,1.2097191873228219e-8
TUR.59.4_1,2072,10,albopictus,17.859043682322785,53.482225108957245,0.18457163430976167,0.0328490212920116,0.03266945049588406,0.033022661904211645,0,0,0,1,1,1,0.017703195181856923,0,0,0
TUR.59.4_1,2072,11,albopictus,12.923314024420346,70.2710509844568,0.10706070269368703,7.847515951722138e-4,7.719086330935771e-4,7.978903612754544e-4,0,0,0,1,1,1,0.010648964274350026,0,0,0
TUR.59.4_1,2072,12,albopictus,7.857849345487707,70.80395901835699,0.08805910893671562,0,0,0,0,0,0,1,1,1,0.00848564122073181,0,0,0
TUR.59.4_1,2073,1,albopictus,7.509130033500054,76.46424527381956,0.08630488871368494,0,0,0,0,0,0,1,1,1,0.008317304235039069,0,0,0
TUR.59.4_1,2073,2,albopictus,8.091015356428484,68.27961460850305,0.06455866856768981,0,0,0,0,0,0,1,1,1,0.006893132819711156,0,0,0
TUR.59.4_1,2073,3,albopictus,11.591535946902106,67.8948511049347,0.07925114884848265,1.3307607281764123e-5,1.2754123732686925e-5,1.3844010061084932e-5,0,0,0,1,1,1,0.007640130706395021,0,0,0
TUR.59.4_1,2073,4,albopictus,11.671946371302885,65.3377896684185,0.10479506799351898,1.8682422222600986e-5,1.7972139127991e-5,1.9393844693559858e-5,0,0,0,1,1,1,0.010424788076521585,0,0,0
TUR.59.4_1,2073,5,albopictus,17.056512019213507,68.38714222302552,0.14647579548669817,0.028425962712747575,0.02828208239269199,0.02856855447156553,0,0,0,1,1,1,0.014075083607696492,0,0,0
TUR.59.4_1,2073,6,albopictus,24.631559456095975,43.813271084895696,0.16475170355499053,0.12311423444434084,0.1225958913210918,0.12364482178421307,2.982988176923884e-7,2.6525640840491253e-7,3.3499701725947515e-7,0.9999997017011824,0.9999996650029828,0.9999997347435916,0.016340196989325095,4.914523717214347e-8,4.3701444255028754e-8,5.519132774134405e-8
TUR.59.4_1,2073,7,albopictus,28.514901666080252,38.31102046336732,0.193473570715899,0.11280175011539254,0.1120981374564738,0.11348671029465737,2.6817051052452357e-8,2.2462172480364195e-8,3.159280880238313e-8,0.999999973182949,0.9999999684071912,0.9999999775378274,0.018549057592294305,5.1883906098115775e-9,4.345836751573629e-9,6.112373474032039e-9
TUR.59.4_1,2073,8,albopictus,31.190969354966107,35.03708424616652,0.22973766964839867,0.07122809922374398,0.07060594022860447,0.07195762992244253,6.456868373305724e-14,4.984901380566953e-14,8.548717289613705e-14,0.9999999999999354,0.9999999999999145,0.9999999999999502,0.021987353166087464,1.4833689832016718e-14,1.1435297153639112e-14,1.965094753586527e-14
TUR.59.4_1,2073,9,albopictus,24.922678105971393,46.56636727053681,0.18311201667674248,0.13272631612843758,0.1321562935209802,0.13335812961889543,2.3093241680214317e-6,2.05191364063273e-6,2.6206858796173903e-6,0.999997690675832,0.9999973793141204,0.9999979480863594,0.018144570238408653,4.2286491582022023e-7,3.7572997423629403e-7,4.79878961398561e-7
TUR.59.4_1,2073,10,albopictus,17.97835787604837,45.91445319733615,0.18044925037394438,0.030913229819307816,0.03073583109227264,0.031084244444380217,0,0,0,1,1,1,0.01731123914205268,0,0,0
TUR.59.4_1,2073,11,albopictus,14.475917746038999,52.464944417073994,0.10466951553975488,0.004183113567461721,0.004139663099455196,0.004230669084370232,0,0,0,1,1,1,0.010412363638921729,0,0,0
TUR.59.4_1,2073,12,albopictus,9.025587783140296,75.71033871806402,0.08609231995832979,0,0,0,0,0,0,1,1,1,0.00829690395201621,0,0,0
TUR.59.4_1,2074,1,albopictus,7.32633880043731,79.72180600380003,0.0910986733896739,0,0,0,0,0,0,1,1,1,0.008777253664964624,0,0,0
TUR.59.4_1,2074,2,albopictus,8.512744921095232,76.4077274014718,0.06814456457769148,0,0,0,0,0,0,1,1,1,0.007274614312452021,0,0,0
TUR.59.4_1,2074,3,albopictus,10.435228726443121,76.64909304829408,0.08365313520831366,3.407575965751788e-31,2.1877015813774675e-39,1.1701401317167568e-31,0,0,0,1,1,1,0.008062784669375933,0,0,0
TUR.59.4_1,2074,4,albopictus,15.277358854518218,56.40386022505912,0.11061588531399706,0.008550016232102015,0.008474672263433371,0.008622792104761742,0,0,0,1,1,1,0.011000634118879749,0,0,0
TUR.59.4_1,2074,5,albopictus,19.986237666186163,53.7763824879181,0.15461175897929788,0.06651036123316893,0.06624802298236389,0.06679978970088901,9.103828801926284e-15,8.104628079763643e-15,1.0325074129013956e-14,0.9999999999999909,0.9999999999999897,0.9999999999999919,0.014851047359851988,1.4095391520640987e-15,1.2212453270876722e-15,1.5543122344752192e-15
TUR.59.4_1,2074,6,albopictus,25.043596351847928,37.116329709163274,0.1739027980482015,0.11113242963173878,0.11056917838686012,0.11164095685245326,1.771065912448133e-8,1.5345313059134116e-8,2.0055527932827388e-8,0.9999999822893408,0.9999999799444721,0.9999999846546869,0.017239941624779487,3.079933172389637e-9,2.6685928772307575e-9,3.4877123994414563e-9
TUR.59.4_1,2074,7,albopictus,30.199914483463065,31.644844621082164,0.20422001454231545,0.07772473948957398,0.07708479826433237,0.07837220781728539,7.689503478403026e-13,6.037004229852982e-13,9.657025179521383e-13,0.9999999999992311,0.9999999999990342,0.9999999999993963,0.01956921484450913,1.5703294220514862e-13,1.233374513631702e-13,1.9718393584611247e-13
TUR.59.4_1,2074,8,albopictus,26.474904901841107,59.47131886530715,0.2424983942918368,0.1866235528206749,0.18588307027189738,0.1873743283292027,0.010277533056088148,0.00950638613854366,0.01109554531331223,0.9897224669439119,0.9889044546866878,0.9904936138614564,0.023194364198148354,0.002489177386695671,0.002302628249057609,0.0026870353626138373
TUR.59.4_1,2074,9,albopictus,24.263904683730182,49.45510018069306,0.1932829304293398,0.1324927484078652,0.13193474796980698,0.1330162043371435,2.2013767137509798e-6,1.9608474130405897e-6,2.4451413527887268e-6,0.9999977986232862,0.9999975548586472,0.9999980391525869,0.019142699247522876,4.2548845140033543e-7,3.789982623125798e-7,4.726039743052635e-7
TUR.59.4_1,2074,10,albopictus,17.592749202952668,47.9328247793674,0.19047226140065512,0.02721510804349765,0.02705554799447902,0.027366768083691023,0,0,0,1,1,1,0.01826395446230733,0,0,0
TUR.59.4_1,2074,11,albopictus,12.245641638250913,59.04408412654665,0.11048335907881852,1.365377160656334e-4,1.3287707172391483e-4,1.4005715691959498e-4,0,0,0,1,1,1,0.010987527195774005,0,0,0
TUR.59.4_1,2074,12,albopictus,10.337902770322913,73.14193356669684,0.09087429755296791,0,0,0,0,0,0,1,1,1,0.008755730228087288,0,0,0
TUR.59.4_1,2075,1,albopictus,5.436939510352471,70.73684354042112,0.08794931170801519,0,0,0,0,0,0,1,1,1,0.008475105791003634,0,0,0
TUR.59.4_1,2075,2,albopictus,8.586831110365251,71.63518254063196,0.06578874673195516,0,0,0,0,0,0,1,1,1,0.007024009809982745,0,0,0
TUR.59.4_1,2075,3,albopictus,11.626157185610602,66.5498804018097,0.08076117236436801,1.5364260931752646e-5,1.476061757315994e-5,1.6000285279478964e-5,0,0,0,1,1,1,0.007785134957002171,0,0,0
TUR.59.4_1,2075,4,albopictus,10.923689687953276,67.37193120894584,0.10679179636046743,1.661335425932895e-8,1.4370937971365525e-8,1.9178442395287076e-8,0,0,0,1,1,1,0.01062235964071545,0,0,0
TUR.59.4_1,2075,5,albopictus,16.698144099291632,68.2976112782013,0.14926669377532487,0.023811477203079117,0.023675679127277784,0.023936293662392992,0,0,0,1,1,1,0.014341333085845842,0,0,0
TUR.59.4_1,2075,6,albopictus,23.354194725261014,51.55140356170234,0.1678908245679344,0.1239993645804273,0.12351507063913598,0.12449558720011843,3.6281696108309e-7,3.255028610510413e-7,4.0414530260157734e-7,0.999999637183039,0.9999995958546974,0.999999674497139,0.01664893124480238,6.091363690319262e-8,5.464894229090245e-8,6.785228580663549e-8
TUR.59.4_1,2075,7,albopictus,29.9668784422033,29.468258469959117,0.19715994808365006,0.0757309143944239,0.07506508309175852,0.07639060388716826,3.6799641112139627e-13,2.8410052088645446e-13,4.669986619632028e-13,0.999999999999632,0.999999999999533,0.9999999999997159,0.018899124037272563,7.255440692688352e-14,5.6063487186008845e-14,9.204581541411016e-14
TUR.59.4_1,2075,8,albopictus,27.486766702988568,51.58266987849074,0.23411501040237345,0.160119207382628,0.1594223228338728,0.16084996569094157,3.162095347396073e-4,2.830054455201264e-4,3.537294367500859e-4,0.9996837904652603,0.9996462705632498,0.9997169945544799,0.022401564906079474,7.402664887323429e-5,6.625362795306677e-5,8.280994183161305e-5
TUR.59.4_1,2075,9,albopictus,22.501613729140338,57.64766228396454,0.18660096863820502,0.12118363927976446,0.12071378176140117,0.12164697811676548,1.9327665594959242e-7,1.7347894405439492e-7,2.143356682443587e-7,0.9999998067233441,0.9999997856643317,0.999999826521056,0.01848707512853276,3.6065610560909176e-8,3.237133849864904e-8,3.9995242523405136e-8
TUR.59.4_1,2075,10,albopictus,18.2374044306138,60.35664527497287,0.1838874669228236,0.04187732720409481,0.04168106422320241,0.042075743777425706,0,0,0,1,1,1,0.01763815540570035,0,0,0
TUR.59.4_1,2075,11,albopictus,13.16551106116351,71.07287746150759,0.10666385167440871,0.001186423526815887,0.001169779096164781,0.0012040067645095276,0,0,0,1,1,1,0.010609700998576499,0,0,0
TUR.59.4_1,2075,12,albopictus,8.465235934538,70.55534756816168,0.08773269274236033,0,0,0,0,0,0,1,1,1,0.008454320112137648,0,0,0
TUR.81.6_1,2025,1,aegypti,4.098108572118422,80.35444389948242,1.5222055726162343e-4,0,0,0,0,0,0,1,1,1,1.4730913169502813e-5,0,0,0
TUR.81.6_1,2025,2,aegypti,3.524260818081744,80.55119548014562,1.1386558342069855e-4,0,0,0,0,0,0,1,1,1,1.2199809519608529e-5,0,0,0
TUR.81.6_1,2025,3,aegypti,5.544447565779967,78.88109881495741,1.3977949825485402e-4,0,0,0,0,0,0,1,1,1,1.3526956728071582e-5,0,0,0
TUR.81.6_1,2025,4,aegypti,12.893931430928848,70.36247980504137,1.848326773372428e-4,0,0,0,0,0,0,1,1,1,1.8483096919208464e-5,0,0,0
TUR.81.6_1,2025,5,aegypti,15.042553985820097,82.67366117521712,2.5834721006701573e-4,4.794805918030029e-5,4.723843772694383e-5,4.868246960654026e-5,0,0,0,1,1,1,2.5001030378724032e-5,0,0,0
TUR.81.6_1,2025,6,aegypti,21.183532742892996,66.25243285315307,2.905814085241483e-4,0.06196715593897869,0.06158772180974658,0.062338840602111714,1.2115863867734334e-15,9.992007221626409e-16,1.4432899320127035e-15,0.9999999999999988,0.9999999999999986,0.999999999999999,2.9057718668679122e-5,0,0,0
TUR.81.6_1,2025,7,aegypti,22.85810868880328,68.20666629346492,3.4123970482682984e-4,0.11132365583343183,0.11077487818515737,0.11189193171456129,1.8580444043458932e-8,1.6157882359868483e-8,2.1344215625496157e-8,0.9999999814195559,0.9999999786557844,0.9999999838421176,3.30226519815735e-5,6.3403843286735654e-12,5.513686729408107e-12,7.283498804078193e-12
TUR.81.6_1,2025,8,aegypti,25.57436814027674,63.808614866751284,4.052006394896242e-4,0.1804677064740385,0.17945059989848883,0.1814746957990267,0.0052053569354762125,0.004607149023500465,0.005843977489516433,0.9947946430645238,0.9941560225104835,0.9953928509764995,3.9212196293658685e-5,2.1092117268537436e-6,1.8668179879971492e-6,2.3679806122778315e-6
TUR.81.6_1,2025,9,aegypti,20.18846248177921,83.31186026357732,3.2296447669729364e-4,0.05289417634988047,0.05261795546848578,0.05317020286301091,0,0,0,1,1,1,3.2295926145065046e-5,0,0,0
TUR.81.6_1,2025,10,aegypti,17.422457695007324,83.10470818860786,3.182680130726887e-4,0.007774362553447899,0.007712942381644154,0.007832045287295314,0,0,0,1,1,1,3.079965597818646e-5,0,0,0
TUR.81.6_1,2025,11,aegypti,10.779936531010796,76.95202275399717,1.8461123374624366e-4,0,0,0,0,0,0,1,1,1,1.846095296909045e-5,0,0,0
TUR.81.6_1,2025,12,aegypti,5.091293177183936,83.21779210172636,1.5184563835634658e-4,0,0,0,0,0,0,1,1,1,1.4694631228606703e-5,0,0,0
TUR.81.6_1,2026,1,aegypti,6.588913721196791,83.30286919245117,1.4422331885288858e-4,0,0,0,0,0,0,1,1,1,1.3956997973019192e-5,0,0,0
TUR.81.6_1,2026,2,aegypti,2.375907718258746,77.83478007487219,1.0788340707378151e-4,0,0,0,0,0,0,1,1,1,1.1558869667971372e-5,0,0,0
TUR.81.6_1,2026,3,aegypti,8.701114321456236,77.01648242091444,1.3243587796921716e-4,0,0,0,0,0,0,1,1,1,1.281629315796895e-5,0,0,0
TUR.81.6_1,2026,4,aegypti,10.942232174031876,77.76655542759997,1.7512209019328578e-4,0,0,0,0,0,0,1,1,1,1.751205568145675e-5,0,0,0
TUR.81.6_1,2026,5,aegypti,15.018882835612578,83.1632546810765,2.4477437688137405e-4,4.1699476804718505e-5,4.106607773922522e-5,4.22986223530671e-5,0,0,0,1,1,1,2.368756236925673e-5,0,0,0
TUR.81.6_1,2026,6,aegypti,19.12487414303948,72.25273802893432,2.7531508153836833e-4,0.024930059627302645,0.024776100636749367,0.025099761650499593,0,0,0,1,1,1,2.753112916531464e-5,0,0,0
TUR.81.6_1,2026,7,aegypti,22.704940964193906,70.73014575513484,3.2331193394542285e-4,0.1114543878759736,0.1109301208270667,0.11201320716210082,1.919058922139616e-8,1.6798330812473062e-8,2.1995070662028658e-8,0.9999999808094108,0.9999999780049293,0.9999999832016692,3.1287762199849745e-5,6.204547542409955e-12,5.431088911933557e-12,7.111317090746639e-12
TUR.81.6_1,2026,8,aegypti,23.146425864275763,72.18673910381183,3.839125416422298e-4,0.12924380587468481,0.12861462170487523,0.12990496454958383,1.1240525193680907e-6,9.82042220951107e-7,1.288057176251911e-6,0.9999988759474806,0.9999987119428237,0.999999017957779,3.715213645283377e-5,4.315378607788745e-10,3.770183470974686e-10,4.945012566093255e-10
TUR.81.6_1,2026,9,aegypti,21.518595919889563,79.07792776846013,3.059968347167074e-4,0.08697213434474181,0.08656266893317198,0.08737692359903526,1.8419520908530275e-11,1.6085879850358254e-11,2.095237594534893e-11,0.9999999999815805,0.9999999999790476,0.9999999999839142,3.0599215306126304e-5,5.63660229602192e-15,4.884981308350689e-15,6.439293542825908e-15
TUR.81.6_1,2026,10,aegypti,13.456772804260254,80.51121758802192,3.015471100343293e-4,0,0,0,0,0,0,1,1,1,2.9181552600676675e-5,0,0,0
TUR.81.6_1,2026,11,aegypti,11.27920029443853,76.95751591805967,1.749122806234935e-4,0,0,0,0,0,0,1,1,1,1.7491075091746744e-5,0,0,0
TUR.81.6_1,2026,12,aegypti,4.976297220763038,80.62682683073027,1.438680971286192e-4,0,0,0,0,0,0,1,1,1,1.3922622156381514e-5,0,0,0
TUR.81.6_1,2027,1,aegypti,4.294345659368178,81.32793175348633,1.4258104277923436e-4,0,0,0,0,0,0,1,1,1,1.379807023604851e-5,0,0,0
TUR.81.6_1,2027,2,aegypti,3.489153682309039,84.45853648356359,1.0665493487115324e-4,0,0,0,0,0,0,1,1,1,1.1427249158924013e-5,0,0,0
TUR.81.6_1,2027,3,aegypti,4.915424013839049,78.22445971583632,1.3092782590515332e-4,0,0,0,0,0,0,1,1,1,1.2670354495369907e-5,0,0,0
TUR.81.6_1,2027,4,aegypti,10.152015728109024,78.22872888951403,1.7312796870876977e-4,0,0,0,0,0,0,1,1,1,1.731264700521873e-5,0,0,0
TUR.81.6_1,2027,5,aegypti,17.38151940177469,74.76888364836165,2.4198712232508464e-4,0.006550049999994987,0.006491633843509725,0.006611443792863443,0,0,0,1,1,1,2.3417834410288663e-5,0,0,0
TUR.81.6_1,2027,6,aegypti,20.048887280856864,78.41104033606322,2.7218005888930686e-4,0.04576631743040055,0.04551130938416113,0.0460128076825984,0,0,0,1,1,1,2.721763548241274e-5,0,0,0
TUR.81.6_1,2027,7,aegypti,22.746219803305234,75.63767367871883,3.196303694268097e-4,0.1228433536017096,0.12223318297325104,0.12339296677066827,2.8089620758142696e-7,2.4455645494247944e-7,3.168040882850498e-7,0.9999997191037924,0.9999996831959117,0.999999755443545,3.093149284638663e-5,8.978295851225226e-11,7.816769731494587e-11,1.0126021132705887e-10
TUR.81.6_1,2027,8,aegypti,25.85560478883631,67.69708074809894,3.79540915843229e-4,0.20347479512427027,0.2024135842851855,0.20459710470700276,0.042332439695671485,0.03945303650159454,0.04545872258904335,0.9576675603043285,0.9545412774109566,0.9605469634984054,3.6729091519749346e-5,1.6066763691906404e-5,1.4973929496200911e-5,1.7253296364713734e-5
TUR.81.6_1,2027,9,aegypti,19.826844439787024,69.8589259984406,3.0251243785033266e-4,0.03569248409744737,0.035488368214664376,0.03590421587921191,0,0,0,1,1,1,3.0250786220764603e-5,0,0,0
TUR.81.6_1,2027,10,aegypti,14.480459213256836,80.47550439222114,2.981133823415552e-4,0,0,0,0,0,0,1,1,1,2.8849266013986075e-5,0,0,0
TUR.81.6_1,2027,11,aegypti,12.418358543339897,73.08881779794248,1.7292054824802892e-4,0,0,0,0,0,0,1,1,1,1.729190531807312e-5,0,0,0
TUR.81.6_1,2027,12,aegypti,6.006982645567725,77.75117070280058,1.4222986597740367e-4,0,0,0,0,0,0,1,1,1,1.3764085852518981e-5,0,0,0
TUR.81.6_1,2028,1,aegypti,3.303843301885268,83.18691765436523,1.411265057018612e-4,0,0,0,0,0,0,1,1,1,1.3657310515724497e-5,0,0,0
TUR.81.6_1,2028,2,aegypti,7.53807717474068,71.96345744303625,1.0933714344489846e-4,0,0,0,0,0,0,1,1,1,1.1310675010922644e-5,0,0,0
TUR.81.6_1,2028,3,aegypti,9.273263598189635,74.36221606349257,1.2959216883934148e-4,0,0,0,0,0,0,1,1,1,1.2541098989404809e-5,0,0,0
TUR.81.6_1,2028,4,aegypti,10.110225719564102,83.19241297154528,1.7136180790149394e-4,0,0,0,0,0,0,1,1,1,1.71360339666915e-5,0,0,0
TUR.81.6_1,2028,5,aegypti,14.882489288554472,83.76838010832259,2.3951849651896215e-4,1.4064677761133057e-5,1.3845560992087427e-5,1.4292514444563708e-5,0,0,0,1,1,1,2.3178940704693396e-5,0,0,0
TUR.81.6_1,2028,6,aegypti,19.758237866794364,76.13969329016479,2.6940342056727484e-4,0.03803647225274495,0.037839604462985316,0.03825344135714876,0,0,0,1,1,1,2.6939979168916217e-5,0,0,0
TUR.81.6_1,2028,7,aegypti,23.05767266890582,71.00296527417781,3.163696679034969e-4,0.12357302138548625,0.12294974928365338,0.12413053195101162,3.303964469161258e-7,2.870623033474073e-7,3.729471991814614e-7,0.9999996696035531,0.9999996270528009,0.9999997129376966,3.061595079678625e-5,1.0452741461275395e-10,9.081784491105082e-11,1.1798921562000686e-10
TUR.81.6_1,2028,8,aegypti,23.48519577699549,65.96827902080402,3.7566903832211336e-4,0.12589862825655748,0.12520419554555567,0.12653237680305554,5.50302216713705e-7,4.719818454568259e-7,6.295713006476689e-7,0.9999994496977833,0.9999993704286994,0.9999995280181545,3.6354407387251264e-5,2.0673150369354686e-10,1.7730895085499297e-10,2.3651040015337797e-10
TUR.81.6_1,2028,9,aegypti,21.620192752164954,70.08048743032536,2.994263644941351e-4,0.07775030853810948,0.0773232864739056,0.07816683422321448,7.727045669980726e-13,6.590117340721236e-13,8.964301523306517e-13,0.9999999999992273,0.9999999999991036,0.999999999999341,2.9942188173204265e-5,2.2293278334473143e-16,2.220446049250313e-16,2.220446049250313e-16
TUR.81.6_1,2028,10,aegypti,12.623126983642578,86.44930505140083,2.95072185844288e-4,0,0,0,0,0,0,1,1,1,2.8554965122884468e-5,0,0,0
TUR.81.6_1,2028,11,aegypti,7.365035274449516,81.61874028329404,1.7115650343559272e-4,0,0,0,0,0,0,1,1,1,1.7115503871623083e-5,0,0,0
TUR.81.6_1,2028,12,aegypti,5.625587782439063,80.2746616085623,1.40778911421725e-4,0,0,0,0,0,0,1,1,1,1.3623672818430244e-5,0,0,0
TUR.81.6_1,2029,1,aegypti,3.3015227738548725,82.09339653620117,1.4120895258483616e-4,0,0,0,0,0,0,1,1,1,1.3665289137265724e-5,0,0,0
TUR.81.6_1,2029,2,aegypti,5.8666117778595765,72.78538737467687,1.0562856988273414e-4,0,0,0,0,0,0,1,1,1,1.1317282732181688e-5,0,0,0
TUR.81.6_1,2029,3,aegypti,7.517534876570982,77.71777636622694,1.2966787729910693e-4,0,0,0,0,0,0,1,1,1,1.2548425522562745e-5,0,0,0
TUR.81.6_1,2029,4,aegypti,13.205129665486954,73.08703577427966,1.7146191841476826e-4,0,0,0,0,0,0,1,1,1,1.7146044846372277e-5,0,0,0
TUR.81.6_1,2029,5,aegypti,15.887277687297148,73.6549538998265,2.3965842454562605e-4,7.316097934732147e-4,7.226636454555551e-4,7.40739325633189e-4,0,0,0,1,1,1,2.3192481812706056e-5,0,0,0
TUR.81.6_1,2029,6,aegypti,19.380313901340262,77.27991393225463,2.6956080753138975e-4,0.03140080826861575,0.031202973808897402,0.03158817056100025,0,0,0,1,1,1,2.6955717441268234e-5,0,0,0
TUR.81.6_1,2029,7,aegypti,22.641721893759335,73.61149722608211,3.165544928083348e-4,0.11504944958556783,0.1145037940663123,0.11557960260411726,4.6221925457556876e-8,4.0441144277814086e-8,5.237237440669506e-8,0.9999999537780745,0.9999999476276257,0.9999999595588557,3.063383653012508e-5,1.4631757694338888e-11,1.2801867899092655e-11,1.6578705075431797e-11
TUR.81.6_1,2029,8,aegypti,23.079151770647833,72.68271841289386,3.7588850624619904e-4,0.12805607311370423,0.12747056780854452,0.12864173276635688,8.741593779688639e-7,7.700212064865042e-7,9.876879546816263e-7,0.999999125840622,0.9999990123120452,0.9999992299787935,3.63756454462294e-5,3.28586463926861e-10,2.894421563537364e-10,3.7126051954938784e-10
TUR.81.6_1,2029,9,aegypti,20.40025447396671,76.85287588857732,2.996012910276753e-4,0.05284479501785333,0.0525764470991622,0.05311264584798616,0,0,0,1,1,1,2.9959680302615865e-5,0,0,0
TUR.81.6_1,2029,10,aegypti,15.144984245300293,68.9916672645356,2.9524456864264665e-4,6.479459459197314e-5,6.37922401035626e-5,6.580229181676418e-5,0,0,0,1,1,1,2.8571646852659782e-5,0,0,0
TUR.81.6_1,2029,11,aegypti,7.359194972935844,82.90490361337217,1.712564940088658e-4,0,0,0,0,0,0,1,1,1,1.712550275778657e-5,0,0,0
TUR.81.6_1,2029,12,aegypti,6.15730842071421,81.93175084196073,1.4086115523820442e-4,0,0,0,0,0,0,1,1,1,1.3631631788912912e-5,0,0,0
TUR.81.6_1,2030,1,aegypti,4.664418024175307,83.16322075495117,1.390330441600516e-4,0,0,0,0,0,0,1,1,1,1.3454720209638005e-5,0,0,0
TUR.81.6_1,2030,2,aegypti,3.420752345639117,88.03178630045812,1.040009245323609e-4,0,0,0,0,0,0,1,1,1,1.1142894117410762e-5,0,0,0
TUR.81.6_1,2030,3,aegypti,5.316378260360045,81.92149645900038,0.00012766980691139872,0,0,0,0,0,0,1,1,1,1.2355066279834404e-5,0,0,0
TUR.81.6_1,2030,4,aegypti,11.622130436055802,80.0755459061156,1.6881983782441568e-4,0,0,0,0,0,0,1,1,1,1.6881841282567756e-5,0,0,0
TUR.81.6_1,2030,5,aegypti,16.63529499839334,82.49775022551009,2.3596549449059908e-4,0.0030510737578038466,0.00302492640243943,0.0030772436204469763,0,0,0,1,1,1,2.2835109709462564e-5,0,0,0
TUR.81.6_1,2030,6,aegypti,19.701225308810965,76.92152312414916,2.6540710749068666e-4,0.03734445540863526,0.03713439653744555,0.037551770362663946,0,0,0,1,1,1,2.654035854754433e-5,0,0,0
TUR.81.6_1,2030,7,aegypti,20.927297760458554,83.34483462842586,3.1167666052364846e-4,0.0738167456068166,0.0734719094396467,0.07419031951969018,1.768639679156081e-13,1.544292471677977e-13,2.0361767827381528e-13,0.9999999999998231,0.9999999999997964,0.9999999999998456,3.0161802593742237e-5,4.807265696626928e-17,0,1.1102230246251565e-16
TUR.81.6_1,2030,8,aegypti,22.426193854388067,86.89021887065753,3.700963878815408e-4,0.1348975432199161,0.1343561307463886,0.13547261156803586,3.576950854120686e-6,3.2045297795241233e-6,4.00443692802066e-6,0.9999964230491459,0.999995995563072,0.9999967954702205,3.581513809503001e-5,1.3238165904594368e-9,1.1859849380346788e-9,1.4820276256211073e-9
TUR.81.6_1,2030,9,aegypti,19.280459628385657,75.70088309072575,2.949846929912881e-4,0.028896712487350065,0.02871927036507527,0.029087174679924895,0,0,0,1,1,1,2.94980342235851e-5,0,0,0
TUR.81.6_1,2030,10,aegypti,14.529439926147461,83.80756615979926,2.906951039485051e-4,0,0,0,0,0,0,1,1,1,2.8131388558172432e-5,0,0,0
TUR.81.6_1,2030,11,aegypti,7.192346790257622,80.28568669442686,1.686175788318052e-4,0,0,0,0,0,0,1,1,1,1.6861615724561574e-5,0,0,0
TUR.81.6_1,2030,12,aegypti,7.208639463957618,82.74212224088652,1.3869060607119214e-4,0,0,0,0,0,0,1,1,1,1.3421581485095757e-5,0,0,0
TUR.81.6_1,2031,1,aegypti,6.874323648564955,81.29981743463867,1.576216394120638e-4,0,0,0,0,0,0,1,1,1,1.5253590702646314e-5,0,0,0
TUR.81.6_1,2031,2,aegypti,4.811419784146198,78.87595591715734,1.1790575631998711e-4,0,0,0,0,0,0,1,1,1,1.263267981277405e-5,0,0,0
TUR.81.6_1,2031,3,aegypti,7.417070055709166,75.53498370265272,1.44739147375861e-4,0,0,0,0,0,0,1,1,1,1.4006916164377436e-5,0,0,0
TUR.81.6_1,2031,4,aegypti,12.36561874782338,70.12174189000231,1.913909010906121e-4,0,0,0,0,0,0,1,1,1,1.9138906957816282e-5,0,0,0
TUR.81.6_1,2031,5,aegypti,15.128016556010527,74.799851360764,2.675138727702065e-4,6.65731002699192e-5,6.555861068127103e-5,6.760171725203464e-5,0,0,0,1,1,1,2.588810419756893e-5,0,0,0
TUR.81.6_1,2031,6,aegypti,20.598646191989676,67.92822936194213,3.0089180343442426e-4,0.050030294603906976,0.049741977050586444,0.050321497641970345,0,0,0,1,1,1,3.0088727668631243e-5,0,0,0
TUR.81.6_1,2031,7,aegypti,21.21868913313922,84.63455325635555,3.53347554856534e-4,0.08483462876928954,0.08446551795991032,0.08520683355947556,9.118005794839235e-12,8.044756527603169e-12,1.029848151201662e-11,0.999999999990882,0.9999999999897016,0.9999999999919553,3.4194340023718794e-5,3.2223113066720544e-15,2.886579864025407e-15,3.6637359812630166e-15
TUR.81.6_1,2031,8,aegypti,22.97057404237635,74.60436071636066,4.195779481834362e-4,0.12857811653946252,0.12798817492447362,0.12917140772654628,9.763470782948591e-7,8.598647755930778e-7,1.1044219036832059e-6,0.9999990236529217,0.9999988955780963,0.9999991401352244,4.0603493221991194e-5,4.0965370362577857e-10,3.607803417127187e-10,4.6339108938919793e-10
TUR.81.6_1,2031,9,aegypti,18.948235736173743,83.42791098379216,3.344238860024246e-4,0.02650755264052507,0.026349564959280498,0.026658781674729425,0,0,0,1,1,1,3.344182940978602e-5,0,0,0
TUR.81.6_1,2031,10,aegypti,15.728092193603516,80.67997979505317,3.2956078269189703e-4,5.746539133622795e-4,5.675941845488312e-4,5.813260448042734e-4,0,0,0,1,1,1,3.189247039458998e-5,0,0,0
TUR.81.6_1,2031,11,aegypti,10.346631744328667,78.75719090585264,1.9116160024926392e-4,0,0,0,0,0,0,1,1,1,1.9115977312300636e-5,0,0,0
TUR.81.6_1,2031,12,aegypti,8.077004751738379,74.27064091764433,1.5723341765306223e-4,0,0,0,0,0,0,1,1,1,1.5216021427399973e-5,0,0,0
TUR.81.6_1,2032,1,aegypti,3.217389148824355,85.19237267145508,1.5200792656818195e-4,0,0,0,0,0,0,1,1,1,1.471033630850993e-5,0,0,0
TUR.81.6_1,2032,2,aegypti,6.808957873898395,78.04482493571203,1.1776747669964955e-4,0,0,0,0,0,0,1,1,1,1.2182768206692174e-5,0,0,0
TUR.81.6_1,2032,3,aegypti,6.669383669600768,79.71291644191054,1.3958424596976512e-4,0,0,0,0,0,0,1,1,1,1.3508061601053e-5,0,0,0
TUR.81.6_1,2032,4,aegypti,11.733730358235977,76.0523067703734,1.8457449210221362e-4,0,0,0,0,0,0,1,1,1,1.845727887250792e-5,0,0,0
TUR.81.6_1,2032,5,aegypti,16.793377006755158,80.42372221037337,2.5798633537693817e-4,0.0036471500296396267,0.0036129745756266433,0.0036806377043261903,0,0,0,1,1,1,2.496610789415321e-5,0,0,0
TUR.81.6_1,2032,6,aegypti,19.429218320285575,79.65252593176635,2.901755071957916e-4,0.03350485642952007,0.03332119621600429,0.033698436206986676,0,0,0,1,1,1,2.901712971448145e-5,0,0,0
TUR.81.6_1,2032,7,aegypti,22.00510804793414,73.73925906690242,3.407630409886966e-4,0.09442206133618547,0.09395228981255888,0.0948912013025738,1.8656536326933094e-10,1.6177640338455035e-10,2.1393975757622032e-10,0.9999999998134347,0.9999999997860602,0.9999999998382236,3.297652474520962e-5,6.357503412601773e-14,5.517530876630872e-14,7.294165271787278e-14
TUR.81.6_1,2032,8,aegypti,22.14212479310877,76.16834081889972,4.0463463122827274e-4,0.10293858209111108,0.10242244700402067,0.10341012617353243,2.098443144138429e-9,1.819321091001136e-9,2.37881524478567e-9,0.9999999979015568,0.9999999976211847,0.9999999981806789,3.915742344695605e-5,8.491010117239739e-13,7.361472542655179e-13,9.62599444598311e-13
TUR.81.6_1,2032,9,aegypti,16.888712153715247,83.86129111074528,3.225133407806179e-4,0.004341531277902859,0.004306250734558215,0.004378685031147167,0,0,0,1,1,1,3.2250814009371354e-5,0,0,0
TUR.81.6_1,2032,10,aegypti,15.537192344665527,77.68656396253364,3.178234374546689e-4,3.291715375177249e-4,3.248817099000977e-4,3.3345751397140553e-4,0,0,0,1,1,1,3.075663385554428e-5,0,0,0
TUR.81.6_1,2032,11,aegypti,9.275550582829643,78.08402653817686,1.843533578367429e-4,0,0,0,0,0,0,1,1,1,1.8435165853869506e-5,0,0,0
TUR.81.6_1,2032,12,aegypti,5.770396074827979,77.6978793819998,1.5163353137184591e-4,0,0,0,0,0,0,1,1,1,1.467410504762956e-5,0,0,0
TUR.81.6_1,2033,1,aegypti,4.492941183202406,83.56030785211914,1.4928489490291503e-4,0,0,0,0,0,0,1,1,1,1.4446820956859341e-5,0,0,0
TUR.81.6_1,2033,2,aegypti,6.75454503210152,74.98641429118078,1.11669619135625e-4,0,0,0,0,0,0,1,1,1,1.1964530474695145e-5,0,0,0
TUR.81.6_1,2033,3,aegypti,6.996017599807066,80.94370562648085,1.3708376898590477e-4,0,0,0,0,0,0,1,1,1,1.3266083196961098e-5,0,0,0
TUR.81.6_1,2033,4,aegypti,12.564992946736954,75.39828455357653,1.812680711941602e-4,0,0,0,0,0,0,1,1,1,1.8126642829852102e-5,0,0,0
TUR.81.6_1,2033,5,aegypti,15.533372009501738,77.54526609465071,2.533648332204538e-4,3.2468770974901774e-4,3.205164595123373e-4,3.288456228599789e-4,0,0,0,1,1,1,2.451887681587106e-5,0,0,0
TUR.81.6_1,2033,6,aegypti,19.289522199069754,71.48744872229369,2.849773763323684e-4,0.027197213524279302,0.027025606772805886,0.027364782602881083,0,0,0,1,1,1,2.8497331576615714e-5,0,0,0
TUR.81.6_1,2033,7,aegypti,24.875682999106015,64.08662158521297,3.3465869780137825e-4,0.16226106965297113,0.16142845627228677,0.16309260827722302,4.4032552321946237e-4,3.8680524576402143e-4,4.986127811241664e-4,0.9995596744767805,0.9995013872188758,0.9996131947542359,3.23858011622713e-5,1.47358755304694e-7,1.2944773147838262e-7,1.6686509013152938e-7
TUR.81.6_1,2033,8,aegypti,24.233137747820685,67.77884496929035,3.973861084796648e-4,0.15408771375706445,0.15330152640386982,0.1548771713563569,1.194937146125552e-4,1.0456823331717602e-4,1.3593580782922388e-4,0.9998805062853875,0.9998640641921708,0.9998954317666828,3.8455980725271566e-5,4.748514110508584e-8,4.155396243210597e-8,5.4019000217397917e-8
TUR.81.6_1,2033,9,aegypti,18.642724261564368,73.3600017430695,3.167359181208678e-4,0.01850647725873631,0.01837689600189134,0.018630036075568835,0,0,0,1,1,1,3.1673090209127785e-05,0,0,0
TUR.81.6_1,2033,10,aegypti,12.657676696777344,75.40811395032661,3.1213002854046435e-4,0,0,0,0,0,0,1,1,1,3.0205675593641956e-5,0,0,0
TUR.81.6_1,2033,11,aegypti,11.27254746240728,78.27841588143858,1.8105089827215852e-4,0,0,0,0,0,0,1,1,1,1.8104925931017313e-5,0,0,0
TUR.81.6_1,2033,12,aegypti,7.65412648635752,80.0002246578787,1.4891720652771633e-4,0,0,0,0,0,0,1,1,1,1.4411238724254538e-5,0,0,0
TUR.81.6_1,2034,1,aegypti,6.332625192754408,78.68487297663086,1.5168690702873093e-4,0,0,0,0,0,0,1,1,1,1.4679270358031182e-5,0,0,0
TUR.81.6_1,2034,2,aegypti,5.159328757840045,79.31473765543859,1.1346639689685435e-4,0,0,0,0,0,0,1,1,1,1.2157040055860158e-5,0,0,0
TUR.81.6_1,2034,3,aegypti,8.3168655879357285,80.74851519679335,1.3928946351093242e-4,0,0,0,0,0,0,1,1,1,1.3479534651361647e-5,0,0,0
TUR.81.6_1,2034,4,aegypti,9.17571167384877,82.02786219029528,1.8418469651860977e-4,0,0,0,0,0,0,1,1,1,1.8418300032907453e-5,0,0,0
TUR.81.6_1,2034,5,aegypti,16.488356674418732,83.940537395920245,2.5744150421953e-4,0.002528537240292014,0.002502738203045569,0.002553549912051093,0,0,0,1,1,1,2.4913383613212048e-5,0,0,0
TUR.81.6_1,2034,6,aegypti,20.873676328098075,82.67778685705932,2.895626969971197e-4,0.0714271906184718,0.07107963381899024,0.0717472850341472,6.938438712467131e-14,6.028233467958444e-14,7.860379014346108e-14,0.9999999999999306,0.9999999999999214,0.9999999999999397,2.8955850471024114e-5,0,0,0
TUR.81.6_1,2034,7,aegypti,22.858503509970273,81.63942843946101,3.400433969744021e-4,0.14073228994935033,0.14014090268114862,0.1413340287304172,1.1118641920391136e-5,9.922538506310084e-6,1.2435258930160176e-5,0.9999888813580796,0.9999875647410698,0.9999900774614936,3.290688407031617e-5,3.780820760357351e-9,3.374093685004631e-9,4.228527730743003e-9
TUR.81.6_1,2034,8,aegypti,22.180342337664435,82.90626348735675,4.0378009932394757e-4,0.116657847211439,0.11617631063592548,0.11715305287114655,6.779535409329184e-8,6.037773054856644e-8,7.607315340441012e-8,0.9999999322046459,0.9999999239268466,0.9999999396222694,3.90747300458294e-5,2.7374414623970722e-11,2.4379287477671597e-11,3.071687626476915e-11
TUR.81.6_1,2034,9,aegypti,19.32418368844425,74.51117056631169,3.218322375877672e-4,0.02911143774534626,0.02894308405160122,0.029294415848891597,0,0,0,1,1,1,3.218270588434269e-5,0,0,0
TUR.81.6_1,2034,10,aegypti,14.579562187194824,81.47750329358833,3.171522386835136e-4,0,0,0,0,0,0,1,1,1,3.069168113134513e-5,0,0,0
TUR.81.6_1,2034,11,aegypti,7.957935550633598,85.71432133798154,1.839640292578648e-4,0,0,0,0,0,0,1,1,1,1.8396233713025012e-5,0,0,0
TUR.81.6_1,2034,12,aegypti,8.601520857390234,76.80936009489042,1.5131330250283044e-4,0,0,0,0,0,0,1,1,1,1.46431156113902e-5,0,0,0
TUR.81.6_1,2035,1,aegypti,6.039031786077162,81.9214070952832,1.344082288642246e-4,0,0,0,0,0,0,1,1,1,1.3007163360723162e-5,0,0,0
TUR.81.6_1,2035,2,aegypti,1.9796329131897763,86.16121897868078,1.005414227321722e-4,0,0,0,0,0,0,1,1,1,1.077223727175003e-5,0,0,0
TUR.81.6_1,2035,3,aegypti,4.867091322646422,81.71989733790663,1.2342297998341022e-4,0,0,0,0,0,0,1,1,1,1.1944088022075583e-5,0,0,0
TUR.81.6_1,2035,4,aegypti,12.429436725728653,80.25154077916247,1.632041903146726e-4,0,0,0,0,0,0,1,1,1,1.6320285854187766e-5,0,0,0
TUR.81.6_1,2035,5,aegypti,13.010276878581328,85.73626798674056,2.281163041430783e-4,0,0,0,0,0,0,1,1,1,2.2075527700615716e-5,0,0,0
TUR.81.6_1,2035,6,aegypti,17.426771191989676,77.78399565832885,2.5657856706880596e-4,0.007190523579465481,0.007133272685154226,0.007251691086460723,0,0,0,1,1,1,2.565752754690731e-5,0,0,0
TUR.81.6_1,2035,7,aegypti,21.449594665976132,82.6410840180743,3.0130900299553816e-4,0.08982252847856245,0.08939120581624405,0.09024629387034276,4.5742587828634385e-11,3.985094476632867e-11,5.2116047588590675e-11,0.9999999999542574,0.9999999999478839,0.9999999999601491,2.9158510656102088e-5,1.3783085783813932e-14,1.199040866595169e-14,1.5656920204776268e-14
TUR.81.6_1,2035,8,aegypti,22.646448752459357,72.95611013652668,3.5778544809060526e-4,0.11392007382018476,0.11334585758751961,0.11447744476656474,3.519442168442577e-8,3.052484182086701e-8,4.018451264797829e-8,0.9999999648055783,0.9999999598154873,0.9999999694751581,3.462379878471644e-5,1.2592052178739267e-11,1.0921316628831335e-11,1.437741037335627e-11
TUR.81.6_1,2035,9,aegypti,16.615444407743567,85.44566458486638,2.851722794861184e-4,0.0031102033400484527,0.003083375708628377,0.0031401844679727993,0,0,0,1,1,1,2.8516821336310727e-5,0,0,0
TUR.81.6_1,2035,10,aegypti,13.94607925415039,85.44789361341255,2.8102537995385957e-4,0,0,0,0,0,0,1,1,1,2.7195634703658378e-5,0,0,0
TUR.81.6_1,2035,11,aegypti,10.138849952641655,81.47848149423154,1.630086592944545e-4,0,0,0,0,0,0,1,1,1,1.6300733071017426e-5,0,0,0
TUR.81.6_1,2035,12,aegypti,6.413015207823585,81.0383105953787,1.3407718168549586e-4,0,0,0,0,0,0,1,1,1,1.2975126953196359e-5,0,0,0
TUR.81.6_1,2036,1,aegypti,6.35323600208058,75.19862114557617,1.487414490921633e-4,0,0,0,0,0,0,1,1,1,1.4394230185232892e-5,0,0,0
TUR.81.6_1,2036,2,aegypti,5.398266612606891,81.03084788493078,1.1523678755249901e-4,0,0,0,0,0,0,1,1,1,1.1920975932833144e-5,0,0,0
TUR.81.6_1,2036,3,aegypti,3.6369687564232773,79.90046221827772,1.3658473926139112e-4,0,0,0,0,0,0,1,1,1,1.3217790637232163e-5,0,0,0
TUR.81.6_1,2036,4,aegypti,10.109076542012833,79.73680841832262,0.00018060819616810633,0,0,0,0,0,0,1,1,1,1.8060656521212692e-5,0,0,0
TUR.81.6_1,2036,5,aegypti,12.684213722453398,89.72381681486556,2.52442502416021e-4,0,0,0,0,0,0,1,1,1,2.4429621180543926e-5,0,0,0
TUR.81.6_1,2036,6,aegypti,19.83206751767327,76.49076750891479,2.8393996553854656e-4,0.039758052251503716,0.03952864060076904,0.03997151738798321,0,0,0,1,1,1,2.839359344819492e-5,0,0,0
TUR.81.6_1,2036,7,aegypti,23.694233108969296,64.89760333570125,3.3344043075922333e-4,0.12969298235941568,0.128969933362246,0.13036051823903838,1.2354976379910231e-6,1.0585441478305758e-6,1.4164233708313656e-6,0.999998764502362,0.9999985835766292,0.9999989414558521,3.22679081630195e-5,4.119648653322372e-10,3.529614600594755e-10,4.72292840947297e-10
TUR.81.6_1,2036,8,aegypti,25.701916358050177,62.215257780569644,3.959394931603811e-4,0.17782669720986746,0.1767876971002064,0.17881629133371246,0.003789336398430687,0.003324974745492995,0.0042685524484607825,0.9962106636015693,0.9957314475515392,0.996675025254507,3.831599106818295e-5,1.500346803044228e-6,1.3164879489324655e-6,1.6900870647651443e-6
TUR.81.6_1,2036,9,aegypti,20.964419589323157,72.19389456533513,3.1558289585475487e-4,0.06266238156600083,0.062316617657654304,0.06299860790205535,1.6626700016786345e-15,1.4432899320127035e-15,1.887379141862766e-15,0.9999999999999983,0.9999999999999981,0.9999999999999986,3.155779162788974e-5,0,0,0
TUR.81.6_1,2036,10,aegypti,14.617022514343262,84.4342598853852,3.1099377321784486e-4,0,0,0,0,0,0,1,1,1,3.0095718716482978e-5,0,0,0
TUR.81.6_1,2036,11,aegypti,10.562227943364311,77.2506372559503,1.80391813826523e-4,0,0,0,0,0,0,1,1,1,1.803901867758473e-5,0,0,0
TUR.81.6_1,2036,12,aegypti,6.4785312028492195,82.53176457487089,1.4837509922282813e-4,0,0,0,0,0,0,1,1,1,1.4358777481682239e-5,0,0,0
TUR.81.6_1,2037,1,aegypti,6.884425443761488,80.10732781061523,1.4734805998638476e-4,0,0,0,0,0,0,1,1,1,1.4259388010029461e-5,0,0,0
TUR.81.6_1,2037,2,aegypti,1.9446018329438046,76.30854258707922,1.1022080800441061e-4,0,0,0,0,0,0,1,1,1,1.1809302555843004e-5,0,0,0
TUR.81.6_1,2037,3,aegypti,5.452786589370055,76.18303973292616,1.3530523251418646e-4,0,0,0,0,0,0,1,1,1,1.3093969032706987e-5,0,0,0
TUR.81.6_1,2037,4,aegypti,11.344091457479141,75.08838617711169,1.7891628382967658e-4,0,0,0,0,0,0,1,1,1,1.7891468328756766e-5,0,0,0
TUR.81.6_1,2037,5,aegypti,15.40824421714334,78.0508050350804,2.500776563368087e-4,2.2197459969881402e-4,2.1866651333869413e-4,2.2512333666271342e-4,0,0,0,1,1,1,2.420077067311066e-5,0,0,0
TUR.81.6_1,2037,6,aegypti,20.254936246310965,73.5925283731726,2.8128005562714456e-4,0.04686878119261484,0.046604135657076454,0.04712538007938336,0,0,0,1,1,1,2.8127609974060164e-5,0,0,0
TUR.81.6_1,2037,7,aegypti,20.61213700911578,80.44980746778133,3.303168074082223e-4,0.06156828187569809,0.06124470503298569,0.06188308271976991,1.0056400157054668e-15,8.881784197001252e-16,1.1102230246251565e-15,0.999999999999999,0.9999999999999989,0.9999999999999991,3.1965631740682454e-5,0,0,0
TUR.81.6_1,2037,8,aegypti,23.78468193727381,74.0770017075716,3.922303873281843e-4,0.15685690543673303,0.1561618377051477,0.15756152697167372,1.8821390716039287e-4,1.678357473313824e-4,2.1050112573453016e-4,0.9998117860928396,0.9997894988742655,0.9998321642526686,3.795705903142377e-5,7.382321097071377e-8,6.583027804818453e-8,8.256493470304437e-8
TUR.81.6_1,2037,9,aegypti,17.474267230314368,80.34096640371403,3.126265593948244e-4,0.00784706789186949,0.007786415353285467,0.007906354644791197,0,0,0,1,1,1,3.126216726778708e-5,0,0,0
TUR.81.6_1,2037,10,aegypti,17.269570350646973,77.44765710218208,3.0808042701736376e-4,0.006077450895598606,0.0060249818861774045,0.006130068575676991,0,0,0,1,1,1,2.9813790432764442e-5,0,0,0
TUR.81.6_1,2037,11,aegypti,9.708784797612358,80.44501134042295,1.7870192852762585e-4,0,0,0,0,0,0,1,1,1,1.7870033181766054e-5,0,0,0
TUR.81.6_1,2037,12,aegypti,7.798245749052833,72.19347722135527,1.4698514203142148e-4,0,0,0,0,0,0,1,1,1,1.4224267417817238e-5,0,0,0
TUR.81.6_1,2038,1,aegypti,6.645913881414076,77.38029991754883,1.5288317424192967e-4,0,0,0,0,0,0,1,1,1,1.4795036446746401e-5,0,0,0
TUR.81.6_1,2038,2,aegypti,6.872490226345905,81.03983531168859,1.143612409744766e-4,0,0,0,0,0,0,1,1,1,1.2252915036814471e-5,0,0,0
TUR.81.6_1,2038,3,aegypti,7.834454203353209,78.79749590968397,1.4038795923219206e-4,0,0,0,0,0,0,1,1,1,1.3585839250263021e-5,0,0,0
TUR.81.6_1,2038,4,aegypti,11.618836444966934,77.47852289586169,1.8563725506788811e-4,0,0,0,0,0,0,1,1,1,1.8563553201955685e-5,0,0,0
TUR.81.6_1,2038,5,aegypti,17.2215672380784,64.307908001389,2.5947179699065267e-4,0.004668692728342884,0.0046247355491060346,0.004715357166449118,0,0,0,1,1,1,2.5109858644567495e-5,0,0,0
TUR.81.6_1,2038,6,aegypti,20.259986905490653,70.22316649573119,2.918463111030981e-4,0.044518179536439266,0.04425780336587743,0.044789118910329766,0,0,0,1,1,1,2.9184205243115713e-5,0,0,0
TUR.81.6_1,2038,7,aegypti,22.429788757773007,69.88448459180476,3.427251232672861e-4,0.10121387965669122,0.10066845993505874,0.10175996019081357,1.3090173440755137e-9,1.1222681284284164e-9,1.517468389833354e-9,0.9999999986909827,0.9999999984825316,0.9999999988777318,3.316639739581184e-5,4.486327975783411e-13,3.8457570461503113e-13,5.200756492129699e-13
TUR.81.6_1,2038,8,aegypti,24.648659369524786,64.44186224223957,4.0696448025454344e-4,0.1568489835627308,0.1560705607907335,0.15768842717223436,1.880529505517964e-4,1.6535586192988617e-4,2.1483335151504523e-4,0.9998119470494482,0.9997851666484849,0.9998346441380701,3.9382883853300577e-5,7.653086834014111e-8,6.729396010152211e-8,8.742953938878361e-8
TUR.81.6_1,2038,9,aegypti,17.159445987028235,79.59850424551091,3.2437034296230497e-4,0.005577347434236255,0.0055327495180935785,0.005624172514894853,0,0,0,1,1,1,3.2436508221267424e-5,0,0,0
TUR.81.6_1,2038,10,aegypti,13.586877822875977,84.42565392835395,3.196534356039426e-4,0,0,0,0,0,0,1,1,1,3.093372498796931e-5,0,0,0
TUR.81.6_1,2038,11,aegypti,9.555453994694878,84.81417485360654,1.85414847531636e-4,0,0,0,0,0,0,1,1,1,1.8541312860942405e-5,0,0,0
TUR.81.6_1,2038,12,aegypti,5.611038050230811,80.85131413541777,1.5250662331245488e-4,0,0,0,0,0,0,1,1,1,1.4758596572739258e-5,0,0,0
TUR.81.6_1,2039,1,aegypti,4.873983186833998,81.2242635405957,1.475126088346661e-4,0,0,0,0,0,0,1,1,1,1.4275311864930806e-5,0,0,0
TUR.81.6_1,2039,2,aegypti,2.780028640347369,84.5677436368839,1.1034389552260012e-4,0,0,0,0,0,0,1,1,1,1.1822490348367687e-5,0,0,0
TUR.81.6_1,2039,3,aegypti,6.875204706893248,85.48865801905897,1.3545633270633495e-4,0,0,0,0,0,0,1,1,1,1.3108591440325057e-5,0,0,0
TUR.81.6_1,2039,4,aegypti,10.203292888753555,72.90215265660387,1.791160860425165e-4,0,0,0,0,0,0,1,1,1,1.7911448192298174e-5,0,0,0
TUR.81.6_1,2039,5,aegypti,13.888115013346953,80.72415250822493,2.5035692699931306e-4,0,0,0,0,0,0,1,1,1,2.4227796211806485e-5,0,0,0
TUR.81.6_1,2039,6,aegypti,19.81507876340081,75.47173216955932,2.81594171124846e-4,0.03877840618543094,0.038548841116915256,0.039004252811874134,0,0,0,1,1,1,2.815902063979525e-5,0,0,0
TUR.81.6_1,2039,7,aegypti,23.558733154745664,67.47425967725398,3.306856840003676e-4,0.13171561752296865,0.13105912475965606,0.13240350491930722,1.8790686484944086e-6,1.6373026728466744e-6,2.1582968230432484e-6,0.9999981209313515,0.999997841703177,0.9999983626973271,3.200132833369729e-5,6.213811001298808e-10,5.414325265906683e-10,7.137179014460315e-10
TUR.81.6_1,2039,8,aegypti,22.39553513246424,82.10043157817707,3.926684050292777e-4,0.12334865349762061,0.12281371411878632,0.12389901244446697,3.1427996289357106e-7,2.7848356320137043e-7,3.54371003813414e-7,0.9999996857200371,0.9999996456289961,0.9999997215164368,3.799944623139595e-5,1.2340781296860114e-10,1.0935168048842314e-10,1.3915032182065799e-10
TUR.81.6_1,2039,9,aegypti,20.110100970548743,74.97680777334294,3.129756806543464e-4,0.04468030415078995,0.044418634468023105,0.04492772640359388,0,0,0,1,1,1,3.1297078301628645e-5,0,0,0
TUR.81.6_1,2039,10,aegypti,17.104342460632324,79.96438836438911,3.0842447144827393e-4,0.005272774566942747,0.005229330881232511,0.005319339417849926,0,0,0,1,1,1,2.9847084061951357e-5,0,0,0
TUR.81.6_1,2039,11,aegypti,10.36811516565435,77.06554814462217,1.789014913622339e-4,0,0,0,0,0,0,1,1,1,1.7889989108454962e-5,0,0,0
TUR.81.6_1,2039,12,aegypti,5.700170359190772,80.39342076383573,1.4714928559624328e-4,0,0,0,0,0,0,1,1,1,1.4240152052868993e-5,0,0,0
TUR.81.6_1,2040,1,aegypti,5.7724898282219375,85.58254753717773,1.5440461123515694e-4,0,0,0,0,0,0,1,1,1,1.4942270095574806e-5,0,0,0
TUR.81.6_1,2040,2,aegypti,5.611532508450397,77.27018962077062,1.1962429766975722e-4,0,0,0,0,0,0,1,1,1,1.2374850776097901e-5,0,0,0
TUR.81.6_1,2040,3,aegypti,6.115822458968443,77.60093981837538,1.41785048451713e-4,0,0,0,0,0,0,1,1,1,1.3721039586855888e-5,0,0,0
TUR.81.6_1,2040,4,aegypti,12.001182598226212,68.03667414097887,1.874846485994648e-4,0,0,0,0,0,0,1,1,1,1.874828910852777e-5,0,0,0
TUR.81.6_1,2040,5,aegypti,16.09930046866922,78.14572996183821,2.620539646660571e-4,0.0012068457157800706,0.0011930630473754363,0.00122085207885693,0,0,0,1,1,1,2.5359739533103998e-5,0,0,0
TUR.81.6_1,2040,6,aegypti,18.270093945895926,79.58370879309447,2.9475065800883756e-4,0.015518201798426374,0.015414194142597005,0.01563330850487075,0,0,0,1,1,1,2.947463141544926e-5,0,0,0
TUR.81.6_1,2040,7,aegypti,22.801458527060117,73.85492068799617,3.4613579735639203e-4,0.12100712290423936,0.12037327108239727,0.12157260071607931,1.8588037362510245e-7,1.6052065592020437e-7,2.1076747823145502e-7,0.9999998141196264,0.9999997892325218,0.999999839479344,3.349645162875614e-5,6.433984978126971e-11,5.5561971690210044e-11,7.295421211583886e-11
TUR.81.6_1,2040,8,aegypti,23.575430533465216,70.57134069682941,4.1101444074404095e-4,0.13997657626355328,0.1393222222133684,0.14064916376974815,9.637034225749352e-6,8.486520610234692e-6,1.0927372447092075e-5,0.9999903629657743,0.999989072627553,0.9999915134793897,3.9774800001390886e-5,3.960960224924648e-9,3.4880824756333695e-9,4.4913078700581364e-9
TUR.81.6_1,2040,9,aegypti,18.842784152311438,71.5304118993195,3.2759835704387885e-4,0.020595363610266062,0.020460217104806,0.020737043426291516,0,0,0,1,1,1,3.275929910684372e-5,0,0,0
TUR.81.6_1,2040,10,aegypti,17.198573112487793,73.21507500989692,3.228345087622644e-4,0.00526247627652372,0.005213168581236473,0.005307818838889459,0,0,0,1,1,1,3.1241561207373536e-5,0,0,0
TUR.81.6_1,2040,11,aegypti,10.378699043217827,72.64688511971983,1.8726002774539728e-4,0,0,0,0,0,0,1,1,1,1.872582744399942e-5,0,0,0
TUR.81.6_1,2040,12,aegypti,5.521301111754249,85.22236973844511,1.5402431300963877e-4,0,0,0,0,0,0,1,1,1,1.4905467590753396e-5,0,0,0
TUR.81.6_1,2041,1,aegypti,4.770283502690932,73.97002922663086,1.5074357405156714e-4,0,0,0,0,0,0,1,1,1,1.4587981405855821e-5,0,0,0
TUR.81.6_1,2041,2,aegypti,0.3433111301239804,73.63187632731359,1.1276075528223242e-4,0,0,0,0,0,0,1,1,1,1.208143651343363e-5,0,0,0
TUR.81.6_1,2041,3,aegypti,6.114587450728697,79.60234362696913,1.3842322958952728e-4,0,0,0,0,0,0,1,1,1,1.3395706688568154e-5,0,0,0
TUR.81.6_1,2041,4,aegypti,11.77609066402211,74.89729273228747,1.8303926148062062e-4,0,0,0,0,0,0,1,1,1,1.83037586322099e-5,0,0,0
TUR.81.6_1,2041,5,aegypti,16.633832061991974,70.38690275236556,2.5584048890859787e-4,0.0025011932534544164,0.0024750380878740303,0.0025264181551595205,0,0,0,1,1,1,2.4758450495654394e-5,0,0,0
TUR.81.6_1,2041,6,aegypti,20.539707211887137,73.02548125403197,2.8776192166070824e-4,0.052956113649738255,0.05265793040672022,0.05325453377176683,0,0,0,1,1,1,2.8775778135425867e-5,0,0,0
TUR.81.6_1,2041,7,aegypti,21.717453171225156,84.53655368360164,3.3792868479313255e-4,0.10221178491279502,0.10174937844372671,0.102641884777396,1.720885070666256e-9,1.5130616398684181e-9,1.9314627924815754e-9,0.9999999982791149,0.9999999980685372,0.9999999984869383,3.270224121776355e-5,5.815354864324718e-13,5.112577028398846e-13,6.526695850439523e-13
TUR.81.6_1,2041,8,aegypti,23.468739172991583,77.84113134624347,4.0126901190924664e-4,0.15536923123625004,0.15465677834004746,0.15604941945997267,1.4765079826967208e-4,1.3107094877195526e-4,1.6478638869924512e-4,0.9998523492017303,0.9998352136113008,0.999868929051228,3.8831731052235696e-5,5.9247688168673207e-8,5.259470875762506e-8,6.612366918457013e-8
TUR.81.6_1,2041,9,aegypti,19.82701228646671,75.93248862051091,3.1983077965855083e-4,0.039304127795214173,0.03905808704435211,0.039533954914070725,0,0,0,1,1,1,3.1982566512711585e-5,0,0,0
TUR.81.6_1,2041,10,aegypti,18.145405769348145,75.67676019056098,3.151798854238166e-4,0.013244636428617416,0.01314343542621517,0.01334327495037603,0,0,0,1,1,1,3.0500814075296034e-5,0,0,0
TUR.81.6_1,2041,11,aegypti,10.932977416936088,81.16313573007139,1.8281996653808107e-4,0,0,0,0,0,0,1,1,1,1.8281829539112948e-5,0,0,0
TUR.81.6_1,2041,12,aegypti,6.473402342375587,74.84057194791777,1.5037229295276132e-4,0,0,0,0,0,0,1,1,1,1.4552051500360541e-5,0,0,0
TUR.81.6_1,2042,1,aegypti,8.315273565404555,77.2604955352246,1.6017927648667572e-4,0,0,0,0,0,0,1,1,1,1.5501100161907644e-5,0,0,0
TUR.81.6_1,2042,2,aegypti,8.727796374874957,77.51396403483312,1.1981894625253057e-4,0,0,0,0,0,0,1,1,1,1.2837661837905578e-5,0,0,0
TUR.81.6_1,2042,3,aegypti,5.781677389846129,81.26483447169569,1.4708774754812823e-4,0,0,0,0,0,0,1,1,1,1.4234196842655145e-5,0,0,0
TUR.81.6_1,2042,4,aegypti,7.036164325826309,83.56029474644762,1.9449649284945065e-4,0,0,0,0,0,0,1,1,1,1.9449460141762742e-5,0,0,0
TUR.81.6_1,2042,5,aegypti,15.360856140361113,83.1876687435765,2.7185466887867356e-4,2.069115287640326e-4,2.0401548456869313e-4,2.0979120893909096e-4,0,0,0,1,1,1,2.630817027715615e-5,0,0,0
TUR.81.6_1,2042,6,aegypti,19.338315991794364,80.3532705606726,3.0577420432037657e-4,0.032131262899708475,0.03193349743210797,0.03231455253797294,0,0,0,1,1,1,3.0576952947503067e-5,0,0,0
TUR.81.6_1,2042,7,aegypti,23.234398056479062,74.00132876905086,3.5908112551279354e-4,0.13662680155431894,0.13601348792917867,0.13727543858171795,5.03993587844731e-6,4.457281293498983e-6,5.711307578615265e-6,0.9999949600641216,0.9999942886924214,0.9999955427187065,3.474918257306836e-5,1.8097458441834746e-9,1.6005256037177063e-9,2.05082272830559e-9
TUR.81.6_1,2042,8,aegypti,24.512896201189825,81.57889379741535,4.263862019230012e-4,0.21147189097932362,0.21057659007534774,0.212330539914246,0.06678303910791272,0.06382925332526196,0.06964449567171685,0.9332169608920873,0.9303555043282832,0.9361707466747381,4.126232951795483e-5,2.8474960778001268e-5,2.721554254728753e-5,2.969501108873729e-5
TUR.81.6_1,2042,9,aegypti,21.426116214079016,72.28220480703435,3.398503930015018e-4,0.07513831106396412,0.07473743011280087,0.07554420224950445,2.9294300318838396e-13,2.5089930133503914e-13,3.403999304651961e-13,0.999999999999707,0.9999999999996596,0.9999999999997491,3.398446181523962e-5,1.1102230246251565e-16,1.1102230246251565e-16,1.1102230246251565e-16
TUR.81.6_1,2042,10,aegypti,13.989418983459473,79.33898400647895,3.349083788677454e-4,0,0,0,0,0,0,1,1,1,3.240996306330679e-5,0,0,0
TUR.81.6_1,2042,11,aegypti,13.15145085138433,69.13595219735654,1.9426347127321316e-4,0,0,0,0,0,0,1,1,1,1.942615843708584e-5,0,0,0
TUR.81.6_1,2042,12,aegypti,7.082218489226173,81.5217090328787,1.5978475527305802e-4,0,0,0,0,0,0,1,1,1,1.5462921280628983e-5,0,0,0
TUR.81.6_1,2043,1,aegypti,6.454632085912367,83.14927422174804,1.5728059145298716e-4,0,0,0,0,0,0,1,1,1,1.5220586564335115e-5,0,0,0
TUR.81.6_1,2043,2,aegypti,4.627739249783405,80.83160624674719,1.1765064212560167e-4,0,0,0,0,0,0,1,1,1,1.2605346493943514e-5,0,0,0
TUR.81.6_1,2043,3,aegypti,9.061256075606627,76.30935198878554,1.4442597342972544e-4,0,0,0,0,0,0,1,1,1,1.3976609432364562e-5,0,0,0
TUR.81.6_1,2043,4,aegypti,12.077045482747696,77.2686153641234,1.9097678614772565e-4,0,0,0,0,0,0,1,1,1,1.9097496255282564e-5,0,0,0
TUR.81.6_1,2043,5,aegypti,16.483496750102326,77.13263792082259,2.6693504957896647e-4,0.002248816113877815,0.002226388017388072,0.0022706626308480983,0,0,0,1,1,1,2.5832090498556504e-5,0,0,0
TUR.81.6_1,2043,6,aegypti,22.083917645847098,74.45780852453979,3.002407599873e-4,0.09811219854777758,0.0976265851080975,0.09859113171713575,5.473246101894703e-10,4.750749932336262e-10,6.258551538129708e-10,0.9999999994526754,0.9999999993741449,0.999999999524925,3.0023625280706234e-5,1.6433054916831223e-13,1.4266365866433262e-13,1.8786083799682273e-13
TUR.81.6_1,2043,7,aegypti,22.860050369711484,74.4414990571368,3.525830122285164e-4,0.12431287573005093,0.12365258309491899,0.1248800864843079,3.8906178287456684e-7,3.3557324549959856e-7,4.397016167001499e-7,0.9999996109382171,0.9999995602983833,0.9999996644267545,3.412035455474527e-5,1.3717657665335282e-10,1.1831746415946754e-10,1.5503135719630026e-10
TUR.81.6_1,2043,8,aegypti,21.596573493059942,78.2829343247591,4.1867010200549205e-4,0.08833765744273456,0.08792187309319784,0.08876068224145153,2.8589817069324397e-11,2.4970722711792347e-11,3.2640548597306916e-11,0.9999999999714102,0.9999999999673594,0.9999999999750293,4.0515640703620015e-5,1.1970424651508437e-14,1.0436096431476471e-14,1.3655743202889425e-14
TUR.81.6_1,2043,9,aegypti,20.52502368478214,77.08248251699528,3.3370028875896843e-4,0.056151000163179955,0.05583950283216831,0.05643042891837815,1.1102230246251565e-16,1.1102230246251565e-16,1.1102230246251565e-16,0.9999999999999999,0.9999999999999999,0.9999999999999999,3.3369472102640074e-5,0,0,0
TUR.81.6_1,2043,10,aegypti,14.800652503967285,82.84609460218208,3.288477078073316e-4,4.884830234912673e-6,4.8051661310420275e-6,4.964759085981038e-6,0,0,0,1,1,1,3.182346534602587e-5,0,0,0
TUR.81.6_1,2043,11,aegypti,9.453192451420952,81.18029423837217,1.9074798144754342e-4,0,0,0,0,0,0,1,1,1,1.9074616221970153e-5,0,0,0
TUR.81.6_1,2043,12,aegypti,5.080451330717872,83.67531926237089,1.5689320969437554e-4,0,0,0,0,0,0,1,1,1,1.5183098576954102e-5,0,0,0
TUR.81.6_1,2044,1,aegypti,7.273096365087172,85.66535698541992,1.6041656004543036e-4,0,0,0,0,0,0,1,1,1,1.5524062730642996e-5,0,0,0
TUR.81.6_1,2044,2,aegypti,7.409116565304645,77.39528880289953,1.242820287329843e-4,0,0,0,0,0,0,1,1,1,1.2856678945238897e-5,0,0,0
TUR.81.6_1,2044,3,aegypti,8.516031885848326,80.8224058828285,1.473056378080479e-4,0,0,0,0,0,0,1,1,1,1.4255282696495897e-5,0,0,0
TUR.81.6_1,2044,4,aegypti,11.653207821004532,77.18159449009997,1.9478461264247805e-4,0,0,0,0,0,0,1,1,1,1.947827156023596e-5,0,0,0
TUR.81.6_1,2044,5,aegypti,15.447305763469023,77.78633207365462,2.72257384165635e-4,2.509453675118548e-4,2.4739182938564774e-4,2.542908264568684e-4,0,0,0,1,1,1,2.6347141698135346e-5,0,0,0
TUR.81.6_1,2044,6,aegypti,20.698818234836356,81.80546477453979,3.0622716673204376e-4,0.06534588510580708,0.06501350757603508,0.06567677063035798,5.503153488461976e-15,4.773959005888173e-15,6.328271240363392e-15,0.9999999999999944,0.9999999999999937,0.9999999999999952,3.062224780259193e-5,0,0,0
TUR.81.6_1,2044,7,aegypti,23.662820984335507,75.69158298047664,3.5961305479361035e-4,0.15686430381592356,0.15613984489820212,0.1575998052714268,1.8843129503889932e-4,1.67235065973656e-4,2.117992248259537e-4,0.9998115687049611,0.999788200775174,0.9998327649340263,3.480065781014119e-5,6.776235132655018e-8,6.013991110387362e-8,7.61657633602253e-8
TUR.81.6_1,2044,8,aegypti,22.448214194353888,76.00272955180988,4.270178344138908e-4,0.11310319362953114,0.11257697604658726,0.11362214466308361,2.8825868613524543e-8,2.5279225873697796e-8,3.265344954705984e-8,0.9999999711741314,0.9999999673465505,0.9999999747207742,4.13234527187889e-5,1.230915902539209e-11,1.079466793729722e-11,1.3943651788750344e-11
TUR.81.6_1,2044,9,aegypti,18.607741580289954,79.86077994131169,3.403538345980948e-4,0.019974064148686813,0.019845712724940262,0.020095359471071994,0,0,0,1,1,1,3.403480426267258e-5,0,0,0
TUR.81.6_1,2044,10,aegypti,13.31649112701416,86.27853631360786,3.354044995503801e-4,0,0,0,0,0,0,1,1,1,3.245797318507382e-5,0,0,0
TUR.81.6_1,2044,11,aegypti,10.031990745488335,83.05173131112608,1.9455124587683723e-4,0,0,0,0,0,0,1,1,1,1.9454935337948065e-5,0,0,0
TUR.81.6_1,2044,12,aegypti,6.682999929961036,79.96200139127714,1.600214544029176e-4,0,0,0,0,0,0,1,1,1,1.548582729360426e-5,0,0,0
TUR.81.6_1,2045,1,aegypti,7.079225820653578,85.00897728571289,1.5285426327693168e-4,0,0,0,0,0,0,1,1,1,1.4792238652860945e-5,0,0,0
TUR.81.6_1,2045,2,aegypti,4.5363810649689515,78.6452582853214,1.143396146977373e-4,0,0,0,0,0,0,1,1,1,1.2250597964169607e-5,0,0,0
TUR.81.6_1,2045,3,aegypti,6.994425917372984,81.48786456202772,1.4036141117420187e-4,0,0,0,0,0,0,1,1,1,1.3583270118244783e-5,0,0,0
TUR.81.6_1,2045,4,aegypti,12.00589088832631,81.19159662633044,1.8560215014407812e-4,0,0,0,0,0,0,1,1,1,1.856004277467349e-5,0,0,0
TUR.81.6_1,2045,5,aegypti,16.475376213298127,77.1963128475804,2.5942272958949514e-4,0.0022235967213196303,0.0022005671338649812,0.0022467008905971845,0,0,0,1,1,1,2.5105110305623235e-5,0,0,0
TUR.81.6_1,2045,6,aegypti,19.685043363010184,77.07488921301635,2.9179112152107295e-4,0.03711054569436895,0.036889039075101465,0.0373199003088921,0,0,0,1,1,1,2.91786864459187e-5,0,0,0
TUR.81.6_1,2045,7,aegypti,24.725181747885312,64.64741641553523,3.426603122500381e-4,0.15971981710632466,0.1588778401259473,0.16053588777566985,2.9716264564913063e-4,2.596857193044061e-4,3.368907773508539e-4,0.9997028373543508,0.9996631092226491,0.9997403142806955,3.316012556986436e-5,1.0182583974038816e-7,8.898398572154687e-8,1.1543909234634774e-7
TUR.81.6_1,2045,8,aegypti,23.579121253069708,67.47057165386066,4.06887521256914e-4,0.13234970707634303,0.13168258776716674,0.1330244085703938,2.1397958255666704e-6,1.8618955993449094e-6,2.4492189836550213e-6,0.9999978602041745,0.9999975507810163,0.9999981381044006,3.93754365016763e-5,8.706562180105237e-10,7.575821359129264e-10,9.965566094560784e-10
TUR.81.6_1,2045,9,aegypti,19.943700061124915,67.3964015843781,3.243090029248661e-4,0.03643013064152348,0.03619742463374587,0.036669476765013226,0,0,0,1,1,1,3.243037441647001e-5,0,0,0
TUR.81.6_1,2045,10,aegypti,15.32263469696045,73.6398262916352,3.195929875570332e-4,1.514442296160419e-4,1.4927652093698376e-4,1.537357877887713e-4,0,0,0,1,1,1,3.0927875357966705e-5,0,0,0
TUR.81.6_1,2045,11,aegypti,10.881262519780327,76.8244669068292,1.85379784666192e-4,0,0,0,0,0,0,1,1,1,1.8537806639407073e-5,0,0,0
TUR.81.6_1,2045,12,aegypti,7.697236380156348,82.5949741085623,1.5247778355510154e-4,0,0,0,0,0,0,1,1,1,1.4755805669564026e-5,0,0,0
TUR.81.6_1,2046,1,aegypti,5.37844352161183,84.20978294977539,1.5858072116577373e-4,0,0,0,0,0,0,1,1,1,1.5346403645866147e-5,0,0,0
TUR.81.6_1,2046,2,aegypti,5.426275550442584,78.48649058512609,1.1862317849606438e-4,0,0,0,0,0,0,1,1,1,1.2709545500477759e-5,0,0,0
TUR.81.6_1,2046,3,aegypti,8.076223994002623,75.63912493800429,1.4561984291876684e-4,0,0,0,0,0,0,1,1,1,1.4092143567956406e-5,0,0,0
TUR.81.6_1,2046,4,aegypti,12.276696247213028,77.6509395828734,1.9255545896316558e-4,0,0,0,0,0,0,1,1,1,1.9255360509506936e-5,0,0,0
TUR.81.6_1,2046,5,aegypti,16.256084526286408,80.87771696134993,2.691416167474624e-4,0.0016662446622205118,0.0016490204750488997,0.00168325863136936,0,0,0,1,1,1,2.6045623717885213e-5,0,0,0
TUR.81.6_1,2046,6,aegypti,20.631795911227957,73.0154791178015,3.027226423953134e-4,0.05515375883521637,0.05484942203126233,0.05545432619508269,0,0,0,1,1,1,3.0271806039205984e-5,0,0,0
TUR.81.6_1,2046,7,aegypti,23.645023514242734,74.01206332715633,3.554975717821604e-4,0.1515298991465485,0.1508209611643511,0.15221420475106068,7.760224989633569e-5,6.860583161052702e-5,8.704015382616503e-5,0.9999223977501037,0.9999129598461738,0.9999313941683895,3.440239904151099e-5,2.7587411020602028e-8,2.4389206207398042e-8,3.094256280644636e-8
TUR.81.6_1,2046,8,aegypti,24.714813849505255,72.38769354106769,4.2213095775663176e-4,0.1851831686129803,0.18432395449689132,0.18605301230336446,0.008833679112911056,0.008043700892490721,0.009677839851292646,0.9911663208870889,0.9903221601487073,0.9919562991075093,4.085054860236692e-5,3.7289624558106695e-6,3.3954893969651013e-6,4.085307460588438e-6
TUR.81.6_1,2046,9,aegypti,19.026511416715735,86.4308254125031,3.364587579163703e-4,0.0291648731933427,0.029008567707536962,0.02932467920121795,0,0,0,1,1,1,3.36453097754541e-5,0,0,0
TUR.81.6_1,2046,10,aegypti,14.065582275390625,84.50416039808051,3.3156606403903394e-4,0,0,0,0,0,0,1,1,1,3.208652367192588e-5,0,0,0
TUR.81.6_1,2046,11,aegypti,11.021394470158745,77.30939885262998,1.923247628930032e-4,0,0,0,0,0,0,1,1,1,1.923229134637161e-5,0,0,0
TUR.81.6_1,2046,12,aegypti,6.212461790617774,84.94362980924589,1.5819013719047467e-4,0,0,0,0,0,0,1,1,1,1.5308605776032103e-5,0,0,0
TUR.81.6_1,2047,1,aegypti,3.4866519395042865,81.20889794000976,1.5888469489854797e-4,0,0,0,0,0,0,1,1,1,1.537582000687987e-5,0,0,0
TUR.81.6_1,2047,2,aegypti,5.3531535259064515,82.05147013834875,1.1885056004721335e-4,0,0,0,0,0,0,1,1,1,1.2733907499562491e-5,0,0,0
TUR.81.6_1,2047,3,aegypti,7.845471049056334,77.42257220362929,1.4589897273286162e-4,0,0,0,0,0,0,1,1,1,1.411915574955902e-5,0,0,0
TUR.81.6_1,2047,4,aegypti,11.601077121846817,79.71311151890856,1.929245568030342e-4,0,0,0,0,0,0,1,1,1,1.9292269582082966e-5,0,0,0
TUR.81.6_1,2047,5,aegypti,16.369857872233673,80.82801145597884,2.6965751793195814e-4,0.002004623627485845,0.0019840967344829964,0.002024271493858573,0,0,0,1,1,1,2.609554833743477e-5,0,0,0
TUR.81.6_1,2047,6,aegypti,21.291812924777762,68.21566680090697,3.033029130040464e-4,0.06675117364466286,0.0663901191673114,0.06713237917548993,1.0104472814020938e-14,8.659739592076221e-15,1.1879386363489175e-14,0.9999999999999899,0.9999999999999881,0.9999999999999913,3.032983134176881e-5,0,0,0
TUR.81.6_1,2047,7,aegypti,23.49782388350543,69.38148623975398,3.5617900344101785e-4,0.1343999800479347,0.13369586506868725,0.13501714494642963,3.24031547521908e-6,2.8058503128730596e-6,3.6574711186315725e-6,0.9999967596845247,0.9999963425288814,0.9999971941496871,3.446834176989988e-5,1.154132334368896e-9,9.993849192646564e-10,1.3027143974664313e-9
TUR.81.6_1,2047,8,aegypti,23.380322119768927,75.24842657329425,4.2294011489758533e-4,0.14505618540828213,0.14440433195163316,0.14570519057917908,2.4794033373558566e-5,2.1978209325818064e-5,2.7839830409009946e-5,0.9999752059666265,0.9999721601695909,0.9999780217906742,4.0928850930210814e-5,1.0486391268327288e-8,9.29546630223932e-9,1.177458102685769e-8
TUR.81.6_1,2047,9,aegypti,18.644240603727454,84.4143459203156,3.371036952316794e-4,0.021964138193036338,0.021832261618349755,0.022104563054149113,0,0,0,1,1,1,3.370980133499124e-5,0,0,0
TUR.81.6_1,2047,10,aegypti,15.635662078857422,80.18506097181098,3.3220162284723143e-4,4.5109988790733625e-4,4.4538555040623287e-4,4.570932283151864e-4,0,0,0,1,1,1,3.214802738760181e-5,0,0,0
TUR.81.6_1,2047,11,aegypti,11.642986991826225,81.03693028573545,1.9269341852561566e-4,0,0,0,0,0,0,1,1,1,1.9269156199985815e-5,0,0,0
TUR.81.6_1,2047,12,aegypti,8.140923819121191,78.8862109860037,1.584933622365986e-4,0,0,0,0,0,0,1,1,1,1.5337949685667596e-5,0,0,0
TUR.81.6_1,2048,1,aegypti,4.5863655034233535,75.57000481256836,1.6116826621853083e-4,0,0,0,0,0,0,1,1,1,1.559680735740976e-5,0,0,0
TUR.81.6_1,2048,2,aegypti,1.9695666423615292,86.3172782438175,1.2486440980497324e-4,0,0,0,0,0,0,1,1,1,1.2916924486683357e-5,0,0,0
TUR.81.6_1,2048,3,aegypti,5.224104548201842,77.77592761134413,1.4799590667580978e-4,0,0,0,0,0,0,1,1,1,1.4322081955064903e-5,0,0,0
TUR.81.6_1,2048,4,aegypti,10.861347240560196,81.578696846057,1.956973662615986e-4,0,0,0,0,0,0,1,1,1,1.95695451401523e-5,0,0,0
TUR.81.6_1,2048,5,aegypti,17.006603325114533,77.4365472225804,2.7353317237784655e-4,0.004525274680857898,0.004482725584438615,0.004564437747296162,0,0,0,1,1,1,2.6470601813044503e-5,0,0,0
TUR.81.6_1,2048,6,aegypti,22.52183344784905,60.020457297733145,3.076621361113794e-4,0.08743707287688393,0.08693027473046248,0.08793129536089572,2.1434946928522435e-11,1.813035555020548e-11,2.504636775757518e-11,0.999999999978565,0.9999999999749536,0.9999999999818697,3.076574033600288e-5,6.592726364829104e-15,5.551115123125783e-15,7.66331442747514e-15
TUR.81.6_1,2048,7,aegypti,24.570675064535703,73.1775601533282,3.612981885051132e-4,0.18279829392370425,0.1819128196281466,0.1836676568009456,0.006801071914790002,0.0061454386438067774,0.007485066050006798,0.99319892808521,0.9925149339499931,0.9938545613561932,3.496372957767502e-5,2.457211936351844e-6,2.2203333846337883e-6,2.7043371480212078e-6
TUR.81.6_1,2048,8,aegypti,25.303368231829474,60.22379125835285,4.2901882447415646e-4,0.16104057985952835,0.16011816770373397,0.16206008387689994,3.652871327488111e-4,3.1564796239443304e-4,4.2617905468551317e-4,0.9996347128672511,0.9995738209453146,0.9996843520376056,4.151708889732486e-5,1.5671504393843795e-7,1.3541890865886861e-7,1.8283882033121037e-7
TUR.81.6_1,2048,9,aegypti,17.791798816007727,74.2375881078156,3.419487203033696e-4,0.009609444961389435,0.009530231535513259,0.00968340788520493,0,0,0,1,1,1,3.419428739237507e-5,0,0,0
TUR.81.6_1,2048,10,aegypti,15.810869216918945,79.40415429456489,3.369761928514102e-4,6.825973305125091e-4,6.748858664866011e-4,6.907744168005552e-4,0,0,0,1,1,1,3.261006758836782e-5,0,0,0
TUR.81.6_1,2048,11,aegypti,12.449845054570366,83.61786290292295,1.954629059477712e-4,0,0,0,0,0,0,1,1,1,1.9546099567335773e-5,0,0,0
TUR.81.6_1,2048,12,aegypti,5.603533110197852,85.61556584440214,1.607713091253298e-4,0,0,0,0,0,0,1,1,1,1.5558392753245442e-5,0,0,0
TUR.81.6_1,2049,1,aegypti,5.449222368352553,79.1563695586621,1.7786289353722637e-4,0,0,0,0,0,0,1,1,1,1.721238994933927e-5,0,0,0
TUR.81.6_1,2049,2,aegypti,6.42575913580025,80.15168223551672,1.3304682695847517e-4,0,0,0,0,0,0,1,1,1,1.4254915571831894e-5,0,0,0
TUR.81.6_1,2049,3,aegypti,9.91571583817987,73.39177996730116,1.633260741127106e-4,0,0,0,0,0,0,1,1,1,1.580562419745135e-5,0,0,0
TUR.81.6_1,2049,4,aegypti,14.479376834981583,68.99028742222887,2.1596869307824213e-4,0,0,0,0,0,0,1,1,1,2.1596636097132027e-5,0,0,0
TUR.81.6_1,2049,5,aegypti,17.87787255118875,70.81574338957259,3.018671271897498e-4,0.009820104197356462,0.009739929611262296,0.009903418523167822,0,0,0,1,1,1,2.921252109855388e-5,0,0,0
TUR.81.6_1,2049,6,aegypti,19.46683886471917,74.28668120520385,3.395313422706667e-4,0.03148635603028065,0.03130453365669058,0.03167297756635808,0,0,0,1,1,1,3.395255782590034e-5,0,0,0
TUR.81.6_1,2049,7,aegypti,23.828766037436093,69.30681735547664,3.987232892990506e-4,0.14515830806294294,0.14442337844208572,0.14589472840454218,2.5270166119660264e-5,2.2054878776839314e-5,2.8808579428160616e-5,0.9999747298338804,0.9999711914205718,0.9999779451212232,3.8585380335964814e-5,1.0075803703268881e-8,8.793793782047032e-9,1.1486651449454932e-8
TUR.81.6_1,2049,8,aegypti,25.39358200746424,78.81751837016925,0.00047345877258149287,0.23686876443522464,0.23586590126803775,0.2378732438646105,0.15662648833198353,0.15314712143097248,0.16009695004635566,0.8433735116680164,0.8399030499536444,0.8468528785690276,4.581754123933468e-5,7.415343506456385e-5,7.250621943411251e-5,7.57964327681826e-5
TUR.81.6_1,2049,9,aegypti,23.552605853361243,65.14163702749333,3.773695049374183e-4,0.12600185462670982,0.12537353621642033,0.1266593268589499,5.628167577919063e-7,4.897380254276218e-7,6.47028876310518e-7,0.9999994371832422,0.9999993529711236,0.9999995102619745,3.773623846403673e-5,2.1238988123783997e-10,1.848121489178567e-10,2.4416891564182916e-10
TUR.81.6_1,2049,10,aegypti,17.289868354797363,67.22170876844184,3.718818978448435e-4,0.005270921934061037,0.005224097801673942,0.005314455390046834,0,0,0,1,1,1,3.5987923178382175e-5,0,0,0
TUR.81.6_1,2049,11,aegypti,9.892936447087456,74.49113103036436,2.1570994617467715e-4,0,0,0,0,0,0,1,1,1,2.1570761965183927e-5,0,0,0
TUR.81.6_1,2049,12,aegypti,6.808733305510352,86.71380192838652,1.7742481761283112e-4,0,0,0,0,0,0,1,1,1,1.7169996233912244e-5,0,0,0
TUR.81.6_1,2050,1,aegypti,3.7505610409904926,80.46993767389648,1.5873824964236243e-4,0,0,0,0,0,0,1,1,1,1.5361648103118242e-05,0,0,0
TUR.81.6_1,2050,2,aegypti,5.596307097988971,77.55399546793859,1.1874101456377313e-4,0,0,0,0,0,0,1,1,1,1.272217063286174e-5,0,0,0
TUR.81.6_1,2050,3,aegypti,7.859785700545592,79.20628649806288,1.4576449651756152e-4,0,0,0,0,0,0,1,1,1,1.4106142105951847e-5,0,0,0
TUR.81.6_1,2050,4,aegypti,14.445910495870255,72.96950495152575,1.9274673674199216e-4,0,0,0,0,0,0,1,1,1,1.927448791883002e-5,0,0,0
TUR.81.6_1,2050,5,aegypti,14.014512146220488,80.93756956144759,2.6940897250521883e-4,0,0,0,0,0,0,1,1,1,2.6071496181501175e-5,0,0,0
TUR.81.6_1,2050,6,aegypti,21.0539989751928,73.0640631021765,3.03023356355591e-4,0.0659009073656692,0.06554185119458868,0.06624446729653698,7.008504887551226e-15,5.995204332975845e-15,8.104628079763643e-15,0.999999999999993,0.9999999999999919,0.999999999999994,3.0301876524418958e-5,0,0,0
TUR.81.6_1,2050,7,aegypti,22.306097198935117,79.43546420606258,3.558507104897041e-4,0.11464262280031805,0.11410581046011514,0.11514743051229197,4.1902779793656644e-8,3.672729783354978e-8,4.7221362120541946e-8,0.9999999580972202,0.9999999527786378,0.9999999632727021,3.443657257884425e-5,1.491113366114405e-11,1.3069403892451704e-11,1.6803775038098932e-11
TUR.81.6_1,2050,8,aegypti,25.926422736224005,66.48573889018878,4.225502877117959e-4,0.20037847401958778,0.19928306763153084,0.20146844845835346,0.034269660573151735,0.03162676992847545,0.03698926313967312,0.9657303394268483,0.9630107368603269,0.9683732300715245,4.08911272620216e-5,1.4480549934386078e-5,1.3363811436103989e-5,1.562970163689059e-5
TUR.81.6_1,2050,9,aegypti,22.558587298673743,61.19909018301091,3.3679298413996086e-4,0.09025738127835635,0.0897354639057378,0.09073046225998088,5.2464615096781134e-11,4.441145506905997e-11,6.059546475700727e-11,0.9999999999475354,0.9999999999394045,0.9999999999555885,3.367873127280152e-5,1.7669532503816753e-14,1.4985235274878053e-14,2.042810365310288e-14
TUR.81.6_1,2050,10,aegypti,12.732460021972656,80.42353295667426,3.318954300336682e-4,0,0,0,0,0,0,1,1,1,3.211839677719208e-5,0,0,0
TUR.81.6_1,2050,11,aegypti,9.666805007878471,76.54023381356748,1.925158115065175e-4,0,0,0,0,0,0,1,1,1,1.9251395840136354e-5,0,0,0
TUR.81.6_1,2050,12,aegypti,8.184695562895605,73.09474522672636,1.583472776747642e-4,0,0,0,0,0,0,1,1,1,1.532381268676275e-5,0,0,0
TUR.81.6_1,2051,1,aegypti,4.700472635381361,78.36135613092773,1.6109741427080626e-4,0,0,0,0,0,0,1,1,1,1.558995082429071e-5,0,0,0
TUR.81.6_1,2051,2,aegypti,3.7056201091584042,82.75485453776281,1.2050574110029172e-4,0,0,0,0,0,0,1,1,1,1.2911246052738079e-5,0,0,0
TUR.81.6_1,2051,3,aegypti,7.634755755172057,79.3870039663246,1.4793084549168667e-4,0,0,0,0,0,0,1,1,1,1.4315785801577441e-5,0,0,0
TUR.81.6_1,2051,4,aegypti,13.666109127156876,67.66369593052966,1.9561133481204882e-4,0,0,0,0,0,0,1,1,1,1.9560942163487915e-5,0,0,0
TUR.81.6_1,2051,5,aegypti,15.544022644267363,86.28962034269759,2.734129231595298e-4,3.9002125686738614e-4,3.8513850113895806e-4,3.948267020075482e-4,0,0,0,1,1,1,2.645896509989587e-5,0,0,0
TUR.81.6_1,2051,6,aegypti,20.90343859616448,79.80445769446166,3.0752688329706274e-4,0.06909336314357438,0.06874838521359579,0.0694447433828543,2.6967428290447516e-14,2.3314683517128287e-14,3.1089020247065943e-14,0.999999999999973,0.9999999999999689,0.9999999999999767,3.075221547066409e-5,0,0,0
TUR.81.6_1,2051,7,aegypti,23.71250550887164,77.61545688184383,3.6113935649081176e-4,0.1643469977170345,0.16362511793910725,0.16511869140843344,6.027564543392721e-4,5.40262857799273e-4,6.747903304054142e-4,0.9993972435456607,0.9993252096695946,0.9994597371422007,3.4948359274866725e-5,2.1767905427161338e-7,1.951101617325701e-7,2.4369331599327635e-7
TUR.81.6_1,2051,8,aegypti,22.495220801409552,80.6132337022005,4.2883022146912516e-4,0.12407778433160024,0.12354321439116529,0.12462045558565317,3.693109907086933e-7,3.275400449143096e-7,4.153790997440954e-7,0.9999996306890093,0.9999995846209002,0.999999672459955,4.149883775128593e-5,1.5837171407628858e-10,1.4045906104875883e-10,1.7812715469300854e-10
TUR.81.6_1,2051,9,aegypti,19.392466769498938,86.45203512929997,3.4179839460077397e-4,0.03639799177000406,0.036182923610105104,0.036595286799548696,0,0,0,1,1,1,3.417925533599764e-5,0,0,0
TUR.81.6_1,2051,10,aegypti,15.598172187805176,83.73007439954536,3.368280531452477e-4,4.3393752042322173e-4,4.2884751690203343e-4,4.3938037777205855e-4,0,0,0,1,1,1,3.259573195524279e-5,0,0,0
TUR.81.6_1,2051,11,aegypti,9.815207221928764,81.37139531259092,1.9537697757043468e-4,0,0,0,0,0,0,1,1,1,1.9537506897426837e-5,0,0,0
TUR.81.6_1,2051,12,aegypti,8.828383764799902,77.6053500851248,1.6070063168580016e-4,0,0,0,0,0,0,1,1,1,1.5551553107506777e-5,0,0,0
TUR.81.6_1,2052,1,aegypti,6.0892455998589,75.6874974883496,1.5991122447288434e-4,0,0,0,0,0,0,1,1,1,1.5475160046185543e-5,0,0,0
TUR.81.6_1,2052,2,aegypti,6.627332984524616,75.22426829508703,1.2389052220691753e-4,0,0,0,0,0,0,1,1,1,1.2816178790009403e-5,0,0,0
TUR.81.6_1,2052,3,aegypti,8.410288477645201,81.44427020167616,1.4684160355372958e-4,0,0,0,0,0,0,1,1,1,1.421037679494308e-5,0,0,0
TUR.81.6_1,2052,4,aegypti,12.6412430230309,78.636069892932,1.941710126891754e-4,0,0,0,0,0,0,1,1,1,1.941691275819668e-5,0,0,0
TUR.81.6_1,2052,5,aegypti,17.014320457682892,69.64936918302962,2.713997336770054e-4,0.004026751502236248,0.003987865359626854,0.004067259560701467,0,0,0,1,1,1,2.6264145447152387e-5,0,0,0
TUR.81.6_1,2052,6,aegypti,21.58348467770745,78.39149382727416,3.0526250647137075e-4,0.08806776187315037,0.08761210193733347,0.0885038532944732,2.6231675387400343e-11,2.2603638405449545e-11,3.007896987039516e-11,0.9999999999737683,0.9999999999699211,0.9999999999773964,3.052578472584333e-5,8.006262319781854e-15,6.8833827526759706e-15,9.2148511043888e-15
TUR.81.6_1,2052,7,aegypti,23.917879272909726,75.75321322950008,3.5848022119533527e-4,0.1667656752023291,0.1660149114406682,0.1675161240742099,8.59557616013213e-4,7.696337729873132e-4,9.561941439550608e-4,0.9991404423839868,0.9990438058560449,0.9992303662270127,3.469103256148465e-5,3.081343566934125e-7,2.7589844709408064e-7,3.4277662952775235e-7
TUR.81.6_1,2052,8,aegypti,22.955460211809942,78.97682012798175,4.2567266592393057e-4,0.13817851402939577,0.13756650911365495,0.13877059569990735,6.8198116337798705e-6,6.044944538438623e-6,7.63297435589505e-6,0.9999931801883662,0.9999923670256441,0.9999939550554616,4.119328049390081e-5,2.9030073944724676e-9,2.573167601216397e-9,3.249148564088422e-9
TUR.81.6_1,2052,9,aegypti,19.798672900480383,76.77706259512028,3.3928167035379134e-4,0.03924866312018709,0.03901558749258706,0.03946705934243176,0,0,0,1,1,1,3.392759148157509e-5,0,0,0
TUR.81.6_1,2052,10,aegypti,15.683791160583496,86.01388024671333,3.3434792643369677e-4,5.641877817719634e-4,5.569962011682585e-4,5.711623241263408e-4,0,0,0,1,1,1,3.2355727487387576e-5,0,0,0
TUR.81.6_1,2052,11,aegypti,7.951218822423149,83.84708043221983,1.9393838106289982e-4,0,0,0,0,0,0,1,1,1,1.9393650046994892e-5,0,0,0
TUR.81.6_1,2052,12,aegypti,4.217415175017188,82.97836644254667,1.595173634708003e-4,0,0,0,0,0,0,1,1,1,1.543704505446719e-5,0,0,0
TUR.81.6_1,2053,1,aegypti,0.2494449738193958,84.14673363336914,1.601511749252244e-4,0,0,0,0,0,0,1,1,1,1.5498380698031333e-5,0,0,0
TUR.81.6_1,2053,2,aegypti,3.0788078895386533,86.02639231852453,1.1979792543413883e-4,0,0,0,0,0,0,1,1,1,1.2835409636258177e-5,0,0,0
TUR.81.6_1,2053,3,aegypti,7.283445025191588,75.2205992422035,1.470619427407454e-4,0,0,0,0,0,0,1,1,1,1.4231699638767026e-5,0,0,0
TUR.81.6_1,2053,4,aegypti,12.62710384761586,73.1293331375609,1.944623707378657e-4,0,0,0,0,0,0,1,1,1,1.9446047996973803e-5,0,0,0
TUR.81.6_1,2053,5,aegypti,15.42554100822,70.43920988127181,2.7180697518913466e-4,2.0440225405060918e-4,2.016139170372593e-4,2.071707829804204e-4,0,0,0,1,1,1,2.630355488020264e-5,0,0,0
TUR.81.6_1,2053,6,aegypti,21.441982297336356,64.78244307654174,3.057205598491228e-4,0.06664526692035846,0.06625556379064607,0.06700530838015695,9.658607247331474e-15,8.104628079763643e-15,1.1213252548714081e-14,0.9999999999999903,0.9999999999999888,0.9999999999999919,3.057158866437426e-5,0,0,0
TUR.81.6_1,2053,7,aegypti,23.80196969649371,70.73869067700984,3.5901812897206785e-4,0.14814665199586805,0.1474194851719804,0.14887007729033327,4.313708649050296e-5,3.784973717442242e-5,4.889360831616396e-5,0.9999568629135095,0.9999511063916838,0.9999621502628255,3.474308634554557e-5,1.5486995961877526e-8,1.3588741715198083e-8,1.755369165856724e-8
TUR.81.6_1,2053,8,aegypti,24.79795326906092,70.89037908794269,4.263113975018666e-4,0.18278435945771157,0.18182950685492572,0.18359946633782295,0.006790762943690792,0.0060871376935702935,0.007428882811123505,0.9932092370563093,0.9925711171888765,0.9939128623064297,4.1255090679093165e-5,2.8949754394732574e-6,2.5950128099139214e-6,3.167012398100355e-6
TUR.81.6_1,2053,9,aegypti,20.928029284757727,78.82449454092107,3.397907702655733e-4,0.06870786581275562,0.06834479324865243,0.06907338270032555,2.3000046311949518e-14,1.9761969838327786e-14,2.6645352591003757e-14,0.999999999999977,0.9999999999999734,0.9999999999999802,3.397849974429157e-5,0,0,0
TUR.81.6_1,2053,10,aegypti,16.026840209960938,77.72510766370551,3.34849623149804e-4,0.001043833981471656,0.0010319625073984089,0.0010554243565104517,0,0,0,1,1,1,3.240427721040717e-5,0,0,0
TUR.81.6_1,2053,11,aegypti,11.912364700261284,79.56065770272764,1.9422939004251047e-4,0,0,0,0,0,0,1,1,1,1.9422750380138076e-5,0,0,0
TUR.81.6_1,2053,12,aegypti,7.411839327391456,78.61501652799589,1.5975672292569212e-4,0,0,0,0,0,0,1,1,1,1.5460208514839202e-5,0,0,0
TUR.81.6_1,2054,1,aegypti,5.619394582860609,83.12175499567383,1.5271095744091124e-4,0,0,0,0,0,0,1,1,1,1.4778370551193909e-5,0,0,0
TUR.81.6_1,2054,2,aegypti,8.344846545773395,74.27028880289953,1.1423241759558759e-4,0,0,0,0,0,0,1,1,1,1.2239112700984656e-5,0,0,0
TUR.81.6_1,2054,3,aegypti,6.824530745253844,80.09105975245741,1.4022981779275402e-4,0,0,0,0,0,0,1,1,1,1.3570535447815502e-5,0,0,0
TUR.81.6_1,2054,4,aegypti,10.28181461726918,82.57579767613512,1.8542814210057722e-4,0,0,0,0,0,0,1,1,1,1.8542642293173373e-5,0,0,0
TUR.81.6_1,2054,5,aegypti,13.342023933635039,85.54986661955306,2.5917951235531714e-4,0,0,0,0,0,0,1,1,1,2.5081573744478725e-5,0,0,0
TUR.81.6_1,2054,6,aegypti,19.431661633884207,78.22489073889525,2.9151755786824133e-4,0.03282388751897655,0.03263143118638587,0.032996235004618645,0,0,0,1,1,1,2.9151330878551818e-5,0,0,0
TUR.81.6_1,2054,7,aegypti,21.96057145735797,77.5985806611407,3.423390570788359e-4,0.0992560179016804,0.09880608388612969,0.09971340830390532,7.571717941523559e-10,6.652447620547619e-10,8.594018552354754e-10,0.9999999992428282,0.9999999991405981,0.9999999993347553,3.312903739027817e-5,2.5920987578587075e-13,2.277067423506196e-13,2.94211877083228e-13
TUR.81.6_1,2054,8,aegypti,24.695519110735724,70.01806082012043,4.065060509913816e-4,0.17626251387063088,0.1753240425637755,0.17713808497182634,0.0031172282712065734,0.002761957159434514,0.0034737110059451987,0.9968827717287935,0.9965262889940548,0.9972380428405655,3.9338521477305655e-5,1.267171348850127e-6,1.1227516675704762e-6,1.4120835463038439e-6
TUR.81.6_1,2054,9,aegypti,18.184729800504797,82.72913473867497,3.2400495270214577e-4,0.015231115166655608,0.015120722797339153,0.015338675727159877,0,0,0,1,1,1,3.239997037984832e-5,0,0,0
TUR.81.6_1,2054,10,aegypti,13.544346809387207,84.83133935315864,3.1929335875188075e-4,0,0,0,0,0,0,1,1,1,3.089887991836182e-5,0,0,0
TUR.81.6_1,2054,11,aegypti,10.186489799443413,80.48102971200498,1.8520598509754832e-4,0,0,0,0,0,0,1,1,1,1.8520427004564688e-5,0,0,0
TUR.81.6_1,2054,12,aegypti,5.797120890196632,85.32294804655058,1.5233483068104712e-4,0,0,0,0,0,0,1,1,1,1.4741971724574476e-5,0,0,0
TUR.81.6_1,2055,1,aegypti,6.9760773602653945,78.9660848296582,1.6447369267674045e-4,0,0,0,0,0,0,1,1,1,1.5916682296945872e-5,0,0,0
TUR.81.6_1,2055,2,aegypti,5.371436893063434,82.90913615397375,1.2303129952287494e-4,0,0,0,0,0,0,1,1,1,1.3181838067644058e-5,0,0,0
TUR.81.6_1,2055,3,aegypti,4.946180487380309,81.199969359391,1.5103117904741696e-4,0,0,0,0,0,0,1,1,1,1.4615813740959105e-5,0,0,0
TUR.81.6_1,2055,4,aegypti,13.103309673421524,71.40029108433825,1.997109557070911e-4,0,0,0,0,0,0,1,1,1,1.9970896149690276e-5,0,0,0
TUR.81.6_1,2055,5,aegypti,16.64005574058084,80.219529095139,2.791431091624851e-4,0.0029616032983197714,0.002931841039673593,0.002992108325762552,0,0,0,1,1,1,2.7013484403037857e-5,0,0,0
TUR.81.6_1,2055,6,aegypti,19.216312436496512,79.36599639075072,3.1397202942197027e-4,0.02943421457475137,0.029262166534200447,0.029614395113735075,0,0,0,1,1,1,3.139671005514266e-5,0,0,0
TUR.81.6_1,2055,7,aegypti,21.763454605551328,83.77598697217586,3.687081124287763e-4,0.10262125027831465,0.1021665133963495,0.10306481886993613,1.92425244871508e-9,1.6964313481748761e-9,2.1666284821808545e-9,0.9999999980757476,0.9999999978333716,0.9999999983035687,3.568079366034205e-5,7.094885789982186e-13,6.254774476133207e-13,7.988137928904848e-13
TUR.81.6_1,2055,8,aegypti,23.209225318011114,71.93485464336261,4.3781764205009317e-4,0.13081016602062281,0.13020408437934022,0.1314458633400004,1.5583437557277203e-6,1.3710234405411859e-6,1.7733565069677491e-6,0.9999984416562443,0.999998226643493,0.9999986289765594,4.236855165817843e-5,6.822703879638681e-10,6.002582098041387e-10,7.764067971871569e-10
TUR.81.6_1,2055,9,aegypti,22.13219378976261,65.71437567495427,3.489618028037986e-4,0.08581138188300311,0.08534650242742198,0.08628521575529771,1.2612949018553366e-11,1.078630240680667e-11,1.469172838941546e-11,0.9999999999873871,0.9999999999853082,0.9999999999892137,3.489557141578281e-5,4.401812248033821e-15,3.774758283725532e-15,5.10702591327572e-15
TUR.81.6_1,2055,10,aegypti,17.449593544006348,73.94388818128364,3.4388729296914365e-4,0.006926842306815093,0.006872904870821724,0.006984252709646658,0,0,0,1,1,1,3.327886169501859e-5,0,0,0
TUR.81.6_1,2055,11,aegypti,11.332662322941948,77.08985539559873,1.994716868081563e-4,0,0,0,0,0,0,1,1,1,1.9946969737394404e-5,0,0,0
TUR.81.6_1,2055,12,aegypti,7.280689081724952,84.56261784635527,1.6406859432527916e-4,0,0,0,0,0,0,1,1,1,1.587747985387633e-5,0,0,0
TUR.81.6_1,2056,1,aegypti,7.505553049199721,80.32085167536133,1.618610419345165e-4,0,0,0,0,0,0,1,1,1,1.5663849120772788e-5,0,0,0
TUR.81.6_1,2056,2,aegypti,6.256914912777789,81.51926646403234,1.2540113476289065e-4,0,0,0,0,0,0,1,1,1,1.2972447039460988e-5,0,0,0
TUR.81.6_1,2056,3,aegypti,5.906670237288756,79.20376116847304,1.4863206150092444e-4,0,0,0,0,0,0,1,1,1,1.4383644441617882e-5,0,0,0
TUR.81.6_1,2056,4,aegypti,12.481581730001114,78.31720697789294,1.9653856401230567e-4,0,0,0,0,0,0,1,1,1,1.9653663265506438e-5,0,0,0
TUR.81.6_1,2056,5,aegypti,15.98179158042459,76.65664762541243,2.747089444065842e-4,9.375902202751755e-4,9.268126394854385e-4,9.486797490591372e-4,0,0,0,1,1,1,2.658438318448031e-5,0,0,0
TUR.81.6_1,2056,6,aegypti,21.093893079196707,75.67803862707885,3.0898461020399784e-4,0.06988432816566223,0.06951754322599286,0.07025072140543809,3.729794251228213e-14,3.197442310920451e-14,4.318767565791859e-14,0.9999999999999627,0.9999999999999568,0.999999999999968,3.0897983667843576e-5,0,0,0
TUR.81.6_1,2056,7,aegypti,22.893375565023984,80.98494082959773,3.6285121514676333e-4,0.14053314670528302,0.13995259780503957,0.14114672871629083,1.0708099388418768e-5,9.573087836370342e-6,1.2004302833426573e-5,0.9999892919006116,0.9999879956971666,0.9999904269121637,3.5114017212345416e-5,3.885446866913611e-9,3.473606538517693e-9,4.355775859443689e-9
TUR.81.6_1,2056,8,aegypti,24.95250191408045,73.04335607768878,4.308629457163209e-4,0.1960245015403899,0.19506704974540015,0.19690645588748723,0.024553626362587108,0.022673122407691853,0.02634918391530953,0.9754463736374129,0.9736508160846904,0.9773268775923082,4.1695544818143304e-5,1.0579191739619631e-5,9.768960592523856e-6,1.1352822555169007e-5
TUR.81.6_1,2056,9,aegypti,20.28156779794132,72.1677638890656,3.4341857398546686e-4,0.046396278955504335,0.04611521689060349,0.04666520213917457,0,0,0,1,1,1,3.4341267723725366e-5,0,0,0
TUR.81.6_1,2056,10,aegypti,15.433621406555176,84.71904229505317,3.384246723117291e-4,2.715939319721601e-4,2.6765525059705054e-4,2.7518326823341147e-4,0,0,0,1,1,1,3.27502384390721e-5,0,0,0
TUR.81.6_1,2056,11,aegypti,7.521810272160698,82.58574315194639,1.9630309587965892e-4,0,0,0,0,0,0,1,1,1,1.9630116914748363e-5,0,0,0
TUR.81.6_1,2056,12,aegypti,5.957072100218604,82.25899846158964,1.614623785362164e-4,0,0,0,0,0,0,1,1,1,1.5625269395469488e-5,0,0,0
TUR.81.6_1,2057,1,aegypti,3.863549751393935,85.62547814020508,1.6563229770425874e-4,0,0,0,0,0,0,1,1,1,1.6028803573209238e-5,0,0,0
TUR.81.6_1,2057,2,aegypti,5.888894855099567,80.15649638346594,1.238979711458528e-4,0,0,0,0,0,0,1,1,1,1.3274694513287777e-5,0,0,0
TUR.81.6_1,2057,3,aegypti,5.439681673751158,84.49582964991835,1.5209509073145917e-4,0,0,0,0,0,0,1,1,1,1.4718771426003308e-5,0,0,0
TUR.81.6_1,2057,4,aegypti,12.063258213155411,73.05824243931872,2.0111778322805818e-4,0,0,0,0,0,0,1,1,1,2.0111576082393334e-5,0,0,0
TUR.81.6_1,2057,5,aegypti,16.348051155314728,84.83452695890853,2.8110948204807705e-4,0.0020663866953251615,0.0020460748227985903,0.0020876662785589005,0,0,0,1,1,1,2.7203773394601782e-5,0,0,0
TUR.81.6_1,2057,6,aegypti,21.96671679440667,77.870581656864,3.161837483045965e-4,0.09991847363136501,0.09945326364989067,0.10042375641709066,9.123047215453539e-10,7.987673134035588e-10,1.0483668239080755e-9,0.9999999990876953,0.9999999989516332,0.9999999992012327,3.1617874974965154e-5,2.88455703767454e-13,2.5256741142953844e-13,3.3151814626819484e-13
TUR.81.6_1,2057,7,aegypti,24.940992523642148,71.20867282422664,3.713054096973818e-4,0.1887734827063614,0.18791134280615082,0.1897048855101526,0.012776702690940972,0.011715896811920604,0.013981837677065644,0.987223297309059,0.9860181623229344,0.9882841031880794,3.593213600894263e-5,4.744047552049269e-6,4.350166403702116e-6,5.191518490985092e-6
TUR.81.6_1,2057,8,aegypti,24.333668372210333,76.3632337022005,4.409017688363289e-4,0.18489080796710763,0.18398479350194819,0.18568934961841502,0.008560532988197504,0.007750932635489934,0.009313891742296139,0.9914394670118025,0.9906861082577039,0.99224906736451,4.2667002850715896e-5,3.774346998157596e-6,3.4173940698267733e-6,4.1065029122433474e-6
TUR.81.6_1,2057,9,aegypti,19.849747882169837,79.69221609853825,3.514200007840371e-4,0.042184042868759986,0.04195786612155026,0.04241440312109411,0,0,0,1,1,1,3.5141382605519134e-5,0,0,0
TUR.81.6_1,2057,10,aegypti,14.671698570251465,83.8577217994477,3.4630974448737387e-4,7.516651423880882e-10,7.386196096910102e-10,7.640706059163354e-10,0,0,0,1,1,1,3.3513284658059916e-5,0,0,0
TUR.81.6_1,2057,11,aegypti,7.654299476567436,86.96955510262998,2.008768288428628e-4,0,0,0,0,0,0,1,1,1,2.0087481128139295e-5,0,0,0
TUR.81.6_1,2057,12,aegypti,6.711722216185401,83.1793018063162,1.6522434571110555e-4,0,0,0,0,0,0,1,1,1,1.5989324980147934e-5,0,0,0
TUR.81.6_1,2058,1,aegypti,6.349265855901381,79.42442833551758,1.7006427828366693e-4,0,0,0,0,0,0,1,1,1,1.645769795288743e-5,0,0,0
TUR.81.6_1,2058,2,aegypti,5.243957816677936,82.18931040934484,1.2721322674248136e-4,0,0,0,0,0,0,1,1,1,1.3629895691646965e-5,0,0,0
TUR.81.6_1,2058,3,aegypti,10.664003039107603,75.53483874415663,1.5616484341670389e-4,0,0,0,0,0,0,1,1,1,1.5112612585577168e-5,0,0,0
TUR.81.6_1,2058,4,aegypti,11.229405445211075,75.79051935582262,2.0649928262035614e-4,0,0,0,0,0,0,1,1,1,2.0649715053777662e-5,0,0,0
TUR.81.6_1,2058,5,aegypti,19.35164078544168,73.797226849045245,2.8863139524008705e-4,0.029254634876988532,0.029079456754848416,0.029421136801002487,0,0,0,1,1,1,2.793168041048677e-5,0,0,0
TUR.81.6_1,2058,6,aegypti,21.235765485202567,75.60253050940307,3.246441769253029e-4,0.07380994782337838,0.07341901997775888,0.07420128942491896,1.7645462868642881e-13,1.513206226988473e-13,2.0450308113595383e-13,0.9999999999998236,0.9999999999997955,0.9999999999998487,3.2463890728973155e-5,7.382983113757291e-17,0,1.1102230246251565e-16
TUR.81.6_1,2058,7,aegypti,23.960825134726132,80.56377536328914,3.8124078092399065e-4,0.18383715498199152,0.1830894294414925,0.18456553116870736,0.007631610806209322,0.007019485767983144,0.008257641500713488,0.9923683891937907,0.9917423584992865,0.9929805142320169,3.689358853653513e-5,2.9094770235941204e-6,2.6761106551143057e-6,3.148144738870928e-6
TUR.81.6_1,2058,8,aegypti,24.1364065619076,78.23495306255207,0.00045269939589333193,0.18336224714033741,0.18249923054306685,0.18420961151412593,0.007242644389265221,0.006569056128993575,0.007944013988618326,0.9927573556107347,0.9920559860113817,0.9934309438710064,4.3808659330069055e-5,3.278735352802986e-6,2.973803319408774e-6,3.5962438671016672e-6
TUR.81.6_1,2058,9,aegypti,19.16635249642765,81.82540243887028,3.608232792525361e-4,0.029662543131481634,0.02949090663919006,0.029830762612024823,0,0,0,1,1,1,3.608167696589337e-5,0,0,0
TUR.81.6_1,2058,10,aegypti,16.283446311950684,87.24265527112739,3.555762829783653e-4,0.0019338656451768073,0.0019148863605314465,0.0019526684558137145,0,0,0,1,1,1,3.4410015992025755e-5,0,0,0
TUR.81.6_1,2058,11,aegypti,11.241555908147026,77.60945531014951,2.0625188079000358e-4,0,0,0,0,0,0,1,1,1,2.062497538124486e-5,0,0,0
TUR.81.6_1,2058,12,aegypti,5.9828766198719245,83.60793644987089,1.6964541033187498e-4,0,0,0,0,0,0,1,1,1,1.641716301092888e-5,0,0,0
TUR.81.6_1,2059,1,aegypti,4.208688062780043,87.00848137506836,1.6082271895902854e-4,0,0,0,0,0,0,1,1,1,1.5563367821047613e-5,0,0,0
TUR.81.6_1,2059,2,aegypti,3.754639922696002,84.23374400309484,1.2030026069408916e-4,0,0,0,0,0,0,1,1,1,1.2889230578960742e-5,0,0,0
TUR.81.6_1,2059,3,aegypti,6.815528536544127,79.08410937403944,1.47678601159226e-4,0,0,0,0,0,0,1,1,1,1.4291375408870266e-5,0,0,0
TUR.81.6_1,2059,4,aegypti,9.709574741475723,75.43129694371325,1.952777880766982e-4,0,0,0,0,0,0,1,1,1,1.9527588141832197e-5,0,0,0
TUR.81.6_1,2059,5,aegypti,18.085374916301056,73.30134672209212,2.7294671301884366e-4,0.012158305623185208,0.012056440708160697,0.012249682692159066,0,0,0,1,1,1,2.6413849182227445e-5,0,0,0
TUR.81.6_1,2059,6,aegypti,19.898756055270926,77.01896575110229,3.0700250372542467e-4,0.04149064211410108,0.04123986211677164,0.041720961246223716,0,0,0,1,1,1,3.0699779124732096e-5,0,0,0
TUR.81.6_1,2059,7,aegypti,25.24897782942828,69.93152362378719,3.605235595919262e-4,0.19418056904959488,0.19321704963184289,0.1950896721284056,0.021042015995933323,0.019337774196995155,0.022716150862594285,0.9789579840040666,0.9772838491374057,0.9806622258030049,3.48887681074217e-5,7.586113684033835e-6,6.971698885652189e-6,8.189674033687311e-6
TUR.81.6_1,2059,8,aegypti,26.435827872332403,68.62690939189777,4.2809900146836117e-4,0.22328228980956194,0.22212592853000712,0.22445839550747582,0.10825173919886738,0.1040796401816508,0.11249785145405257,0.8917482608011327,0.8875021485459473,0.8959203598183492,4.142807745943777e-5,4.634138724194758e-5,4.4555397413784115e-5,4.815905819001431e-5
TUR.81.6_1,2059,9,aegypti,20.376900897306555,78.07070273183903,3.4121557694975844e-4,0.053296444850525274,0.053008055467688164,0.05357660957770256,0,0,0,1,1,1,3.412097556121374e-5,0,0,0
TUR.81.6_1,2059,10,aegypti,16.94681453704834,76.91362237317817,3.3625371067368766e-4,0.004177787923631338,0.0041374441678998525,0.004218856229919508,0,0,0,1,1,1,3.2540152235860376e-5,0,0,0
TUR.81.6_1,2059,11,aegypti,10.102117278996635,82.49357243661436,1.9504383044941583e-4,0,0,0,0,0,0,1,1,1,1.9504192835695378e-5,0,0,0
TUR.81.6_1,2059,12,aegypti,7.251715025481055,81.08104283414823,1.6042661294798477e-4,0,0,0,0,0,0,1,1,1,1.5525035577113044e-5,0,0,0
TUR.81.6_1,2060,1,aegypti,4.926253599279066,87.13167320856445,1.8467980528139353e-4,0,0,0,0,0,0,1,1,1,1.787207951331471e-5,0,0,0
TUR.81.6_1,2060,2,aegypti,3.6781437984284238,79.85220561198156,1.4307987192771073e-4,0,0,0,0,0,0,1,1,1,1.4801256521757011e-5,0,0,0
TUR.81.6_1,2060,3,aegypti,9.8015877253869,75.24128253077772,1.6958583639704918e-4,0,0,0,0,0,0,1,1,1,1.6411397886106904e-5,0,0,0
TUR.81.6_1,2060,4,aegypti,15.400026363485,66.80535471348864,2.242460773653102e-4,1.753964403332662e-4,1.728635692321177e-4,1.781751527517508e-4,0,0,0,1,1,1,2.2424356306949278e-5,0,0,0
TUR.81.6_1,2060,5,aegypti,17.62174042533426,77.01422971769759,3.1343672174426055e-4,0.008587735331876602,0.00851915658698459,0.008655461487991442,0,0,0,1,1,1,3.033212594705237e-5,0,0,0
TUR.81.6_1,2060,6,aegypti,22.215230969821707,59.57319548743041,3.525444848582369e-4,0.07908542428849692,0.07864205562262686,0.07953261202920063,1.2524803416624764e-12,1.0645040404710927e-12,1.4647838497694464e-12,0.9999999999987476,0.9999999999985353,0.9999999999989355,3.5253827055048426e-5,4.426459199180499e-16,3.3306690738754696e-16,5.551115123125783e-16
TUR.81.6_1,2060,7,aegypti,23.75160234114703,80.60137301953914,4.140050685360829e-4,0.1750202986823275,0.17430660735116194,0.17572761768847897,0.0026590323901658688,0.0024215864595971332,0.0029081859986869628,0.9973409676098342,0.997091814001313,0.9975784135404029,4.006420404090161e-5,1.1008522795198372e-6,1.0025485655651423e-6,1.204003018911992e-6
TUR.81.6_1,2060,8,aegypti,26.459620139178107,73.65990270854816,4.916049221408681e-4,0.24908654795147003,0.24786649197392996,0.2502242506554595,0.1973348303842715,0.1934236617055488,0.2009591316968649,0.8026651696157285,0.7990408683031351,0.8065763382944512,4.7573538227929646e-5,9.700606809692924e-5,9.508350343003512e-5,9.878761847312845e-5
TUR.81.6_1,2060,9,aegypti,21.078135714811438,82.76934164785466,3.918328624086607e-4,0.0778395081937119,0.07747079367237994,0.07819255336846337,7.976547200527762e-13,6.955463982549759e-13,9.048317650695026e-13,0.9999999999992023,0.9999999999990952,0.9999999999993044,3.918251858592292e-5,3.276268145668837e-16,2.220446049250313e-16,3.3306690738754696e-16
TUR.81.6_1,2060,10,aegypti,17.50716495513916,74.40249871595161,3.8613493301393065e-4,0.007386113243531302,0.0073238073829003545,0.007451506026769479,0,0,0,1,1,1,3.736719857216908e-5,0,0,0
TUR.81.6_1,2060,11,aegypti,12.735818603459526,74.33241673593076,2.2397741352645536e-4,0,0,0,0,0,0,1,1,1,2.239749052512785e-5,0,0,0
TUR.81.6_1,2060,12,aegypti,5.901226362761329,80.3525424679373,1.8422493931802807e-4,0,0,0,0,0,0,1,1,1,1.782806101224832e-5,0,0,0
TUR.81.6_1,2061,1,aegypti,5.805836958043715,81.4931615508496,1.6698894038445544e-4,0,0,0,0,0,0,1,1,1,1.6160089461592086e-5,0,0,0
TUR.81.6_1,2061,2,aegypti,5.726939498501666,79.92000804118078,1.2491278092616726e-4,0,0,0,0,0,0,1,1,1,1.338342268331072e-5,0,0,0
TUR.81.6_1,2061,3,aegypti,8.596248293624205,76.00577075099257,1.5334085435603388e-4,0,0,0,0,0,0,1,1,1,1.4839327414417625e-5,0,0,0
TUR.81.6_1,2061,4,aegypti,10.272322696797989,87.42893183140856,2.0276507649305236e-4,0,0,0,0,0,0,1,1,1,2.0276302082344877e-5,0,0,0
TUR.81.6_1,2061,5,aegypti,19.074436271891877,78.31875700041243,2.834119624606555e-4,0.026558041455797765,0.026391362769473473,0.026722961836999112,0,0,0,1,1,1,2.7426587993373275e-5,0,0,0
TUR.81.6_1,2061,6,aegypti,20.5305671972387,76.96554473059447,3.1877351113274063e-4,0.056169803232247184,0.055872429280756954,0.05646980925721909,1.1102230246251565e-16,1.1102230246251565e-16,1.1102230246251565e-16,0.9999999999999999,0.9999999999999999,0.9999999999999999,3.187684303596061e-5,0,0,0
TUR.81.6_1,2061,7,aegypti,23.70803659102496,77.84031802686336,3.743466569249172e-4,0.16483409150239692,0.1640997261564564,0.16555698141952052,6.478755860612239e-4,5.800637451523982e-4,7.197450882426265e-4,0.9993521244139387,0.9992802549117574,0.9994199362548476,3.622643963807626e-5,2.425300302476563e-7,2.1714490026081278e-7,2.694341313391746e-7
TUR.81.6_1,2061,8,aegypti,25.35681786256678,70.75861562969074,4.4451305821447665e-4,0.20088231802242587,0.19988226873572904,0.2018688490873396,0.03551761218716938,0.03304951461955154,0.03802265141957535,0.9644823878128306,0.9619773485804247,0.9669504853804485,4.301646749571564e-5,1.5787917618419024e-5,1.4690832904737384e-5,1.6901422233250865e-5
TUR.81.6_1,2061,9,aegypti,21.03136943368351,76.35766714834294,3.5429837280656157e-4,0.06888762896831908,0.06852238078472955,0.06924100849765388,2.4777402352071932e-14,2.120525977034049e-14,2.8535507290428083e-14,0.9999999999999752,0.9999999999999715,0.9999999999999788,3.5429209651383076e-5,0,0,0
TUR.81.6_1,2061,10,aegypti,14.816184043884277,82.11725091321723,3.491462599885865e-4,6.110011784921629e-6,6.010603911169021e-6,6.213129091499377e-6,0,0,0,1,1,1,3.378777692109036e-5,0,0,0
TUR.81.6_1,2061,11,aegypti,9.13849041742437,79.45644017343076,2.0252214852536452e-4,0,0,0,0,0,0,1,1,1,2.0252009777843583e-5,0,0,0
TUR.81.6_1,2061,12,aegypti,8.707390150603125,76.56054265104277,1.665776469832976e-4,0,0,0,0,0,0,1,1,1,1.6120287516740994e-5,0,0,0
TUR.81.6_1,2062,1,aegypti,6.292604726903578,79.88390099176758,1.7438461466325042e-4,0,0,0,0,0,0,1,1,1,1.687578805353862e-5,0,0,0
TUR.81.6_1,2062,2,aegypti,3.3949726215180234,82.24865946940344,1.3044496909899792e-4,0,0,0,0,0,0,1,1,1,1.3976149021877049e-5,0,0,0
TUR.81.6_1,2062,3,aegypti,8.727808619246764,78.7895918569496,1.6013207663601506e-4,0,0,0,0,0,0,1,1,1,1.5496532505210325e-5,0,0,0
TUR.81.6_1,2062,4,aegypti,14.062018436544083,75.24430048375231,2.1174521887496757e-4,0,0,0,0,0,0,1,1,1,2.117429770887025e-5,0,0,0
TUR.81.6_1,2062,5,aegypti,18.020420158610627,69.46466154142806,2.959638270107715e-4,0.01085003869841119,0.010763986505256822,0.010932976661522579,0,0,0,1,1,1,2.8641250510053062e-5,0,0,0
TUR.81.6_1,2062,6,aegypti,22.747436551486746,62.64206221716674,3.328914823685473e-4,0.0977438734282293,0.0972378753107016,0.09830378088526376,4.92855947942239e-10,4.2477756589942576e-10,5.766886440605746e-10,0.999999999507144,0.9999999994233114,0.9999999995752223,3.3288594159297524e-5,1.6406642711075392e-13,1.414396377796834e-13,1.9196033651525111e-13
TUR.81.6_1,2062,7,aegypti,26.047157455893124,68.63446170362117,3.90925874300622e-4,0.21289732588091226,0.21184167716498692,0.21400392662096268,0.07156266341083542,0.06800797041184878,0.0753278680254097,0.9284373365891646,0.9246721319745903,0.9319920295881512,3.783082061914467e-5,2.7975305176863864e-5,2.6585721886129843e-5,2.9447179090311138e-5
TUR.81.6_1,2062,8,aegypti,26.34598793702967,57.021078245657534,4.641998337797123e-4,0.17210788061160354,0.1710128179836657,0.17319323352515564,0.001814042349001125,0.0015599690616569324,0.002092049746324473,0.9981859576509988,0.9979079502536755,0.998440030938343,4.4921555556021175e-5,8.420778004585294e-7,7.241371169669497e-7,9.711286729496837e-7
TUR.81.6_1,2062,9,aegypti,20.60979960946476,71.97869223379216,3.6998968360086806e-4,0.053711144052488634,0.053389177187303384,0.05401088671257916,0,0,0,1,1,1,3.699828390668625e-5,0,0,0
TUR.81.6_1,2062,10,aegypti,16.72987461090088,75.24514245374458,3.646093919097196e-4,0.003086780297138497,0.003057659477524952,0.003116004580402175,0,0,0,1,1,1,3.528415736175905e-5,0,0,0
TUR.81.6_1,2062,11,aegypti,10.759999015752006,77.78865452889951,2.1149153201439682e-4,0,0,0,0,0,0,1,1,1,2.114892955962233e-5,0,0,0
TUR.81.6_1,2062,12,aegypti,6.520012697752784,83.63360936246855,1.7395510573224384e-4,0,0,0,0,0,0,1,1,1,1.683422337372953e-5,0,0,0
TUR.81.6_1,2063,1,aegypti,2.4960306111504047,79.25879418024414,1.5961744141557136e-4,0,0,0,0,0,0,1,1,1,1.5446729867307774e-5,0,0,0
TUR.81.6_1,2063,2,aegypti,5.083765803891071,79.56007609538,1.1939867661675757e-4,0,0,0,0,0,0,1,1,1,1.2792633525382513e-5,0,0,0
TUR.81.6_1,2063,3,aegypti,6.7345644481041855,83.50339800929335,1.4657183152631283e-4,0,0,0,0,0,0,1,1,1,1.418427019517221e-5,0,0,0
TUR.81.6_1,2063,4,aegypti,10.268465084188126,83.58676874547106,1.9381428880104677e-4,0,0,0,0,0,0,1,1,1,1.9381241061378063e-5,0,0,0
TUR.81.6_1,2063,5,aegypti,16.076374138102814,80.50235075041243,2.709011280051624e-4,0.001202348610201479,0.0011904507546322942,0.0012153656592059417,0,0,0,1,1,1,2.621589455142903e-5,0,0,0
TUR.81.6_1,2063,6,aegypti,20.508733777438895,84.8836431803015,3.0470168935093543e-4,0.06300889927990302,0.06270753275620465,0.06330371129127364,1.9488854974269996e-15,1.6653345369377348e-15,2.220446049250313e-15,0.999999999999998,0.9999999999999978,0.9999999999999983,3.0469704724200852e-5,0,0,0
TUR.81.6_1,2063,7,aegypti,24.18593423506793,74.79634982617976,3.5782163443436125e-4,0.17398399224064387,0.17320856892085074,0.17481523057707032,0.0023248574241772697,0.002096303858300441,0.0025868177082652957,0.9976751425758227,0.9974131822917347,0.9979036961416996,3.4627300567691144e-5,8.318839362492225e-7,7.501025915263027e-7,9.256189119843938e-7
TUR.81.6_1,2063,8,aegypti,24.268498084124396,74.53349127055988,4.24890635659189e-4,0.17622989951219814,0.17547861479786608,0.1770355660477029,0.0031031964307777857,0.0028171840777603016,0.0034296067230808716,0.9968968035692222,0.9965703932769191,0.9971828159222398,4.111760326031e-5,1.3185182324864098e-6,1.1969944171685842e-6,1.4572067189022595e-6
TUR.81.6_1,2063,9,aegypti,22.037801013273352,69.79981726430974,3.3865835446877235e-4,0.08930215705047795,0.08884019078517241,0.08973856826753739,3.884681665233813e-11,3.347523092056548e-11,4.445482870707451e-11,0.9999999999611532,0.9999999999555452,0.9999999999665248,3.386526200599427e-5,1.315636488641303e-14,1.1324274851176597e-14,1.509903313490213e-14
TUR.81.6_1,2063,10,aegypti,15.102068901062012,79.59131860120551,3.337336746426939e-4,6.35882394366883e-5,6.260298282338215e-5,6.453144332994765e-5,0,0,0,1,1,1,3.229628568723886e-5,0,0,0
TUR.81.6_1,2063,11,aegypti,11.863267639104057,79.36713048104795,1.9358208455709297e-4,0,0,0,0,0,0,1,1,1,1.9358021086768318e-5,0,0,0
TUR.81.6_1,2063,12,aegypti,8.286598524626562,75.68313176237089,1.5922430400052592e-4,0,0,0,0,0,0,1,1,1,1.5408684897910696e-5,0,0,0
TUR.81.6_1,2064,1,aegypti,8.993509573094984,77.8788045562207,1.7957355994656615e-4,0,0,0,0,0,0,1,1,1,1.737793544842603e-5,0,0,0
TUR.81.6_1,2064,2,aegypti,5.827792941647418,79.38161692789953,1.3912383067336042e-4,0,0,0,0,0,0,1,1,1,1.4392016848385758e-5,0,0,0
TUR.81.6_1,2064,3,aegypti,9.64980664323358,73.95418841456679,1.6489692693758874e-4,0,0,0,0,0,0,1,1,1,1.5957639798558354e-5,0,0,0
TUR.81.6_1,2064,4,aegypti,13.632008594625137,77.73331415562731,2.1804585701823295e-4,0,0,0,0,0,0,1,1,1,2.1804347983600536e-5,0,0,0
TUR.81.6_1,2064,5,aegypti,18.011875236735627,71.07399076506087,3.047704531409793e-4,0.011048604806082643,0.010963896378011501,0.011138653778834435,0,0,0,1,1,1,2.9493479878905937e-5,0,0,0
TUR.81.6_1,2064,6,aegypti,21.537601498996512,73.50050261633666,3.4279691864013524e-4,0.07988554454738413,0.0794694197175231,0.08031062395160678,1.6652048628884586e-12,1.4322154573420676e-12,1.9301032994079034e-12,0.9999999999983348,0.99999999999807,0.9999999999985678,3.4279104322076925e-5,5.708766792622555e-16,4.440892098500626e-16,6.661338147750939e-16
TUR.81.6_1,2064,7,aegypti,23.556320358725156,68.37394076856258,4.025581675249724e-4,0.13385444784740547,0.13320577755844243,0.13447691708971837,2.903430691383102e-6,2.5410313927470838e-6,3.2830840295233752e-6,0.9999970965693086,0.9999967169159705,0.9999974589686073,3.895648319507394e-5,1.1687997369946856e-9,1.0229129682182148e-9,1.321632273065809e-9
TUR.81.6_1,2064,8,aegypti,24.640715262469122,65.6446286606966,4.7801244874381667e-4,0.1603192051543844,0.15943917848460987,0.1611371337842205,3.2641490562716546e-4,2.8375754123327325e-4,3.698058356305378e-4,0.9996735850943729,0.9996301941643694,0.9997162424587668,4.6258199289828106e-5,1.5603037611588987e-7,1.3563962797669136e-7,1.767717774242561e-7
TUR.81.6_1,2064,9,aegypti,20.97778247384464,72.42464560293278,3.8099900473452183e-4,0.06322548095784057,0.06288745537729366,0.06357479619931534,2.1505019986989283e-15,1.887379141862766e-15,2.55351295663786e-15,0.9999999999999979,0.9999999999999974,0.9999999999999981,3.809917468144963e-5,0,0,0
TUR.81.6_1,2064,10,aegypti,15.064271926879883,83.19521569593208,3.7545861842007433e-4,5.511411760029111e-5,5.430036209533777e-5,5.5914876393915955e-5,0,0,0,1,1,1,3.633404491099057e-5,0,0,0
TUR.81.6_1,2064,11,aegypti,9.671989181462456,80.10357304696592,2.1778462151444538e-4,0,0,0,0,0,0,1,1,1,2.1778225002488938e-5,0,0,0
TUR.81.6_1,2064,12,aegypti,8.319052061613867,75.48625523649198,1.7913127065448243e-4,0,0,0,0,0,0,1,1,1,1.7335134001705832e-5,0,0,0
TUR.81.6_1,2065,1,aegypti,6.911499303929945,81.04155480036133,1.715706432932341e-4,0,0,0,0,0,0,1,1,1,1.660347280207919e-5,0,0,0
TUR.81.6_1,2065,2,aegypti,5.767230331021198,81.69011912516515,1.2834003335615113e-4,0,0,0,0,0,0,1,1,1,1.3750623318875554e-5,0,0,0
TUR.81.6_1,2065,3,aegypti,7.613135958419127,74.79353625392226,1.5754809249300358e-4,0,0,0,0,0,0,1,1,1,1.524647336748064e-5,0,0,0
TUR.81.6_1,2065,4,aegypti,10.00232414638295,83.457847236682,2.0832837510808698e-4,0,0,0,0,0,0,1,1,1,2.0832620508781652e-5,0,0,0
TUR.81.6_1,2065,5,aegypti,14.632424438700957,78.52551359220931,2.91187982895297e-4,0,0,0,0,0,0,1,1,1,2.8179085177826302e-5,0,0,0
TUR.81.6_1,2065,6,aegypti,21.124261884128348,79.64240935461791,3.2751975217023643e-4,0.07542727642539028,0.07505531222065134,0.07579137609685109,3.2650027126379656e-13,2.8310409572185334e-13,3.734845765990258e-13,0.9999999999996735,0.9999999999996265,0.9999999999997169,3.2751438876932326e-5,1.1102230246251565e-16,1.1102230246251565e-16,1.1102230246251565e-16
TUR.81.6_1,2065,7,aegypti,21.735153366537656,84.3810513642657,3.846176674659489e-4,0.102596959893692,0.10214951598742597,0.10304461101601371,1.911678473853762e-9,1.6885587650339318e-9,2.15479190046608e-9,0.9999999980883215,0.9999999978452081,0.9999999983114413,3.72203718982389e-5,7.35264182871731e-13,6.494721427330319e-13,8.287870389978025e-13
TUR.81.6_1,2065,8,aegypti,25.160397193011114,82.34767736675128,4.5670923580038423e-4,0.24342158843027337,0.24244661472260862,0.24442649007797373,0.1788700440623734,0.1756218799463035,0.18220169508079004,0.8211299559376266,0.8177983049192099,0.8243781200536965,4.41966912781977e-5,8.168826415934716e-5,8.020491799371476e-5,8.320973479987726e-5
TUR.81.6_1,2065,9,aegypti,20.633742556852454,81.81942862295232,3.640193152924897e-4,0.06352056185733956,0.06321769146664492,0.06383876673951064,2.4532598175142086e-15,2.1094237467877974e-15,2.7755575615628914e-15,0.9999999999999976,0.9999999999999972,0.9999999999999979,3.6401268986963053e-5,0,0,0
TUR.81.6_1,2065,10,aegypti,16.328059196472168,76.49479150159614,3.58725843111253e-4,0.0017464125332619944,0.0017274059914075479,0.0017653642586998991,0,0,0,1,1,1,3.471480159933371e-5,0,0,0
TUR.81.6_1,2065,11,aegypti,11.030511596623588,76.18135472421201,2.0807878188596005e-4,0,0,0,0,0,0,1,1,1,2.0807661706201408e-5,0,0,0
TUR.81.6_1,2065,12,aegypti,8.446291288908789,77.38389927946073,1.711480651676621e-4,0,0,0,0,0,0,1,1,1,1.6562578822987284e-5,0,0,0
TUR.81.6_1,2066,1,aegypti,2.8619001332451313,84.25265251764648,1.5879940181028277e-4,0,0,0,0,0,0,1,1,1,1.536756596387523e-5,0,0,0
TUR.81.6_1,2066,2,aegypti,5.390211879330524,80.67487559489172,1.1878675823600081e-4,0,0,0,0,0,0,1,1,1,1.2727071678320101e-5,0,0,0
TUR.81.6_1,2066,3,aegypti,5.236643458113951,81.27800280665663,1.4582065068952666e-4,0,0,0,0,0,0,1,1,1,1.4111576303932338e-5,0,0,0
TUR.81.6_1,2066,4,aegypti,10.093278926961563,81.4141689529906,1.9282099030619546e-4,0,0,0,0,0,0,1,1,1,1.9281913132163098e-5,0,0,0
TUR.81.6_1,2066,5,aegypti,15.338544929728789,78.61982053801009,2.695127593540911e-4,1.7596572305405818e-4,1.7356699956156565e-4,1.7837821470774397e-4,0,0,0,1,1,1,2.6081539808209264e-5,0,0,0
TUR.81.6_1,2066,6,aegypti,20.257120160495536,82.06441405432494,3.0314009277679626e-4,0.053634949751425895,0.05335273962704298,0.05391265389038186,0,0,0,1,1,1,3.0313549812754914e-5,0,0,0
TUR.81.6_1,2066,7,aegypti,23.58218972823199,74.82484561475398,3.5598779806910895e-4,0.1514278573885215,0.1506873838372741,0.15213401533998275,7.626228990155049e-5,6.704664288892659e-5,8.586361173035794e-5,0.9999237377100985,0.9999141363882696,0.9999329533571111,3.444983866185414e-5,2.7148444286195782e-8,2.3867786472231423e-8,3.0566397621334396e-8
TUR.81.6_1,2066,8,aegypti,26.992699286516974,72.18757070781574,4.227130705710447e-4,0.25590626823772367,0.25460932097676575,0.2572545163736247,0.2185933724934178,0.21463639757022002,0.22267667531239016,0.7814066275065822,0.7773233246876098,0.78536360242978,4.090687979763086e-5,9.239800638147278e-5,9.072549486653924e-5,9.41239112325909e-5
TUR.81.6_1,2066,9,aegypti,21.555712924284094,78.22190970205388,3.369227299395203e-4,0.08695602008214927,0.08656035088233892,0.08737544259854045,1.8323745853976448e-11,1.607372290823861e-11,2.094232010030339e-11,0.9999999999816762,0.9999999999790578,0.9999999999839263,3.369170541567268e-5,6.1721738831010954e-15,5.440092820663267e-15,7.105427357601002e-15
TUR.81.6_1,2066,10,aegypti,15.504490852355957,82.48625420911567,3.3202328910427744e-4,3.253103538182997e-4,3.212456547070238e-4,3.295184416121397e-4,0,0,0,1,1,1,3.213076983810126e-5,0,0,0
TUR.81.6_1,2066,11,aegypti,10.932438590947319,79.30718632821592,1.9258997610930914e-4,0,0,0,0,0,0,1,1,1,1.9258812157585403e-5,0,0,0
TUR.81.6_1,2066,12,aegypti,5.937400183256934,77.61681706510527,1.5840827922502642e-4,0,0,0,0,0,0,1,1,1,1.532971597206778e-5,0,0,0
TUR.81.6_1,2067,1,aegypti,5.689610761754652,83.49361168512695,1.663939732101759e-4,0,0,0,0,0,0,1,1,1,1.6102512921833956e-5,0,0,0
TUR.81.6_1,2067,2,aegypti,3.2033227077301816,83.39356455973547,1.244677274745558e-4,0,0,0,0,0,0,1,1,1,1.3335739021957949e-5,0,0,0
TUR.81.6_1,2067,3,aegypti,7.677810335860533,78.54575640773085,1.5279451413369467e-4,0,0,0,0,0,0,1,1,1,1.4786456563165018e-5,0,0,0
TUR.81.6_1,2067,4,aegypti,12.050235790364884,77.79859888463122,2.0204264203526183e-4,0,0,0,0,0,0,1,1,1,2.020406009872744e-5,0,0,0
TUR.81.6_1,2067,5,aegypti,15.145268524394316,81.65393919035384,2.8240219011241475e-4,8.254473511721757e-5,8.138257788896704e-5,8.369782495952925e-5,0,0,0,1,1,1,2.7328870764065094e-5,0,0,0
TUR.81.6_1,2067,6,aegypti,20.576175717746512,76.96479704993041,3.176377486402236e-4,0.05734290659447115,0.05702889777425323,0.057672772217015,1.1124434706744069e-16,1.1102230246251565e-16,1.1102230246251565e-16,0.9999999999999999,0.9999999999999999,0.9999999999999999,3.176327040066429e-5,0,0,0
TUR.81.6_1,2067,7,aegypti,23.42724053999957,72.26118594678523,3.730128921129551e-4,0.13912645228349294,0.13843134306827246,0.13974253460353525,8.190904859752267e-6,7.149329851721676e-6,9.197083285433783e-6,0.9999918090951403,0.9999908029167146,0.9999928506701482,3.6097370291643394e-5,3.05531310673679e-9,2.6667922231604636e-9,3.430630671208412e-9
TUR.81.6_1,2067,8,aegypti,24.58019509034998,72.26112951518878,4.429292965739311e-4,0.18000990849509083,0.17915817846358167,0.18080714590250874,0.004929887544727927,0.004448312315403186,0.005408466859883956,0.9950701124552721,0.9945915331401161,0.9955516876845968,4.2863206821341926e-5,2.183589232099048e-6,1.9702859037795674e-6,2.395565552437695e-6
TUR.81.6_1,2067,9,aegypti,19.98589252023136,81.19831198476872,3.53036038299646e-4,0.04630888788921076,0.046046444498405475,0.0465511495069027,0,0,0,1,1,1,3.53029806651195e-5,0,0,0
TUR.81.6_1,2067,10,aegypti,16.767115592956543,78.35092400892036,3.4790228201473126e-4,0.003410338013494273,0.0033768221100000597,0.003441755466625507,0,0,0,1,1,1,3.3667396016068274e-5,0,0,0
TUR.81.6_1,2067,11,aegypti,9.205973365727592,85.02744694833311,2.0180057959894487e-4,0,0,0,0,0,0,1,1,1,2.0179854343882475e-5,0,0,0
TUR.81.6_1,2067,12,aegypti,7.043371042784522,83.6214633663748,1.6598414521188916e-4,0,0,0,0,0,0,1,1,1,1.6062852785658777e-5,0,0,0
TUR.81.6_1,2068,1,aegypti,7.515476507299086,80.2958959258496,1.7292054473861705e-4,0,0,0,0,0,0,1,1,1,1.673410624836169e-5,0,0,0
TUR.81.6_1,2068,2,aegypti,6.005575477200397,77.0030692594425,1.3396943622056117e-4,0,0,0,0,0,0,1,1,1,1.3858811161004958e-5,0,0,0
TUR.81.6_1,2068,3,aegypti,11.760913515792174,71.60616595362929,1.5878766584711258e-4,0,0,0,0,0,0,1,1,1,1.536643024302453e-5,0,0,0
TUR.81.6_1,2068,4,aegypti,11.317318958394669,81.2045742264281,2.099674828789429e-4,0,0,0,0,0,0,1,1,1,2.0996527857697345e-5,0,0,0
TUR.81.6_1,2068,5,aegypti,16.449880684123322,83.94491666838118,2.9347902215145165e-4,0.002386500103331441,0.002363822362725634,0.002409310569037982,0,0,0,1,1,1,2.8400792381977347e-5,0,0,0
TUR.81.6_1,2068,6,aegypti,20.48477175656487,73.22946074621947,3.300966463192572e-4,0.05183986272045913,0.05155722297321268,0.0521359534861224,0,0,0,1,1,1,3.300911981896082e-5,0,0,0
TUR.81.6_1,2068,7,aegypti,22.83029000899371,73.73006564649226,3.8764380256264337e-4,0.1217639542521823,0.12118821521116799,0.1223403849287998,2.205315382260986e-7,1.9321585252030094e-7,2.505076391184913e-7,0.9999997794684617,0.9999997494923608,0.9999998067841475,3.751321273881558e-5,8.54876842648622e-11,7.48989203991357e-11,9.710778292593146e-11
TUR.81.6_1,2068,8,aegypti,25.75569023805506,78.55761541606769,4.603025804757492e-4,0.2498392901742707,0.24871741248915177,0.25094391041826103,0.19973414090719477,0.1961579028549739,0.2032338482352518,0.8002658590928052,0.7967661517647482,0.8038420971450262,4.454441888168681e-5,9.193391397548822e-5,9.028791266594004e-5,9.354468920536873e-5
TUR.81.6_1,2068,9,aegypti,22.36163257150089,71.07695883535466,3.6688338452035173e-4,0.1011952461185161,0.10066406611564939,0.10166066703667233,1.301804276043761e-9,1.1208980105203991e-9,1.4766007472299945e-9,0.9999999986981957,0.9999999985233993,0.999999998879102,3.668766544318025e-5,4.77609951587965e-13,4.1121828164847326e-13,5.417888360170764e-13
TUR.81.6_1,2068,10,aegypti,17.038186073303223,74.15568017347114,3.615482638052436e-4,0.00445493022731157,0.004414057471157742,0.004495394868617113,0,0,0,1,1,1,3.4987929566687725e-5,0,0,0
TUR.81.6_1,2068,11,aegypti,10.580449798527885,78.69015141610654,2.0971592588116738e-4,0,0,0,0,0,0,1,1,1,2.0971372685751888e-5,0,0,0
TUR.81.6_1,2068,12,aegypti,7.397449335631202,77.52231175504667,1.7249464180868726e-4,0,0,0,0,0,0,1,1,1,1.6692890524638848e-5,0,0,0
TUR.81.6_1,2069,1,aegypti,6.861159128301283,78.7357381499707,1.6153541631845535e-4,0,0,0,0,0,0,1,1,1,1.563233745749404e-5,0,0,0
TUR.81.6_1,2069,2,aegypti,6.363024531918414,75.82183299235265,1.2083337988701162e-4,0,0,0,0,0,0,1,1,1,1.2946349754572317e-5,0,0,0
TUR.81.6_1,2069,3,aegypti,3.93439498017816,82.5745039663246,1.4833304942232767e-4,0,0,0,0,0,0,1,1,1,1.4354708204655786e-5,0,0,0
TUR.81.6_1,2069,4,aegypti,12.613606495015762,76.88132440953356,1.9614317553450153e-4,0,0,0,0,0,0,1,1,1,1.9614125194022947e-5,0,0,0
TUR.81.6_1,2069,5,aegypti,16.533068741069123,77.484360638107745,2.741562958619388e-4,0.002433981135526664,0.0024078335249922544,0.0024567783600655674,0,0,0,1,1,1,2.6530902487609254e-5,0,0,0
TUR.81.6_1,2069,6,aegypti,20.724603681003348,66.66944792883666,3.0836300723611506e-4,0.05176246330580746,0.05145153962011094,0.05208185198065991,0,0,0,1,1,1,3.083582528973228e-5,0,0,0
TUR.81.6_1,2069,7,aegypti,24.435068298788632,66.8627408173907,3.6212124548229955e-4,0.1577639483501726,0.1569672318902303,0.15860965691521822,2.1792843504094673e-4,1.912772471442031e-4,2.488698499399644e-4,0.999782071564959,0.99975113015006,0.9998087227528558,3.504337746473851e-5,7.891651319535953e-8,6.926555255470922e-8,9.012105594008446e-8
TUR.81.6_1,2069,8,aegypti,26.52838959413416,57.053583281057925,4.299961527532955e-4,0.17542108085687372,0.174267252824883,0.17649176205122177,0.0028031979643623047,0.0024091992291276924,0.0032036941562380767,0.9971968020356377,0.9967963058437619,0.9975908007708724,4.161166512228753e-5,1.2053636096890363e-6,1.035945863195331e-6,1.3775752129685515e-6
TUR.81.6_1,2069,9,aegypti,21.1983959534589,75.85185354971013,3.4272769813674907e-4,0.07304771090071756,0.07267924281570884,0.07342266336604426,1.3135492693550078e-13,1.13464793116691e-13,1.5154821841889542e-13,0.9999999999998687,0.9999999999998485,0.9999999999998865,3.427218250895425e-5,0,0,0
TUR.81.6_1,2069,10,aegypti,12.714488983154297,84.05306481702583,3.377438429960722e-4,0,0,0,0,0,0,1,1,1,3.2684353886702766e-5,0,0,0
TUR.81.6_1,2069,11,aegypti,11.511518218938042,76.5334741700128,1.9590818110729272e-4,0,0,0,0,0,0,1,1,1,1.959062621192942e-5,0,0,0
TUR.81.6_1,2069,12,aegypti,4.768287500914405,81.0900684078787,1.6113755493534754e-4,0,0,0,0,0,0,1,1,1,1.559383534410763e-5,0,0,0
TUR.81.6_1,2070,1,aegypti,6.707750124089857,79.59127556452148,1.6842034432971244e-4,0,0,0,0,0,0,1,1,1,1.6298610175824457e-5,0,0,0
TUR.81.6_1,2070,2,aegypti,8.576595126706012,79.99883494547765,1.2598351439521672e-4,0,0,0,0,0,0,1,1,1,1.3498142584444928e-5,0,0,0
TUR.81.6_1,2070,3,aegypti,7.025499487624449,80.33621508693007,1.5465526897169026e-4,0,0,0,0,0,0,1,1,1,1.49665269331134e-5,0,0,0
TUR.81.6_1,2070,4,aegypti,10.536950153463028,82.79730951695544,2.0450314806703967e-4,0,0,0,0,0,0,1,1,1,2.045010570039807e-5,0,0,0
TUR.81.6_1,2070,5,aegypti,15.92214688132791,81.04070371672103,2.858413269459036e-4,8.938151220216564e-4,8.832538137234111e-4,9.046607047503797e-4,0,0,0,1,1,1,2.7661681306634378e-5,0,0,0
TUR.81.6_1,2070,6,aegypti,23.33859255734612,61.42550948279174,3.215059894659063e-4,0.11167791794139979,0.1110187295123234,0.11228951272469355,2.0302464203592053e-8,1.717473632201205e-8,2.35498634620912e-8,0.9999999796975358,0.9999999764501365,0.9999999828252637,3.215008212165138e-5,6.527364204700347e-12,5.5217941330454325e-12,7.571393512151304e-12
TUR.81.6_1,2070,7,aegypti,24.170793701620664,74.7521680024493,3.775554998601585e-4,0.1732855120858936,0.17249519648021727,0.17403730882739138,0.0021202512732107796,0.0019063529415419556,0.0023379312239857923,0.9978797487267892,0.9976620687760143,0.998093647058458,3.6536961527722234e-5,8.005122080320115e-7,7.1975377877731e-7,8.826984023296847e-7
TUR.81.6_1,2070,8,aegypti,23.9508596869076,79.4584485459505,4.4832335693115546e-4,0.17976040577713495,0.17898935964156196,0.18053614735940737,0.004785375149071213,0.004358757940666375,0.005239618621422038,0.9952146248509288,0.9947603813785779,0.9956412420593337,4.338519015134601e-5,2.1453931443010664e-6,1.9541310826709513e-6,2.349040650387324e-6
TUR.81.6_1,2070,9,aegypti,19.56028865365421,76.25745505117497,3.5733536488199996e-4,0.03423098829479559,0.034033438928647367,0.03442872366794371,0,0,0,1,1,1,3.573289805303137e-5,0,0,0
TUR.81.6_1,2070,10,aegypti,16.39359474182129,81.59074639661567,3.5213908893204094e-4,0.002107765899888031,0.0020856698250563185,0.002129658270357632,0,0,0,1,1,1,3.407739570060464e-5,0,0,0
TUR.81.6_1,2070,11,aegypti,7.38949606699102,87.10372563485654,2.042581377575479e-4,0,0,0,0,0,0,1,1,1,2.0425605170237837e-5,0,0,0
TUR.81.6_1,2070,12,aegypti,4.198759874876807,86.14922673307402,1.6800552538371477e-4,0,0,0,0,0,0,1,1,1,1.6258467060326076e-5,0,0,0
TUR.81.6_1,2071,1,aegypti,5.306161684148451,85.40076195368164,1.7528505288700005e-4,0,0,0,0,0,0,1,1,1,1.6962925762142866e-5,0,0,0
TUR.81.6_1,2071,2,aegypti,2.7777522197541074,84.49072489909094,1.3111852413995952e-4,0,0,0,0,0,0,1,1,1,1.4048314622261415e-5,0,0,0
TUR.81.6_1,2071,3,aegypti,9.717825556502623,75.56138903712538,1.6095892161273456e-4,0,0,0,0,0,0,1,1,1,1.557654851780388e-5,0,0,0
TUR.81.6_1,2071,4,aegypti,12.661525768392227,77.9730068436156,2.1283856927826683e-4,0,0,0,0,0,0,1,1,1,2.12836304281927e-5,0,0,0
TUR.81.6_1,2071,5,aegypti,18.076583946452423,71.46274656340071,2.974920417744555e-4,0.011729621670462957,0.011628280470437844,0.011821784216297001,0,0,0,1,1,1,2.878913801462879e-5,0,0,0
TUR.81.6_1,2071,6,aegypti,20.926147488986746,80.32914641516479,3.3461037377226514e-4,0.0703347597153411,0.0699773845787176,0.07068903227904501,4.4766634843540485e-14,3.863576125695545e-14,5.1514348342607263e-14,0.9999999999999553,0.9999999999999485,0.9999999999999614,3.346047756291881e-5,0,0,0
TUR.81.6_1,2071,7,aegypti,25.15846841475543,71.81038028272273,3.929444273739695e-4,0.19844169202627718,0.1975285830768201,0.19940426969573416,0.029703240992695536,0.027673612196484978,0.03191160329728145,0.9702967590073045,0.9680883967027185,0.972326387803515,3.802615705583712e-5,1.1671654816542087e-5,1.0874132574079098e-5,1.2539408065165293e-5
TUR.81.6_1,2071,8,aegypti,27.240719458636114,64.38361181499347,4.665967383151304e-4,0.22001273600560814,0.21874865566257892,0.22126393498615765,0.09648422198896499,0.09196253972233685,0.10097511529335482,0.903515778011035,0.8990248847066452,0.9080374602776632,4.5153503612671564e-5,4.5018209321246115e-5,4.290850048555284e-5,4.711354956872804e-5
TUR.81.6_1,2071,9,aegypti,24.248833880704993,73.08419913076482,3.719001322614371e-4,0.1708429246164709,0.17003974034987215,0.1716862831160731,0.0015264040738849152,0.0013644527019222392,0.0017096549561311596,0.9984735959261151,0.9982903450438688,0.9986355472980778,3.718932168617073e-5,5.676697152973142e-7,5.074400115351319e-7,6.358207022133522e-7
TUR.81.6_1,2071,10,aegypti,17.11960506439209,83.9017891822602,3.6649205933337735e-4,0.005704111248085658,0.005655680733764632,0.005754627868951335,0,0,0,1,1,1,3.546634453821529e-5,0,0,0
TUR.81.6_1,2071,11,aegypti,10.571940162602592,83.88881322030576,2.1258357250084038e-4,0,0,0,0,0,0,1,1,1,2.1258131292833937e-5,0,0,0
TUR.81.6_1,2071,12,aegypti,7.232077440794776,81.51601750455839,1.748533261785842e-4,0,0,0,0,0,0,1,1,1,1.6921146466009063e-5,0,0,0
TUR.81.6_1,2072,1,aegypti,6.55233268176808,75.7828801787793,1.8396242390875892e-4,0,0,0,0,0,0,1,1,1,1.7802656747778478e-5,0,0,0
TUR.81.6_1,2072,2,aegypti,9.360770999508746,71.38586650065344,1.42524083844853e-4,0,0,0,0,0,0,1,1,1,1.4743762052238374e-5,0,0,0
TUR.81.6_1,2072,3,aegypti,7.647102022872252,79.08716113185194,1.689270869473812e-4,0,0,0,0,0,0,1,1,1,1.6347648983505714e-5,0,0,0
TUR.81.6_1,2072,4,aegypti,10.546490711324356,80.70675623326403,2.2337500237937368e-4,0,0,0,0,0,0,1,1,1,2.233725075784232e-5,0,0,0
TUR.81.6_1,2072,5,aegypti,17.978374565348908,79.32368558927962,3.1221918924071265e-4,0.012222613434617918,0.012135039274980422,0.012315021491722752,0,0,0,1,1,1,3.02143037878011e-5,0,0,0
TUR.81.6_1,2072,6,aegypti,20.552049664890067,70.47860625403197,3.5117503980128e-4,0.05109567202919634,0.0508000386213602,0.05137985870037629,0,0,0,1,1,1,3.511688736779206e-5,0,0,0
TUR.81.6_1,2072,7,aegypti,25.93680398604449,60.177243533455155,4.1239688228154593e-4,0.17572157163250113,0.17467931673473686,0.1767475562249713,0.0029118186483002542,0.0025417203222286547,0.003308293757513145,0.9970881813516997,0.9966917062424869,0.9974582796777713,3.990857933611203e-5,1.2008242080143728e-6,1.0481969871467543e-6,1.3643291005893675e-6
TUR.81.6_1,2072,8,aegypti,25.097248694475958,65.36100591899738,4.896953023353784e-4,0.1728544821796338,0.1718890313441669,0.17381670057754312,0.0020036494021980133,0.001757171298093907,0.002271315600295509,0.997996350597802,0.9977286843997045,0.9982428287019062,4.738874508591895e-5,9.811772164675103e-7,8.604781598892109e-7,1.1122519610051729e-6
TUR.81.6_1,2072,9,aegypti,20.807654605192297,72.8387843968781,3.90310803208686e-4,0.05931765860651054,0.0589935450188743,0.05961924961270496,3.410605131648481e-16,3.3306690738754696e-16,4.440892098500626e-16,0.9999999999999997,0.9999999999999996,0.9999999999999997,3.9030318618182847e-5,0,0,0
TUR.81.6_1,2072,10,aegypti,17.234923362731934,80.37296532972114,3.846350071945069e-4,0.0061303952011457765,0.006077346315456084,0.006182871370940802,0,0,0,1,1,1,3.722204987399724e-5,0,0,0
TUR.81.6_1,2072,11,aegypti,13.21260807794683,78.13718815927061,2.2310738215453607e-4,0,0,0,0,0,0,1,1,1,2.231048933276636e-5,0,0,0
TUR.81.6_1,2072,12,aegypti,7.0732391687000495,80.42428166471464,1.8350932485417196e-4,0,0,0,0,0,0,1,1,1,1.7758809231827044e-5,0,0,0
TUR.81.6_1,2073,1,aegypti,6.417461675756117,84.03662621149414,1.7985364660962782e-4,0,0,0,0,0,0,1,1,1,1.740504013791888e-5,0,0,0
TUR.81.6_1,2073,2,aegypti,6.011004268246539,83.23730693034094,1.3453597050198452e-4,0,0,0,0,0,0,1,1,1,1.4414464378664782e-5,0,0,0
TUR.81.6_1,2073,3,aegypti,8.765096331343932,78.05298907374647,1.6515412198361235e-4,0,0,0,0,0,0,1,1,1,1.5982529244173982e-5,0,0,0
TUR.81.6_1,2073,4,aegypti,9.48153786098256,83.47404444127184,2.1838595016170485e-4,0,0,0,0,0,0,1,1,1,2.1838356555781147e-5,0,0,0
TUR.81.6_1,2073,5,aegypti,17.37315186332254,83.80832761808821,3.0524581342923927e-4,0.007475522067615255,0.007416008695097901,0.007534133899879095,0,0,0,1,1,1,2.9539481129603473e-5,0,0,0
TUR.81.6_1,2073,6,aegypti,20.492954282199637,75.59563353674682,3.4333159003094755e-4,0.054038906303135584,0.0537607057697004,0.05432586475411487,0,0,0,1,1,1,3.433256962692699e-5,0,0,0
TUR.81.6_1,2073,7,aegypti,25.111049820395078,71.32519656690242,4.0318605045976444e-4,0.1949586239951043,0.19401324471890968,0.19595521716536224,0.02248050715785687,0.020728909040279988,0.024403280243799303,0.9775194928421431,0.9755967197562007,0.97927109095972,3.90172436907088e-5,9.063785746610486e-6,8.357572041631233e-6,9.839013776352656e-6
TUR.81.6_1,2073,8,aegypti,26.807507178362677,64.64795507671222,4.7875802015037814e-4,0.21311823021553086,0.21179170574200581,0.21431069574307524,0.07231367165462567,0.06784134131285996,0.07638221784789025,0.9276863283453743,0.9236177821521097,0.9321586586871401,4.633034802115077e-5,3.4620150438383516e-05,3.247905879522062e-5,3.6567930768452435e-5
TUR.81.6_1,2073,9,aegypti,22.613587603849524,69.4714404942902,3.815932611489833e-4,0.10617758357871934,0.10561464794355281,0.1067178763045119,4.9826605666991594e-9,4.285536980841442e-9,5.725014856627908e-9,0.9999999950173394,0.9999999942749851,0.999999995714463,3.815859805711419e-5,1.9013468577355754e-12,1.6353529641577325e-12,2.1846441322637135e-12
TUR.81.6_1,2073,10,aegypti,15.381939888000488,79.01089715345161,3.7604423331562097e-4,2.066279198582648e-4,2.038173539816253e-4,2.0934636708025423e-4,0,0,0,1,1,1,3.639071525951554e-5,0,0,0
TUR.81.6_1,2073,11,aegypti,11.71498081964605,81.89300938729795,2.181243072004912e-4,0,0,0,0,0,0,1,1,1,2.181219283070579e-5,0,0,0
TUR.81.6_1,2073,12,aegypti,8.509184202727148,80.11793858610136,1.7941066746469516e-4,0,0,0,0,0,0,1,1,1,1.7362171933599235e-5,0,0,0
TUR.81.6_1,2074,1,aegypti,6.630728048436781,83.81424461969726,1.8984357496580975e-4,0,0,0,0,0,0,1,1,1,1.8371790104221297e-5,0,0,0
TUR.81.6_1,2074,2,aegypti,9.229061900692829,77.48228678873937,1.4200873923355986e-4,0,0,0,0,0,0,1,1,1,1.521510630986267e-5,0,0,0
TUR.81.6_1,2074,3,aegypti,9.217891360030455,82.48397357081679,1.7432756871347193e-4,0,0,0,0,0,0,1,1,1,1.6870267570912034e-5,0,0,0
TUR.81.6_1,2074,4,aegypti,12.59365658199086,76.70548212437731,2.305161462252155e-4,0,0,0,0,0,0,1,1,1,2.3051348936098393e-5,0,0,0
TUR.81.6_1,2074,5,aegypti,17.161283577189728,80.131089153732745,3.222006200993606e-4,0.0056339714134226926,0.005590334191607331,0.005683478961553042,0,0,0,1,1,1,3.118021905779145e-5,0,0,0
TUR.81.6_1,2074,6,aegypti,20.632358579074637,76.95178893225463,3.6240186217431804e-4,0.05876143185768154,0.05843476720294206,0.05907946848902477,2.5301982731207317e-16,2.220446049250313e-16,3.3306690738754696e-16,0.9999999999999998,0.9999999999999997,0.9999999999999998,3.6239529549786376e-5,0,0,0
TUR.81.6_1,2074,7,aegypti,23.586195160360898,73.4551480439532,4.255809244822374e-4,0.1478687834774024,0.1471579187657148,0.1485428927025665,4.1062947543589965e-5,3.6128440197663596e-5,4.616446480622538e-5,0.9999589370524564,0.9999538355351938,0.9999638715598023,4.118440265554746e-5,1.7475607024253214e-8,1.5375574821674397e-8,1.9646715385124304e-8
TUR.81.6_1,2074,8,aegypti,25.989121100481817,77.25047888042316,5.053505213946301e-4,0.2520035636789265,0.25088835128672465,0.253140516299543,0.20655780416391425,0.20305865749912974,0.21010382099242694,0.7934421958360858,0.789896179007573,0.7969413425008702,4.89036933426501e-5,1.043786457768071e-4,1.0261053361987072e-4,1.0617043900536527e-4
TUR.81.6_1,2074,9,aegypti,22.431718097013587,78.19980734609685,4.0278876878500187e-4,0.11680613249598255,0.11622887528537393,0.11734058484709121,7.024544103995112e-8,6.11366356984e-8,7.950450094384997e-8,0.999999929754559,0.9999999204954991,0.9999999388633644,4.027806569539827e-5,2.8294075304913237e-11,2.4625121386456783e-11,3.2023567131389544e-11
TUR.81.6_1,2074,10,aegypti,15.013788223266602,82.90101861341255,3.9693152151018405e-4,4.012490689158397e-5,3.949967319216803e-5,4.074620528314442e-5,0,0,0,1,1,1,3.84119901286617e-5,0,0,0
TUR.81.6_1,2074,11,aegypti,11.462690093938042,73.39212437753233,2.3023997036746794e-4,0,0,0,0,0,0,1,1,1,2.3023731986593354e-5,0,0,0
TUR.81.6_1,2074,12,aegypti,9.14436849075205,80.79262883268339,1.8937599064881313e-4,0,0,0,0,0,0,1,1,1,1.832654083933072e-5,0,0,0
TUR.81.6_1,2075,1,aegypti,5.24559382831349,80.3691838897168,1.8328051473386796e-4,0,0,0,0,0,0,1,1,1,1.773666671001095e-5,0,0,0
TUR.81.6_1,2075,2,aegypti,7.771500407772907,79.10985026530187,1.370993715648367e-4,0,0,0,0,0,0,1,1,1,1.4689110495957891e-5,0,0,0
TUR.81.6_1,2075,3,aegypti,10.182589197860045,77.71592242335585,1.6830091053575622e-4,0,0,0,0,0,0,1,1,1,1.628705225509286e-5,0,0,0
TUR.81.6_1,2075,4,aegypti,9.522820514791153,83.5617519608031,2.225469992452155e-4,0,0,0,0,0,0,1,1,1,2.2254452290537685e-5,0,0,0
TUR.81.6_1,2075,5,aegypti,16.334162796244904,84.13591856047103,3.110618597970331e-4,0.00199791629286832,0.0019775630769323267,0.002016836621604902,0,0,0,1,1,1,3.0102307541968187e-5,0,0,0
TUR.81.6_1,2075,6,aegypti,21.753479031955496,76.0042715372351,3.498733093905524e-4,0.08998099152049169,0.08954290481396293,0.09044202555556068,4.808503017983412e-11,4.180209789428346e-11,5.53964762950443e-11,0.999999999951915,0.9999999999446035,0.9999999999581979,3.498671888957361e-5,1.682431971516962e-14,1.4654943925052066e-14,1.942890293094024e-14
TUR.81.6_1,2075,7,aegypti,24.840816666098203,63.252778354011795,4.108682156563241e-4,0.15865032381704583,0.15778090408710993,0.159541211714479,2.510786894788001e-4,2.1804271228393623e-4,2.8835018716618646e-4,0.9997489213105212,0.9997116498128338,0.999781957287716,3.9760649749198684e-5,1.031602477881144e-7,8.958681610993224e-8,1.1847391988006884e-7
TUR.81.6_1,2075,8,aegypti,25.793778082903692,75.26615728618488,4.878801070771928e-4,0.23531434110462096,0.23422656278045553,0.23638710422143314,0.1512212956769013,0.14741519193868144,0.154959129737756,0.8487787043230988,0.8450408702622441,0.8525848080613185,4.7213089337749814e-5,7.377513997218044e-5,7.191835337905795e-5,7.559861908935928e-5
TUR.81.6_1,2075,9,aegypti,21.641921267789954,75.04051321767888,3.888640049326475e-4,0.08511880914878484,0.08470501120093209,0.08550718382311812,1.0025749008768514e-11,8.715192456598687e-12,1.137503702342002e-11,0.9999999999899742,0.9999999999886249,0.9999999999912847,3.8885644427000265e-5,3.8986591732737e-15,3.4416913763379853e-15,4.440892098500626e-15
TUR.81.6_1,2075,10,aegypti,17.765889167785645,72.74453973157661,3.832092478746565e-4,0.009171901743749386,0.009099443418164804,0.00924772843599474,0,0,0,1,1,1,3.708407829194904e-5,0,0,0
TUR.81.6_1,2075,11,aegypti,12.731454589787651,74.08568211679014,2.2228037103104412e-4,0,0,0,0,0,0,1,1,1,2.2227790062112618e-5,0,0,0
TUR.81.6_1,2075,12,aegypti,8.18118890243418,77.35027653776152,1.828290952201127e-4,0,0,0,0,0,0,1,1,1,1.7692981724493073e-5,0,0,0
